#              p[0],               p[1],               p[2],             energy,               error
 1.200000000000e+01, 9.500000000000e-01, 9.500000000000e-01, 1.624249637484e-01, 1.636911999194e-03
 1.200000000000e+01, 9.500000000000e-01, 9.750000000000e-01, 1.623295018332e-01, 1.634519286888e-03
 1.200000000000e+01, 9.500000000000e-01, 1.000000000000e+00, 1.595826789193e-01, 1.437603372047e-03
 1.200000000000e+01, 9.500000000000e-01, 1.025000000000e+00, 1.641568182441e-01, 1.557677937746e-03
 1.200000000000e+01, 9.500000000000e-01, 1.050000000000e+00, 1.608050188182e-01, 1.527635216435e-03
 1.200000000000e+01, 9.500000000000e-01, 1.075000000000e+00, 1.660687952614e-01, 1.896244131456e-03
 1.200000000000e+01, 9.500000000000e-01, 1.100000000000e+00, 1.633542737762e-01, 1.697052337758e-03
 1.200000000000e+01, 9.500000000000e-01, 1.125000000000e+00, 1.637293520053e-01, 1.626677415296e-03
 1.200000000000e+01, 9.500000000000e-01, 1.150000000000e+00, 1.677890130277e-01, 2.463794509959e-03
 1.200000000000e+01, 9.500000000000e-01, 1.175000000000e+00, 1.668340630865e-01, 1.644431539190e-03
 1.200000000000e+01, 9.750000000000e-01, 9.500000000000e-01, 1.462092607935e-01, 1.018571154955e-03
 1.200000000000e+01, 9.750000000000e-01, 9.750000000000e-01, 1.464011711217e-01, 1.181047544062e-03
 1.200000000000e+01, 9.750000000000e-01, 1.000000000000e+00, 1.478693065775e-01, 1.142673041817e-03
 1.200000000000e+01, 9.750000000000e-01, 1.025000000000e+00, 1.457807002745e-01, 1.173442458149e-03
 1.200000000000e+01, 9.750000000000e-01, 1.050000000000e+00, 1.467241724477e-01, 1.043072217025e-03
 1.200000000000e+01, 9.750000000000e-01, 1.075000000000e+00, 1.475883178327e-01, 1.080587089080e-03
 1.200000000000e+01, 9.750000000000e-01, 1.100000000000e+00, 1.499138933553e-01, 1.262791038163e-03
 1.200000000000e+01, 9.750000000000e-01, 1.125000000000e+00, 1.503530221485e-01, 1.250222002824e-03
 1.200000000000e+01, 9.750000000000e-01, 1.150000000000e+00, 1.508057848243e-01, 1.148665926776e-03
 1.200000000000e+01, 9.750000000000e-01, 1.175000000000e+00, 1.542336932446e-01, 1.229471684462e-03
 1.200000000000e+01, 1.000000000000e+00, 9.500000000000e-01, 1.363143308730e-01, 7.492994567957e-04
 1.200000000000e+01, 1.000000000000e+00, 9.750000000000e-01, 1.375405514914e-01, 7.861737072129e-04
 1.200000000000e+01, 1.000000000000e+00, 1.000000000000e+00, 1.369894065701e-01, 8.073861111409e-04
 1.200000000000e+01, 1.000000000000e+00, 1.025000000000e+00, 1.362100622456e-01, 7.313632397518e-04
 1.200000000000e+01, 1.000000000000e+00, 1.050000000000e+00, 1.376733851776e-01, 7.380652619111e-04
 1.200000000000e+01, 1.000000000000e+00, 1.075000000000e+00, 1.382495297115e-01, 7.753699489070e-04
 1.200000000000e+01, 1.000000000000e+00, 1.100000000000e+00, 1.386710524231e-01, 8.678054343116e-04
 1.200000000000e+01, 1.000000000000e+00, 1.125000000000e+00, 1.390488874690e-01, 7.760503252641e-04
 1.200000000000e+01, 1.000000000000e+00, 1.150000000000e+00, 1.410287936282e-01, 9.049034360664e-04
 1.200000000000e+01, 1.000000000000e+00, 1.175000000000e+00, 1.405347115326e-01, 7.998212314187e-04
 1.200000000000e+01, 1.025000000000e+00, 9.500000000000e-01, 1.306725039774e-01, 5.503621302079e-04
 1.200000000000e+01, 1.025000000000e+00, 9.750000000000e-01, 1.292209847521e-01, 5.125751129402e-04
 1.200000000000e+01, 1.025000000000e+00, 1.000000000000e+00, 1.300042979782e-01, 4.785371358786e-04
 1.200000000000e+01, 1.025000000000e+00, 1.025000000000e+00, 1.307849335707e-01, 4.997024840258e-04
 1.200000000000e+01, 1.025000000000e+00, 1.050000000000e+00, 1.326849829988e-01, 7.335852510582e-04
 1.200000000000e+01, 1.025000000000e+00, 1.075000000000e+00, 1.306657507014e-01, 5.202814244325e-04
 1.200000000000e+01, 1.025000000000e+00, 1.100000000000e+00, 1.325428397686e-01, 5.768212800523e-04
 1.200000000000e+01, 1.025000000000e+00, 1.125000000000e+00, 1.331995169848e-01, 5.825048798365e-04
 1.200000000000e+01, 1.025000000000e+00, 1.150000000000e+00, 1.336300760763e-01, 6.353522020374e-04
 1.200000000000e+01, 1.025000000000e+00, 1.175000000000e+00, 1.338251634681e-01, 5.163758619814e-04
 1.200000000000e+01, 1.050000000000e+00, 9.500000000000e-01, 1.261105797591e-01, 3.439249023761e-04
 1.200000000000e+01, 1.050000000000e+00, 9.750000000000e-01, 1.263401905455e-01, 3.758350826005e-04
 1.200000000000e+01, 1.050000000000e+00, 1.000000000000e+00, 1.262851280144e-01, 3.591263678566e-04
 1.200000000000e+01, 1.050000000000e+00, 1.025000000000e+00, 1.267069121593e-01, 3.474492433104e-04
 1.200000000000e+01, 1.050000000000e+00, 1.050000000000e+00, 1.271642295751e-01, 3.404228291052e-04
 1.200000000000e+01, 1.050000000000e+00, 1.075000000000e+00, 1.276236109006e-01, 3.818950657895e-04
 1.200000000000e+01, 1.050000000000e+00, 1.100000000000e+00, 1.285035253032e-01, 4.033227747368e-04
 1.200000000000e+01, 1.050000000000e+00, 1.125000000000e+00, 1.284797958152e-01, 3.809973485771e-04
 1.200000000000e+01, 1.050000000000e+00, 1.150000000000e+00, 1.301217261251e-01, 3.768575699767e-04
 1.200000000000e+01, 1.050000000000e+00, 1.175000000000e+00, 1.310180249858e-01, 4.457518289940e-04
 1.200000000000e+01, 1.075000000000e+00, 9.500000000000e-01, 1.239428115821e-01, 2.645234286113e-04
 1.200000000000e+01, 1.075000000000e+00, 9.750000000000e-01, 1.239003166662e-01, 3.025964408514e-04
 1.200000000000e+01, 1.075000000000e+00, 1.000000000000e+00, 1.229366099984e-01, 4.358360943021e-04
 1.200000000000e+01, 1.075000000000e+00, 1.025000000000e+00, 1.238828220263e-01, 3.572137986507e-04
 1.200000000000e+01, 1.075000000000e+00, 1.050000000000e+00, 1.248350513428e-01, 2.874991529365e-04
 1.200000000000e+01, 1.075000000000e+00, 1.075000000000e+00, 1.254970002946e-01, 2.799136782499e-04
 1.200000000000e+01, 1.075000000000e+00, 1.100000000000e+00, 1.260956972461e-01, 3.098435030878e-04
 1.200000000000e+01, 1.075000000000e+00, 1.125000000000e+00, 1.278693730225e-01, 3.078264747161e-04
 1.200000000000e+01, 1.075000000000e+00, 1.150000000000e+00, 1.283123735155e-01, 3.329516549356e-04
 1.200000000000e+01, 1.075000000000e+00, 1.175000000000e+00, 1.285489067194e-01, 3.304244955942e-04
 1.200000000000e+01, 1.100000000000e+00, 9.500000000000e-01, 1.236566094648e-01, 2.097681399365e-04
 1.200000000000e+01, 1.100000000000e+00, 9.750000000000e-01, 1.233716484289e-01, 2.783989999372e-04
 1.200000000000e+01, 1.100000000000e+00, 1.000000000000e+00, 1.236526277449e-01, 2.839086995679e-04
 1.200000000000e+01, 1.100000000000e+00, 1.025000000000e+00, 1.234689954032e-01, 2.517948257919e-04
 1.200000000000e+01, 1.100000000000e+00, 1.050000000000e+00, 1.243175185359e-01, 3.137616453965e-04
 1.200000000000e+01, 1.100000000000e+00, 1.075000000000e+00, 1.249631413390e-01, 2.402175755099e-04
 1.200000000000e+01, 1.100000000000e+00, 1.100000000000e+00, 1.257285519806e-01, 2.738548989728e-04
 1.200000000000e+01, 1.100000000000e+00, 1.125000000000e+00, 1.262715723588e-01, 2.726233353776e-04
 1.200000000000e+01, 1.100000000000e+00, 1.150000000000e+00, 1.270669825950e-01, 2.539858695298e-04
 1.200000000000e+01, 1.100000000000e+00, 1.175000000000e+00, 1.288501664985e-01, 2.394041778603e-04
 1.200000000000e+01, 1.125000000000e+00, 9.500000000000e-01, 1.242120481779e-01, 2.207521257791e-04
 1.200000000000e+01, 1.125000000000e+00, 9.750000000000e-01, 1.238132294562e-01, 2.543911765292e-04
 1.200000000000e+01, 1.125000000000e+00, 1.000000000000e+00, 1.242093433311e-01, 2.214341017701e-04
 1.200000000000e+01, 1.125000000000e+00, 1.025000000000e+00, 1.241366512722e-01, 2.643697908187e-04
 1.200000000000e+01, 1.125000000000e+00, 1.050000000000e+00, 1.248814926028e-01, 2.531632886629e-04
 1.200000000000e+01, 1.125000000000e+00, 1.075000000000e+00, 1.254138553306e-01, 2.949116690750e-04
 1.200000000000e+01, 1.125000000000e+00, 1.100000000000e+00, 1.254352495537e-01, 3.668775136376e-04
 1.200000000000e+01, 1.125000000000e+00, 1.125000000000e+00, 1.264072167813e-01, 3.222381995286e-04
 1.200000000000e+01, 1.125000000000e+00, 1.150000000000e+00, 1.278766306515e-01, 2.547378322666e-04
 1.200000000000e+01, 1.125000000000e+00, 1.175000000000e+00, 1.288505038998e-01, 2.534680825762e-04
 1.200000000000e+01, 1.150000000000e+00, 9.500000000000e-01, 1.251505204846e-01, 2.500663838956e-04
 1.200000000000e+01, 1.150000000000e+00, 9.750000000000e-01, 1.249741335609e-01, 2.290350028810e-04
 1.200000000000e+01, 1.150000000000e+00, 1.000000000000e+00, 1.250531282269e-01, 2.649627657783e-04
 1.200000000000e+01, 1.150000000000e+00, 1.025000000000e+00, 1.254609106254e-01, 2.463890357749e-04
 1.200000000000e+01, 1.150000000000e+00, 1.050000000000e+00, 1.258200189876e-01, 2.859398885717e-04
 1.200000000000e+01, 1.150000000000e+00, 1.075000000000e+00, 1.265291251760e-01, 2.471471393140e-04
 1.200000000000e+01, 1.150000000000e+00, 1.100000000000e+00, 1.272961192221e-01, 2.634405276157e-04
 1.200000000000e+01, 1.150000000000e+00, 1.125000000000e+00, 1.276035168298e-01, 3.334657124753e-04
 1.200000000000e+01, 1.150000000000e+00, 1.150000000000e+00, 1.288462773144e-01, 2.740087256008e-04
 1.200000000000e+01, 1.150000000000e+00, 1.175000000000e+00, 1.296608803353e-01, 2.996684776114e-04
 1.200000000000e+01, 1.175000000000e+00, 9.500000000000e-01, 1.268690315236e-01, 2.178698489369e-04
 1.200000000000e+01, 1.175000000000e+00, 9.750000000000e-01, 1.262313228022e-01, 3.044086483842e-04
 1.200000000000e+01, 1.175000000000e+00, 1.000000000000e+00, 1.265789158669e-01, 2.589386544684e-04
 1.200000000000e+01, 1.175000000000e+00, 1.025000000000e+00, 1.269687505357e-01, 2.698969358005e-04
 1.200000000000e+01, 1.175000000000e+00, 1.050000000000e+00, 1.267241311776e-01, 3.102306867987e-04
 1.200000000000e+01, 1.175000000000e+00, 1.075000000000e+00, 1.282448460954e-01, 2.898892714343e-04
 1.200000000000e+01, 1.175000000000e+00, 1.100000000000e+00, 1.291698691140e-01, 2.760174366953e-04
 1.200000000000e+01, 1.175000000000e+00, 1.125000000000e+00, 1.296910789086e-01, 3.048986193918e-04
 1.200000000000e+01, 1.175000000000e+00, 1.150000000000e+00, 1.303100561537e-01, 3.044319415000e-04
 1.200000000000e+01, 1.175000000000e+00, 1.175000000000e+00, 1.313925183916e-01, 2.814950616085e-04
 1.270000000000e+01, 9.500000000000e-01, 9.500000000000e-01, 1.571002944297e-01, 1.381181283735e-03
 1.270000000000e+01, 9.500000000000e-01, 9.750000000000e-01, 1.559709326725e-01, 1.471862539825e-03
 1.270000000000e+01, 9.500000000000e-01, 1.000000000000e+00, 1.588525887354e-01, 2.151739412118e-03
 1.270000000000e+01, 9.500000000000e-01, 1.025000000000e+00, 1.592661349685e-01, 1.790771234062e-03
 1.270000000000e+01, 9.500000000000e-01, 1.050000000000e+00, 1.547439135025e-01, 1.423608762178e-03
 1.270000000000e+01, 9.500000000000e-01, 1.075000000000e+00, 1.573293131708e-01, 1.446895357809e-03
 1.270000000000e+01, 9.500000000000e-01, 1.100000000000e+00, 1.624626589082e-01, 2.157511297507e-03
 1.270000000000e+01, 9.500000000000e-01, 1.125000000000e+00, 1.603028926475e-01, 1.753657491860e-03
 1.270000000000e+01, 9.500000000000e-01, 1.150000000000e+00, 1.627170210355e-01, 1.636764264007e-03
 1.270000000000e+01, 9.500000000000e-01, 1.175000000000e+00, 1.620825253199e-01, 1.699941108787e-03
 1.270000000000e+01, 9.750000000000e-01, 9.500000000000e-01, 1.424991725591e-01, 9.620271708578e-04
 1.270000000000e+01, 9.750000000000e-01, 9.750000000000e-01, 1.421005763545e-01, 9.286523550441e-04
 1.270000000000e+01, 9.750000000000e-01, 1.000000000000e+00, 1.426300757427e-01, 1.000374066900e-03
 1.270000000000e+01, 9.750000000000e-01, 1.025000000000e+00, 1.452100608829e-01, 1.577444414235e-03
 1.270000000000e+01, 9.750000000000e-01, 1.050000000000e+00, 1.422148685453e-01, 1.054527523200e-03
 1.270000000000e+01, 9.750000000000e-01, 1.075000000000e+00, 1.452040837189e-01, 1.164051221706e-03
 1.270000000000e+01, 9.750000000000e-01, 1.100000000000e+00, 1.444905439371e-01, 1.323952205991e-03
 1.270000000000e+01, 9.750000000000e-01, 1.125000000000e+00, 1.459106524922e-01, 1.197248511344e-03
 1.270000000000e+01, 9.750000000000e-01, 1.150000000000e+00, 1.467663965293e-01, 1.108612608072e-03
 1.270000000000e+01, 9.750000000000e-01, 1.175000000000e+00, 1.463393626722e-01, 1.064235142289e-03
 1.270000000000e+01, 1.000000000000e+00, 9.500000000000e-01, 1.323884145090e-01, 7.529794472325e-04
 1.270000000000e+01, 1.000000000000e+00, 9.750000000000e-01, 1.326707075064e-01, 6.528724916333e-04
 1.270000000000e+01, 1.000000000000e+00, 1.000000000000e+00, 1.332945857931e-01, 6.654146395476e-04
 1.270000000000e+01, 1.000000000000e+00, 1.025000000000e+00, 1.338553263541e-01, 9.062014190677e-04
 1.270000000000e+01, 1.000000000000e+00, 1.050000000000e+00, 1.341491358504e-01, 6.764759803397e-04
 1.270000000000e+01, 1.000000000000e+00, 1.075000000000e+00, 1.341938424383e-01, 8.215091665520e-04
 1.270000000000e+01, 1.000000000000e+00, 1.100000000000e+00, 1.352361157619e-01, 8.134599384067e-04
 1.270000000000e+01, 1.000000000000e+00, 1.125000000000e+00, 1.349051481312e-01, 7.440580808895e-04
 1.270000000000e+01, 1.000000000000e+00, 1.150000000000e+00, 1.363798624390e-01, 7.329995890834e-04
 1.270000000000e+01, 1.000000000000e+00, 1.175000000000e+00, 1.362029365947e-01, 8.028250989498e-04
 1.270000000000e+01, 1.025000000000e+00, 9.500000000000e-01, 1.275627220335e-01, 5.646842501524e-04
 1.270000000000e+01, 1.025000000000e+00, 9.750000000000e-01, 1.279339470861e-01, 5.307818360522e-04
 1.270000000000e+01, 1.025000000000e+00, 1.000000000000e+00, 1.262884880374e-01, 4.429997032289e-04
 1.270000000000e+01, 1.025000000000e+00, 1.025000000000e+00, 1.286239713867e-01, 6.023089415262e-04
 1.270000000000e+01, 1.025000000000e+00, 1.050000000000e+00, 1.283115822202e-01, 5.305051368459e-04
 1.270000000000e+01, 1.025000000000e+00, 1.075000000000e+00, 1.285811926449e-01, 5.341971445478e-04
 1.270000000000e+01, 1.025000000000e+00, 1.100000000000e+00, 1.289261974948e-01, 5.934217617554e-04
 1.270000000000e+01, 1.025000000000e+00, 1.125000000000e+00, 1.296945892945e-01, 7.424072958561e-04
 1.270000000000e+01, 1.025000000000e+00, 1.150000000000e+00, 1.297655422758e-01, 5.003125162305e-04
 1.270000000000e+01, 1.025000000000e+00, 1.175000000000e+00, 1.320490455994e-01, 5.952967123177e-04
 1.270000000000e+01, 1.050000000000e+00, 9.500000000000e-01, 1.232331732658e-01, 3.728057051639e-04
 1.270000000000e+01, 1.050000000000e+00, 9.750000000000e-01, 1.232161814491e-01, 3.287650156300e-04
 1.270000000000e+01, 1.050000000000e+00, 1.000000000000e+00, 1.247757732993e-01, 3.543399291162e-04
 1.270000000000e+01, 1.050000000000e+00, 1.025000000000e+00, 1.237145436070e-01, 3.322389871796e-04
 1.270000000000e+01, 1.050000000000e+00, 1.050000000000e+00, 1.247317881392e-01, 4.268487786002e-04
 1.270000000000e+01, 1.050000000000e+00, 1.075000000000e+00, 1.249065221352e-01, 3.992650302212e-04
 1.270000000000e+01, 1.050000000000e+00, 1.100000000000e+00, 1.250188803883e-01, 3.739437764912e-04
 1.270000000000e+01, 1.050000000000e+00, 1.125000000000e+00, 1.255578401830e-01, 3.715725465518e-04
 1.270000000000e+01, 1.050000000000e+00, 1.150000000000e+00, 1.269698608347e-01, 3.965166776794e-04
 1.270000000000e+01, 1.050000000000e+00, 1.175000000000e+00, 1.283534963088e-01, 3.871461964156e-04
 1.270000000000e+01, 1.075000000000e+00, 9.500000000000e-01, 1.220518199490e-01, 2.642505086208e-04
 1.270000000000e+01, 1.075000000000e+00, 9.750000000000e-01, 1.218727865903e-01, 2.768106706709e-04
 1.270000000000e+01, 1.075000000000e+00, 1.000000000000e+00, 1.217382558362e-01, 2.621854835078e-04
 1.270000000000e+01, 1.075000000000e+00, 1.025000000000e+00, 1.221525222588e-01, 2.901001136463e-04
 1.270000000000e+01, 1.075000000000e+00, 1.050000000000e+00, 1.219147586713e-01, 3.813995649562e-04
 1.270000000000e+01, 1.075000000000e+00, 1.075000000000e+00, 1.231165514146e-01, 2.385067797467e-04
 1.270000000000e+01, 1.075000000000e+00, 1.100000000000e+00, 1.242005072475e-01, 2.985121497870e-04
 1.270000000000e+01, 1.075000000000e+00, 1.125000000000e+00, 1.249916400262e-01, 3.054860387865e-04
 1.270000000000e+01, 1.075000000000e+00, 1.150000000000e+00, 1.251787715140e-01, 3.158830942784e-04
 1.270000000000e+01, 1.075000000000e+00, 1.175000000000e+00, 1.261961679257e-01, 2.858204257579e-04
 1.270000000000e+01, 1.100000000000e+00, 9.500000000000e-01, 1.214806179195e-01, 2.344691039523e-04
 1.270000000000e+01, 1.100000000000e+00, 9.750000000000e-01, 1.210705557915e-01, 2.203713650244e-04
 1.270000000000e+01, 1.100000000000e+00, 1.000000000000e+00, 1.213940305327e-01, 2.242586608069e-04
 1.270000000000e+01, 1.100000000000e+00, 1.025000000000e+00, 1.214455742660e-01, 2.470464407646e-04
 1.270000000000e+01, 1.100000000000e+00, 1.050000000000e+00, 1.218579569770e-01, 2.481644079761e-04
 1.270000000000e+01, 1.100000000000e+00, 1.075000000000e+00, 1.223041147779e-01, 2.465208485800e-04
 1.270000000000e+01, 1.100000000000e+00, 1.100000000000e+00, 1.231601198919e-01, 2.584491143201e-04
 1.270000000000e+01, 1.100000000000e+00, 1.125000000000e+00, 1.238024543591e-01, 2.773534379797e-04
 1.270000000000e+01, 1.100000000000e+00, 1.150000000000e+00, 1.252542982835e-01, 2.270617849802e-04
 1.270000000000e+01, 1.100000000000e+00, 1.175000000000e+00, 1.255129202987e-01, 2.930869653359e-04
 1.270000000000e+01, 1.125000000000e+00, 9.500000000000e-01, 1.212016866404e-01, 3.047180885835e-04
 1.270000000000e+01, 1.125000000000e+00, 9.750000000000e-01, 1.215130632849e-01, 2.313181194654e-04
 1.270000000000e+01, 1.125000000000e+00, 1.000000000000e+00, 1.212626052574e-01, 2.487948955560e-04
 1.270000000000e+01, 1.125000000000e+00, 1.025000000000e+00, 1.217059296924e-01, 2.424813170687e-04
 1.270000000000e+01, 1.125000000000e+00, 1.050000000000e+00, 1.224378268127e-01, 2.675904606563e-04
 1.270000000000e+01, 1.125000000000e+00, 1.075000000000e+00, 1.229870018419e-01, 2.685562627435e-04
 1.270000000000e+01, 1.125000000000e+00, 1.100000000000e+00, 1.234572522473e-01, 2.801314343959e-04
 1.270000000000e+01, 1.125000000000e+00, 1.125000000000e+00, 1.250639433693e-01, 2.139973265243e-04
 1.270000000000e+01, 1.125000000000e+00, 1.150000000000e+00, 1.251870747835e-01, 2.680548161628e-04
 1.270000000000e+01, 1.125000000000e+00, 1.175000000000e+00, 1.261988469201e-01, 2.372968338117e-04
 1.270000000000e+01, 1.150000000000e+00, 9.500000000000e-01, 1.227336811960e-01, 1.838665228331e-04
 1.270000000000e+01, 1.150000000000e+00, 9.750000000000e-01, 1.220503730999e-01, 2.624446590438e-04
 1.270000000000e+01, 1.150000000000e+00, 1.000000000000e+00, 1.228284542264e-01, 2.371478707242e-04
 1.270000000000e+01, 1.150000000000e+00, 1.025000000000e+00, 1.229607340173e-01, 2.306138450650e-04
 1.270000000000e+01, 1.150000000000e+00, 1.050000000000e+00, 1.238154723590e-01, 2.537309653911e-04
 1.270000000000e+01, 1.150000000000e+00, 1.075000000000e+00, 1.232289375493e-01, 3.184245330032e-04
 1.270000000000e+01, 1.150000000000e+00, 1.100000000000e+00, 1.245625624300e-01, 2.781577655953e-04
 1.270000000000e+01, 1.150000000000e+00, 1.125000000000e+00, 1.256346680478e-01, 3.027253905366e-04
 1.270000000000e+01, 1.150000000000e+00, 1.150000000000e+00, 1.263305402331e-01, 2.778924597788e-04
 1.270000000000e+01, 1.150000000000e+00, 1.175000000000e+00, 1.266637904856e-01, 3.293758758223e-04
 1.270000000000e+01, 1.175000000000e+00, 9.500000000000e-01, 1.242066471045e-01, 2.230451386662e-04
 1.270000000000e+01, 1.175000000000e+00, 9.750000000000e-01, 1.240979198627e-01, 2.767999268616e-04
 1.270000000000e+01, 1.175000000000e+00, 1.000000000000e+00, 1.237436658154e-01, 2.699927654669e-04
 1.270000000000e+01, 1.175000000000e+00, 1.025000000000e+00, 1.246115693838e-01, 2.494138875028e-04
 1.270000000000e+01, 1.175000000000e+00, 1.050000000000e+00, 1.251375850061e-01, 2.741729712670e-04
 1.270000000000e+01, 1.175000000000e+00, 1.075000000000e+00, 1.253609827285e-01, 2.649386628407e-04
 1.270000000000e+01, 1.175000000000e+00, 1.100000000000e+00, 1.263041105994e-01, 2.954120940181e-04
 1.270000000000e+01, 1.175000000000e+00, 1.125000000000e+00, 1.265175241260e-01, 3.233872931730e-04
 1.270000000000e+01, 1.175000000000e+00, 1.150000000000e+00, 1.277866075487e-01, 2.873157616577e-04
 1.270000000000e+01, 1.175000000000e+00, 1.175000000000e+00, 1.284240496287e-01, 2.827179636614e-04
 1.340000000000e+01, 9.500000000000e-01, 9.500000000000e-01, 1.538370482974e-01, 1.402142488447e-03
 1.340000000000e+01, 9.500000000000e-01, 9.750000000000e-01, 1.522648007609e-01, 1.473275170256e-03
 1.340000000000e+01, 9.500000000000e-01, 1.000000000000e+00, 1.506041309207e-01, 1.354572913689e-03
 1.340000000000e+01, 9.500000000000e-01, 1.025000000000e+00, 1.529554578542e-01, 1.368953694008e-03
 1.340000000000e+01, 9.500000000000e-01, 1.050000000000e+00, 1.517615283365e-01, 1.438209180370e-03
 1.340000000000e+01, 9.500000000000e-01, 1.075000000000e+00, 1.522376749259e-01, 1.525742690782e-03
 1.340000000000e+01, 9.500000000000e-01, 1.100000000000e+00, 1.518426272156e-01, 1.339348761154e-03
 1.340000000000e+01, 9.500000000000e-01, 1.125000000000e+00, 1.552496673427e-01, 1.490661102003e-03
 1.340000000000e+01, 9.500000000000e-01, 1.150000000000e+00, 1.554165834363e-01, 1.444192360297e-03
 1.340000000000e+01, 9.500000000000e-01, 1.175000000000e+00, 1.557359237886e-01, 1.510047408420e-03
 1.340000000000e+01, 9.750000000000e-01, 9.500000000000e-01, 1.413106810521e-01, 1.020341465217e-03
 1.340000000000e+01, 9.750000000000e-01, 9.750000000000e-01, 1.377711113231e-01, 9.424315266657e-04
 1.340000000000e+01, 9.750000000000e-01, 1.000000000000e+00, 1.387890698006e-01, 9.610392550683e-04
 1.340000000000e+01, 9.750000000000e-01, 1.025000000000e+00, 1.388271003900e-01, 1.019327821417e-03
 1.340000000000e+01, 9.750000000000e-01, 1.050000000000e+00, 1.421039466623e-01, 1.221416312293e-03
 1.340000000000e+01, 9.750000000000e-01, 1.075000000000e+00, 1.432089381740e-01, 1.149439239890e-03
 1.340000000000e+01, 9.750000000000e-01, 1.100000000000e+00, 1.406836074346e-01, 9.813743830037e-04
 1.340000000000e+01, 9.750000000000e-01, 1.125000000000e+00, 1.409906428233e-01, 9.853419710078e-04
 1.340000000000e+01, 9.750000000000e-01, 1.150000000000e+00, 1.417339591984e-01, 9.958964603311e-04
 1.340000000000e+01, 9.750000000000e-01, 1.175000000000e+00, 1.432788742948e-01, 1.510186341584e-03
 1.340000000000e+01, 1.000000000000e+00, 9.500000000000e-01, 1.310459435426e-01, 6.725158105860e-04
 1.340000000000e+01, 1.000000000000e+00, 9.750000000000e-01, 1.305923878740e-01, 6.824634765504e-04
 1.340000000000e+01, 1.000000000000e+00, 1.000000000000e+00, 1.305519643685e-01, 6.754540375525e-04
 1.340000000000e+01, 1.000000000000e+00, 1.025000000000e+00, 1.305324285502e-01, 6.558896229668e-04
 1.340000000000e+01, 1.000000000000e+00, 1.050000000000e+00, 1.316786778807e-01, 7.322399258752e-04
 1.340000000000e+01, 1.000000000000e+00, 1.075000000000e+00, 1.325056952624e-01, 7.726988738422e-04
 1.340000000000e+01, 1.000000000000e+00, 1.100000000000e+00, 1.323976505046e-01, 7.654051402151e-04
 1.340000000000e+01, 1.000000000000e+00, 1.125000000000e+00, 1.342139363945e-01, 8.817715776334e-04
 1.340000000000e+01, 1.000000000000e+00, 1.150000000000e+00, 1.338323560911e-01, 8.055405345810e-04
 1.340000000000e+01, 1.000000000000e+00, 1.175000000000e+00, 1.336632293134e-01, 6.876742754061e-04
 1.340000000000e+01, 1.025000000000e+00, 9.500000000000e-01, 1.242977600816e-01, 4.895278671272e-04
 1.340000000000e+01, 1.025000000000e+00, 9.750000000000e-01, 1.234140768856e-01, 4.634129546445e-04
 1.340000000000e+01, 1.025000000000e+00, 1.000000000000e+00, 1.253789316802e-01, 5.063460984971e-04
 1.340000000000e+01, 1.025000000000e+00, 1.025000000000e+00, 1.247771507463e-01, 4.573550451145e-04
 1.340000000000e+01, 1.025000000000e+00, 1.050000000000e+00, 1.259638474228e-01, 6.133193905264e-04
 1.340000000000e+01, 1.025000000000e+00, 1.075000000000e+00, 1.265636178158e-01, 5.300947007033e-04
 1.340000000000e+01, 1.025000000000e+00, 1.100000000000e+00, 1.265204157701e-01, 4.656289859081e-04
 1.340000000000e+01, 1.025000000000e+00, 1.125000000000e+00, 1.270181051849e-01, 4.957729852055e-04
 1.340000000000e+01, 1.025000000000e+00, 1.150000000000e+00, 1.272177159110e-01, 5.226675262294e-04
 1.340000000000e+01, 1.025000000000e+00, 1.175000000000e+00, 1.291297636705e-01, 6.008024116410e-04
 1.340000000000e+01, 1.050000000000e+00, 9.500000000000e-01, 1.213852158767e-01, 3.867587990162e-04
 1.340000000000e+01, 1.050000000000e+00, 9.750000000000e-01, 1.213163875612e-01, 3.654667399292e-04
 1.340000000000e+01, 1.050000000000e+00, 1.000000000000e+00, 1.218138402191e-01, 3.404748410100e-04
 1.340000000000e+01, 1.050000000000e+00, 1.025000000000e+00, 1.214491581844e-01, 3.732459379389e-04
 1.340000000000e+01, 1.050000000000e+00, 1.050000000000e+00, 1.216233893251e-01, 3.716396281015e-04
 1.340000000000e+01, 1.050000000000e+00, 1.075000000000e+00, 1.236792748044e-01, 3.611958354019e-04
 1.340000000000e+01, 1.050000000000e+00, 1.100000000000e+00, 1.231893645248e-01, 3.655472825313e-04
 1.340000000000e+01, 1.050000000000e+00, 1.125000000000e+00, 1.246823579486e-01, 3.958969356744e-04
 1.340000000000e+01, 1.050000000000e+00, 1.150000000000e+00, 1.251105195997e-01, 3.679237520707e-04
 1.340000000000e+01, 1.050000000000e+00, 1.175000000000e+00, 1.256876450251e-01, 3.750811027306e-04
 1.340000000000e+01, 1.075000000000e+00, 9.500000000000e-01, 1.197174654803e-01, 2.654273088917e-04
 1.340000000000e+01, 1.075000000000e+00, 9.750000000000e-01, 1.195783807462e-01, 2.730017849586e-04
 1.340000000000e+01, 1.075000000000e+00, 1.000000000000e+00, 1.198284562617e-01, 2.596607229985e-04
 1.340000000000e+01, 1.075000000000e+00, 1.025000000000e+00, 1.201041441244e-01, 2.525904241348e-04
 1.340000000000e+01, 1.075000000000e+00, 1.050000000000e+00, 1.208948567266e-01, 2.662453294896e-04
 1.340000000000e+01, 1.075000000000e+00, 1.075000000000e+00, 1.214976070868e-01, 2.512994471792e-04
 1.340000000000e+01, 1.075000000000e+00, 1.100000000000e+00, 1.220255347955e-01, 3.112656211664e-04
 1.340000000000e+01, 1.075000000000e+00, 1.125000000000e+00, 1.227921744778e-01, 2.982396625094e-04
 1.340000000000e+01, 1.075000000000e+00, 1.150000000000e+00, 1.236238242145e-01, 2.569848173264e-04
 1.340000000000e+01, 1.075000000000e+00, 1.175000000000e+00, 1.241740806007e-01, 3.230174988303e-04
 1.340000000000e+01, 1.100000000000e+00, 9.500000000000e-01, 1.196357489428e-01, 1.990406140479e-04
 1.340000000000e+01, 1.100000000000e+00, 9.750000000000e-01, 1.193165692302e-01, 2.382122391981e-04
 1.340000000000e+01, 1.100000000000e+00, 1.000000000000e+00, 1.193001389387e-01, 2.544481904045e-04
 1.340000000000e+01, 1.100000000000e+00, 1.025000000000e+00, 1.198293097729e-01, 2.883021769821e-04
 1.340000000000e+01, 1.100000000000e+00, 1.050000000000e+00, 1.195588344809e-01, 2.576012604801e-04
 1.340000000000e+01, 1.100000000000e+00, 1.075000000000e+00, 1.211717494343e-01, 2.158853860956e-04
 1.340000000000e+01, 1.100000000000e+00, 1.100000000000e+00, 1.212807374601e-01, 2.509331596021e-04
 1.340000000000e+01, 1.100000000000e+00, 1.125000000000e+00, 1.217380460217e-01, 2.665476085829e-04
 1.340000000000e+01, 1.100000000000e+00, 1.150000000000e+00, 1.233278812472e-01, 2.276412024380e-04
 1.340000000000e+01, 1.100000000000e+00, 1.175000000000e+00, 1.240499346337e-01, 2.235276698458e-04
 1.340000000000e+01, 1.125000000000e+00, 9.500000000000e-01, 1.199256092537e-01, 2.097868992199e-04
 1.340000000000e+01, 1.125000000000e+00, 9.750000000000e-01, 1.198225339400e-01, 2.064483929896e-04
 1.340000000000e+01, 1.125000000000e+00, 1.000000000000e+00, 1.196850199184e-01, 2.296114187865e-04
 1.340000000000e+01, 1.125000000000e+00, 1.025000000000e+00, 1.199311057196e-01, 2.693795905467e-04
 1.340000000000e+01, 1.125000000000e+00, 1.050000000000e+00, 1.208375594863e-01, 2.222549159605e-04
 1.340000000000e+01, 1.125000000000e+00, 1.075000000000e+00, 1.208887810219e-01, 2.962631093763e-04
 1.340000000000e+01, 1.125000000000e+00, 1.100000000000e+00, 1.208770356450e-01, 3.441733958677e-04
 1.340000000000e+01, 1.125000000000e+00, 1.125000000000e+00, 1.226600531298e-01, 2.211896458897e-04
 1.340000000000e+01, 1.125000000000e+00, 1.150000000000e+00, 1.231102990022e-01, 2.210463019028e-04
 1.340000000000e+01, 1.125000000000e+00, 1.175000000000e+00, 1.237936274805e-01, 2.826006975669e-04
 1.340000000000e+01, 1.150000000000e+00, 9.500000000000e-01, 1.208463057605e-01, 2.132762523993e-04
 1.340000000000e+01, 1.150000000000e+00, 9.750000000000e-01, 1.200315080708e-01, 3.072287439585e-04
 1.340000000000e+01, 1.150000000000e+00, 1.000000000000e+00, 1.205422668267e-01, 2.773560516105e-04
 1.340000000000e+01, 1.150000000000e+00, 1.025000000000e+00, 1.211625719352e-01, 2.606290535206e-04
 1.340000000000e+01, 1.150000000000e+00, 1.050000000000e+00, 1.211300414836e-01, 2.530285251293e-04
 1.340000000000e+01, 1.150000000000e+00, 1.075000000000e+00, 1.223572927100e-01, 2.488333038509e-04
 1.340000000000e+01, 1.150000000000e+00, 1.100000000000e+00, 1.224067605414e-01, 2.703050662279e-04
 1.340000000000e+01, 1.150000000000e+00, 1.125000000000e+00, 1.231727212404e-01, 2.876517251002e-04
 1.340000000000e+01, 1.150000000000e+00, 1.150000000000e+00, 1.244495086410e-01, 2.629197917033e-04
 1.340000000000e+01, 1.150000000000e+00, 1.175000000000e+00, 1.246402283018e-01, 2.608517126687e-04
 1.340000000000e+01, 1.175000000000e+00, 9.500000000000e-01, 1.223165049806e-01, 2.185511021088e-04
 1.340000000000e+01, 1.175000000000e+00, 9.750000000000e-01, 1.220357215735e-01, 2.265155932499e-04
 1.340000000000e+01, 1.175000000000e+00, 1.000000000000e+00, 1.219957511885e-01, 2.581814138691e-04
 1.340000000000e+01, 1.175000000000e+00, 1.025000000000e+00, 1.229039226839e-01, 2.314630877003e-04
 1.340000000000e+01, 1.175000000000e+00, 1.050000000000e+00, 1.230185959931e-01, 2.726406811638e-04
 1.340000000000e+01, 1.175000000000e+00, 1.075000000000e+00, 1.228642437362e-01, 3.186647596469e-04
 1.340000000000e+01, 1.175000000000e+00, 1.100000000000e+00, 1.241241455050e-01, 2.807702720944e-04
 1.340000000000e+01, 1.175000000000e+00, 1.125000000000e+00, 1.253646204198e-01, 2.516501987288e-04
 1.340000000000e+01, 1.175000000000e+00, 1.150000000000e+00, 1.253390074229e-01, 2.876024584815e-04
 1.340000000000e+01, 1.175000000000e+00, 1.175000000000e+00, 1.264178846897e-01, 2.803875467852e-04
 1.410000000000e+01, 9.500000000000e-01, 9.500000000000e-01, 1.472129437742e-01, 1.283909448553e-03
 1.410000000000e+01, 9.500000000000e-01, 9.750000000000e-01, 1.504790949411e-01, 2.009826428302e-03
 1.410000000000e+01, 9.500000000000e-01, 1.000000000000e+00, 1.485678135798e-01, 1.434155121424e-03
 1.410000000000e+01, 9.500000000000e-01, 1.025000000000e+00, 1.459636483122e-01, 1.233981529905e-03
 1.410000000000e+01, 9.500000000000e-01, 1.050000000000e+00, 1.493868683845e-01, 1.574532811537e-03
 1.410000000000e+01, 9.500000000000e-01, 1.075000000000e+00, 1.486453694431e-01, 1.406927916804e-03
 1.410000000000e+01, 9.500000000000e-01, 1.100000000000e+00, 1.495784957944e-01, 1.403820869407e-03
 1.410000000000e+01, 9.500000000000e-01, 1.125000000000e+00, 1.497332050176e-01, 1.379678427267e-03
 1.410000000000e+01, 9.500000000000e-01, 1.150000000000e+00, 1.513200446713e-01, 1.518052279117e-03
 1.410000000000e+01, 9.500000000000e-01, 1.175000000000e+00, 1.515753025122e-01, 1.364700436264e-03
 1.410000000000e+01, 9.750000000000e-01, 9.500000000000e-01, 1.355471272712e-01, 8.970772259571e-04
 1.410000000000e+01, 9.750000000000e-01, 9.750000000000e-01, 1.354582145778e-01, 8.893663914159e-04
 1.410000000000e+01, 9.750000000000e-01, 1.000000000000e+00, 1.357794032472e-01, 8.535602241003e-04
 1.410000000000e+01, 9.750000000000e-01, 1.025000000000e+00, 1.367296028664e-01, 9.650996439492e-04
 1.410000000000e+01, 9.750000000000e-01, 1.050000000000e+00, 1.389765913075e-01, 1.256516845887e-03
 1.410000000000e+01, 9.750000000000e-01, 1.075000000000e+00, 1.371934695926e-01, 9.643792936028e-04
 1.410000000000e+01, 9.750000000000e-01, 1.100000000000e+00, 1.376774555407e-01, 9.413816141406e-04
 1.410000000000e+01, 9.750000000000e-01, 1.125000000000e+00, 1.383471223475e-01, 1.077709250582e-03
 1.410000000000e+01, 9.750000000000e-01, 1.150000000000e+00, 1.403659619262e-01, 1.407161629505e-03
 1.410000000000e+01, 9.750000000000e-01, 1.175000000000e+00, 1.414040648001e-01, 1.086397271945e-03
 1.410000000000e+01, 1.000000000000e+00, 9.500000000000e-01, 1.285578501646e-01, 6.603086992015e-04
 1.410000000000e+01, 1.000000000000e+00, 9.750000000000e-01, 1.269957298679e-01, 6.569508990426e-04
 1.410000000000e+01, 1.000000000000e+00, 1.000000000000e+00, 1.278584250661e-01, 6.733869866269e-04
 1.410000000000e+01, 1.000000000000e+00, 1.025000000000e+00, 1.287333334868e-01, 7.099825485784e-04
 1.410000000000e+01, 1.000000000000e+00, 1.050000000000e+00, 1.282119242790e-01, 6.450332916917e-04
 1.410000000000e+01, 1.000000000000e+00, 1.075000000000e+00, 1.289865671971e-01, 6.648954213755e-04
 1.410000000000e+01, 1.000000000000e+00, 1.100000000000e+00, 1.295688629071e-01, 6.885598297382e-04
 1.410000000000e+01, 1.000000000000e+00, 1.125000000000e+00, 1.311185978908e-01, 7.644938953394e-04
 1.410000000000e+01, 1.000000000000e+00, 1.150000000000e+00, 1.323976653981e-01, 8.674804267400e-04
 1.410000000000e+01, 1.000000000000e+00, 1.175000000000e+00, 1.317550655523e-01, 8.220473113612e-04
 1.410000000000e+01, 1.025000000000e+00, 9.500000000000e-01, 1.220600052510e-01, 5.001549663910e-04
 1.410000000000e+01, 1.025000000000e+00, 9.750000000000e-01, 1.225740546081e-01, 4.614610105632e-04
 1.410000000000e+01, 1.025000000000e+00, 1.000000000000e+00, 1.220120310117e-01, 4.438421807935e-04
 1.410000000000e+01, 1.025000000000e+00, 1.025000000000e+00, 1.232606480977e-01, 4.018818364519e-04
 1.410000000000e+01, 1.025000000000e+00, 1.050000000000e+00, 1.229706218340e-01, 4.370949106720e-04
 1.410000000000e+01, 1.025000000000e+00, 1.075000000000e+00, 1.235415413793e-01, 4.262513395338e-04
 1.410000000000e+01, 1.025000000000e+00, 1.100000000000e+00, 1.244862582805e-01, 4.461817063092e-04
 1.410000000000e+01, 1.025000000000e+00, 1.125000000000e+00, 1.253840576835e-01, 5.113654090573e-04
 1.410000000000e+01, 1.025000000000e+00, 1.150000000000e+00, 1.255875165460e-01, 4.935937628316e-04
 1.410000000000e+01, 1.025000000000e+00, 1.175000000000e+00, 1.274342578716e-01, 5.304329644662e-04
 1.410000000000e+01, 1.050000000000e+00, 9.500000000000e-01, 1.198506418201e-01, 3.292725430977e-04
 1.410000000000e+01, 1.050000000000e+00, 9.750000000000e-01, 1.199625719716e-01, 3.207260582066e-04
 1.410000000000e+01, 1.050000000000e+00, 1.000000000000e+00, 1.200260001449e-01, 3.303701624406e-04
 1.410000000000e+01, 1.050000000000e+00, 1.025000000000e+00, 1.203924543788e-01, 3.207572080611e-04
 1.410000000000e+01, 1.050000000000e+00, 1.050000000000e+00, 1.208520031875e-01, 3.205938573860e-04
 1.410000000000e+01, 1.050000000000e+00, 1.075000000000e+00, 1.209768167434e-01, 3.278455360870e-04
 1.410000000000e+01, 1.050000000000e+00, 1.100000000000e+00, 1.221874442514e-01, 3.829334076424e-04
 1.410000000000e+01, 1.050000000000e+00, 1.125000000000e+00, 1.222734229875e-01, 3.637851034317e-04
 1.410000000000e+01, 1.050000000000e+00, 1.150000000000e+00, 1.234960595541e-01, 3.222292820326e-04
 1.410000000000e+01, 1.050000000000e+00, 1.175000000000e+00, 1.239241577650e-01, 3.562650737097e-04
 1.410000000000e+01, 1.075000000000e+00, 9.500000000000e-01, 1.185816548783e-01, 2.207023319191e-04
 1.410000000000e+01, 1.075000000000e+00, 9.750000000000e-01, 1.185339335342e-01, 2.257126096109e-04
 1.410000000000e+01, 1.075000000000e+00, 1.000000000000e+00, 1.183688408293e-01, 2.749936176681e-04
 1.410000000000e+01, 1.075000000000e+00, 1.025000000000e+00, 1.188359006940e-01, 2.631550786561e-04
 1.410000000000e+01, 1.075000000000e+00, 1.050000000000e+00, 1.197217237861e-01, 2.288627398888e-04
 1.410000000000e+01, 1.075000000000e+00, 1.075000000000e+00, 1.201561489980e-01, 2.279683022566e-04
 1.410000000000e+01, 1.075000000000e+00, 1.100000000000e+00, 1.204451301297e-01, 2.760598113350e-04
 1.410000000000e+01, 1.075000000000e+00, 1.125000000000e+00, 1.211758861768e-01, 2.417292891778e-04
 1.410000000000e+01, 1.075000000000e+00, 1.150000000000e+00, 1.218269602850e-01, 2.499162048834e-04
 1.410000000000e+01, 1.075000000000e+00, 1.175000000000e+00, 1.223683435524e-01, 2.651701187463e-04
 1.410000000000e+01, 1.100000000000e+00, 9.500000000000e-01, 1.183594860784e-01, 1.885389197710e-04
 1.410000000000e+01, 1.100000000000e+00, 9.750000000000e-01, 1.178326898984e-01, 2.372915773297e-04
 1.410000000000e+01, 1.100000000000e+00, 1.000000000000e+00, 1.180045722989e-01, 2.463023809715e-04
 1.410000000000e+01, 1.100000000000e+00, 1.025000000000e+00, 1.184335272152e-01, 2.233897863084e-04
 1.410000000000e+01, 1.100000000000e+00, 1.050000000000e+00, 1.188165570020e-01, 2.220730222825e-04
 1.410000000000e+01, 1.100000000000e+00, 1.075000000000e+00, 1.192835180221e-01, 2.516481450373e-04
 1.410000000000e+01, 1.100000000000e+00, 1.100000000000e+00, 1.201684441202e-01, 2.350852623445e-04
 1.410000000000e+01, 1.100000000000e+00, 1.125000000000e+00, 1.209747596747e-01, 2.043429443265e-04
 1.410000000000e+01, 1.100000000000e+00, 1.150000000000e+00, 1.214347104062e-01, 2.087096004870e-04
 1.410000000000e+01, 1.100000000000e+00, 1.175000000000e+00, 1.222159045825e-01, 2.400623752225e-04
 1.410000000000e+01, 1.125000000000e+00, 9.500000000000e-01, 1.186727473640e-01, 1.741778109812e-04
 1.410000000000e+01, 1.125000000000e+00, 9.750000000000e-01, 1.181505428760e-01, 2.543692095465e-04
 1.410000000000e+01, 1.125000000000e+00, 1.000000000000e+00, 1.185212740260e-01, 2.150370962354e-04
 1.410000000000e+01, 1.125000000000e+00, 1.025000000000e+00, 1.191682359177e-01, 1.753092402418e-04
 1.410000000000e+01, 1.125000000000e+00, 1.050000000000e+00, 1.188384244001e-01, 2.418240824764e-04
 1.410000000000e+01, 1.125000000000e+00, 1.075000000000e+00, 1.192865716074e-01, 2.419670985254e-04
 1.410000000000e+01, 1.125000000000e+00, 1.100000000000e+00, 1.200391203052e-01, 2.628136286986e-04
 1.410000000000e+01, 1.125000000000e+00, 1.125000000000e+00, 1.211066234565e-01, 2.117477898856e-04
 1.410000000000e+01, 1.125000000000e+00, 1.150000000000e+00, 1.215673953343e-01, 2.549049351940e-04
 1.410000000000e+01, 1.125000000000e+00, 1.175000000000e+00, 1.223830474765e-01, 2.289989999559e-04
 1.410000000000e+01, 1.150000000000e+00, 9.500000000000e-01, 1.191413896156e-01, 2.211444876434e-04
 1.410000000000e+01, 1.150000000000e+00, 9.750000000000e-01, 1.194174327480e-01, 1.905534730501e-04
 1.410000000000e+01, 1.150000000000e+00, 1.000000000000e+00, 1.195399524585e-01, 2.140119892930e-04
 1.410000000000e+01, 1.150000000000e+00, 1.025000000000e+00, 1.199823322529e-01, 2.382802211206e-04
 1.410000000000e+01, 1.150000000000e+00, 1.050000000000e+00, 1.196110365718e-01, 2.785063342930e-04
 1.410000000000e+01, 1.150000000000e+00, 1.075000000000e+00, 1.209188484587e-01, 2.265009480019e-04
 1.410000000000e+01, 1.150000000000e+00, 1.100000000000e+00, 1.206800143706e-01, 3.027451305106e-04
 1.410000000000e+01, 1.150000000000e+00, 1.125000000000e+00, 1.223844009568e-01, 2.184380986888e-04
 1.410000000000e+01, 1.150000000000e+00, 1.150000000000e+00, 1.228139639091e-01, 2.497123092849e-04
 1.410000000000e+01, 1.150000000000e+00, 1.175000000000e+00, 1.233509916763e-01, 2.452758744102e-04
 1.410000000000e+01, 1.175000000000e+00, 9.500000000000e-01, 1.207922354850e-01, 2.108837385191e-04
 1.410000000000e+01, 1.175000000000e+00, 9.750000000000e-01, 1.206651792111e-01, 2.371212817686e-04
 1.410000000000e+01, 1.175000000000e+00, 1.000000000000e+00, 1.207400160763e-01, 2.437114261937e-04
 1.410000000000e+01, 1.175000000000e+00, 1.025000000000e+00, 1.212460210461e-01, 2.226147161874e-04
 1.410000000000e+01, 1.175000000000e+00, 1.050000000000e+00, 1.212876771965e-01, 2.503580980116e-04
 1.410000000000e+01, 1.175000000000e+00, 1.075000000000e+00, 1.217979985300e-01, 2.799317895946e-04
 1.410000000000e+01, 1.175000000000e+00, 1.100000000000e+00, 1.228763355618e-01, 2.592895497804e-04
 1.410000000000e+01, 1.175000000000e+00, 1.125000000000e+00, 1.231174709654e-01, 2.415014119288e-04
 1.410000000000e+01, 1.175000000000e+00, 1.150000000000e+00, 1.237698384921e-01, 3.021410045134e-04
 1.410000000000e+01, 1.175000000000e+00, 1.175000000000e+00, 1.247871548116e-01, 2.587429149171e-04
 1.480000000000e+01, 9.500000000000e-01, 9.500000000000e-01, 1.437506438766e-01, 1.134291103011e-03
 1.480000000000e+01, 9.500000000000e-01, 9.750000000000e-01, 1.460085702370e-01, 1.365211075511e-03
 1.480000000000e+01, 9.500000000000e-01, 1.000000000000e+00, 1.474674590675e-01, 1.486651398124e-03
 1.480000000000e+01, 9.500000000000e-01, 1.025000000000e+00, 1.461583700990e-01, 1.364048163745e-03
 1.480000000000e+01, 9.500000000000e-01, 1.050000000000e+00, 1.452420995263e-01, 1.309336921903e-03
 1.480000000000e+01, 9.500000000000e-01, 1.075000000000e+00, 1.452955112773e-01, 1.399341888530e-03
 1.480000000000e+01, 9.500000000000e-01, 1.100000000000e+00, 1.484455700726e-01, 1.537990098885e-03
 1.480000000000e+01, 9.500000000000e-01, 1.125000000000e+00, 1.492408533589e-01, 1.687769070616e-03
 1.480000000000e+01, 9.500000000000e-01, 1.150000000000e+00, 1.477853009866e-01, 1.284927983086e-03
 1.480000000000e+01, 9.500000000000e-01, 1.175000000000e+00, 1.511521044211e-01, 1.719025756160e-03
 1.480000000000e+01, 9.750000000000e-01, 9.500000000000e-01, 1.334913355522e-01, 8.488504350822e-04
 1.480000000000e+01, 9.750000000000e-01, 9.750000000000e-01, 1.330447041178e-01, 9.353134821361e-04
 1.480000000000e+01, 9.750000000000e-01, 1.000000000000e+00, 1.332582499572e-01, 8.648675069870e-04
 1.480000000000e+01, 9.750000000000e-01, 1.025000000000e+00, 1.353464339901e-01, 1.033727455082e-03
 1.480000000000e+01, 9.750000000000e-01, 1.050000000000e+00, 1.341612345256e-01, 8.789122081081e-04
 1.480000000000e+01, 9.750000000000e-01, 1.075000000000e+00, 1.355868796664e-01, 1.047629749233e-03
 1.480000000000e+01, 9.750000000000e-01, 1.100000000000e+00, 1.361014467337e-01, 8.931417881354e-04
 1.480000000000e+01, 9.750000000000e-01, 1.125000000000e+00, 1.358802332300e-01, 1.064983793341e-03
 1.480000000000e+01, 9.750000000000e-01, 1.150000000000e+00, 1.377045929501e-01, 1.053905524063e-03
 1.480000000000e+01, 9.750000000000e-01, 1.175000000000e+00, 1.378001175973e-01, 1.055824285191e-03
 1.480000000000e+01, 1.000000000000e+00, 9.500000000000e-01, 1.256503860395e-01, 5.318113831693e-04
 1.480000000000e+01, 1.000000000000e+00, 9.750000000000e-01, 1.261140028961e-01, 5.771589462354e-04
 1.480000000000e+01, 1.000000000000e+00, 1.000000000000e+00, 1.262213182775e-01, 5.777435940873e-04
 1.480000000000e+01, 1.000000000000e+00, 1.025000000000e+00, 1.271710661748e-01, 6.629185954570e-04
 1.480000000000e+01, 1.000000000000e+00, 1.050000000000e+00, 1.269695369990e-01, 7.035338559028e-04
 1.480000000000e+01, 1.000000000000e+00, 1.075000000000e+00, 1.274422712650e-01, 6.213607895713e-04
 1.480000000000e+01, 1.000000000000e+00, 1.100000000000e+00, 1.287321135554e-01, 6.995797302336e-04
 1.480000000000e+01, 1.000000000000e+00, 1.125000000000e+00, 1.295991044409e-01, 8.261925513511e-04
 1.480000000000e+01, 1.000000000000e+00, 1.150000000000e+00, 1.307196415686e-01, 7.321699802805e-04
 1.480000000000e+01, 1.000000000000e+00, 1.175000000000e+00, 1.284151383186e-01, 6.217648358207e-04
 1.480000000000e+01, 1.025000000000e+00, 9.500000000000e-01, 1.220895816195e-01, 4.732699964360e-04
 1.480000000000e+01, 1.025000000000e+00, 9.750000000000e-01, 1.224180749993e-01, 5.658227629930e-04
 1.480000000000e+01, 1.025000000000e+00, 1.000000000000e+00, 1.222376416605e-01, 4.514115405799e-04
 1.480000000000e+01, 1.025000000000e+00, 1.025000000000e+00, 1.223931882719e-01, 5.593636408355e-04
 1.480000000000e+01, 1.025000000000e+00, 1.050000000000e+00, 1.230535359814e-01, 4.903220421083e-04
 1.480000000000e+01, 1.025000000000e+00, 1.075000000000e+00, 1.231124254423e-01, 5.145687921590e-04
 1.480000000000e+01, 1.025000000000e+00, 1.100000000000e+00, 1.236518914524e-01, 5.207704977805e-04
 1.480000000000e+01, 1.025000000000e+00, 1.125000000000e+00, 1.231416919573e-01, 6.082934889040e-04
 1.480000000000e+01, 1.025000000000e+00, 1.150000000000e+00, 1.248618220626e-01, 4.622421807291e-04
 1.480000000000e+01, 1.025000000000e+00, 1.175000000000e+00, 1.256716708698e-01, 5.325475202226e-04
 1.480000000000e+01, 1.050000000000e+00, 9.500000000000e-01, 1.195175225491e-01, 3.678709578322e-04
 1.480000000000e+01, 1.050000000000e+00, 9.750000000000e-01, 1.191299010795e-01, 3.187655630428e-04
 1.480000000000e+01, 1.050000000000e+00, 1.000000000000e+00, 1.190809342007e-01, 3.046159230660e-04
 1.480000000000e+01, 1.050000000000e+00, 1.025000000000e+00, 1.189883018083e-01, 3.124096398428e-04
 1.480000000000e+01, 1.050000000000e+00, 1.050000000000e+00, 1.194655700896e-01, 2.797654814065e-04
 1.480000000000e+01, 1.050000000000e+00, 1.075000000000e+00, 1.199444766511e-01, 3.205105071332e-04
 1.480000000000e+01, 1.050000000000e+00, 1.100000000000e+00, 1.209041274443e-01, 3.171470361397e-04
 1.480000000000e+01, 1.050000000000e+00, 1.125000000000e+00, 1.213225708229e-01, 3.831482847828e-04
 1.480000000000e+01, 1.050000000000e+00, 1.150000000000e+00, 1.219446774926e-01, 3.238486732923e-04
 1.480000000000e+01, 1.050000000000e+00, 1.175000000000e+00, 1.228428282415e-01, 3.942421768170e-04
 1.480000000000e+01, 1.075000000000e+00, 9.500000000000e-01, 1.173258384575e-01, 2.661103569290e-04
 1.480000000000e+01, 1.075000000000e+00, 9.750000000000e-01, 1.173609579002e-01, 2.366521942068e-04
 1.480000000000e+01, 1.075000000000e+00, 1.000000000000e+00, 1.170512007315e-01, 2.560551434061e-04
 1.480000000000e+01, 1.075000000000e+00, 1.025000000000e+00, 1.175332120031e-01, 2.553945537597e-04
 1.480000000000e+01, 1.075000000000e+00, 1.050000000000e+00, 1.177892279835e-01, 3.313068529783e-04
 1.480000000000e+01, 1.075000000000e+00, 1.075000000000e+00, 1.185404423341e-01, 2.580118186435e-04
 1.480000000000e+01, 1.075000000000e+00, 1.100000000000e+00, 1.190272951319e-01, 2.368512293492e-04
 1.480000000000e+01, 1.075000000000e+00, 1.125000000000e+00, 1.203466533758e-01, 2.681730559741e-04
 1.480000000000e+01, 1.075000000000e+00, 1.150000000000e+00, 1.207872155928e-01, 2.370448563467e-04
 1.480000000000e+01, 1.075000000000e+00, 1.175000000000e+00, 1.212983396657e-01, 2.400330038114e-04
 1.480000000000e+01, 1.100000000000e+00, 9.500000000000e-01, 1.173895504761e-01, 2.043550922829e-04
 1.480000000000e+01, 1.100000000000e+00, 9.750000000000e-01, 1.168679082833e-01, 2.339331880910e-04
 1.480000000000e+01, 1.100000000000e+00, 1.000000000000e+00, 1.170865607929e-01, 2.102253280221e-04
 1.480000000000e+01, 1.100000000000e+00, 1.025000000000e+00, 1.174424170464e-01, 2.273907495821e-04
 1.480000000000e+01, 1.100000000000e+00, 1.050000000000e+00, 1.178777792642e-01, 2.484003051856e-04
 1.480000000000e+01, 1.100000000000e+00, 1.075000000000e+00, 1.183379376268e-01, 2.149499517871e-04
 1.480000000000e+01, 1.100000000000e+00, 1.100000000000e+00, 1.188488673490e-01, 2.345427577711e-04
 1.480000000000e+01, 1.100000000000e+00, 1.125000000000e+00, 1.195055355567e-01, 2.777170770578e-04
 1.480000000000e+01, 1.100000000000e+00, 1.150000000000e+00, 1.204150071856e-01, 2.163837967974e-04
 1.480000000000e+01, 1.100000000000e+00, 1.175000000000e+00, 1.208290952840e-01, 2.169308223162e-04
 1.480000000000e+01, 1.125000000000e+00, 9.500000000000e-01, 1.174164625382e-01, 1.867369959685e-04
 1.480000000000e+01, 1.125000000000e+00, 9.750000000000e-01, 1.175264383128e-01, 1.771693386285e-04
 1.480000000000e+01, 1.125000000000e+00, 1.000000000000e+00, 1.174658611258e-01, 2.161770491227e-04
 1.480000000000e+01, 1.125000000000e+00, 1.025000000000e+00, 1.175108803388e-01, 2.355723872608e-04
 1.480000000000e+01, 1.125000000000e+00, 1.050000000000e+00, 1.181551167956e-01, 2.009314219705e-04
 1.480000000000e+01, 1.125000000000e+00, 1.075000000000e+00, 1.184938621970e-01, 2.474878284106e-04
 1.480000000000e+01, 1.125000000000e+00, 1.100000000000e+00, 1.188728820579e-01, 2.771089111956e-04
 1.480000000000e+01, 1.125000000000e+00, 1.125000000000e+00, 1.199500399528e-01, 2.130249053459e-04
 1.480000000000e+01, 1.125000000000e+00, 1.150000000000e+00, 1.207922438034e-01, 1.950563706952e-04
 1.480000000000e+01, 1.125000000000e+00, 1.175000000000e+00, 1.209754271103e-01, 2.523581315109e-04
 1.480000000000e+01, 1.150000000000e+00, 9.500000000000e-01, 1.183802952409e-01, 1.835899565287e-04
 1.480000000000e+01, 1.150000000000e+00, 9.750000000000e-01, 1.178711119425e-01, 2.477088588135e-04
 1.480000000000e+01, 1.150000000000e+00, 1.000000000000e+00, 1.182078175774e-01, 2.076299674781e-04
 1.480000000000e+01, 1.150000000000e+00, 1.025000000000e+00, 1.187035384399e-01, 1.988777756250e-04
 1.480000000000e+01, 1.150000000000e+00, 1.050000000000e+00, 1.190951642665e-01, 2.261524648871e-04
 1.480000000000e+01, 1.150000000000e+00, 1.075000000000e+00, 1.198143671386e-01, 2.078827143309e-04
 1.480000000000e+01, 1.150000000000e+00, 1.100000000000e+00, 1.201335057470e-01, 2.222681604114e-04
 1.480000000000e+01, 1.150000000000e+00, 1.125000000000e+00, 1.209362528015e-01, 2.297770958804e-04
 1.480000000000e+01, 1.150000000000e+00, 1.150000000000e+00, 1.214869059531e-01, 2.356773991760e-04
 1.480000000000e+01, 1.150000000000e+00, 1.175000000000e+00, 1.219302410248e-01, 2.455271109195e-04
 1.480000000000e+01, 1.175000000000e+00, 9.500000000000e-01, 1.195758097233e-01, 1.994959346504e-04
 1.480000000000e+01, 1.175000000000e+00, 9.750000000000e-01, 1.195800497216e-01, 2.205699433452e-04
 1.480000000000e+01, 1.175000000000e+00, 1.000000000000e+00, 1.195827074818e-01, 2.048581718245e-04
 1.480000000000e+01, 1.175000000000e+00, 1.025000000000e+00, 1.194656279206e-01, 2.399736522208e-04
 1.480000000000e+01, 1.175000000000e+00, 1.050000000000e+00, 1.207503531165e-01, 2.597102924288e-04
 1.480000000000e+01, 1.175000000000e+00, 1.075000000000e+00, 1.207036213120e-01, 2.557212453220e-04
 1.480000000000e+01, 1.175000000000e+00, 1.100000000000e+00, 1.216143430448e-01, 2.553692535513e-04
 1.480000000000e+01, 1.175000000000e+00, 1.125000000000e+00, 1.221742220961e-01, 2.479701830172e-04
 1.480000000000e+01, 1.175000000000e+00, 1.150000000000e+00, 1.227837434551e-01, 2.639137107302e-04
 1.480000000000e+01, 1.175000000000e+00, 1.175000000000e+00, 1.236266516326e-01, 2.418380215567e-04
 1.550000000000e+01, 9.500000000000e-01, 9.500000000000e-01, 1.426516241383e-01, 1.167897171708e-03
 1.550000000000e+01, 9.500000000000e-01, 9.750000000000e-01, 1.427189808146e-01, 1.337471118993e-03
 1.550000000000e+01, 9.500000000000e-01, 1.000000000000e+00, 1.427023734926e-01, 1.417225212985e-03
 1.550000000000e+01, 9.500000000000e-01, 1.025000000000e+00, 1.434971515916e-01, 1.395350563959e-03
 1.550000000000e+01, 9.500000000000e-01, 1.050000000000e+00, 1.405904176769e-01, 1.243916129389e-03
 1.550000000000e+01, 9.500000000000e-01, 1.075000000000e+00, 1.454529799725e-01, 1.514165449876e-03
 1.550000000000e+01, 9.500000000000e-01, 1.100000000000e+00, 1.437492520355e-01, 1.390427319826e-03
 1.550000000000e+01, 9.500000000000e-01, 1.125000000000e+00, 1.447452529702e-01, 1.209201317603e-03
 1.550000000000e+01, 9.500000000000e-01, 1.150000000000e+00, 1.463843324632e-01, 1.491970614018e-03
 1.550000000000e+01, 9.500000000000e-01, 1.175000000000e+00, 1.484462233086e-01, 1.600970183163e-03
 1.550000000000e+01, 9.750000000000e-01, 9.500000000000e-01, 1.323481311209e-01, 8.644653209566e-04
 1.550000000000e+01, 9.750000000000e-01, 9.750000000000e-01, 1.319403613312e-01, 9.820270031855e-04
 1.550000000000e+01, 9.750000000000e-01, 1.000000000000e+00, 1.338041599084e-01, 9.514828299990e-04
 1.550000000000e+01, 9.750000000000e-01, 1.025000000000e+00, 1.331368772445e-01, 1.017255301312e-03
 1.550000000000e+01, 9.750000000000e-01, 1.050000000000e+00, 1.331616417152e-01, 9.127071539437e-04
 1.550000000000e+01, 9.750000000000e-01, 1.075000000000e+00, 1.337549053611e-01, 9.688732272043e-04
 1.550000000000e+01, 9.750000000000e-01, 1.100000000000e+00, 1.343013661602e-01, 1.000253840609e-03
 1.550000000000e+01, 9.750000000000e-01, 1.125000000000e+00, 1.355057911658e-01, 1.037700814660e-03
 1.550000000000e+01, 9.750000000000e-01, 1.150000000000e+00, 1.362695737995e-01, 1.160850345992e-03
 1.550000000000e+01, 9.750000000000e-01, 1.175000000000e+00, 1.349883192628e-01, 8.388659946285e-04
 1.550000000000e+01, 1.000000000000e+00, 9.500000000000e-01, 1.251672320494e-01, 5.524574179595e-04
 1.550000000000e+01, 1.000000000000e+00, 9.750000000000e-01, 1.248187284826e-01, 6.259878534814e-04
 1.550000000000e+01, 1.000000000000e+00, 1.000000000000e+00, 1.252880067632e-01, 5.818345803359e-04
 1.550000000000e+01, 1.000000000000e+00, 1.025000000000e+00, 1.253018489239e-01, 7.035574557989e-04
 1.550000000000e+01, 1.000000000000e+00, 1.050000000000e+00, 1.240364736331e-01, 5.749811744529e-04
 1.550000000000e+01, 1.000000000000e+00, 1.075000000000e+00, 1.269269305638e-01, 7.087724620049e-04
 1.550000000000e+01, 1.000000000000e+00, 1.100000000000e+00, 1.258585009963e-01, 6.997897881909e-04
 1.550000000000e+01, 1.000000000000e+00, 1.125000000000e+00, 1.270137708240e-01, 6.637962476460e-04
 1.550000000000e+01, 1.000000000000e+00, 1.150000000000e+00, 1.285415539023e-01, 6.952469904829e-04
 1.550000000000e+01, 1.000000000000e+00, 1.175000000000e+00, 1.287351085547e-01, 6.835437194173e-04
 1.550000000000e+01, 1.025000000000e+00, 9.500000000000e-01, 1.206150532143e-01, 4.013280542269e-04
 1.550000000000e+01, 1.025000000000e+00, 9.750000000000e-01, 1.213189362274e-01, 4.785131548515e-04
 1.550000000000e+01, 1.025000000000e+00, 1.000000000000e+00, 1.211508346998e-01, 4.035113821196e-04
 1.550000000000e+01, 1.025000000000e+00, 1.025000000000e+00, 1.209320425623e-01, 4.224333437226e-04
 1.550000000000e+01, 1.025000000000e+00, 1.050000000000e+00, 1.216211564670e-01, 4.427677926959e-04
 1.550000000000e+01, 1.025000000000e+00, 1.075000000000e+00, 1.221045841925e-01, 5.580379318690e-04
 1.550000000000e+01, 1.025000000000e+00, 1.100000000000e+00, 1.223860713012e-01, 5.408567355372e-04
 1.550000000000e+01, 1.025000000000e+00, 1.125000000000e+00, 1.238448044478e-01, 5.499910520343e-04
 1.550000000000e+01, 1.025000000000e+00, 1.150000000000e+00, 1.236475623542e-01, 4.637702556491e-04
 1.550000000000e+01, 1.025000000000e+00, 1.175000000000e+00, 1.241011476401e-01, 4.525571081379e-04
 1.550000000000e+01, 1.050000000000e+00, 9.500000000000e-01, 1.186681731773e-01, 3.050765305901e-04
 1.550000000000e+01, 1.050000000000e+00, 9.750000000000e-01, 1.180347954383e-01, 3.087635415332e-04
 1.550000000000e+01, 1.050000000000e+00, 1.000000000000e+00, 1.185234412259e-01, 3.043847814352e-04
 1.550000000000e+01, 1.050000000000e+00, 1.025000000000e+00, 1.178631814731e-01, 3.393932333517e-04
 1.550000000000e+01, 1.050000000000e+00, 1.050000000000e+00, 1.189911163790e-01, 2.772187602165e-04
 1.550000000000e+01, 1.050000000000e+00, 1.075000000000e+00, 1.185886926677e-01, 3.610332657259e-04
 1.550000000000e+01, 1.050000000000e+00, 1.100000000000e+00, 1.195552521443e-01, 3.190907903068e-04
 1.550000000000e+01, 1.050000000000e+00, 1.125000000000e+00, 1.205259276545e-01, 3.417164703086e-04
 1.550000000000e+01, 1.050000000000e+00, 1.150000000000e+00, 1.210984510886e-01, 3.425861469795e-04
 1.550000000000e+01, 1.050000000000e+00, 1.175000000000e+00, 1.211842124402e-01, 3.435902132274e-04
 1.550000000000e+01, 1.075000000000e+00, 9.500000000000e-01, 1.169812626667e-01, 2.069162536646e-04
 1.550000000000e+01, 1.075000000000e+00, 9.750000000000e-01, 1.165700863571e-01, 2.415320473346e-04
 1.550000000000e+01, 1.075000000000e+00, 1.000000000000e+00, 1.166879987376e-01, 2.308562094227e-04
 1.550000000000e+01, 1.075000000000e+00, 1.025000000000e+00, 1.170382775089e-01, 2.434082344480e-04
 1.550000000000e+01, 1.075000000000e+00, 1.050000000000e+00, 1.178299255772e-01, 2.265283604598e-04
 1.550000000000e+01, 1.075000000000e+00, 1.075000000000e+00, 1.181596399215e-01, 2.260236534898e-04
 1.550000000000e+01, 1.075000000000e+00, 1.100000000000e+00, 1.187506561152e-01, 2.175046835670e-04
 1.550000000000e+01, 1.075000000000e+00, 1.125000000000e+00, 1.192783027028e-01, 2.373961975651e-04
 1.550000000000e+01, 1.075000000000e+00, 1.150000000000e+00, 1.194895436635e-01, 3.045573534743e-04
 1.550000000000e+01, 1.075000000000e+00, 1.175000000000e+00, 1.199973325804e-01, 2.934405035034e-04
 1.550000000000e+01, 1.100000000000e+00, 9.500000000000e-01, 1.166568926726e-01, 1.882476587514e-04
 1.550000000000e+01, 1.100000000000e+00, 9.750000000000e-01, 1.162505717286e-01, 2.155989784017e-04
 1.550000000000e+01, 1.100000000000e+00, 1.000000000000e+00, 1.163870474233e-01, 2.020930809074e-04
 1.550000000000e+01, 1.100000000000e+00, 1.025000000000e+00, 1.167403946150e-01, 2.179184450973e-04
 1.550000000000e+01, 1.100000000000e+00, 1.050000000000e+00, 1.169561324951e-01, 2.233950316232e-04
 1.550000000000e+01, 1.100000000000e+00, 1.075000000000e+00, 1.175028664708e-01, 1.979858722669e-04
 1.550000000000e+01, 1.100000000000e+00, 1.100000000000e+00, 1.178926247415e-01, 3.137228055797e-04
 1.550000000000e+01, 1.100000000000e+00, 1.125000000000e+00, 1.189709633361e-01, 2.060716915148e-04
 1.550000000000e+01, 1.100000000000e+00, 1.150000000000e+00, 1.193772724881e-01, 2.236362937530e-04
 1.550000000000e+01, 1.100000000000e+00, 1.175000000000e+00, 1.203009400816e-01, 2.143230724002e-04
 1.550000000000e+01, 1.125000000000e+00, 9.500000000000e-01, 1.168803396022e-01, 1.846340646965e-04
 1.550000000000e+01, 1.125000000000e+00, 9.750000000000e-01, 1.166629684980e-01, 2.017228523607e-04
 1.550000000000e+01, 1.125000000000e+00, 1.000000000000e+00, 1.168538586051e-01, 2.399020231847e-04
 1.550000000000e+01, 1.125000000000e+00, 1.025000000000e+00, 1.171262681990e-01, 1.841552880464e-04
 1.550000000000e+01, 1.125000000000e+00, 1.050000000000e+00, 1.172903994372e-01, 2.444163141954e-04
 1.550000000000e+01, 1.125000000000e+00, 1.075000000000e+00, 1.181753050683e-01, 2.302319575952e-04
 1.550000000000e+01, 1.125000000000e+00, 1.100000000000e+00, 1.183155690335e-01, 2.027064180205e-04
 1.550000000000e+01, 1.125000000000e+00, 1.125000000000e+00, 1.193498558981e-01, 2.130512653310e-04
 1.550000000000e+01, 1.125000000000e+00, 1.150000000000e+00, 1.195937602150e-01, 2.249086483416e-04
 1.550000000000e+01, 1.125000000000e+00, 1.175000000000e+00, 1.207593880006e-01, 2.003016679608e-04
 1.550000000000e+01, 1.150000000000e+00, 9.500000000000e-01, 1.175849307644e-01, 2.319643851730e-04
 1.550000000000e+01, 1.150000000000e+00, 9.750000000000e-01, 1.176406067607e-01, 1.803396417659e-04
 1.550000000000e+01, 1.150000000000e+00, 1.000000000000e+00, 1.175300868729e-01, 2.136476703063e-04
 1.550000000000e+01, 1.150000000000e+00, 1.025000000000e+00, 1.181116021914e-01, 2.064848291954e-04
 1.550000000000e+01, 1.150000000000e+00, 1.050000000000e+00, 1.182757504501e-01, 2.344372451898e-04
 1.550000000000e+01, 1.150000000000e+00, 1.075000000000e+00, 1.187632580782e-01, 2.679999275135e-04
 1.550000000000e+01, 1.150000000000e+00, 1.100000000000e+00, 1.195370017069e-01, 2.299141794952e-04
 1.550000000000e+01, 1.150000000000e+00, 1.125000000000e+00, 1.201362523645e-01, 2.093072096091e-04
 1.550000000000e+01, 1.150000000000e+00, 1.150000000000e+00, 1.204304038214e-01, 2.288122480251e-04
 1.550000000000e+01, 1.150000000000e+00, 1.175000000000e+00, 1.215017111273e-01, 2.027717125500e-04
 1.550000000000e+01, 1.175000000000e+00, 9.500000000000e-01, 1.188804060815e-01, 2.486388165047e-04
 1.550000000000e+01, 1.175000000000e+00, 9.750000000000e-01, 1.187064027312e-01, 2.111496789373e-04
 1.550000000000e+01, 1.175000000000e+00, 1.000000000000e+00, 1.185383939189e-01, 2.113051152610e-04
 1.550000000000e+01, 1.175000000000e+00, 1.025000000000e+00, 1.183248794546e-01, 3.323468963872e-04
 1.550000000000e+01, 1.175000000000e+00, 1.050000000000e+00, 1.198318001617e-01, 2.339261233669e-04
 1.550000000000e+01, 1.175000000000e+00, 1.075000000000e+00, 1.198798078455e-01, 2.221884972686e-04
 1.550000000000e+01, 1.175000000000e+00, 1.100000000000e+00, 1.204565069952e-01, 2.455402089462e-04
 1.550000000000e+01, 1.175000000000e+00, 1.125000000000e+00, 1.207162722504e-01, 3.526315481299e-04
 1.550000000000e+01, 1.175000000000e+00, 1.150000000000e+00, 1.218403833021e-01, 2.459411050676e-04
 1.550000000000e+01, 1.175000000000e+00, 1.175000000000e+00, 1.225394004293e-01, 2.457730112461e-04
 1.620000000000e+01, 9.500000000000e-01, 9.500000000000e-01, 1.433198266665e-01, 1.686767229795e-03
 1.620000000000e+01, 9.500000000000e-01, 9.750000000000e-01, 1.406103976033e-01, 1.569446428048e-03
 1.620000000000e+01, 9.500000000000e-01, 1.000000000000e+00, 1.399713692819e-01, 1.448052555255e-03
 1.620000000000e+01, 9.500000000000e-01, 1.025000000000e+00, 1.402862745342e-01, 1.162758050412e-03
 1.620000000000e+01, 9.500000000000e-01, 1.050000000000e+00, 1.402139240411e-01, 1.205808133412e-03
 1.620000000000e+01, 9.500000000000e-01, 1.075000000000e+00, 1.413110459767e-01, 1.438091368852e-03
 1.620000000000e+01, 9.500000000000e-01, 1.100000000000e+00, 1.429712632313e-01, 1.489266034070e-03
 1.620000000000e+01, 9.500000000000e-01, 1.125000000000e+00, 1.430508919014e-01, 1.359015337715e-03
 1.620000000000e+01, 9.500000000000e-01, 1.150000000000e+00, 1.425290977040e-01, 1.328399606685e-03
 1.620000000000e+01, 9.500000000000e-01, 1.175000000000e+00, 1.425156856112e-01, 1.487451075089e-03
 1.620000000000e+01, 9.750000000000e-01, 9.500000000000e-01, 1.297199793127e-01, 7.698726387320e-04
 1.620000000000e+01, 9.750000000000e-01, 9.750000000000e-01, 1.301636256887e-01, 7.583974699800e-04
 1.620000000000e+01, 9.750000000000e-01, 1.000000000000e+00, 1.311386142382e-01, 9.062323506671e-04
 1.620000000000e+01, 9.750000000000e-01, 1.025000000000e+00, 1.305888199942e-01, 8.767163630256e-04
 1.620000000000e+01, 9.750000000000e-01, 1.050000000000e+00, 1.317093947569e-01, 1.026660611380e-03
 1.620000000000e+01, 9.750000000000e-01, 1.075000000000e+00, 1.320091999588e-01, 8.304278664154e-04
 1.620000000000e+01, 9.750000000000e-01, 1.100000000000e+00, 1.340467967802e-01, 9.348969064999e-04
 1.620000000000e+01, 9.750000000000e-01, 1.125000000000e+00, 1.336812087824e-01, 9.820949243297e-04
 1.620000000000e+01, 9.750000000000e-01, 1.150000000000e+00, 1.333539309733e-01, 8.320891064418e-04
 1.620000000000e+01, 9.750000000000e-01, 1.175000000000e+00, 1.333463005854e-01, 7.899998080764e-04
 1.620000000000e+01, 1.000000000000e+00, 9.500000000000e-01, 1.233318368049e-01, 5.146667453636e-04
 1.620000000000e+01, 1.000000000000e+00, 9.750000000000e-01, 1.244338579676e-01, 5.535176370172e-04
 1.620000000000e+01, 1.000000000000e+00, 1.000000000000e+00, 1.242405900656e-01, 5.629391648224e-04
 1.620000000000e+01, 1.000000000000e+00, 1.025000000000e+00, 1.251030203628e-01, 1.003775625923e-03
 1.620000000000e+01, 1.000000000000e+00, 1.050000000000e+00, 1.250678919482e-01, 8.292256734877e-04
 1.620000000000e+01, 1.000000000000e+00, 1.075000000000e+00, 1.248714612777e-01, 6.121874685057e-04
 1.620000000000e+01, 1.000000000000e+00, 1.100000000000e+00, 1.263563240505e-01, 7.507902541583e-04
 1.620000000000e+01, 1.000000000000e+00, 1.125000000000e+00, 1.274443962404e-01, 6.641054873050e-04
 1.620000000000e+01, 1.000000000000e+00, 1.150000000000e+00, 1.265743017305e-01, 5.973141761538e-04
 1.620000000000e+01, 1.000000000000e+00, 1.175000000000e+00, 1.287160014733e-01, 7.197091506409e-04
 1.620000000000e+01, 1.025000000000e+00, 9.500000000000e-01, 1.205117671850e-01, 4.148057612379e-04
 1.620000000000e+01, 1.025000000000e+00, 9.750000000000e-01, 1.194479461830e-01, 3.636558715419e-04
 1.620000000000e+01, 1.025000000000e+00, 1.000000000000e+00, 1.199570510736e-01, 4.096804472419e-04
 1.620000000000e+01, 1.025000000000e+00, 1.025000000000e+00, 1.196577672015e-01, 3.483877474155e-04
 1.620000000000e+01, 1.025000000000e+00, 1.050000000000e+00, 1.205653237288e-01, 4.166893682673e-04
 1.620000000000e+01, 1.025000000000e+00, 1.075000000000e+00, 1.210541960131e-01, 4.273121713146e-04
 1.620000000000e+01, 1.025000000000e+00, 1.100000000000e+00, 1.210810194372e-01, 4.260031484606e-04
 1.620000000000e+01, 1.025000000000e+00, 1.125000000000e+00, 1.229374245576e-01, 5.031248779883e-04
 1.620000000000e+01, 1.025000000000e+00, 1.150000000000e+00, 1.233832932399e-01, 4.689659763403e-04
 1.620000000000e+01, 1.025000000000e+00, 1.175000000000e+00, 1.238225641356e-01, 4.632818667321e-04
 1.620000000000e+01, 1.050000000000e+00, 9.500000000000e-01, 1.180981525174e-01, 3.091782124877e-04
 1.620000000000e+01, 1.050000000000e+00, 9.750000000000e-01, 1.177376928564e-01, 2.826169893540e-04
 1.620000000000e+01, 1.050000000000e+00, 1.000000000000e+00, 1.175147638603e-01, 4.072682140255e-04
 1.620000000000e+01, 1.050000000000e+00, 1.025000000000e+00, 1.180511601542e-01, 3.080119736035e-04
 1.620000000000e+01, 1.050000000000e+00, 1.050000000000e+00, 1.180303144256e-01, 2.844342112753e-04
 1.620000000000e+01, 1.050000000000e+00, 1.075000000000e+00, 1.182527473184e-01, 3.086533038008e-04
 1.620000000000e+01, 1.050000000000e+00, 1.100000000000e+00, 1.191328083027e-01, 3.061218621145e-04
 1.620000000000e+01, 1.050000000000e+00, 1.125000000000e+00, 1.200252523830e-01, 3.635050380365e-04
 1.620000000000e+01, 1.050000000000e+00, 1.150000000000e+00, 1.203887022820e-01, 3.099431115032e-04
 1.620000000000e+01, 1.050000000000e+00, 1.175000000000e+00, 1.212558703019e-01, 4.218669192767e-04
 1.620000000000e+01, 1.075000000000e+00, 9.500000000000e-01, 1.166296998175e-01, 2.071594274200e-04
 1.620000000000e+01, 1.075000000000e+00, 9.750000000000e-01, 1.160314577591e-01, 3.107649361439e-04
 1.620000000000e+01, 1.075000000000e+00, 1.000000000000e+00, 1.162065581454e-01, 2.683716595799e-04
 1.620000000000e+01, 1.075000000000e+00, 1.025000000000e+00, 1.171506117829e-01, 2.013951936910e-04
 1.620000000000e+01, 1.075000000000e+00, 1.050000000000e+00, 1.172092595663e-01, 2.339390921956e-04
 1.620000000000e+01, 1.075000000000e+00, 1.075000000000e+00, 1.175862444507e-01, 2.275490272092e-04
 1.620000000000e+01, 1.075000000000e+00, 1.100000000000e+00, 1.177442465833e-01, 2.497755297177e-04
 1.620000000000e+01, 1.075000000000e+00, 1.125000000000e+00, 1.189524060753e-01, 2.810084724987e-04
 1.620000000000e+01, 1.075000000000e+00, 1.150000000000e+00, 1.193976083361e-01, 2.352467500043e-04
 1.620000000000e+01, 1.075000000000e+00, 1.175000000000e+00, 1.195934194722e-01, 2.746310922472e-04
 1.620000000000e+01, 1.100000000000e+00, 9.500000000000e-01, 1.165093699737e-01, 1.564767949738e-04
 1.620000000000e+01, 1.100000000000e+00, 9.750000000000e-01, 1.163537776791e-01, 1.894042965450e-04
 1.620000000000e+01, 1.100000000000e+00, 1.000000000000e+00, 1.162590678834e-01, 1.729142922185e-04
 1.620000000000e+01, 1.100000000000e+00, 1.025000000000e+00, 1.165098646529e-01, 2.813029720664e-04
 1.620000000000e+01, 1.100000000000e+00, 1.050000000000e+00, 1.165447259010e-01, 2.052230197068e-04
 1.620000000000e+01, 1.100000000000e+00, 1.075000000000e+00, 1.171943484746e-01, 2.042587043797e-04
 1.620000000000e+01, 1.100000000000e+00, 1.100000000000e+00, 1.173095504236e-01, 2.337495435295e-04
 1.620000000000e+01, 1.100000000000e+00, 1.125000000000e+00, 1.186124238884e-01, 2.009827413601e-04
 1.620000000000e+01, 1.100000000000e+00, 1.150000000000e+00, 1.192629640305e-01, 1.899835184131e-04
 1.620000000000e+01, 1.100000000000e+00, 1.175000000000e+00, 1.195349125248e-01, 2.149819346460e-04
 1.620000000000e+01, 1.125000000000e+00, 9.500000000000e-01, 1.159826983983e-01, 2.260845054838e-04
 1.620000000000e+01, 1.125000000000e+00, 9.750000000000e-01, 1.163119226764e-01, 1.815524658978e-04
 1.620000000000e+01, 1.125000000000e+00, 1.000000000000e+00, 1.166379066484e-01, 1.682099720411e-04
 1.620000000000e+01, 1.125000000000e+00, 1.025000000000e+00, 1.164099088172e-01, 2.424291121183e-04
 1.620000000000e+01, 1.125000000000e+00, 1.050000000000e+00, 1.168389467842e-01, 2.918757741005e-04
 1.620000000000e+01, 1.125000000000e+00, 1.075000000000e+00, 1.175286228584e-01, 1.951654692761e-04
 1.620000000000e+01, 1.125000000000e+00, 1.100000000000e+00, 1.181380913757e-01, 1.992450330198e-04
 1.620000000000e+01, 1.125000000000e+00, 1.125000000000e+00, 1.188036504620e-01, 1.954493897117e-04
 1.620000000000e+01, 1.125000000000e+00, 1.150000000000e+00, 1.195221990921e-01, 1.886102640709e-04
 1.620000000000e+01, 1.125000000000e+00, 1.175000000000e+00, 1.197489312564e-01, 2.035478061464e-04
 1.620000000000e+01, 1.150000000000e+00, 9.500000000000e-01, 1.171132026354e-01, 2.006767093143e-04
 1.620000000000e+01, 1.150000000000e+00, 9.750000000000e-01, 1.172104290904e-01, 2.025005196755e-04
 1.620000000000e+01, 1.150000000000e+00, 1.000000000000e+00, 1.174049463218e-01, 1.923507349656e-04
 1.620000000000e+01, 1.150000000000e+00, 1.025000000000e+00, 1.173907829793e-01, 2.306888244653e-04
 1.620000000000e+01, 1.150000000000e+00, 1.050000000000e+00, 1.175403636145e-01, 2.365521877086e-04
 1.620000000000e+01, 1.150000000000e+00, 1.075000000000e+00, 1.182628403948e-01, 2.151836578660e-04
 1.620000000000e+01, 1.150000000000e+00, 1.100000000000e+00, 1.187633150251e-01, 2.032569902126e-04
 1.620000000000e+01, 1.150000000000e+00, 1.125000000000e+00, 1.195757668243e-01, 2.337525309547e-04
 1.620000000000e+01, 1.150000000000e+00, 1.150000000000e+00, 1.199753309046e-01, 2.266253825824e-04
 1.620000000000e+01, 1.150000000000e+00, 1.175000000000e+00, 1.205121447910e-01, 2.685218594360e-04
 1.620000000000e+01, 1.175000000000e+00, 9.500000000000e-01, 1.184496703515e-01, 1.858300596474e-04
 1.620000000000e+01, 1.175000000000e+00, 9.750000000000e-01, 1.181250466239e-01, 2.022376756263e-04
 1.620000000000e+01, 1.175000000000e+00, 1.000000000000e+00, 1.180109222273e-01, 4.656436433203e-04
 1.620000000000e+01, 1.175000000000e+00, 1.025000000000e+00, 1.182935980843e-01, 2.739768276778e-04
 1.620000000000e+01, 1.175000000000e+00, 1.050000000000e+00, 1.188170915572e-01, 2.397181132027e-04
 1.620000000000e+01, 1.175000000000e+00, 1.075000000000e+00, 1.192547139608e-01, 2.955105738922e-04
 1.620000000000e+01, 1.175000000000e+00, 1.100000000000e+00, 1.193375552713e-01, 3.117116147286e-04
 1.620000000000e+01, 1.175000000000e+00, 1.125000000000e+00, 1.208423627151e-01, 2.045281371347e-04
 1.620000000000e+01, 1.175000000000e+00, 1.150000000000e+00, 1.212037899603e-01, 2.177463340415e-04
 1.620000000000e+01, 1.175000000000e+00, 1.175000000000e+00, 1.216081743900e-01, 2.390504914853e-04
 1.690000000000e+01, 9.500000000000e-01, 9.500000000000e-01, 1.391184226434e-01, 1.111132218349e-03
 1.690000000000e+01, 9.500000000000e-01, 9.750000000000e-01, 1.376279013358e-01, 1.233411590924e-03
 1.690000000000e+01, 9.500000000000e-01, 1.000000000000e+00, 1.392041847768e-01, 1.196097712712e-03
 1.690000000000e+01, 9.500000000000e-01, 1.025000000000e+00, 1.384646584547e-01, 9.953144011308e-04
 1.690000000000e+01, 9.500000000000e-01, 1.050000000000e+00, 1.403380511641e-01, 1.235724738190e-03
 1.690000000000e+01, 9.500000000000e-01, 1.075000000000e+00, 1.399363872169e-01, 1.203534563116e-03
 1.690000000000e+01, 9.500000000000e-01, 1.100000000000e+00, 1.414803015984e-01, 1.791421362471e-03
 1.690000000000e+01, 9.500000000000e-01, 1.125000000000e+00, 1.432910714131e-01, 1.454296198203e-03
 1.690000000000e+01, 9.500000000000e-01, 1.150000000000e+00, 1.431271347525e-01, 1.277828858378e-03
 1.690000000000e+01, 9.500000000000e-01, 1.175000000000e+00, 1.438210098388e-01, 1.541678596228e-03
 1.690000000000e+01, 9.750000000000e-01, 9.500000000000e-01, 1.304599690815e-01, 8.042734889127e-04
 1.690000000000e+01, 9.750000000000e-01, 9.750000000000e-01, 1.310931960267e-01, 7.742239002506e-04
 1.690000000000e+01, 9.750000000000e-01, 1.000000000000e+00, 1.299225846569e-01, 7.542136214785e-04
 1.690000000000e+01, 9.750000000000e-01, 1.025000000000e+00, 1.285427254267e-01, 7.626065046223e-04
 1.690000000000e+01, 9.750000000000e-01, 1.050000000000e+00, 1.306061920117e-01, 1.006772489619e-03
 1.690000000000e+01, 9.750000000000e-01, 1.075000000000e+00, 1.310753291876e-01, 8.240102135755e-04
 1.690000000000e+01, 9.750000000000e-01, 1.100000000000e+00, 1.316945476458e-01, 9.001470909039e-04
 1.690000000000e+01, 9.750000000000e-01, 1.125000000000e+00, 1.319706222060e-01, 1.195762803341e-03
 1.690000000000e+01, 9.750000000000e-01, 1.150000000000e+00, 1.314138789553e-01, 7.675867298354e-04
 1.690000000000e+01, 9.750000000000e-01, 1.175000000000e+00, 1.326643219426e-01, 8.722740113052e-04
 1.690000000000e+01, 1.000000000000e+00, 9.500000000000e-01, 1.224968979720e-01, 4.892294890994e-04
 1.690000000000e+01, 1.000000000000e+00, 9.750000000000e-01, 1.238161735381e-01, 6.046996236939e-04
 1.690000000000e+01, 1.000000000000e+00, 1.000000000000e+00, 1.239573355893e-01, 5.191743440912e-04
 1.690000000000e+01, 1.000000000000e+00, 1.025000000000e+00, 1.244015064641e-01, 6.510534076011e-04
 1.690000000000e+01, 1.000000000000e+00, 1.050000000000e+00, 1.235479261406e-01, 6.109455014157e-04
 1.690000000000e+01, 1.000000000000e+00, 1.075000000000e+00, 1.250184727924e-01, 6.829835621501e-04
 1.690000000000e+01, 1.000000000000e+00, 1.100000000000e+00, 1.261898793286e-01, 6.174289934430e-04
 1.690000000000e+01, 1.000000000000e+00, 1.125000000000e+00, 1.260187461884e-01, 6.665234552935e-04
 1.690000000000e+01, 1.000000000000e+00, 1.150000000000e+00, 1.277094665510e-01, 7.194321312194e-04
 1.690000000000e+01, 1.000000000000e+00, 1.175000000000e+00, 1.275243286547e-01, 7.036571461807e-04
 1.690000000000e+01, 1.025000000000e+00, 9.500000000000e-01, 1.199230678778e-01, 3.652970241217e-04
 1.690000000000e+01, 1.025000000000e+00, 9.750000000000e-01, 1.197474632318e-01, 3.877451139062e-04
 1.690000000000e+01, 1.025000000000e+00, 1.000000000000e+00, 1.193245631092e-01, 3.666118130027e-04
 1.690000000000e+01, 1.025000000000e+00, 1.025000000000e+00, 1.203549205645e-01, 4.159449018799e-04
 1.690000000000e+01, 1.025000000000e+00, 1.050000000000e+00, 1.198064240778e-01, 3.644867471746e-04
 1.690000000000e+01, 1.025000000000e+00, 1.075000000000e+00, 1.203980449322e-01, 3.678522176047e-04
 1.690000000000e+01, 1.025000000000e+00, 1.100000000000e+00, 1.208834010360e-01, 4.011993137569e-04
 1.690000000000e+01, 1.025000000000e+00, 1.125000000000e+00, 1.220256589599e-01, 5.042257894933e-04
 1.690000000000e+01, 1.025000000000e+00, 1.150000000000e+00, 1.225901885775e-01, 4.153056675191e-04
 1.690000000000e+01, 1.025000000000e+00, 1.175000000000e+00, 1.235323835131e-01, 5.080832213928e-04
 1.690000000000e+01, 1.050000000000e+00, 9.500000000000e-01, 1.176501355728e-01, 2.618485805224e-04
 1.690000000000e+01, 1.050000000000e+00, 9.750000000000e-01, 1.173396405632e-01, 3.113510089928e-04
 1.690000000000e+01, 1.050000000000e+00, 1.000000000000e+00, 1.169455023715e-01, 2.829015073475e-04
 1.690000000000e+01, 1.050000000000e+00, 1.025000000000e+00, 1.180871767481e-01, 2.743324814247e-04
 1.690000000000e+01, 1.050000000000e+00, 1.050000000000e+00, 1.177508381205e-01, 2.861613006316e-04
 1.690000000000e+01, 1.050000000000e+00, 1.075000000000e+00, 1.184489110933e-01, 3.185746915787e-04
 1.690000000000e+01, 1.050000000000e+00, 1.100000000000e+00, 1.188484090174e-01, 2.627971762792e-04
 1.690000000000e+01, 1.050000000000e+00, 1.125000000000e+00, 1.195724425126e-01, 2.978279008572e-04
 1.690000000000e+01, 1.050000000000e+00, 1.150000000000e+00, 1.202895067825e-01, 3.960397857456e-04
 1.690000000000e+01, 1.050000000000e+00, 1.175000000000e+00, 1.203267885894e-01, 3.569845935458e-04
 1.690000000000e+01, 1.075000000000e+00, 9.500000000000e-01, 1.161581722760e-01, 2.294997946881e-04
 1.690000000000e+01, 1.075000000000e+00, 9.750000000000e-01, 1.163288168949e-01, 2.077831208104e-04
 1.690000000000e+01, 1.075000000000e+00, 1.000000000000e+00, 1.160074569765e-01, 2.700116500965e-04
 1.690000000000e+01, 1.075000000000e+00, 1.025000000000e+00, 1.166976998568e-01, 2.113265295425e-04
 1.690000000000e+01, 1.075000000000e+00, 1.050000000000e+00, 1.170093440773e-01, 2.276590751123e-04
 1.690000000000e+01, 1.075000000000e+00, 1.075000000000e+00, 1.172054371269e-01, 2.032894928638e-04
 1.690000000000e+01, 1.075000000000e+00, 1.100000000000e+00, 1.178322193645e-01, 2.550588267894e-04
 1.690000000000e+01, 1.075000000000e+00, 1.125000000000e+00, 1.182908150765e-01, 2.360336690039e-04
 1.690000000000e+01, 1.075000000000e+00, 1.150000000000e+00, 1.192254382409e-01, 2.346084151188e-04
 1.690000000000e+01, 1.075000000000e+00, 1.175000000000e+00, 1.199695013278e-01, 2.515667780312e-04
 1.690000000000e+01, 1.100000000000e+00, 9.500000000000e-01, 1.159781073084e-01, 1.773832038489e-04
 1.690000000000e+01, 1.100000000000e+00, 9.750000000000e-01, 1.160437754504e-01, 1.699195591405e-04
 1.690000000000e+01, 1.100000000000e+00, 1.000000000000e+00, 1.161648948713e-01, 1.778264364862e-04
 1.690000000000e+01, 1.100000000000e+00, 1.025000000000e+00, 1.160917846913e-01, 1.987827702414e-04
 1.690000000000e+01, 1.100000000000e+00, 1.050000000000e+00, 1.168493270082e-01, 1.801277893032e-04
 1.690000000000e+01, 1.100000000000e+00, 1.075000000000e+00, 1.166085232003e-01, 2.248982808811e-04
 1.690000000000e+01, 1.100000000000e+00, 1.100000000000e+00, 1.173730399193e-01, 2.124204172355e-04
 1.690000000000e+01, 1.100000000000e+00, 1.125000000000e+00, 1.178878385329e-01, 1.994656197787e-04
 1.690000000000e+01, 1.100000000000e+00, 1.150000000000e+00, 1.187500597125e-01, 2.166451962325e-04
 1.690000000000e+01, 1.100000000000e+00, 1.175000000000e+00, 1.192706236485e-01, 2.401294453530e-04
 1.690000000000e+01, 1.125000000000e+00, 9.500000000000e-01, 1.161681410764e-01, 1.847071454023e-04
 1.690000000000e+01, 1.125000000000e+00, 9.750000000000e-01, 1.160213409282e-01, 2.281293321283e-04
 1.690000000000e+01, 1.125000000000e+00, 1.000000000000e+00, 1.161053837273e-01, 1.906290531017e-04
 1.690000000000e+01, 1.125000000000e+00, 1.025000000000e+00, 1.165595867411e-01, 2.669667057377e-04
 1.690000000000e+01, 1.125000000000e+00, 1.050000000000e+00, 1.167438022044e-01, 2.588664473043e-04
 1.690000000000e+01, 1.125000000000e+00, 1.075000000000e+00, 1.171920528587e-01, 2.365486780047e-04
 1.690000000000e+01, 1.125000000000e+00, 1.100000000000e+00, 1.177006215023e-01, 2.408546329337e-04
 1.690000000000e+01, 1.125000000000e+00, 1.125000000000e+00, 1.184732904518e-01, 2.267298434883e-04
 1.690000000000e+01, 1.125000000000e+00, 1.150000000000e+00, 1.183294606035e-01, 3.365058790528e-04
 1.690000000000e+01, 1.125000000000e+00, 1.175000000000e+00, 1.198674898781e-01, 1.886877633570e-04
 1.690000000000e+01, 1.150000000000e+00, 9.500000000000e-01, 1.173197299796e-01, 1.693363400169e-04
 1.690000000000e+01, 1.150000000000e+00, 9.750000000000e-01, 1.173219542801e-01, 1.547642005029e-04
 1.690000000000e+01, 1.150000000000e+00, 1.000000000000e+00, 1.166667065980e-01, 2.600836607763e-04
 1.690000000000e+01, 1.150000000000e+00, 1.025000000000e+00, 1.174170552580e-01, 1.788445533152e-04
 1.690000000000e+01, 1.150000000000e+00, 1.050000000000e+00, 1.178928228420e-01, 1.927837111873e-04
 1.690000000000e+01, 1.150000000000e+00, 1.075000000000e+00, 1.185083620154e-01, 1.848246547612e-04
 1.690000000000e+01, 1.150000000000e+00, 1.100000000000e+00, 1.188542690645e-01, 1.978407321973e-04
 1.690000000000e+01, 1.150000000000e+00, 1.125000000000e+00, 1.193350040258e-01, 1.965039824372e-04
 1.690000000000e+01, 1.150000000000e+00, 1.150000000000e+00, 1.196143538404e-01, 2.350678730990e-04
 1.690000000000e+01, 1.150000000000e+00, 1.175000000000e+00, 1.208180468111e-01, 1.895293827066e-04
 1.690000000000e+01, 1.175000000000e+00, 9.500000000000e-01, 1.180210507303e-01, 1.864841941145e-04
 1.690000000000e+01, 1.175000000000e+00, 9.750000000000e-01, 1.180921651614e-01, 2.211702307812e-04
 1.690000000000e+01, 1.175000000000e+00, 1.000000000000e+00, 1.176598719704e-01, 2.806294107526e-04
 1.690000000000e+01, 1.175000000000e+00, 1.025000000000e+00, 1.183805923177e-01, 2.354225291228e-04
 1.690000000000e+01, 1.175000000000e+00, 1.050000000000e+00, 1.186222747503e-01, 2.313972924985e-04
 1.690000000000e+01, 1.175000000000e+00, 1.075000000000e+00, 1.189466305546e-01, 2.512774935636e-04
 1.690000000000e+01, 1.175000000000e+00, 1.100000000000e+00, 1.192493872678e-01, 2.352714635874e-04
 1.690000000000e+01, 1.175000000000e+00, 1.125000000000e+00, 1.197135730229e-01, 2.682846480441e-04
 1.690000000000e+01, 1.175000000000e+00, 1.150000000000e+00, 1.209451293269e-01, 2.418887173350e-04
 1.690000000000e+01, 1.175000000000e+00, 1.175000000000e+00, 1.214518207871e-01, 2.435279650691e-04
 1.760000000000e+01, 9.500000000000e-01, 9.500000000000e-01, 1.367436233796e-01, 1.012045527845e-03
 1.760000000000e+01, 9.500000000000e-01, 9.750000000000e-01, 1.370434269057e-01, 9.726291512224e-04
 1.760000000000e+01, 9.500000000000e-01, 1.000000000000e+00, 1.354409822612e-01, 9.619105959056e-04
 1.760000000000e+01, 9.500000000000e-01, 1.025000000000e+00, 1.351552055988e-01, 9.313080861041e-04
 1.760000000000e+01, 9.500000000000e-01, 1.050000000000e+00, 1.388331042997e-01, 1.318770420065e-03
 1.760000000000e+01, 9.500000000000e-01, 1.075000000000e+00, 1.390536538149e-01, 1.138325484194e-03
 1.760000000000e+01, 9.500000000000e-01, 1.100000000000e+00, 1.389507494925e-01, 1.119428915215e-03
 1.760000000000e+01, 9.500000000000e-01, 1.125000000000e+00, 1.408735446164e-01, 1.381616147258e-03
 1.760000000000e+01, 9.500000000000e-01, 1.150000000000e+00, 1.385213785325e-01, 1.217277489762e-03
 1.760000000000e+01, 9.500000000000e-01, 1.175000000000e+00, 1.423649189015e-01, 1.155003625737e-03
 1.760000000000e+01, 9.750000000000e-01, 9.500000000000e-01, 1.297911584178e-01, 7.244177110924e-04
 1.760000000000e+01, 9.750000000000e-01, 9.750000000000e-01, 1.293832669771e-01, 7.118832307667e-04
 1.760000000000e+01, 9.750000000000e-01, 1.000000000000e+00, 1.278787036957e-01, 6.703800764861e-04
 1.760000000000e+01, 9.750000000000e-01, 1.025000000000e+00, 1.294774113560e-01, 7.900332844783e-04
 1.760000000000e+01, 9.750000000000e-01, 1.050000000000e+00, 1.301855318073e-01, 8.387939875097e-04
 1.760000000000e+01, 9.750000000000e-01, 1.075000000000e+00, 1.284942510635e-01, 6.874077762698e-04
 1.760000000000e+01, 9.750000000000e-01, 1.100000000000e+00, 1.314625365750e-01, 9.602461248706e-04
 1.760000000000e+01, 9.750000000000e-01, 1.125000000000e+00, 1.314578994485e-01, 9.065475564809e-04
 1.760000000000e+01, 9.750000000000e-01, 1.150000000000e+00, 1.323943703943e-01, 9.774916616612e-04
 1.760000000000e+01, 9.750000000000e-01, 1.175000000000e+00, 1.320151163473e-01, 1.102465432007e-03
 1.760000000000e+01, 1.000000000000e+00, 9.500000000000e-01, 1.234653114248e-01, 5.000537566713e-04
 1.760000000000e+01, 1.000000000000e+00, 9.750000000000e-01, 1.239662558409e-01, 6.336323243988e-04
 1.760000000000e+01, 1.000000000000e+00, 1.000000000000e+00, 1.231734058760e-01, 5.564332886861e-04
 1.760000000000e+01, 1.000000000000e+00, 1.025000000000e+00, 1.221416084446e-01, 5.185245738715e-04
 1.760000000000e+01, 1.000000000000e+00, 1.050000000000e+00, 1.231009331062e-01, 5.287021496651e-04
 1.760000000000e+01, 1.000000000000e+00, 1.075000000000e+00, 1.249547631981e-01, 7.195352734208e-04
 1.760000000000e+01, 1.000000000000e+00, 1.100000000000e+00, 1.248336267925e-01, 6.181975706164e-04
 1.760000000000e+01, 1.000000000000e+00, 1.125000000000e+00, 1.256557367881e-01, 6.489318660318e-04
 1.760000000000e+01, 1.000000000000e+00, 1.150000000000e+00, 1.261635613171e-01, 6.658334512080e-04
 1.760000000000e+01, 1.000000000000e+00, 1.175000000000e+00, 1.260266301708e-01, 6.145899543935e-04
 1.760000000000e+01, 1.025000000000e+00, 9.500000000000e-01, 1.188725671847e-01, 3.779784650054e-04
 1.760000000000e+01, 1.025000000000e+00, 9.750000000000e-01, 1.195681687524e-01, 3.541946396640e-04
 1.760000000000e+01, 1.025000000000e+00, 1.000000000000e+00, 1.194104198286e-01, 3.522716744288e-04
 1.760000000000e+01, 1.025000000000e+00, 1.025000000000e+00, 1.193415775494e-01, 3.534948003302e-04
 1.760000000000e+01, 1.025000000000e+00, 1.050000000000e+00, 1.207314823353e-01, 4.293654111472e-04
 1.760000000000e+01, 1.025000000000e+00, 1.075000000000e+00, 1.208867144028e-01, 3.976118628241e-04
 1.760000000000e+01, 1.025000000000e+00, 1.100000000000e+00, 1.212506474613e-01, 4.273381376179e-04
 1.760000000000e+01, 1.025000000000e+00, 1.125000000000e+00, 1.219537849557e-01, 4.581398628698e-04
 1.760000000000e+01, 1.025000000000e+00, 1.150000000000e+00, 1.223577747584e-01, 4.197351873591e-04
 1.760000000000e+01, 1.025000000000e+00, 1.175000000000e+00, 1.225541206382e-01, 3.959348341438e-04
 1.760000000000e+01, 1.050000000000e+00, 9.500000000000e-01, 1.175977508437e-01, 2.761553158145e-04
 1.760000000000e+01, 1.050000000000e+00, 9.750000000000e-01, 1.175581302240e-01, 2.529445902435e-04
 1.760000000000e+01, 1.050000000000e+00, 1.000000000000e+00, 1.176502439282e-01, 3.012693990211e-04
 1.760000000000e+01, 1.050000000000e+00, 1.025000000000e+00, 1.176788329914e-01, 2.756526230403e-04
 1.760000000000e+01, 1.050000000000e+00, 1.050000000000e+00, 1.180908605996e-01, 3.068709323552e-04
 1.760000000000e+01, 1.050000000000e+00, 1.075000000000e+00, 1.184829001043e-01, 2.723290155512e-04
 1.760000000000e+01, 1.050000000000e+00, 1.100000000000e+00, 1.191688044310e-01, 3.117757438724e-04
 1.760000000000e+01, 1.050000000000e+00, 1.125000000000e+00, 1.195575043179e-01, 3.126368289052e-04
 1.760000000000e+01, 1.050000000000e+00, 1.150000000000e+00, 1.193118296118e-01, 4.004033931149e-04
 1.760000000000e+01, 1.050000000000e+00, 1.175000000000e+00, 1.214319468431e-01, 4.031724024746e-04
 1.760000000000e+01, 1.075000000000e+00, 9.500000000000e-01, 1.168575010198e-01, 1.935865470157e-04
 1.760000000000e+01, 1.075000000000e+00, 9.750000000000e-01, 1.160031272454e-01, 2.335064385203e-04
 1.760000000000e+01, 1.075000000000e+00, 1.000000000000e+00, 1.164917780731e-01, 2.104361746641e-04
 1.760000000000e+01, 1.075000000000e+00, 1.025000000000e+00, 1.168450694341e-01, 2.189459218917e-04
 1.760000000000e+01, 1.075000000000e+00, 1.050000000000e+00, 1.170415783122e-01, 2.140393654723e-04
 1.760000000000e+01, 1.075000000000e+00, 1.075000000000e+00, 1.173851767106e-01, 2.130124594476e-04
 1.760000000000e+01, 1.075000000000e+00, 1.100000000000e+00, 1.175076607760e-01, 2.570031988497e-04
 1.760000000000e+01, 1.075000000000e+00, 1.125000000000e+00, 1.186340174460e-01, 2.200190769883e-04
 1.760000000000e+01, 1.075000000000e+00, 1.150000000000e+00, 1.193578630602e-01, 2.174940735894e-04
 1.760000000000e+01, 1.075000000000e+00, 1.175000000000e+00, 1.194399088430e-01, 2.464262350699e-04
 1.760000000000e+01, 1.100000000000e+00, 9.500000000000e-01, 1.161749161958e-01, 2.304921010750e-04
 1.760000000000e+01, 1.100000000000e+00, 9.750000000000e-01, 1.158628774116e-01, 2.691701746710e-04
 1.760000000000e+01, 1.100000000000e+00, 1.000000000000e+00, 1.158844262337e-01, 2.014046799845e-04
 1.760000000000e+01, 1.100000000000e+00, 1.025000000000e+00, 1.166637438195e-01, 1.648151470093e-04
 1.760000000000e+01, 1.100000000000e+00, 1.050000000000e+00, 1.169364669125e-01, 1.721912653682e-04
 1.760000000000e+01, 1.100000000000e+00, 1.075000000000e+00, 1.172090774590e-01, 1.737523461628e-04
 1.760000000000e+01, 1.100000000000e+00, 1.100000000000e+00, 1.174297020929e-01, 2.243197282553e-04
 1.760000000000e+01, 1.100000000000e+00, 1.125000000000e+00, 1.182997654468e-01, 1.854452527727e-04
 1.760000000000e+01, 1.100000000000e+00, 1.150000000000e+00, 1.184482693429e-01, 2.730367994347e-04
 1.760000000000e+01, 1.100000000000e+00, 1.175000000000e+00, 1.190964935736e-01, 2.254561383862e-04
 1.760000000000e+01, 1.125000000000e+00, 9.500000000000e-01, 1.163881611696e-01, 1.757707354855e-04
 1.760000000000e+01, 1.125000000000e+00, 9.750000000000e-01, 1.166428012098e-01, 1.526061785473e-04
 1.760000000000e+01, 1.125000000000e+00, 1.000000000000e+00, 1.168963047718e-01, 1.506099351393e-04
 1.760000000000e+01, 1.125000000000e+00, 1.025000000000e+00, 1.167579218553e-01, 1.992246305852e-04
 1.760000000000e+01, 1.125000000000e+00, 1.050000000000e+00, 1.172036208855e-01, 1.806919671874e-04
 1.760000000000e+01, 1.125000000000e+00, 1.075000000000e+00, 1.171717337664e-01, 1.916809632030e-04
 1.760000000000e+01, 1.125000000000e+00, 1.100000000000e+00, 1.177362741243e-01, 2.138081161995e-04
 1.760000000000e+01, 1.125000000000e+00, 1.125000000000e+00, 1.182240348331e-01, 2.110417522045e-04
 1.760000000000e+01, 1.125000000000e+00, 1.150000000000e+00, 1.190659536076e-01, 2.210621940559e-04
 1.760000000000e+01, 1.125000000000e+00, 1.175000000000e+00, 1.196401442080e-01, 1.827949832819e-04
 1.760000000000e+01, 1.150000000000e+00, 9.500000000000e-01, 1.173381957717e-01, 1.358764932838e-04
 1.760000000000e+01, 1.150000000000e+00, 9.750000000000e-01, 1.167610603884e-01, 1.996735745746e-04
 1.760000000000e+01, 1.150000000000e+00, 1.000000000000e+00, 1.171893012460e-01, 1.847036824238e-04
 1.760000000000e+01, 1.150000000000e+00, 1.025000000000e+00, 1.176749892626e-01, 1.803717376502e-04
 1.760000000000e+01, 1.150000000000e+00, 1.050000000000e+00, 1.183408783820e-01, 1.655484627482e-04
 1.760000000000e+01, 1.150000000000e+00, 1.075000000000e+00, 1.181397679237e-01, 2.073740018907e-04
 1.760000000000e+01, 1.150000000000e+00, 1.100000000000e+00, 1.184545849835e-01, 2.159134861434e-04
 1.760000000000e+01, 1.150000000000e+00, 1.125000000000e+00, 1.195512538093e-01, 1.609193463706e-04
 1.760000000000e+01, 1.150000000000e+00, 1.150000000000e+00, 1.196410283827e-01, 2.201140783753e-04
 1.760000000000e+01, 1.150000000000e+00, 1.175000000000e+00, 1.204615366097e-01, 1.913662141972e-04
 1.760000000000e+01, 1.175000000000e+00, 9.500000000000e-01, 1.179793724043e-01, 1.909090268765e-04
 1.760000000000e+01, 1.175000000000e+00, 9.750000000000e-01, 1.182780584493e-01, 1.724341629632e-04
 1.760000000000e+01, 1.175000000000e+00, 1.000000000000e+00, 1.182768635135e-01, 1.951390231529e-04
 1.760000000000e+01, 1.175000000000e+00, 1.025000000000e+00, 1.184290848900e-01, 2.061823240254e-04
 1.760000000000e+01, 1.175000000000e+00, 1.050000000000e+00, 1.189110693549e-01, 2.224085505122e-04
 1.760000000000e+01, 1.175000000000e+00, 1.075000000000e+00, 1.193386978431e-01, 2.418574762656e-04
 1.760000000000e+01, 1.175000000000e+00, 1.100000000000e+00, 1.197436697686e-01, 1.830075896565e-04
 1.760000000000e+01, 1.175000000000e+00, 1.125000000000e+00, 1.201568453248e-01, 2.124724112830e-04
 1.760000000000e+01, 1.175000000000e+00, 1.150000000000e+00, 1.206841914709e-01, 2.128712095366e-04
 1.760000000000e+01, 1.175000000000e+00, 1.175000000000e+00, 1.213867319734e-01, 2.068942258612e-04
 1.830000000000e+01, 9.500000000000e-01, 9.500000000000e-01, 1.366856456659e-01, 9.444503839151e-04
 1.830000000000e+01, 9.500000000000e-01, 9.750000000000e-01, 1.357260930676e-01, 9.440249572879e-04
 1.830000000000e+01, 9.500000000000e-01, 1.000000000000e+00, 1.361678866244e-01, 1.075744166525e-03
 1.830000000000e+01, 9.500000000000e-01, 1.025000000000e+00, 1.364780729597e-01, 1.132626748907e-03
 1.830000000000e+01, 9.500000000000e-01, 1.050000000000e+00, 1.367714932067e-01, 1.135285242349e-03
 1.830000000000e+01, 9.500000000000e-01, 1.075000000000e+00, 1.363514525561e-01, 1.165129366892e-03
 1.830000000000e+01, 9.500000000000e-01, 1.100000000000e+00, 1.390434028626e-01, 1.534734469577e-03
 1.830000000000e+01, 9.500000000000e-01, 1.125000000000e+00, 1.370158321297e-01, 1.067567613786e-03
 1.830000000000e+01, 9.500000000000e-01, 1.150000000000e+00, 1.394051050764e-01, 1.155758909261e-03
 1.830000000000e+01, 9.500000000000e-01, 1.175000000000e+00, 1.405127066576e-01, 1.298499375190e-03
 1.830000000000e+01, 9.750000000000e-01, 9.500000000000e-01, 1.287379433225e-01, 7.493014238417e-04
 1.830000000000e+01, 9.750000000000e-01, 9.750000000000e-01, 1.279000675507e-01, 7.348959064861e-04
 1.830000000000e+01, 9.750000000000e-01, 1.000000000000e+00, 1.292503172831e-01, 8.427251555427e-04
 1.830000000000e+01, 9.750000000000e-01, 1.025000000000e+00, 1.285997450252e-01, 7.903883334434e-04
 1.830000000000e+01, 9.750000000000e-01, 1.050000000000e+00, 1.280889152722e-01, 7.591411485943e-04
 1.830000000000e+01, 9.750000000000e-01, 1.075000000000e+00, 1.319699023696e-01, 1.301568077787e-03
 1.830000000000e+01, 9.750000000000e-01, 1.100000000000e+00, 1.295541340390e-01, 7.843242255583e-04
 1.830000000000e+01, 9.750000000000e-01, 1.125000000000e+00, 1.302993281161e-01, 8.736062851658e-04
 1.830000000000e+01, 9.750000000000e-01, 1.150000000000e+00, 1.324472258800e-01, 9.777701782263e-04
 1.830000000000e+01, 9.750000000000e-01, 1.175000000000e+00, 1.318551913428e-01, 8.484821788239e-04
 1.830000000000e+01, 1.000000000000e+00, 9.500000000000e-01, 1.235659341790e-01, 4.978390374980e-04
 1.830000000000e+01, 1.000000000000e+00, 9.750000000000e-01, 1.229919457624e-01, 5.378801084488e-04
 1.830000000000e+01, 1.000000000000e+00, 1.000000000000e+00, 1.228991445526e-01, 4.767684292309e-04
 1.830000000000e+01, 1.000000000000e+00, 1.025000000000e+00, 1.229387557864e-01, 6.443306700286e-04
 1.830000000000e+01, 1.000000000000e+00, 1.050000000000e+00, 1.241627292798e-01, 5.981165906627e-04
 1.830000000000e+01, 1.000000000000e+00, 1.075000000000e+00, 1.242554037946e-01, 5.964753778932e-04
 1.830000000000e+01, 1.000000000000e+00, 1.100000000000e+00, 1.253329790612e-01, 6.649477296951e-04
 1.830000000000e+01, 1.000000000000e+00, 1.125000000000e+00, 1.244325883271e-01, 5.540676833534e-04
 1.830000000000e+01, 1.000000000000e+00, 1.150000000000e+00, 1.254599711633e-01, 5.187356751107e-04
 1.830000000000e+01, 1.000000000000e+00, 1.175000000000e+00, 1.253399984480e-01, 5.824615649772e-04
 1.830000000000e+01, 1.025000000000e+00, 9.500000000000e-01, 1.200697882900e-01, 3.844696491413e-04
 1.830000000000e+01, 1.025000000000e+00, 9.750000000000e-01, 1.200615574815e-01, 3.932901388495e-04
 1.830000000000e+01, 1.025000000000e+00, 1.000000000000e+00, 1.201431129759e-01, 4.147426246337e-04
 1.830000000000e+01, 1.025000000000e+00, 1.025000000000e+00, 1.202297195348e-01, 3.441776760734e-04
 1.830000000000e+01, 1.025000000000e+00, 1.050000000000e+00, 1.202664044062e-01, 3.312554321539e-04
 1.830000000000e+01, 1.025000000000e+00, 1.075000000000e+00, 1.206248802911e-01, 3.927825065825e-04
 1.830000000000e+01, 1.025000000000e+00, 1.100000000000e+00, 1.206484944669e-01, 3.582156274270e-04
 1.830000000000e+01, 1.025000000000e+00, 1.125000000000e+00, 1.209860975349e-01, 3.638757505559e-04
 1.830000000000e+01, 1.025000000000e+00, 1.150000000000e+00, 1.228928285420e-01, 4.761213619793e-04
 1.830000000000e+01, 1.025000000000e+00, 1.175000000000e+00, 1.232865628054e-01, 5.163928516618e-04
 1.830000000000e+01, 1.050000000000e+00, 9.500000000000e-01, 1.179878365091e-01, 2.853498166586e-04
 1.830000000000e+01, 1.050000000000e+00, 9.750000000000e-01, 1.175868441175e-01, 2.724941798345e-04
 1.830000000000e+01, 1.050000000000e+00, 1.000000000000e+00, 1.178384819566e-01, 2.942459722890e-04
 1.830000000000e+01, 1.050000000000e+00, 1.025000000000e+00, 1.182031605947e-01, 2.882787468894e-04
 1.830000000000e+01, 1.050000000000e+00, 1.050000000000e+00, 1.181958619058e-01, 2.662352831569e-04
 1.830000000000e+01, 1.050000000000e+00, 1.075000000000e+00, 1.189102041889e-01, 2.881088157166e-04
 1.830000000000e+01, 1.050000000000e+00, 1.100000000000e+00, 1.186105644834e-01, 3.034576181423e-04
 1.830000000000e+01, 1.050000000000e+00, 1.125000000000e+00, 1.194143875856e-01, 2.868296546729e-04
 1.830000000000e+01, 1.050000000000e+00, 1.150000000000e+00, 1.204177972022e-01, 3.204011140714e-04
 1.830000000000e+01, 1.050000000000e+00, 1.175000000000e+00, 1.208471087957e-01, 3.335129505686e-04
 1.830000000000e+01, 1.075000000000e+00, 9.500000000000e-01, 1.168220366740e-01, 2.418221745073e-04
 1.830000000000e+01, 1.075000000000e+00, 9.750000000000e-01, 1.170339698471e-01, 1.925755671981e-04
 1.830000000000e+01, 1.075000000000e+00, 1.000000000000e+00, 1.168120619283e-01, 2.205159721287e-04
 1.830000000000e+01, 1.075000000000e+00, 1.025000000000e+00, 1.170015082751e-01, 2.243226563646e-04
 1.830000000000e+01, 1.075000000000e+00, 1.050000000000e+00, 1.173590734998e-01, 2.468564990619e-04
 1.830000000000e+01, 1.075000000000e+00, 1.075000000000e+00, 1.177861361856e-01, 2.203873761256e-04
 1.830000000000e+01, 1.075000000000e+00, 1.100000000000e+00, 1.183591608976e-01, 2.585631049677e-04
 1.830000000000e+01, 1.075000000000e+00, 1.125000000000e+00, 1.187302413771e-01, 2.075394978348e-04
 1.830000000000e+01, 1.075000000000e+00, 1.150000000000e+00, 1.189379467714e-01, 2.202425663629e-04
 1.830000000000e+01, 1.075000000000e+00, 1.175000000000e+00, 1.201044684335e-01, 2.235976540853e-04
 1.830000000000e+01, 1.100000000000e+00, 9.500000000000e-01, 1.162206385154e-01, 1.752026662729e-04
 1.830000000000e+01, 1.100000000000e+00, 9.750000000000e-01, 1.160925918116e-01, 2.180928448402e-04
 1.830000000000e+01, 1.100000000000e+00, 1.000000000000e+00, 1.164212290706e-01, 1.764861071151e-04
 1.830000000000e+01, 1.100000000000e+00, 1.025000000000e+00, 1.166805683851e-01, 2.065771599116e-04
 1.830000000000e+01, 1.100000000000e+00, 1.050000000000e+00, 1.168714188285e-01, 2.432392354285e-04
 1.830000000000e+01, 1.100000000000e+00, 1.075000000000e+00, 1.175508034370e-01, 1.612534763977e-04
 1.830000000000e+01, 1.100000000000e+00, 1.100000000000e+00, 1.178223950387e-01, 1.913118608932e-04
 1.830000000000e+01, 1.100000000000e+00, 1.125000000000e+00, 1.181270015317e-01, 1.914595020060e-04
 1.830000000000e+01, 1.100000000000e+00, 1.150000000000e+00, 1.189235682935e-01, 1.896981658949e-04
 1.830000000000e+01, 1.100000000000e+00, 1.175000000000e+00, 1.191613500916e-01, 2.010616169967e-04
 1.830000000000e+01, 1.125000000000e+00, 9.500000000000e-01, 1.169847684333e-01, 1.354748108442e-04
 1.830000000000e+01, 1.125000000000e+00, 9.750000000000e-01, 1.168604132011e-01, 1.496146589642e-04
 1.830000000000e+01, 1.125000000000e+00, 1.000000000000e+00, 1.167208165046e-01, 1.779841919173e-04
 1.830000000000e+01, 1.125000000000e+00, 1.025000000000e+00, 1.166979981033e-01, 2.147591841892e-04
 1.830000000000e+01, 1.125000000000e+00, 1.050000000000e+00, 1.173776454000e-01, 2.122459008499e-04
 1.830000000000e+01, 1.125000000000e+00, 1.075000000000e+00, 1.177075004138e-01, 1.760752649193e-04
 1.830000000000e+01, 1.125000000000e+00, 1.100000000000e+00, 1.183444289961e-01, 1.859806384838e-04
 1.830000000000e+01, 1.125000000000e+00, 1.125000000000e+00, 1.182995267556e-01, 2.045506348027e-04
 1.830000000000e+01, 1.125000000000e+00, 1.150000000000e+00, 1.193996631494e-01, 1.544814955432e-04
 1.830000000000e+01, 1.125000000000e+00, 1.175000000000e+00, 1.200686848988e-01, 1.718539149249e-04
 1.830000000000e+01, 1.150000000000e+00, 9.500000000000e-01, 1.175540658529e-01, 1.388723791311e-04
 1.830000000000e+01, 1.150000000000e+00, 9.750000000000e-01, 1.169943290637e-01, 2.361670983927e-04
 1.830000000000e+01, 1.150000000000e+00, 1.000000000000e+00, 1.176222476453e-01, 1.578369568004e-04
 1.830000000000e+01, 1.150000000000e+00, 1.025000000000e+00, 1.175458769555e-01, 1.910492676552e-04
 1.830000000000e+01, 1.150000000000e+00, 1.050000000000e+00, 1.179258606549e-01, 2.168399719599e-04
 1.830000000000e+01, 1.150000000000e+00, 1.075000000000e+00, 1.186441897812e-01, 1.926458664530e-04
 1.830000000000e+01, 1.150000000000e+00, 1.100000000000e+00, 1.185074092945e-01, 2.337670202319e-04
 1.830000000000e+01, 1.150000000000e+00, 1.125000000000e+00, 1.192335516618e-01, 2.772311529084e-04
 1.830000000000e+01, 1.150000000000e+00, 1.150000000000e+00, 1.194937996693e-01, 2.406301812912e-04
 1.830000000000e+01, 1.150000000000e+00, 1.175000000000e+00, 1.203655914017e-01, 2.064104286194e-04
 1.830000000000e+01, 1.175000000000e+00, 9.500000000000e-01, 1.185890738695e-01, 1.476937663839e-04
 1.830000000000e+01, 1.175000000000e+00, 9.750000000000e-01, 1.184906745989e-01, 1.752758562685e-04
 1.830000000000e+01, 1.175000000000e+00, 1.000000000000e+00, 1.185174167220e-01, 1.799983672319e-04
 1.830000000000e+01, 1.175000000000e+00, 1.025000000000e+00, 1.186959157952e-01, 2.402094200821e-04
 1.830000000000e+01, 1.175000000000e+00, 1.050000000000e+00, 1.189517148152e-01, 1.937313187263e-04
 1.830000000000e+01, 1.175000000000e+00, 1.075000000000e+00, 1.194930624176e-01, 1.883086068476e-04
 1.830000000000e+01, 1.175000000000e+00, 1.100000000000e+00, 1.201476627634e-01, 1.983046875409e-04
 1.830000000000e+01, 1.175000000000e+00, 1.125000000000e+00, 1.203952679919e-01, 2.051813179786e-04
 1.830000000000e+01, 1.175000000000e+00, 1.150000000000e+00, 1.210536190541e-01, 2.175768895825e-04
 1.830000000000e+01, 1.175000000000e+00, 1.175000000000e+00, 1.216417118606e-01, 1.982257281192e-04
