#              p[0],               p[1],               p[2],             energy,               error
 2.000000000000e+00, 8.000000000000e-01, 8.000000000000e-01, 6.048191634478e+00, 3.262144933805e-02
 2.000000000000e+00, 8.000000000000e-01, 8.700000000000e-01, 3.620166571206e+00, 2.319126892902e-02
 2.000000000000e+00, 8.000000000000e-01, 9.400000000000e-01, 2.628799748574e+00, 1.956522621041e-02
 2.000000000000e+00, 8.000000000000e-01, 1.010000000000e+00, 2.254759989781e+00, 1.979969807408e-02
 2.000000000000e+00, 8.000000000000e-01, 1.080000000000e+00, 2.132526868413e+00, 1.936895926268e-02
 2.000000000000e+00, 8.000000000000e-01, 1.150000000000e+00, 2.143983028802e+00, 2.009709223704e-02
 2.000000000000e+00, 8.000000000000e-01, 1.220000000000e+00, 2.167811856601e+00, 2.004571954233e-02
 2.000000000000e+00, 8.000000000000e-01, 1.290000000000e+00, 2.188167092030e+00, 2.172337578707e-02
 2.000000000000e+00, 8.000000000000e-01, 1.360000000000e+00, 2.238935123263e+00, 2.049857820851e-02
 2.000000000000e+00, 8.000000000000e-01, 1.430000000000e+00, 2.271590155215e+00, 2.146623306252e-02
 2.000000000000e+00, 8.700000000000e-01, 8.000000000000e-01, 4.804623332653e+00, 2.848680819731e-02
 2.000000000000e+00, 8.700000000000e-01, 8.700000000000e-01, 2.357429281011e+00, 1.276777616753e-02
 2.000000000000e+00, 8.700000000000e-01, 9.400000000000e-01, 1.401309933022e+00, 8.409069990945e-03
 2.000000000000e+00, 8.700000000000e-01, 1.010000000000e+00, 1.042648544805e+00, 7.352713177369e-03
 2.000000000000e+00, 8.700000000000e-01, 1.080000000000e+00, 9.074816340007e-01, 7.168037163744e-03
 2.000000000000e+00, 8.700000000000e-01, 1.150000000000e+00, 9.064704284234e-01, 7.476648220030e-03
 2.000000000000e+00, 8.700000000000e-01, 1.220000000000e+00, 9.478176459334e-01, 7.447983123024e-03
 2.000000000000e+00, 8.700000000000e-01, 1.290000000000e+00, 9.831665490869e-01, 7.769349679612e-03
 2.000000000000e+00, 8.700000000000e-01, 1.360000000000e+00, 1.016922278994e+00, 7.662018911442e-03
 2.000000000000e+00, 8.700000000000e-01, 1.430000000000e+00, 1.039434190471e+00, 7.405162247108e-03
 2.000000000000e+00, 9.400000000000e-01, 8.000000000000e-01, 4.325564938427e+00, 2.785557308307e-02
 2.000000000000e+00, 9.400000000000e-01, 8.700000000000e-01, 1.870987792071e+00, 1.071176072972e-02
 2.000000000000e+00, 9.400000000000e-01, 9.400000000000e-01, 9.212945590295e-01, 4.893531274152e-03
 2.000000000000e+00, 9.400000000000e-01, 1.010000000000e+00, 5.689121073914e-01, 3.250050846481e-03
 2.000000000000e+00, 9.400000000000e-01, 1.080000000000e+00, 4.546674360511e-01, 2.933815788004e-03
 2.000000000000e+00, 9.400000000000e-01, 1.150000000000e+00, 4.467048712233e-01, 2.957240986972e-03
 2.000000000000e+00, 9.400000000000e-01, 1.220000000000e+00, 4.661405255480e-01, 2.828480177750e-03
 2.000000000000e+00, 9.400000000000e-01, 1.290000000000e+00, 5.078603227279e-01, 3.107319181861e-03
 2.000000000000e+00, 9.400000000000e-01, 1.360000000000e+00, 5.496026947079e-01, 2.892842415629e-03
 2.000000000000e+00, 9.400000000000e-01, 1.430000000000e+00, 5.930247102781e-01, 3.055339052389e-03
 2.000000000000e+00, 1.010000000000e+00, 8.000000000000e-01, 4.104860286216e+00, 2.666889481593e-02
 2.000000000000e+00, 1.010000000000e+00, 8.700000000000e-01, 1.684024300365e+00, 1.061479797897e-02
 2.000000000000e+00, 1.010000000000e+00, 9.400000000000e-01, 7.479427114142e-01, 4.208064039624e-03
 2.000000000000e+00, 1.010000000000e+00, 1.010000000000e+00, 3.910815914307e-01, 1.790130128951e-03
 2.000000000000e+00, 1.010000000000e+00, 1.080000000000e+00, 2.808295848389e-01, 1.155412733820e-03
 2.000000000000e+00, 1.010000000000e+00, 1.150000000000e+00, 2.698894551029e-01, 1.070975238447e-03
 2.000000000000e+00, 1.010000000000e+00, 1.220000000000e+00, 2.946603644508e-01, 1.064066084518e-03
 2.000000000000e+00, 1.010000000000e+00, 1.290000000000e+00, 3.355183679084e-01, 1.116158402412e-03
 2.000000000000e+00, 1.010000000000e+00, 1.360000000000e+00, 3.757289156416e-01, 1.134786417518e-03
 2.000000000000e+00, 1.010000000000e+00, 1.430000000000e+00, 4.142464242803e-01, 1.103112967436e-03
 2.000000000000e+00, 1.080000000000e+00, 8.000000000000e-01, 4.011600245147e+00, 2.795356577539e-02
 2.000000000000e+00, 1.080000000000e+00, 8.700000000000e-01, 1.614767090524e+00, 1.027793840729e-02
 2.000000000000e+00, 1.080000000000e+00, 9.400000000000e-01, 6.782434410593e-01, 3.985192849294e-03
 2.000000000000e+00, 1.080000000000e+00, 1.010000000000e+00, 3.330464644970e-01, 1.455412607245e-03
 2.000000000000e+00, 1.080000000000e+00, 1.080000000000e+00, 2.257975310774e-01, 4.825215903742e-04
 2.000000000000e+00, 1.080000000000e+00, 1.150000000000e+00, 2.126601709393e-01, 2.724074830076e-04
 2.000000000000e+00, 1.080000000000e+00, 1.220000000000e+00, 2.397736369875e-01, 3.732738644882e-04
 2.000000000000e+00, 1.080000000000e+00, 1.290000000000e+00, 2.788105466462e-01, 4.426775131013e-04
 2.000000000000e+00, 1.080000000000e+00, 1.360000000000e+00, 3.200358279847e-01, 4.719236310309e-04
 2.000000000000e+00, 1.080000000000e+00, 1.430000000000e+00, 3.580276849219e-01, 4.627293248109e-04
 2.000000000000e+00, 1.150000000000e+00, 8.000000000000e-01, 3.959544736329e+00, 2.765004283186e-02
 2.000000000000e+00, 1.150000000000e+00, 8.700000000000e-01, 1.616329940983e+00, 1.069312266297e-02
 2.000000000000e+00, 1.150000000000e+00, 9.400000000000e-01, 6.784791786477e-01, 4.100159808377e-03
 2.000000000000e+00, 1.150000000000e+00, 1.010000000000e+00, 3.277197225999e-01, 1.452164883447e-03
 2.000000000000e+00, 1.150000000000e+00, 1.080000000000e+00, 2.186100395971e-01, 3.884204815246e-04
 2.000000000000e+00, 1.150000000000e+00, 1.150000000000e+00, 2.069891469727e-01, 1.473078389473e-04
 2.000000000000e+00, 1.150000000000e+00, 1.220000000000e+00, 2.330606803180e-01, 2.987678819330e-04
 2.000000000000e+00, 1.150000000000e+00, 1.290000000000e+00, 2.723493988924e-01, 3.763168029794e-04
 2.000000000000e+00, 1.150000000000e+00, 1.360000000000e+00, 3.130747889677e-01, 3.904297425742e-04
 2.000000000000e+00, 1.150000000000e+00, 1.430000000000e+00, 3.506721336719e-01, 4.008816703553e-04
 2.000000000000e+00, 1.220000000000e+00, 8.000000000000e-01, 3.978155731257e+00, 2.759392477469e-02
 2.000000000000e+00, 1.220000000000e+00, 8.700000000000e-01, 1.594932665469e+00, 1.032195841220e-02
 2.000000000000e+00, 1.220000000000e+00, 9.400000000000e-01, 6.868828003351e-01, 4.148324283228e-03
 2.000000000000e+00, 1.220000000000e+00, 1.010000000000e+00, 3.418467728314e-01, 1.508251868773e-03
 2.000000000000e+00, 1.220000000000e+00, 1.080000000000e+00, 2.329571051813e-01, 4.275162427273e-04
 2.000000000000e+00, 1.220000000000e+00, 1.150000000000e+00, 2.201458510633e-01, 2.310365256936e-04
 2.000000000000e+00, 1.220000000000e+00, 1.220000000000e+00, 2.459888592709e-01, 3.643234061208e-04
 2.000000000000e+00, 1.220000000000e+00, 1.290000000000e+00, 2.852267113254e-01, 4.128207756287e-04
 2.000000000000e+00, 1.220000000000e+00, 1.360000000000e+00, 3.251845992515e-01, 4.502496089390e-04
 2.000000000000e+00, 1.220000000000e+00, 1.430000000000e+00, 3.644377335962e-01, 4.468482655255e-04
 2.000000000000e+00, 1.290000000000e+00, 8.000000000000e-01, 3.858303948332e+00, 2.789396945767e-02
 2.000000000000e+00, 1.290000000000e+00, 8.700000000000e-01, 1.600847069213e+00, 1.069510445213e-02
 2.000000000000e+00, 1.290000000000e+00, 9.400000000000e-01, 6.990868682260e-01, 3.958621442819e-03
 2.000000000000e+00, 1.290000000000e+00, 1.010000000000e+00, 3.580110779257e-01, 1.457988729035e-03
 2.000000000000e+00, 1.290000000000e+00, 1.080000000000e+00, 2.520224053537e-01, 4.408512399507e-04
 2.000000000000e+00, 1.290000000000e+00, 1.150000000000e+00, 2.400863850328e-01, 2.656537388500e-04
 2.000000000000e+00, 1.290000000000e+00, 1.220000000000e+00, 2.649668478778e-01, 3.899305469401e-04
 2.000000000000e+00, 1.290000000000e+00, 1.290000000000e+00, 3.045192490488e-01, 4.605245801955e-04
 2.000000000000e+00, 1.290000000000e+00, 1.360000000000e+00, 3.446485704382e-01, 4.816133724117e-04
 2.000000000000e+00, 1.290000000000e+00, 1.430000000000e+00, 3.821349417282e-01, 4.922297663152e-04
 2.000000000000e+00, 1.360000000000e+00, 8.000000000000e-01, 3.817387141798e+00, 2.595067252706e-02
 2.000000000000e+00, 1.360000000000e+00, 8.700000000000e-01, 1.587212244639e+00, 1.048179889994e-02
 2.000000000000e+00, 1.360000000000e+00, 9.400000000000e-01, 7.148244353739e-01, 3.974579030156e-03
 2.000000000000e+00, 1.360000000000e+00, 1.010000000000e+00, 3.776508394981e-01, 1.421430924553e-03
 2.000000000000e+00, 1.360000000000e+00, 1.080000000000e+00, 2.729168988300e-01, 4.591356661098e-04
 2.000000000000e+00, 1.360000000000e+00, 1.150000000000e+00, 2.604718469688e-01, 2.917696017199e-04
 2.000000000000e+00, 1.360000000000e+00, 1.220000000000e+00, 2.864499382487e-01, 4.007679453987e-04
 2.000000000000e+00, 1.360000000000e+00, 1.290000000000e+00, 3.240253323728e-01, 4.644549262067e-04
 2.000000000000e+00, 1.360000000000e+00, 1.360000000000e+00, 3.640811958758e-01, 5.052834058316e-04
 2.000000000000e+00, 1.360000000000e+00, 1.430000000000e+00, 4.021989811183e-01, 5.021682720880e-04
 2.000000000000e+00, 1.430000000000e+00, 8.000000000000e-01, 3.828673595493e+00, 2.719918597471e-02
 2.000000000000e+00, 1.430000000000e+00, 8.700000000000e-01, 1.590868025303e+00, 1.022174088443e-02
 2.000000000000e+00, 1.430000000000e+00, 9.400000000000e-01, 7.356623006965e-01, 4.183395510493e-03
 2.000000000000e+00, 1.430000000000e+00, 1.010000000000e+00, 3.992512570626e-01, 1.471051353304e-03
 2.000000000000e+00, 1.430000000000e+00, 1.080000000000e+00, 2.928676290220e-01, 4.800031041401e-04
 2.000000000000e+00, 1.430000000000e+00, 1.150000000000e+00, 2.808021442826e-01, 2.932541542784e-04
 2.000000000000e+00, 1.430000000000e+00, 1.220000000000e+00, 3.059325545021e-01, 3.960155437356e-04
 2.000000000000e+00, 1.430000000000e+00, 1.290000000000e+00, 3.425029442003e-01, 4.784261185605e-04
 2.000000000000e+00, 1.430000000000e+00, 1.360000000000e+00, 3.825963424096e-01, 5.080490139735e-04
 2.000000000000e+00, 1.430000000000e+00, 1.430000000000e+00, 4.202318146590e-01, 5.184516093019e-04
 2.200000000000e+00, 8.000000000000e-01, 8.000000000000e-01, 5.280432249374e+00, 2.995139170106e-02
 2.200000000000e+00, 8.000000000000e-01, 8.700000000000e-01, 3.135183493737e+00, 1.949207729158e-02
 2.200000000000e+00, 8.000000000000e-01, 9.400000000000e-01, 2.294858666016e+00, 1.814585500174e-02
 2.200000000000e+00, 8.000000000000e-01, 1.010000000000e+00, 1.966152576132e+00, 1.748862543232e-02
 2.200000000000e+00, 8.000000000000e-01, 1.080000000000e+00, 1.901165767056e+00, 1.757524117951e-02
 2.200000000000e+00, 8.000000000000e-01, 1.150000000000e+00, 1.894317096984e+00, 1.897623987126e-02
 2.200000000000e+00, 8.000000000000e-01, 1.220000000000e+00, 1.900071937871e+00, 1.777301051774e-02
 2.200000000000e+00, 8.000000000000e-01, 1.290000000000e+00, 1.944596189886e+00, 1.951946798845e-02
 2.200000000000e+00, 8.000000000000e-01, 1.360000000000e+00, 1.944463537254e+00, 1.879745250034e-02
 2.200000000000e+00, 8.000000000000e-01, 1.430000000000e+00, 2.022942706325e+00, 1.865422642335e-02
 2.200000000000e+00, 8.700000000000e-01, 8.000000000000e-01, 4.201892079115e+00, 2.556686042757e-02
 2.200000000000e+00, 8.700000000000e-01, 8.700000000000e-01, 2.040482732001e+00, 1.135756360910e-02
 2.200000000000e+00, 8.700000000000e-01, 9.400000000000e-01, 1.218295445440e+00, 7.726491443407e-03
 2.200000000000e+00, 8.700000000000e-01, 1.010000000000e+00, 9.210718727082e-01, 7.334237541572e-03
 2.200000000000e+00, 8.700000000000e-01, 1.080000000000e+00, 8.264410359379e-01, 6.936854331947e-03
 2.200000000000e+00, 8.700000000000e-01, 1.150000000000e+00, 7.978779993447e-01, 6.632182319771e-03
 2.200000000000e+00, 8.700000000000e-01, 1.220000000000e+00, 8.307522881126e-01, 6.991850482182e-03
 2.200000000000e+00, 8.700000000000e-01, 1.290000000000e+00, 8.778134947700e-01, 6.903458736292e-03
 2.200000000000e+00, 8.700000000000e-01, 1.360000000000e+00, 9.059784439159e-01, 7.102613832989e-03
 2.200000000000e+00, 8.700000000000e-01, 1.430000000000e+00, 9.312420948883e-01, 6.674072187592e-03
 2.200000000000e+00, 9.400000000000e-01, 8.000000000000e-01, 3.762337211532e+00, 2.423409765566e-02
 2.200000000000e+00, 9.400000000000e-01, 8.700000000000e-01, 1.634636707995e+00, 9.934148921929e-03
 2.200000000000e+00, 9.400000000000e-01, 9.400000000000e-01, 8.121501885063e-01, 4.471635623027e-03
 2.200000000000e+00, 9.400000000000e-01, 1.010000000000e+00, 5.076050748135e-01, 2.891422928639e-03
 2.200000000000e+00, 9.400000000000e-01, 1.080000000000e+00, 4.131420028583e-01, 2.668495763208e-03
 2.200000000000e+00, 9.400000000000e-01, 1.150000000000e+00, 4.020996016511e-01, 2.593338787694e-03
 2.200000000000e+00, 9.400000000000e-01, 1.220000000000e+00, 4.296374626123e-01, 2.697384620504e-03
 2.200000000000e+00, 9.400000000000e-01, 1.290000000000e+00, 4.572311163154e-01, 2.629468924638e-03
 2.200000000000e+00, 9.400000000000e-01, 1.360000000000e+00, 4.996495028378e-01, 2.582528639538e-03
 2.200000000000e+00, 9.400000000000e-01, 1.430000000000e+00, 5.371228257554e-01, 2.757433361543e-03
 2.200000000000e+00, 1.010000000000e+00, 8.000000000000e-01, 3.579589867461e+00, 2.520549411776e-02
 2.200000000000e+00, 1.010000000000e+00, 8.700000000000e-01, 1.471204176274e+00, 9.261816587140e-03
 2.200000000000e+00, 1.010000000000e+00, 9.400000000000e-01, 6.602754465162e-01, 3.821718233945e-03
 2.200000000000e+00, 1.010000000000e+00, 1.010000000000e+00, 3.540559572379e-01, 1.625305832963e-03
 2.200000000000e+00, 1.010000000000e+00, 1.080000000000e+00, 2.599481543758e-01, 1.037365438329e-03
 2.200000000000e+00, 1.010000000000e+00, 1.150000000000e+00, 2.496814232776e-01, 9.070089640104e-04
 2.200000000000e+00, 1.010000000000e+00, 1.220000000000e+00, 2.768036837635e-01, 9.666541250158e-04
 2.200000000000e+00, 1.010000000000e+00, 1.290000000000e+00, 3.122390693091e-01, 9.843720755948e-04
 2.200000000000e+00, 1.010000000000e+00, 1.360000000000e+00, 3.518389293642e-01, 1.123601935611e-03
 2.200000000000e+00, 1.010000000000e+00, 1.430000000000e+00, 3.845038056195e-01, 1.034138555523e-03
 2.200000000000e+00, 1.080000000000e+00, 8.000000000000e-01, 3.493863420968e+00, 2.408933647033e-02
 2.200000000000e+00, 1.080000000000e+00, 8.700000000000e-01, 1.418672117896e+00, 9.372343268479e-03
 2.200000000000e+00, 1.080000000000e+00, 9.400000000000e-01, 6.079352766350e-01, 3.600463930175e-03
 2.200000000000e+00, 1.080000000000e+00, 1.010000000000e+00, 3.051963096283e-01, 1.346576952016e-03
 2.200000000000e+00, 1.080000000000e+00, 1.080000000000e+00, 2.112443909533e-01, 4.174746600358e-04
 2.200000000000e+00, 1.080000000000e+00, 1.150000000000e+00, 2.039048498138e-01, 2.543562044393e-04
 2.200000000000e+00, 1.080000000000e+00, 1.220000000000e+00, 2.283681139055e-01, 3.503360149211e-04
 2.200000000000e+00, 1.080000000000e+00, 1.290000000000e+00, 2.651116764500e-01, 4.296855198225e-04
 2.200000000000e+00, 1.080000000000e+00, 1.360000000000e+00, 3.016584229257e-01, 4.353298372844e-04
 2.200000000000e+00, 1.080000000000e+00, 1.430000000000e+00, 3.373552013607e-01, 4.533392841548e-04
 2.200000000000e+00, 1.150000000000e+00, 8.000000000000e-01, 3.491916292520e+00, 2.606023559129e-02
 2.200000000000e+00, 1.150000000000e+00, 8.700000000000e-01, 1.412393678141e+00, 1.003677238631e-02
 2.200000000000e+00, 1.150000000000e+00, 9.400000000000e-01, 5.982280844897e-01, 3.674812113734e-03
 2.200000000000e+00, 1.150000000000e+00, 1.010000000000e+00, 3.010742116335e-01, 1.340315625654e-03
 2.200000000000e+00, 1.150000000000e+00, 1.080000000000e+00, 2.081594174928e-01, 3.555992490551e-04
 2.200000000000e+00, 1.150000000000e+00, 1.150000000000e+00, 1.995443753590e-01, 1.316199926877e-04
 2.200000000000e+00, 1.150000000000e+00, 1.220000000000e+00, 2.244781048925e-01, 2.698397906103e-04
 2.200000000000e+00, 1.150000000000e+00, 1.290000000000e+00, 2.600902312645e-01, 3.405804338061e-04
 2.200000000000e+00, 1.150000000000e+00, 1.360000000000e+00, 2.971317009824e-01, 3.604672363127e-04
 2.200000000000e+00, 1.150000000000e+00, 1.430000000000e+00, 3.324505904743e-01, 3.698058072864e-04
 2.200000000000e+00, 1.220000000000e+00, 8.000000000000e-01, 3.437904261471e+00, 2.494692415357e-02
 2.200000000000e+00, 1.220000000000e+00, 8.700000000000e-01, 1.421998532936e+00, 9.597350569681e-03
 2.200000000000e+00, 1.220000000000e+00, 9.400000000000e-01, 6.165857323168e-01, 3.726045296008e-03
 2.200000000000e+00, 1.220000000000e+00, 1.010000000000e+00, 3.115039252295e-01, 1.304038723777e-03
 2.200000000000e+00, 1.220000000000e+00, 1.080000000000e+00, 2.200605021718e-01, 3.656125607920e-04
 2.200000000000e+00, 1.220000000000e+00, 1.150000000000e+00, 2.123162197489e-01, 2.040223448844e-04
 2.200000000000e+00, 1.220000000000e+00, 1.220000000000e+00, 2.367728061301e-01, 3.376754276783e-04
 2.200000000000e+00, 1.220000000000e+00, 1.290000000000e+00, 2.717322262048e-01, 3.965402897461e-04
 2.200000000000e+00, 1.220000000000e+00, 1.360000000000e+00, 3.092323531469e-01, 4.078542672535e-04
 2.200000000000e+00, 1.220000000000e+00, 1.430000000000e+00, 3.440840501421e-01, 4.182907172400e-04
 2.200000000000e+00, 1.290000000000e+00, 8.000000000000e-01, 3.453935424497e+00, 2.718257999381e-02
 2.200000000000e+00, 1.290000000000e+00, 8.700000000000e-01, 1.425969152203e+00, 9.945124516041e-03
 2.200000000000e+00, 1.290000000000e+00, 9.400000000000e-01, 6.279509151775e-01, 3.949968963899e-03
 2.200000000000e+00, 1.290000000000e+00, 1.010000000000e+00, 3.293098742415e-01, 1.305790029958e-03
 2.200000000000e+00, 1.290000000000e+00, 1.080000000000e+00, 2.379750688902e-01, 4.073139353598e-04
 2.200000000000e+00, 1.290000000000e+00, 1.150000000000e+00, 2.298710892609e-01, 2.455694685423e-04
 2.200000000000e+00, 1.290000000000e+00, 1.220000000000e+00, 2.543805736068e-01, 3.709901928032e-04
 2.200000000000e+00, 1.290000000000e+00, 1.290000000000e+00, 2.897459614767e-01, 4.167808405776e-04
 2.200000000000e+00, 1.290000000000e+00, 1.360000000000e+00, 3.269330881796e-01, 4.454050556894e-04
 2.200000000000e+00, 1.290000000000e+00, 1.430000000000e+00, 3.603721957377e-01, 4.564689178156e-04
 2.200000000000e+00, 1.360000000000e+00, 8.000000000000e-01, 3.402227123536e+00, 2.541816063721e-02
 2.200000000000e+00, 1.360000000000e+00, 8.700000000000e-01, 1.438504510044e+00, 9.957273221452e-03
 2.200000000000e+00, 1.360000000000e+00, 9.400000000000e-01, 6.428239735744e-01, 3.699450568967e-03
 2.200000000000e+00, 1.360000000000e+00, 1.010000000000e+00, 3.509845844502e-01, 1.358945087343e-03
 2.200000000000e+00, 1.360000000000e+00, 1.080000000000e+00, 2.580558664097e-01, 4.200909676809e-04
 2.200000000000e+00, 1.360000000000e+00, 1.150000000000e+00, 2.495767690947e-01, 2.587595745832e-04
 2.200000000000e+00, 1.360000000000e+00, 1.220000000000e+00, 2.728685279070e-01, 3.748506351411e-04
 2.200000000000e+00, 1.360000000000e+00, 1.290000000000e+00, 3.087085846566e-01, 4.351690506382e-04
 2.200000000000e+00, 1.360000000000e+00, 1.360000000000e+00, 3.441859181327e-01, 4.790973431757e-04
 2.200000000000e+00, 1.360000000000e+00, 1.430000000000e+00, 3.793261358880e-01, 4.609656028396e-04
 2.200000000000e+00, 1.430000000000e+00, 8.000000000000e-01, 3.360454154748e+00, 2.449921424281e-02
 2.200000000000e+00, 1.430000000000e+00, 8.700000000000e-01, 1.428623325907e+00, 9.670885909536e-03
 2.200000000000e+00, 1.430000000000e+00, 9.400000000000e-01, 6.560042703890e-01, 3.688751695990e-03
 2.200000000000e+00, 1.430000000000e+00, 1.010000000000e+00, 3.639648211534e-01, 1.299812089154e-03
 2.200000000000e+00, 1.430000000000e+00, 1.080000000000e+00, 2.767620684357e-01, 4.357885698566e-04
 2.200000000000e+00, 1.430000000000e+00, 1.150000000000e+00, 2.675188520958e-01, 2.678995222431e-04
 2.200000000000e+00, 1.430000000000e+00, 1.220000000000e+00, 2.906580371288e-01, 3.712849450134e-04
 2.200000000000e+00, 1.430000000000e+00, 1.290000000000e+00, 3.252181644574e-01, 4.384327560995e-04
 2.200000000000e+00, 1.430000000000e+00, 1.360000000000e+00, 3.618106816652e-01, 4.542707769250e-04
 2.200000000000e+00, 1.430000000000e+00, 1.430000000000e+00, 3.959252934265e-01, 5.004730907306e-04
 2.400000000000e+00, 8.000000000000e-01, 8.000000000000e-01, 4.672002521023e+00, 2.827271559300e-02
 2.400000000000e+00, 8.000000000000e-01, 8.700000000000e-01, 2.776821885174e+00, 1.874951177207e-02
 2.400000000000e+00, 8.000000000000e-01, 9.400000000000e-01, 2.039311820505e+00, 1.634130148263e-02
 2.400000000000e+00, 8.000000000000e-01, 1.010000000000e+00, 1.767412546624e+00, 1.627748537899e-02
 2.400000000000e+00, 8.000000000000e-01, 1.080000000000e+00, 1.666691161296e+00, 1.595174192890e-02
 2.400000000000e+00, 8.000000000000e-01, 1.150000000000e+00, 1.652415655366e+00, 1.605239149416e-02
 2.400000000000e+00, 8.000000000000e-01, 1.220000000000e+00, 1.698259423522e+00, 1.607123783080e-02
 2.400000000000e+00, 8.000000000000e-01, 1.290000000000e+00, 1.711766637714e+00, 1.668899035228e-02
 2.400000000000e+00, 8.000000000000e-01, 1.360000000000e+00, 1.772958592453e+00, 1.730738098046e-02
 2.400000000000e+00, 8.000000000000e-01, 1.430000000000e+00, 1.773628922912e+00, 1.668111833629e-02
 2.400000000000e+00, 8.700000000000e-01, 8.000000000000e-01, 3.706646770374e+00, 2.298379507976e-02
 2.400000000000e+00, 8.700000000000e-01, 8.700000000000e-01, 1.832696532944e+00, 1.097141362581e-02
 2.400000000000e+00, 8.700000000000e-01, 9.400000000000e-01, 1.092946483995e+00, 7.110620463376e-03
 2.400000000000e+00, 8.700000000000e-01, 1.010000000000e+00, 8.414487271512e-01, 7.686302893328e-03
 2.400000000000e+00, 8.700000000000e-01, 1.080000000000e+00, 7.425401403611e-01, 6.160979880147e-03
 2.400000000000e+00, 8.700000000000e-01, 1.150000000000e+00, 7.367980549668e-01, 6.609464020374e-03
 2.400000000000e+00, 8.700000000000e-01, 1.220000000000e+00, 7.508599900336e-01, 5.983919466712e-03
 2.400000000000e+00, 8.700000000000e-01, 1.290000000000e+00, 7.969410386141e-01, 7.087281632405e-03
 2.400000000000e+00, 8.700000000000e-01, 1.360000000000e+00, 8.233882514888e-01, 6.475797525304e-03
 2.400000000000e+00, 8.700000000000e-01, 1.430000000000e+00, 8.556541826538e-01, 6.373512953247e-03
 2.400000000000e+00, 9.400000000000e-01, 8.000000000000e-01, 3.311495883837e+00, 2.234239939504e-02
 2.400000000000e+00, 9.400000000000e-01, 8.700000000000e-01, 1.459988966157e+00, 9.294261083016e-03
 2.400000000000e+00, 9.400000000000e-01, 9.400000000000e-01, 7.311368686248e-01, 4.106432974691e-03
 2.400000000000e+00, 9.400000000000e-01, 1.010000000000e+00, 4.632943145169e-01, 2.865282969792e-03
 2.400000000000e+00, 9.400000000000e-01, 1.080000000000e+00, 3.807905943205e-01, 2.546768738340e-03
 2.400000000000e+00, 9.400000000000e-01, 1.150000000000e+00, 3.752268547523e-01, 2.472405043680e-03
 2.400000000000e+00, 9.400000000000e-01, 1.220000000000e+00, 4.017450856078e-01, 2.525418007973e-03
 2.400000000000e+00, 9.400000000000e-01, 1.290000000000e+00, 4.288846649082e-01, 2.524842001807e-03
 2.400000000000e+00, 9.400000000000e-01, 1.360000000000e+00, 4.664046738465e-01, 2.537588249600e-03
 2.400000000000e+00, 9.400000000000e-01, 1.430000000000e+00, 4.972723622599e-01, 2.605314225693e-03
 2.400000000000e+00, 1.010000000000e+00, 8.000000000000e-01, 3.226137172235e+00, 2.255911951092e-02
 2.400000000000e+00, 1.010000000000e+00, 8.700000000000e-01, 1.315550410233e+00, 8.862869777201e-03
 2.400000000000e+00, 1.010000000000e+00, 9.400000000000e-01, 5.946966602624e-01, 3.438537939372e-03
 2.400000000000e+00, 1.010000000000e+00, 1.010000000000e+00, 3.240606837277e-01, 1.436230073727e-03
 2.400000000000e+00, 1.010000000000e+00, 1.080000000000e+00, 2.444867765286e-01, 9.144874383044e-04
 2.400000000000e+00, 1.010000000000e+00, 1.150000000000e+00, 2.395830909619e-01, 9.023687666008e-04
 2.400000000000e+00, 1.010000000000e+00, 1.220000000000e+00, 2.625844428554e-01, 9.056159423240e-04
 2.400000000000e+00, 1.010000000000e+00, 1.290000000000e+00, 2.973386111555e-01, 9.570989871315e-04
 2.400000000000e+00, 1.010000000000e+00, 1.360000000000e+00, 3.305967400650e-01, 9.834569509119e-04
 2.400000000000e+00, 1.010000000000e+00, 1.430000000000e+00, 3.637349665669e-01, 9.318507655312e-04
 2.400000000000e+00, 1.080000000000e+00, 8.000000000000e-01, 3.130653726290e+00, 2.311685987628e-02
 2.400000000000e+00, 1.080000000000e+00, 8.700000000000e-01, 1.271472500932e+00, 8.635012828403e-03
 2.400000000000e+00, 1.080000000000e+00, 9.400000000000e-01, 5.437070738784e-01, 3.303414643824e-03
 2.400000000000e+00, 1.080000000000e+00, 1.010000000000e+00, 2.860060235547e-01, 1.242527485903e-03
 2.400000000000e+00, 1.080000000000e+00, 1.080000000000e+00, 2.041989155343e-01, 3.954232330511e-04
 2.400000000000e+00, 1.080000000000e+00, 1.150000000000e+00, 1.983782632248e-01, 2.405084086091e-04
 2.400000000000e+00, 1.080000000000e+00, 1.220000000000e+00, 2.216437921949e-01, 3.219262891059e-04
 2.400000000000e+00, 1.080000000000e+00, 1.290000000000e+00, 2.554439520678e-01, 3.846383576060e-04
 2.400000000000e+00, 1.080000000000e+00, 1.360000000000e+00, 2.898713551750e-01, 4.070423816646e-04
 2.400000000000e+00, 1.080000000000e+00, 1.430000000000e+00, 3.224546755017e-01, 4.689480178892e-04
 2.400000000000e+00, 1.150000000000e+00, 8.000000000000e-01, 3.079816916056e+00, 2.269657277152e-02
 2.400000000000e+00, 1.150000000000e+00, 8.700000000000e-01, 1.268761244286e+00, 9.011991088950e-03
 2.400000000000e+00, 1.150000000000e+00, 9.400000000000e-01, 5.531326686215e-01, 3.510918307695e-03
 2.400000000000e+00, 1.150000000000e+00, 1.010000000000e+00, 2.819491912055e-01, 1.194561031861e-03
 2.400000000000e+00, 1.150000000000e+00, 1.080000000000e+00, 2.017042816882e-01, 3.400122773772e-04
 2.400000000000e+00, 1.150000000000e+00, 1.150000000000e+00, 1.953609434938e-01, 1.253274243441e-04
 2.400000000000e+00, 1.150000000000e+00, 1.220000000000e+00, 2.192762802963e-01, 2.483068849886e-04
 2.400000000000e+00, 1.150000000000e+00, 1.290000000000e+00, 2.526094027993e-01, 3.038411771364e-04
 2.400000000000e+00, 1.150000000000e+00, 1.360000000000e+00, 2.864691948446e-01, 3.430587693967e-04
 2.400000000000e+00, 1.150000000000e+00, 1.430000000000e+00, 3.184992701457e-01, 3.434395310770e-04
 2.400000000000e+00, 1.220000000000e+00, 8.000000000000e-01, 3.107864951218e+00, 2.529023145066e-02
 2.400000000000e+00, 1.220000000000e+00, 8.700000000000e-01, 1.268126444176e+00, 8.846590879601e-03
 2.400000000000e+00, 1.220000000000e+00, 9.400000000000e-01, 5.550854629831e-01, 3.384971729273e-03
 2.400000000000e+00, 1.220000000000e+00, 1.010000000000e+00, 2.959928452624e-01, 1.239551828648e-03
 2.400000000000e+00, 1.220000000000e+00, 1.080000000000e+00, 2.135915467193e-01, 3.557843744121e-04
 2.400000000000e+00, 1.220000000000e+00, 1.150000000000e+00, 2.072186834359e-01, 1.956436057459e-04
 2.400000000000e+00, 1.220000000000e+00, 1.220000000000e+00, 2.309107657730e-01, 3.103761027052e-04
 2.400000000000e+00, 1.220000000000e+00, 1.290000000000e+00, 2.637151888185e-01, 3.657563690790e-04
 2.400000000000e+00, 1.220000000000e+00, 1.360000000000e+00, 2.974741002453e-01, 3.753486569023e-04
 2.400000000000e+00, 1.220000000000e+00, 1.430000000000e+00, 3.290696043207e-01, 3.789918584145e-04
 2.400000000000e+00, 1.290000000000e+00, 8.000000000000e-01, 3.007401198117e+00, 2.210972309255e-02
 2.400000000000e+00, 1.290000000000e+00, 8.700000000000e-01, 1.271025837582e+00, 8.633814685495e-03
 2.400000000000e+00, 1.290000000000e+00, 9.400000000000e-01, 5.770194208774e-01, 3.401774167744e-03
 2.400000000000e+00, 1.290000000000e+00, 1.010000000000e+00, 3.087333194708e-01, 1.234672088060e-03
 2.400000000000e+00, 1.290000000000e+00, 1.080000000000e+00, 2.304751943046e-01, 3.789305413900e-04
 2.400000000000e+00, 1.290000000000e+00, 1.150000000000e+00, 2.241120234465e-01, 2.265733601204e-04
 2.400000000000e+00, 1.290000000000e+00, 1.220000000000e+00, 2.469869144715e-01, 3.405259959972e-04
 2.400000000000e+00, 1.290000000000e+00, 1.290000000000e+00, 2.801679999613e-01, 3.866422343166e-04
 2.400000000000e+00, 1.290000000000e+00, 1.360000000000e+00, 3.126828525482e-01, 4.178463884289e-04
 2.400000000000e+00, 1.290000000000e+00, 1.430000000000e+00, 3.450695470758e-01, 4.165718324354e-04
 2.400000000000e+00, 1.360000000000e+00, 8.000000000000e-01, 3.000590717152e+00, 2.222922833232e-02
 2.400000000000e+00, 1.360000000000e+00, 8.700000000000e-01, 1.270243638876e+00, 8.609316339943e-03
 2.400000000000e+00, 1.360000000000e+00, 9.400000000000e-01, 5.862775602948e-01, 3.398048260915e-03
 2.400000000000e+00, 1.360000000000e+00, 1.010000000000e+00, 3.265680062537e-01, 1.279241813735e-03
 2.400000000000e+00, 1.360000000000e+00, 1.080000000000e+00, 2.472545276535e-01, 3.816423160891e-04
 2.400000000000e+00, 1.360000000000e+00, 1.150000000000e+00, 2.421662857962e-01, 2.314055543400e-04
 2.400000000000e+00, 1.360000000000e+00, 1.220000000000e+00, 2.638885641463e-01, 3.454405653103e-04
 2.400000000000e+00, 1.360000000000e+00, 1.290000000000e+00, 2.966249604064e-01, 4.033650860430e-04
 2.400000000000e+00, 1.360000000000e+00, 1.360000000000e+00, 3.310577614667e-01, 4.154149357703e-04
 2.400000000000e+00, 1.360000000000e+00, 1.430000000000e+00, 3.614576277061e-01, 4.306179878332e-04
 2.400000000000e+00, 1.430000000000e+00, 8.000000000000e-01, 3.004879701618e+00, 2.283821984999e-02
 2.400000000000e+00, 1.430000000000e+00, 8.700000000000e-01, 1.260684735881e+00, 8.241387899146e-03
 2.400000000000e+00, 1.430000000000e+00, 9.400000000000e-01, 6.026057058937e-01, 3.361674432448e-03
 2.400000000000e+00, 1.430000000000e+00, 1.010000000000e+00, 3.435900473193e-01, 1.263972281518e-03
 2.400000000000e+00, 1.430000000000e+00, 1.080000000000e+00, 2.647428231113e-01, 3.876458714416e-04
 2.400000000000e+00, 1.430000000000e+00, 1.150000000000e+00, 2.584519622774e-01, 2.472029138648e-04
 2.400000000000e+00, 1.430000000000e+00, 1.220000000000e+00, 2.806988136344e-01, 3.468522201745e-04
 2.400000000000e+00, 1.430000000000e+00, 1.290000000000e+00, 3.122068802990e-01, 4.039643884849e-04
 2.400000000000e+00, 1.430000000000e+00, 1.360000000000e+00, 3.457877211813e-01, 4.319747009318e-04
 2.400000000000e+00, 1.430000000000e+00, 1.430000000000e+00, 3.765448487212e-01, 4.519169147881e-04
 2.600000000000e+00, 8.000000000000e-01, 8.000000000000e-01, 4.163207685335e+00, 2.564039904942e-02
 2.600000000000e+00, 8.000000000000e-01, 8.700000000000e-01, 2.508261764090e+00, 1.748697856492e-02
 2.600000000000e+00, 8.000000000000e-01, 9.400000000000e-01, 1.815445741449e+00, 1.505671514310e-02
 2.600000000000e+00, 8.000000000000e-01, 1.010000000000e+00, 1.582753747268e+00, 1.538042554583e-02
 2.600000000000e+00, 8.000000000000e-01, 1.080000000000e+00, 1.523643489075e+00, 1.584600434962e-02
 2.600000000000e+00, 8.000000000000e-01, 1.150000000000e+00, 1.501287445323e+00, 1.584445387738e-02
 2.600000000000e+00, 8.000000000000e-01, 1.220000000000e+00, 1.576000977052e+00, 1.790079357139e-02
 2.600000000000e+00, 8.000000000000e-01, 1.290000000000e+00, 1.533033501449e+00, 1.453951671673e-02
 2.600000000000e+00, 8.000000000000e-01, 1.360000000000e+00, 1.608010059508e+00, 1.680137517353e-02
 2.600000000000e+00, 8.000000000000e-01, 1.430000000000e+00, 1.635069751516e+00, 1.660334683097e-02
 2.600000000000e+00, 8.700000000000e-01, 8.000000000000e-01, 3.324178971038e+00, 2.210051886699e-02
 2.600000000000e+00, 8.700000000000e-01, 8.700000000000e-01, 1.631471600118e+00, 1.014031926998e-02
 2.600000000000e+00, 8.700000000000e-01, 9.400000000000e-01, 9.805148789496e-01, 6.540006589507e-03
 2.600000000000e+00, 8.700000000000e-01, 1.010000000000e+00, 7.489447301821e-01, 6.138354484721e-03
 2.600000000000e+00, 8.700000000000e-01, 1.080000000000e+00, 6.659015925462e-01, 5.872864493144e-03
 2.600000000000e+00, 8.700000000000e-01, 1.150000000000e+00, 6.640608138186e-01, 5.787561707610e-03
 2.600000000000e+00, 8.700000000000e-01, 1.220000000000e+00, 6.911194456813e-01, 6.104768389821e-03
 2.600000000000e+00, 8.700000000000e-01, 1.290000000000e+00, 7.176092434380e-01, 5.477200961528e-03
 2.600000000000e+00, 8.700000000000e-01, 1.360000000000e+00, 7.539476508732e-01, 6.016095593729e-03
 2.600000000000e+00, 8.700000000000e-01, 1.430000000000e+00, 7.852885574636e-01, 5.998881454522e-03
 2.600000000000e+00, 9.400000000000e-01, 8.000000000000e-01, 2.958801068326e+00, 2.060031384987e-02
 2.600000000000e+00, 9.400000000000e-01, 8.700000000000e-01, 1.324298763435e+00, 8.493011238058e-03
 2.600000000000e+00, 9.400000000000e-01, 9.400000000000e-01, 6.660875370891e-01, 3.806536825617e-03
 2.600000000000e+00, 9.400000000000e-01, 1.010000000000e+00, 4.234630648566e-01, 2.600163259286e-03
 2.600000000000e+00, 9.400000000000e-01, 1.080000000000e+00, 3.541894261859e-01, 2.242315632744e-03
 2.600000000000e+00, 9.400000000000e-01, 1.150000000000e+00, 3.451773244626e-01, 2.176742374225e-03
 2.600000000000e+00, 9.400000000000e-01, 1.220000000000e+00, 3.677153769031e-01, 2.161630540805e-03
 2.600000000000e+00, 9.400000000000e-01, 1.290000000000e+00, 4.037116067932e-01, 2.261250263057e-03
 2.600000000000e+00, 9.400000000000e-01, 1.360000000000e+00, 4.344644370189e-01, 2.349766114391e-03
 2.600000000000e+00, 9.400000000000e-01, 1.430000000000e+00, 4.636501531771e-01, 2.297463472553e-03
 2.600000000000e+00, 1.010000000000e+00, 8.000000000000e-01, 2.900159517914e+00, 2.257885181807e-02
 2.600000000000e+00, 1.010000000000e+00, 8.700000000000e-01, 1.184544657024e+00, 7.916592818452e-03
 2.600000000000e+00, 1.010000000000e+00, 9.400000000000e-01, 5.458293691337e-01, 3.227574275299e-03
 2.600000000000e+00, 1.010000000000e+00, 1.010000000000e+00, 3.071326279925e-01, 1.412104413666e-03
 2.600000000000e+00, 1.010000000000e+00, 1.080000000000e+00, 2.348918360068e-01, 8.518682798307e-04
 2.600000000000e+00, 1.010000000000e+00, 1.150000000000e+00, 2.325566224264e-01, 8.201023675964e-04
 2.600000000000e+00, 1.010000000000e+00, 1.220000000000e+00, 2.545252610991e-01, 8.291145524202e-04
 2.600000000000e+00, 1.010000000000e+00, 1.290000000000e+00, 2.864617249271e-01, 8.705860677142e-04
 2.600000000000e+00, 1.010000000000e+00, 1.360000000000e+00, 3.171696687478e-01, 8.355274532970e-04
 2.600000000000e+00, 1.010000000000e+00, 1.430000000000e+00, 3.465078750868e-01, 8.568908837144e-04
 2.600000000000e+00, 1.080000000000e+00, 8.000000000000e-01, 2.829910592281e+00, 2.172952893311e-02
 2.600000000000e+00, 1.080000000000e+00, 8.700000000000e-01, 1.163823000849e+00, 8.460603126470e-03
 2.600000000000e+00, 1.080000000000e+00, 9.400000000000e-01, 5.112166094232e-01, 3.316116188170e-03
 2.600000000000e+00, 1.080000000000e+00, 1.010000000000e+00, 2.714449043017e-01, 1.168492279331e-03
 2.600000000000e+00, 1.080000000000e+00, 1.080000000000e+00, 1.993975638416e-01, 3.682893141810e-04
 2.600000000000e+00, 1.080000000000e+00, 1.150000000000e+00, 1.960122639360e-01, 2.247631725661e-04
 2.600000000000e+00, 1.080000000000e+00, 1.220000000000e+00, 2.183489902172e-01, 2.957591795169e-04
 2.600000000000e+00, 1.080000000000e+00, 1.290000000000e+00, 2.488395240649e-01, 3.548922697893e-04
 2.600000000000e+00, 1.080000000000e+00, 1.360000000000e+00, 2.810016023148e-01, 3.634199569995e-04
 2.600000000000e+00, 1.080000000000e+00, 1.430000000000e+00, 3.110140059727e-01, 3.804414029050e-04
 2.600000000000e+00, 1.150000000000e+00, 8.000000000000e-01, 2.793280806033e+00, 2.192274428385e-02
 2.600000000000e+00, 1.150000000000e+00, 8.700000000000e-01, 1.148464332101e+00, 8.131548203668e-03
 2.600000000000e+00, 1.150000000000e+00, 9.400000000000e-01, 5.008603086446e-01, 3.112490305603e-03
 2.600000000000e+00, 1.150000000000e+00, 1.010000000000e+00, 2.670040929534e-01, 1.117391724673e-03
 2.600000000000e+00, 1.150000000000e+00, 1.080000000000e+00, 1.972954842947e-01, 2.876955840771e-04
 2.600000000000e+00, 1.150000000000e+00, 1.150000000000e+00, 1.938264978812e-01, 1.185504976560e-04
 2.600000000000e+00, 1.150000000000e+00, 1.220000000000e+00, 2.160536001197e-01, 2.308110856272e-04
 2.600000000000e+00, 1.150000000000e+00, 1.290000000000e+00, 2.466942913019e-01, 2.926230417820e-04
 2.600000000000e+00, 1.150000000000e+00, 1.360000000000e+00, 2.783121448587e-01, 3.103569656864e-04
 2.600000000000e+00, 1.150000000000e+00, 1.430000000000e+00, 3.083373191940e-01, 3.215061211239e-04
 2.600000000000e+00, 1.220000000000e+00, 8.000000000000e-01, 2.770663619108e+00, 2.174634037562e-02
 2.600000000000e+00, 1.220000000000e+00, 8.700000000000e-01, 1.137049581791e+00, 8.777164165941e-03
 2.600000000000e+00, 1.220000000000e+00, 9.400000000000e-01, 5.143061920970e-01, 3.240612746147e-03
 2.600000000000e+00, 1.220000000000e+00, 1.010000000000e+00, 2.803646710764e-01, 1.145942782733e-03
 2.600000000000e+00, 1.220000000000e+00, 1.080000000000e+00, 2.095787666579e-01, 3.251798435738e-04
 2.600000000000e+00, 1.220000000000e+00, 1.150000000000e+00, 2.050464278485e-01, 1.812199806901e-04
 2.600000000000e+00, 1.220000000000e+00, 1.220000000000e+00, 2.275035157776e-01, 2.846320898682e-04
 2.600000000000e+00, 1.220000000000e+00, 1.290000000000e+00, 2.579649138993e-01, 3.333568087175e-04
 2.600000000000e+00, 1.220000000000e+00, 1.360000000000e+00, 2.894634152374e-01, 3.571733237634e-04
 2.600000000000e+00, 1.220000000000e+00, 1.430000000000e+00, 3.178535065739e-01, 3.691411502161e-04
 2.600000000000e+00, 1.290000000000e+00, 8.000000000000e-01, 2.751970461892e+00, 2.192493561463e-02
 2.600000000000e+00, 1.290000000000e+00, 8.700000000000e-01, 1.162547637266e+00, 8.622037886392e-03
 2.600000000000e+00, 1.290000000000e+00, 9.400000000000e-01, 5.245652802546e-01, 3.116930663590e-03
 2.600000000000e+00, 1.290000000000e+00, 1.010000000000e+00, 2.922977843876e-01, 1.105518739139e-03
 2.600000000000e+00, 1.290000000000e+00, 1.080000000000e+00, 2.255558857336e-01, 3.517822491506e-04
 2.600000000000e+00, 1.290000000000e+00, 1.150000000000e+00, 2.204765608243e-01, 2.160251604041e-04
 2.600000000000e+00, 1.290000000000e+00, 1.220000000000e+00, 2.422997193004e-01, 3.119563264023e-04
 2.600000000000e+00, 1.290000000000e+00, 1.290000000000e+00, 2.724685881193e-01, 3.641646085648e-04
 2.600000000000e+00, 1.290000000000e+00, 1.360000000000e+00, 3.039967275507e-01, 3.829828610102e-04
 2.600000000000e+00, 1.290000000000e+00, 1.430000000000e+00, 3.328307102068e-01, 3.890646810441e-04
 2.600000000000e+00, 1.360000000000e+00, 8.000000000000e-01, 2.761501604671e+00, 2.287601749993e-02
 2.600000000000e+00, 1.360000000000e+00, 8.700000000000e-01, 1.157195444283e+00, 8.077389004346e-03
 2.600000000000e+00, 1.360000000000e+00, 9.400000000000e-01, 5.374828539076e-01, 3.187800907224e-03
 2.600000000000e+00, 1.360000000000e+00, 1.010000000000e+00, 3.127433010136e-01, 1.153659821500e-03
 2.600000000000e+00, 1.360000000000e+00, 1.080000000000e+00, 2.418705990972e-01, 3.558086818803e-04
 2.600000000000e+00, 1.360000000000e+00, 1.150000000000e+00, 2.364747515562e-01, 2.252734087512e-04
 2.600000000000e+00, 1.360000000000e+00, 1.220000000000e+00, 2.587501152384e-01, 3.251480247996e-04
 2.600000000000e+00, 1.360000000000e+00, 1.290000000000e+00, 2.885262984237e-01, 3.684111523086e-04
 2.600000000000e+00, 1.360000000000e+00, 1.360000000000e+00, 3.191216248072e-01, 3.990254174614e-04
 2.600000000000e+00, 1.360000000000e+00, 1.430000000000e+00, 3.476435522031e-01, 4.130994782476e-04
 2.600000000000e+00, 1.430000000000e+00, 8.000000000000e-01, 2.702225712307e+00, 2.110659147394e-02
 2.600000000000e+00, 1.430000000000e+00, 8.700000000000e-01, 1.155898248060e+00, 7.985817960286e-03
 2.600000000000e+00, 1.430000000000e+00, 9.400000000000e-01, 5.590052447681e-01, 3.182575248691e-03
 2.600000000000e+00, 1.430000000000e+00, 1.010000000000e+00, 3.250652922943e-01, 1.148096406886e-03
 2.600000000000e+00, 1.430000000000e+00, 1.080000000000e+00, 2.566759293371e-01, 3.685447255868e-04
 2.600000000000e+00, 1.430000000000e+00, 1.150000000000e+00, 2.522419467839e-01, 2.262067420643e-04
 2.600000000000e+00, 1.430000000000e+00, 1.220000000000e+00, 2.735887856736e-01, 3.183310129407e-04
 2.600000000000e+00, 1.430000000000e+00, 1.290000000000e+00, 3.027907458371e-01, 3.829267420556e-04
 2.600000000000e+00, 1.430000000000e+00, 1.360000000000e+00, 3.345737361936e-01, 4.062049798466e-04
 2.600000000000e+00, 1.430000000000e+00, 1.430000000000e+00, 3.626870873329e-01, 4.212972495563e-04
 2.800000000000e+00, 8.000000000000e-01, 8.000000000000e-01, 3.753924280707e+00, 2.363225774625e-02
 2.800000000000e+00, 8.000000000000e-01, 8.700000000000e-01, 2.226738844999e+00, 1.550103941567e-02
 2.800000000000e+00, 8.000000000000e-01, 9.400000000000e-01, 1.690894449422e+00, 1.547164313245e-02
 2.800000000000e+00, 8.000000000000e-01, 1.010000000000e+00, 1.450252815481e+00, 1.413420212859e-02
 2.800000000000e+00, 8.000000000000e-01, 1.080000000000e+00, 1.381939477537e+00, 1.441249499710e-02
 2.800000000000e+00, 8.000000000000e-01, 1.150000000000e+00, 1.365657506410e+00, 1.397764706608e-02
 2.800000000000e+00, 8.000000000000e-01, 1.220000000000e+00, 1.382265176085e+00, 1.364208966725e-02
 2.800000000000e+00, 8.000000000000e-01, 1.290000000000e+00, 1.399809403726e+00, 1.476516098090e-02
 2.800000000000e+00, 8.000000000000e-01, 1.360000000000e+00, 1.449639997349e+00, 1.495801047074e-02
 2.800000000000e+00, 8.000000000000e-01, 1.430000000000e+00, 1.480115961054e+00, 1.431987886183e-02
 2.800000000000e+00, 8.700000000000e-01, 8.000000000000e-01, 3.030237775322e+00, 2.045303004213e-02
 2.800000000000e+00, 8.700000000000e-01, 8.700000000000e-01, 1.483028333630e+00, 9.147074022199e-03
 2.800000000000e+00, 8.700000000000e-01, 9.400000000000e-01, 8.967524965659e-01, 6.016945185831e-03
 2.800000000000e+00, 8.700000000000e-01, 1.010000000000e+00, 6.943165990191e-01, 5.839471116620e-03
 2.800000000000e+00, 8.700000000000e-01, 1.080000000000e+00, 6.086370596159e-01, 5.200121689917e-03
 2.800000000000e+00, 8.700000000000e-01, 1.150000000000e+00, 6.185258967849e-01, 5.287803705894e-03
 2.800000000000e+00, 8.700000000000e-01, 1.220000000000e+00, 6.375585017526e-01, 5.469072136619e-03
 2.800000000000e+00, 8.700000000000e-01, 1.290000000000e+00, 6.742998971930e-01, 5.606364099896e-03
 2.800000000000e+00, 8.700000000000e-01, 1.360000000000e+00, 6.968897110459e-01, 5.369348729511e-03
 2.800000000000e+00, 8.700000000000e-01, 1.430000000000e+00, 7.347661596145e-01, 5.812764873991e-03
 2.800000000000e+00, 9.400000000000e-01, 8.000000000000e-01, 2.703302532246e+00, 1.940921318880e-02
 2.800000000000e+00, 9.400000000000e-01, 8.700000000000e-01, 1.205177720252e+00, 8.840440392401e-03
 2.800000000000e+00, 9.400000000000e-01, 9.400000000000e-01, 6.084637000181e-01, 3.550722870465e-03
 2.800000000000e+00, 9.400000000000e-01, 1.010000000000e+00, 3.975085009065e-01, 2.254730682873e-03
 2.800000000000e+00, 9.400000000000e-01, 1.080000000000e+00, 3.349151587174e-01, 2.107139921168e-03
 2.800000000000e+00, 9.400000000000e-01, 1.150000000000e+00, 3.315183626409e-01, 2.107130057800e-03
 2.800000000000e+00, 9.400000000000e-01, 1.220000000000e+00, 3.558350992090e-01, 2.190726373431e-03
 2.800000000000e+00, 9.400000000000e-01, 1.290000000000e+00, 3.827669612981e-01, 2.066749456964e-03
 2.800000000000e+00, 9.400000000000e-01, 1.360000000000e+00, 4.096019121220e-01, 2.155467004473e-03
 2.800000000000e+00, 9.400000000000e-01, 1.430000000000e+00, 4.425816797212e-01, 2.135317663474e-03
 2.800000000000e+00, 1.010000000000e+00, 8.000000000000e-01, 2.621619116319e+00, 2.077842654020e-02
 2.800000000000e+00, 1.010000000000e+00, 8.700000000000e-01, 1.081587113279e+00, 7.508894668825e-03
 2.800000000000e+00, 1.010000000000e+00, 9.400000000000e-01, 5.029815470295e-01, 2.964288746206e-03
 2.800000000000e+00, 1.010000000000e+00, 1.010000000000e+00, 2.933664012876e-01, 1.289996805071e-03
 2.800000000000e+00, 1.010000000000e+00, 1.080000000000e+00, 2.305449420095e-01, 8.178266183977e-04
 2.800000000000e+00, 1.010000000000e+00, 1.150000000000e+00, 2.255515176090e-01, 7.052578769875e-04
 2.800000000000e+00, 1.010000000000e+00, 1.220000000000e+00, 2.477972507083e-01, 7.447331040598e-04
 2.800000000000e+00, 1.010000000000e+00, 1.290000000000e+00, 2.771831960839e-01, 8.148721038467e-04
 2.800000000000e+00, 1.010000000000e+00, 1.360000000000e+00, 3.063805973659e-01, 8.174289407796e-04
 2.800000000000e+00, 1.010000000000e+00, 1.430000000000e+00, 3.351953003758e-01, 8.574345522805e-04
 2.800000000000e+00, 1.080000000000e+00, 8.000000000000e-01, 2.535738426032e+00, 2.024860239882e-02
 2.800000000000e+00, 1.080000000000e+00, 8.700000000000e-01, 1.053663949165e+00, 7.595250967622e-03
 2.800000000000e+00, 1.080000000000e+00, 9.400000000000e-01, 4.718279086815e-01, 3.095242766392e-03
 2.800000000000e+00, 1.080000000000e+00, 1.010000000000e+00, 2.619143917878e-01, 1.080358612450e-03
 2.800000000000e+00, 1.080000000000e+00, 1.080000000000e+00, 1.981279283125e-01, 3.387374388952e-04
 2.800000000000e+00, 1.080000000000e+00, 1.150000000000e+00, 1.954225532765e-01, 2.068265473248e-04
 2.800000000000e+00, 1.080000000000e+00, 1.220000000000e+00, 2.171455291915e-01, 2.923083458860e-04
 2.800000000000e+00, 1.080000000000e+00, 1.290000000000e+00, 2.457470267612e-01, 3.233252671471e-04
 2.800000000000e+00, 1.080000000000e+00, 1.360000000000e+00, 2.741880319410e-01, 3.517465368272e-04
 2.800000000000e+00, 1.080000000000e+00, 1.430000000000e+00, 3.024632308265e-01, 3.607208442398e-04
 2.800000000000e+00, 1.150000000000e+00, 8.000000000000e-01, 2.510234356446e+00, 1.901313927430e-02
 2.800000000000e+00, 1.150000000000e+00, 8.700000000000e-01, 1.038432984884e+00, 7.968921141953e-03
 2.800000000000e+00, 1.150000000000e+00, 9.400000000000e-01, 4.708803557701e-01, 2.952068521254e-03
 2.800000000000e+00, 1.150000000000e+00, 1.010000000000e+00, 2.586346241687e-01, 1.092212679818e-03
 2.800000000000e+00, 1.150000000000e+00, 1.080000000000e+00, 1.971573511015e-01, 2.866608129386e-04
 2.800000000000e+00, 1.150000000000e+00, 1.150000000000e+00, 1.940258392537e-01, 1.187772265614e-04
 2.800000000000e+00, 1.150000000000e+00, 1.220000000000e+00, 2.152032797481e-01, 2.378492841456e-04
 2.800000000000e+00, 1.150000000000e+00, 1.290000000000e+00, 2.437928277160e-01, 2.776185302964e-04
 2.800000000000e+00, 1.150000000000e+00, 1.360000000000e+00, 2.730791690727e-01, 2.872671489348e-04
 2.800000000000e+00, 1.150000000000e+00, 1.430000000000e+00, 3.005831867489e-01, 3.042773835152e-04
 2.800000000000e+00, 1.220000000000e+00, 8.000000000000e-01, 2.477198924055e+00, 1.951012631880e-02
 2.800000000000e+00, 1.220000000000e+00, 8.700000000000e-01, 1.045428332160e+00, 7.632461520776e-03
 2.800000000000e+00, 1.220000000000e+00, 9.400000000000e-01, 4.808907406162e-01, 2.871953619515e-03
 2.800000000000e+00, 1.220000000000e+00, 1.010000000000e+00, 2.705017123274e-01, 1.064578271232e-03
 2.800000000000e+00, 1.220000000000e+00, 1.080000000000e+00, 2.075658398636e-01, 3.036479483231e-04
 2.800000000000e+00, 1.220000000000e+00, 1.150000000000e+00, 2.048782316412e-01, 1.621466511942e-04
 2.800000000000e+00, 1.220000000000e+00, 1.220000000000e+00, 2.252763480406e-01, 2.855288483239e-04
 2.800000000000e+00, 1.220000000000e+00, 1.290000000000e+00, 2.538708113404e-01, 3.282377522727e-04
 2.800000000000e+00, 1.220000000000e+00, 1.360000000000e+00, 2.824657958967e-01, 3.465056069824e-04
 2.800000000000e+00, 1.220000000000e+00, 1.430000000000e+00, 3.105283547085e-01, 3.430120128429e-04
 2.800000000000e+00, 1.290000000000e+00, 8.000000000000e-01, 2.492386868284e+00, 1.982280601081e-02
 2.800000000000e+00, 1.290000000000e+00, 8.700000000000e-01, 1.055253292934e+00, 7.664687826562e-03
 2.800000000000e+00, 1.290000000000e+00, 9.400000000000e-01, 4.937308169902e-01, 2.894915569628e-03
 2.800000000000e+00, 1.290000000000e+00, 1.010000000000e+00, 2.863042605777e-01, 1.076618296115e-03
 2.800000000000e+00, 1.290000000000e+00, 1.080000000000e+00, 2.220284974296e-01, 3.185501197032e-04
 2.800000000000e+00, 1.290000000000e+00, 1.150000000000e+00, 2.194055749968e-01, 1.992458437617e-04
 2.800000000000e+00, 1.290000000000e+00, 1.220000000000e+00, 2.394106814203e-01, 3.042771642865e-04
 2.800000000000e+00, 1.290000000000e+00, 1.290000000000e+00, 2.680548451859e-01, 3.499086575305e-04
 2.800000000000e+00, 1.290000000000e+00, 1.360000000000e+00, 2.968529895337e-01, 3.587159618335e-04
 2.800000000000e+00, 1.290000000000e+00, 1.430000000000e+00, 3.235975234342e-01, 3.496479963352e-04
 2.800000000000e+00, 1.360000000000e+00, 8.000000000000e-01, 2.502312131202e+00, 2.016807055116e-02
 2.800000000000e+00, 1.360000000000e+00, 8.700000000000e-01, 1.073079980099e+00, 8.057845640998e-03
 2.800000000000e+00, 1.360000000000e+00, 9.400000000000e-01, 5.017763291155e-01, 2.967844822703e-03
 2.800000000000e+00, 1.360000000000e+00, 1.010000000000e+00, 2.986010428639e-01, 1.063828063479e-03
 2.800000000000e+00, 1.360000000000e+00, 1.080000000000e+00, 2.371393432732e-01, 3.358073266384e-04
 2.800000000000e+00, 1.360000000000e+00, 1.150000000000e+00, 2.339469126660e-01, 2.225460651330e-04
 2.800000000000e+00, 1.360000000000e+00, 1.220000000000e+00, 2.544927702691e-01, 3.065164174150e-04
 2.800000000000e+00, 1.360000000000e+00, 1.290000000000e+00, 2.824166346138e-01, 3.494710332381e-04
 2.800000000000e+00, 1.360000000000e+00, 1.360000000000e+00, 3.111608981423e-01, 3.774956601871e-04
 2.800000000000e+00, 1.360000000000e+00, 1.430000000000e+00, 3.381493503881e-01, 3.808856817018e-04
 2.800000000000e+00, 1.430000000000e+00, 8.000000000000e-01, 2.470562091495e+00, 1.933019468289e-02
 2.800000000000e+00, 1.430000000000e+00, 8.700000000000e-01, 1.054803394811e+00, 7.332752074044e-03
 2.800000000000e+00, 1.430000000000e+00, 9.400000000000e-01, 5.202166479217e-01, 3.008330816600e-03
 2.800000000000e+00, 1.430000000000e+00, 1.010000000000e+00, 3.144375123499e-01, 1.090756155889e-03
 2.800000000000e+00, 1.430000000000e+00, 1.080000000000e+00, 2.513819301025e-01, 3.297452453360e-04
 2.800000000000e+00, 1.430000000000e+00, 1.150000000000e+00, 2.489524550447e-01, 2.014729481158e-04
 2.800000000000e+00, 1.430000000000e+00, 1.220000000000e+00, 2.682260935742e-01, 3.025616961722e-04
 2.800000000000e+00, 1.430000000000e+00, 1.290000000000e+00, 2.964726266050e-01, 3.470313098225e-04
 2.800000000000e+00, 1.430000000000e+00, 1.360000000000e+00, 3.244997287886e-01, 3.842919720866e-04
 2.800000000000e+00, 1.430000000000e+00, 1.430000000000e+00, 3.510714971401e-01, 3.749898969993e-04
 3.000000000000e+00, 8.000000000000e-01, 8.000000000000e-01, 3.395147027716e+00, 2.150689786539e-02
 3.000000000000e+00, 8.000000000000e-01, 8.700000000000e-01, 2.073998711139e+00, 1.519104075503e-02
 3.000000000000e+00, 8.000000000000e-01, 9.400000000000e-01, 1.526511733972e+00, 1.370301006301e-02
 3.000000000000e+00, 8.000000000000e-01, 1.010000000000e+00, 1.346949042502e+00, 1.401650624188e-02
 3.000000000000e+00, 8.000000000000e-01, 1.080000000000e+00, 1.274975683197e+00, 1.367858001344e-02
 3.000000000000e+00, 8.000000000000e-01, 1.150000000000e+00, 1.239016303129e+00, 1.298070022036e-02
 3.000000000000e+00, 8.000000000000e-01, 1.220000000000e+00, 1.289288656474e+00, 1.398935904394e-02
 3.000000000000e+00, 8.000000000000e-01, 1.290000000000e+00, 1.325331198246e+00, 1.471402838830e-02
 3.000000000000e+00, 8.000000000000e-01, 1.360000000000e+00, 1.345289724690e+00, 1.349133158433e-02
 3.000000000000e+00, 8.000000000000e-01, 1.430000000000e+00, 1.377115921819e+00, 1.453419697764e-02
 3.000000000000e+00, 8.700000000000e-01, 8.000000000000e-01, 2.742489333520e+00, 1.917275761618e-02
 3.000000000000e+00, 8.700000000000e-01, 8.700000000000e-01, 1.337394447336e+00, 8.260840543282e-03
 3.000000000000e+00, 8.700000000000e-01, 9.400000000000e-01, 8.378597814298e-01, 5.880307349071e-03
 3.000000000000e+00, 8.700000000000e-01, 1.010000000000e+00, 6.359756146654e-01, 4.794330452949e-03
 3.000000000000e+00, 8.700000000000e-01, 1.080000000000e+00, 5.886591362534e-01, 5.324835292730e-03
 3.000000000000e+00, 8.700000000000e-01, 1.150000000000e+00, 5.719570551606e-01, 4.810005492898e-03
 3.000000000000e+00, 8.700000000000e-01, 1.220000000000e+00, 6.049711930283e-01, 5.040977819785e-03
 3.000000000000e+00, 8.700000000000e-01, 1.290000000000e+00, 6.222586162877e-01, 5.342806570390e-03
 3.000000000000e+00, 8.700000000000e-01, 1.360000000000e+00, 6.576713077373e-01, 6.163822922250e-03
 3.000000000000e+00, 8.700000000000e-01, 1.430000000000e+00, 6.828223426705e-01, 5.647164471285e-03
 3.000000000000e+00, 9.400000000000e-01, 8.000000000000e-01, 2.489288821944e+00, 1.862482334566e-02
 3.000000000000e+00, 9.400000000000e-01, 8.700000000000e-01, 1.096306967862e+00, 7.356257451908e-03
 3.000000000000e+00, 9.400000000000e-01, 9.400000000000e-01, 5.738123080782e-01, 3.533369206754e-03
 3.000000000000e+00, 9.400000000000e-01, 1.010000000000e+00, 3.799910962040e-01, 2.158044770433e-03
 3.000000000000e+00, 9.400000000000e-01, 1.080000000000e+00, 3.246384646421e-01, 2.014755600007e-03
 3.000000000000e+00, 9.400000000000e-01, 1.150000000000e+00, 3.173206166803e-01, 1.931805340297e-03
 3.000000000000e+00, 9.400000000000e-01, 1.220000000000e+00, 3.434323016700e-01, 2.020273644362e-03
 3.000000000000e+00, 9.400000000000e-01, 1.290000000000e+00, 3.667274399498e-01, 1.957417170213e-03
 3.000000000000e+00, 9.400000000000e-01, 1.360000000000e+00, 3.962757714273e-01, 2.044394648550e-03
 3.000000000000e+00, 9.400000000000e-01, 1.430000000000e+00, 4.199884515018e-01, 2.089375994124e-03
 3.000000000000e+00, 1.010000000000e+00, 8.000000000000e-01, 2.336880233969e+00, 1.784727476496e-02
 3.000000000000e+00, 1.010000000000e+00, 8.700000000000e-01, 1.000779400929e+00, 7.084828718693e-03
 3.000000000000e+00, 1.010000000000e+00, 9.400000000000e-01, 4.743391665425e-01, 2.878542536539e-03
 3.000000000000e+00, 1.010000000000e+00, 1.010000000000e+00, 2.823822547153e-01, 1.220881344935e-03
 3.000000000000e+00, 1.010000000000e+00, 1.080000000000e+00, 2.269606434271e-01, 7.448576397134e-04
 3.000000000000e+00, 1.010000000000e+00, 1.150000000000e+00, 2.245383935097e-01, 7.042896125810e-04
 3.000000000000e+00, 1.010000000000e+00, 1.220000000000e+00, 2.448760918826e-01, 7.332038577975e-04
 3.000000000000e+00, 1.010000000000e+00, 1.290000000000e+00, 2.723520472826e-01, 7.866340976114e-04
 3.000000000000e+00, 1.010000000000e+00, 1.360000000000e+00, 2.990284061168e-01, 8.074024617488e-04
 3.000000000000e+00, 1.010000000000e+00, 1.430000000000e+00, 3.251818232709e-01, 7.867049110497e-04
 3.000000000000e+00, 1.080000000000e+00, 8.000000000000e-01, 2.315346156932e+00, 1.819147913446e-02
 3.000000000000e+00, 1.080000000000e+00, 8.700000000000e-01, 9.607598096591e-01, 6.969761800875e-03
 3.000000000000e+00, 1.080000000000e+00, 9.400000000000e-01, 4.409961361790e-01, 2.658220280336e-03
 3.000000000000e+00, 1.080000000000e+00, 1.010000000000e+00, 2.533911870572e-01, 1.014675154533e-03
 3.000000000000e+00, 1.080000000000e+00, 1.080000000000e+00, 1.975680134635e-01, 3.136258561230e-04
 3.000000000000e+00, 1.080000000000e+00, 1.150000000000e+00, 1.967604347376e-01, 1.977169051788e-04
 3.000000000000e+00, 1.080000000000e+00, 1.220000000000e+00, 2.171677300655e-01, 2.656989665522e-04
 3.000000000000e+00, 1.080000000000e+00, 1.290000000000e+00, 2.431857262314e-01, 3.219781981586e-04
 3.000000000000e+00, 1.080000000000e+00, 1.360000000000e+00, 2.710074299527e-01, 3.238813878975e-04
 3.000000000000e+00, 1.080000000000e+00, 1.430000000000e+00, 2.962303660842e-01, 3.340618121350e-04
 3.000000000000e+00, 1.150000000000e+00, 8.000000000000e-01, 2.270948817914e+00, 1.801009586832e-02
 3.000000000000e+00, 1.150000000000e+00, 8.700000000000e-01, 9.754924811162e-01, 7.647591490079e-03
 3.000000000000e+00, 1.150000000000e+00, 9.400000000000e-01, 4.463920990789e-01, 2.928709190850e-03
 3.000000000000e+00, 1.150000000000e+00, 1.010000000000e+00, 2.541101697318e-01, 1.017843411515e-03
 3.000000000000e+00, 1.150000000000e+00, 1.080000000000e+00, 1.971782195374e-01, 2.532763879767e-04
 3.000000000000e+00, 1.150000000000e+00, 1.150000000000e+00, 1.957488285422e-01, 1.067438227070e-04
 3.000000000000e+00, 1.150000000000e+00, 1.220000000000e+00, 2.158417824879e-01, 2.122847944828e-04
 3.000000000000e+00, 1.150000000000e+00, 1.290000000000e+00, 2.422054187668e-01, 2.688323010607e-04
 3.000000000000e+00, 1.150000000000e+00, 1.360000000000e+00, 2.697809436919e-01, 2.771286962894e-04
 3.000000000000e+00, 1.150000000000e+00, 1.430000000000e+00, 2.953987141093e-01, 2.792674790229e-04
 3.000000000000e+00, 1.220000000000e+00, 8.000000000000e-01, 2.281303761456e+00, 1.832385705870e-02
 3.000000000000e+00, 1.220000000000e+00, 8.700000000000e-01, 9.687852874120e-01, 7.419458373881e-03
 3.000000000000e+00, 1.220000000000e+00, 9.400000000000e-01, 4.509997790383e-01, 2.700021267505e-03
 3.000000000000e+00, 1.220000000000e+00, 1.010000000000e+00, 2.624750179499e-01, 9.611723892065e-04
 3.000000000000e+00, 1.220000000000e+00, 1.080000000000e+00, 2.072213569568e-01, 2.831530445757e-04
 3.000000000000e+00, 1.220000000000e+00, 1.150000000000e+00, 2.056142874342e-01, 1.644243872403e-04
 3.000000000000e+00, 1.220000000000e+00, 1.220000000000e+00, 2.257103732109e-01, 2.585893683677e-04
 3.000000000000e+00, 1.220000000000e+00, 1.290000000000e+00, 2.515015409445e-01, 3.049775553446e-04
 3.000000000000e+00, 1.220000000000e+00, 1.360000000000e+00, 2.784090511556e-01, 3.517029360438e-04
 3.000000000000e+00, 1.220000000000e+00, 1.430000000000e+00, 3.043579928804e-01, 3.263595644180e-04
 3.000000000000e+00, 1.290000000000e+00, 8.000000000000e-01, 2.257248763438e+00, 1.799245577615e-02
 3.000000000000e+00, 1.290000000000e+00, 8.700000000000e-01, 9.649315479684e-01, 6.856970702717e-03
 3.000000000000e+00, 1.290000000000e+00, 9.400000000000e-01, 4.674786168443e-01, 2.791686887955e-03
 3.000000000000e+00, 1.290000000000e+00, 1.010000000000e+00, 2.748626850714e-01, 9.753362515162e-04
 3.000000000000e+00, 1.290000000000e+00, 1.080000000000e+00, 2.212265593041e-01, 3.092242394489e-04
 3.000000000000e+00, 1.290000000000e+00, 1.150000000000e+00, 2.192630089720e-01, 1.879472625041e-04
 3.000000000000e+00, 1.290000000000e+00, 1.220000000000e+00, 2.392025638160e-01, 2.475043739004e-04
 3.000000000000e+00, 1.290000000000e+00, 1.290000000000e+00, 2.648761107174e-01, 3.291437575380e-04
 3.000000000000e+00, 1.290000000000e+00, 1.360000000000e+00, 2.918096165996e-01, 3.434636147366e-04
 3.000000000000e+00, 1.290000000000e+00, 1.430000000000e+00, 3.168483699342e-01, 3.472027311140e-04
 3.000000000000e+00, 1.360000000000e+00, 8.000000000000e-01, 2.247591722089e+00, 1.815542068145e-02
 3.000000000000e+00, 1.360000000000e+00, 8.700000000000e-01, 9.768904033902e-01, 7.366595827474e-03
 3.000000000000e+00, 1.360000000000e+00, 9.400000000000e-01, 4.788270560767e-01, 2.778840397901e-03
 3.000000000000e+00, 1.360000000000e+00, 1.010000000000e+00, 2.902968860952e-01, 9.917237586777e-04
 3.000000000000e+00, 1.360000000000e+00, 1.080000000000e+00, 2.351714177589e-01, 3.149447224213e-04
 3.000000000000e+00, 1.360000000000e+00, 1.150000000000e+00, 2.331140661009e-01, 2.054584179535e-04
 3.000000000000e+00, 1.360000000000e+00, 1.220000000000e+00, 2.525722300452e-01, 2.808811405825e-04
 3.000000000000e+00, 1.360000000000e+00, 1.290000000000e+00, 2.783772687129e-01, 3.295798601292e-04
 3.000000000000e+00, 1.360000000000e+00, 1.360000000000e+00, 3.054585715185e-01, 3.466388545045e-04
 3.000000000000e+00, 1.360000000000e+00, 1.430000000000e+00, 3.307673001973e-01, 3.665453010135e-04
 3.000000000000e+00, 1.430000000000e+00, 8.000000000000e-01, 2.252058609343e+00, 1.854795770538e-02
 3.000000000000e+00, 1.430000000000e+00, 8.700000000000e-01, 9.790928490589e-01, 7.120188518260e-03
 3.000000000000e+00, 1.430000000000e+00, 9.400000000000e-01, 4.836606158141e-01, 2.666350709642e-03
 3.000000000000e+00, 1.430000000000e+00, 1.010000000000e+00, 3.035569417543e-01, 1.030541774475e-03
 3.000000000000e+00, 1.430000000000e+00, 1.080000000000e+00, 2.488751434021e-01, 3.319656435421e-04
 3.000000000000e+00, 1.430000000000e+00, 1.150000000000e+00, 2.462253177407e-01, 2.233647005545e-04
 3.000000000000e+00, 1.430000000000e+00, 1.220000000000e+00, 2.654695781667e-01, 2.835481086917e-04
 3.000000000000e+00, 1.430000000000e+00, 1.290000000000e+00, 2.915280606859e-01, 3.310471813709e-04
 3.000000000000e+00, 1.430000000000e+00, 1.360000000000e+00, 3.177256077712e-01, 3.570389337170e-04
 3.000000000000e+00, 1.430000000000e+00, 1.430000000000e+00, 3.427133054743e-01, 3.779548269713e-04
 3.200000000000e+00, 8.000000000000e-01, 8.000000000000e-01, 3.121916372592e+00, 2.063775922170e-02
 3.200000000000e+00, 8.000000000000e-01, 8.700000000000e-01, 1.858538550671e+00, 1.366639361692e-02
 3.200000000000e+00, 8.000000000000e-01, 9.400000000000e-01, 1.389948035120e+00, 1.350195415539e-02
 3.200000000000e+00, 8.000000000000e-01, 1.010000000000e+00, 1.206520354544e+00, 1.215218212102e-02
 3.200000000000e+00, 8.000000000000e-01, 1.080000000000e+00, 1.176271164606e+00, 1.239029135297e-02
 3.200000000000e+00, 8.000000000000e-01, 1.150000000000e+00, 1.165316926832e+00, 1.243885819786e-02
 3.200000000000e+00, 8.000000000000e-01, 1.220000000000e+00, 1.202902697102e+00, 1.276799381186e-02
 3.200000000000e+00, 8.000000000000e-01, 1.290000000000e+00, 1.214433793388e+00, 1.326054120741e-02
 3.200000000000e+00, 8.000000000000e-01, 1.360000000000e+00, 1.236117224485e+00, 1.311817384697e-02
 3.200000000000e+00, 8.000000000000e-01, 1.430000000000e+00, 1.276998824836e+00, 1.365297926200e-02
 3.200000000000e+00, 8.700000000000e-01, 8.000000000000e-01, 2.548647870322e+00, 1.876682911357e-02
 3.200000000000e+00, 8.700000000000e-01, 8.700000000000e-01, 1.267302596001e+00, 8.715969472156e-03
 3.200000000000e+00, 8.700000000000e-01, 9.400000000000e-01, 7.764468726991e-01, 5.201084626632e-03
 3.200000000000e+00, 8.700000000000e-01, 1.010000000000e+00, 6.018219278752e-01, 4.831662866419e-03
 3.200000000000e+00, 8.700000000000e-01, 1.080000000000e+00, 5.552058244863e-01, 4.804081189586e-03
 3.200000000000e+00, 8.700000000000e-01, 1.150000000000e+00, 5.398431284113e-01, 4.714294892760e-03
 3.200000000000e+00, 8.700000000000e-01, 1.220000000000e+00, 5.779544429901e-01, 4.927141675003e-03
 3.200000000000e+00, 8.700000000000e-01, 1.290000000000e+00, 5.988978326412e-01, 4.995802102460e-03
 3.200000000000e+00, 8.700000000000e-01, 1.360000000000e+00, 6.270148310896e-01, 5.194005415989e-03
 3.200000000000e+00, 8.700000000000e-01, 1.430000000000e+00, 6.388934821474e-01, 4.561613558503e-03
 3.200000000000e+00, 9.400000000000e-01, 8.000000000000e-01, 2.251914092729e+00, 1.784124121632e-02
 3.200000000000e+00, 9.400000000000e-01, 8.700000000000e-01, 1.013184052576e+00, 6.947955142093e-03
 3.200000000000e+00, 9.400000000000e-01, 9.400000000000e-01, 5.353103765620e-01, 3.211981723795e-03
 3.200000000000e+00, 9.400000000000e-01, 1.010000000000e+00, 3.623594152072e-01, 2.096459819785e-03
 3.200000000000e+00, 9.400000000000e-01, 1.080000000000e+00, 3.106772839390e-01, 1.828651736549e-03
 3.200000000000e+00, 9.400000000000e-01, 1.150000000000e+00, 3.107816246466e-01, 1.786506002613e-03
 3.200000000000e+00, 9.400000000000e-01, 1.220000000000e+00, 3.279878549612e-01, 1.788635677879e-03
 3.200000000000e+00, 9.400000000000e-01, 1.290000000000e+00, 3.529861249183e-01, 1.906815728082e-03
 3.200000000000e+00, 9.400000000000e-01, 1.360000000000e+00, 3.794478447973e-01, 1.796000018769e-03
 3.200000000000e+00, 9.400000000000e-01, 1.430000000000e+00, 4.043114513307e-01, 1.859009338652e-03
 3.200000000000e+00, 1.010000000000e+00, 8.000000000000e-01, 2.115158821748e+00, 1.656845325392e-02
 3.200000000000e+00, 1.010000000000e+00, 8.700000000000e-01, 9.324656852880e-01, 6.886988074150e-03
 3.200000000000e+00, 1.010000000000e+00, 9.400000000000e-01, 4.557231888905e-01, 2.699123049451e-03
 3.200000000000e+00, 1.010000000000e+00, 1.010000000000e+00, 2.739781288333e-01, 1.131098370616e-03
 3.200000000000e+00, 1.010000000000e+00, 1.080000000000e+00, 2.246017003089e-01, 6.882896371300e-04
 3.200000000000e+00, 1.010000000000e+00, 1.150000000000e+00, 2.236705778565e-01, 6.600124837896e-04
 3.200000000000e+00, 1.010000000000e+00, 1.220000000000e+00, 2.440771771525e-01, 7.217164656908e-04
 3.200000000000e+00, 1.010000000000e+00, 1.290000000000e+00, 2.685367411096e-01, 6.903044283404e-04
 3.200000000000e+00, 1.010000000000e+00, 1.360000000000e+00, 2.956308043990e-01, 7.446158281319e-04
 3.200000000000e+00, 1.010000000000e+00, 1.430000000000e+00, 3.181819052391e-01, 7.586886364242e-04
 3.200000000000e+00, 1.080000000000e+00, 8.000000000000e-01, 2.133514004324e+00, 1.745810125530e-02
 3.200000000000e+00, 1.080000000000e+00, 8.700000000000e-01, 8.868544068843e-01, 6.516483405187e-03
 3.200000000000e+00, 1.080000000000e+00, 9.400000000000e-01, 4.274333489877e-01, 2.681687948725e-03
 3.200000000000e+00, 1.080000000000e+00, 1.010000000000e+00, 2.502043335222e-01, 9.899510545536e-04
 3.200000000000e+00, 1.080000000000e+00, 1.080000000000e+00, 1.993977726020e-01, 3.030284587372e-04
 3.200000000000e+00, 1.080000000000e+00, 1.150000000000e+00, 1.986084780627e-01, 1.787455417953e-04
 3.200000000000e+00, 1.080000000000e+00, 1.220000000000e+00, 2.170745980770e-01, 2.516281623243e-04
 3.200000000000e+00, 1.080000000000e+00, 1.290000000000e+00, 2.431637066401e-01, 2.984680231873e-04
 3.200000000000e+00, 1.080000000000e+00, 1.360000000000e+00, 2.683694463691e-01, 3.113862552339e-04
 3.200000000000e+00, 1.080000000000e+00, 1.430000000000e+00, 2.925352433128e-01, 3.025507226306e-04
 3.200000000000e+00, 1.150000000000e+00, 8.000000000000e-01, 2.109246534495e+00, 1.725425912959e-02
 3.200000000000e+00, 1.150000000000e+00, 8.700000000000e-01, 9.003907935220e-01, 7.271954878574e-03
 3.200000000000e+00, 1.150000000000e+00, 9.400000000000e-01, 4.230636090975e-01, 2.535397063154e-03
 3.200000000000e+00, 1.150000000000e+00, 1.010000000000e+00, 2.497135047674e-01, 9.329638771598e-04
 3.200000000000e+00, 1.150000000000e+00, 1.080000000000e+00, 1.989990878358e-01, 2.477022508219e-04
 3.200000000000e+00, 1.150000000000e+00, 1.150000000000e+00, 1.983735388694e-01, 1.075023073169e-04
 3.200000000000e+00, 1.150000000000e+00, 1.220000000000e+00, 2.172077470030e-01, 1.979309377836e-04
 3.200000000000e+00, 1.150000000000e+00, 1.290000000000e+00, 2.417593027332e-01, 2.447996860263e-04
 3.200000000000e+00, 1.150000000000e+00, 1.360000000000e+00, 2.676570400392e-01, 2.700023111541e-04
 3.200000000000e+00, 1.150000000000e+00, 1.430000000000e+00, 2.915526762558e-01, 2.859851915536e-04
 3.200000000000e+00, 1.220000000000e+00, 8.000000000000e-01, 2.117785988107e+00, 1.801331754210e-02
 3.200000000000e+00, 1.220000000000e+00, 8.700000000000e-01, 8.949102355636e-01, 6.589155705150e-03
 3.200000000000e+00, 1.220000000000e+00, 9.400000000000e-01, 4.361885456912e-01, 2.737491973063e-03
 3.200000000000e+00, 1.220000000000e+00, 1.010000000000e+00, 2.587947322134e-01, 9.343943510847e-04
 3.200000000000e+00, 1.220000000000e+00, 1.080000000000e+00, 2.082831794844e-01, 2.608372445948e-04
 3.200000000000e+00, 1.220000000000e+00, 1.150000000000e+00, 2.077150895783e-01, 1.586171059958e-04
 3.200000000000e+00, 1.220000000000e+00, 1.220000000000e+00, 2.262657878758e-01, 2.403318208794e-04
 3.200000000000e+00, 1.220000000000e+00, 1.290000000000e+00, 2.514158633014e-01, 2.781821716908e-04
 3.200000000000e+00, 1.220000000000e+00, 1.360000000000e+00, 2.770535515748e-01, 2.978817588096e-04
 3.200000000000e+00, 1.220000000000e+00, 1.430000000000e+00, 3.006814754753e-01, 3.002775256901e-04
 3.200000000000e+00, 1.290000000000e+00, 8.000000000000e-01, 2.104159300537e+00, 1.703945947746e-02
 3.200000000000e+00, 1.290000000000e+00, 8.700000000000e-01, 9.072119956328e-01, 6.847704620383e-03
 3.200000000000e+00, 1.290000000000e+00, 9.400000000000e-01, 4.418978356395e-01, 2.618431864793e-03
 3.200000000000e+00, 1.290000000000e+00, 1.010000000000e+00, 2.717802855392e-01, 9.674600330897e-04
 3.200000000000e+00, 1.290000000000e+00, 1.080000000000e+00, 2.206546330390e-01, 2.922647073454e-04
 3.200000000000e+00, 1.290000000000e+00, 1.150000000000e+00, 2.206771264680e-01, 1.768293202516e-04
 3.200000000000e+00, 1.290000000000e+00, 1.220000000000e+00, 2.388291649199e-01, 2.638164155155e-04
 3.200000000000e+00, 1.290000000000e+00, 1.290000000000e+00, 2.636288352718e-01, 3.079149886129e-04
 3.200000000000e+00, 1.290000000000e+00, 1.360000000000e+00, 2.890848910659e-01, 3.233793241110e-04
 3.200000000000e+00, 1.290000000000e+00, 1.430000000000e+00, 3.126263002269e-01, 3.364586514421e-04
 3.200000000000e+00, 1.360000000000e+00, 8.000000000000e-01, 2.086708127912e+00, 1.698416261101e-02
 3.200000000000e+00, 1.360000000000e+00, 8.700000000000e-01, 9.140772624654e-01, 6.827204413981e-03
 3.200000000000e+00, 1.360000000000e+00, 9.400000000000e-01, 4.524489936885e-01, 2.595358168043e-03
 3.200000000000e+00, 1.360000000000e+00, 1.010000000000e+00, 2.826268447833e-01, 9.505834072720e-04
 3.200000000000e+00, 1.360000000000e+00, 1.080000000000e+00, 2.342979550377e-01, 2.992547807546e-04
 3.200000000000e+00, 1.360000000000e+00, 1.150000000000e+00, 2.335430572550e-01, 1.877349153408e-04
 3.200000000000e+00, 1.360000000000e+00, 1.220000000000e+00, 2.514509164497e-01, 2.793049429950e-04
 3.200000000000e+00, 1.360000000000e+00, 1.290000000000e+00, 2.758198728258e-01, 3.372341916704e-04
 3.200000000000e+00, 1.360000000000e+00, 1.360000000000e+00, 3.017354673687e-01, 3.335346610413e-04
 3.200000000000e+00, 1.360000000000e+00, 1.430000000000e+00, 3.256389038043e-01, 3.311185167400e-04
 3.200000000000e+00, 1.430000000000e+00, 8.000000000000e-01, 2.066013206507e+00, 1.732956662375e-02
 3.200000000000e+00, 1.430000000000e+00, 8.700000000000e-01, 9.110374241718e-01, 6.527448538099e-03
 3.200000000000e+00, 1.430000000000e+00, 9.400000000000e-01, 4.602074470986e-01, 2.469049117273e-03
 3.200000000000e+00, 1.430000000000e+00, 1.010000000000e+00, 2.958850106883e-01, 9.133411506578e-04
 3.200000000000e+00, 1.430000000000e+00, 1.080000000000e+00, 2.466213281749e-01, 2.846608201914e-04
 3.200000000000e+00, 1.430000000000e+00, 1.150000000000e+00, 2.462111061524e-01, 1.875771254284e-04
 3.200000000000e+00, 1.430000000000e+00, 1.220000000000e+00, 2.638959923980e-01, 2.649416853289e-04
 3.200000000000e+00, 1.430000000000e+00, 1.290000000000e+00, 2.878824442778e-01, 3.178805405463e-04
 3.200000000000e+00, 1.430000000000e+00, 1.360000000000e+00, 3.128245185843e-01, 3.436023479528e-04
 3.200000000000e+00, 1.430000000000e+00, 1.430000000000e+00, 3.368627548915e-01, 3.308888824772e-04
 3.400000000000e+00, 8.000000000000e-01, 8.000000000000e-01, 2.889908257100e+00, 2.023522155373e-02
 3.400000000000e+00, 8.000000000000e-01, 8.700000000000e-01, 1.764193239627e+00, 1.394385116661e-02
 3.400000000000e+00, 8.000000000000e-01, 9.400000000000e-01, 1.309913300507e+00, 1.203874127672e-02
 3.400000000000e+00, 8.000000000000e-01, 1.010000000000e+00, 1.168497793645e+00, 1.315943826446e-02
 3.400000000000e+00, 8.000000000000e-01, 1.080000000000e+00, 1.081932068431e+00, 1.178929057179e-02
 3.400000000000e+00, 8.000000000000e-01, 1.150000000000e+00, 1.089166965439e+00, 1.179923277104e-02
 3.400000000000e+00, 8.000000000000e-01, 1.220000000000e+00, 1.099563646797e+00, 1.149346731075e-02
 3.400000000000e+00, 8.000000000000e-01, 1.290000000000e+00, 1.125910471060e+00, 1.236200062851e-02
 3.400000000000e+00, 8.000000000000e-01, 1.360000000000e+00, 1.135000517766e+00, 1.156752951556e-02
 3.400000000000e+00, 8.000000000000e-01, 1.430000000000e+00, 1.190058338679e+00, 1.233010135773e-02
 3.400000000000e+00, 8.700000000000e-01, 8.000000000000e-01, 2.313568166679e+00, 1.686842401905e-02
 3.400000000000e+00, 8.700000000000e-01, 8.700000000000e-01, 1.161417845498e+00, 7.353649316888e-03
 3.400000000000e+00, 8.700000000000e-01, 9.400000000000e-01, 7.344971693007e-01, 5.139431702640e-03
 3.400000000000e+00, 8.700000000000e-01, 1.010000000000e+00, 5.674722503433e-01, 4.515311278635e-03
 3.400000000000e+00, 8.700000000000e-01, 1.080000000000e+00, 5.310412970582e-01, 5.017238601331e-03
 3.400000000000e+00, 8.700000000000e-01, 1.150000000000e+00, 5.141202593667e-01, 4.167855708206e-03
 3.400000000000e+00, 8.700000000000e-01, 1.220000000000e+00, 5.359669336048e-01, 4.498736655705e-03
 3.400000000000e+00, 8.700000000000e-01, 1.290000000000e+00, 5.685403464345e-01, 4.881454739979e-03
 3.400000000000e+00, 8.700000000000e-01, 1.360000000000e+00, 5.785233757962e-01, 4.395659240184e-03
 3.400000000000e+00, 8.700000000000e-01, 1.430000000000e+00, 6.034271476711e-01, 4.507470525416e-03
 3.400000000000e+00, 9.400000000000e-01, 8.000000000000e-01, 2.090949666763e+00, 1.640416555819e-02
 3.400000000000e+00, 9.400000000000e-01, 8.700000000000e-01, 9.312726266465e-01, 6.438784552588e-03
 3.400000000000e+00, 9.400000000000e-01, 9.400000000000e-01, 5.041041739029e-01, 2.897297026572e-03
 3.400000000000e+00, 9.400000000000e-01, 1.010000000000e+00, 3.524578793746e-01, 2.055655901165e-03
 3.400000000000e+00, 9.400000000000e-01, 1.080000000000e+00, 3.051447241134e-01, 1.945013434244e-03
 3.400000000000e+00, 9.400000000000e-01, 1.150000000000e+00, 3.032308125574e-01, 1.668525992656e-03
 3.400000000000e+00, 9.400000000000e-01, 1.220000000000e+00, 3.201745914228e-01, 1.712714784653e-03
 3.400000000000e+00, 9.400000000000e-01, 1.290000000000e+00, 3.440193180301e-01, 1.750834579651e-03
 3.400000000000e+00, 9.400000000000e-01, 1.360000000000e+00, 3.694478813806e-01, 1.800673366857e-03
 3.400000000000e+00, 9.400000000000e-01, 1.430000000000e+00, 3.917208146064e-01, 1.801977399917e-03
 3.400000000000e+00, 1.010000000000e+00, 8.000000000000e-01, 2.039543006058e+00, 1.846499821535e-02
 3.400000000000e+00, 1.010000000000e+00, 8.700000000000e-01, 8.790661104347e-01, 6.903785151742e-03
 3.400000000000e+00, 1.010000000000e+00, 9.400000000000e-01, 4.345517725078e-01, 2.538530805460e-03
 3.400000000000e+00, 1.010000000000e+00, 1.010000000000e+00, 2.720036340673e-01, 1.096175223871e-03
 3.400000000000e+00, 1.010000000000e+00, 1.080000000000e+00, 2.238596138705e-01, 6.390228126707e-04
 3.400000000000e+00, 1.010000000000e+00, 1.150000000000e+00, 2.248744798558e-01, 6.339419894574e-04
 3.400000000000e+00, 1.010000000000e+00, 1.220000000000e+00, 2.423460642995e-01, 6.485348953047e-04
 3.400000000000e+00, 1.010000000000e+00, 1.290000000000e+00, 2.669597677364e-01, 6.879652454150e-04
 3.400000000000e+00, 1.010000000000e+00, 1.360000000000e+00, 2.902717407872e-01, 7.512068571258e-04
 3.400000000000e+00, 1.010000000000e+00, 1.430000000000e+00, 3.128525149540e-01, 6.854709480115e-04
 3.400000000000e+00, 1.080000000000e+00, 8.000000000000e-01, 1.954657621382e+00, 1.608424581244e-02
 3.400000000000e+00, 1.080000000000e+00, 8.700000000000e-01, 8.373699280339e-01, 6.224834995826e-03
 3.400000000000e+00, 1.080000000000e+00, 9.400000000000e-01, 4.060968074840e-01, 2.406486300197e-03
 3.400000000000e+00, 1.080000000000e+00, 1.010000000000e+00, 2.478014269914e-01, 8.863868470520e-04
 3.400000000000e+00, 1.080000000000e+00, 1.080000000000e+00, 2.016676990718e-01, 2.944421771827e-04
 3.400000000000e+00, 1.080000000000e+00, 1.150000000000e+00, 2.019532080630e-01, 1.769545871574e-04
 3.400000000000e+00, 1.080000000000e+00, 1.220000000000e+00, 2.193035578091e-01, 2.534311444555e-04
 3.400000000000e+00, 1.080000000000e+00, 1.290000000000e+00, 2.436749776503e-01, 2.770682985823e-04
 3.400000000000e+00, 1.080000000000e+00, 1.360000000000e+00, 2.671259706604e-01, 2.901805058445e-04
 3.400000000000e+00, 1.080000000000e+00, 1.430000000000e+00, 2.898140499489e-01, 2.995423080703e-04
 3.400000000000e+00, 1.150000000000e+00, 8.000000000000e-01, 1.949326544214e+00, 1.558407121512e-02
 3.400000000000e+00, 1.150000000000e+00, 8.700000000000e-01, 8.326444091591e-01, 6.427140331895e-03
 3.400000000000e+00, 1.150000000000e+00, 9.400000000000e-01, 4.058705259102e-01, 2.487720346662e-03
 3.400000000000e+00, 1.150000000000e+00, 1.010000000000e+00, 2.472175912784e-01, 8.864676287677e-04
 3.400000000000e+00, 1.150000000000e+00, 1.080000000000e+00, 2.014230865658e-01, 2.338220941859e-04
 3.400000000000e+00, 1.150000000000e+00, 1.150000000000e+00, 2.016060369780e-01, 1.048113244827e-04
 3.400000000000e+00, 1.150000000000e+00, 1.220000000000e+00, 2.192369872072e-01, 2.020419859374e-04
 3.400000000000e+00, 1.150000000000e+00, 1.290000000000e+00, 2.426554529116e-01, 2.355866187404e-04
 3.400000000000e+00, 1.150000000000e+00, 1.360000000000e+00, 2.669666975117e-01, 2.514311520691e-04
 3.400000000000e+00, 1.150000000000e+00, 1.430000000000e+00, 2.893644168677e-01, 2.531130856692e-04
 3.400000000000e+00, 1.220000000000e+00, 8.000000000000e-01, 1.965157866415e+00, 1.704495172496e-02
 3.400000000000e+00, 1.220000000000e+00, 8.700000000000e-01, 8.497708946787e-01, 6.321174376241e-03
 3.400000000000e+00, 1.220000000000e+00, 9.400000000000e-01, 4.113161370761e-01, 2.354362409859e-03
 3.400000000000e+00, 1.220000000000e+00, 1.010000000000e+00, 2.558778164334e-01, 8.763338255802e-04
 3.400000000000e+00, 1.220000000000e+00, 1.080000000000e+00, 2.104322299829e-01, 2.540221321832e-04
 3.400000000000e+00, 1.220000000000e+00, 1.150000000000e+00, 2.104776484811e-01, 1.577954324137e-04
 3.400000000000e+00, 1.220000000000e+00, 1.220000000000e+00, 2.284551875920e-01, 2.337042214876e-04
 3.400000000000e+00, 1.220000000000e+00, 1.290000000000e+00, 2.519197763382e-01, 2.665371820160e-04
 3.400000000000e+00, 1.220000000000e+00, 1.360000000000e+00, 2.754366432088e-01, 2.939504768299e-04
 3.400000000000e+00, 1.220000000000e+00, 1.430000000000e+00, 2.977464898828e-01, 2.910855172656e-04
 3.400000000000e+00, 1.290000000000e+00, 8.000000000000e-01, 1.949904792354e+00, 1.606600175912e-02
 3.400000000000e+00, 1.290000000000e+00, 8.700000000000e-01, 8.402550661358e-01, 6.201312984599e-03
 3.400000000000e+00, 1.290000000000e+00, 9.400000000000e-01, 4.218887295323e-01, 2.424368589585e-03
 3.400000000000e+00, 1.290000000000e+00, 1.010000000000e+00, 2.678444036990e-01, 8.893444119464e-04
 3.400000000000e+00, 1.290000000000e+00, 1.080000000000e+00, 2.227236565129e-01, 2.784896273370e-04
 3.400000000000e+00, 1.290000000000e+00, 1.150000000000e+00, 2.222789066112e-01, 1.760094797677e-04
 3.400000000000e+00, 1.290000000000e+00, 1.220000000000e+00, 2.402402726876e-01, 2.481037305755e-04
 3.400000000000e+00, 1.290000000000e+00, 1.290000000000e+00, 2.630389229474e-01, 3.001253004319e-04
 3.400000000000e+00, 1.290000000000e+00, 1.360000000000e+00, 2.869234029697e-01, 3.058666138055e-04
 3.400000000000e+00, 1.290000000000e+00, 1.430000000000e+00, 3.090535643382e-01, 3.107035950955e-04
 3.400000000000e+00, 1.360000000000e+00, 8.000000000000e-01, 1.955048178007e+00, 1.656678310414e-02
 3.400000000000e+00, 1.360000000000e+00, 8.700000000000e-01, 8.551675511412e-01, 6.417242090094e-03
 3.400000000000e+00, 1.360000000000e+00, 9.400000000000e-01, 4.372587056332e-01, 2.583826010727e-03
 3.400000000000e+00, 1.360000000000e+00, 1.010000000000e+00, 2.810447654652e-01, 9.538424704764e-04
 3.400000000000e+00, 1.360000000000e+00, 1.080000000000e+00, 2.354268424003e-01, 2.836642398213e-04
 3.400000000000e+00, 1.360000000000e+00, 1.150000000000e+00, 2.344860599841e-01, 1.857519472779e-04
 3.400000000000e+00, 1.360000000000e+00, 1.220000000000e+00, 2.524857622815e-01, 2.492552138146e-04
 3.400000000000e+00, 1.360000000000e+00, 1.290000000000e+00, 2.753182819104e-01, 2.958631593268e-04
 3.400000000000e+00, 1.360000000000e+00, 1.360000000000e+00, 2.989317303386e-01, 3.195398142839e-04
 3.400000000000e+00, 1.360000000000e+00, 1.430000000000e+00, 3.207667543300e-01, 3.249339971580e-04
 3.400000000000e+00, 1.430000000000e+00, 8.000000000000e-01, 1.949358812278e+00, 1.646298389328e-02
 3.400000000000e+00, 1.430000000000e+00, 8.700000000000e-01, 8.612916761974e-01, 6.294090250887e-03
 3.400000000000e+00, 1.430000000000e+00, 9.400000000000e-01, 4.430521912429e-01, 2.382632159414e-03
 3.400000000000e+00, 1.430000000000e+00, 1.010000000000e+00, 2.922614262119e-01, 9.633559507015e-04
 3.400000000000e+00, 1.430000000000e+00, 1.080000000000e+00, 2.470992111129e-01, 2.892811587570e-04
 3.400000000000e+00, 1.430000000000e+00, 1.150000000000e+00, 2.465492759101e-01, 1.788333042997e-04
 3.400000000000e+00, 1.430000000000e+00, 1.220000000000e+00, 2.630708198208e-01, 2.634887151994e-04
 3.400000000000e+00, 1.430000000000e+00, 1.290000000000e+00, 2.868760200568e-01, 2.895817269432e-04
 3.400000000000e+00, 1.430000000000e+00, 1.360000000000e+00, 3.095138780407e-01, 3.144695465341e-04
 3.400000000000e+00, 1.430000000000e+00, 1.430000000000e+00, 3.318800717634e-01, 3.380779570677e-04
 3.600000000000e+00, 8.000000000000e-01, 8.000000000000e-01, 2.697261655129e+00, 1.900108509796e-02
 3.600000000000e+00, 8.000000000000e-01, 8.700000000000e-01, 1.614386710293e+00, 1.271320390954e-02
 3.600000000000e+00, 8.000000000000e-01, 9.400000000000e-01, 1.225177277350e+00, 1.191878222948e-02
 3.600000000000e+00, 8.000000000000e-01, 1.010000000000e+00, 1.054977752963e+00, 1.066645736644e-02
 3.600000000000e+00, 8.000000000000e-01, 1.080000000000e+00, 1.010208367913e+00, 1.063986587584e-02
 3.600000000000e+00, 8.000000000000e-01, 1.150000000000e+00, 1.043015154806e+00, 1.195092849301e-02
 3.600000000000e+00, 8.000000000000e-01, 1.220000000000e+00, 1.033281221944e+00, 1.115995008473e-02
 3.600000000000e+00, 8.000000000000e-01, 1.290000000000e+00, 1.036692364936e+00, 1.165025406791e-02
 3.600000000000e+00, 8.000000000000e-01, 1.360000000000e+00, 1.060596568459e+00, 1.180529520390e-02
 3.600000000000e+00, 8.000000000000e-01, 1.430000000000e+00, 1.098438086434e+00, 1.181327503268e-02
 3.600000000000e+00, 8.700000000000e-01, 8.000000000000e-01, 2.141337786387e+00, 1.564826821208e-02
 3.600000000000e+00, 8.700000000000e-01, 8.700000000000e-01, 1.099896469913e+00, 7.783073254899e-03
 3.600000000000e+00, 8.700000000000e-01, 9.400000000000e-01, 6.874649643225e-01, 4.800389123172e-03
 3.600000000000e+00, 8.700000000000e-01, 1.010000000000e+00, 5.440909418671e-01, 4.230698495811e-03
 3.600000000000e+00, 8.700000000000e-01, 1.080000000000e+00, 4.969817845355e-01, 4.184479077171e-03
 3.600000000000e+00, 8.700000000000e-01, 1.150000000000e+00, 5.067922787448e-01, 4.468563199598e-03
 3.600000000000e+00, 8.700000000000e-01, 1.220000000000e+00, 5.156478285279e-01, 4.344226470909e-03
 3.600000000000e+00, 8.700000000000e-01, 1.290000000000e+00, 5.374402543191e-01, 4.482250613823e-03
 3.600000000000e+00, 8.700000000000e-01, 1.360000000000e+00, 5.576768491821e-01, 4.455794283614e-03
 3.600000000000e+00, 8.700000000000e-01, 1.430000000000e+00, 5.891404705002e-01, 4.926594299188e-03
 3.600000000000e+00, 9.400000000000e-01, 8.000000000000e-01, 1.957062852476e+00, 1.678937595835e-02
 3.600000000000e+00, 9.400000000000e-01, 8.700000000000e-01, 8.867999106821e-01, 6.150928726955e-03
 3.600000000000e+00, 9.400000000000e-01, 9.400000000000e-01, 4.894625489426e-01, 2.937102961390e-03
 3.600000000000e+00, 9.400000000000e-01, 1.010000000000e+00, 3.397915726379e-01, 1.857465824939e-03
 3.600000000000e+00, 9.400000000000e-01, 1.080000000000e+00, 2.968973462837e-01, 1.657363710401e-03
 3.600000000000e+00, 9.400000000000e-01, 1.150000000000e+00, 3.008517871311e-01, 1.907119711097e-03
 3.600000000000e+00, 9.400000000000e-01, 1.220000000000e+00, 3.199069653133e-01, 1.770886661376e-03
 3.600000000000e+00, 9.400000000000e-01, 1.290000000000e+00, 3.373362772711e-01, 1.728531393232e-03
 3.600000000000e+00, 9.400000000000e-01, 1.360000000000e+00, 3.607251704174e-01, 1.914305630834e-03
 3.600000000000e+00, 9.400000000000e-01, 1.430000000000e+00, 3.824192485161e-01, 1.698693628233e-03
 3.600000000000e+00, 1.010000000000e+00, 8.000000000000e-01, 1.860327464875e+00, 1.658872043321e-02
 3.600000000000e+00, 1.010000000000e+00, 8.700000000000e-01, 8.135930326391e-01, 6.105350773218e-03
 3.600000000000e+00, 1.010000000000e+00, 9.400000000000e-01, 4.143093177965e-01, 2.425232254792e-03
 3.600000000000e+00, 1.010000000000e+00, 1.010000000000e+00, 2.666121677895e-01, 1.044144211980e-03
 3.600000000000e+00, 1.010000000000e+00, 1.080000000000e+00, 2.257104017263e-01, 6.676829687120e-04
 3.600000000000e+00, 1.010000000000e+00, 1.150000000000e+00, 2.264869468559e-01, 6.053443053891e-04
 3.600000000000e+00, 1.010000000000e+00, 1.220000000000e+00, 2.436262816421e-01, 5.924098314733e-04
 3.600000000000e+00, 1.010000000000e+00, 1.290000000000e+00, 2.651569230689e-01, 6.061239366165e-04
 3.600000000000e+00, 1.010000000000e+00, 1.360000000000e+00, 2.886795555066e-01, 6.407977128556e-04
 3.600000000000e+00, 1.010000000000e+00, 1.430000000000e+00, 3.097906320103e-01, 7.000624805374e-04
 3.600000000000e+00, 1.080000000000e+00, 8.000000000000e-01, 1.837904010133e+00, 1.495635787070e-02
 3.600000000000e+00, 1.080000000000e+00, 8.700000000000e-01, 7.843838827182e-01, 5.824451267397e-03
 3.600000000000e+00, 1.080000000000e+00, 9.400000000000e-01, 3.899325567112e-01, 2.335372141777e-03
 3.600000000000e+00, 1.080000000000e+00, 1.010000000000e+00, 2.450162190203e-01, 8.236827384027e-04
 3.600000000000e+00, 1.080000000000e+00, 1.080000000000e+00, 2.049867776178e-01, 2.820680158929e-04
 3.600000000000e+00, 1.080000000000e+00, 1.150000000000e+00, 2.053619192928e-01, 1.757043399044e-04
 3.600000000000e+00, 1.080000000000e+00, 1.220000000000e+00, 2.230358630263e-01, 3.297359587287e-04
 3.600000000000e+00, 1.080000000000e+00, 1.290000000000e+00, 2.447389896372e-01, 2.578964221711e-04
 3.600000000000e+00, 1.080000000000e+00, 1.360000000000e+00, 2.676361900388e-01, 2.827646595986e-04
 3.600000000000e+00, 1.080000000000e+00, 1.430000000000e+00, 2.885281431557e-01, 2.802655390875e-04
 3.600000000000e+00, 1.150000000000e+00, 8.000000000000e-01, 1.854267028079e+00, 1.586924713818e-02
 3.600000000000e+00, 1.150000000000e+00, 8.700000000000e-01, 8.022009147424e-01, 6.284777340983e-03
 3.600000000000e+00, 1.150000000000e+00, 9.400000000000e-01, 3.926224528197e-01, 2.319542582179e-03
 3.600000000000e+00, 1.150000000000e+00, 1.010000000000e+00, 2.467799687453e-01, 8.449613858478e-04
 3.600000000000e+00, 1.150000000000e+00, 1.080000000000e+00, 2.050851108288e-01, 2.304175951958e-04
 3.600000000000e+00, 1.150000000000e+00, 1.150000000000e+00, 2.057424611926e-01, 1.038980485994e-04
 3.600000000000e+00, 1.150000000000e+00, 1.220000000000e+00, 2.225577649359e-01, 1.829390253280e-04
 3.600000000000e+00, 1.150000000000e+00, 1.290000000000e+00, 2.453246493246e-01, 2.265036004242e-04
 3.600000000000e+00, 1.150000000000e+00, 1.360000000000e+00, 2.672663659469e-01, 2.358850140026e-04
 3.600000000000e+00, 1.150000000000e+00, 1.430000000000e+00, 2.889081679753e-01, 2.409811711804e-04
 3.600000000000e+00, 1.220000000000e+00, 8.000000000000e-01, 1.835858112321e+00, 1.568585144798e-02
 3.600000000000e+00, 1.220000000000e+00, 8.700000000000e-01, 7.906693150323e-01, 6.009370409568e-03
 3.600000000000e+00, 1.220000000000e+00, 9.400000000000e-01, 3.988199803947e-01, 2.296910413190e-03
 3.600000000000e+00, 1.220000000000e+00, 1.010000000000e+00, 2.556864442802e-01, 8.892846656737e-04
 3.600000000000e+00, 1.220000000000e+00, 1.080000000000e+00, 2.134143212075e-01, 2.406102883283e-04
 3.600000000000e+00, 1.220000000000e+00, 1.150000000000e+00, 2.140925182287e-01, 1.474247695492e-04
 3.600000000000e+00, 1.220000000000e+00, 1.220000000000e+00, 2.310376396471e-01, 2.273355916913e-04
 3.600000000000e+00, 1.220000000000e+00, 1.290000000000e+00, 2.531692249122e-01, 2.561990587539e-04
 3.600000000000e+00, 1.220000000000e+00, 1.360000000000e+00, 2.756001472480e-01, 2.828628988450e-04
 3.600000000000e+00, 1.220000000000e+00, 1.430000000000e+00, 2.964272016360e-01, 2.715722689578e-04
 3.600000000000e+00, 1.290000000000e+00, 8.000000000000e-01, 1.808660315530e+00, 1.561263767831e-02
 3.600000000000e+00, 1.290000000000e+00, 8.700000000000e-01, 7.995142281992e-01, 6.265411254235e-03
 3.600000000000e+00, 1.290000000000e+00, 9.400000000000e-01, 4.087011681784e-01, 2.321077139541e-03
 3.600000000000e+00, 1.290000000000e+00, 1.010000000000e+00, 2.656554208479e-01, 8.348593137369e-04
 3.600000000000e+00, 1.290000000000e+00, 1.080000000000e+00, 2.253033259611e-01, 2.604307636496e-04
 3.600000000000e+00, 1.290000000000e+00, 1.150000000000e+00, 2.253641969740e-01, 1.656912683008e-04
 3.600000000000e+00, 1.290000000000e+00, 1.220000000000e+00, 2.420665966388e-01, 2.411976768951e-04
 3.600000000000e+00, 1.290000000000e+00, 1.290000000000e+00, 2.640980714083e-01, 2.864659929147e-04
 3.600000000000e+00, 1.290000000000e+00, 1.360000000000e+00, 2.857917764203e-01, 2.994990779362e-04
 3.600000000000e+00, 1.290000000000e+00, 1.430000000000e+00, 3.077277155397e-01, 2.846197193047e-04
 3.600000000000e+00, 1.360000000000e+00, 8.000000000000e-01, 1.828505380078e+00, 1.687978080461e-02
 3.600000000000e+00, 1.360000000000e+00, 8.700000000000e-01, 8.088404146929e-01, 5.980956713104e-03
 3.600000000000e+00, 1.360000000000e+00, 9.400000000000e-01, 4.193478022295e-01, 2.380892539932e-03
 3.600000000000e+00, 1.360000000000e+00, 1.010000000000e+00, 2.781506796375e-01, 8.565110648016e-04
 3.600000000000e+00, 1.360000000000e+00, 1.080000000000e+00, 2.365546147815e-01, 2.646955881916e-04
 3.600000000000e+00, 1.360000000000e+00, 1.150000000000e+00, 2.371716364061e-01, 1.695256360193e-04
 3.600000000000e+00, 1.360000000000e+00, 1.220000000000e+00, 2.535406104760e-01, 2.465258869920e-04
 3.600000000000e+00, 1.360000000000e+00, 1.290000000000e+00, 2.748346810975e-01, 2.873142958140e-04
 3.600000000000e+00, 1.360000000000e+00, 1.360000000000e+00, 2.978213962048e-01, 2.983568306578e-04
 3.600000000000e+00, 1.360000000000e+00, 1.430000000000e+00, 3.183019617929e-01, 3.037793929803e-04
 3.600000000000e+00, 1.430000000000e+00, 8.000000000000e-01, 1.811477341487e+00, 1.545465898108e-02
 3.600000000000e+00, 1.430000000000e+00, 8.700000000000e-01, 8.129705297150e-01, 6.049005364183e-03
 3.600000000000e+00, 1.430000000000e+00, 9.400000000000e-01, 4.286632476538e-01, 2.308134681043e-03
 3.600000000000e+00, 1.430000000000e+00, 1.010000000000e+00, 2.884497184757e-01, 8.731467349953e-04
 3.600000000000e+00, 1.430000000000e+00, 1.080000000000e+00, 2.476198072069e-01, 2.729501672168e-04
 3.600000000000e+00, 1.430000000000e+00, 1.150000000000e+00, 2.476883459275e-01, 1.823594961000e-04
 3.600000000000e+00, 1.430000000000e+00, 1.220000000000e+00, 2.643341159171e-01, 2.425920583115e-04
 3.600000000000e+00, 1.430000000000e+00, 1.290000000000e+00, 2.856501599212e-01, 2.850311436721e-04
 3.600000000000e+00, 1.430000000000e+00, 1.360000000000e+00, 3.071254981907e-01, 3.024148076234e-04
 3.600000000000e+00, 1.430000000000e+00, 1.430000000000e+00, 3.286854396675e-01, 3.077227051246e-04
 3.800000000000e+00, 8.000000000000e-01, 8.000000000000e-01, 2.516803456122e+00, 1.829751273566e-02
 3.800000000000e+00, 8.000000000000e-01, 8.700000000000e-01, 1.509380299616e+00, 1.167628110406e-02
 3.800000000000e+00, 8.000000000000e-01, 9.400000000000e-01, 1.166978723846e+00, 1.274331380126e-02
 3.800000000000e+00, 8.000000000000e-01, 1.010000000000e+00, 1.013040981364e+00, 1.104890934791e-02
 3.800000000000e+00, 8.000000000000e-01, 1.080000000000e+00, 9.561166693967e-01, 1.057107648659e-02
 3.800000000000e+00, 8.000000000000e-01, 1.150000000000e+00, 9.727713310181e-01, 1.053317752111e-02
 3.800000000000e+00, 8.000000000000e-01, 1.220000000000e+00, 9.880487302717e-01, 1.111116597946e-02
 3.800000000000e+00, 8.000000000000e-01, 1.290000000000e+00, 1.007306483102e+00, 1.132348415714e-02
 3.800000000000e+00, 8.000000000000e-01, 1.360000000000e+00, 1.017694634336e+00, 1.067566488500e-02
 3.800000000000e+00, 8.000000000000e-01, 1.430000000000e+00, 1.042474226858e+00, 1.067707817801e-02
 3.800000000000e+00, 8.700000000000e-01, 8.000000000000e-01, 2.018511470973e+00, 1.632486260929e-02
 3.800000000000e+00, 8.700000000000e-01, 8.700000000000e-01, 1.042470506481e+00, 7.047859041718e-03
 3.800000000000e+00, 8.700000000000e-01, 9.400000000000e-01, 6.489814730197e-01, 4.537382582311e-03
 3.800000000000e+00, 8.700000000000e-01, 1.010000000000e+00, 5.201679081442e-01, 4.328738673970e-03
 3.800000000000e+00, 8.700000000000e-01, 1.080000000000e+00, 4.753582699464e-01, 4.167538548026e-03
 3.800000000000e+00, 8.700000000000e-01, 1.150000000000e+00, 4.838707909860e-01, 4.185457096756e-03
 3.800000000000e+00, 8.700000000000e-01, 1.220000000000e+00, 4.936381074677e-01, 4.065311074388e-03
 3.800000000000e+00, 8.700000000000e-01, 1.290000000000e+00, 5.171302342008e-01, 4.069789421109e-03
 3.800000000000e+00, 8.700000000000e-01, 1.360000000000e+00, 5.301266506974e-01, 3.966611512661e-03
 3.800000000000e+00, 8.700000000000e-01, 1.430000000000e+00, 5.599694490121e-01, 4.227357082654e-03
 3.800000000000e+00, 9.400000000000e-01, 8.000000000000e-01, 1.808192930629e+00, 1.441778720773e-02
 3.800000000000e+00, 9.400000000000e-01, 8.700000000000e-01, 8.370690574769e-01, 5.903173106004e-03
 3.800000000000e+00, 9.400000000000e-01, 9.400000000000e-01, 4.733113520627e-01, 2.726992478005e-03
 3.800000000000e+00, 9.400000000000e-01, 1.010000000000e+00, 3.337753750276e-01, 1.829223827186e-03
 3.800000000000e+00, 9.400000000000e-01, 1.080000000000e+00, 2.959314846086e-01, 1.636452027231e-03
 3.800000000000e+00, 9.400000000000e-01, 1.150000000000e+00, 2.989547615815e-01, 1.834172568835e-03
 3.800000000000e+00, 9.400000000000e-01, 1.220000000000e+00, 3.099496108376e-01, 1.640581360302e-03
 3.800000000000e+00, 9.400000000000e-01, 1.290000000000e+00, 3.364096720610e-01, 1.639856205512e-03
 3.800000000000e+00, 9.400000000000e-01, 1.360000000000e+00, 3.523568838725e-01, 1.669231417817e-03
 3.800000000000e+00, 9.400000000000e-01, 1.430000000000e+00, 3.719734457160e-01, 1.527610452573e-03
 3.800000000000e+00, 1.010000000000e+00, 8.000000000000e-01, 1.738886444666e+00, 1.445812788081e-02
 3.800000000000e+00, 1.010000000000e+00, 8.700000000000e-01, 7.668859886430e-01, 5.668629419308e-03
 3.800000000000e+00, 1.010000000000e+00, 9.400000000000e-01, 4.006225086930e-01, 2.232937751006e-03
 3.800000000000e+00, 1.010000000000e+00, 1.010000000000e+00, 2.649158194565e-01, 9.979912141947e-04
 3.800000000000e+00, 1.010000000000e+00, 1.080000000000e+00, 2.275092929736e-01, 5.818723030799e-04
 3.800000000000e+00, 1.010000000000e+00, 1.150000000000e+00, 2.300211958244e-01, 9.141635940931e-04
 3.800000000000e+00, 1.010000000000e+00, 1.220000000000e+00, 2.456021048617e-01, 6.229378383683e-04
 3.800000000000e+00, 1.010000000000e+00, 1.290000000000e+00, 2.661863970078e-01, 5.918088894283e-04
 3.800000000000e+00, 1.010000000000e+00, 1.360000000000e+00, 2.873900929871e-01, 5.820525345574e-04
 3.800000000000e+00, 1.010000000000e+00, 1.430000000000e+00, 3.065017680976e-01, 5.700797153373e-04
 3.800000000000e+00, 1.080000000000e+00, 8.000000000000e-01, 1.731369476977e+00, 1.491962898237e-02
 3.800000000000e+00, 1.080000000000e+00, 8.700000000000e-01, 7.586354190607e-01, 6.060443987216e-03
 3.800000000000e+00, 1.080000000000e+00, 9.400000000000e-01, 3.801742318849e-01, 2.254266946738e-03
 3.800000000000e+00, 1.080000000000e+00, 1.010000000000e+00, 2.459182750984e-01, 8.018863165495e-04
 3.800000000000e+00, 1.080000000000e+00, 1.080000000000e+00, 2.088348956824e-01, 2.616201480131e-04
 3.800000000000e+00, 1.080000000000e+00, 1.150000000000e+00, 2.098079074393e-01, 1.667776526190e-04
 3.800000000000e+00, 1.080000000000e+00, 1.220000000000e+00, 2.252618272669e-01, 2.266846354517e-04
 3.800000000000e+00, 1.080000000000e+00, 1.290000000000e+00, 2.470795953843e-01, 2.656343963135e-04
 3.800000000000e+00, 1.080000000000e+00, 1.360000000000e+00, 2.687504030785e-01, 2.707739567910e-04
 3.800000000000e+00, 1.080000000000e+00, 1.430000000000e+00, 2.881914016698e-01, 2.644414188429e-04
 3.800000000000e+00, 1.150000000000e+00, 8.000000000000e-01, 1.723037919511e+00, 1.494457049156e-02
 3.800000000000e+00, 1.150000000000e+00, 8.700000000000e-01, 7.446917946542e-01, 5.711351254393e-03
 3.800000000000e+00, 1.150000000000e+00, 9.400000000000e-01, 3.788910635191e-01, 2.212886640950e-03
 3.800000000000e+00, 1.150000000000e+00, 1.010000000000e+00, 2.481898599813e-01, 8.486166507124e-04
 3.800000000000e+00, 1.150000000000e+00, 1.080000000000e+00, 2.091193530898e-01, 2.138949840527e-04
 3.800000000000e+00, 1.150000000000e+00, 1.150000000000e+00, 2.099346098072e-01, 1.110137429301e-04
 3.800000000000e+00, 1.150000000000e+00, 1.220000000000e+00, 2.260830231528e-01, 1.796144779949e-04
 3.800000000000e+00, 1.150000000000e+00, 1.290000000000e+00, 2.473508366696e-01, 1.969283299415e-04
 3.800000000000e+00, 1.150000000000e+00, 1.360000000000e+00, 2.688385169033e-01, 2.248599734286e-04
 3.800000000000e+00, 1.150000000000e+00, 1.430000000000e+00, 2.885662571697e-01, 2.279731187944e-04
 3.800000000000e+00, 1.220000000000e+00, 8.000000000000e-01, 1.718682326451e+00, 1.543942075406e-02
 3.800000000000e+00, 1.220000000000e+00, 8.700000000000e-01, 7.561802134977e-01, 5.697625854796e-03
 3.800000000000e+00, 1.220000000000e+00, 9.400000000000e-01, 3.869847507121e-01, 2.278018733154e-03
 3.800000000000e+00, 1.220000000000e+00, 1.010000000000e+00, 2.551407316691e-01, 8.399490479509e-04
 3.800000000000e+00, 1.220000000000e+00, 1.080000000000e+00, 2.175374217301e-01, 2.476131626538e-04
 3.800000000000e+00, 1.220000000000e+00, 1.150000000000e+00, 2.182386380448e-01, 1.426577853051e-04
 3.800000000000e+00, 1.220000000000e+00, 1.220000000000e+00, 2.337349205896e-01, 2.251496394797e-04
 3.800000000000e+00, 1.220000000000e+00, 1.290000000000e+00, 2.547762076565e-01, 2.484552927641e-04
 3.800000000000e+00, 1.220000000000e+00, 1.360000000000e+00, 2.765507607376e-01, 2.540884394846e-04
 3.800000000000e+00, 1.220000000000e+00, 1.430000000000e+00, 2.961289945252e-01, 2.614532334301e-04
 3.800000000000e+00, 1.290000000000e+00, 8.000000000000e-01, 1.704143962276e+00, 1.544667135714e-02
 3.800000000000e+00, 1.290000000000e+00, 8.700000000000e-01, 7.594322750691e-01, 5.670638502145e-03
 3.800000000000e+00, 1.290000000000e+00, 9.400000000000e-01, 3.970072824772e-01, 2.242678843288e-03
 3.800000000000e+00, 1.290000000000e+00, 1.010000000000e+00, 2.652374513742e-01, 8.115623229268e-04
 3.800000000000e+00, 1.290000000000e+00, 1.080000000000e+00, 2.275890664507e-01, 2.544831961340e-04
 3.800000000000e+00, 1.290000000000e+00, 1.150000000000e+00, 2.289367899611e-01, 1.647252073903e-04
 3.800000000000e+00, 1.290000000000e+00, 1.220000000000e+00, 2.447675930277e-01, 2.289419110851e-04
 3.800000000000e+00, 1.290000000000e+00, 1.290000000000e+00, 2.654751252182e-01, 2.563287558611e-04
 3.800000000000e+00, 1.290000000000e+00, 1.360000000000e+00, 2.866340259994e-01, 2.872297478318e-04
 3.800000000000e+00, 1.290000000000e+00, 1.430000000000e+00, 3.064915655379e-01, 2.831464570385e-04
 3.800000000000e+00, 1.360000000000e+00, 8.000000000000e-01, 1.691189306986e+00, 1.479296334735e-02
 3.800000000000e+00, 1.360000000000e+00, 8.700000000000e-01, 7.697107054477e-01, 6.043972620707e-03
 3.800000000000e+00, 1.360000000000e+00, 9.400000000000e-01, 4.059915783243e-01, 2.174938026716e-03
 3.800000000000e+00, 1.360000000000e+00, 1.010000000000e+00, 2.768410444439e-01, 7.530867766892e-04
 3.800000000000e+00, 1.360000000000e+00, 1.080000000000e+00, 2.393612596848e-01, 2.544314053180e-04
 3.800000000000e+00, 1.360000000000e+00, 1.150000000000e+00, 2.395797880174e-01, 1.783399323592e-04
 3.800000000000e+00, 1.360000000000e+00, 1.220000000000e+00, 2.553997428038e-01, 2.407793852039e-04
 3.800000000000e+00, 1.360000000000e+00, 1.290000000000e+00, 2.759005241233e-01, 2.784081500597e-04
 3.800000000000e+00, 1.360000000000e+00, 1.360000000000e+00, 2.973838411865e-01, 2.883230142227e-04
 3.800000000000e+00, 1.360000000000e+00, 1.430000000000e+00, 3.167586882241e-01, 2.947257062898e-04
 3.800000000000e+00, 1.430000000000e+00, 8.000000000000e-01, 1.717838245343e+00, 1.544891857701e-02
 3.800000000000e+00, 1.430000000000e+00, 8.700000000000e-01, 7.692865309517e-01, 6.182174926246e-03
 3.800000000000e+00, 1.430000000000e+00, 9.400000000000e-01, 4.198209740396e-01, 2.270211043288e-03
 3.800000000000e+00, 1.430000000000e+00, 1.010000000000e+00, 2.860399735160e-01, 7.914102640349e-04
 3.800000000000e+00, 1.430000000000e+00, 1.080000000000e+00, 2.497286825349e-01, 2.555398538177e-04
 3.800000000000e+00, 1.430000000000e+00, 1.150000000000e+00, 2.503079195101e-01, 1.719274272281e-04
 3.800000000000e+00, 1.430000000000e+00, 1.220000000000e+00, 2.657842973740e-01, 2.366096051409e-04
 3.800000000000e+00, 1.430000000000e+00, 1.290000000000e+00, 2.859999139095e-01, 2.721728580633e-04
 3.800000000000e+00, 1.430000000000e+00, 1.360000000000e+00, 3.068349776797e-01, 2.861213663212e-04
 3.800000000000e+00, 1.430000000000e+00, 1.430000000000e+00, 3.261430755858e-01, 2.903054738275e-04
