#              p[0],               p[1],               p[2],             energy,               error
 3.000000000000e+00, 8.000000000000e-01, 8.000000000000e-01, 2.252644349703e+00, 2.077699719406e-02
 3.000000000000e+00, 8.000000000000e-01, 8.700000000000e-01, 1.700625202799e+00, 1.854571110495e-02
 3.000000000000e+00, 8.000000000000e-01, 9.400000000000e-01, 1.463304806696e+00, 1.739995327875e-02
 3.000000000000e+00, 8.000000000000e-01, 1.010000000000e+00, 1.384035338720e+00, 1.715119354754e-02
 3.000000000000e+00, 8.000000000000e-01, 1.080000000000e+00, 1.382954761345e+00, 2.105958511712e-02
 3.000000000000e+00, 8.000000000000e-01, 1.150000000000e+00, 1.390371146161e+00, 1.927443757963e-02
 3.000000000000e+00, 8.000000000000e-01, 1.220000000000e+00, 1.428038289624e+00, 2.136308960618e-02
 3.000000000000e+00, 8.000000000000e-01, 1.290000000000e+00, 1.385001847338e+00, 1.860864275295e-02
 3.000000000000e+00, 8.000000000000e-01, 1.360000000000e+00, 1.413676755191e+00, 1.834100084508e-02
 3.000000000000e+00, 8.000000000000e-01, 1.430000000000e+00, 1.441376870495e+00, 1.880960803178e-02
 3.000000000000e+00, 8.700000000000e-01, 8.000000000000e-01, 1.557885370727e+00, 1.194880672791e-02
 3.000000000000e+00, 8.700000000000e-01, 8.700000000000e-01, 1.017649983459e+00, 8.534513385212e-03
 3.000000000000e+00, 8.700000000000e-01, 9.400000000000e-01, 7.901468176945e-01, 6.547816444878e-03
 3.000000000000e+00, 8.700000000000e-01, 1.010000000000e+00, 7.272852899037e-01, 6.897557032832e-03
 3.000000000000e+00, 8.700000000000e-01, 1.080000000000e+00, 7.122714472361e-01, 7.740672014644e-03
 3.000000000000e+00, 8.700000000000e-01, 1.150000000000e+00, 7.135759602267e-01, 7.166369006443e-03
 3.000000000000e+00, 8.700000000000e-01, 1.220000000000e+00, 7.141205473444e-01, 7.167964026759e-03
 3.000000000000e+00, 8.700000000000e-01, 1.290000000000e+00, 7.303322586782e-01, 7.026820247234e-03
 3.000000000000e+00, 8.700000000000e-01, 1.360000000000e+00, 7.395424833175e-01, 6.937267998877e-03
 3.000000000000e+00, 8.700000000000e-01, 1.430000000000e+00, 7.531477811994e-01, 8.610660497764e-03
 3.000000000000e+00, 9.400000000000e-01, 8.000000000000e-01, 1.300883894885e+00, 1.047591556283e-02
 3.000000000000e+00, 9.400000000000e-01, 8.700000000000e-01, 7.454247079079e-01, 4.712299245948e-03
 3.000000000000e+00, 9.400000000000e-01, 9.400000000000e-01, 5.363409172736e-01, 2.831290242337e-03
 3.000000000000e+00, 9.400000000000e-01, 1.010000000000e+00, 4.632569060135e-01, 2.605634399019e-03
 3.000000000000e+00, 9.400000000000e-01, 1.080000000000e+00, 4.415666908760e-01, 2.943116100508e-03
 3.000000000000e+00, 9.400000000000e-01, 1.150000000000e+00, 4.432142751017e-01, 2.606205986361e-03
 3.000000000000e+00, 9.400000000000e-01, 1.220000000000e+00, 4.594668211009e-01, 2.869856983799e-03
 3.000000000000e+00, 9.400000000000e-01, 1.290000000000e+00, 4.692161641031e-01, 2.643626232572e-03
 3.000000000000e+00, 9.400000000000e-01, 1.360000000000e+00, 4.856967577478e-01, 2.876632966314e-03
 3.000000000000e+00, 9.400000000000e-01, 1.430000000000e+00, 4.969327744173e-01, 2.710298419291e-03
 3.000000000000e+00, 1.010000000000e+00, 8.000000000000e-01, 1.181075453653e+00, 1.018642716888e-02
 3.000000000000e+00, 1.010000000000e+00, 8.700000000000e-01, 6.500432343179e-01, 4.325180063424e-03
 3.000000000000e+00, 1.010000000000e+00, 9.400000000000e-01, 4.364754352112e-01, 1.561902581957e-03
 3.000000000000e+00, 1.010000000000e+00, 1.010000000000e+00, 3.663228236329e-01, 9.851157158633e-04
 3.000000000000e+00, 1.010000000000e+00, 1.080000000000e+00, 3.471569402894e-01, 9.342114536639e-04
 3.000000000000e+00, 1.010000000000e+00, 1.150000000000e+00, 3.517339841020e-01, 1.060323499277e-03
 3.000000000000e+00, 1.010000000000e+00, 1.220000000000e+00, 3.617438480478e-01, 1.029767153127e-03
 3.000000000000e+00, 1.010000000000e+00, 1.290000000000e+00, 3.760676707041e-01, 1.035064171316e-03
 3.000000000000e+00, 1.010000000000e+00, 1.360000000000e+00, 3.881178387763e-01, 1.032598033249e-03
 3.000000000000e+00, 1.010000000000e+00, 1.430000000000e+00, 4.019953583709e-01, 1.096210958212e-03
 3.000000000000e+00, 1.080000000000e+00, 8.000000000000e-01, 1.147802237617e+00, 1.029831738928e-02
 3.000000000000e+00, 1.080000000000e+00, 8.700000000000e-01, 6.114461498329e-01, 3.802820485027e-03
 3.000000000000e+00, 1.080000000000e+00, 9.400000000000e-01, 4.092631103971e-01, 1.337029620196e-03
 3.000000000000e+00, 1.080000000000e+00, 1.010000000000e+00, 3.363608461330e-01, 4.264006399193e-04
 3.000000000000e+00, 1.080000000000e+00, 1.080000000000e+00, 3.182124852082e-01, 2.578780457696e-04
 3.000000000000e+00, 1.080000000000e+00, 1.150000000000e+00, 3.222096586137e-01, 3.712550114309e-04
 3.000000000000e+00, 1.080000000000e+00, 1.220000000000e+00, 3.333570751184e-01, 4.166268688432e-04
 3.000000000000e+00, 1.080000000000e+00, 1.290000000000e+00, 3.472180800165e-01, 4.644826057402e-04
 3.000000000000e+00, 1.080000000000e+00, 1.360000000000e+00, 3.603516421358e-01, 4.738389255290e-04
 3.000000000000e+00, 1.080000000000e+00, 1.430000000000e+00, 3.741089758687e-01, 4.892228083251e-04
 3.000000000000e+00, 1.150000000000e+00, 8.000000000000e-01, 1.142290154061e+00, 1.022692151063e-02
 3.000000000000e+00, 1.150000000000e+00, 8.700000000000e-01, 6.090504837703e-01, 3.753137369755e-03
 3.000000000000e+00, 1.150000000000e+00, 9.400000000000e-01, 4.069122412520e-01, 1.493534236295e-03
 3.000000000000e+00, 1.150000000000e+00, 1.010000000000e+00, 3.356882940339e-01, 3.580081474750e-04
 3.000000000000e+00, 1.150000000000e+00, 1.080000000000e+00, 3.173838607979e-01, 1.917532279386e-04
 3.000000000000e+00, 1.150000000000e+00, 1.150000000000e+00, 3.202837741007e-01, 3.135833296742e-04
 3.000000000000e+00, 1.150000000000e+00, 1.220000000000e+00, 3.323770648905e-01, 3.594555588209e-04
 3.000000000000e+00, 1.150000000000e+00, 1.290000000000e+00, 3.459710011027e-01, 3.937401577207e-04
 3.000000000000e+00, 1.150000000000e+00, 1.360000000000e+00, 3.603123416283e-01, 4.026856291595e-04
 3.000000000000e+00, 1.150000000000e+00, 1.430000000000e+00, 3.736127205228e-01, 4.145508867657e-04
 3.000000000000e+00, 1.220000000000e+00, 8.000000000000e-01, 1.145809503006e+00, 9.935921775237e-03
 3.000000000000e+00, 1.220000000000e+00, 8.700000000000e-01, 6.181241998022e-01, 3.667925552048e-03
 3.000000000000e+00, 1.220000000000e+00, 9.400000000000e-01, 4.166051369259e-01, 1.331943110775e-03
 3.000000000000e+00, 1.220000000000e+00, 1.010000000000e+00, 3.451211102693e-01, 3.889784384400e-04
 3.000000000000e+00, 1.220000000000e+00, 1.080000000000e+00, 3.268038350437e-01, 2.591949607740e-04
 3.000000000000e+00, 1.220000000000e+00, 1.150000000000e+00, 3.296188321369e-01, 3.755046915659e-04
 3.000000000000e+00, 1.220000000000e+00, 1.220000000000e+00, 3.417522605094e-01, 4.369635943623e-04
 3.000000000000e+00, 1.220000000000e+00, 1.290000000000e+00, 3.551706377061e-01, 4.616556584337e-04
 3.000000000000e+00, 1.220000000000e+00, 1.360000000000e+00, 3.702037539464e-01, 4.317185202648e-04
 3.000000000000e+00, 1.220000000000e+00, 1.430000000000e+00, 3.827554667560e-01, 4.566653730783e-04
 3.000000000000e+00, 1.290000000000e+00, 8.000000000000e-01, 1.150978342980e+00, 1.038334397471e-02
 3.000000000000e+00, 1.290000000000e+00, 8.700000000000e-01, 6.259538119495e-01, 3.818101967840e-03
 3.000000000000e+00, 1.290000000000e+00, 9.400000000000e-01, 4.306172416852e-01, 1.348986676323e-03
 3.000000000000e+00, 1.290000000000e+00, 1.010000000000e+00, 3.581300454988e-01, 4.134251358491e-04
 3.000000000000e+00, 1.290000000000e+00, 1.080000000000e+00, 3.397725796671e-01, 3.027013522919e-04
 3.000000000000e+00, 1.290000000000e+00, 1.150000000000e+00, 3.436081948303e-01, 4.038471854460e-04
 3.000000000000e+00, 1.290000000000e+00, 1.220000000000e+00, 3.538765550427e-01, 4.690265678900e-04
 3.000000000000e+00, 1.290000000000e+00, 1.290000000000e+00, 3.678944837445e-01, 4.948604824675e-04
 3.000000000000e+00, 1.290000000000e+00, 1.360000000000e+00, 3.820990328128e-01, 4.990495549545e-04
 3.000000000000e+00, 1.290000000000e+00, 1.430000000000e+00, 3.946076468667e-01, 5.049577464586e-04
 3.000000000000e+00, 1.360000000000e+00, 8.000000000000e-01, 1.177270397477e+00, 1.131615346837e-02
 3.000000000000e+00, 1.360000000000e+00, 8.700000000000e-01, 6.410457703662e-01, 4.146092441706e-03
 3.000000000000e+00, 1.360000000000e+00, 9.400000000000e-01, 4.427705773831e-01, 1.367100080254e-03
 3.000000000000e+00, 1.360000000000e+00, 1.010000000000e+00, 3.711515053031e-01, 4.397739468091e-04
 3.000000000000e+00, 1.360000000000e+00, 1.080000000000e+00, 3.531097400715e-01, 3.181536576202e-04
 3.000000000000e+00, 1.360000000000e+00, 1.150000000000e+00, 3.561840019906e-01, 4.034399108771e-04
 3.000000000000e+00, 1.360000000000e+00, 1.220000000000e+00, 3.678299126602e-01, 4.819305652724e-04
 3.000000000000e+00, 1.360000000000e+00, 1.290000000000e+00, 3.809629158635e-01, 4.959305907309e-04
 3.000000000000e+00, 1.360000000000e+00, 1.360000000000e+00, 3.961370397789e-01, 4.914254632960e-04
 3.000000000000e+00, 1.360000000000e+00, 1.430000000000e+00, 4.091105905836e-01, 5.014720082481e-04
 3.000000000000e+00, 1.430000000000e+00, 8.000000000000e-01, 1.154357641832e+00, 9.941344186807e-03
 3.000000000000e+00, 1.430000000000e+00, 8.700000000000e-01, 6.509384815270e-01, 3.918928367028e-03
 3.000000000000e+00, 1.430000000000e+00, 9.400000000000e-01, 4.528211688451e-01, 1.342603572199e-03
 3.000000000000e+00, 1.430000000000e+00, 1.010000000000e+00, 3.846729175122e-01, 4.567572821295e-04
 3.000000000000e+00, 1.430000000000e+00, 1.080000000000e+00, 3.660180802306e-01, 3.311046017779e-04
 3.000000000000e+00, 1.430000000000e+00, 1.150000000000e+00, 3.683648265971e-01, 4.205484456250e-04
 3.000000000000e+00, 1.430000000000e+00, 1.220000000000e+00, 3.800862804496e-01, 4.879033664680e-04
 3.000000000000e+00, 1.430000000000e+00, 1.290000000000e+00, 3.939778781305e-01, 4.856459778974e-04
 3.000000000000e+00, 1.430000000000e+00, 1.360000000000e+00, 4.077947909212e-01, 5.059580691789e-04
 3.000000000000e+00, 1.430000000000e+00, 1.430000000000e+00, 4.201976460629e-01, 5.218360427988e-04
 3.300000000000e+00, 8.000000000000e-01, 8.000000000000e-01, 1.969120746105e+00, 1.803460864451e-02
 3.300000000000e+00, 8.000000000000e-01, 8.700000000000e-01, 1.498177033501e+00, 1.731827381941e-02
 3.300000000000e+00, 8.000000000000e-01, 9.400000000000e-01, 1.322370103394e+00, 1.783058608010e-02
 3.300000000000e+00, 8.000000000000e-01, 1.010000000000e+00, 1.230127120304e+00, 1.701935116578e-02
 3.300000000000e+00, 8.000000000000e-01, 1.080000000000e+00, 1.227224070012e+00, 1.665420136410e-02
 3.300000000000e+00, 8.000000000000e-01, 1.150000000000e+00, 1.267565440404e+00, 1.833234586338e-02
 3.300000000000e+00, 8.000000000000e-01, 1.220000000000e+00, 1.266801615782e+00, 1.746385879336e-02
 3.300000000000e+00, 8.000000000000e-01, 1.290000000000e+00, 1.242387362866e+00, 1.593895119428e-02
 3.300000000000e+00, 8.000000000000e-01, 1.360000000000e+00, 1.247213376138e+00, 1.607956859151e-02
 3.300000000000e+00, 8.000000000000e-01, 1.430000000000e+00, 1.274876882289e+00, 2.424172232424e-02
 3.300000000000e+00, 8.700000000000e-01, 8.000000000000e-01, 1.381592040480e+00, 1.062073156082e-02
 3.300000000000e+00, 8.700000000000e-01, 8.700000000000e-01, 9.155240973435e-01, 8.215297301607e-03
 3.300000000000e+00, 8.700000000000e-01, 9.400000000000e-01, 7.401958868952e-01, 7.278434761906e-03
 3.300000000000e+00, 8.700000000000e-01, 1.010000000000e+00, 6.569654225052e-01, 6.395060054107e-03
 3.300000000000e+00, 8.700000000000e-01, 1.080000000000e+00, 6.341193008289e-01, 6.028538844689e-03
 3.300000000000e+00, 8.700000000000e-01, 1.150000000000e+00, 6.402918548551e-01, 6.312500691692e-03
 3.300000000000e+00, 8.700000000000e-01, 1.220000000000e+00, 6.649080347339e-01, 6.881837568497e-03
 3.300000000000e+00, 8.700000000000e-01, 1.290000000000e+00, 6.686769784945e-01, 6.436747347158e-03
 3.300000000000e+00, 8.700000000000e-01, 1.360000000000e+00, 6.831425919149e-01, 6.592338931135e-03
 3.300000000000e+00, 8.700000000000e-01, 1.430000000000e+00, 6.990875125988e-01, 6.724008477988e-03
 3.300000000000e+00, 9.400000000000e-01, 8.000000000000e-01, 1.132295155975e+00, 9.254903147959e-03
 3.300000000000e+00, 9.400000000000e-01, 8.700000000000e-01, 6.713965997533e-01, 4.044622329412e-03
 3.300000000000e+00, 9.400000000000e-01, 9.400000000000e-01, 4.984364983866e-01, 2.600974262821e-03
 3.300000000000e+00, 9.400000000000e-01, 1.010000000000e+00, 4.291754818901e-01, 2.571210239064e-03
 3.300000000000e+00, 9.400000000000e-01, 1.080000000000e+00, 4.164909709404e-01, 2.303048520361e-03
 3.300000000000e+00, 9.400000000000e-01, 1.150000000000e+00, 4.231180101507e-01, 2.775927733676e-03
 3.300000000000e+00, 9.400000000000e-01, 1.220000000000e+00, 4.340057372742e-01, 2.643852972651e-03
 3.300000000000e+00, 9.400000000000e-01, 1.290000000000e+00, 4.414851916811e-01, 2.624849952275e-03
 3.300000000000e+00, 9.400000000000e-01, 1.360000000000e+00, 4.557821179137e-01, 2.716971300310e-03
 3.300000000000e+00, 9.400000000000e-01, 1.430000000000e+00, 4.685178382989e-01, 2.747454793391e-03
 3.300000000000e+00, 1.010000000000e+00, 8.000000000000e-01, 1.066327646743e+00, 9.177412717302e-03
 3.300000000000e+00, 1.010000000000e+00, 8.700000000000e-01, 5.883810759139e-01, 3.610667108223e-03
 3.300000000000e+00, 1.010000000000e+00, 9.400000000000e-01, 4.131105917886e-01, 1.493625018257e-03
 3.300000000000e+00, 1.010000000000e+00, 1.010000000000e+00, 3.479013727426e-01, 8.568736418759e-04
 3.300000000000e+00, 1.010000000000e+00, 1.080000000000e+00, 3.361411293296e-01, 1.106976258975e-03
 3.300000000000e+00, 1.010000000000e+00, 1.150000000000e+00, 3.360581748744e-01, 8.518134408771e-04
 3.300000000000e+00, 1.010000000000e+00, 1.220000000000e+00, 3.477051452000e-01, 9.071117017094e-04
 3.300000000000e+00, 1.010000000000e+00, 1.290000000000e+00, 3.621545449032e-01, 1.028745219309e-03
 3.300000000000e+00, 1.010000000000e+00, 1.360000000000e+00, 3.730772844604e-01, 9.703122305080e-04
 3.300000000000e+00, 1.010000000000e+00, 1.430000000000e+00, 3.857030215573e-01, 9.893435757070e-04
 3.300000000000e+00, 1.080000000000e+00, 8.000000000000e-01, 1.027852847285e+00, 9.240583580992e-03
 3.300000000000e+00, 1.080000000000e+00, 8.700000000000e-01, 5.634529476105e-01, 3.371572397638e-03
 3.300000000000e+00, 1.080000000000e+00, 9.400000000000e-01, 3.864171049263e-01, 1.214328246486e-03
 3.300000000000e+00, 1.080000000000e+00, 1.010000000000e+00, 3.243076000966e-01, 3.886832702537e-04
 3.300000000000e+00, 1.080000000000e+00, 1.080000000000e+00, 3.087594070381e-01, 2.187011386959e-04
 3.300000000000e+00, 1.080000000000e+00, 1.150000000000e+00, 3.132281098609e-01, 3.112017051004e-04
 3.300000000000e+00, 1.080000000000e+00, 1.220000000000e+00, 3.232934030104e-01, 3.879469603415e-04
 3.300000000000e+00, 1.080000000000e+00, 1.290000000000e+00, 3.358735515915e-01, 4.308698132865e-04
 3.300000000000e+00, 1.080000000000e+00, 1.360000000000e+00, 3.496746210497e-01, 4.068085138504e-04
 3.300000000000e+00, 1.080000000000e+00, 1.430000000000e+00, 3.608143517705e-01, 4.591517002042e-04
 3.300000000000e+00, 1.150000000000e+00, 8.000000000000e-01, 1.039541581868e+00, 1.030244781949e-02
 3.300000000000e+00, 1.150000000000e+00, 8.700000000000e-01, 5.557484537906e-01, 3.248226679897e-03
 3.300000000000e+00, 1.150000000000e+00, 9.400000000000e-01, 3.862320589642e-01, 1.159729498758e-03
 3.300000000000e+00, 1.150000000000e+00, 1.010000000000e+00, 3.239688185382e-01, 3.122630635387e-04
 3.300000000000e+00, 1.150000000000e+00, 1.080000000000e+00, 3.087642350413e-01, 1.758158706753e-04
 3.300000000000e+00, 1.150000000000e+00, 1.150000000000e+00, 3.118986575496e-01, 3.201799790122e-04
 3.300000000000e+00, 1.150000000000e+00, 1.220000000000e+00, 3.223165809871e-01, 3.281137096182e-04
 3.300000000000e+00, 1.150000000000e+00, 1.290000000000e+00, 3.350415402779e-01, 3.674853095692e-04
 3.300000000000e+00, 1.150000000000e+00, 1.360000000000e+00, 3.473934287707e-01, 3.858210041715e-04
 3.300000000000e+00, 1.150000000000e+00, 1.430000000000e+00, 3.598003812605e-01, 3.693471080977e-04
 3.300000000000e+00, 1.220000000000e+00, 8.000000000000e-01, 1.020989857071e+00, 9.152362529280e-03
 3.300000000000e+00, 1.220000000000e+00, 8.700000000000e-01, 5.681757548911e-01, 3.407018913398e-03
 3.300000000000e+00, 1.220000000000e+00, 9.400000000000e-01, 3.939902092395e-01, 1.198011743244e-03
 3.300000000000e+00, 1.220000000000e+00, 1.010000000000e+00, 3.331773203787e-01, 3.535580009918e-04
 3.300000000000e+00, 1.220000000000e+00, 1.080000000000e+00, 3.174469017720e-01, 2.410540322397e-04
 3.300000000000e+00, 1.220000000000e+00, 1.150000000000e+00, 3.207529446588e-01, 3.377425976968e-04
 3.300000000000e+00, 1.220000000000e+00, 1.220000000000e+00, 3.310331578375e-01, 3.876565076511e-04
 3.300000000000e+00, 1.220000000000e+00, 1.290000000000e+00, 3.440275536287e-01, 4.516261166848e-04
 3.300000000000e+00, 1.220000000000e+00, 1.360000000000e+00, 3.578339866395e-01, 3.907766383868e-04
 3.300000000000e+00, 1.220000000000e+00, 1.430000000000e+00, 3.692515403146e-01, 4.292446107937e-04
 3.300000000000e+00, 1.290000000000e+00, 8.000000000000e-01, 1.040128609918e+00, 1.013345358195e-02
 3.300000000000e+00, 1.290000000000e+00, 8.700000000000e-01, 5.759170321525e-01, 3.230165894881e-03
 3.300000000000e+00, 1.290000000000e+00, 9.400000000000e-01, 4.047709153735e-01, 1.164224966575e-03
 3.300000000000e+00, 1.290000000000e+00, 1.010000000000e+00, 3.445168862888e-01, 3.816381099825e-04
 3.300000000000e+00, 1.290000000000e+00, 1.080000000000e+00, 3.291566419756e-01, 2.698717679947e-04
 3.300000000000e+00, 1.290000000000e+00, 1.150000000000e+00, 3.324356149251e-01, 3.638067988764e-04
 3.300000000000e+00, 1.290000000000e+00, 1.220000000000e+00, 3.433735548883e-01, 4.270198629960e-04
 3.300000000000e+00, 1.290000000000e+00, 1.290000000000e+00, 3.554256938539e-01, 4.720410687089e-04
 3.300000000000e+00, 1.290000000000e+00, 1.360000000000e+00, 3.680948159213e-01, 4.444755508970e-04
 3.300000000000e+00, 1.290000000000e+00, 1.430000000000e+00, 3.812751656912e-01, 4.330275952625e-04
 3.300000000000e+00, 1.360000000000e+00, 8.000000000000e-01, 1.037664337132e+00, 9.516715470068e-03
 3.300000000000e+00, 1.360000000000e+00, 8.700000000000e-01, 5.924611873897e-01, 3.526827707783e-03
 3.300000000000e+00, 1.360000000000e+00, 9.400000000000e-01, 4.182669551864e-01, 1.240311241531e-03
 3.300000000000e+00, 1.360000000000e+00, 1.010000000000e+00, 3.572127253112e-01, 3.936615010410e-04
 3.300000000000e+00, 1.360000000000e+00, 1.080000000000e+00, 3.418533540614e-01, 2.892230519992e-04
 3.300000000000e+00, 1.360000000000e+00, 1.150000000000e+00, 3.444023785162e-01, 3.710646076676e-04
 3.300000000000e+00, 1.360000000000e+00, 1.220000000000e+00, 3.555028134000e-01, 4.379533301297e-04
 3.300000000000e+00, 1.360000000000e+00, 1.290000000000e+00, 3.682343368513e-01, 4.478158341571e-04
 3.300000000000e+00, 1.360000000000e+00, 1.360000000000e+00, 3.806318728439e-01, 4.977658880249e-04
 3.300000000000e+00, 1.360000000000e+00, 1.430000000000e+00, 3.922835721691e-01, 4.869919449042e-04
 3.300000000000e+00, 1.430000000000e+00, 8.000000000000e-01, 1.046830348804e+00, 9.575406736252e-03
 3.300000000000e+00, 1.430000000000e+00, 8.700000000000e-01, 6.004196784589e-01, 3.552837173303e-03
 3.300000000000e+00, 1.430000000000e+00, 9.400000000000e-01, 4.276758797769e-01, 1.226530646623e-03
 3.300000000000e+00, 1.430000000000e+00, 1.010000000000e+00, 3.682701635419e-01, 4.106172833818e-04
 3.300000000000e+00, 1.430000000000e+00, 1.080000000000e+00, 3.532887804809e-01, 2.949063703710e-04
 3.300000000000e+00, 1.430000000000e+00, 1.150000000000e+00, 3.567307591431e-01, 3.745351673630e-04
 3.300000000000e+00, 1.430000000000e+00, 1.220000000000e+00, 3.665006380273e-01, 4.234828639524e-04
 3.300000000000e+00, 1.430000000000e+00, 1.290000000000e+00, 3.790424646829e-01, 4.663074135122e-04
 3.300000000000e+00, 1.430000000000e+00, 1.360000000000e+00, 3.912844087818e-01, 4.728153513448e-04
 3.300000000000e+00, 1.430000000000e+00, 1.430000000000e+00, 4.030987102109e-01, 4.725868426929e-04
 3.600000000000e+00, 8.000000000000e-01, 8.000000000000e-01, 1.782638754760e+00, 1.776440067278e-02
 3.600000000000e+00, 8.000000000000e-01, 8.700000000000e-01, 1.321544427280e+00, 1.408922025096e-02
 3.600000000000e+00, 8.000000000000e-01, 9.400000000000e-01, 1.211565458665e+00, 1.658444033315e-02
 3.600000000000e+00, 8.000000000000e-01, 1.010000000000e+00, 1.134373313648e+00, 1.522117417278e-02
 3.600000000000e+00, 8.000000000000e-01, 1.080000000000e+00, 1.125020803747e+00, 1.510042905845e-02
 3.600000000000e+00, 8.000000000000e-01, 1.150000000000e+00, 1.134596228567e+00, 1.681177237115e-02
 3.600000000000e+00, 8.000000000000e-01, 1.220000000000e+00, 1.130863812746e+00, 1.638871118413e-02
 3.600000000000e+00, 8.000000000000e-01, 1.290000000000e+00, 1.144736940752e+00, 1.603008671733e-02
 3.600000000000e+00, 8.000000000000e-01, 1.360000000000e+00, 1.170594534333e+00, 1.608141333652e-02
 3.600000000000e+00, 8.000000000000e-01, 1.430000000000e+00, 1.181202666053e+00, 1.605789204558e-02
 3.600000000000e+00, 8.700000000000e-01, 8.000000000000e-01, 1.266020589371e+00, 1.062599083765e-02
 3.600000000000e+00, 8.700000000000e-01, 8.700000000000e-01, 8.268384163819e-01, 6.446215930829e-03
 3.600000000000e+00, 8.700000000000e-01, 9.400000000000e-01, 6.769343306877e-01, 6.219916104531e-03
 3.600000000000e+00, 8.700000000000e-01, 1.010000000000e+00, 6.219517897664e-01, 7.638851089710e-03
 3.600000000000e+00, 8.700000000000e-01, 1.080000000000e+00, 6.019897040060e-01, 6.242868111548e-03
 3.600000000000e+00, 8.700000000000e-01, 1.150000000000e+00, 6.055130520587e-01, 6.211162194454e-03
 3.600000000000e+00, 8.700000000000e-01, 1.220000000000e+00, 6.039767344464e-01, 5.656493231572e-03
 3.600000000000e+00, 8.700000000000e-01, 1.290000000000e+00, 6.349987026374e-01, 6.615518835273e-03
 3.600000000000e+00, 8.700000000000e-01, 1.360000000000e+00, 6.287611127024e-01, 5.972525833295e-03
 3.600000000000e+00, 8.700000000000e-01, 1.430000000000e+00, 6.515576944619e-01, 6.322616011894e-03
 3.600000000000e+00, 9.400000000000e-01, 8.000000000000e-01, 1.031360238619e+00, 8.550077404724e-03
 3.600000000000e+00, 9.400000000000e-01, 8.700000000000e-01, 6.238672398230e-01, 3.721632313839e-03
 3.600000000000e+00, 9.400000000000e-01, 9.400000000000e-01, 4.671010529991e-01, 2.414865575975e-03
 3.600000000000e+00, 9.400000000000e-01, 1.010000000000e+00, 4.126091119685e-01, 2.543051889799e-03
 3.600000000000e+00, 9.400000000000e-01, 1.080000000000e+00, 3.992072156182e-01, 2.348234022513e-03
 3.600000000000e+00, 9.400000000000e-01, 1.150000000000e+00, 4.028290952924e-01, 2.368263764672e-03
 3.600000000000e+00, 9.400000000000e-01, 1.220000000000e+00, 4.087666534560e-01, 2.238992493639e-03
 3.600000000000e+00, 9.400000000000e-01, 1.290000000000e+00, 4.271367777608e-01, 2.522506734711e-03
 3.600000000000e+00, 9.400000000000e-01, 1.360000000000e+00, 4.387541928685e-01, 2.574022337577e-03
 3.600000000000e+00, 9.400000000000e-01, 1.430000000000e+00, 4.476934851163e-01, 2.551990368260e-03
 3.600000000000e+00, 1.010000000000e+00, 8.000000000000e-01, 9.583149455631e-01, 8.468601534883e-03
 3.600000000000e+00, 1.010000000000e+00, 8.700000000000e-01, 5.453868529057e-01, 3.320815421685e-03
 3.600000000000e+00, 1.010000000000e+00, 9.400000000000e-01, 3.932924330555e-01, 1.405433290444e-03
 3.600000000000e+00, 1.010000000000e+00, 1.010000000000e+00, 3.380559866630e-01, 9.392271273078e-04
 3.600000000000e+00, 1.010000000000e+00, 1.080000000000e+00, 3.247309253669e-01, 8.091093502926e-04
 3.600000000000e+00, 1.010000000000e+00, 1.150000000000e+00, 3.282129528608e-01, 8.415923505694e-04
 3.600000000000e+00, 1.010000000000e+00, 1.220000000000e+00, 3.375213702925e-01, 8.523192046565e-04
 3.600000000000e+00, 1.010000000000e+00, 1.290000000000e+00, 3.517008522000e-01, 9.367080785680e-04
 3.600000000000e+00, 1.010000000000e+00, 1.360000000000e+00, 3.639478542402e-01, 9.583883434123e-04
 3.600000000000e+00, 1.010000000000e+00, 1.430000000000e+00, 3.741521945856e-01, 9.485086431942e-04
 3.600000000000e+00, 1.080000000000e+00, 8.000000000000e-01, 9.559776146109e-01, 9.475256900763e-03
 3.600000000000e+00, 1.080000000000e+00, 8.700000000000e-01, 5.239321386391e-01, 3.020641745815e-03
 3.600000000000e+00, 1.080000000000e+00, 9.400000000000e-01, 3.706202557720e-01, 1.111526110621e-03
 3.600000000000e+00, 1.080000000000e+00, 1.010000000000e+00, 3.172017838135e-01, 3.428331234062e-04
 3.600000000000e+00, 1.080000000000e+00, 1.080000000000e+00, 3.036228665902e-01, 2.136007744482e-04
 3.600000000000e+00, 1.080000000000e+00, 1.150000000000e+00, 3.070692123722e-01, 3.103722150248e-04
 3.600000000000e+00, 1.080000000000e+00, 1.220000000000e+00, 3.178068605882e-01, 3.558317078603e-04
 3.600000000000e+00, 1.080000000000e+00, 1.290000000000e+00, 3.290289877302e-01, 3.692970883806e-04
 3.600000000000e+00, 1.080000000000e+00, 1.360000000000e+00, 3.414521855216e-01, 3.823920570597e-04
 3.600000000000e+00, 1.080000000000e+00, 1.430000000000e+00, 3.528348939833e-01, 4.006481919125e-04
 3.600000000000e+00, 1.150000000000e+00, 8.000000000000e-01, 9.407632529723e-01, 8.327616429144e-03
 3.600000000000e+00, 1.150000000000e+00, 8.700000000000e-01, 5.259763080559e-01, 3.114770304115e-03
 3.600000000000e+00, 1.150000000000e+00, 9.400000000000e-01, 3.714165967606e-01, 1.113722293685e-03
 3.600000000000e+00, 1.150000000000e+00, 1.010000000000e+00, 3.169613472316e-01, 2.940401637214e-04
 3.600000000000e+00, 1.150000000000e+00, 1.080000000000e+00, 3.036367661646e-01, 1.612403843977e-04
 3.600000000000e+00, 1.150000000000e+00, 1.150000000000e+00, 3.068922484370e-01, 2.841675142169e-04
 3.600000000000e+00, 1.150000000000e+00, 1.220000000000e+00, 3.175385635140e-01, 2.981983122837e-04
 3.600000000000e+00, 1.150000000000e+00, 1.290000000000e+00, 3.292901918320e-01, 3.279883336279e-04
 3.600000000000e+00, 1.150000000000e+00, 1.360000000000e+00, 3.405391365185e-01, 3.485505280618e-04
 3.600000000000e+00, 1.150000000000e+00, 1.430000000000e+00, 3.517547537460e-01, 3.406883924264e-04
 3.600000000000e+00, 1.220000000000e+00, 8.000000000000e-01, 9.459009536594e-01, 9.078306241879e-03
 3.600000000000e+00, 1.220000000000e+00, 8.700000000000e-01, 5.351477942644e-01, 3.226158123730e-03
 3.600000000000e+00, 1.220000000000e+00, 9.400000000000e-01, 3.806683770949e-01, 1.155617340470e-03
 3.600000000000e+00, 1.220000000000e+00, 1.010000000000e+00, 3.249143533625e-01, 3.165320947558e-04
 3.600000000000e+00, 1.220000000000e+00, 1.080000000000e+00, 3.120698244911e-01, 2.070316683745e-04
 3.600000000000e+00, 1.220000000000e+00, 1.150000000000e+00, 3.150740936743e-01, 3.038946252015e-04
 3.600000000000e+00, 1.220000000000e+00, 1.220000000000e+00, 3.250060903557e-01, 3.604840963111e-04
 3.600000000000e+00, 1.220000000000e+00, 1.290000000000e+00, 3.371459307279e-01, 3.782395237233e-04
 3.600000000000e+00, 1.220000000000e+00, 1.360000000000e+00, 3.480152802170e-01, 4.082094227205e-04
 3.600000000000e+00, 1.220000000000e+00, 1.430000000000e+00, 3.603442044023e-01, 3.799523624591e-04
 3.600000000000e+00, 1.290000000000e+00, 8.000000000000e-01, 9.457312122949e-01, 8.934704289832e-03
 3.600000000000e+00, 1.290000000000e+00, 8.700000000000e-01, 5.437883055435e-01, 3.066537006042e-03
 3.600000000000e+00, 1.290000000000e+00, 9.400000000000e-01, 3.905792694147e-01, 1.197754520130e-03
 3.600000000000e+00, 1.290000000000e+00, 1.010000000000e+00, 3.356449457956e-01, 3.559688922791e-04
 3.600000000000e+00, 1.290000000000e+00, 1.080000000000e+00, 3.226343475993e-01, 2.454263598037e-04
 3.600000000000e+00, 1.290000000000e+00, 1.150000000000e+00, 3.264380849451e-01, 3.479229614643e-04
 3.600000000000e+00, 1.290000000000e+00, 1.220000000000e+00, 3.364226656701e-01, 3.790004445950e-04
 3.600000000000e+00, 1.290000000000e+00, 1.290000000000e+00, 3.479089748246e-01, 4.158590984860e-04
 3.600000000000e+00, 1.290000000000e+00, 1.360000000000e+00, 3.602406538963e-01, 4.011936824419e-04
 3.600000000000e+00, 1.290000000000e+00, 1.430000000000e+00, 3.713282319223e-01, 4.109922565025e-04
 3.600000000000e+00, 1.360000000000e+00, 8.000000000000e-01, 9.601128966261e-01, 8.670676032618e-03
 3.600000000000e+00, 1.360000000000e+00, 8.700000000000e-01, 5.522001679948e-01, 3.212058767864e-03
 3.600000000000e+00, 1.360000000000e+00, 9.400000000000e-01, 4.006944991751e-01, 1.123294955259e-03
 3.600000000000e+00, 1.360000000000e+00, 1.010000000000e+00, 3.460661668912e-01, 3.662222715929e-04
 3.600000000000e+00, 1.360000000000e+00, 1.080000000000e+00, 3.341484602515e-01, 2.485834255780e-04
 3.600000000000e+00, 1.360000000000e+00, 1.150000000000e+00, 3.372552633760e-01, 3.461514080681e-04
 3.600000000000e+00, 1.360000000000e+00, 1.220000000000e+00, 3.468833485121e-01, 4.159273184609e-04
 3.600000000000e+00, 1.360000000000e+00, 1.290000000000e+00, 3.583208588093e-01, 4.307455103421e-04
 3.600000000000e+00, 1.360000000000e+00, 1.360000000000e+00, 3.703793745077e-01, 4.562201555920e-04
 3.600000000000e+00, 1.360000000000e+00, 1.430000000000e+00, 3.822977931451e-01, 4.285324033813e-04
 3.600000000000e+00, 1.430000000000e+00, 8.000000000000e-01, 9.558438746339e-01, 8.484040871961e-03
 3.600000000000e+00, 1.430000000000e+00, 8.700000000000e-01, 5.557163760608e-01, 3.034013185065e-03
 3.600000000000e+00, 1.430000000000e+00, 9.400000000000e-01, 4.099282520148e-01, 1.088730129015e-03
 3.600000000000e+00, 1.430000000000e+00, 1.010000000000e+00, 3.581152146094e-01, 3.864751821082e-04
 3.600000000000e+00, 1.430000000000e+00, 1.080000000000e+00, 3.443483583602e-01, 2.652378557959e-04
 3.600000000000e+00, 1.430000000000e+00, 1.150000000000e+00, 3.479903222914e-01, 3.399729550234e-04
 3.600000000000e+00, 1.430000000000e+00, 1.220000000000e+00, 3.571781738186e-01, 4.050553475880e-04
 3.600000000000e+00, 1.430000000000e+00, 1.290000000000e+00, 3.688677998195e-01, 4.357343671519e-04
 3.600000000000e+00, 1.430000000000e+00, 1.360000000000e+00, 3.807007204696e-01, 4.393770600626e-04
 3.600000000000e+00, 1.430000000000e+00, 1.430000000000e+00, 3.911985237989e-01, 4.496054744508e-04
 3.900000000000e+00, 8.000000000000e-01, 8.000000000000e-01, 1.650194879432e+00, 1.720446167168e-02
 3.900000000000e+00, 8.000000000000e-01, 8.700000000000e-01, 1.244881746040e+00, 1.545317690315e-02
 3.900000000000e+00, 8.000000000000e-01, 9.400000000000e-01, 1.111184829677e+00, 1.550642879100e-02
 3.900000000000e+00, 8.000000000000e-01, 1.010000000000e+00, 1.052140109691e+00, 1.493926180669e-02
 3.900000000000e+00, 8.000000000000e-01, 1.080000000000e+00, 1.033331017283e+00, 1.536580004271e-02
 3.900000000000e+00, 8.000000000000e-01, 1.150000000000e+00, 1.015618649551e+00, 1.461092587406e-02
 3.900000000000e+00, 8.000000000000e-01, 1.220000000000e+00, 1.037593742176e+00, 1.416602448875e-02
 3.900000000000e+00, 8.000000000000e-01, 1.290000000000e+00, 1.050794231617e+00, 1.540997265537e-02
 3.900000000000e+00, 8.000000000000e-01, 1.360000000000e+00, 1.064750087126e+00, 1.573087401181e-02
 3.900000000000e+00, 8.000000000000e-01, 1.430000000000e+00, 1.110289664897e+00, 1.663809503731e-02
 3.900000000000e+00, 8.700000000000e-01, 8.000000000000e-01, 1.138658496259e+00, 9.424920502058e-03
 3.900000000000e+00, 8.700000000000e-01, 8.700000000000e-01, 7.748605456676e-01, 6.881040006343e-03
 3.900000000000e+00, 8.700000000000e-01, 9.400000000000e-01, 6.225975899773e-01, 5.376097767600e-03
 3.900000000000e+00, 8.700000000000e-01, 1.010000000000e+00, 5.790744555207e-01, 5.898190320569e-03
 3.900000000000e+00, 8.700000000000e-01, 1.080000000000e+00, 5.623000529476e-01, 5.658669086428e-03
 3.900000000000e+00, 8.700000000000e-01, 1.150000000000e+00, 5.753908619256e-01, 5.927269890045e-03
 3.900000000000e+00, 8.700000000000e-01, 1.220000000000e+00, 5.780895369115e-01, 6.172122910549e-03
 3.900000000000e+00, 8.700000000000e-01, 1.290000000000e+00, 5.737231629657e-01, 5.315411628464e-03
 3.900000000000e+00, 8.700000000000e-01, 1.360000000000e+00, 5.973823884469e-01, 5.856525146661e-03
 3.900000000000e+00, 8.700000000000e-01, 1.430000000000e+00, 6.003198720185e-01, 5.876671103128e-03
 3.900000000000e+00, 9.400000000000e-01, 8.000000000000e-01, 9.628859179047e-01, 8.484213002643e-03
 3.900000000000e+00, 9.400000000000e-01, 8.700000000000e-01, 5.899784940208e-01, 3.745586492778e-03
 3.900000000000e+00, 9.400000000000e-01, 9.400000000000e-01, 4.446436943346e-01, 2.193053760757e-03
 3.900000000000e+00, 9.400000000000e-01, 1.010000000000e+00, 3.966946016148e-01, 2.266501310423e-03
 3.900000000000e+00, 9.400000000000e-01, 1.080000000000e+00, 3.855141468043e-01, 2.164354082803e-03
 3.900000000000e+00, 9.400000000000e-01, 1.150000000000e+00, 3.908569780096e-01, 2.918828817407e-03
 3.900000000000e+00, 9.400000000000e-01, 1.220000000000e+00, 3.943749628659e-01, 2.019453641449e-03
 3.900000000000e+00, 9.400000000000e-01, 1.290000000000e+00, 4.082031393894e-01, 2.160237541934e-03
 3.900000000000e+00, 9.400000000000e-01, 1.360000000000e+00, 4.179223825096e-01, 2.128381174240e-03
 3.900000000000e+00, 9.400000000000e-01, 1.430000000000e+00, 4.340434233316e-01, 2.213073718303e-03
 3.900000000000e+00, 1.010000000000e+00, 8.000000000000e-01, 8.886228802713e-01, 7.825067696396e-03
 3.900000000000e+00, 1.010000000000e+00, 8.700000000000e-01, 5.209413832494e-01, 3.033204973606e-03
 3.900000000000e+00, 1.010000000000e+00, 9.400000000000e-01, 3.829550948939e-01, 1.305268515443e-03
 3.900000000000e+00, 1.010000000000e+00, 1.010000000000e+00, 3.330829584505e-01, 8.153706996682e-04
 3.900000000000e+00, 1.010000000000e+00, 1.080000000000e+00, 3.192418067066e-01, 7.313706885926e-04
 3.900000000000e+00, 1.010000000000e+00, 1.150000000000e+00, 3.232971650893e-01, 7.898021370713e-04
 3.900000000000e+00, 1.010000000000e+00, 1.220000000000e+00, 3.318524530949e-01, 7.484433309048e-04
 3.900000000000e+00, 1.010000000000e+00, 1.290000000000e+00, 3.439148160791e-01, 8.915628356049e-04
 3.900000000000e+00, 1.010000000000e+00, 1.360000000000e+00, 3.556942324335e-01, 8.284584967168e-04
 3.900000000000e+00, 1.010000000000e+00, 1.430000000000e+00, 3.647728239984e-01, 8.291376063079e-04
 3.900000000000e+00, 1.080000000000e+00, 8.000000000000e-01, 8.676137471015e-01, 7.598671786563e-03
 3.900000000000e+00, 1.080000000000e+00, 8.700000000000e-01, 5.006197111184e-01, 3.039533646309e-03
 3.900000000000e+00, 1.080000000000e+00, 9.400000000000e-01, 3.636528444008e-01, 1.161993290876e-03
 3.900000000000e+00, 1.080000000000e+00, 1.010000000000e+00, 3.127780261517e-01, 3.267454402639e-04
 3.900000000000e+00, 1.080000000000e+00, 1.080000000000e+00, 3.015610726464e-01, 2.064269075344e-04
 3.900000000000e+00, 1.080000000000e+00, 1.150000000000e+00, 3.049152030236e-01, 3.167046768555e-04
 3.900000000000e+00, 1.080000000000e+00, 1.220000000000e+00, 3.135712673416e-01, 3.565281350706e-04
 3.900000000000e+00, 1.080000000000e+00, 1.290000000000e+00, 3.251175380198e-01, 3.446260921739e-04
 3.900000000000e+00, 1.080000000000e+00, 1.360000000000e+00, 3.359581039897e-01, 3.561779146547e-04
 3.900000000000e+00, 1.080000000000e+00, 1.430000000000e+00, 3.468335450768e-01, 3.489147519268e-04
 3.900000000000e+00, 1.150000000000e+00, 8.000000000000e-01, 8.668286908753e-01, 7.884821042636e-03
 3.900000000000e+00, 1.150000000000e+00, 8.700000000000e-01, 4.999176317150e-01, 2.968780308645e-03
 3.900000000000e+00, 1.150000000000e+00, 9.400000000000e-01, 3.613500350852e-01, 1.037556960547e-03
 3.900000000000e+00, 1.150000000000e+00, 1.010000000000e+00, 3.129110796370e-01, 2.705657063777e-04
 3.900000000000e+00, 1.150000000000e+00, 1.080000000000e+00, 3.013543112618e-01, 1.405841798396e-04
 3.900000000000e+00, 1.150000000000e+00, 1.150000000000e+00, 3.042739842243e-01, 2.742635619424e-04
 3.900000000000e+00, 1.150000000000e+00, 1.220000000000e+00, 3.146691806882e-01, 2.882485929518e-04
 3.900000000000e+00, 1.150000000000e+00, 1.290000000000e+00, 3.252178961534e-01, 3.226753278863e-04
 3.900000000000e+00, 1.150000000000e+00, 1.360000000000e+00, 3.366492882954e-01, 3.231726679499e-04
 3.900000000000e+00, 1.150000000000e+00, 1.430000000000e+00, 3.465222851981e-01, 3.166270470850e-04
 3.900000000000e+00, 1.220000000000e+00, 8.000000000000e-01, 8.537766855477e-01, 7.249340558630e-03
 3.900000000000e+00, 1.220000000000e+00, 8.700000000000e-01, 5.047196056441e-01, 2.965491736455e-03
 3.900000000000e+00, 1.220000000000e+00, 9.400000000000e-01, 3.665632303415e-01, 9.999722106630e-04
 3.900000000000e+00, 1.220000000000e+00, 1.010000000000e+00, 3.203743711523e-01, 3.022377564489e-04
 3.900000000000e+00, 1.220000000000e+00, 1.080000000000e+00, 3.089889280665e-01, 1.944493144178e-04
 3.900000000000e+00, 1.220000000000e+00, 1.150000000000e+00, 3.125363568394e-01, 2.934977993262e-04
 3.900000000000e+00, 1.220000000000e+00, 1.220000000000e+00, 3.214051616233e-01, 3.656037134620e-04
 3.900000000000e+00, 1.220000000000e+00, 1.290000000000e+00, 3.324191360174e-01, 3.594526471457e-04
 3.900000000000e+00, 1.220000000000e+00, 1.360000000000e+00, 3.445172914357e-01, 3.597738732476e-04
 3.900000000000e+00, 1.220000000000e+00, 1.430000000000e+00, 3.539208082512e-01, 3.732451708505e-04
 3.900000000000e+00, 1.290000000000e+00, 8.000000000000e-01, 8.781337952370e-01, 7.363980502241e-03
 3.900000000000e+00, 1.290000000000e+00, 8.700000000000e-01, 5.180262155016e-01, 3.328723925405e-03
 3.900000000000e+00, 1.290000000000e+00, 9.400000000000e-01, 3.794434188279e-01, 1.086093435006e-03
 3.900000000000e+00, 1.290000000000e+00, 1.010000000000e+00, 3.311181409634e-01, 3.086947401148e-04
 3.900000000000e+00, 1.290000000000e+00, 1.080000000000e+00, 3.195313096903e-01, 2.131756402775e-04
 3.900000000000e+00, 1.290000000000e+00, 1.150000000000e+00, 3.226689442307e-01, 3.146612573424e-04
 3.900000000000e+00, 1.290000000000e+00, 1.220000000000e+00, 3.311947608300e-01, 3.840475838451e-04
 3.900000000000e+00, 1.290000000000e+00, 1.290000000000e+00, 3.428411202121e-01, 3.891181902185e-04
 3.900000000000e+00, 1.290000000000e+00, 1.360000000000e+00, 3.540089482665e-01, 3.897200596268e-04
 3.900000000000e+00, 1.290000000000e+00, 1.430000000000e+00, 3.636558664050e-01, 3.977189820642e-04
 3.900000000000e+00, 1.360000000000e+00, 8.000000000000e-01, 8.846091329021e-01, 7.918376937603e-03
 3.900000000000e+00, 1.360000000000e+00, 8.700000000000e-01, 5.258892070537e-01, 3.051093671504e-03
 3.900000000000e+00, 1.360000000000e+00, 9.400000000000e-01, 3.870720446084e-01, 1.042060741796e-03
 3.900000000000e+00, 1.360000000000e+00, 1.010000000000e+00, 3.404293014203e-01, 3.313740760525e-04
 3.900000000000e+00, 1.360000000000e+00, 1.080000000000e+00, 3.292898288303e-01, 3.061142623146e-04
 3.900000000000e+00, 1.360000000000e+00, 1.150000000000e+00, 3.331659168496e-01, 3.140097189800e-04
 3.900000000000e+00, 1.360000000000e+00, 1.220000000000e+00, 3.417624411079e-01, 3.766980608524e-04
 3.900000000000e+00, 1.360000000000e+00, 1.290000000000e+00, 3.527508948766e-01, 3.871873913877e-04
 3.900000000000e+00, 1.360000000000e+00, 1.360000000000e+00, 3.641455403745e-01, 3.933343840980e-04
 3.900000000000e+00, 1.360000000000e+00, 1.430000000000e+00, 3.741852733733e-01, 3.787715361596e-04
 3.900000000000e+00, 1.430000000000e+00, 8.000000000000e-01, 8.842909985668e-01, 8.329231726096e-03
 3.900000000000e+00, 1.430000000000e+00, 8.700000000000e-01, 5.320108774335e-01, 3.123034575220e-03
 3.900000000000e+00, 1.430000000000e+00, 9.400000000000e-01, 3.977504307604e-01, 1.063496086621e-03
 3.900000000000e+00, 1.430000000000e+00, 1.010000000000e+00, 3.507834352858e-01, 3.783014230155e-04
 3.900000000000e+00, 1.430000000000e+00, 1.080000000000e+00, 3.389529713035e-01, 2.426611139251e-04
 3.900000000000e+00, 1.430000000000e+00, 1.150000000000e+00, 3.425109296104e-01, 3.277520981366e-04
 3.900000000000e+00, 1.430000000000e+00, 1.220000000000e+00, 3.515747674396e-01, 3.623111830816e-04
 3.900000000000e+00, 1.430000000000e+00, 1.290000000000e+00, 3.620834620537e-01, 4.110662471985e-04
 3.900000000000e+00, 1.430000000000e+00, 1.360000000000e+00, 3.729597742715e-01, 4.068001408438e-04
 3.900000000000e+00, 1.430000000000e+00, 1.430000000000e+00, 3.835968649190e-01, 4.304654748847e-04
 4.200000000000e+00, 8.000000000000e-01, 8.000000000000e-01, 1.481525624217e+00, 1.523077661935e-02
 4.200000000000e+00, 8.000000000000e-01, 8.700000000000e-01, 1.148045761185e+00, 1.393106065554e-02
 4.200000000000e+00, 8.000000000000e-01, 9.400000000000e-01, 1.009014640657e+00, 1.351863112787e-02
 4.200000000000e+00, 8.000000000000e-01, 1.010000000000e+00, 9.767616062788e-01, 1.423490606011e-02
 4.200000000000e+00, 8.000000000000e-01, 1.080000000000e+00, 9.514198213073e-01, 1.316548222039e-02
 4.200000000000e+00, 8.000000000000e-01, 1.150000000000e+00, 9.532393350010e-01, 1.299045745090e-02
 4.200000000000e+00, 8.000000000000e-01, 1.220000000000e+00, 9.737749742998e-01, 1.404422427222e-02
 4.200000000000e+00, 8.000000000000e-01, 1.290000000000e+00, 9.585028810216e-01, 1.305127734580e-02
 4.200000000000e+00, 8.000000000000e-01, 1.360000000000e+00, 9.596489011661e-01, 1.277737449239e-02
 4.200000000000e+00, 8.000000000000e-01, 1.430000000000e+00, 9.830248726950e-01, 1.336275770866e-02
 4.200000000000e+00, 8.700000000000e-01, 8.000000000000e-01, 1.048807128936e+00, 8.871700443425e-03
 4.200000000000e+00, 8.700000000000e-01, 8.700000000000e-01, 7.134197929026e-01, 5.625964921291e-03
 4.200000000000e+00, 8.700000000000e-01, 9.400000000000e-01, 5.877792213225e-01, 5.154217355128e-03
 4.200000000000e+00, 8.700000000000e-01, 1.010000000000e+00, 5.406917255382e-01, 5.239541177452e-03
 4.200000000000e+00, 8.700000000000e-01, 1.080000000000e+00, 5.362203403623e-01, 5.132013333463e-03
 4.200000000000e+00, 8.700000000000e-01, 1.150000000000e+00, 5.414713008062e-01, 5.948386447815e-03
 4.200000000000e+00, 8.700000000000e-01, 1.220000000000e+00, 5.512116159178e-01, 5.379096249491e-03
 4.200000000000e+00, 8.700000000000e-01, 1.290000000000e+00, 5.600505996610e-01, 5.168629447237e-03
 4.200000000000e+00, 8.700000000000e-01, 1.360000000000e+00, 5.662900723565e-01, 5.560982627064e-03
 4.200000000000e+00, 8.700000000000e-01, 1.430000000000e+00, 5.672711496707e-01, 4.964651434716e-03
 4.200000000000e+00, 9.400000000000e-01, 8.000000000000e-01, 8.851482787191e-01, 7.283141100950e-03
 4.200000000000e+00, 9.400000000000e-01, 8.700000000000e-01, 5.516123765575e-01, 3.269283079999e-03
 4.200000000000e+00, 9.400000000000e-01, 9.400000000000e-01, 4.281240286639e-01, 2.128044836045e-03
 4.200000000000e+00, 9.400000000000e-01, 1.010000000000e+00, 3.827564966506e-01, 1.900113540952e-03
 4.200000000000e+00, 9.400000000000e-01, 1.080000000000e+00, 3.736646943189e-01, 1.804739331843e-03
 4.200000000000e+00, 9.400000000000e-01, 1.150000000000e+00, 3.803290243744e-01, 2.035915551819e-03
 4.200000000000e+00, 9.400000000000e-01, 1.220000000000e+00, 3.910730575907e-01, 2.373188374730e-03
 4.200000000000e+00, 9.400000000000e-01, 1.290000000000e+00, 3.977710145430e-01, 2.032228626362e-03
 4.200000000000e+00, 9.400000000000e-01, 1.360000000000e+00, 4.077647887999e-01, 2.030743301795e-03
 4.200000000000e+00, 9.400000000000e-01, 1.430000000000e+00, 4.175027247117e-01, 2.073304935067e-03
 4.200000000000e+00, 1.010000000000e+00, 8.000000000000e-01, 8.241770833136e-01, 7.725917748771e-03
 4.200000000000e+00, 1.010000000000e+00, 8.700000000000e-01, 4.947730836049e-01, 2.769360401022e-03
 4.200000000000e+00, 1.010000000000e+00, 9.400000000000e-01, 3.714757018874e-01, 1.226531633107e-03
 4.200000000000e+00, 1.010000000000e+00, 1.010000000000e+00, 3.268878085855e-01, 7.011733266581e-04
 4.200000000000e+00, 1.010000000000e+00, 1.080000000000e+00, 3.177366767869e-01, 6.791375639709e-04
 4.200000000000e+00, 1.010000000000e+00, 1.150000000000e+00, 3.213438672385e-01, 7.392992421719e-04
 4.200000000000e+00, 1.010000000000e+00, 1.220000000000e+00, 3.284537816025e-01, 7.309673921129e-04
 4.200000000000e+00, 1.010000000000e+00, 1.290000000000e+00, 3.400795790865e-01, 7.790675905510e-04
 4.200000000000e+00, 1.010000000000e+00, 1.360000000000e+00, 3.493613662759e-01, 7.413062457351e-04
 4.200000000000e+00, 1.010000000000e+00, 1.430000000000e+00, 3.601506302503e-01, 7.467742802841e-04
 4.200000000000e+00, 1.080000000000e+00, 8.000000000000e-01, 8.065975979724e-01, 7.467082948608e-03
 4.200000000000e+00, 1.080000000000e+00, 8.700000000000e-01, 4.799292992069e-01, 2.954374950834e-03
 4.200000000000e+00, 1.080000000000e+00, 9.400000000000e-01, 3.542473908796e-01, 9.901635220121e-04
 4.200000000000e+00, 1.080000000000e+00, 1.010000000000e+00, 3.102441551905e-01, 3.015859124678e-04
 4.200000000000e+00, 1.080000000000e+00, 1.080000000000e+00, 3.002883453095e-01, 2.027783193226e-04
 4.200000000000e+00, 1.080000000000e+00, 1.150000000000e+00, 3.045174594386e-01, 2.723180335031e-04
 4.200000000000e+00, 1.080000000000e+00, 1.220000000000e+00, 3.132922854156e-01, 3.000463490595e-04
 4.200000000000e+00, 1.080000000000e+00, 1.290000000000e+00, 3.236131209008e-01, 3.207121975597e-04
 4.200000000000e+00, 1.080000000000e+00, 1.360000000000e+00, 3.338680903226e-01, 3.343669259099e-04
 4.200000000000e+00, 1.080000000000e+00, 1.430000000000e+00, 3.436151236757e-01, 3.570640785805e-04
 4.200000000000e+00, 1.150000000000e+00, 8.000000000000e-01, 8.152565688582e-01, 7.394414423662e-03
 4.200000000000e+00, 1.150000000000e+00, 8.700000000000e-01, 4.796470659765e-01, 2.823311512442e-03
 4.200000000000e+00, 1.150000000000e+00, 9.400000000000e-01, 3.556410556995e-01, 1.008249371834e-03
 4.200000000000e+00, 1.150000000000e+00, 1.010000000000e+00, 3.115551283562e-01, 2.521261793666e-04
 4.200000000000e+00, 1.150000000000e+00, 1.080000000000e+00, 3.015340210598e-01, 1.329235798304e-04
 4.200000000000e+00, 1.150000000000e+00, 1.150000000000e+00, 3.046842253502e-01, 2.370419649949e-04
 4.200000000000e+00, 1.150000000000e+00, 1.220000000000e+00, 3.138500585072e-01, 2.609582227747e-04
 4.200000000000e+00, 1.150000000000e+00, 1.290000000000e+00, 3.241222410643e-01, 2.907024697651e-04
 4.200000000000e+00, 1.150000000000e+00, 1.360000000000e+00, 3.342030546483e-01, 3.174895112960e-04
 4.200000000000e+00, 1.150000000000e+00, 1.430000000000e+00, 3.440742201841e-01, 2.990497967464e-04
 4.200000000000e+00, 1.220000000000e+00, 8.000000000000e-01, 8.231116264524e-01, 7.837614231629e-03
 4.200000000000e+00, 1.220000000000e+00, 8.700000000000e-01, 4.881071839862e-01, 2.748240869946e-03
 4.200000000000e+00, 1.220000000000e+00, 9.400000000000e-01, 3.600584514765e-01, 9.818070058346e-04
 4.200000000000e+00, 1.220000000000e+00, 1.010000000000e+00, 3.185316495330e-01, 2.785361983884e-04
 4.200000000000e+00, 1.220000000000e+00, 1.080000000000e+00, 3.083990838335e-01, 1.823889260321e-04
 4.200000000000e+00, 1.220000000000e+00, 1.150000000000e+00, 3.119880955861e-01, 2.754795319896e-04
 4.200000000000e+00, 1.220000000000e+00, 1.220000000000e+00, 3.203169771320e-01, 3.297818238403e-04
 4.200000000000e+00, 1.220000000000e+00, 1.290000000000e+00, 3.308031817870e-01, 3.447658380854e-04
 4.200000000000e+00, 1.220000000000e+00, 1.360000000000e+00, 3.409646246925e-01, 3.363931050987e-04
 4.200000000000e+00, 1.220000000000e+00, 1.430000000000e+00, 3.510655539521e-01, 3.316778468381e-04
 4.200000000000e+00, 1.290000000000e+00, 8.000000000000e-01, 8.153050790126e-01, 7.235782504989e-03
 4.200000000000e+00, 1.290000000000e+00, 8.700000000000e-01, 4.949251208008e-01, 3.011419201953e-03
 4.200000000000e+00, 1.290000000000e+00, 9.400000000000e-01, 3.695523872123e-01, 9.709613138300e-04
 4.200000000000e+00, 1.290000000000e+00, 1.010000000000e+00, 3.279652554711e-01, 3.012692640876e-04
 4.200000000000e+00, 1.290000000000e+00, 1.080000000000e+00, 3.179572611866e-01, 2.021234187398e-04
 4.200000000000e+00, 1.290000000000e+00, 1.150000000000e+00, 3.210579084204e-01, 2.933079166779e-04
 4.200000000000e+00, 1.290000000000e+00, 1.220000000000e+00, 3.296278857953e-01, 3.813898645833e-04
 4.200000000000e+00, 1.290000000000e+00, 1.290000000000e+00, 3.399467695200e-01, 3.964076295551e-04
 4.200000000000e+00, 1.290000000000e+00, 1.360000000000e+00, 3.506060075312e-01, 3.531762868459e-04
 4.200000000000e+00, 1.290000000000e+00, 1.430000000000e+00, 3.597378175180e-01, 3.744793672209e-04
 4.200000000000e+00, 1.360000000000e+00, 8.000000000000e-01, 8.201206210634e-01, 7.279029367633e-03
 4.200000000000e+00, 1.360000000000e+00, 8.700000000000e-01, 5.014680645983e-01, 2.985718463525e-03
 4.200000000000e+00, 1.360000000000e+00, 9.400000000000e-01, 3.780225530895e-01, 9.783042659896e-04
 4.200000000000e+00, 1.360000000000e+00, 1.010000000000e+00, 3.369175974709e-01, 3.044593484186e-04
 4.200000000000e+00, 1.360000000000e+00, 1.080000000000e+00, 3.273442121295e-01, 2.250716572441e-04
 4.200000000000e+00, 1.360000000000e+00, 1.150000000000e+00, 3.312530280332e-01, 3.117941101441e-04
 4.200000000000e+00, 1.360000000000e+00, 1.220000000000e+00, 3.391869946812e-01, 3.463673960905e-04
 4.200000000000e+00, 1.360000000000e+00, 1.290000000000e+00, 3.489568671721e-01, 3.682642346879e-04
 4.200000000000e+00, 1.360000000000e+00, 1.360000000000e+00, 3.597451881940e-01, 3.833010714859e-04
 4.200000000000e+00, 1.360000000000e+00, 1.430000000000e+00, 3.695750452595e-01, 3.834957784751e-04
 4.200000000000e+00, 1.430000000000e+00, 8.000000000000e-01, 8.190880912357e-01, 6.842715807741e-03
 4.200000000000e+00, 1.430000000000e+00, 8.700000000000e-01, 5.083348847452e-01, 2.775790872593e-03
 4.200000000000e+00, 1.430000000000e+00, 9.400000000000e-01, 3.883524448896e-01, 9.741859358698e-04
 4.200000000000e+00, 1.430000000000e+00, 1.010000000000e+00, 3.458587501443e-01, 3.153925465796e-04
 4.200000000000e+00, 1.430000000000e+00, 1.080000000000e+00, 3.361464418733e-01, 2.270433178600e-04
 4.200000000000e+00, 1.430000000000e+00, 1.150000000000e+00, 3.400558002506e-01, 2.913665853342e-04
 4.200000000000e+00, 1.430000000000e+00, 1.220000000000e+00, 3.476351731676e-01, 3.533530429882e-04
 4.200000000000e+00, 1.430000000000e+00, 1.290000000000e+00, 3.578864318723e-01, 3.519892290846e-04
 4.200000000000e+00, 1.430000000000e+00, 1.360000000000e+00, 3.686827609780e-01, 3.898603672217e-04
 4.200000000000e+00, 1.430000000000e+00, 1.430000000000e+00, 3.778086879411e-01, 3.878894457686e-04
 4.500000000000e+00, 8.000000000000e-01, 8.000000000000e-01, 1.359962631007e+00, 1.373436189688e-02
 4.500000000000e+00, 8.000000000000e-01, 8.700000000000e-01, 1.036554280480e+00, 1.254594833517e-02
 4.500000000000e+00, 8.000000000000e-01, 9.400000000000e-01, 9.498809207895e-01, 1.309910607645e-02
 4.500000000000e+00, 8.000000000000e-01, 1.010000000000e+00, 9.141533297564e-01, 1.380461444343e-02
 4.500000000000e+00, 8.000000000000e-01, 1.080000000000e+00, 9.112737621157e-01, 1.352570081014e-02
 4.500000000000e+00, 8.000000000000e-01, 1.150000000000e+00, 9.071745670048e-01, 1.346427271223e-02
 4.500000000000e+00, 8.000000000000e-01, 1.220000000000e+00, 9.191658498799e-01, 1.487380154348e-02
 4.500000000000e+00, 8.000000000000e-01, 1.290000000000e+00, 9.040748035766e-01, 1.283738436540e-02
 4.500000000000e+00, 8.000000000000e-01, 1.360000000000e+00, 9.031311502403e-01, 1.220770418921e-02
 4.500000000000e+00, 8.000000000000e-01, 1.430000000000e+00, 9.113885729641e-01, 1.217751462164e-02
 4.500000000000e+00, 8.700000000000e-01, 8.000000000000e-01, 9.777353121012e-01, 8.952021868683e-03
 4.500000000000e+00, 8.700000000000e-01, 8.700000000000e-01, 6.734886385067e-01, 6.059839134308e-03
 4.500000000000e+00, 8.700000000000e-01, 9.400000000000e-01, 5.600328598069e-01, 4.611953510117e-03
 4.500000000000e+00, 8.700000000000e-01, 1.010000000000e+00, 5.166255900560e-01, 4.843475368650e-03
 4.500000000000e+00, 8.700000000000e-01, 1.080000000000e+00, 5.093801844256e-01, 5.603955378252e-03
 4.500000000000e+00, 8.700000000000e-01, 1.150000000000e+00, 5.072656703253e-01, 4.332647885855e-03
 4.500000000000e+00, 8.700000000000e-01, 1.220000000000e+00, 5.283203097232e-01, 5.029159431504e-03
 4.500000000000e+00, 8.700000000000e-01, 1.290000000000e+00, 5.487643689309e-01, 5.822895845813e-03
 4.500000000000e+00, 8.700000000000e-01, 1.360000000000e+00, 5.364100834374e-01, 5.057381047788e-03
 4.500000000000e+00, 8.700000000000e-01, 1.430000000000e+00, 5.577882548456e-01, 5.267947410879e-03
 4.500000000000e+00, 9.400000000000e-01, 8.000000000000e-01, 8.329212260482e-01, 7.435589502771e-03
 4.500000000000e+00, 9.400000000000e-01, 8.700000000000e-01, 5.326329161535e-01, 3.220863968720e-03
 4.500000000000e+00, 9.400000000000e-01, 9.400000000000e-01, 4.170921466750e-01, 2.104505486906e-03
 4.500000000000e+00, 9.400000000000e-01, 1.010000000000e+00, 3.755963270054e-01, 1.841438060070e-03
 4.500000000000e+00, 9.400000000000e-01, 1.080000000000e+00, 3.661707984377e-01, 1.791801597947e-03
 4.500000000000e+00, 9.400000000000e-01, 1.150000000000e+00, 3.784427642129e-01, 2.319595125585e-03
 4.500000000000e+00, 9.400000000000e-01, 1.220000000000e+00, 3.827253783762e-01, 1.970478833891e-03
 4.500000000000e+00, 9.400000000000e-01, 1.290000000000e+00, 3.896056673643e-01, 2.004687609002e-03
 4.500000000000e+00, 9.400000000000e-01, 1.360000000000e+00, 4.019605116242e-01, 1.922268820909e-03
 4.500000000000e+00, 9.400000000000e-01, 1.430000000000e+00, 4.094682877532e-01, 1.964886431371e-03
 4.500000000000e+00, 1.010000000000e+00, 8.000000000000e-01, 7.713422183803e-01, 7.003610080473e-03
 4.500000000000e+00, 1.010000000000e+00, 8.700000000000e-01, 4.746685159081e-01, 2.821994584612e-03
 4.500000000000e+00, 1.010000000000e+00, 9.400000000000e-01, 3.637533689387e-01, 1.092312076081e-03
 4.500000000000e+00, 1.010000000000e+00, 1.010000000000e+00, 3.254328059905e-01, 6.530010736721e-04
 4.500000000000e+00, 1.010000000000e+00, 1.080000000000e+00, 3.160751824013e-01, 6.711209310146e-04
 4.500000000000e+00, 1.010000000000e+00, 1.150000000000e+00, 3.208498748619e-01, 6.440349466974e-04
 4.500000000000e+00, 1.010000000000e+00, 1.220000000000e+00, 3.281960553549e-01, 6.572449247530e-04
 4.500000000000e+00, 1.010000000000e+00, 1.290000000000e+00, 3.382588206541e-01, 7.908437768745e-04
 4.500000000000e+00, 1.010000000000e+00, 1.360000000000e+00, 3.470304085447e-01, 6.952919130027e-04
 4.500000000000e+00, 1.010000000000e+00, 1.430000000000e+00, 3.562912197083e-01, 7.300716760856e-04
 4.500000000000e+00, 1.080000000000e+00, 8.000000000000e-01, 7.583164307037e-01, 7.049016196569e-03
 4.500000000000e+00, 1.080000000000e+00, 8.700000000000e-01, 4.603898626079e-01, 2.587518599108e-03
 4.500000000000e+00, 1.080000000000e+00, 9.400000000000e-01, 3.486543980687e-01, 9.145572533886e-04
 4.500000000000e+00, 1.080000000000e+00, 1.010000000000e+00, 3.105291675130e-01, 2.908102464646e-04
 4.500000000000e+00, 1.080000000000e+00, 1.080000000000e+00, 3.020584118225e-01, 1.633942251092e-04
 4.500000000000e+00, 1.080000000000e+00, 1.150000000000e+00, 3.057824338842e-01, 2.484988772251e-04
 4.500000000000e+00, 1.080000000000e+00, 1.220000000000e+00, 3.139308125812e-01, 3.010476025429e-04
 4.500000000000e+00, 1.080000000000e+00, 1.290000000000e+00, 3.233544581891e-01, 3.145155715322e-04
 4.500000000000e+00, 1.080000000000e+00, 1.360000000000e+00, 3.334818494269e-01, 3.222109596311e-04
 4.500000000000e+00, 1.080000000000e+00, 1.430000000000e+00, 3.424733876384e-01, 3.236296155357e-04
 4.500000000000e+00, 1.150000000000e+00, 8.000000000000e-01, 7.610011743400e-01, 6.897138089336e-03
 4.500000000000e+00, 1.150000000000e+00, 8.700000000000e-01, 4.615987389886e-01, 2.719598294354e-03
 4.500000000000e+00, 1.150000000000e+00, 9.400000000000e-01, 3.506716661136e-01, 9.203243629688e-04
 4.500000000000e+00, 1.150000000000e+00, 1.010000000000e+00, 3.116860288384e-01, 2.327425615987e-04
 4.500000000000e+00, 1.150000000000e+00, 1.080000000000e+00, 3.028681903614e-01, 1.280830842061e-04
 4.500000000000e+00, 1.150000000000e+00, 1.150000000000e+00, 3.065957958602e-01, 2.242363534672e-04
 4.500000000000e+00, 1.150000000000e+00, 1.220000000000e+00, 3.147712350938e-01, 2.486392446192e-04
 4.500000000000e+00, 1.150000000000e+00, 1.290000000000e+00, 3.236050444069e-01, 3.070467528811e-04
 4.500000000000e+00, 1.150000000000e+00, 1.360000000000e+00, 3.338906662635e-01, 2.750228779655e-04
 4.500000000000e+00, 1.150000000000e+00, 1.430000000000e+00, 3.436142014931e-01, 2.766373322433e-04
 4.500000000000e+00, 1.220000000000e+00, 8.000000000000e-01, 7.667820912312e-01, 6.895095322381e-03
 4.500000000000e+00, 1.220000000000e+00, 8.700000000000e-01, 4.715112877621e-01, 3.016237734373e-03
 4.500000000000e+00, 1.220000000000e+00, 9.400000000000e-01, 3.565517596329e-01, 9.285582763487e-04
 4.500000000000e+00, 1.220000000000e+00, 1.010000000000e+00, 3.178909567808e-01, 2.564583694765e-04
 4.500000000000e+00, 1.220000000000e+00, 1.080000000000e+00, 3.098071006054e-01, 1.654814870435e-04
 4.500000000000e+00, 1.220000000000e+00, 1.150000000000e+00, 3.134467380513e-01, 2.622592388278e-04
 4.500000000000e+00, 1.220000000000e+00, 1.220000000000e+00, 3.209566635572e-01, 3.118285813364e-04
 4.500000000000e+00, 1.220000000000e+00, 1.290000000000e+00, 3.306217776907e-01, 3.325624142229e-04
 4.500000000000e+00, 1.220000000000e+00, 1.360000000000e+00, 3.406817920514e-01, 3.562678746497e-04
 4.500000000000e+00, 1.220000000000e+00, 1.430000000000e+00, 3.499192671759e-01, 3.200046660175e-04
 4.500000000000e+00, 1.290000000000e+00, 8.000000000000e-01, 7.712590992582e-01, 7.094525394265e-03
 4.500000000000e+00, 1.290000000000e+00, 8.700000000000e-01, 4.776171005806e-01, 2.995463064824e-03
 4.500000000000e+00, 1.290000000000e+00, 9.400000000000e-01, 3.657911231505e-01, 8.955688742194e-04
 4.500000000000e+00, 1.290000000000e+00, 1.010000000000e+00, 3.271072411844e-01, 3.229501091089e-04
 4.500000000000e+00, 1.290000000000e+00, 1.080000000000e+00, 3.181557439003e-01, 2.048065499060e-04
 4.500000000000e+00, 1.290000000000e+00, 1.150000000000e+00, 3.213685102287e-01, 2.918033340566e-04
 4.500000000000e+00, 1.290000000000e+00, 1.220000000000e+00, 3.297392176728e-01, 3.389361483162e-04
 4.500000000000e+00, 1.290000000000e+00, 1.290000000000e+00, 3.400951614924e-01, 3.284509139609e-04
 4.500000000000e+00, 1.290000000000e+00, 1.360000000000e+00, 3.486928425890e-01, 3.372566104304e-04
 4.500000000000e+00, 1.290000000000e+00, 1.430000000000e+00, 3.582511397368e-01, 3.441843718229e-04
 4.500000000000e+00, 1.360000000000e+00, 8.000000000000e-01, 7.748125764550e-01, 7.102560828287e-03
 4.500000000000e+00, 1.360000000000e+00, 8.700000000000e-01, 4.839733984575e-01, 2.623368980818e-03
 4.500000000000e+00, 1.360000000000e+00, 9.400000000000e-01, 3.737936795604e-01, 9.462158133160e-04
 4.500000000000e+00, 1.360000000000e+00, 1.010000000000e+00, 3.354627649465e-01, 2.891043251531e-04
 4.500000000000e+00, 1.360000000000e+00, 1.080000000000e+00, 3.269585642279e-01, 2.127735938421e-04
 4.500000000000e+00, 1.360000000000e+00, 1.150000000000e+00, 3.306704613190e-01, 2.691968583117e-04
 4.500000000000e+00, 1.360000000000e+00, 1.220000000000e+00, 3.386095016384e-01, 3.223467705789e-04
 4.500000000000e+00, 1.360000000000e+00, 1.290000000000e+00, 3.484940871938e-01, 3.295619479034e-04
 4.500000000000e+00, 1.360000000000e+00, 1.360000000000e+00, 3.571594617231e-01, 3.749239771268e-04
 4.500000000000e+00, 1.360000000000e+00, 1.430000000000e+00, 3.664319913438e-01, 3.566056475589e-04
 4.500000000000e+00, 1.430000000000e+00, 8.000000000000e-01, 7.971252370448e-01, 7.583752426187e-03
 4.500000000000e+00, 1.430000000000e+00, 8.700000000000e-01, 4.927356324590e-01, 3.117361009689e-03
 4.500000000000e+00, 1.430000000000e+00, 9.400000000000e-01, 3.825300323334e-01, 9.368390455028e-04
 4.500000000000e+00, 1.430000000000e+00, 1.010000000000e+00, 3.439622328701e-01, 2.936146325798e-04
 4.500000000000e+00, 1.430000000000e+00, 1.080000000000e+00, 3.352885437869e-01, 2.083212676552e-04
 4.500000000000e+00, 1.430000000000e+00, 1.150000000000e+00, 3.387847687660e-01, 2.845682822052e-04
 4.500000000000e+00, 1.430000000000e+00, 1.220000000000e+00, 3.468217873305e-01, 3.674601763830e-04
 4.500000000000e+00, 1.430000000000e+00, 1.290000000000e+00, 3.558977629638e-01, 3.629937738165e-04
 4.500000000000e+00, 1.430000000000e+00, 1.360000000000e+00, 3.659638636321e-01, 3.509996151258e-04
 4.500000000000e+00, 1.430000000000e+00, 1.430000000000e+00, 3.750746844926e-01, 3.412814993368e-04
 4.800000000000e+00, 8.000000000000e-01, 8.000000000000e-01, 1.260601465877e+00, 1.298032953646e-02
 4.800000000000e+00, 8.000000000000e-01, 8.700000000000e-01, 9.958638218188e-01, 1.288199234747e-02
 4.800000000000e+00, 8.000000000000e-01, 9.400000000000e-01, 8.820346927185e-01, 1.169243453776e-02
 4.800000000000e+00, 8.000000000000e-01, 1.010000000000e+00, 8.593582908396e-01, 1.212000082381e-02
 4.800000000000e+00, 8.000000000000e-01, 1.080000000000e+00, 8.502327389998e-01, 1.293810877963e-02
 4.800000000000e+00, 8.000000000000e-01, 1.150000000000e+00, 8.758560807203e-01, 1.431073669284e-02
 4.800000000000e+00, 8.000000000000e-01, 1.220000000000e+00, 8.401477313456e-01, 1.094810042116e-02
 4.800000000000e+00, 8.000000000000e-01, 1.290000000000e+00, 8.518945381196e-01, 1.167374017249e-02
 4.800000000000e+00, 8.000000000000e-01, 1.360000000000e+00, 8.560262559989e-01, 1.121418223341e-02
 4.800000000000e+00, 8.000000000000e-01, 1.430000000000e+00, 8.717723938239e-01, 1.150721221589e-02
 4.800000000000e+00, 8.700000000000e-01, 8.000000000000e-01, 9.241966568896e-01, 8.539572268195e-03
 4.800000000000e+00, 8.700000000000e-01, 8.700000000000e-01, 6.415239672344e-01, 5.009260916791e-03
 4.800000000000e+00, 8.700000000000e-01, 9.400000000000e-01, 5.372425566148e-01, 4.860027111565e-03
 4.800000000000e+00, 8.700000000000e-01, 1.010000000000e+00, 5.086583374340e-01, 4.839971867481e-03
 4.800000000000e+00, 8.700000000000e-01, 1.080000000000e+00, 4.952434792119e-01, 4.744805321549e-03
 4.800000000000e+00, 8.700000000000e-01, 1.150000000000e+00, 5.026732844079e-01, 5.460117699437e-03
 4.800000000000e+00, 8.700000000000e-01, 1.220000000000e+00, 5.074390150855e-01, 4.653743162348e-03
 4.800000000000e+00, 8.700000000000e-01, 1.290000000000e+00, 5.235856204859e-01, 4.739219693164e-03
 4.800000000000e+00, 8.700000000000e-01, 1.360000000000e+00, 5.267722743732e-01, 5.161944670538e-03
 4.800000000000e+00, 8.700000000000e-01, 1.430000000000e+00, 5.313689312889e-01, 4.535243413434e-03
 4.800000000000e+00, 9.400000000000e-01, 8.000000000000e-01, 7.932587571976e-01, 8.617598612124e-03
 4.800000000000e+00, 9.400000000000e-01, 8.700000000000e-01, 5.099067242329e-01, 2.947095535473e-03
 4.800000000000e+00, 9.400000000000e-01, 9.400000000000e-01, 4.095024894844e-01, 2.024013632388e-03
 4.800000000000e+00, 9.400000000000e-01, 1.010000000000e+00, 3.732048160641e-01, 1.716706933589e-03
 4.800000000000e+00, 9.400000000000e-01, 1.080000000000e+00, 3.656347139649e-01, 1.689770520641e-03
 4.800000000000e+00, 9.400000000000e-01, 1.150000000000e+00, 3.704282790641e-01, 1.875377952830e-03
 4.800000000000e+00, 9.400000000000e-01, 1.220000000000e+00, 3.768311452749e-01, 1.937779723479e-03
 4.800000000000e+00, 9.400000000000e-01, 1.290000000000e+00, 3.859314856239e-01, 2.445142225095e-03
 4.800000000000e+00, 9.400000000000e-01, 1.360000000000e+00, 3.949206387660e-01, 1.827600796952e-03
 4.800000000000e+00, 9.400000000000e-01, 1.430000000000e+00, 4.016401196479e-01, 1.668139348079e-03
 4.800000000000e+00, 1.010000000000e+00, 8.000000000000e-01, 7.396383523438e-01, 6.640415498121e-03
 4.800000000000e+00, 1.010000000000e+00, 8.700000000000e-01, 4.651649284708e-01, 2.693740217768e-03
 4.800000000000e+00, 1.010000000000e+00, 9.400000000000e-01, 3.620594855254e-01, 1.116611133717e-03
 4.800000000000e+00, 1.010000000000e+00, 1.010000000000e+00, 3.249272625123e-01, 6.613803814988e-04
 4.800000000000e+00, 1.010000000000e+00, 1.080000000000e+00, 3.192914244552e-01, 6.609609571605e-04
 4.800000000000e+00, 1.010000000000e+00, 1.150000000000e+00, 3.209894235407e-01, 6.327983821528e-04
 4.800000000000e+00, 1.010000000000e+00, 1.220000000000e+00, 3.291322576885e-01, 7.823910319520e-04
 4.800000000000e+00, 1.010000000000e+00, 1.290000000000e+00, 3.378386803156e-01, 7.055858717351e-04
 4.800000000000e+00, 1.010000000000e+00, 1.360000000000e+00, 3.485119636767e-01, 6.918838153179e-04
 4.800000000000e+00, 1.010000000000e+00, 1.430000000000e+00, 3.565907975850e-01, 7.366618878977e-04
 4.800000000000e+00, 1.080000000000e+00, 8.000000000000e-01, 7.242863902257e-01, 6.680984375610e-03
 4.800000000000e+00, 1.080000000000e+00, 8.700000000000e-01, 4.519863259783e-01, 3.102233978697e-03
 4.800000000000e+00, 1.080000000000e+00, 9.400000000000e-01, 3.500963832517e-01, 9.078352295129e-04
 4.800000000000e+00, 1.080000000000e+00, 1.010000000000e+00, 3.122056632445e-01, 2.705964915417e-04
 4.800000000000e+00, 1.080000000000e+00, 1.080000000000e+00, 3.049529899862e-01, 1.679350239999e-04
 4.800000000000e+00, 1.080000000000e+00, 1.150000000000e+00, 3.083533826052e-01, 2.520403750231e-04
 4.800000000000e+00, 1.080000000000e+00, 1.220000000000e+00, 3.155530392615e-01, 2.892054449850e-04
 4.800000000000e+00, 1.080000000000e+00, 1.290000000000e+00, 3.256223932168e-01, 2.952614194001e-04
 4.800000000000e+00, 1.080000000000e+00, 1.360000000000e+00, 3.342798341801e-01, 3.373957032723e-04
 4.800000000000e+00, 1.080000000000e+00, 1.430000000000e+00, 3.429655353696e-01, 3.097320653620e-04
 4.800000000000e+00, 1.150000000000e+00, 8.000000000000e-01, 7.189846510636e-01, 6.565947884251e-03
 4.800000000000e+00, 1.150000000000e+00, 8.700000000000e-01, 4.488044653768e-01, 2.336485314688e-03
 4.800000000000e+00, 1.150000000000e+00, 9.400000000000e-01, 3.479794527499e-01, 8.614418111303e-04
 4.800000000000e+00, 1.150000000000e+00, 1.010000000000e+00, 3.134693716535e-01, 2.243282224020e-04
 4.800000000000e+00, 1.150000000000e+00, 1.080000000000e+00, 3.059248424179e-01, 1.179041075181e-04
 4.800000000000e+00, 1.150000000000e+00, 1.150000000000e+00, 3.092312385808e-01, 2.069803850331e-04
 4.800000000000e+00, 1.150000000000e+00, 1.220000000000e+00, 3.169779225879e-01, 2.542465664676e-04
 4.800000000000e+00, 1.150000000000e+00, 1.290000000000e+00, 3.259552736375e-01, 2.589077271882e-04
 4.800000000000e+00, 1.150000000000e+00, 1.360000000000e+00, 3.349882883571e-01, 2.701098267247e-04
 4.800000000000e+00, 1.150000000000e+00, 1.430000000000e+00, 3.434746756699e-01, 2.683094591167e-04
 4.800000000000e+00, 1.220000000000e+00, 8.000000000000e-01, 7.311832432625e-01, 7.216336607646e-03
 4.800000000000e+00, 1.220000000000e+00, 8.700000000000e-01, 4.529214495617e-01, 2.459334364768e-03
 4.800000000000e+00, 1.220000000000e+00, 9.400000000000e-01, 3.543195682089e-01, 8.528458709374e-04
 4.800000000000e+00, 1.220000000000e+00, 1.010000000000e+00, 3.192823675403e-01, 2.473701482240e-04
 4.800000000000e+00, 1.220000000000e+00, 1.080000000000e+00, 3.118174517426e-01, 1.776054976622e-04
 4.800000000000e+00, 1.220000000000e+00, 1.150000000000e+00, 3.155756871645e-01, 2.411211138819e-04
 4.800000000000e+00, 1.220000000000e+00, 1.220000000000e+00, 3.234099601252e-01, 2.802220818055e-04
 4.800000000000e+00, 1.220000000000e+00, 1.290000000000e+00, 3.327237235880e-01, 2.946011345877e-04
 4.800000000000e+00, 1.220000000000e+00, 1.360000000000e+00, 3.412461376050e-01, 3.229502906191e-04
 4.800000000000e+00, 1.220000000000e+00, 1.430000000000e+00, 3.502632897900e-01, 2.909531548426e-04
 4.800000000000e+00, 1.290000000000e+00, 8.000000000000e-01, 7.273845364774e-01, 6.363849259197e-03
 4.800000000000e+00, 1.290000000000e+00, 8.700000000000e-01, 4.640286974076e-01, 2.483190569211e-03
 4.800000000000e+00, 1.290000000000e+00, 9.400000000000e-01, 3.621473081108e-01, 8.847713311672e-04
 4.800000000000e+00, 1.290000000000e+00, 1.010000000000e+00, 3.280004574407e-01, 2.701802259706e-04
 4.800000000000e+00, 1.290000000000e+00, 1.080000000000e+00, 3.204554731491e-01, 1.832565511985e-04
 4.800000000000e+00, 1.290000000000e+00, 1.150000000000e+00, 3.242697093588e-01, 2.383788535598e-04
 4.800000000000e+00, 1.290000000000e+00, 1.220000000000e+00, 3.312472756311e-01, 3.009898163129e-04
 4.800000000000e+00, 1.290000000000e+00, 1.290000000000e+00, 3.398850248536e-01, 3.404183607998e-04
 4.800000000000e+00, 1.290000000000e+00, 1.360000000000e+00, 3.495313314242e-01, 3.116290365653e-04
 4.800000000000e+00, 1.290000000000e+00, 1.430000000000e+00, 3.579853146245e-01, 3.194229542776e-04
 4.800000000000e+00, 1.360000000000e+00, 8.000000000000e-01, 7.350536406425e-01, 6.685687126596e-03
 4.800000000000e+00, 1.360000000000e+00, 8.700000000000e-01, 4.713202807683e-01, 2.361201774504e-03
 4.800000000000e+00, 1.360000000000e+00, 9.400000000000e-01, 3.706359897264e-01, 8.892497202732e-04
 4.800000000000e+00, 1.360000000000e+00, 1.010000000000e+00, 3.365090893514e-01, 2.826805682446e-04
 4.800000000000e+00, 1.360000000000e+00, 1.080000000000e+00, 3.286037411094e-01, 1.963229981285e-04
 4.800000000000e+00, 1.360000000000e+00, 1.150000000000e+00, 3.320817317398e-01, 2.547243872371e-04
 4.800000000000e+00, 1.360000000000e+00, 1.220000000000e+00, 3.396372837113e-01, 3.024662048244e-04
 4.800000000000e+00, 1.360000000000e+00, 1.290000000000e+00, 3.480364025790e-01, 3.308455059697e-04
 4.800000000000e+00, 1.360000000000e+00, 1.360000000000e+00, 3.571583321543e-01, 3.418704557243e-04
 4.800000000000e+00, 1.360000000000e+00, 1.430000000000e+00, 3.657071025461e-01, 3.481383363243e-04
 4.800000000000e+00, 1.430000000000e+00, 8.000000000000e-01, 7.485688303077e-01, 6.531298500583e-03
 4.800000000000e+00, 1.430000000000e+00, 8.700000000000e-01, 4.743056606963e-01, 2.489219227999e-03
 4.800000000000e+00, 1.430000000000e+00, 9.400000000000e-01, 3.771408243545e-01, 8.788039694005e-04
 4.800000000000e+00, 1.430000000000e+00, 1.010000000000e+00, 3.444274319027e-01, 2.842425241194e-04
 4.800000000000e+00, 1.430000000000e+00, 1.080000000000e+00, 3.362340675124e-01, 2.006996803314e-04
 4.800000000000e+00, 1.430000000000e+00, 1.150000000000e+00, 3.395747972434e-01, 2.777497805389e-04
 4.800000000000e+00, 1.430000000000e+00, 1.220000000000e+00, 3.466659380549e-01, 3.065034101837e-04
 4.800000000000e+00, 1.430000000000e+00, 1.290000000000e+00, 3.556982526713e-01, 3.278144741156e-04
 4.800000000000e+00, 1.430000000000e+00, 1.360000000000e+00, 3.651480112292e-01, 3.357187473767e-04
 4.800000000000e+00, 1.430000000000e+00, 1.430000000000e+00, 3.736483407740e-01, 3.484007245500e-04
 5.100000000000e+00, 8.000000000000e-01, 8.000000000000e-01, 1.201139621201e+00, 1.330598287541e-02
 5.100000000000e+00, 8.000000000000e-01, 8.700000000000e-01, 9.380159149555e-01, 1.079546981752e-02
 5.100000000000e+00, 8.000000000000e-01, 9.400000000000e-01, 8.418512385362e-01, 1.115269786538e-02
 5.100000000000e+00, 8.000000000000e-01, 1.010000000000e+00, 8.150297806642e-01, 1.158670725350e-02
 5.100000000000e+00, 8.000000000000e-01, 1.080000000000e+00, 7.991185117784e-01, 1.149326935410e-02
 5.100000000000e+00, 8.000000000000e-01, 1.150000000000e+00, 8.021198865782e-01, 1.146075090237e-02
 5.100000000000e+00, 8.000000000000e-01, 1.220000000000e+00, 8.030015767638e-01, 1.083706904345e-02
 5.100000000000e+00, 8.000000000000e-01, 1.290000000000e+00, 8.191007785488e-01, 1.157020530885e-02
 5.100000000000e+00, 8.000000000000e-01, 1.360000000000e+00, 8.296376804504e-01, 1.354986855118e-02
 5.100000000000e+00, 8.000000000000e-01, 1.430000000000e+00, 8.242179290032e-01, 1.082225815887e-02
 5.100000000000e+00, 8.700000000000e-01, 8.000000000000e-01, 8.732848993840e-01, 7.544133589727e-03
 5.100000000000e+00, 8.700000000000e-01, 8.700000000000e-01, 6.215837315358e-01, 5.211183822661e-03
 5.100000000000e+00, 8.700000000000e-01, 9.400000000000e-01, 5.312873410563e-01, 4.659582341357e-03
 5.100000000000e+00, 8.700000000000e-01, 1.010000000000e+00, 4.901850281592e-01, 4.401355186627e-03
 5.100000000000e+00, 8.700000000000e-01, 1.080000000000e+00, 4.936561732008e-01, 5.129857678802e-03
 5.100000000000e+00, 8.700000000000e-01, 1.150000000000e+00, 4.890212307755e-01, 4.512344730687e-03
 5.100000000000e+00, 8.700000000000e-01, 1.220000000000e+00, 4.970659851100e-01, 4.409083732778e-03
 5.100000000000e+00, 8.700000000000e-01, 1.290000000000e+00, 4.970416117705e-01, 3.907258458404e-03
 5.100000000000e+00, 8.700000000000e-01, 1.360000000000e+00, 5.061332071350e-01, 4.563469630134e-03
 5.100000000000e+00, 8.700000000000e-01, 1.430000000000e+00, 5.198846968865e-01, 4.847680181624e-03
 5.100000000000e+00, 9.400000000000e-01, 8.000000000000e-01, 7.296518630514e-01, 5.872909171624e-03
 5.100000000000e+00, 9.400000000000e-01, 8.700000000000e-01, 4.912007746931e-01, 2.747001081220e-03
 5.100000000000e+00, 9.400000000000e-01, 9.400000000000e-01, 4.045332945259e-01, 1.773913546073e-03
 5.100000000000e+00, 9.400000000000e-01, 1.010000000000e+00, 3.694663004925e-01, 1.493183409538e-03
 5.100000000000e+00, 9.400000000000e-01, 1.080000000000e+00, 3.652756390764e-01, 1.896502875696e-03
 5.100000000000e+00, 9.400000000000e-01, 1.150000000000e+00, 3.685696874261e-01, 1.815613356476e-03
 5.100000000000e+00, 9.400000000000e-01, 1.220000000000e+00, 3.744703034854e-01, 1.762200734825e-03
 5.100000000000e+00, 9.400000000000e-01, 1.290000000000e+00, 3.818636947608e-01, 1.770718009949e-03
 5.100000000000e+00, 9.400000000000e-01, 1.360000000000e+00, 3.900466186918e-01, 1.692237600891e-03
 5.100000000000e+00, 9.400000000000e-01, 1.430000000000e+00, 4.016706233960e-01, 1.730460126517e-03
 5.100000000000e+00, 1.010000000000e+00, 8.000000000000e-01, 7.100916082629e-01, 6.619158135977e-03
 5.100000000000e+00, 1.010000000000e+00, 8.700000000000e-01, 4.535653804252e-01, 2.443032241771e-03
 5.100000000000e+00, 1.010000000000e+00, 9.400000000000e-01, 3.585535891299e-01, 1.009060490462e-03
 5.100000000000e+00, 1.010000000000e+00, 1.010000000000e+00, 3.273449470377e-01, 6.015181539087e-04
 5.100000000000e+00, 1.010000000000e+00, 1.080000000000e+00, 3.203055926752e-01, 5.857839891077e-04
 5.100000000000e+00, 1.010000000000e+00, 1.150000000000e+00, 3.237748432702e-01, 6.219155544060e-04
 5.100000000000e+00, 1.010000000000e+00, 1.220000000000e+00, 3.320200005242e-01, 6.886821076812e-04
 5.100000000000e+00, 1.010000000000e+00, 1.290000000000e+00, 3.391748249140e-01, 6.365907170239e-04
 5.100000000000e+00, 1.010000000000e+00, 1.360000000000e+00, 3.494825330575e-01, 7.006192043377e-04
 5.100000000000e+00, 1.010000000000e+00, 1.430000000000e+00, 3.570516013116e-01, 6.920957565985e-04
 5.100000000000e+00, 1.080000000000e+00, 8.000000000000e-01, 6.909116526784e-01, 6.336994142673e-03
 5.100000000000e+00, 1.080000000000e+00, 8.700000000000e-01, 4.424451294352e-01, 2.421236271559e-03
 5.100000000000e+00, 1.080000000000e+00, 9.400000000000e-01, 3.467246766127e-01, 8.431229681275e-04
 5.100000000000e+00, 1.080000000000e+00, 1.010000000000e+00, 3.154596676816e-01, 2.623305094275e-04
 5.100000000000e+00, 1.080000000000e+00, 1.080000000000e+00, 3.086477492019e-01, 1.610391710994e-04
 5.100000000000e+00, 1.080000000000e+00, 1.150000000000e+00, 3.120524815348e-01, 2.368266082084e-04
 5.100000000000e+00, 1.080000000000e+00, 1.220000000000e+00, 3.197577430791e-01, 2.634771188867e-04
 5.100000000000e+00, 1.080000000000e+00, 1.290000000000e+00, 3.278937945346e-01, 2.835475886775e-04
 5.100000000000e+00, 1.080000000000e+00, 1.360000000000e+00, 3.371068068675e-01, 2.823388965539e-04
 5.100000000000e+00, 1.080000000000e+00, 1.430000000000e+00, 3.450467897789e-01, 3.207751241223e-04
 5.100000000000e+00, 1.150000000000e+00, 8.000000000000e-01, 6.857625233580e-01, 6.254165296355e-03
 5.100000000000e+00, 1.150000000000e+00, 8.700000000000e-01, 4.381849062738e-01, 2.296301283387e-03
 5.100000000000e+00, 1.150000000000e+00, 9.400000000000e-01, 3.472456558441e-01, 7.665153209637e-04
 5.100000000000e+00, 1.150000000000e+00, 1.010000000000e+00, 3.165060388924e-01, 2.129812711941e-04
 5.100000000000e+00, 1.150000000000e+00, 1.080000000000e+00, 3.097368887799e-01, 1.265201981725e-04
 5.100000000000e+00, 1.150000000000e+00, 1.150000000000e+00, 3.134589241233e-01, 2.023409335583e-04
 5.100000000000e+00, 1.150000000000e+00, 1.220000000000e+00, 3.205618659258e-01, 2.343889302879e-04
 5.100000000000e+00, 1.150000000000e+00, 1.290000000000e+00, 3.292483885930e-01, 2.490047564121e-04
 5.100000000000e+00, 1.150000000000e+00, 1.360000000000e+00, 3.372577965457e-01, 2.704058709895e-04
 5.100000000000e+00, 1.150000000000e+00, 1.430000000000e+00, 3.459423189600e-01, 2.783897408757e-04
 5.100000000000e+00, 1.220000000000e+00, 8.000000000000e-01, 6.831641292290e-01, 5.840989454475e-03
 5.100000000000e+00, 1.220000000000e+00, 8.700000000000e-01, 4.464034300646e-01, 2.267323767831e-03
 5.100000000000e+00, 1.220000000000e+00, 9.400000000000e-01, 3.542235560169e-01, 8.662336270785e-04
 5.100000000000e+00, 1.220000000000e+00, 1.010000000000e+00, 3.229893683428e-01, 2.481812224651e-04
 5.100000000000e+00, 1.220000000000e+00, 1.080000000000e+00, 3.157068634820e-01, 1.647974075263e-04
 5.100000000000e+00, 1.220000000000e+00, 1.150000000000e+00, 3.192270951871e-01, 2.545357076974e-04
 5.100000000000e+00, 1.220000000000e+00, 1.220000000000e+00, 3.261763321791e-01, 3.075067669064e-04
 5.100000000000e+00, 1.220000000000e+00, 1.290000000000e+00, 3.353025190789e-01, 2.650603097877e-04
 5.100000000000e+00, 1.220000000000e+00, 1.360000000000e+00, 3.436638665299e-01, 2.848938699332e-04
 5.100000000000e+00, 1.220000000000e+00, 1.430000000000e+00, 3.519454510634e-01, 2.898358194667e-04
 5.100000000000e+00, 1.290000000000e+00, 8.000000000000e-01, 7.119740538672e-01, 7.647598564485e-03
 5.100000000000e+00, 1.290000000000e+00, 8.700000000000e-01, 4.518295824242e-01, 2.305473021769e-03
 5.100000000000e+00, 1.290000000000e+00, 9.400000000000e-01, 3.607837590441e-01, 8.168193297403e-04
 5.100000000000e+00, 1.290000000000e+00, 1.010000000000e+00, 3.301907056424e-01, 2.719023072919e-04
 5.100000000000e+00, 1.290000000000e+00, 1.080000000000e+00, 3.233489569578e-01, 1.781582834416e-04
 5.100000000000e+00, 1.290000000000e+00, 1.150000000000e+00, 3.267536559936e-01, 2.504170819192e-04
 5.100000000000e+00, 1.290000000000e+00, 1.220000000000e+00, 3.338198262434e-01, 2.997593218801e-04
 5.100000000000e+00, 1.290000000000e+00, 1.290000000000e+00, 3.424130193901e-01, 3.163271965987e-04
 5.100000000000e+00, 1.290000000000e+00, 1.360000000000e+00, 3.507722542222e-01, 3.044807072717e-04
 5.100000000000e+00, 1.290000000000e+00, 1.430000000000e+00, 3.589281367116e-01, 3.114935334074e-04
 5.100000000000e+00, 1.360000000000e+00, 8.000000000000e-01, 6.994440197141e-01, 6.089590325652e-03
 5.100000000000e+00, 1.360000000000e+00, 8.700000000000e-01, 4.637729698913e-01, 2.481059545612e-03
 5.100000000000e+00, 1.360000000000e+00, 9.400000000000e-01, 3.691976281367e-01, 8.429405634114e-04
 5.100000000000e+00, 1.360000000000e+00, 1.010000000000e+00, 3.379418417033e-01, 2.677900390568e-04
 5.100000000000e+00, 1.360000000000e+00, 1.080000000000e+00, 3.311346090639e-01, 2.017834048721e-04
 5.100000000000e+00, 1.360000000000e+00, 1.150000000000e+00, 3.340611111320e-01, 3.135528387383e-04
 5.100000000000e+00, 1.360000000000e+00, 1.220000000000e+00, 3.416199034979e-01, 2.940000006839e-04
 5.100000000000e+00, 1.360000000000e+00, 1.290000000000e+00, 3.497570606189e-01, 3.319565403501e-04
 5.100000000000e+00, 1.360000000000e+00, 1.360000000000e+00, 3.584674800130e-01, 3.427596808364e-04
 5.100000000000e+00, 1.360000000000e+00, 1.430000000000e+00, 3.668367850037e-01, 3.254639124400e-04
 5.100000000000e+00, 1.430000000000e+00, 8.000000000000e-01, 7.161184190688e-01, 6.794353045675e-03
 5.100000000000e+00, 1.430000000000e+00, 8.700000000000e-01, 4.639390809630e-01, 2.141833561788e-03
 5.100000000000e+00, 1.430000000000e+00, 9.400000000000e-01, 3.757823177048e-01, 7.756689572174e-04
 5.100000000000e+00, 1.430000000000e+00, 1.010000000000e+00, 3.452295470527e-01, 2.564278409073e-04
 5.100000000000e+00, 1.430000000000e+00, 1.080000000000e+00, 3.383454008718e-01, 1.952928284783e-04
 5.100000000000e+00, 1.430000000000e+00, 1.150000000000e+00, 3.410920710480e-01, 2.513278867818e-04
 5.100000000000e+00, 1.430000000000e+00, 1.220000000000e+00, 3.488429228461e-01, 2.886423140547e-04
 5.100000000000e+00, 1.430000000000e+00, 1.290000000000e+00, 3.576006892363e-01, 2.962840233973e-04
 5.100000000000e+00, 1.430000000000e+00, 1.360000000000e+00, 3.652699752623e-01, 3.227943470269e-04
 5.100000000000e+00, 1.430000000000e+00, 1.430000000000e+00, 3.734805373536e-01, 3.388213813059e-04
 5.400000000000e+00, 8.000000000000e-01, 8.000000000000e-01, 1.133511913400e+00, 1.220751790350e-02
 5.400000000000e+00, 8.000000000000e-01, 8.700000000000e-01, 8.980850912950e-01, 1.178932820294e-02
 5.400000000000e+00, 8.000000000000e-01, 9.400000000000e-01, 7.926829775865e-01, 1.032261762225e-02
 5.400000000000e+00, 8.000000000000e-01, 1.010000000000e+00, 7.697773391696e-01, 1.164589492522e-02
 5.400000000000e+00, 8.000000000000e-01, 1.080000000000e+00, 7.648066421552e-01, 1.029140254006e-02
 5.400000000000e+00, 8.000000000000e-01, 1.150000000000e+00, 7.671154298941e-01, 1.171546488059e-02
 5.400000000000e+00, 8.000000000000e-01, 1.220000000000e+00, 7.677036547576e-01, 1.109201968680e-02
 5.400000000000e+00, 8.000000000000e-01, 1.290000000000e+00, 7.688828002371e-01, 1.032509514483e-02
 5.400000000000e+00, 8.000000000000e-01, 1.360000000000e+00, 7.842144285430e-01, 1.025677458857e-02
 5.400000000000e+00, 8.000000000000e-01, 1.430000000000e+00, 7.998110878418e-01, 1.093790638985e-02
 5.400000000000e+00, 8.700000000000e-01, 8.000000000000e-01, 8.364070789981e-01, 7.510701651541e-03
 5.400000000000e+00, 8.700000000000e-01, 8.700000000000e-01, 6.000143377501e-01, 4.795847926895e-03
 5.400000000000e+00, 8.700000000000e-01, 9.400000000000e-01, 5.194435943777e-01, 5.113354310291e-03
 5.400000000000e+00, 8.700000000000e-01, 1.010000000000e+00, 4.821480727403e-01, 4.011446092002e-03
 5.400000000000e+00, 8.700000000000e-01, 1.080000000000e+00, 4.779939324515e-01, 4.328607926689e-03
 5.400000000000e+00, 8.700000000000e-01, 1.150000000000e+00, 4.775706490365e-01, 4.110196764882e-03
 5.400000000000e+00, 8.700000000000e-01, 1.220000000000e+00, 4.840823908930e-01, 4.176625578884e-03
 5.400000000000e+00, 8.700000000000e-01, 1.290000000000e+00, 4.958781505039e-01, 4.645400026991e-03
 5.400000000000e+00, 8.700000000000e-01, 1.360000000000e+00, 4.964781521831e-01, 4.170127762708e-03
 5.400000000000e+00, 8.700000000000e-01, 1.430000000000e+00, 5.065180299748e-01, 4.983764498842e-03
 5.400000000000e+00, 9.400000000000e-01, 8.000000000000e-01, 7.123341360179e-01, 5.875111521098e-03
 5.400000000000e+00, 9.400000000000e-01, 8.700000000000e-01, 4.874319255771e-01, 2.687715890897e-03
 5.400000000000e+00, 9.400000000000e-01, 9.400000000000e-01, 4.006091655293e-01, 1.747835729754e-03
 5.400000000000e+00, 9.400000000000e-01, 1.010000000000e+00, 3.686099198709e-01, 1.491485895737e-03
 5.400000000000e+00, 9.400000000000e-01, 1.080000000000e+00, 3.643388738393e-01, 1.600968062895e-03
 5.400000000000e+00, 9.400000000000e-01, 1.150000000000e+00, 3.677877933505e-01, 1.615952589707e-03
 5.400000000000e+00, 9.400000000000e-01, 1.220000000000e+00, 3.749653435665e-01, 1.637033960064e-03
 5.400000000000e+00, 9.400000000000e-01, 1.290000000000e+00, 3.840065141783e-01, 1.924580215389e-03
 5.400000000000e+00, 9.400000000000e-01, 1.360000000000e+00, 3.929282966250e-01, 1.738088666128e-03
 5.400000000000e+00, 9.400000000000e-01, 1.430000000000e+00, 3.963682306274e-01, 1.553598869022e-03
 5.400000000000e+00, 1.010000000000e+00, 8.000000000000e-01, 6.781000226556e-01, 5.909739037631e-03
 5.400000000000e+00, 1.010000000000e+00, 8.700000000000e-01, 4.480139478242e-01, 2.355018585587e-03
 5.400000000000e+00, 1.010000000000e+00, 9.400000000000e-01, 3.612104685623e-01, 1.042147664248e-03
 5.400000000000e+00, 1.010000000000e+00, 1.010000000000e+00, 3.305005161233e-01, 6.188022121387e-04
 5.400000000000e+00, 1.010000000000e+00, 1.080000000000e+00, 3.235652059842e-01, 5.395120829754e-04
 5.400000000000e+00, 1.010000000000e+00, 1.150000000000e+00, 3.278781168060e-01, 6.123310260640e-04
 5.400000000000e+00, 1.010000000000e+00, 1.220000000000e+00, 3.349376370306e-01, 8.854678291002e-04
 5.400000000000e+00, 1.010000000000e+00, 1.290000000000e+00, 3.427033474571e-01, 6.228795423559e-04
 5.400000000000e+00, 1.010000000000e+00, 1.360000000000e+00, 3.513073138883e-01, 7.213914375230e-04
 5.400000000000e+00, 1.010000000000e+00, 1.430000000000e+00, 3.610128897772e-01, 7.448120602951e-04
 5.400000000000e+00, 1.080000000000e+00, 8.000000000000e-01, 6.596799011609e-01, 5.680766580979e-03
 5.400000000000e+00, 1.080000000000e+00, 8.700000000000e-01, 4.310273209622e-01, 2.145499888244e-03
 5.400000000000e+00, 1.080000000000e+00, 9.400000000000e-01, 3.490342005566e-01, 8.502963546326e-04
 5.400000000000e+00, 1.080000000000e+00, 1.010000000000e+00, 3.196390533998e-01, 2.564307618945e-04
 5.400000000000e+00, 1.080000000000e+00, 1.080000000000e+00, 3.135971793406e-01, 1.654448105690e-04
 5.400000000000e+00, 1.080000000000e+00, 1.150000000000e+00, 3.170823292382e-01, 2.246506760700e-04
 5.400000000000e+00, 1.080000000000e+00, 1.220000000000e+00, 3.240036531850e-01, 3.061810411967e-04
 5.400000000000e+00, 1.080000000000e+00, 1.290000000000e+00, 3.322826541641e-01, 2.809072445654e-04
 5.400000000000e+00, 1.080000000000e+00, 1.360000000000e+00, 3.403449852454e-01, 2.972064233174e-04
 5.400000000000e+00, 1.080000000000e+00, 1.430000000000e+00, 3.482575418533e-01, 2.854157899791e-04
 5.400000000000e+00, 1.150000000000e+00, 8.000000000000e-01, 6.741095916078e-01, 6.368723749265e-03
 5.400000000000e+00, 1.150000000000e+00, 8.700000000000e-01, 4.352688499743e-01, 2.280044500095e-03
 5.400000000000e+00, 1.150000000000e+00, 9.400000000000e-01, 3.515504176485e-01, 8.033338323726e-04
 5.400000000000e+00, 1.150000000000e+00, 1.010000000000e+00, 3.205647073565e-01, 2.084665805042e-04
 5.400000000000e+00, 1.150000000000e+00, 1.080000000000e+00, 3.145701198499e-01, 1.277176384318e-04
 5.400000000000e+00, 1.150000000000e+00, 1.150000000000e+00, 3.180197834499e-01, 2.076169251248e-04
 5.400000000000e+00, 1.150000000000e+00, 1.220000000000e+00, 3.253807279367e-01, 2.223259290649e-04
 5.400000000000e+00, 1.150000000000e+00, 1.290000000000e+00, 3.324472960811e-01, 2.612115308719e-04
 5.400000000000e+00, 1.150000000000e+00, 1.360000000000e+00, 3.409479898760e-01, 2.604118278199e-04
 5.400000000000e+00, 1.150000000000e+00, 1.430000000000e+00, 3.489985163570e-01, 2.337239473377e-04
 5.400000000000e+00, 1.220000000000e+00, 8.000000000000e-01, 6.749958064514e-01, 6.500984476265e-03
 5.400000000000e+00, 1.220000000000e+00, 8.700000000000e-01, 4.432205836166e-01, 2.165954441768e-03
 5.400000000000e+00, 1.220000000000e+00, 9.400000000000e-01, 3.549372843496e-01, 7.812541065704e-04
 5.400000000000e+00, 1.220000000000e+00, 1.010000000000e+00, 3.262113112085e-01, 2.279109538423e-04
 5.400000000000e+00, 1.220000000000e+00, 1.080000000000e+00, 3.201139573974e-01, 1.670621428981e-04
 5.400000000000e+00, 1.220000000000e+00, 1.150000000000e+00, 3.239673021642e-01, 2.182704846825e-04
 5.400000000000e+00, 1.220000000000e+00, 1.220000000000e+00, 3.308966386123e-01, 2.629774078282e-04
 5.400000000000e+00, 1.220000000000e+00, 1.290000000000e+00, 3.383962955632e-01, 2.875092894458e-04
 5.400000000000e+00, 1.220000000000e+00, 1.360000000000e+00, 3.463978972924e-01, 2.927273237575e-04
 5.400000000000e+00, 1.220000000000e+00, 1.430000000000e+00, 3.535754188345e-01, 2.993812722842e-04
 5.400000000000e+00, 1.290000000000e+00, 8.000000000000e-01, 6.681527946703e-01, 6.151858268512e-03
 5.400000000000e+00, 1.290000000000e+00, 8.700000000000e-01, 4.421089277903e-01, 1.933404386009e-03
 5.400000000000e+00, 1.290000000000e+00, 9.400000000000e-01, 3.608809135815e-01, 7.427802566352e-04
 5.400000000000e+00, 1.290000000000e+00, 1.010000000000e+00, 3.334458967654e-01, 2.410151056743e-04
 5.400000000000e+00, 1.290000000000e+00, 1.080000000000e+00, 3.275466066776e-01, 1.751265823786e-04
 5.400000000000e+00, 1.290000000000e+00, 1.150000000000e+00, 3.306239630800e-01, 2.474749753941e-04
 5.400000000000e+00, 1.290000000000e+00, 1.220000000000e+00, 3.375457220789e-01, 2.839661411648e-04
 5.400000000000e+00, 1.290000000000e+00, 1.290000000000e+00, 3.453622885571e-01, 3.188994532018e-04
 5.400000000000e+00, 1.290000000000e+00, 1.360000000000e+00, 3.541612901246e-01, 2.845251759491e-04
 5.400000000000e+00, 1.290000000000e+00, 1.430000000000e+00, 3.616121782640e-01, 2.883881094676e-04
 5.400000000000e+00, 1.360000000000e+00, 8.000000000000e-01, 6.768024657449e-01, 5.879009309407e-03
 5.400000000000e+00, 1.360000000000e+00, 8.700000000000e-01, 4.558990830954e-01, 2.458677229819e-03
 5.400000000000e+00, 1.360000000000e+00, 9.400000000000e-01, 3.712738993888e-01, 8.608777330797e-04
 5.400000000000e+00, 1.360000000000e+00, 1.010000000000e+00, 3.404808067905e-01, 2.587218875242e-04
 5.400000000000e+00, 1.360000000000e+00, 1.080000000000e+00, 3.347518815642e-01, 1.854051012691e-04
 5.400000000000e+00, 1.360000000000e+00, 1.150000000000e+00, 3.374393302619e-01, 2.599372378682e-04
 5.400000000000e+00, 1.360000000000e+00, 1.220000000000e+00, 3.439369819393e-01, 3.294783099176e-04
 5.400000000000e+00, 1.360000000000e+00, 1.290000000000e+00, 3.527702071059e-01, 3.183441309788e-04
 5.400000000000e+00, 1.360000000000e+00, 1.360000000000e+00, 3.605677229267e-01, 3.236938998321e-04
 5.400000000000e+00, 1.360000000000e+00, 1.430000000000e+00, 3.683452040754e-01, 3.137742732800e-04
 5.400000000000e+00, 1.430000000000e+00, 8.000000000000e-01, 6.870811361143e-01, 6.447219160651e-03
 5.400000000000e+00, 1.430000000000e+00, 8.700000000000e-01, 4.601420489656e-01, 2.201465345137e-03
 5.400000000000e+00, 1.430000000000e+00, 9.400000000000e-01, 3.755366036222e-01, 7.637760854442e-04
 5.400000000000e+00, 1.430000000000e+00, 1.010000000000e+00, 3.474732532736e-01, 2.485362278217e-04
 5.400000000000e+00, 1.430000000000e+00, 1.080000000000e+00, 3.410227821271e-01, 1.988527729102e-04
 5.400000000000e+00, 1.430000000000e+00, 1.150000000000e+00, 3.443624425932e-01, 2.650752636237e-04
 5.400000000000e+00, 1.430000000000e+00, 1.220000000000e+00, 3.514554659684e-01, 2.945646874788e-04
 5.400000000000e+00, 1.430000000000e+00, 1.290000000000e+00, 3.596427965948e-01, 3.050713024978e-04
 5.400000000000e+00, 1.430000000000e+00, 1.360000000000e+00, 3.677074269068e-01, 2.983755200855e-04
 5.400000000000e+00, 1.430000000000e+00, 1.430000000000e+00, 3.755233412631e-01, 2.976312394327e-04
 5.700000000000e+00, 8.000000000000e-01, 8.000000000000e-01, 1.075572071670e+00, 1.225429299657e-02
 5.700000000000e+00, 8.000000000000e-01, 8.700000000000e-01, 8.422857473483e-01, 9.718115018336e-03
 5.700000000000e+00, 8.000000000000e-01, 9.400000000000e-01, 7.627562997785e-01, 1.011792797956e-02
 5.700000000000e+00, 8.000000000000e-01, 1.010000000000e+00, 7.463668780859e-01, 1.072041943434e-02
 5.700000000000e+00, 8.000000000000e-01, 1.080000000000e+00, 7.467729412953e-01, 1.077385879259e-02
 5.700000000000e+00, 8.000000000000e-01, 1.150000000000e+00, 7.273759715598e-01, 1.034949268077e-02
 5.700000000000e+00, 8.000000000000e-01, 1.220000000000e+00, 7.425292189199e-01, 1.074060386858e-02
 5.700000000000e+00, 8.000000000000e-01, 1.290000000000e+00, 7.457294997920e-01, 1.162665290757e-02
 5.700000000000e+00, 8.000000000000e-01, 1.360000000000e+00, 7.722222911894e-01, 1.094709619405e-02
 5.700000000000e+00, 8.000000000000e-01, 1.430000000000e+00, 7.643178985140e-01, 1.020823537644e-02
 5.700000000000e+00, 8.700000000000e-01, 8.000000000000e-01, 7.843537912801e-01, 6.901207815779e-03
 5.700000000000e+00, 8.700000000000e-01, 8.700000000000e-01, 5.830285479458e-01, 4.468867399929e-03
 5.700000000000e+00, 8.700000000000e-01, 9.400000000000e-01, 5.071400565556e-01, 4.516630590145e-03
 5.700000000000e+00, 8.700000000000e-01, 1.010000000000e+00, 4.735978447864e-01, 3.928509479827e-03
 5.700000000000e+00, 8.700000000000e-01, 1.080000000000e+00, 4.663936576079e-01, 3.746432355469e-03
 5.700000000000e+00, 8.700000000000e-01, 1.150000000000e+00, 4.751892471387e-01, 4.245585121225e-03
 5.700000000000e+00, 8.700000000000e-01, 1.220000000000e+00, 4.804433129672e-01, 5.374476203613e-03
 5.700000000000e+00, 8.700000000000e-01, 1.290000000000e+00, 4.836349166901e-01, 4.541723472244e-03
 5.700000000000e+00, 8.700000000000e-01, 1.360000000000e+00, 4.896388189152e-01, 4.278620043533e-03
 5.700000000000e+00, 8.700000000000e-01, 1.430000000000e+00, 4.958903976673e-01, 3.862430424900e-03
 5.700000000000e+00, 9.400000000000e-01, 8.000000000000e-01, 6.926612186392e-01, 6.285769379687e-03
 5.700000000000e+00, 9.400000000000e-01, 8.700000000000e-01, 4.787391411392e-01, 2.747841724174e-03
 5.700000000000e+00, 9.400000000000e-01, 9.400000000000e-01, 3.974467124666e-01, 1.606571126380e-03
 5.700000000000e+00, 9.400000000000e-01, 1.010000000000e+00, 3.743012426807e-01, 1.582735048768e-03
 5.700000000000e+00, 9.400000000000e-01, 1.080000000000e+00, 3.676968440839e-01, 1.707445003196e-03
 5.700000000000e+00, 9.400000000000e-01, 1.150000000000e+00, 3.668438493667e-01, 1.463134907288e-03
 5.700000000000e+00, 9.400000000000e-01, 1.220000000000e+00, 3.771923994801e-01, 1.731775118723e-03
 5.700000000000e+00, 9.400000000000e-01, 1.290000000000e+00, 3.844193093485e-01, 1.673263607624e-03
 5.700000000000e+00, 9.400000000000e-01, 1.360000000000e+00, 3.888826131598e-01, 1.633277639500e-03
 5.700000000000e+00, 9.400000000000e-01, 1.430000000000e+00, 3.974943162441e-01, 1.593820065687e-03
 5.700000000000e+00, 1.010000000000e+00, 8.000000000000e-01, 6.541705744496e-01, 5.489771636357e-03
 5.700000000000e+00, 1.010000000000e+00, 8.700000000000e-01, 4.410139536293e-01, 2.142744781824e-03
 5.700000000000e+00, 1.010000000000e+00, 9.400000000000e-01, 3.598719062311e-01, 8.571801356561e-04
 5.700000000000e+00, 1.010000000000e+00, 1.010000000000e+00, 3.342072592523e-01, 5.601691874141e-04
 5.700000000000e+00, 1.010000000000e+00, 1.080000000000e+00, 3.297050851217e-01, 5.911840516029e-04
 5.700000000000e+00, 1.010000000000e+00, 1.150000000000e+00, 3.328206097203e-01, 6.044943721527e-04
 5.700000000000e+00, 1.010000000000e+00, 1.220000000000e+00, 3.389728897225e-01, 6.275758450764e-04
 5.700000000000e+00, 1.010000000000e+00, 1.290000000000e+00, 3.483213972364e-01, 7.487868749223e-04
 5.700000000000e+00, 1.010000000000e+00, 1.360000000000e+00, 3.537301254837e-01, 5.618827570884e-04
 5.700000000000e+00, 1.010000000000e+00, 1.430000000000e+00, 3.614065331045e-01, 5.567864706454e-04
 5.700000000000e+00, 1.080000000000e+00, 8.000000000000e-01, 6.497998049726e-01, 6.261357068164e-03
 5.700000000000e+00, 1.080000000000e+00, 8.700000000000e-01, 4.293972776210e-01, 2.256597877562e-03
 5.700000000000e+00, 1.080000000000e+00, 9.400000000000e-01, 3.512553914372e-01, 7.543499052815e-04
 5.700000000000e+00, 1.080000000000e+00, 1.010000000000e+00, 3.244148170817e-01, 2.532991410861e-04
 5.700000000000e+00, 1.080000000000e+00, 1.080000000000e+00, 3.189680598061e-01, 1.649298230935e-04
 5.700000000000e+00, 1.080000000000e+00, 1.150000000000e+00, 3.224076344047e-01, 2.327740879420e-04
 5.700000000000e+00, 1.080000000000e+00, 1.220000000000e+00, 3.289970422436e-01, 2.443616918475e-04
 5.700000000000e+00, 1.080000000000e+00, 1.290000000000e+00, 3.363831863970e-01, 2.823353118659e-04
 5.700000000000e+00, 1.080000000000e+00, 1.360000000000e+00, 3.445330551959e-01, 2.628255603589e-04
 5.700000000000e+00, 1.080000000000e+00, 1.430000000000e+00, 3.524326458775e-01, 2.687061734455e-04
 5.700000000000e+00, 1.150000000000e+00, 8.000000000000e-01, 6.367910885831e-01, 5.647440766574e-03
 5.700000000000e+00, 1.150000000000e+00, 8.700000000000e-01, 4.303426453480e-01, 1.981709136562e-03
 5.700000000000e+00, 1.150000000000e+00, 9.400000000000e-01, 3.510177403939e-01, 7.473440941343e-04
 5.700000000000e+00, 1.150000000000e+00, 1.010000000000e+00, 3.253989302101e-01, 2.089923437334e-04
 5.700000000000e+00, 1.150000000000e+00, 1.080000000000e+00, 3.203238403833e-01, 1.349628459200e-04
 5.700000000000e+00, 1.150000000000e+00, 1.150000000000e+00, 3.233668923667e-01, 2.081784503824e-04
 5.700000000000e+00, 1.150000000000e+00, 1.220000000000e+00, 3.296460486938e-01, 2.516469712577e-04
 5.700000000000e+00, 1.150000000000e+00, 1.290000000000e+00, 3.376135617793e-01, 2.645420527897e-04
 5.700000000000e+00, 1.150000000000e+00, 1.360000000000e+00, 3.455361244623e-01, 2.409532956637e-04
 5.700000000000e+00, 1.150000000000e+00, 1.430000000000e+00, 3.529880381888e-01, 2.515138809771e-04
 5.700000000000e+00, 1.220000000000e+00, 8.000000000000e-01, 6.610779536038e-01, 6.314686048873e-03
 5.700000000000e+00, 1.220000000000e+00, 8.700000000000e-01, 4.395661219287e-01, 2.466694252078e-03
 5.700000000000e+00, 1.220000000000e+00, 9.400000000000e-01, 3.582648002903e-01, 7.630716500214e-04
 5.700000000000e+00, 1.220000000000e+00, 1.010000000000e+00, 3.310872461706e-01, 2.217690637080e-04
 5.700000000000e+00, 1.220000000000e+00, 1.080000000000e+00, 3.253776864220e-01, 1.753776646876e-04
 5.700000000000e+00, 1.220000000000e+00, 1.150000000000e+00, 3.284615463133e-01, 2.414012437264e-04
 5.700000000000e+00, 1.220000000000e+00, 1.220000000000e+00, 3.351487675023e-01, 3.707845308832e-04
 5.700000000000e+00, 1.220000000000e+00, 1.290000000000e+00, 3.428120035731e-01, 3.196218105555e-04
 5.700000000000e+00, 1.220000000000e+00, 1.360000000000e+00, 3.507373666742e-01, 2.733508958543e-04
 5.700000000000e+00, 1.220000000000e+00, 1.430000000000e+00, 3.581373649353e-01, 2.708219911027e-04
 5.700000000000e+00, 1.290000000000e+00, 8.000000000000e-01, 6.509694671573e-01, 5.746782467928e-03
 5.700000000000e+00, 1.290000000000e+00, 8.700000000000e-01, 4.432950197707e-01, 2.097507031926e-03
 5.700000000000e+00, 1.290000000000e+00, 9.400000000000e-01, 3.642386812394e-01, 8.019950834897e-04
 5.700000000000e+00, 1.290000000000e+00, 1.010000000000e+00, 3.374451165600e-01, 2.418360959398e-04
 5.700000000000e+00, 1.290000000000e+00, 1.080000000000e+00, 3.322726324508e-01, 1.732556589334e-04
 5.700000000000e+00, 1.290000000000e+00, 1.150000000000e+00, 3.351792147303e-01, 2.420588829496e-04
 5.700000000000e+00, 1.290000000000e+00, 1.220000000000e+00, 3.416674744075e-01, 2.942277484478e-04
 5.700000000000e+00, 1.290000000000e+00, 1.290000000000e+00, 3.490459016140e-01, 3.263561847742e-04
 5.700000000000e+00, 1.290000000000e+00, 1.360000000000e+00, 3.572305368308e-01, 3.404042481368e-04
 5.700000000000e+00, 1.290000000000e+00, 1.430000000000e+00, 3.646256765417e-01, 2.823635854247e-04
 5.700000000000e+00, 1.360000000000e+00, 8.000000000000e-01, 6.576125362910e-01, 6.181496507152e-03
 5.700000000000e+00, 1.360000000000e+00, 8.700000000000e-01, 4.484761912566e-01, 2.066820752477e-03
 5.700000000000e+00, 1.360000000000e+00, 9.400000000000e-01, 3.710578331484e-01, 7.866516335734e-04
 5.700000000000e+00, 1.360000000000e+00, 1.010000000000e+00, 3.444938878838e-01, 2.459954907851e-04
 5.700000000000e+00, 1.360000000000e+00, 1.080000000000e+00, 3.392010512329e-01, 1.895054265330e-04
 5.700000000000e+00, 1.360000000000e+00, 1.150000000000e+00, 3.420738401789e-01, 2.453271442291e-04
 5.700000000000e+00, 1.360000000000e+00, 1.220000000000e+00, 3.484294916470e-01, 2.800434338945e-04
 5.700000000000e+00, 1.360000000000e+00, 1.290000000000e+00, 3.565352808743e-01, 3.199892410880e-04
 5.700000000000e+00, 1.360000000000e+00, 1.360000000000e+00, 3.637253066308e-01, 3.105727970089e-04
 5.700000000000e+00, 1.360000000000e+00, 1.430000000000e+00, 3.708477004397e-01, 3.230390331009e-04
 5.700000000000e+00, 1.430000000000e+00, 8.000000000000e-01, 6.493529887919e-01, 5.636195006858e-03
 5.700000000000e+00, 1.430000000000e+00, 8.700000000000e-01, 4.530853179109e-01, 2.132579188317e-03
 5.700000000000e+00, 1.430000000000e+00, 9.400000000000e-01, 3.767317557415e-01, 7.566914973725e-04
 5.700000000000e+00, 1.430000000000e+00, 1.010000000000e+00, 3.510439914861e-01, 2.525099781588e-04
 5.700000000000e+00, 1.430000000000e+00, 1.080000000000e+00, 3.454254147703e-01, 1.926305317111e-04
 5.700000000000e+00, 1.430000000000e+00, 1.150000000000e+00, 3.490092532762e-01, 2.407503676229e-04
 5.700000000000e+00, 1.430000000000e+00, 1.220000000000e+00, 3.549496640195e-01, 2.797918560162e-04
 5.700000000000e+00, 1.430000000000e+00, 1.290000000000e+00, 3.624768769695e-01, 2.734549315447e-04
 5.700000000000e+00, 1.430000000000e+00, 1.360000000000e+00, 3.707913715218e-01, 2.848142243093e-04
 5.700000000000e+00, 1.430000000000e+00, 1.430000000000e+00, 3.780248415303e-01, 3.079712951014e-04
