#              p[0],               p[1],               p[2],             energy,               error
 1.000000000000e+00, 8.000000000000e-01, 8.000000000000e-01, 3.729419547375e+01, 1.375045167308e-01
 1.000000000000e+00, 8.000000000000e-01, 8.700000000000e-01, 2.319260746925e+01, 9.149802200921e-02
 1.000000000000e+00, 8.000000000000e-01, 9.400000000000e-01, 1.789290303704e+01, 8.121803902136e-02
 1.000000000000e+00, 8.000000000000e-01, 1.010000000000e+00, 1.589104106314e+01, 8.377797182396e-02
 1.000000000000e+00, 8.000000000000e-01, 1.080000000000e+00, 1.521321020596e+01, 8.318921817399e-02
 1.000000000000e+00, 8.000000000000e-01, 1.150000000000e+00, 1.526092591536e+01, 7.892934440395e-02
 1.000000000000e+00, 8.000000000000e-01, 1.220000000000e+00, 1.559919231695e+01, 8.871129238108e-02
 1.000000000000e+00, 8.000000000000e-01, 1.290000000000e+00, 1.594676899920e+01, 9.098727144619e-02
 1.000000000000e+00, 8.000000000000e-01, 1.360000000000e+00, 1.597480504678e+01, 7.846056940387e-02
 1.000000000000e+00, 8.000000000000e-01, 1.430000000000e+00, 1.650689046974e+01, 9.710482277837e-02
 1.000000000000e+00, 8.700000000000e-01, 8.000000000000e-01, 2.780684535548e+01, 1.081006283718e-01
 1.000000000000e+00, 8.700000000000e-01, 8.700000000000e-01, 1.421841301890e+01, 5.040551876351e-02
 1.000000000000e+00, 8.700000000000e-01, 9.400000000000e-01, 8.839686380723e+00, 3.591238098833e-02
 1.000000000000e+00, 8.700000000000e-01, 1.010000000000e+00, 6.799291768648e+00, 3.370468112650e-02
 1.000000000000e+00, 8.700000000000e-01, 1.080000000000e+00, 6.158502381565e+00, 3.212432547613e-02
 1.000000000000e+00, 8.700000000000e-01, 1.150000000000e+00, 5.978326566029e+00, 3.082818281882e-02
 1.000000000000e+00, 8.700000000000e-01, 1.220000000000e+00, 6.172658824079e+00, 3.558684605288e-02
 1.000000000000e+00, 8.700000000000e-01, 1.290000000000e+00, 6.344027446699e+00, 3.155879382300e-02
 1.000000000000e+00, 8.700000000000e-01, 1.360000000000e+00, 6.490306987492e+00, 3.047710825561e-02
 1.000000000000e+00, 8.700000000000e-01, 1.430000000000e+00, 6.667862775788e+00, 3.136249321453e-02
 1.000000000000e+00, 9.400000000000e-01, 8.000000000000e-01, 2.386209020624e+01, 9.486719060169e-02
 1.000000000000e+00, 9.400000000000e-01, 8.700000000000e-01, 1.047413240955e+01, 3.807038211368e-02
 1.000000000000e+00, 9.400000000000e-01, 9.400000000000e-01, 5.246999863656e+00, 1.844960851572e-02
 1.000000000000e+00, 9.400000000000e-01, 1.010000000000e+00, 3.249806698244e+00, 1.319125969159e-02
 1.000000000000e+00, 9.400000000000e-01, 1.080000000000e+00, 2.569675928022e+00, 1.179007816993e-02
 1.000000000000e+00, 9.400000000000e-01, 1.150000000000e+00, 2.411107741838e+00, 1.166127197207e-02
 1.000000000000e+00, 9.400000000000e-01, 1.220000000000e+00, 2.519487511366e+00, 1.239462469933e-02
 1.000000000000e+00, 9.400000000000e-01, 1.290000000000e+00, 2.654013021733e+00, 1.205205080047e-02
 1.000000000000e+00, 9.400000000000e-01, 1.360000000000e+00, 2.808755324644e+00, 1.179641822053e-02
 1.000000000000e+00, 9.400000000000e-01, 1.430000000000e+00, 2.983592368431e+00, 1.225219506572e-02
 1.000000000000e+00, 1.010000000000e+00, 8.000000000000e-01, 2.218568405064e+01, 1.001437008577e-01
 1.000000000000e+00, 1.010000000000e+00, 8.700000000000e-01, 9.132917559587e+00, 3.813214666535e-02
 1.000000000000e+00, 1.010000000000e+00, 9.400000000000e-01, 3.920319575340e+00, 1.543617252252e-02
 1.000000000000e+00, 1.010000000000e+00, 1.010000000000e+00, 1.916999690830e+00, 6.863946907568e-03
 1.000000000000e+00, 1.010000000000e+00, 1.080000000000e+00, 1.208153373675e+00, 4.572593668631e-03
 1.000000000000e+00, 1.010000000000e+00, 1.150000000000e+00, 1.059444624360e+00, 4.494930853335e-03
 1.000000000000e+00, 1.010000000000e+00, 1.220000000000e+00, 1.126101982607e+00, 4.416764984746e-03
 1.000000000000e+00, 1.010000000000e+00, 1.290000000000e+00, 1.248093819991e+00, 4.420028445130e-03
 1.000000000000e+00, 1.010000000000e+00, 1.360000000000e+00, 1.395385656854e+00, 4.484553347947e-03
 1.000000000000e+00, 1.010000000000e+00, 1.430000000000e+00, 1.538483402449e+00, 4.652278548133e-03
 1.000000000000e+00, 1.080000000000e+00, 8.000000000000e-01, 2.107311979769e+01, 9.588600293825e-02
 1.000000000000e+00, 1.080000000000e+00, 8.700000000000e-01, 8.596672184579e+00, 4.017176282219e-02
 1.000000000000e+00, 1.080000000000e+00, 9.400000000000e-01, 3.429892562236e+00, 1.464533673454e-02
 1.000000000000e+00, 1.080000000000e+00, 1.010000000000e+00, 1.448372642680e+00, 5.585931476522e-03
 1.000000000000e+00, 1.080000000000e+00, 1.080000000000e+00, 7.413210897861e-01, 2.046807989496e-03
 1.000000000000e+00, 1.080000000000e+00, 1.150000000000e+00, 5.832308104172e-01, 1.434331654303e-03
 1.000000000000e+00, 1.080000000000e+00, 1.220000000000e+00, 6.336950954596e-01, 1.539269632746e-03
 1.000000000000e+00, 1.080000000000e+00, 1.290000000000e+00, 7.613605899248e-01, 1.738717519233e-03
 1.000000000000e+00, 1.080000000000e+00, 1.360000000000e+00, 9.077208660417e-01, 1.838298416913e-03
 1.000000000000e+00, 1.080000000000e+00, 1.430000000000e+00, 1.035761010210e+00, 1.841696998022e-03
 1.000000000000e+00, 1.150000000000e+00, 8.000000000000e-01, 2.068807929680e+01, 9.356862832305e-02
 1.000000000000e+00, 1.150000000000e+00, 8.700000000000e-01, 8.232165990038e+00, 3.992212321288e-02
 1.000000000000e+00, 1.150000000000e+00, 9.400000000000e-01, 3.284519659285e+00, 1.453783280842e-02
 1.000000000000e+00, 1.150000000000e+00, 1.010000000000e+00, 1.325363381426e+00, 5.392491025137e-03
 1.000000000000e+00, 1.150000000000e+00, 1.080000000000e+00, 6.378294390583e-01, 1.653800294036e-03
 1.000000000000e+00, 1.150000000000e+00, 1.150000000000e+00, 4.701748694618e-01, 6.983082355578e-04
 1.000000000000e+00, 1.150000000000e+00, 1.220000000000e+00, 5.194341347304e-01, 1.016080308573e-03
 1.000000000000e+00, 1.150000000000e+00, 1.290000000000e+00, 6.435481466720e-01, 1.195667789902e-03
 1.000000000000e+00, 1.150000000000e+00, 1.360000000000e+00, 7.843775108441e-01, 1.295545152672e-03
 1.000000000000e+00, 1.150000000000e+00, 1.430000000000e+00, 9.156082746648e-01, 1.349064155900e-03
 1.000000000000e+00, 1.220000000000e+00, 8.000000000000e-01, 2.026817900141e+01, 1.052433542311e-01
 1.000000000000e+00, 1.220000000000e+00, 8.700000000000e-01, 8.156081688208e+00, 3.781889368848e-02
 1.000000000000e+00, 1.220000000000e+00, 9.400000000000e-01, 3.246177038285e+00, 1.376155418831e-02
 1.000000000000e+00, 1.220000000000e+00, 1.010000000000e+00, 1.341040331613e+00, 5.161112219641e-03
 1.000000000000e+00, 1.220000000000e+00, 1.080000000000e+00, 6.674278209679e-01, 1.736336684609e-03
 1.000000000000e+00, 1.220000000000e+00, 1.150000000000e+00, 5.017933039376e-01, 9.145528357793e-04
 1.000000000000e+00, 1.220000000000e+00, 1.220000000000e+00, 5.506570680802e-01, 1.232453620769e-03
 1.000000000000e+00, 1.220000000000e+00, 1.290000000000e+00, 6.718763785267e-01, 1.395442863079e-03
 1.000000000000e+00, 1.220000000000e+00, 1.360000000000e+00, 8.122708497974e-01, 1.458921048581e-03
 1.000000000000e+00, 1.220000000000e+00, 1.430000000000e+00, 9.457191553167e-01, 1.527028563854e-03
 1.000000000000e+00, 1.290000000000e+00, 8.000000000000e-01, 1.936831029327e+01, 9.171980226360e-02
 1.000000000000e+00, 1.290000000000e+00, 8.700000000000e-01, 7.907553091334e+00, 3.572661619583e-02
 1.000000000000e+00, 1.290000000000e+00, 9.400000000000e-01, 3.283093726420e+00, 1.398298129696e-02
 1.000000000000e+00, 1.290000000000e+00, 1.010000000000e+00, 1.416647386098e+00, 5.302234217215e-03
 1.000000000000e+00, 1.290000000000e+00, 1.080000000000e+00, 7.503631959163e-01, 1.777489487516e-03
 1.000000000000e+00, 1.290000000000e+00, 1.150000000000e+00, 5.870547343791e-01, 1.049767531972e-03
 1.000000000000e+00, 1.290000000000e+00, 1.220000000000e+00, 6.338014783485e-01, 1.321889253354e-03
 1.000000000000e+00, 1.290000000000e+00, 1.290000000000e+00, 7.536734408605e-01, 1.553623659461e-03
 1.000000000000e+00, 1.290000000000e+00, 1.360000000000e+00, 8.941742560227e-01, 1.593114263447e-03
 1.000000000000e+00, 1.290000000000e+00, 1.430000000000e+00, 1.023247552881e+00, 1.613096151683e-03
 1.000000000000e+00, 1.360000000000e+00, 8.000000000000e-01, 1.859882786789e+01, 8.277375412310e-02
 1.000000000000e+00, 1.360000000000e+00, 8.700000000000e-01, 7.818251414408e+00, 3.464091141289e-02
 1.000000000000e+00, 1.360000000000e+00, 9.400000000000e-01, 3.286047688394e+00, 1.355528785357e-02
 1.000000000000e+00, 1.360000000000e+00, 1.010000000000e+00, 1.495589010874e+00, 5.135553088482e-03
 1.000000000000e+00, 1.360000000000e+00, 1.080000000000e+00, 8.396965405469e-01, 1.816423151447e-03
 1.000000000000e+00, 1.360000000000e+00, 1.150000000000e+00, 6.796868052933e-01, 1.145757109552e-03
 1.000000000000e+00, 1.360000000000e+00, 1.220000000000e+00, 7.254371683523e-01, 1.356446451960e-03
 1.000000000000e+00, 1.360000000000e+00, 1.290000000000e+00, 8.439635536612e-01, 1.557425355152e-03
 1.000000000000e+00, 1.360000000000e+00, 1.360000000000e+00, 9.873654331322e-01, 1.713947798056e-03
 1.000000000000e+00, 1.360000000000e+00, 1.430000000000e+00, 1.115415981474e+00, 1.732389486621e-03
 1.000000000000e+00, 1.430000000000e+00, 8.000000000000e-01, 1.807761883390e+01, 9.372753548287e-02
 1.000000000000e+00, 1.430000000000e+00, 8.700000000000e-01, 7.570308068758e+00, 3.428450996931e-02
 1.000000000000e+00, 1.430000000000e+00, 9.400000000000e-01, 3.288630085414e+00, 1.249759449055e-02
 1.000000000000e+00, 1.430000000000e+00, 1.010000000000e+00, 1.558184526034e+00, 5.134841411907e-03
 1.000000000000e+00, 1.430000000000e+00, 1.080000000000e+00, 9.261258100303e-01, 1.731232246640e-03
 1.000000000000e+00, 1.430000000000e+00, 1.150000000000e+00, 7.718671032158e-01, 1.165981695065e-03
 1.000000000000e+00, 1.430000000000e+00, 1.220000000000e+00, 8.169062065439e-01, 1.384912435391e-03
 1.000000000000e+00, 1.430000000000e+00, 1.290000000000e+00, 9.369988680051e-01, 1.598523875482e-03
 1.000000000000e+00, 1.430000000000e+00, 1.360000000000e+00, 1.075178077216e+00, 1.721654711248e-03
 1.000000000000e+00, 1.430000000000e+00, 1.430000000000e+00, 1.204164902500e+00, 1.784441040767e-03
 1.200000000000e+00, 8.000000000000e-01, 8.000000000000e-01, 2.871585826357e+01, 1.121439126853e-01
 1.200000000000e+00, 8.000000000000e-01, 8.700000000000e-01, 1.799651151079e+01, 7.680107148315e-02
 1.200000000000e+00, 8.000000000000e-01, 9.400000000000e-01, 1.393295482600e+01, 7.443469246681e-02
 1.200000000000e+00, 8.000000000000e-01, 1.010000000000e+00, 1.229822565788e+01, 6.979509252752e-02
 1.200000000000e+00, 8.000000000000e-01, 1.080000000000e+00, 1.180640413091e+01, 7.007076199455e-02
 1.200000000000e+00, 8.000000000000e-01, 1.150000000000e+00, 1.185771053350e+01, 7.484752962169e-02
 1.200000000000e+00, 8.000000000000e-01, 1.220000000000e+00, 1.196357801421e+01, 7.370900172898e-02
 1.200000000000e+00, 8.000000000000e-01, 1.290000000000e+00, 1.213131891087e+01, 7.913484832431e-02
 1.200000000000e+00, 8.000000000000e-01, 1.360000000000e+00, 1.241377067921e+01, 7.763735429701e-02
 1.200000000000e+00, 8.000000000000e-01, 1.430000000000e+00, 1.271557260890e+01, 7.940988101763e-02
 1.200000000000e+00, 8.700000000000e-01, 8.000000000000e-01, 2.164096738920e+01, 9.344333175798e-02
 1.200000000000e+00, 8.700000000000e-01, 8.700000000000e-01, 1.097465929528e+01, 4.270682520841e-02
 1.200000000000e+00, 8.700000000000e-01, 9.400000000000e-01, 6.728619798098e+00, 2.900606304106e-02
 1.200000000000e+00, 8.700000000000e-01, 1.010000000000e+00, 5.179945038157e+00, 2.627877990303e-02
 1.200000000000e+00, 8.700000000000e-01, 1.080000000000e+00, 4.696174962133e+00, 2.817770030811e-02
 1.200000000000e+00, 8.700000000000e-01, 1.150000000000e+00, 4.599344431260e+00, 2.720309011658e-02
 1.200000000000e+00, 8.700000000000e-01, 1.220000000000e+00, 4.664185328356e+00, 2.727959588351e-02
 1.200000000000e+00, 8.700000000000e-01, 1.290000000000e+00, 4.829009392651e+00, 2.641160371800e-02
 1.200000000000e+00, 8.700000000000e-01, 1.360000000000e+00, 5.036745583872e+00, 2.824831473407e-02
 1.200000000000e+00, 8.700000000000e-01, 1.430000000000e+00, 5.171298395511e+00, 2.860144870501e-02
 1.200000000000e+00, 9.400000000000e-01, 8.000000000000e-01, 1.861409297661e+01, 8.717789006914e-02
 1.200000000000e+00, 9.400000000000e-01, 8.700000000000e-01, 8.149460099173e+00, 3.560166356727e-02
 1.200000000000e+00, 9.400000000000e-01, 9.400000000000e-01, 4.017015936156e+00, 1.649674466127e-02
 1.200000000000e+00, 9.400000000000e-01, 1.010000000000e+00, 2.444330370494e+00, 1.137520052443e-02
 1.200000000000e+00, 9.400000000000e-01, 1.080000000000e+00, 1.901685198256e+00, 1.035515823989e-02
 1.200000000000e+00, 9.400000000000e-01, 1.150000000000e+00, 1.807585211107e+00, 1.017792082235e-02
 1.200000000000e+00, 9.400000000000e-01, 1.220000000000e+00, 1.891330617395e+00, 1.025648122784e-02
 1.200000000000e+00, 9.400000000000e-01, 1.290000000000e+00, 2.017878940551e+00, 1.080211099179e-02
 1.200000000000e+00, 9.400000000000e-01, 1.360000000000e+00, 2.146016639403e+00, 1.026566726484e-02
 1.200000000000e+00, 9.400000000000e-01, 1.430000000000e+00, 2.277652363184e+00, 1.030509884194e-02
 1.200000000000e+00, 1.010000000000e+00, 8.000000000000e-01, 1.727553083948e+01, 8.283575451919e-02
 1.200000000000e+00, 1.010000000000e+00, 8.700000000000e-01, 7.052476182397e+00, 3.356784257255e-02
 1.200000000000e+00, 1.010000000000e+00, 9.400000000000e-01, 2.947560973478e+00, 1.328728100432e-02
 1.200000000000e+00, 1.010000000000e+00, 1.010000000000e+00, 1.386952902642e+00, 5.813762657248e-03
 1.200000000000e+00, 1.010000000000e+00, 1.080000000000e+00, 8.716481698478e-01, 3.998498939328e-03
 1.200000000000e+00, 1.010000000000e+00, 1.150000000000e+00, 7.656138327473e-01, 3.712196099780e-03
 1.200000000000e+00, 1.010000000000e+00, 1.220000000000e+00, 8.272129471511e-01, 3.847994291346e-03
 1.200000000000e+00, 1.010000000000e+00, 1.290000000000e+00, 9.474091548915e-01, 3.873184249801e-03
 1.200000000000e+00, 1.010000000000e+00, 1.360000000000e+00, 1.078652276836e+00, 3.922083997808e-03
 1.200000000000e+00, 1.010000000000e+00, 1.430000000000e+00, 1.201667603920e+00, 4.069870022048e-03
 1.200000000000e+00, 1.080000000000e+00, 8.000000000000e-01, 1.656355949652e+01, 8.407547590855e-02
 1.200000000000e+00, 1.080000000000e+00, 8.700000000000e-01, 6.560364522265e+00, 3.314258082541e-02
 1.200000000000e+00, 1.080000000000e+00, 9.400000000000e-01, 2.563570365671e+00, 1.250042764711e-02
 1.200000000000e+00, 1.080000000000e+00, 1.010000000000e+00, 1.039716805128e+00, 4.486564324041e-03
 1.200000000000e+00, 1.080000000000e+00, 1.080000000000e+00, 5.172564532214e-01, 1.723197537186e-03
 1.200000000000e+00, 1.080000000000e+00, 1.150000000000e+00, 4.096795098679e-01, 1.076413112807e-03
 1.200000000000e+00, 1.080000000000e+00, 1.220000000000e+00, 4.701554473033e-01, 1.281338400446e-03
 1.200000000000e+00, 1.080000000000e+00, 1.290000000000e+00, 5.835861644559e-01, 1.408569603089e-03
 1.200000000000e+00, 1.080000000000e+00, 1.360000000000e+00, 7.109690716971e-01, 1.543107462309e-03
 1.200000000000e+00, 1.080000000000e+00, 1.430000000000e+00, 8.296853669583e-01, 1.571603649598e-03
 1.200000000000e+00, 1.150000000000e+00, 8.000000000000e-01, 1.632730722620e+01, 9.417182546939e-02
 1.200000000000e+00, 1.150000000000e+00, 8.700000000000e-01, 6.328460456575e+00, 3.099672842112e-02
 1.200000000000e+00, 1.150000000000e+00, 9.400000000000e-01, 2.458204172725e+00, 1.218352232888e-02
 1.200000000000e+00, 1.150000000000e+00, 1.010000000000e+00, 9.670100493029e-01, 4.622165822109e-03
 1.200000000000e+00, 1.150000000000e+00, 1.080000000000e+00, 4.452504514601e-01, 1.298438311257e-03
 1.200000000000e+00, 1.150000000000e+00, 1.150000000000e+00, 3.364571975865e-01, 5.273392913497e-04
 1.200000000000e+00, 1.150000000000e+00, 1.220000000000e+00, 3.949674516949e-01, 8.529897744770e-04
 1.200000000000e+00, 1.150000000000e+00, 1.290000000000e+00, 5.079672067144e-01, 1.011822920062e-03
 1.200000000000e+00, 1.150000000000e+00, 1.360000000000e+00, 6.321096817566e-01, 1.100153191060e-03
 1.200000000000e+00, 1.150000000000e+00, 1.430000000000e+00, 7.459878508475e-01, 1.154063034038e-03
 1.200000000000e+00, 1.220000000000e+00, 8.000000000000e-01, 1.576026027934e+01, 8.313416105612e-02
 1.200000000000e+00, 1.220000000000e+00, 8.700000000000e-01, 6.258771279231e+00, 3.239799966656e-02
 1.200000000000e+00, 1.220000000000e+00, 9.400000000000e-01, 2.488984253617e+00, 1.270915448174e-02
 1.200000000000e+00, 1.220000000000e+00, 1.010000000000e+00, 9.980456609747e-01, 4.490706630474e-03
 1.200000000000e+00, 1.220000000000e+00, 1.080000000000e+00, 4.837493347211e-01, 1.426150660735e-03
 1.200000000000e+00, 1.220000000000e+00, 1.150000000000e+00, 3.738408231490e-01, 7.413006144187e-04
 1.200000000000e+00, 1.220000000000e+00, 1.220000000000e+00, 4.316561262870e-01, 1.054659724923e-03
 1.200000000000e+00, 1.220000000000e+00, 1.290000000000e+00, 5.434363087100e-01, 1.206415084463e-03
 1.200000000000e+00, 1.220000000000e+00, 1.360000000000e+00, 6.658272696085e-01, 1.260518489429e-03
 1.200000000000e+00, 1.220000000000e+00, 1.430000000000e+00, 7.811530903875e-01, 1.242998526451e-03
 1.200000000000e+00, 1.290000000000e+00, 8.000000000000e-01, 1.545758284342e+01, 8.785640139738e-02
 1.200000000000e+00, 1.290000000000e+00, 8.700000000000e-01, 6.186620359804e+00, 3.119481007440e-02
 1.200000000000e+00, 1.290000000000e+00, 9.400000000000e-01, 2.526283820214e+00, 1.224617125411e-02
 1.200000000000e+00, 1.290000000000e+00, 1.010000000000e+00, 1.064338453340e+00, 4.776399392200e-03
 1.200000000000e+00, 1.290000000000e+00, 1.080000000000e+00, 5.584176304559e-01, 1.450081603683e-03
 1.200000000000e+00, 1.290000000000e+00, 1.150000000000e+00, 4.506632672704e-01, 8.706026235871e-04
 1.200000000000e+00, 1.290000000000e+00, 1.220000000000e+00, 5.043458784140e-01, 1.163172743829e-03
 1.200000000000e+00, 1.290000000000e+00, 1.290000000000e+00, 6.139773393178e-01, 1.392442794069e-03
 1.200000000000e+00, 1.290000000000e+00, 1.360000000000e+00, 7.389200606378e-01, 1.429145793162e-03
 1.200000000000e+00, 1.290000000000e+00, 1.430000000000e+00, 8.550241457974e-01, 1.404503484729e-03
 1.200000000000e+00, 1.360000000000e+00, 8.000000000000e-01, 1.478041913787e+01, 8.004049496717e-02
 1.200000000000e+00, 1.360000000000e+00, 8.700000000000e-01, 6.056417290173e+00, 3.190132458493e-02
 1.200000000000e+00, 1.360000000000e+00, 9.400000000000e-01, 2.545327391724e+00, 1.219862885040e-02
 1.200000000000e+00, 1.360000000000e+00, 1.010000000000e+00, 1.127962911934e+00, 4.341519948429e-03
 1.200000000000e+00, 1.360000000000e+00, 1.080000000000e+00, 6.444922177387e-01, 1.525893419102e-03
 1.200000000000e+00, 1.360000000000e+00, 1.150000000000e+00, 5.354642371918e-01, 9.474997384484e-04
 1.200000000000e+00, 1.360000000000e+00, 1.220000000000e+00, 5.864589232960e-01, 1.187628546974e-03
 1.200000000000e+00, 1.360000000000e+00, 1.290000000000e+00, 6.975539715797e-01, 1.419076184585e-03
 1.200000000000e+00, 1.360000000000e+00, 1.360000000000e+00, 8.186762517093e-01, 1.504807605246e-03
 1.200000000000e+00, 1.360000000000e+00, 1.430000000000e+00, 9.345062589180e-01, 1.464263750235e-03
 1.200000000000e+00, 1.430000000000e+00, 8.000000000000e-01, 1.423693106716e+01, 7.942667351316e-02
 1.200000000000e+00, 1.430000000000e+00, 8.700000000000e-01, 5.953638678202e+00, 3.084219288371e-02
 1.200000000000e+00, 1.430000000000e+00, 9.400000000000e-01, 2.552093642109e+00, 1.209021428205e-02
 1.200000000000e+00, 1.430000000000e+00, 1.010000000000e+00, 1.198536901172e+00, 4.543827680265e-03
 1.200000000000e+00, 1.430000000000e+00, 1.080000000000e+00, 7.161556416748e-01, 1.513144604916e-03
 1.200000000000e+00, 1.430000000000e+00, 1.150000000000e+00, 6.137790027948e-01, 9.808963318197e-04
 1.200000000000e+00, 1.430000000000e+00, 1.220000000000e+00, 6.655558976388e-01, 1.186129100601e-03
 1.200000000000e+00, 1.430000000000e+00, 1.290000000000e+00, 7.766701353912e-01, 1.383927015668e-03
 1.200000000000e+00, 1.430000000000e+00, 1.360000000000e+00, 8.955481397097e-01, 1.491062109921e-03
 1.200000000000e+00, 1.430000000000e+00, 1.430000000000e+00, 1.011495788838e+00, 1.523353934273e-03
 1.400000000000e+00, 8.000000000000e-01, 8.000000000000e-01, 2.329622040687e+01, 9.576600687939e-02
 1.400000000000e+00, 8.000000000000e-01, 8.700000000000e-01, 1.449204704963e+01, 7.090925652737e-02
 1.400000000000e+00, 8.000000000000e-01, 9.400000000000e-01, 1.114681485166e+01, 6.360531814731e-02
 1.400000000000e+00, 8.000000000000e-01, 1.010000000000e+00, 9.855671218481e+00, 6.500804347232e-02
 1.400000000000e+00, 8.000000000000e-01, 1.080000000000e+00, 9.581076723665e+00, 6.507630585751e-02
 1.400000000000e+00, 8.000000000000e-01, 1.150000000000e+00, 9.485311969327e+00, 6.200472991262e-02
 1.400000000000e+00, 8.000000000000e-01, 1.220000000000e+00, 9.576617440720e+00, 6.559247069295e-02
 1.400000000000e+00, 8.000000000000e-01, 1.290000000000e+00, 9.778583402443e+00, 6.569097206084e-02
 1.400000000000e+00, 8.000000000000e-01, 1.360000000000e+00, 9.945035476322e+00, 6.886163636295e-02
 1.400000000000e+00, 8.000000000000e-01, 1.430000000000e+00, 1.010532600712e+01, 6.821479461510e-02
 1.400000000000e+00, 8.700000000000e-01, 8.000000000000e-01, 1.743902618201e+01, 7.795072185364e-02
 1.400000000000e+00, 8.700000000000e-01, 8.700000000000e-01, 8.741730185603e+00, 3.688313448380e-02
 1.400000000000e+00, 8.700000000000e-01, 9.400000000000e-01, 5.432766939374e+00, 2.616438312431e-02
 1.400000000000e+00, 8.700000000000e-01, 1.010000000000e+00, 4.139490047294e+00, 2.420833925337e-02
 1.400000000000e+00, 8.700000000000e-01, 1.080000000000e+00, 3.756946061564e+00, 2.406195666644e-02
 1.400000000000e+00, 8.700000000000e-01, 1.150000000000e+00, 3.654766074545e+00, 2.376686251890e-02
 1.400000000000e+00, 8.700000000000e-01, 1.220000000000e+00, 3.722781203427e+00, 2.420463458472e-02
 1.400000000000e+00, 8.700000000000e-01, 1.290000000000e+00, 3.882903140407e+00, 2.566020604400e-02
 1.400000000000e+00, 8.700000000000e-01, 1.360000000000e+00, 3.977639918769e+00, 2.415075630514e-02
 1.400000000000e+00, 8.700000000000e-01, 1.430000000000e+00, 4.110945120864e+00, 2.346449855389e-02
 1.400000000000e+00, 9.400000000000e-01, 8.000000000000e-01, 1.508069182068e+01, 7.734053013574e-02
 1.400000000000e+00, 9.400000000000e-01, 8.700000000000e-01, 6.441126952209e+00, 2.942697979718e-02
 1.400000000000e+00, 9.400000000000e-01, 9.400000000000e-01, 3.165498675990e+00, 1.403587433041e-02
 1.400000000000e+00, 9.400000000000e-01, 1.010000000000e+00, 1.891774962300e+00, 9.409470665960e-03
 1.400000000000e+00, 9.400000000000e-01, 1.080000000000e+00, 1.493128383468e+00, 9.447712571652e-03
 1.400000000000e+00, 9.400000000000e-01, 1.150000000000e+00, 1.430790327478e+00, 9.128831063854e-03
 1.400000000000e+00, 9.400000000000e-01, 1.220000000000e+00, 1.520242799329e+00, 9.397199569705e-03
 1.400000000000e+00, 9.400000000000e-01, 1.290000000000e+00, 1.615617715807e+00, 9.342136526240e-03
 1.400000000000e+00, 9.400000000000e-01, 1.360000000000e+00, 1.751895295942e+00, 9.242031178039e-03
 1.400000000000e+00, 9.400000000000e-01, 1.430000000000e+00, 1.839510061154e+00, 8.904774160161e-03
 1.400000000000e+00, 1.010000000000e+00, 8.000000000000e-01, 1.404343048350e+01, 7.727505741192e-02
 1.400000000000e+00, 1.010000000000e+00, 8.700000000000e-01, 5.608364489855e+00, 2.809002202069e-02
 1.400000000000e+00, 1.010000000000e+00, 9.400000000000e-01, 2.295896289139e+00, 1.078813521426e-02
 1.400000000000e+00, 1.010000000000e+00, 1.010000000000e+00, 1.072387525596e+00, 5.030654747093e-03
 1.400000000000e+00, 1.010000000000e+00, 1.080000000000e+00, 6.633165624384e-01, 3.391705970476e-03
 1.400000000000e+00, 1.010000000000e+00, 1.150000000000e+00, 5.906707588802e-01, 3.276202853979e-03
 1.400000000000e+00, 1.010000000000e+00, 1.220000000000e+00, 6.525432467616e-01, 3.275948169006e-03
 1.400000000000e+00, 1.010000000000e+00, 1.290000000000e+00, 7.573669413355e-01, 3.273934633962e-03
 1.400000000000e+00, 1.010000000000e+00, 1.360000000000e+00, 8.813077801351e-01, 3.403573077340e-03
 1.400000000000e+00, 1.010000000000e+00, 1.430000000000e+00, 9.835489930002e-01, 3.458069899296e-03
 1.400000000000e+00, 1.080000000000e+00, 8.000000000000e-01, 1.359130377038e+01, 7.583319419600e-02
 1.400000000000e+00, 1.080000000000e+00, 8.700000000000e-01, 5.290593307808e+00, 2.882828555092e-02
 1.400000000000e+00, 1.080000000000e+00, 9.400000000000e-01, 2.039171280197e+00, 1.108013145684e-02
 1.400000000000e+00, 1.080000000000e+00, 1.010000000000e+00, 8.020084295253e-01, 4.011676915606e-03
 1.400000000000e+00, 1.080000000000e+00, 1.080000000000e+00, 3.873466786566e-01, 1.448739878423e-03
 1.400000000000e+00, 1.080000000000e+00, 1.150000000000e+00, 3.142583620355e-01, 9.434937638563e-04
 1.400000000000e+00, 1.080000000000e+00, 1.220000000000e+00, 3.731642071280e-01, 1.102195677839e-03
 1.400000000000e+00, 1.080000000000e+00, 1.290000000000e+00, 4.790960395948e-01, 1.228561480250e-03
 1.400000000000e+00, 1.080000000000e+00, 1.360000000000e+00, 5.875813134747e-01, 1.320827408781e-03
 1.400000000000e+00, 1.080000000000e+00, 1.430000000000e+00, 6.940903097421e-01, 1.336262856391e-03
 1.400000000000e+00, 1.150000000000e+00, 8.000000000000e-01, 1.311516151639e+01, 7.315455969287e-02
 1.400000000000e+00, 1.150000000000e+00, 8.700000000000e-01, 5.113112002569e+00, 2.857490675745e-02
 1.400000000000e+00, 1.150000000000e+00, 9.400000000000e-01, 1.974600185507e+00, 1.100454569146e-02
 1.400000000000e+00, 1.150000000000e+00, 1.010000000000e+00, 7.418714342027e-01, 3.917757350023e-03
 1.400000000000e+00, 1.150000000000e+00, 1.080000000000e+00, 3.366333790705e-01, 1.097877004910e-03
 1.400000000000e+00, 1.150000000000e+00, 1.150000000000e+00, 2.635569784828e-01, 4.192666644734e-04
 1.400000000000e+00, 1.150000000000e+00, 1.220000000000e+00, 3.206830167481e-01, 7.160787123030e-04
 1.400000000000e+00, 1.150000000000e+00, 1.290000000000e+00, 4.241072229370e-01, 9.077295495583e-04
 1.400000000000e+00, 1.150000000000e+00, 1.360000000000e+00, 5.371733228982e-01, 9.905322840347e-04
 1.400000000000e+00, 1.150000000000e+00, 1.430000000000e+00, 6.376468866631e-01, 9.801503633611e-04
 1.400000000000e+00, 1.220000000000e+00, 8.000000000000e-01, 1.268412636791e+01, 7.607096251151e-02
 1.400000000000e+00, 1.220000000000e+00, 8.700000000000e-01, 5.021739716234e+00, 2.721237923514e-02
 1.400000000000e+00, 1.220000000000e+00, 9.400000000000e-01, 1.973070131141e+00, 1.095954930655e-02
 1.400000000000e+00, 1.220000000000e+00, 1.010000000000e+00, 7.776818986172e-01, 3.957195129893e-03
 1.400000000000e+00, 1.220000000000e+00, 1.080000000000e+00, 3.780338663118e-01, 1.223057106734e-03
 1.400000000000e+00, 1.220000000000e+00, 1.150000000000e+00, 3.028497418042e-01, 6.290480429598e-04
 1.400000000000e+00, 1.220000000000e+00, 1.220000000000e+00, 3.616946778725e-01, 9.366293008588e-04
 1.400000000000e+00, 1.220000000000e+00, 1.290000000000e+00, 4.602597138834e-01, 1.074736648689e-03
 1.400000000000e+00, 1.220000000000e+00, 1.360000000000e+00, 5.690933998789e-01, 1.138647689024e-03
 1.400000000000e+00, 1.220000000000e+00, 1.430000000000e+00, 6.697706596614e-01, 1.145128094788e-03
 1.400000000000e+00, 1.290000000000e+00, 8.000000000000e-01, 1.237713478291e+01, 7.145656038734e-02
 1.400000000000e+00, 1.290000000000e+00, 8.700000000000e-01, 5.017093765205e+00, 2.908933368357e-02
 1.400000000000e+00, 1.290000000000e+00, 9.400000000000e-01, 1.998769971476e+00, 1.115198522096e-02
 1.400000000000e+00, 1.290000000000e+00, 1.010000000000e+00, 8.506034050636e-01, 4.104457118888e-03
 1.400000000000e+00, 1.290000000000e+00, 1.080000000000e+00, 4.449917918362e-01, 1.282984963708e-03
 1.400000000000e+00, 1.290000000000e+00, 1.150000000000e+00, 3.718400309524e-01, 7.588126152805e-04
 1.400000000000e+00, 1.290000000000e+00, 1.220000000000e+00, 4.262241616557e-01, 1.051944532810e-03
 1.400000000000e+00, 1.290000000000e+00, 1.290000000000e+00, 5.273600390869e-01, 1.212785751796e-03
 1.400000000000e+00, 1.290000000000e+00, 1.360000000000e+00, 6.343186938618e-01, 1.281821618742e-03
 1.400000000000e+00, 1.290000000000e+00, 1.430000000000e+00, 7.440294981029e-01, 1.234446950692e-03
 1.400000000000e+00, 1.360000000000e+00, 8.000000000000e-01, 1.204758419689e+01, 7.730327302709e-02
 1.400000000000e+00, 1.360000000000e+00, 8.700000000000e-01, 4.886176968808e+00, 2.657924635924e-02
 1.400000000000e+00, 1.360000000000e+00, 9.400000000000e-01, 2.042816032480e+00, 1.098647625087e-02
 1.400000000000e+00, 1.360000000000e+00, 1.010000000000e+00, 9.073884619553e-01, 4.022548563462e-03
 1.400000000000e+00, 1.360000000000e+00, 1.080000000000e+00, 5.216411737012e-01, 1.313300085756e-03
 1.400000000000e+00, 1.360000000000e+00, 1.150000000000e+00, 4.476458028423e-01, 8.031846381073e-04
 1.400000000000e+00, 1.360000000000e+00, 1.220000000000e+00, 5.024680290968e-01, 1.063185552704e-03
 1.400000000000e+00, 1.360000000000e+00, 1.290000000000e+00, 5.988801459725e-01, 1.237548971561e-03
 1.400000000000e+00, 1.360000000000e+00, 1.360000000000e+00, 7.095163490668e-01, 1.316166490202e-03
 1.400000000000e+00, 1.360000000000e+00, 1.430000000000e+00, 8.103920801181e-01, 1.311628972827e-03
 1.400000000000e+00, 1.430000000000e+00, 8.000000000000e-01, 1.181820538243e+01, 7.345394209251e-02
 1.400000000000e+00, 1.430000000000e+00, 8.700000000000e-01, 4.874122998368e+00, 2.759034224563e-02
 1.400000000000e+00, 1.430000000000e+00, 9.400000000000e-01, 2.065744605366e+00, 1.018485338159e-02
 1.400000000000e+00, 1.430000000000e+00, 1.010000000000e+00, 9.695578640463e-01, 3.903996645656e-03
 1.400000000000e+00, 1.430000000000e+00, 1.080000000000e+00, 5.910058922143e-01, 1.323825621693e-03
 1.400000000000e+00, 1.430000000000e+00, 1.150000000000e+00, 5.195071109633e-01, 8.188734216603e-04
 1.400000000000e+00, 1.430000000000e+00, 1.220000000000e+00, 5.717600517457e-01, 1.051359878889e-03
 1.400000000000e+00, 1.430000000000e+00, 1.290000000000e+00, 6.715233225862e-01, 1.217414620079e-03
 1.400000000000e+00, 1.430000000000e+00, 1.360000000000e+00, 7.774625026140e-01, 1.326933872818e-03
 1.400000000000e+00, 1.430000000000e+00, 1.430000000000e+00, 8.787465030024e-01, 1.332053063829e-03
 1.600000000000e+00, 8.000000000000e-01, 8.000000000000e-01, 1.940910519189e+01, 9.121999921339e-02
 1.600000000000e+00, 8.000000000000e-01, 8.700000000000e-01, 1.199267294611e+01, 6.030996120130e-02
 1.600000000000e+00, 8.000000000000e-01, 9.400000000000e-01, 9.082646698157e+00, 5.284113780383e-02
 1.600000000000e+00, 8.000000000000e-01, 1.010000000000e+00, 8.085277392762e+00, 5.646783793789e-02
 1.600000000000e+00, 8.000000000000e-01, 1.080000000000e+00, 7.949315643840e+00, 7.230606289979e-02
 1.600000000000e+00, 8.000000000000e-01, 1.150000000000e+00, 7.909772462819e+00, 6.045536719467e-02
 1.600000000000e+00, 8.000000000000e-01, 1.220000000000e+00, 7.963279365234e+00, 5.940309017807e-02
 1.600000000000e+00, 8.000000000000e-01, 1.290000000000e+00, 8.036151951516e+00, 5.929515299896e-02
 1.600000000000e+00, 8.000000000000e-01, 1.360000000000e+00, 8.197745946946e+00, 6.060906956437e-02
 1.600000000000e+00, 8.000000000000e-01, 1.430000000000e+00, 8.267594082845e+00, 5.821395489524e-02
 1.600000000000e+00, 8.700000000000e-01, 8.000000000000e-01, 1.449742630901e+01, 6.833338536652e-02
 1.600000000000e+00, 8.700000000000e-01, 8.700000000000e-01, 7.205208764041e+00, 3.316409590161e-02
 1.600000000000e+00, 8.700000000000e-01, 9.400000000000e-01, 4.406359502565e+00, 2.271552384358e-02
 1.600000000000e+00, 8.700000000000e-01, 1.010000000000e+00, 3.375752891003e+00, 2.110007367683e-02
 1.600000000000e+00, 8.700000000000e-01, 1.080000000000e+00, 3.077082567752e+00, 2.289060157942e-02
 1.600000000000e+00, 8.700000000000e-01, 1.150000000000e+00, 3.060245116564e+00, 2.188451582144e-02
 1.600000000000e+00, 8.700000000000e-01, 1.220000000000e+00, 3.120382195333e+00, 2.191456011829e-02
 1.600000000000e+00, 8.700000000000e-01, 1.290000000000e+00, 3.196176691662e+00, 2.216923640328e-02
 1.600000000000e+00, 8.700000000000e-01, 1.360000000000e+00, 3.313928644292e+00, 2.118469186836e-02
 1.600000000000e+00, 8.700000000000e-01, 1.430000000000e+00, 3.431944068758e+00, 2.221532180318e-02
 1.600000000000e+00, 9.400000000000e-01, 8.000000000000e-01, 1.252826051874e+01, 6.768381322628e-02
 1.600000000000e+00, 9.400000000000e-01, 8.700000000000e-01, 5.378630255545e+00, 2.665925590101e-02
 1.600000000000e+00, 9.400000000000e-01, 9.400000000000e-01, 2.563283247937e+00, 1.227129231635e-02
 1.600000000000e+00, 9.400000000000e-01, 1.010000000000e+00, 1.551118336689e+00, 8.532804168802e-03
 1.600000000000e+00, 9.400000000000e-01, 1.080000000000e+00, 1.240863148878e+00, 8.367249433569e-03
 1.600000000000e+00, 9.400000000000e-01, 1.150000000000e+00, 1.168811666445e+00, 7.696283366382e-03
 1.600000000000e+00, 9.400000000000e-01, 1.220000000000e+00, 1.235201639406e+00, 8.107238017097e-03
 1.600000000000e+00, 9.400000000000e-01, 1.290000000000e+00, 1.338030781103e+00, 7.951457137668e-03
 1.600000000000e+00, 9.400000000000e-01, 1.360000000000e+00, 1.442287238455e+00, 8.359736250306e-03
 1.600000000000e+00, 9.400000000000e-01, 1.430000000000e+00, 1.549070902863e+00, 8.918937913939e-03
 1.600000000000e+00, 1.010000000000e+00, 8.000000000000e-01, 1.161616081377e+01, 6.455126126483e-02
 1.600000000000e+00, 1.010000000000e+00, 8.700000000000e-01, 4.630089879497e+00, 2.630461877289e-02
 1.600000000000e+00, 1.010000000000e+00, 9.400000000000e-01, 1.889981412450e+00, 9.930351335348e-03
 1.600000000000e+00, 1.010000000000e+00, 1.010000000000e+00, 8.632479662248e-01, 4.616985991470e-03
 1.600000000000e+00, 1.010000000000e+00, 1.080000000000e+00, 5.314221839400e-01, 2.940170013672e-03
 1.600000000000e+00, 1.010000000000e+00, 1.150000000000e+00, 4.828464294178e-01, 2.948645944310e-03
 1.600000000000e+00, 1.010000000000e+00, 1.220000000000e+00, 5.424984314556e-01, 2.990269872863e-03
 1.600000000000e+00, 1.010000000000e+00, 1.290000000000e+00, 6.422534765453e-01, 3.014674624270e-03
 1.600000000000e+00, 1.010000000000e+00, 1.360000000000e+00, 7.415649436341e-01, 2.967884208868e-03
 1.600000000000e+00, 1.010000000000e+00, 1.430000000000e+00, 8.371828665005e-01, 3.196080471469e-03
 1.600000000000e+00, 1.080000000000e+00, 8.000000000000e-01, 1.117662119772e+01, 6.764609535340e-02
 1.600000000000e+00, 1.080000000000e+00, 8.700000000000e-01, 4.346292603489e+00, 2.554751598120e-02
 1.600000000000e+00, 1.080000000000e+00, 9.400000000000e-01, 1.657790945569e+00, 9.940109292810e-03
 1.600000000000e+00, 1.080000000000e+00, 1.010000000000e+00, 6.416110433844e-01, 3.553108038871e-03
 1.600000000000e+00, 1.080000000000e+00, 1.080000000000e+00, 3.078510028284e-01, 1.237687182517e-03
 1.600000000000e+00, 1.080000000000e+00, 1.150000000000e+00, 2.553032287193e-01, 7.701738454196e-04
 1.600000000000e+00, 1.080000000000e+00, 1.220000000000e+00, 3.162077507483e-01, 9.703100548733e-04
 1.600000000000e+00, 1.080000000000e+00, 1.290000000000e+00, 4.132554333224e-01, 1.094196756322e-03
 1.600000000000e+00, 1.080000000000e+00, 1.360000000000e+00, 5.130143778827e-01, 1.143664413400e-03
 1.600000000000e+00, 1.080000000000e+00, 1.430000000000e+00, 6.056998274349e-01, 1.153740560902e-03
 1.600000000000e+00, 1.150000000000e+00, 8.000000000000e-01, 1.089603763789e+01, 6.926032688410e-02
 1.600000000000e+00, 1.150000000000e+00, 8.700000000000e-01, 4.261463729129e+00, 2.568081306112e-02
 1.600000000000e+00, 1.150000000000e+00, 9.400000000000e-01, 1.619790359859e+00, 9.906924899004e-03
 1.600000000000e+00, 1.150000000000e+00, 1.010000000000e+00, 6.009847278646e-01, 3.478116044613e-03
 1.600000000000e+00, 1.150000000000e+00, 1.080000000000e+00, 2.718185639727e-01, 9.217645454438e-04
 1.600000000000e+00, 1.150000000000e+00, 1.150000000000e+00, 2.218168463377e-01, 3.540218774280e-04
 1.600000000000e+00, 1.150000000000e+00, 1.220000000000e+00, 2.795877049780e-01, 6.429027791642e-04
 1.600000000000e+00, 1.150000000000e+00, 1.290000000000e+00, 3.736627685811e-01, 7.976513302537e-04
 1.600000000000e+00, 1.150000000000e+00, 1.360000000000e+00, 4.718656630572e-01, 8.690932784820e-04
 1.600000000000e+00, 1.150000000000e+00, 1.430000000000e+00, 5.661814194333e-01, 8.856013521375e-04
 1.600000000000e+00, 1.220000000000e+00, 8.000000000000e-01, 1.053302873364e+01, 6.606511264159e-02
 1.600000000000e+00, 1.220000000000e+00, 8.700000000000e-01, 4.190542585154e+00, 2.538363561379e-02
 1.600000000000e+00, 1.220000000000e+00, 9.400000000000e-01, 1.627576166536e+00, 9.518346121948e-03
 1.600000000000e+00, 1.220000000000e+00, 1.010000000000e+00, 6.374451206728e-01, 3.473223508379e-03
 1.600000000000e+00, 1.220000000000e+00, 1.080000000000e+00, 3.133399119032e-01, 1.050225157311e-03
 1.600000000000e+00, 1.220000000000e+00, 1.150000000000e+00, 2.613812431870e-01, 5.515893121127e-04
 1.600000000000e+00, 1.220000000000e+00, 1.220000000000e+00, 3.153746086235e-01, 8.789792902708e-04
 1.600000000000e+00, 1.220000000000e+00, 1.290000000000e+00, 4.093386010687e-01, 9.752423031596e-04
 1.600000000000e+00, 1.220000000000e+00, 1.360000000000e+00, 5.103928767870e-01, 9.967973460612e-04
 1.600000000000e+00, 1.220000000000e+00, 1.430000000000e+00, 6.000796183082e-01, 1.012853447554e-03
 1.600000000000e+00, 1.290000000000e+00, 8.000000000000e-01, 1.038428986979e+01, 6.120958177268e-02
 1.600000000000e+00, 1.290000000000e+00, 8.700000000000e-01, 4.200278355736e+00, 2.542178295615e-02
 1.600000000000e+00, 1.290000000000e+00, 9.400000000000e-01, 1.671971546055e+00, 9.566284076161e-03
 1.600000000000e+00, 1.290000000000e+00, 1.010000000000e+00, 7.055864460940e-01, 3.650568046322e-03
 1.600000000000e+00, 1.290000000000e+00, 1.080000000000e+00, 3.762045802509e-01, 1.117010828200e-03
 1.600000000000e+00, 1.290000000000e+00, 1.150000000000e+00, 3.234702655949e-01, 6.725901268786e-04
 1.600000000000e+00, 1.290000000000e+00, 1.220000000000e+00, 3.782313935236e-01, 9.638131853627e-04
 1.600000000000e+00, 1.290000000000e+00, 1.290000000000e+00, 4.704101962424e-01, 1.119856369991e-03
 1.600000000000e+00, 1.290000000000e+00, 1.360000000000e+00, 5.689634063141e-01, 1.141423346608e-03
 1.600000000000e+00, 1.290000000000e+00, 1.430000000000e+00, 6.589660225839e-01, 1.149796452096e-03
 1.600000000000e+00, 1.360000000000e+00, 8.000000000000e-01, 1.014435054302e+01, 6.399368783682e-02
 1.600000000000e+00, 1.360000000000e+00, 8.700000000000e-01, 4.175699349130e+00, 2.496931181141e-02
 1.600000000000e+00, 1.360000000000e+00, 9.400000000000e-01, 1.699795250083e+00, 9.516950958340e-03
 1.600000000000e+00, 1.360000000000e+00, 1.010000000000e+00, 7.612207461904e-01, 3.641200018483e-03
 1.600000000000e+00, 1.360000000000e+00, 1.080000000000e+00, 4.460243235522e-01, 1.131363339263e-03
 1.600000000000e+00, 1.360000000000e+00, 1.150000000000e+00, 3.924308131002e-01, 7.121753927899e-04
 1.600000000000e+00, 1.360000000000e+00, 1.220000000000e+00, 4.450664417218e-01, 9.485300057394e-04
 1.600000000000e+00, 1.360000000000e+00, 1.290000000000e+00, 5.367352152486e-01, 1.108841136561e-03
 1.600000000000e+00, 1.360000000000e+00, 1.360000000000e+00, 6.331720961726e-01, 1.187343941532e-03
 1.600000000000e+00, 1.360000000000e+00, 1.430000000000e+00, 7.258308882348e-01, 1.206496254283e-03
 1.600000000000e+00, 1.430000000000e+00, 8.000000000000e-01, 9.916999688829e+00, 6.126587831925e-02
 1.600000000000e+00, 1.430000000000e+00, 8.700000000000e-01, 4.044463044057e+00, 2.330413506555e-02
 1.600000000000e+00, 1.430000000000e+00, 9.400000000000e-01, 1.719601372214e+00, 9.145410016617e-03
 1.600000000000e+00, 1.430000000000e+00, 1.010000000000e+00, 8.167305838576e-01, 3.591724015355e-03
 1.600000000000e+00, 1.430000000000e+00, 1.080000000000e+00, 5.083415384232e-01, 1.209088622446e-03
 1.600000000000e+00, 1.430000000000e+00, 1.150000000000e+00, 4.546477392552e-01, 7.493485538645e-04
 1.600000000000e+00, 1.430000000000e+00, 1.220000000000e+00, 5.079915032557e-01, 9.752390974579e-04
 1.600000000000e+00, 1.430000000000e+00, 1.290000000000e+00, 5.982696333565e-01, 1.099172505065e-03
 1.600000000000e+00, 1.430000000000e+00, 1.360000000000e+00, 6.956796724507e-01, 1.176506661416e-03
 1.600000000000e+00, 1.430000000000e+00, 1.430000000000e+00, 7.840035963926e-01, 1.225902444781e-03
 1.800000000000e+00, 8.000000000000e-01, 8.000000000000e-01, 1.654502392547e+01, 7.939871065530e-02
 1.800000000000e+00, 8.000000000000e-01, 8.700000000000e-01, 1.016290943661e+01, 5.292346400297e-02
 1.800000000000e+00, 8.000000000000e-01, 9.400000000000e-01, 7.815349563793e+00, 5.007576225570e-02
 1.800000000000e+00, 8.000000000000e-01, 1.010000000000e+00, 6.944837324165e+00, 5.089047950915e-02
 1.800000000000e+00, 8.000000000000e-01, 1.080000000000e+00, 6.610969853932e+00, 4.918129171175e-02
 1.800000000000e+00, 8.000000000000e-01, 1.150000000000e+00, 6.678957157532e+00, 5.153843629145e-02
 1.800000000000e+00, 8.000000000000e-01, 1.220000000000e+00, 6.750397673139e+00, 5.122027186804e-02
 1.800000000000e+00, 8.000000000000e-01, 1.290000000000e+00, 6.886650220773e+00, 5.138627281691e-02
 1.800000000000e+00, 8.000000000000e-01, 1.360000000000e+00, 6.896408036813e+00, 5.284964589357e-02
 1.800000000000e+00, 8.000000000000e-01, 1.430000000000e+00, 7.073638832454e+00, 5.453929342628e-02
 1.800000000000e+00, 8.700000000000e-01, 8.000000000000e-01, 1.228328096148e+01, 6.420097924079e-02
 1.800000000000e+00, 8.700000000000e-01, 8.700000000000e-01, 6.112112861645e+00, 2.983518643228e-02
 1.800000000000e+00, 8.700000000000e-01, 9.400000000000e-01, 3.727364881494e+00, 2.056728241323e-02
 1.800000000000e+00, 8.700000000000e-01, 1.010000000000e+00, 2.867687170255e+00, 1.841465246410e-02
 1.800000000000e+00, 8.700000000000e-01, 1.080000000000e+00, 2.597198822971e+00, 2.017146861531e-02
 1.800000000000e+00, 8.700000000000e-01, 1.150000000000e+00, 2.558002528733e+00, 1.849790703821e-02
 1.800000000000e+00, 8.700000000000e-01, 1.220000000000e+00, 2.623232289658e+00, 1.873162230923e-02
 1.800000000000e+00, 8.700000000000e-01, 1.290000000000e+00, 2.722759548318e+00, 1.953004932557e-02
 1.800000000000e+00, 8.700000000000e-01, 1.360000000000e+00, 2.828857152235e+00, 1.959516770976e-02
 1.800000000000e+00, 8.700000000000e-01, 1.430000000000e+00, 2.910291576223e+00, 1.957198296434e-02
 1.800000000000e+00, 9.400000000000e-01, 8.000000000000e-01, 1.055562735057e+01, 5.971812589942e-02
 1.800000000000e+00, 9.400000000000e-01, 8.700000000000e-01, 4.526337129135e+00, 2.332085477096e-02
 1.800000000000e+00, 9.400000000000e-01, 9.400000000000e-01, 2.171160918767e+00, 1.117198964853e-02
 1.800000000000e+00, 9.400000000000e-01, 1.010000000000e+00, 1.307684727381e+00, 8.031302327222e-03
 1.800000000000e+00, 9.400000000000e-01, 1.080000000000e+00, 1.038649548928e+00, 7.520094068270e-03
 1.800000000000e+00, 9.400000000000e-01, 1.150000000000e+00, 9.882555255558e-01, 7.121962114412e-03
 1.800000000000e+00, 9.400000000000e-01, 1.220000000000e+00, 1.046060038732e+00, 7.290948867748e-03
 1.800000000000e+00, 9.400000000000e-01, 1.290000000000e+00, 1.147722733245e+00, 7.720484171706e-03
 1.800000000000e+00, 9.400000000000e-01, 1.360000000000e+00, 1.241936228549e+00, 7.469875480703e-03
 1.800000000000e+00, 9.400000000000e-01, 1.430000000000e+00, 1.326124896930e+00, 7.441716020234e-03
 1.800000000000e+00, 1.010000000000e+00, 8.000000000000e-01, 9.817347602707e+00, 6.119258060415e-02
 1.800000000000e+00, 1.010000000000e+00, 8.700000000000e-01, 3.884860208507e+00, 2.269728943498e-02
 1.800000000000e+00, 1.010000000000e+00, 9.400000000000e-01, 1.594926522772e+00, 9.074663291210e-03
 1.800000000000e+00, 1.010000000000e+00, 1.010000000000e+00, 7.194001951706e-01, 3.979200371841e-03
 1.800000000000e+00, 1.010000000000e+00, 1.080000000000e+00, 4.462598758381e-01, 2.740081177082e-03
 1.800000000000e+00, 1.010000000000e+00, 1.150000000000e+00, 4.091794394379e-01, 2.569204256654e-03
 1.800000000000e+00, 1.010000000000e+00, 1.220000000000e+00, 4.664341415023e-01, 2.596175865920e-03
 1.800000000000e+00, 1.010000000000e+00, 1.290000000000e+00, 5.581166933257e-01, 2.673923091262e-03
 1.800000000000e+00, 1.010000000000e+00, 1.360000000000e+00, 6.501131044256e-01, 2.761772371343e-03
 1.800000000000e+00, 1.010000000000e+00, 1.430000000000e+00, 7.335319691510e-01, 2.753199646207e-03
 1.800000000000e+00, 1.080000000000e+00, 8.000000000000e-01, 9.531633122077e+00, 5.987984341244e-02
 1.800000000000e+00, 1.080000000000e+00, 8.700000000000e-01, 3.663526486326e+00, 2.226044438119e-02
 1.800000000000e+00, 1.080000000000e+00, 9.400000000000e-01, 1.402369924765e+00, 8.767498398412e-03
 1.800000000000e+00, 1.080000000000e+00, 1.010000000000e+00, 5.323945283662e-01, 3.217627331978e-03
 1.800000000000e+00, 1.080000000000e+00, 1.080000000000e+00, 2.589510196217e-01, 1.054471614397e-03
 1.800000000000e+00, 1.080000000000e+00, 1.150000000000e+00, 2.239758317577e-01, 6.935506881480e-04
 1.800000000000e+00, 1.080000000000e+00, 1.220000000000e+00, 2.800787442659e-01, 8.517989182326e-04
 1.800000000000e+00, 1.080000000000e+00, 1.290000000000e+00, 3.687484312490e-01, 1.001620614100e-03
 1.800000000000e+00, 1.080000000000e+00, 1.360000000000e+00, 4.576958349045e-01, 1.038615155634e-03
 1.800000000000e+00, 1.080000000000e+00, 1.430000000000e+00, 5.432865165634e-01, 9.841369881474e-04
 1.800000000000e+00, 1.150000000000e+00, 8.000000000000e-01, 9.306546226721e+00, 5.817317148727e-02
 1.800000000000e+00, 1.150000000000e+00, 8.700000000000e-01, 3.555114010329e+00, 2.236066246408e-02
 1.800000000000e+00, 1.150000000000e+00, 9.400000000000e-01, 1.351641364456e+00, 8.606384943053e-03
 1.800000000000e+00, 1.150000000000e+00, 1.010000000000e+00, 5.091476446341e-01, 3.047599277697e-03
 1.800000000000e+00, 1.150000000000e+00, 1.080000000000e+00, 2.351681735456e-01, 8.292693761203e-04
 1.800000000000e+00, 1.150000000000e+00, 1.150000000000e+00, 1.991108046491e-01, 3.050539507899e-04
 1.800000000000e+00, 1.150000000000e+00, 1.220000000000e+00, 2.538130616191e-01, 6.020673339427e-04
 1.800000000000e+00, 1.150000000000e+00, 1.290000000000e+00, 3.399028936808e-01, 7.225860045925e-04
 1.800000000000e+00, 1.150000000000e+00, 1.360000000000e+00, 4.306996784512e-01, 7.752360672392e-04
 1.800000000000e+00, 1.150000000000e+00, 1.430000000000e+00, 5.164335986604e-01, 7.987662634912e-04
 1.800000000000e+00, 1.220000000000e+00, 8.000000000000e-01, 9.121554435657e+00, 5.913112842709e-02
 1.800000000000e+00, 1.220000000000e+00, 8.700000000000e-01, 3.561880646201e+00, 2.229060668978e-02
 1.800000000000e+00, 1.220000000000e+00, 9.400000000000e-01, 1.371361893972e+00, 9.178712217155e-03
 1.800000000000e+00, 1.220000000000e+00, 1.010000000000e+00, 5.390670523392e-01, 2.766753073649e-03
 1.800000000000e+00, 1.220000000000e+00, 1.080000000000e+00, 2.743754722362e-01, 9.204563728559e-04
 1.800000000000e+00, 1.220000000000e+00, 1.150000000000e+00, 2.362383486942e-01, 4.881044759942e-04
 1.800000000000e+00, 1.220000000000e+00, 1.220000000000e+00, 2.925910650867e-01, 7.502444949216e-04
 1.800000000000e+00, 1.220000000000e+00, 1.290000000000e+00, 3.754112634428e-01, 9.014119582916e-04
 1.800000000000e+00, 1.220000000000e+00, 1.360000000000e+00, 4.648271020408e-01, 9.284032895514e-04
 1.800000000000e+00, 1.220000000000e+00, 1.430000000000e+00, 5.480363232629e-01, 9.292450699286e-04
 1.800000000000e+00, 1.290000000000e+00, 8.000000000000e-01, 8.881580365470e+00, 5.789224927203e-02
 1.800000000000e+00, 1.290000000000e+00, 8.700000000000e-01, 3.544230880818e+00, 2.167672508412e-02
 1.800000000000e+00, 1.290000000000e+00, 9.400000000000e-01, 1.411431496960e+00, 8.570616214238e-03
 1.800000000000e+00, 1.290000000000e+00, 1.010000000000e+00, 5.993745151348e-01, 3.153305823215e-03
 1.800000000000e+00, 1.290000000000e+00, 1.080000000000e+00, 3.324017755645e-01, 1.021695496721e-03
 1.800000000000e+00, 1.290000000000e+00, 1.150000000000e+00, 2.936101041130e-01, 6.279273187257e-04
 1.800000000000e+00, 1.290000000000e+00, 1.220000000000e+00, 3.476951297562e-01, 8.405207588662e-04
 1.800000000000e+00, 1.290000000000e+00, 1.290000000000e+00, 4.335531956070e-01, 9.747850636473e-04
 1.800000000000e+00, 1.290000000000e+00, 1.360000000000e+00, 5.205457416037e-01, 1.027489849828e-03
 1.800000000000e+00, 1.290000000000e+00, 1.430000000000e+00, 6.034053727499e-01, 1.028257663148e-03
 1.800000000000e+00, 1.360000000000e+00, 8.000000000000e-01, 8.927349079514e+00, 5.963641768063e-02
 1.800000000000e+00, 1.360000000000e+00, 8.700000000000e-01, 3.504744977082e+00, 2.123521685888e-02
 1.800000000000e+00, 1.360000000000e+00, 9.400000000000e-01, 1.448999194482e+00, 8.272345238449e-03
 1.800000000000e+00, 1.360000000000e+00, 1.010000000000e+00, 6.622238810007e-01, 3.188201122530e-03
 1.800000000000e+00, 1.360000000000e+00, 1.080000000000e+00, 3.933354107272e-01, 1.033710395698e-03
 1.800000000000e+00, 1.360000000000e+00, 1.150000000000e+00, 3.546501645445e-01, 6.534803171510e-04
 1.800000000000e+00, 1.360000000000e+00, 1.220000000000e+00, 4.087944148049e-01, 8.614783731328e-04
 1.800000000000e+00, 1.360000000000e+00, 1.290000000000e+00, 4.930506592054e-01, 1.008706956559e-03
 1.800000000000e+00, 1.360000000000e+00, 1.360000000000e+00, 5.793110555841e-01, 1.059563014302e-03
 1.800000000000e+00, 1.360000000000e+00, 1.430000000000e+00, 6.612436400540e-01, 1.094510400031e-03
 1.800000000000e+00, 1.430000000000e+00, 8.000000000000e-01, 8.614912308555e+00, 5.555102583414e-02
 1.800000000000e+00, 1.430000000000e+00, 8.700000000000e-01, 3.507307115538e+00, 2.177984059454e-02
 1.800000000000e+00, 1.430000000000e+00, 9.400000000000e-01, 1.494681312641e+00, 8.441135124574e-03
 1.800000000000e+00, 1.430000000000e+00, 1.010000000000e+00, 7.099409911896e-01, 3.149145946057e-03
 1.800000000000e+00, 1.430000000000e+00, 1.080000000000e+00, 4.516276892265e-01, 1.025474907281e-03
 1.800000000000e+00, 1.430000000000e+00, 1.150000000000e+00, 4.128002616889e-01, 6.736024168731e-04
 1.800000000000e+00, 1.430000000000e+00, 1.220000000000e+00, 4.662496464741e-01, 8.699536316677e-04
 1.800000000000e+00, 1.430000000000e+00, 1.290000000000e+00, 5.463286547858e-01, 1.003201869863e-03
 1.800000000000e+00, 1.430000000000e+00, 1.360000000000e+00, 6.348635594684e-01, 1.090025327258e-03
 1.800000000000e+00, 1.430000000000e+00, 1.430000000000e+00, 7.161336197909e-01, 1.132921997345e-03
 2.000000000000e+00, 8.000000000000e-01, 8.000000000000e-01, 1.411380422308e+01, 6.751148390212e-02
 2.000000000000e+00, 8.000000000000e-01, 8.700000000000e-01, 8.759425641003e+00, 4.929460100657e-02
 2.000000000000e+00, 8.000000000000e-01, 9.400000000000e-01, 6.711233565512e+00, 4.383919631471e-02
 2.000000000000e+00, 8.000000000000e-01, 1.010000000000e+00, 5.951416520081e+00, 4.411637347224e-02
 2.000000000000e+00, 8.000000000000e-01, 1.080000000000e+00, 5.673141258584e+00, 4.715706515199e-02
 2.000000000000e+00, 8.000000000000e-01, 1.150000000000e+00, 5.685117698550e+00, 4.488909068103e-02
 2.000000000000e+00, 8.000000000000e-01, 1.220000000000e+00, 5.763103397268e+00, 4.663486744886e-02
 2.000000000000e+00, 8.000000000000e-01, 1.290000000000e+00, 5.891282477763e+00, 4.728563033920e-02
 2.000000000000e+00, 8.000000000000e-01, 1.360000000000e+00, 6.039204253075e+00, 4.978843985602e-02
 2.000000000000e+00, 8.000000000000e-01, 1.430000000000e+00, 6.116296315491e+00, 4.740746258088e-02
 2.000000000000e+00, 8.700000000000e-01, 8.000000000000e-01, 1.053020353288e+01, 5.706910093034e-02
 2.000000000000e+00, 8.700000000000e-01, 8.700000000000e-01, 5.235011485620e+00, 2.623658012356e-02
 2.000000000000e+00, 8.700000000000e-01, 9.400000000000e-01, 3.193986399021e+00, 1.802274495907e-02
 2.000000000000e+00, 8.700000000000e-01, 1.010000000000e+00, 2.445754518935e+00, 1.694699041093e-02
 2.000000000000e+00, 8.700000000000e-01, 1.080000000000e+00, 2.218594680528e+00, 1.722347846235e-02
 2.000000000000e+00, 8.700000000000e-01, 1.150000000000e+00, 2.232737283961e+00, 1.849361029661e-02
 2.000000000000e+00, 8.700000000000e-01, 1.220000000000e+00, 2.238686111309e+00, 1.675818397607e-02
 2.000000000000e+00, 8.700000000000e-01, 1.290000000000e+00, 2.320017673201e+00, 1.750896043403e-02
 2.000000000000e+00, 8.700000000000e-01, 1.360000000000e+00, 2.425360241979e+00, 1.750288030452e-02
 2.000000000000e+00, 8.700000000000e-01, 1.430000000000e+00, 2.550300021009e+00, 1.831116787391e-02
 2.000000000000e+00, 9.400000000000e-01, 8.000000000000e-01, 9.142365714839e+00, 5.561623225244e-02
 2.000000000000e+00, 9.400000000000e-01, 8.700000000000e-01, 3.884303311528e+00, 2.137617950312e-02
 2.000000000000e+00, 9.400000000000e-01, 9.400000000000e-01, 1.876986469958e+00, 1.006406662903e-02
 2.000000000000e+00, 9.400000000000e-01, 1.010000000000e+00, 1.119535221945e+00, 6.910231830395e-03
 2.000000000000e+00, 9.400000000000e-01, 1.080000000000e+00, 8.916561655619e-01, 6.940003676248e-03
 2.000000000000e+00, 9.400000000000e-01, 1.150000000000e+00, 8.720403308472e-01, 6.792819435661e-03
 2.000000000000e+00, 9.400000000000e-01, 1.220000000000e+00, 9.188527993000e-01, 6.554135190372e-03
 2.000000000000e+00, 9.400000000000e-01, 1.290000000000e+00, 9.959154457425e-01, 6.486236909082e-03
 2.000000000000e+00, 9.400000000000e-01, 1.360000000000e+00, 1.091773210553e+00, 6.560029495767e-03
 2.000000000000e+00, 9.400000000000e-01, 1.430000000000e+00, 1.167915005068e+00, 6.869856418066e-03
 2.000000000000e+00, 1.010000000000e+00, 8.000000000000e-01, 8.545613446573e+00, 5.500138435886e-02
 2.000000000000e+00, 1.010000000000e+00, 8.700000000000e-01, 3.357753348817e+00, 2.013733310677e-02
 2.000000000000e+00, 1.010000000000e+00, 9.400000000000e-01, 1.364221792844e+00, 8.022123459020e-03
 2.000000000000e+00, 1.010000000000e+00, 1.010000000000e+00, 6.175225810266e-01, 3.660739953592e-03
 2.000000000000e+00, 1.010000000000e+00, 1.080000000000e+00, 3.863310873340e-01, 2.410985443785e-03
 2.000000000000e+00, 1.010000000000e+00, 1.150000000000e+00, 3.600545336968e-01, 2.299824030274e-03
 2.000000000000e+00, 1.010000000000e+00, 1.220000000000e+00, 4.182251528302e-01, 2.446250250580e-03
 2.000000000000e+00, 1.010000000000e+00, 1.290000000000e+00, 4.990880943841e-01, 2.536148853290e-03
 2.000000000000e+00, 1.010000000000e+00, 1.360000000000e+00, 5.825229334736e-01, 2.480665601682e-03
 2.000000000000e+00, 1.010000000000e+00, 1.430000000000e+00, 6.587761117693e-01, 2.391486483255e-03
 2.000000000000e+00, 1.080000000000e+00, 8.000000000000e-01, 8.210238761169e+00, 5.260656555053e-02
 2.000000000000e+00, 1.080000000000e+00, 8.700000000000e-01, 3.179789900677e+00, 1.985619481633e-02
 2.000000000000e+00, 1.080000000000e+00, 9.400000000000e-01, 1.215464702238e+00, 7.795426647485e-03
 2.000000000000e+00, 1.080000000000e+00, 1.010000000000e+00, 4.645074595876e-01, 2.983275532421e-03
 2.000000000000e+00, 1.080000000000e+00, 1.080000000000e+00, 2.296841660122e-01, 9.745805567778e-04
 2.000000000000e+00, 1.080000000000e+00, 1.150000000000e+00, 2.046853591175e-01, 6.117672285205e-04
 2.000000000000e+00, 1.080000000000e+00, 1.220000000000e+00, 2.605014125907e-01, 7.751763698366e-04
 2.000000000000e+00, 1.080000000000e+00, 1.290000000000e+00, 3.397699463113e-01, 9.019242060901e-04
 2.000000000000e+00, 1.080000000000e+00, 1.360000000000e+00, 4.243451727429e-01, 9.321267352799e-04
 2.000000000000e+00, 1.080000000000e+00, 1.430000000000e+00, 4.986487105411e-01, 9.673302347570e-04
 2.000000000000e+00, 1.150000000000e+00, 8.000000000000e-01, 8.111729780019e+00, 5.420568386397e-02
 2.000000000000e+00, 1.150000000000e+00, 8.700000000000e-01, 3.103901107352e+00, 1.987489537847e-02
 2.000000000000e+00, 1.150000000000e+00, 9.400000000000e-01, 1.171834792162e+00, 8.154914366132e-03
 2.000000000000e+00, 1.150000000000e+00, 1.010000000000e+00, 4.430310459267e-01, 2.793792688806e-03
 2.000000000000e+00, 1.150000000000e+00, 1.080000000000e+00, 2.138959565436e-01, 7.538965862113e-04
 2.000000000000e+00, 1.150000000000e+00, 1.150000000000e+00, 1.869522087494e-01, 2.765803556593e-04
 2.000000000000e+00, 1.150000000000e+00, 1.220000000000e+00, 2.404893380306e-01, 5.359681773022e-04
 2.000000000000e+00, 1.150000000000e+00, 1.290000000000e+00, 3.198084731794e-01, 6.767854232389e-04
 2.000000000000e+00, 1.150000000000e+00, 1.360000000000e+00, 4.024141962610e-01, 7.026108782125e-04
 2.000000000000e+00, 1.150000000000e+00, 1.430000000000e+00, 4.787769873095e-01, 7.393035862693e-04
 2.000000000000e+00, 1.220000000000e+00, 8.000000000000e-01, 7.983784541307e+00, 5.327295332292e-02
 2.000000000000e+00, 1.220000000000e+00, 8.700000000000e-01, 3.072422748204e+00, 2.044540261272e-02
 2.000000000000e+00, 1.220000000000e+00, 9.400000000000e-01, 1.206267315060e+00, 7.838750740698e-03
 2.000000000000e+00, 1.220000000000e+00, 1.010000000000e+00, 4.787394659071e-01, 2.907303931321e-03
 2.000000000000e+00, 1.220000000000e+00, 1.080000000000e+00, 2.486495963042e-01, 8.241644167377e-04
 2.000000000000e+00, 1.220000000000e+00, 1.150000000000e+00, 2.224510798190e-01, 4.555018081768e-04
 2.000000000000e+00, 1.220000000000e+00, 1.220000000000e+00, 2.761677886140e-01, 6.920471146989e-04
 2.000000000000e+00, 1.220000000000e+00, 1.290000000000e+00, 3.517110289853e-01, 8.442474586229e-04
 2.000000000000e+00, 1.220000000000e+00, 1.360000000000e+00, 4.350752965559e-01, 8.496542391632e-04
 2.000000000000e+00, 1.220000000000e+00, 1.430000000000e+00, 5.109225254944e-01, 8.565074941885e-04
 2.000000000000e+00, 1.290000000000e+00, 8.000000000000e-01, 7.819331389101e+00, 5.491711651361e-02
 2.000000000000e+00, 1.290000000000e+00, 8.700000000000e-01, 3.090550544688e+00, 2.046800599156e-02
 2.000000000000e+00, 1.290000000000e+00, 9.400000000000e-01, 1.246579305857e+00, 8.076401495656e-03
 2.000000000000e+00, 1.290000000000e+00, 1.010000000000e+00, 5.299693660407e-01, 2.872379077023e-03
 2.000000000000e+00, 1.290000000000e+00, 1.080000000000e+00, 3.033431318807e-01, 8.838050032790e-04
 2.000000000000e+00, 1.290000000000e+00, 1.150000000000e+00, 2.763381926162e-01, 5.511130110183e-04
 2.000000000000e+00, 1.290000000000e+00, 1.220000000000e+00, 3.263453469418e-01, 7.989106401965e-04
 2.000000000000e+00, 1.290000000000e+00, 1.290000000000e+00, 4.057110828717e-01, 9.089910130180e-04
 2.000000000000e+00, 1.290000000000e+00, 1.360000000000e+00, 4.866458232268e-01, 9.347422523907e-04
 2.000000000000e+00, 1.290000000000e+00, 1.430000000000e+00, 5.626403134457e-01, 9.349559200847e-04
 2.000000000000e+00, 1.360000000000e+00, 8.000000000000e-01, 7.566858296358e+00, 5.046756451850e-02
 2.000000000000e+00, 1.360000000000e+00, 8.700000000000e-01, 3.068205213711e+00, 2.037865404389e-02
 2.000000000000e+00, 1.360000000000e+00, 9.400000000000e-01, 1.276531216479e+00, 7.646344744694e-03
 2.000000000000e+00, 1.360000000000e+00, 1.010000000000e+00, 5.804614047166e-01, 2.783094060963e-03
 2.000000000000e+00, 1.360000000000e+00, 1.080000000000e+00, 3.596306040424e-01, 9.303217448976e-04
 2.000000000000e+00, 1.360000000000e+00, 1.150000000000e+00, 3.336396993182e-01, 5.942245090022e-04
 2.000000000000e+00, 1.360000000000e+00, 1.220000000000e+00, 3.839348129866e-01, 7.936608975769e-04
 2.000000000000e+00, 1.360000000000e+00, 1.290000000000e+00, 4.586774578224e-01, 9.408177182045e-04
 2.000000000000e+00, 1.360000000000e+00, 1.360000000000e+00, 5.383008432481e-01, 9.936797968257e-04
 2.000000000000e+00, 1.360000000000e+00, 1.430000000000e+00, 6.144574429132e-01, 9.672231916860e-04
 2.000000000000e+00, 1.430000000000e+00, 8.000000000000e-01, 7.523077654967e+00, 5.394849663489e-02
 2.000000000000e+00, 1.430000000000e+00, 8.700000000000e-01, 3.055554614226e+00, 2.082492676138e-02
 2.000000000000e+00, 1.430000000000e+00, 9.400000000000e-01, 1.310401234959e+00, 8.035597591888e-03
 2.000000000000e+00, 1.430000000000e+00, 1.010000000000e+00, 6.366272351903e-01, 2.941305895523e-03
 2.000000000000e+00, 1.430000000000e+00, 1.080000000000e+00, 4.135310626667e-01, 9.213893420711e-04
 2.000000000000e+00, 1.430000000000e+00, 1.150000000000e+00, 3.857884593784e-01, 6.092380829989e-04
 2.000000000000e+00, 1.430000000000e+00, 1.220000000000e+00, 4.353539863547e-01, 7.900110030814e-04
 2.000000000000e+00, 1.430000000000e+00, 1.290000000000e+00, 5.111601097700e-01, 8.937967957206e-04
 2.000000000000e+00, 1.430000000000e+00, 1.360000000000e+00, 5.901522196727e-01, 1.049414158898e-03
 2.000000000000e+00, 1.430000000000e+00, 1.430000000000e+00, 6.645522890841e-01, 1.022812230282e-03
 2.200000000000e+00, 8.000000000000e-01, 8.000000000000e-01, 1.239373702407e+01, 6.229514763888e-02
 2.200000000000e+00, 8.000000000000e-01, 8.700000000000e-01, 7.728573306551e+00, 4.475025244537e-02
 2.200000000000e+00, 8.000000000000e-01, 9.400000000000e-01, 5.884395640934e+00, 4.041728400771e-02
 2.200000000000e+00, 8.000000000000e-01, 1.010000000000e+00, 5.175102918193e+00, 4.225787281561e-02
 2.200000000000e+00, 8.000000000000e-01, 1.080000000000e+00, 5.008599963534e+00, 4.118731796652e-02
 2.200000000000e+00, 8.000000000000e-01, 1.150000000000e+00, 4.939050997624e+00, 4.164555312420e-02
 2.200000000000e+00, 8.000000000000e-01, 1.220000000000e+00, 5.074041020287e+00, 4.476534621837e-02
 2.200000000000e+00, 8.000000000000e-01, 1.290000000000e+00, 5.141070619413e+00, 4.122759815317e-02
 2.200000000000e+00, 8.000000000000e-01, 1.360000000000e+00, 5.285132044393e+00, 4.254642932684e-02
 2.200000000000e+00, 8.000000000000e-01, 1.430000000000e+00, 5.268714493640e+00, 4.132893534344e-02
 2.200000000000e+00, 8.700000000000e-01, 8.000000000000e-01, 9.218761098892e+00, 5.258123034755e-02
 2.200000000000e+00, 8.700000000000e-01, 8.700000000000e-01, 4.638233118208e+00, 2.450695120794e-02
 2.200000000000e+00, 8.700000000000e-01, 9.400000000000e-01, 2.819197890294e+00, 1.514341001248e-02
 2.200000000000e+00, 8.700000000000e-01, 1.010000000000e+00, 2.154709409258e+00, 1.543983895525e-02
 2.200000000000e+00, 8.700000000000e-01, 1.080000000000e+00, 1.954414164552e+00, 1.637414588371e-02
 2.200000000000e+00, 8.700000000000e-01, 1.150000000000e+00, 1.935558711932e+00, 1.611790404256e-02
 2.200000000000e+00, 8.700000000000e-01, 1.220000000000e+00, 2.006181557701e+00, 1.617734628747e-02
 2.200000000000e+00, 8.700000000000e-01, 1.290000000000e+00, 2.091161116852e+00, 1.648271320485e-02
 2.200000000000e+00, 8.700000000000e-01, 1.360000000000e+00, 2.207706799835e+00, 1.799135816005e-02
 2.200000000000e+00, 8.700000000000e-01, 1.430000000000e+00, 2.250071406800e+00, 1.686927820025e-02
 2.200000000000e+00, 9.400000000000e-01, 8.000000000000e-01, 8.075290456698e+00, 5.094850216207e-02
 2.200000000000e+00, 9.400000000000e-01, 8.700000000000e-01, 3.384056203424e+00, 1.937963409472e-02
 2.200000000000e+00, 9.400000000000e-01, 9.400000000000e-01, 1.629529514594e+00, 9.171155298512e-03
 2.200000000000e+00, 9.400000000000e-01, 1.010000000000e+00, 9.934806857545e-01, 6.484168628970e-03
 2.200000000000e+00, 9.400000000000e-01, 1.080000000000e+00, 7.850324336823e-01, 6.087544890270e-03
 2.200000000000e+00, 9.400000000000e-01, 1.150000000000e+00, 7.713715081152e-01, 6.143522167956e-03
 2.200000000000e+00, 9.400000000000e-01, 1.220000000000e+00, 8.330603195182e-01, 6.183067595711e-03
 2.200000000000e+00, 9.400000000000e-01, 1.290000000000e+00, 8.882050924250e-01, 6.077650739689e-03
 2.200000000000e+00, 9.400000000000e-01, 1.360000000000e+00, 9.700072452108e-01, 6.068372172039e-03
 2.200000000000e+00, 9.400000000000e-01, 1.430000000000e+00, 1.042917504529e+00, 6.098833063606e-03
 2.200000000000e+00, 1.010000000000e+00, 8.000000000000e-01, 7.538338151524e+00, 5.295434336622e-02
 2.200000000000e+00, 1.010000000000e+00, 8.700000000000e-01, 2.986268650825e+00, 1.942983038468e-02
 2.200000000000e+00, 1.010000000000e+00, 9.400000000000e-01, 1.196043817962e+00, 7.313870134464e-03
 2.200000000000e+00, 1.010000000000e+00, 1.010000000000e+00, 5.510011448812e-01, 3.334311174028e-03
 2.200000000000e+00, 1.010000000000e+00, 1.080000000000e+00, 3.485463254552e-01, 2.281093127102e-03
 2.200000000000e+00, 1.010000000000e+00, 1.150000000000e+00, 3.287871223556e-01, 2.071310060845e-03
 2.200000000000e+00, 1.010000000000e+00, 1.220000000000e+00, 3.810646244485e-01, 2.147028330956e-03
 2.200000000000e+00, 1.010000000000e+00, 1.290000000000e+00, 4.613329514083e-01, 2.137457193994e-03
 2.200000000000e+00, 1.010000000000e+00, 1.360000000000e+00, 5.326355776123e-01, 2.243800069726e-03
 2.200000000000e+00, 1.010000000000e+00, 1.430000000000e+00, 6.073565819872e-01, 2.339393351965e-03
 2.200000000000e+00, 1.080000000000e+00, 8.000000000000e-01, 7.247361294375e+00, 4.979863298427e-02
 2.200000000000e+00, 1.080000000000e+00, 8.700000000000e-01, 2.803101106949e+00, 1.864923246810e-02
 2.200000000000e+00, 1.080000000000e+00, 9.400000000000e-01, 1.063141684473e+00, 7.279528976579e-03
 2.200000000000e+00, 1.080000000000e+00, 1.010000000000e+00, 4.119936389498e-01, 2.593138517109e-03
 2.200000000000e+00, 1.080000000000e+00, 1.080000000000e+00, 2.118946143329e-01, 8.469833601829e-04
 2.200000000000e+00, 1.080000000000e+00, 1.150000000000e+00, 1.954109053867e-01, 5.538742070076e-04
 2.200000000000e+00, 1.080000000000e+00, 1.220000000000e+00, 2.474114325582e-01, 6.980570320771e-04
 2.200000000000e+00, 1.080000000000e+00, 1.290000000000e+00, 3.221173937190e-01, 8.018775387402e-04
 2.200000000000e+00, 1.080000000000e+00, 1.360000000000e+00, 3.982921801556e-01, 8.630579220813e-04
 2.200000000000e+00, 1.080000000000e+00, 1.430000000000e+00, 4.697175826000e-01, 8.735035215340e-04
 2.200000000000e+00, 1.150000000000e+00, 8.000000000000e-01, 7.047793542712e+00, 4.706952520643e-02
 2.200000000000e+00, 1.150000000000e+00, 8.700000000000e-01, 2.759633470548e+00, 1.907568522488e-02
 2.200000000000e+00, 1.150000000000e+00, 9.400000000000e-01, 1.042317090838e+00, 7.218095209206e-03
 2.200000000000e+00, 1.150000000000e+00, 1.010000000000e+00, 3.982779332597e-01, 2.606099053165e-03
 2.200000000000e+00, 1.150000000000e+00, 1.080000000000e+00, 2.018372341349e-01, 7.067612153933e-04
 2.200000000000e+00, 1.150000000000e+00, 1.150000000000e+00, 1.830227301713e-01, 2.546801145950e-04
 2.200000000000e+00, 1.150000000000e+00, 1.220000000000e+00, 2.339401641816e-01, 4.990266600666e-04
 2.200000000000e+00, 1.150000000000e+00, 1.290000000000e+00, 3.066758213152e-01, 6.245907819860e-04
 2.200000000000e+00, 1.150000000000e+00, 1.360000000000e+00, 3.829488773075e-01, 6.687129367300e-04
 2.200000000000e+00, 1.150000000000e+00, 1.430000000000e+00, 4.524618533478e-01, 7.087706542739e-04
 2.200000000000e+00, 1.220000000000e+00, 8.000000000000e-01, 6.991683111335e+00, 4.915992352408e-02
 2.200000000000e+00, 1.220000000000e+00, 8.700000000000e-01, 2.741577389237e+00, 1.954878219811e-02
 2.200000000000e+00, 1.220000000000e+00, 9.400000000000e-01, 1.068897697664e+00, 7.784273940538e-03
 2.200000000000e+00, 1.220000000000e+00, 1.010000000000e+00, 4.363045682625e-01, 2.566759900664e-03
 2.200000000000e+00, 1.220000000000e+00, 1.080000000000e+00, 2.374194463210e-01, 7.745833188288e-04
 2.200000000000e+00, 1.220000000000e+00, 1.150000000000e+00, 2.178671895654e-01, 4.092449025366e-04
 2.200000000000e+00, 1.220000000000e+00, 1.220000000000e+00, 2.668884913101e-01, 6.493693978388e-04
 2.200000000000e+00, 1.220000000000e+00, 1.290000000000e+00, 3.391025955034e-01, 7.575558349048e-04
 2.200000000000e+00, 1.220000000000e+00, 1.360000000000e+00, 4.158723887505e-01, 7.613878645949e-04
 2.200000000000e+00, 1.220000000000e+00, 1.430000000000e+00, 4.842008409603e-01, 7.853234139780e-04
 2.200000000000e+00, 1.290000000000e+00, 8.000000000000e-01, 6.864958859609e+00, 5.011193985078e-02
 2.200000000000e+00, 1.290000000000e+00, 8.700000000000e-01, 2.729999474800e+00, 1.907435152036e-02
 2.200000000000e+00, 1.290000000000e+00, 9.400000000000e-01, 1.094739089573e+00, 7.257905819873e-03
 2.200000000000e+00, 1.290000000000e+00, 1.010000000000e+00, 4.812560878473e-01, 2.679991347167e-03
 2.200000000000e+00, 1.290000000000e+00, 1.080000000000e+00, 2.862129932644e-01, 8.213755107789e-04
 2.200000000000e+00, 1.290000000000e+00, 1.150000000000e+00, 2.663495857554e-01, 5.183253185004e-04
 2.200000000000e+00, 1.290000000000e+00, 1.220000000000e+00, 3.157437726340e-01, 7.224054093744e-04
 2.200000000000e+00, 1.290000000000e+00, 1.290000000000e+00, 3.859377392567e-01, 8.636974145493e-04
 2.200000000000e+00, 1.290000000000e+00, 1.360000000000e+00, 4.624116288231e-01, 8.751597586843e-04
 2.200000000000e+00, 1.290000000000e+00, 1.430000000000e+00, 5.309683338923e-01, 8.692926987773e-04
 2.200000000000e+00, 1.360000000000e+00, 8.000000000000e-01, 6.741418352094e+00, 4.876091463379e-02
 2.200000000000e+00, 1.360000000000e+00, 8.700000000000e-01, 2.709409759847e+00, 1.791449136274e-02
 2.200000000000e+00, 1.360000000000e+00, 9.400000000000e-01, 1.149548104306e+00, 7.348393240830e-03
 2.200000000000e+00, 1.360000000000e+00, 1.010000000000e+00, 5.229573215928e-01, 2.511275619558e-03
 2.200000000000e+00, 1.360000000000e+00, 1.080000000000e+00, 3.380594688518e-01, 8.487667347518e-04
 2.200000000000e+00, 1.360000000000e+00, 1.150000000000e+00, 3.176490182829e-01, 5.462744819887e-04
 2.200000000000e+00, 1.360000000000e+00, 1.220000000000e+00, 3.674970051785e-01, 7.259315461283e-04
 2.200000000000e+00, 1.360000000000e+00, 1.290000000000e+00, 4.360960713489e-01, 8.359360023385e-04
 2.200000000000e+00, 1.360000000000e+00, 1.360000000000e+00, 5.111062576467e-01, 9.324443827147e-04
 2.200000000000e+00, 1.360000000000e+00, 1.430000000000e+00, 5.776237789119e-01, 9.497712760239e-04
 2.200000000000e+00, 1.430000000000e+00, 8.000000000000e-01, 6.666844800378e+00, 4.811200404141e-02
 2.200000000000e+00, 1.430000000000e+00, 8.700000000000e-01, 2.745306893941e+00, 1.867846075181e-02
 2.200000000000e+00, 1.430000000000e+00, 9.400000000000e-01, 1.163645152480e+00, 7.107208315938e-03
 2.200000000000e+00, 1.430000000000e+00, 1.010000000000e+00, 5.788137496883e-01, 2.720572141787e-03
 2.200000000000e+00, 1.430000000000e+00, 1.080000000000e+00, 3.874542003091e-01, 8.582869384393e-04
 2.200000000000e+00, 1.430000000000e+00, 1.150000000000e+00, 3.671778588018e-01, 5.504087881464e-04
 2.200000000000e+00, 1.430000000000e+00, 1.220000000000e+00, 4.150391541869e-01, 7.174444943950e-04
 2.200000000000e+00, 1.430000000000e+00, 1.290000000000e+00, 4.831844421834e-01, 8.590575242675e-04
 2.200000000000e+00, 1.430000000000e+00, 1.360000000000e+00, 5.562040578917e-01, 9.043636524642e-04
 2.200000000000e+00, 1.430000000000e+00, 1.430000000000e+00, 6.244638259974e-01, 9.387075674498e-04
 2.400000000000e+00, 8.000000000000e-01, 8.000000000000e-01, 1.104015325696e+01, 5.808121222758e-02
 2.400000000000e+00, 8.000000000000e-01, 8.700000000000e-01, 6.787611485813e+00, 3.933385633439e-02
 2.400000000000e+00, 8.000000000000e-01, 9.400000000000e-01, 5.236747341849e+00, 3.743685094572e-02
 2.400000000000e+00, 8.000000000000e-01, 1.010000000000e+00, 4.602168761460e+00, 3.610820593001e-02
 2.400000000000e+00, 8.000000000000e-01, 1.080000000000e+00, 4.437425831397e+00, 3.792386512516e-02
 2.400000000000e+00, 8.000000000000e-01, 1.150000000000e+00, 4.425763384597e+00, 3.773167639059e-02
 2.400000000000e+00, 8.000000000000e-01, 1.220000000000e+00, 4.505217421950e+00, 3.737164694631e-02
 2.400000000000e+00, 8.000000000000e-01, 1.290000000000e+00, 4.608332333708e+00, 3.828576830837e-02
 2.400000000000e+00, 8.000000000000e-01, 1.360000000000e+00, 4.610388917491e+00, 3.905037022520e-02
 2.400000000000e+00, 8.000000000000e-01, 1.430000000000e+00, 4.775120549063e+00, 4.090006909500e-02
 2.400000000000e+00, 8.700000000000e-01, 8.000000000000e-01, 8.195144420424e+00, 4.618782508703e-02
 2.400000000000e+00, 8.700000000000e-01, 8.700000000000e-01, 4.062918245918e+00, 2.182624625372e-02
 2.400000000000e+00, 8.700000000000e-01, 9.400000000000e-01, 2.488926672687e+00, 1.528590932513e-02
 2.400000000000e+00, 8.700000000000e-01, 1.010000000000e+00, 1.911989346705e+00, 1.383986566135e-02
 2.400000000000e+00, 8.700000000000e-01, 1.080000000000e+00, 1.741142518266e+00, 1.403861582669e-02
 2.400000000000e+00, 8.700000000000e-01, 1.150000000000e+00, 1.728910014134e+00, 1.420715351479e-02
 2.400000000000e+00, 8.700000000000e-01, 1.220000000000e+00, 1.807265663403e+00, 1.517987716984e-02
 2.400000000000e+00, 8.700000000000e-01, 1.290000000000e+00, 1.853787849436e+00, 1.430111195685e-02
 2.400000000000e+00, 8.700000000000e-01, 1.360000000000e+00, 1.961633777282e+00, 1.611738804141e-02
 2.400000000000e+00, 8.700000000000e-01, 1.430000000000e+00, 1.987072405724e+00, 1.517575788390e-02
 2.400000000000e+00, 9.400000000000e-01, 8.000000000000e-01, 7.036034763509e+00, 4.366792703818e-02
 2.400000000000e+00, 9.400000000000e-01, 8.700000000000e-01, 3.027100960976e+00, 1.804511037222e-02
 2.400000000000e+00, 9.400000000000e-01, 9.400000000000e-01, 1.458732439144e+00, 8.575926435335e-03
 2.400000000000e+00, 9.400000000000e-01, 1.010000000000e+00, 8.687712988170e-01, 5.865291918740e-03
 2.400000000000e+00, 9.400000000000e-01, 1.080000000000e+00, 7.033984970601e-01, 5.484662877455e-03
 2.400000000000e+00, 9.400000000000e-01, 1.150000000000e+00, 7.066424199681e-01, 5.626731628950e-03
 2.400000000000e+00, 9.400000000000e-01, 1.220000000000e+00, 7.516652467301e-01, 5.688450383104e-03
 2.400000000000e+00, 9.400000000000e-01, 1.290000000000e+00, 8.137932742425e-01, 5.937793978865e-03
 2.400000000000e+00, 9.400000000000e-01, 1.360000000000e+00, 8.795824733107e-01, 5.915378268850e-03
 2.400000000000e+00, 9.400000000000e-01, 1.430000000000e+00, 9.560948817318e-01, 5.691863749199e-03
 2.400000000000e+00, 1.010000000000e+00, 8.000000000000e-01, 6.698843909262e+00, 4.620072758185e-02
 2.400000000000e+00, 1.010000000000e+00, 8.700000000000e-01, 2.620472240994e+00, 1.760928886915e-02
 2.400000000000e+00, 1.010000000000e+00, 9.400000000000e-01, 1.088128510485e+00, 7.340770059688e-03
 2.400000000000e+00, 1.010000000000e+00, 1.010000000000e+00, 4.968126113395e-01, 3.117654882594e-03
 2.400000000000e+00, 1.010000000000e+00, 1.080000000000e+00, 3.221989436688e-01, 1.996692378705e-03
 2.400000000000e+00, 1.010000000000e+00, 1.150000000000e+00, 3.108776023478e-01, 1.969273409387e-03
 2.400000000000e+00, 1.010000000000e+00, 1.220000000000e+00, 3.606908755983e-01, 2.039666057355e-03
 2.400000000000e+00, 1.010000000000e+00, 1.290000000000e+00, 4.285649194664e-01, 2.046982155758e-03
 2.400000000000e+00, 1.010000000000e+00, 1.360000000000e+00, 4.983139988409e-01, 2.146015080415e-03
 2.400000000000e+00, 1.010000000000e+00, 1.430000000000e+00, 5.660359820430e-01, 2.116120546608e-03
 2.400000000000e+00, 1.080000000000e+00, 8.000000000000e-01, 6.441498859597e+00, 4.550838678916e-02
 2.400000000000e+00, 1.080000000000e+00, 8.700000000000e-01, 2.469076503369e+00, 1.680204417824e-02
 2.400000000000e+00, 1.080000000000e+00, 9.400000000000e-01, 9.490251276881e-01, 6.631920665810e-03
 2.400000000000e+00, 1.080000000000e+00, 1.010000000000e+00, 3.786938318038e-01, 2.442658024130e-03
 2.400000000000e+00, 1.080000000000e+00, 1.080000000000e+00, 2.043736598783e-01, 8.000168704305e-04
 2.400000000000e+00, 1.080000000000e+00, 1.150000000000e+00, 1.926325466772e-01, 5.161575722224e-04
 2.400000000000e+00, 1.080000000000e+00, 1.220000000000e+00, 2.420810857855e-01, 6.516979044256e-04
 2.400000000000e+00, 1.080000000000e+00, 1.290000000000e+00, 3.106859752160e-01, 7.493115057210e-04
 2.400000000000e+00, 1.080000000000e+00, 1.360000000000e+00, 3.820745696154e-01, 7.888426803728e-04
 2.400000000000e+00, 1.080000000000e+00, 1.430000000000e+00, 4.475014574856e-01, 8.034442300086e-04
 2.400000000000e+00, 1.150000000000e+00, 8.000000000000e-01, 6.331685308010e+00, 4.740718696459e-02
 2.400000000000e+00, 1.150000000000e+00, 8.700000000000e-01, 2.460179042899e+00, 1.817702587592e-02
 2.400000000000e+00, 1.150000000000e+00, 9.400000000000e-01, 9.310093182122e-01, 6.613418091310e-03
 2.400000000000e+00, 1.150000000000e+00, 1.010000000000e+00, 3.712716027621e-01, 2.397806018842e-03
 2.400000000000e+00, 1.150000000000e+00, 1.080000000000e+00, 1.974801742364e-01, 6.513278816650e-04
 2.400000000000e+00, 1.150000000000e+00, 1.150000000000e+00, 1.835984911169e-01, 2.543508194165e-04
 2.400000000000e+00, 1.150000000000e+00, 1.220000000000e+00, 2.319141597878e-01, 4.861321629229e-04
 2.400000000000e+00, 1.150000000000e+00, 1.290000000000e+00, 3.002097425671e-01, 5.820216977273e-04
 2.400000000000e+00, 1.150000000000e+00, 1.360000000000e+00, 3.680630811196e-01, 6.427711991018e-04
 2.400000000000e+00, 1.150000000000e+00, 1.430000000000e+00, 4.351418226810e-01, 6.227401713586e-04
 2.400000000000e+00, 1.220000000000e+00, 8.000000000000e-01, 6.202805718894e+00, 4.660864860070e-02
 2.400000000000e+00, 1.220000000000e+00, 8.700000000000e-01, 2.428341070763e+00, 1.711681642619e-02
 2.400000000000e+00, 1.220000000000e+00, 9.400000000000e-01, 9.576291072598e-01, 6.898317022245e-03
 2.400000000000e+00, 1.220000000000e+00, 1.010000000000e+00, 4.022549369166e-01, 2.455122023880e-03
 2.400000000000e+00, 1.220000000000e+00, 1.080000000000e+00, 2.289675820503e-01, 6.955602641048e-04
 2.400000000000e+00, 1.220000000000e+00, 1.150000000000e+00, 2.161536906746e-01, 4.016726563688e-04
 2.400000000000e+00, 1.220000000000e+00, 1.220000000000e+00, 2.636212589112e-01, 5.910546500835e-04
 2.400000000000e+00, 1.220000000000e+00, 1.290000000000e+00, 3.312171097234e-01, 6.967277630994e-04
 2.400000000000e+00, 1.220000000000e+00, 1.360000000000e+00, 3.995133734050e-01, 7.135557304030e-04
 2.400000000000e+00, 1.220000000000e+00, 1.430000000000e+00, 4.633122585253e-01, 7.571058704061e-04
 2.400000000000e+00, 1.290000000000e+00, 8.000000000000e-01, 6.204826260295e+00, 4.675350307450e-02
 2.400000000000e+00, 1.290000000000e+00, 8.700000000000e-01, 2.445461191454e+00, 1.829571074848e-02
 2.400000000000e+00, 1.290000000000e+00, 9.400000000000e-01, 9.937524864926e-01, 6.912461398258e-03
 2.400000000000e+00, 1.290000000000e+00, 1.010000000000e+00, 4.446052022471e-01, 2.587596321014e-03
 2.400000000000e+00, 1.290000000000e+00, 1.080000000000e+00, 2.765087098221e-01, 7.576535851649e-04
 2.400000000000e+00, 1.290000000000e+00, 1.150000000000e+00, 2.620971031856e-01, 4.825447729671e-04
 2.400000000000e+00, 1.290000000000e+00, 1.220000000000e+00, 3.075511711023e-01, 6.767864199867e-04
 2.400000000000e+00, 1.290000000000e+00, 1.290000000000e+00, 3.747095347487e-01, 7.935524747537e-04
 2.400000000000e+00, 1.290000000000e+00, 1.360000000000e+00, 4.440160865268e-01, 8.002835332695e-04
 2.400000000000e+00, 1.290000000000e+00, 1.430000000000e+00, 5.079550157440e-01, 7.942368938227e-04
 2.400000000000e+00, 1.360000000000e+00, 8.000000000000e-01, 6.092663829698e+00, 4.776975884773e-02
 2.400000000000e+00, 1.360000000000e+00, 8.700000000000e-01, 2.466845692522e+00, 1.747051735148e-02
 2.400000000000e+00, 1.360000000000e+00, 9.400000000000e-01, 1.022127828162e+00, 6.445225735644e-03
 2.400000000000e+00, 1.360000000000e+00, 1.010000000000e+00, 4.891244915163e-01, 2.400423680275e-03
 2.400000000000e+00, 1.360000000000e+00, 1.080000000000e+00, 3.243279190903e-01, 7.959446388949e-04
 2.400000000000e+00, 1.360000000000e+00, 1.150000000000e+00, 3.102904890400e-01, 5.124313716365e-04
 2.400000000000e+00, 1.360000000000e+00, 1.220000000000e+00, 3.547445079630e-01, 7.018356646214e-04
 2.400000000000e+00, 1.360000000000e+00, 1.290000000000e+00, 4.219118881789e-01, 7.879864253233e-04
 2.400000000000e+00, 1.360000000000e+00, 1.360000000000e+00, 4.896476499358e-01, 8.476778238752e-04
 2.400000000000e+00, 1.360000000000e+00, 1.430000000000e+00, 5.533056880365e-01, 8.620906672026e-04
 2.400000000000e+00, 1.430000000000e+00, 8.000000000000e-01, 5.916469587385e+00, 4.218571128807e-02
 2.400000000000e+00, 1.430000000000e+00, 8.700000000000e-01, 2.418852487823e+00, 1.718936653668e-02
 2.400000000000e+00, 1.430000000000e+00, 9.400000000000e-01, 1.051248634051e+00, 6.544564877007e-03
 2.400000000000e+00, 1.430000000000e+00, 1.010000000000e+00, 5.309837006195e-01, 2.352553009304e-03
 2.400000000000e+00, 1.430000000000e+00, 1.080000000000e+00, 3.694768041479e-01, 7.657256243669e-04
 2.400000000000e+00, 1.430000000000e+00, 1.150000000000e+00, 3.550909836584e-01, 5.360447186938e-04
 2.400000000000e+00, 1.430000000000e+00, 1.220000000000e+00, 3.984146215534e-01, 6.952038859630e-04
 2.400000000000e+00, 1.430000000000e+00, 1.290000000000e+00, 4.663244908153e-01, 7.790192169803e-04
 2.400000000000e+00, 1.430000000000e+00, 1.360000000000e+00, 5.327869816587e-01, 8.420198805762e-04
 2.400000000000e+00, 1.430000000000e+00, 1.430000000000e+00, 5.954488993117e-01, 8.747239661468e-04
 2.600000000000e+00, 8.000000000000e-01, 8.000000000000e-01, 9.809222153400e+00, 4.849139354061e-02
 2.600000000000e+00, 8.000000000000e-01, 8.700000000000e-01, 6.120364201636e+00, 3.795498526005e-02
 2.600000000000e+00, 8.000000000000e-01, 9.400000000000e-01, 4.690190854306e+00, 3.468359200433e-02
 2.600000000000e+00, 8.000000000000e-01, 1.010000000000e+00, 4.149073651897e+00, 3.547567544436e-02
 2.600000000000e+00, 8.000000000000e-01, 1.080000000000e+00, 3.990010595455e+00, 3.468722837348e-02
 2.600000000000e+00, 8.000000000000e-01, 1.150000000000e+00, 4.001979176418e+00, 3.649495934820e-02
 2.600000000000e+00, 8.000000000000e-01, 1.220000000000e+00, 4.088543151672e+00, 3.738950658235e-02
 2.600000000000e+00, 8.000000000000e-01, 1.290000000000e+00, 4.154183342259e+00, 3.675415177775e-02
 2.600000000000e+00, 8.000000000000e-01, 1.360000000000e+00, 4.195500435680e+00, 4.130672137777e-02
 2.600000000000e+00, 8.000000000000e-01, 1.430000000000e+00, 4.214216000911e+00, 3.545347894508e-02
 2.600000000000e+00, 8.700000000000e-01, 8.000000000000e-01, 7.345666312567e+00, 4.328396540040e-02
 2.600000000000e+00, 8.700000000000e-01, 8.700000000000e-01, 3.648316932654e+00, 2.047179213842e-02
 2.600000000000e+00, 8.700000000000e-01, 9.400000000000e-01, 2.229013083748e+00, 1.398371058000e-02
 2.600000000000e+00, 8.700000000000e-01, 1.010000000000e+00, 1.724584590684e+00, 1.310146714193e-02
 2.600000000000e+00, 8.700000000000e-01, 1.080000000000e+00, 1.563206854344e+00, 1.309405045123e-02
 2.600000000000e+00, 8.700000000000e-01, 1.150000000000e+00, 1.544461785778e+00, 1.272046335986e-02
 2.600000000000e+00, 8.700000000000e-01, 1.220000000000e+00, 1.633418639987e+00, 1.390203604835e-02
 2.600000000000e+00, 8.700000000000e-01, 1.290000000000e+00, 1.685116165457e+00, 1.572936907228e-02
 2.600000000000e+00, 8.700000000000e-01, 1.360000000000e+00, 1.762233063464e+00, 1.434833140921e-02
 2.600000000000e+00, 8.700000000000e-01, 1.430000000000e+00, 1.805618934216e+00, 1.366796847812e-02
 2.600000000000e+00, 9.400000000000e-01, 8.000000000000e-01, 6.362217693955e+00, 4.142885044530e-02
 2.600000000000e+00, 9.400000000000e-01, 8.700000000000e-01, 2.717742606337e+00, 1.674973711938e-02
 2.600000000000e+00, 9.400000000000e-01, 9.400000000000e-01, 1.320014046620e+00, 8.210328158252e-03
 2.600000000000e+00, 9.400000000000e-01, 1.010000000000e+00, 7.998079090212e-01, 5.272711670337e-03
 2.600000000000e+00, 9.400000000000e-01, 1.080000000000e+00, 6.481475408456e-01, 5.158115036512e-03
 2.600000000000e+00, 9.400000000000e-01, 1.150000000000e+00, 6.351939996799e-01, 5.327927415400e-03
 2.600000000000e+00, 9.400000000000e-01, 1.220000000000e+00, 6.767262988171e-01, 5.123447632634e-03
 2.600000000000e+00, 9.400000000000e-01, 1.290000000000e+00, 7.481244535334e-01, 5.279962988181e-03
 2.600000000000e+00, 9.400000000000e-01, 1.360000000000e+00, 8.219879194247e-01, 5.410314248500e-03
 2.600000000000e+00, 9.400000000000e-01, 1.430000000000e+00, 8.829349174791e-01, 5.382112271717e-03
 2.600000000000e+00, 1.010000000000e+00, 8.000000000000e-01, 5.973931769080e+00, 4.184891909483e-02
 2.600000000000e+00, 1.010000000000e+00, 8.700000000000e-01, 2.368510462467e+00, 1.646300495546e-02
 2.600000000000e+00, 1.010000000000e+00, 9.400000000000e-01, 9.717496960544e-01, 6.621782584210e-03
 2.600000000000e+00, 1.010000000000e+00, 1.010000000000e+00, 4.613217400223e-01, 3.068015128241e-03
 2.600000000000e+00, 1.010000000000e+00, 1.080000000000e+00, 3.028064562896e-01, 1.840783583564e-03
 2.600000000000e+00, 1.010000000000e+00, 1.150000000000e+00, 2.974781922045e-01, 1.789758799477e-03
 2.600000000000e+00, 1.010000000000e+00, 1.220000000000e+00, 3.433427324473e-01, 1.844309436835e-03
 2.600000000000e+00, 1.010000000000e+00, 1.290000000000e+00, 4.104187353961e-01, 1.953324768574e-03
 2.600000000000e+00, 1.010000000000e+00, 1.360000000000e+00, 4.733304646862e-01, 1.936000245834e-03
 2.600000000000e+00, 1.010000000000e+00, 1.430000000000e+00, 5.363073712578e-01, 2.014504778412e-03
 2.600000000000e+00, 1.080000000000e+00, 8.000000000000e-01, 5.831013325082e+00, 4.489752219957e-02
 2.600000000000e+00, 1.080000000000e+00, 8.700000000000e-01, 2.240388153318e+00, 1.653211840507e-02
 2.600000000000e+00, 1.080000000000e+00, 9.400000000000e-01, 8.663277618609e-01, 6.543210525370e-03
 2.600000000000e+00, 1.080000000000e+00, 1.010000000000e+00, 3.543313256146e-01, 2.221259682224e-03
 2.600000000000e+00, 1.080000000000e+00, 1.080000000000e+00, 2.029376751351e-01, 7.713449863647e-04
 2.600000000000e+00, 1.080000000000e+00, 1.150000000000e+00, 1.931209626140e-01, 4.959592549565e-04
 2.600000000000e+00, 1.080000000000e+00, 1.220000000000e+00, 2.391933888886e-01, 6.122955436002e-04
 2.600000000000e+00, 1.080000000000e+00, 1.290000000000e+00, 3.049002101259e-01, 6.862244678711e-04
 2.600000000000e+00, 1.080000000000e+00, 1.360000000000e+00, 3.689104137871e-01, 7.295082187782e-04
 2.600000000000e+00, 1.080000000000e+00, 1.430000000000e+00, 4.302850103626e-01, 7.553429144399e-04
 2.600000000000e+00, 1.150000000000e+00, 8.000000000000e-01, 5.659187576815e+00, 4.163568090856e-02
 2.600000000000e+00, 1.150000000000e+00, 8.700000000000e-01, 2.209080668177e+00, 1.622953213400e-02
 2.600000000000e+00, 1.150000000000e+00, 9.400000000000e-01, 8.510376568250e-01, 6.177855012366e-03
 2.600000000000e+00, 1.150000000000e+00, 1.010000000000e+00, 3.455839609130e-01, 2.204039830570e-03
 2.600000000000e+00, 1.150000000000e+00, 1.080000000000e+00, 1.965803792754e-01, 5.849254236062e-04
 2.600000000000e+00, 1.150000000000e+00, 1.150000000000e+00, 1.871019223424e-01, 2.519014883333e-04
 2.600000000000e+00, 1.150000000000e+00, 1.220000000000e+00, 2.332870445646e-01, 4.572625213634e-04
 2.600000000000e+00, 1.150000000000e+00, 1.290000000000e+00, 2.961509355432e-01, 5.597032262321e-04
 2.600000000000e+00, 1.150000000000e+00, 1.360000000000e+00, 3.617059602950e-01, 5.843706741644e-04
 2.600000000000e+00, 1.150000000000e+00, 1.430000000000e+00, 4.231806795453e-01, 5.791489485755e-04
 2.600000000000e+00, 1.220000000000e+00, 8.000000000000e-01, 5.617024090686e+00, 4.162902015677e-02
 2.600000000000e+00, 1.220000000000e+00, 8.700000000000e-01, 2.213370178625e+00, 1.637871077297e-02
 2.600000000000e+00, 1.220000000000e+00, 9.400000000000e-01, 8.813341263748e-01, 6.475575984295e-03
 2.600000000000e+00, 1.220000000000e+00, 1.010000000000e+00, 3.782058004428e-01, 2.187696243102e-03
 2.600000000000e+00, 1.220000000000e+00, 1.080000000000e+00, 2.268131811337e-01, 6.430513314329e-04
 2.600000000000e+00, 1.220000000000e+00, 1.150000000000e+00, 2.182623567610e-01, 3.862531584182e-04
 2.600000000000e+00, 1.220000000000e+00, 1.220000000000e+00, 2.634113128008e-01, 5.857047537437e-04
 2.600000000000e+00, 1.220000000000e+00, 1.290000000000e+00, 3.256299192465e-01, 6.576076009849e-04
 2.600000000000e+00, 1.220000000000e+00, 1.360000000000e+00, 3.908377095843e-01, 7.175197153945e-04
 2.600000000000e+00, 1.220000000000e+00, 1.430000000000e+00, 4.504561761693e-01, 6.944108140250e-04
 2.600000000000e+00, 1.290000000000e+00, 8.000000000000e-01, 5.558000302416e+00, 4.116412582863e-02
 2.600000000000e+00, 1.290000000000e+00, 8.700000000000e-01, 2.212940058768e+00, 1.633112512812e-02
 2.600000000000e+00, 1.290000000000e+00, 9.400000000000e-01, 9.062692596794e-01, 6.009590900104e-03
 2.600000000000e+00, 1.290000000000e+00, 1.010000000000e+00, 4.196707556381e-01, 2.221938322504e-03
 2.600000000000e+00, 1.290000000000e+00, 1.080000000000e+00, 2.715191681276e-01, 7.329844508642e-04
 2.600000000000e+00, 1.290000000000e+00, 1.150000000000e+00, 2.604335181590e-01, 4.475699457817e-04
 2.600000000000e+00, 1.290000000000e+00, 1.220000000000e+00, 3.047083218097e-01, 6.353485469186e-04
 2.600000000000e+00, 1.290000000000e+00, 1.290000000000e+00, 3.666330477085e-01, 7.309517018407e-04
 2.600000000000e+00, 1.290000000000e+00, 1.360000000000e+00, 4.311452452170e-01, 7.543875371165e-04
 2.600000000000e+00, 1.290000000000e+00, 1.430000000000e+00, 4.909071947535e-01, 7.565716151959e-04
 2.600000000000e+00, 1.360000000000e+00, 8.000000000000e-01, 5.563891803211e+00, 4.466030367885e-02
 2.600000000000e+00, 1.360000000000e+00, 8.700000000000e-01, 2.211153347703e+00, 1.572609682328e-02
 2.600000000000e+00, 1.360000000000e+00, 9.400000000000e-01, 9.508432312403e-01, 6.474282570197e-03
 2.600000000000e+00, 1.360000000000e+00, 1.010000000000e+00, 4.696632331440e-01, 2.314488935015e-03
 2.600000000000e+00, 1.360000000000e+00, 1.080000000000e+00, 3.165954151213e-01, 7.696646683643e-04
 2.600000000000e+00, 1.360000000000e+00, 1.150000000000e+00, 3.060054106207e-01, 5.267799202720e-04
 2.600000000000e+00, 1.360000000000e+00, 1.220000000000e+00, 3.484006600420e-01, 6.320175251046e-04
 2.600000000000e+00, 1.360000000000e+00, 1.290000000000e+00, 4.097079767474e-01, 7.489118835223e-04
 2.600000000000e+00, 1.360000000000e+00, 1.360000000000e+00, 4.725267565782e-01, 7.887265346643e-04
 2.600000000000e+00, 1.360000000000e+00, 1.430000000000e+00, 5.315664297896e-01, 8.117543334996e-04
 2.600000000000e+00, 1.430000000000e+00, 8.000000000000e-01, 5.453084604779e+00, 4.445829939331e-02
 2.600000000000e+00, 1.430000000000e+00, 8.700000000000e-01, 2.214071704885e+00, 1.556334774898e-02
 2.600000000000e+00, 1.430000000000e+00, 9.400000000000e-01, 9.731031471606e-01, 6.201351294303e-03
 2.600000000000e+00, 1.430000000000e+00, 1.010000000000e+00, 5.016623129196e-01, 2.216588121156e-03
 2.600000000000e+00, 1.430000000000e+00, 1.080000000000e+00, 3.576087376702e-01, 7.210087560279e-04
 2.600000000000e+00, 1.430000000000e+00, 1.150000000000e+00, 3.475427270478e-01, 4.761390615549e-04
 2.600000000000e+00, 1.430000000000e+00, 1.220000000000e+00, 3.896275914237e-01, 6.370544734659e-04
 2.600000000000e+00, 1.430000000000e+00, 1.290000000000e+00, 4.510630660611e-01, 7.281196394464e-04
 2.600000000000e+00, 1.430000000000e+00, 1.360000000000e+00, 5.129219364979e-01, 8.176592462905e-04
 2.600000000000e+00, 1.430000000000e+00, 1.430000000000e+00, 5.719632235432e-01, 8.151134464548e-04
 2.800000000000e+00, 8.000000000000e-01, 8.000000000000e-01, 8.873805728557e+00, 5.012130286813e-02
 2.800000000000e+00, 8.000000000000e-01, 8.700000000000e-01, 5.536859795623e+00, 3.514596186337e-02
 2.800000000000e+00, 8.000000000000e-01, 9.400000000000e-01, 4.198483607625e+00, 3.118439383608e-02
 2.800000000000e+00, 8.000000000000e-01, 1.010000000000e+00, 3.785197915064e+00, 3.401923134575e-02
 2.800000000000e+00, 8.000000000000e-01, 1.080000000000e+00, 3.593776807859e+00, 3.096916774019e-02
 2.800000000000e+00, 8.000000000000e-01, 1.150000000000e+00, 3.680171467566e+00, 3.441427302392e-02
 2.800000000000e+00, 8.000000000000e-01, 1.220000000000e+00, 3.620564590504e+00, 3.638660582623e-02
 2.800000000000e+00, 8.000000000000e-01, 1.290000000000e+00, 3.773337814502e+00, 3.373225678767e-02
 2.800000000000e+00, 8.000000000000e-01, 1.360000000000e+00, 3.766443317724e+00, 3.335531459584e-02
 2.800000000000e+00, 8.000000000000e-01, 1.430000000000e+00, 3.904350831931e+00, 3.695069401924e-02
 2.800000000000e+00, 8.700000000000e-01, 8.000000000000e-01, 6.603699131720e+00, 4.093592045402e-02
 2.800000000000e+00, 8.700000000000e-01, 8.700000000000e-01, 3.297803654903e+00, 1.912619641800e-02
 2.800000000000e+00, 8.700000000000e-01, 9.400000000000e-01, 2.050843176975e+00, 1.378311926066e-02
 2.800000000000e+00, 8.700000000000e-01, 1.010000000000e+00, 1.565167963817e+00, 1.257260098060e-02
 2.800000000000e+00, 8.700000000000e-01, 1.080000000000e+00, 1.432047845994e+00, 1.228935361878e-02
 2.800000000000e+00, 8.700000000000e-01, 1.150000000000e+00, 1.428578483812e+00, 1.246532283707e-02
 2.800000000000e+00, 8.700000000000e-01, 1.220000000000e+00, 1.473590791692e+00, 1.283236625912e-02
 2.800000000000e+00, 8.700000000000e-01, 1.290000000000e+00, 1.511468870134e+00, 1.229040687576e-02
 2.800000000000e+00, 8.700000000000e-01, 1.360000000000e+00, 1.578719206350e+00, 1.285304720898e-02
 2.800000000000e+00, 8.700000000000e-01, 1.430000000000e+00, 1.641204899439e+00, 1.271022137364e-02
 2.800000000000e+00, 9.400000000000e-01, 8.000000000000e-01, 5.733877600984e+00, 3.928275332484e-02
 2.800000000000e+00, 9.400000000000e-01, 8.700000000000e-01, 2.461731675895e+00, 1.583568506788e-02
 2.800000000000e+00, 9.400000000000e-01, 9.400000000000e-01, 1.197949580826e+00, 7.452367446815e-03
 2.800000000000e+00, 9.400000000000e-01, 1.010000000000e+00, 7.417109220058e-01, 5.226422154725e-03
 2.800000000000e+00, 9.400000000000e-01, 1.080000000000e+00, 5.980103711544e-01, 4.527356251435e-03
 2.800000000000e+00, 9.400000000000e-01, 1.150000000000e+00, 5.943839604968e-01, 4.681414250554e-03
 2.800000000000e+00, 9.400000000000e-01, 1.220000000000e+00, 6.349057413560e-01, 4.673333075131e-03
 2.800000000000e+00, 9.400000000000e-01, 1.290000000000e+00, 6.915835677494e-01, 4.354302689896e-03
 2.800000000000e+00, 9.400000000000e-01, 1.360000000000e+00, 7.681414711284e-01, 4.952959581267e-03
 2.800000000000e+00, 9.400000000000e-01, 1.430000000000e+00, 8.206452842760e-01, 4.844371783910e-03
 2.800000000000e+00, 1.010000000000e+00, 8.000000000000e-01, 5.337020868983e+00, 3.990790642824e-02
 2.800000000000e+00, 1.010000000000e+00, 8.700000000000e-01, 2.099496138795e+00, 1.483168456218e-02
 2.800000000000e+00, 1.010000000000e+00, 9.400000000000e-01, 8.786699854475e-01, 5.791727381090e-03
 2.800000000000e+00, 1.010000000000e+00, 1.010000000000e+00, 4.300945566426e-01, 2.684118426276e-03
 2.800000000000e+00, 1.010000000000e+00, 1.080000000000e+00, 2.934910635212e-01, 1.780623425420e-03
 2.800000000000e+00, 1.010000000000e+00, 1.150000000000e+00, 2.861984007223e-01, 1.666691958311e-03
 2.800000000000e+00, 1.010000000000e+00, 1.220000000000e+00, 3.341854745662e-01, 1.765760203353e-03
 2.800000000000e+00, 1.010000000000e+00, 1.290000000000e+00, 3.964986136990e-01, 1.918104211770e-03
 2.800000000000e+00, 1.010000000000e+00, 1.360000000000e+00, 4.572661031373e-01, 1.837555438460e-03
 2.800000000000e+00, 1.010000000000e+00, 1.430000000000e+00, 5.141375286349e-01, 1.840925957958e-03
 2.800000000000e+00, 1.080000000000e+00, 8.000000000000e-01, 5.253727151869e+00, 3.917333888366e-02
 2.800000000000e+00, 1.080000000000e+00, 8.700000000000e-01, 2.009564904735e+00, 1.470631056774e-02
 2.800000000000e+00, 1.080000000000e+00, 9.400000000000e-01, 7.862314037102e-01, 5.639291116156e-03
 2.800000000000e+00, 1.080000000000e+00, 1.010000000000e+00, 3.379914065964e-01, 2.170560056352e-03
 2.800000000000e+00, 1.080000000000e+00, 1.080000000000e+00, 2.039690393393e-01, 6.863267292674e-04
 2.800000000000e+00, 1.080000000000e+00, 1.150000000000e+00, 1.976347828990e-01, 4.460928268784e-04
 2.800000000000e+00, 1.080000000000e+00, 1.220000000000e+00, 2.432018161665e-01, 6.171360030322e-04
 2.800000000000e+00, 1.080000000000e+00, 1.290000000000e+00, 3.023607106113e-01, 6.446991739997e-04
 2.800000000000e+00, 1.080000000000e+00, 1.360000000000e+00, 3.628919743846e-01, 6.834101069653e-04
 2.800000000000e+00, 1.080000000000e+00, 1.430000000000e+00, 4.196713731131e-01, 7.405961827036e-04
 2.800000000000e+00, 1.150000000000e+00, 8.000000000000e-01, 5.119014119083e+00, 3.993547114417e-02
 2.800000000000e+00, 1.150000000000e+00, 8.700000000000e-01, 1.994332880350e+00, 1.446844609176e-02
 2.800000000000e+00, 1.150000000000e+00, 9.400000000000e-01, 7.854554677761e-01, 5.705871747022e-03
 2.800000000000e+00, 1.150000000000e+00, 1.010000000000e+00, 3.357572049736e-01, 2.081757871270e-03
 2.800000000000e+00, 1.150000000000e+00, 1.080000000000e+00, 1.993755465153e-01, 5.301023807741e-04
 2.800000000000e+00, 1.150000000000e+00, 1.150000000000e+00, 1.934673900632e-01, 2.267683178354e-04
 2.800000000000e+00, 1.150000000000e+00, 1.220000000000e+00, 2.376439225935e-01, 4.146836809145e-04
 2.800000000000e+00, 1.150000000000e+00, 1.290000000000e+00, 2.965930174969e-01, 5.053082561683e-04
 2.800000000000e+00, 1.150000000000e+00, 1.360000000000e+00, 3.566423906296e-01, 5.411064802003e-04
 2.800000000000e+00, 1.150000000000e+00, 1.430000000000e+00, 4.126617272923e-01, 5.654797049704e-04
 2.800000000000e+00, 1.220000000000e+00, 8.000000000000e-01, 5.041096887481e+00, 3.590995302194e-02
 2.800000000000e+00, 1.220000000000e+00, 8.700000000000e-01, 2.011305693609e+00, 1.487684316292e-02
 2.800000000000e+00, 1.220000000000e+00, 9.400000000000e-01, 8.112716224222e-01, 5.920618115990e-03
 2.800000000000e+00, 1.220000000000e+00, 1.010000000000e+00, 3.618197272568e-01, 2.089027726744e-03
 2.800000000000e+00, 1.220000000000e+00, 1.080000000000e+00, 2.295087509901e-01, 6.047554218760e-04
 2.800000000000e+00, 1.220000000000e+00, 1.150000000000e+00, 2.229909139060e-01, 3.536901970339e-04
 2.800000000000e+00, 1.220000000000e+00, 1.220000000000e+00, 2.663314043638e-01, 5.311034447121e-04
 2.800000000000e+00, 1.220000000000e+00, 1.290000000000e+00, 3.248687002066e-01, 6.228895621299e-04
 2.800000000000e+00, 1.220000000000e+00, 1.360000000000e+00, 3.852548941359e-01, 6.389235702810e-04
 2.800000000000e+00, 1.220000000000e+00, 1.430000000000e+00, 4.411681071565e-01, 6.330387425167e-04
 2.800000000000e+00, 1.290000000000e+00, 8.000000000000e-01, 5.039061899083e+00, 4.067535704829e-02
 2.800000000000e+00, 1.290000000000e+00, 8.700000000000e-01, 2.023040842103e+00, 1.578025068420e-02
 2.800000000000e+00, 1.290000000000e+00, 9.400000000000e-01, 8.309094209420e-01, 5.538407999097e-03
 2.800000000000e+00, 1.290000000000e+00, 1.010000000000e+00, 4.053125194253e-01, 2.143479357303e-03
 2.800000000000e+00, 1.290000000000e+00, 1.080000000000e+00, 2.705638227929e-01, 6.681539829833e-04
 2.800000000000e+00, 1.290000000000e+00, 1.150000000000e+00, 2.630052490126e-01, 4.291848393703e-04
 2.800000000000e+00, 1.290000000000e+00, 1.220000000000e+00, 3.048166684890e-01, 6.103146680739e-04
 2.800000000000e+00, 1.290000000000e+00, 1.290000000000e+00, 3.631082539526e-01, 6.893710730371e-04
 2.800000000000e+00, 1.290000000000e+00, 1.360000000000e+00, 4.213544682259e-01, 7.950708257009e-04
 2.800000000000e+00, 1.290000000000e+00, 1.430000000000e+00, 4.782358746315e-01, 7.225213881379e-04
 2.800000000000e+00, 1.360000000000e+00, 8.000000000000e-01, 4.953119532644e+00, 3.722376890681e-02
 2.800000000000e+00, 1.360000000000e+00, 8.700000000000e-01, 2.020041814632e+00, 1.409127685488e-02
 2.800000000000e+00, 1.360000000000e+00, 9.400000000000e-01, 8.862599762964e-01, 5.803985743636e-03
 2.800000000000e+00, 1.360000000000e+00, 1.010000000000e+00, 4.419893627919e-01, 2.054519212035e-03
 2.800000000000e+00, 1.360000000000e+00, 1.080000000000e+00, 3.123513763796e-01, 6.684551235110e-04
 2.800000000000e+00, 1.360000000000e+00, 1.150000000000e+00, 3.041372388786e-01, 4.574202693269e-04
 2.800000000000e+00, 1.360000000000e+00, 1.220000000000e+00, 3.453783311799e-01, 6.121157047063e-04
 2.800000000000e+00, 1.360000000000e+00, 1.290000000000e+00, 4.026925270940e-01, 7.018445342687e-04
 2.800000000000e+00, 1.360000000000e+00, 1.360000000000e+00, 4.620801894637e-01, 7.355572565686e-04
 2.800000000000e+00, 1.360000000000e+00, 1.430000000000e+00, 5.153922190858e-01, 7.554748685100e-04
 2.800000000000e+00, 1.430000000000e+00, 8.000000000000e-01, 4.939828613435e+00, 3.866580870820e-02
 2.800000000000e+00, 1.430000000000e+00, 8.700000000000e-01, 2.012867117440e+00, 1.471193905210e-02
 2.800000000000e+00, 1.430000000000e+00, 9.400000000000e-01, 8.976319141092e-01, 5.791997326196e-03
 2.800000000000e+00, 1.430000000000e+00, 1.010000000000e+00, 4.791588248208e-01, 2.086160438973e-03
 2.800000000000e+00, 1.430000000000e+00, 1.080000000000e+00, 3.523657413920e-01, 6.897364349480e-04
 2.800000000000e+00, 1.430000000000e+00, 1.150000000000e+00, 3.444270390907e-01, 4.479800310875e-04
 2.800000000000e+00, 1.430000000000e+00, 1.220000000000e+00, 3.834919950747e-01, 6.086911949532e-04
 2.800000000000e+00, 1.430000000000e+00, 1.290000000000e+00, 4.407813330698e-01, 6.987339528038e-04
 2.800000000000e+00, 1.430000000000e+00, 1.360000000000e+00, 4.985617790884e-01, 7.551530279735e-04
 2.800000000000e+00, 1.430000000000e+00, 1.430000000000e+00, 5.539750218552e-01, 7.615354495920e-04
