#              p[0],               p[1],               p[2],             energy,               error
 1.500000000000e+01, 8.000000000000e-01, 8.000000000000e-01, 1.906566644263e-01, 4.325115991100e-03
 1.500000000000e+01, 8.000000000000e-01, 8.700000000000e-01, 1.791402056968e-01, 3.942769999574e-03
 1.500000000000e+01, 8.000000000000e-01, 9.400000000000e-01, 1.760162343173e-01, 3.945862189284e-03
 1.500000000000e+01, 8.000000000000e-01, 1.010000000000e+00, 1.690538812249e-01, 3.574960739381e-03
 1.500000000000e+01, 8.000000000000e-01, 1.080000000000e+00, 1.733855670945e-01, 4.025536347382e-03
 1.500000000000e+01, 8.000000000000e-01, 1.150000000000e+00, 1.813599209018e-01, 5.366984484284e-03
 1.500000000000e+01, 8.000000000000e-01, 1.220000000000e+00, 1.811569519084e-01, 4.624981059138e-03
 1.500000000000e+01, 8.000000000000e-01, 1.290000000000e+00, 1.815958098746e-01, 4.743215103297e-03
 1.500000000000e+01, 8.000000000000e-01, 1.360000000000e+00, 1.815771214333e-01, 4.684683914476e-03
 1.500000000000e+01, 8.000000000000e-01, 1.430000000000e+00, 1.781178722745e-01, 4.231920739803e-03
 1.500000000000e+01, 8.700000000000e-01, 8.000000000000e-01, 1.217041702907e-01, 1.625441673614e-03
 1.500000000000e+01, 8.700000000000e-01, 8.700000000000e-01, 1.146699653722e-01, 1.467815270447e-03
 1.500000000000e+01, 8.700000000000e-01, 9.400000000000e-01, 1.162677960607e-01, 1.985692468839e-03
 1.500000000000e+01, 8.700000000000e-01, 1.010000000000e+00, 1.138242878412e-01, 1.675526890385e-03
 1.500000000000e+01, 8.700000000000e-01, 1.080000000000e+00, 1.179669394830e-01, 1.881236694821e-03
 1.500000000000e+01, 8.700000000000e-01, 1.150000000000e+00, 1.156596908992e-01, 1.651631578869e-03
 1.500000000000e+01, 8.700000000000e-01, 1.220000000000e+00, 1.175253946140e-01, 1.971965459117e-03
 1.500000000000e+01, 8.700000000000e-01, 1.290000000000e+00, 1.201331904730e-01, 2.793545913496e-03
 1.500000000000e+01, 8.700000000000e-01, 1.360000000000e+00, 1.188603871313e-01, 1.763466976769e-03
 1.500000000000e+01, 8.700000000000e-01, 1.430000000000e+00, 1.216425324794e-01, 2.140159368821e-03
 1.500000000000e+01, 9.400000000000e-01, 8.000000000000e-01, 9.820708732010e-02, 7.296644316324e-04
 1.500000000000e+01, 9.400000000000e-01, 8.700000000000e-01, 9.258062061592e-02, 5.841248121187e-04
 1.500000000000e+01, 9.400000000000e-01, 9.400000000000e-01, 9.044033781425e-02, 6.892593572601e-04
 1.500000000000e+01, 9.400000000000e-01, 1.010000000000e+00, 9.064172191527e-02, 8.134335214110e-04
 1.500000000000e+01, 9.400000000000e-01, 1.080000000000e+00, 9.103275533639e-02, 9.273675216228e-04
 1.500000000000e+01, 9.400000000000e-01, 1.150000000000e+00, 9.137686833741e-02, 6.225751383269e-04
 1.500000000000e+01, 9.400000000000e-01, 1.220000000000e+00, 9.297099970921e-02, 7.031414980756e-04
 1.500000000000e+01, 9.400000000000e-01, 1.290000000000e+00, 9.340298880494e-02, 1.014251829033e-03
 1.500000000000e+01, 9.400000000000e-01, 1.360000000000e+00, 9.263259389962e-02, 5.706576734275e-04
 1.500000000000e+01, 9.400000000000e-01, 1.430000000000e+00, 9.525101749025e-02, 6.939140117324e-04
 1.500000000000e+01, 1.010000000000e+00, 8.000000000000e-01, 8.942479319190e-02, 3.765910487931e-04
 1.500000000000e+01, 1.010000000000e+00, 8.700000000000e-01, 8.400525784330e-02, 3.192880722670e-04
 1.500000000000e+01, 1.010000000000e+00, 9.400000000000e-01, 8.207161948359e-02, 2.643836511546e-04
 1.500000000000e+01, 1.010000000000e+00, 1.010000000000e+00, 8.154432331030e-02, 2.137169081738e-04
 1.500000000000e+01, 1.010000000000e+00, 1.080000000000e+00, 8.177560537449e-02, 2.296302362648e-04
 1.500000000000e+01, 1.010000000000e+00, 1.150000000000e+00, 8.336809921256e-02, 2.873298658730e-04
 1.500000000000e+01, 1.010000000000e+00, 1.220000000000e+00, 8.401591779018e-02, 3.161437457157e-04
 1.500000000000e+01, 1.010000000000e+00, 1.290000000000e+00, 8.519175292938e-02, 2.913518077090e-04
 1.500000000000e+01, 1.010000000000e+00, 1.360000000000e+00, 8.654479257179e-02, 3.996296128707e-04
 1.500000000000e+01, 1.010000000000e+00, 1.430000000000e+00, 8.685434563914e-02, 3.219177858024e-04
 1.500000000000e+01, 1.080000000000e+00, 8.000000000000e-01, 8.659160504517e-02, 2.502007887177e-04
 1.500000000000e+01, 1.080000000000e+00, 8.700000000000e-01, 8.130052177976e-02, 9.531338554651e-05
 1.500000000000e+01, 1.080000000000e+00, 9.400000000000e-01, 7.944487307959e-02, 1.080086952584e-04
 1.500000000000e+01, 1.080000000000e+00, 1.010000000000e+00, 7.914165994032e-02, 1.513898846492e-04
 1.500000000000e+01, 1.080000000000e+00, 1.080000000000e+00, 8.007382912200e-02, 1.085136201848e-04
 1.500000000000e+01, 1.080000000000e+00, 1.150000000000e+00, 8.072999822244e-02, 1.304949202159e-04
 1.500000000000e+01, 1.080000000000e+00, 1.220000000000e+00, 8.202144411829e-02, 1.083572234131e-04
 1.500000000000e+01, 1.080000000000e+00, 1.290000000000e+00, 8.266010757332e-02, 1.420786124433e-04
 1.500000000000e+01, 1.080000000000e+00, 1.360000000000e+00, 8.360191488802e-02, 1.377962089536e-04
 1.500000000000e+01, 1.080000000000e+00, 1.430000000000e+00, 8.433916082091e-02, 1.280432411550e-04
 1.500000000000e+01, 1.150000000000e+00, 8.000000000000e-01, 8.714040078952e-02, 2.393953920383e-04
 1.500000000000e+01, 1.150000000000e+00, 8.700000000000e-01, 8.147039852932e-02, 8.076018265868e-05
 1.500000000000e+01, 1.150000000000e+00, 9.400000000000e-01, 7.990207859302e-02, 9.627922837554e-05
 1.500000000000e+01, 1.150000000000e+00, 1.010000000000e+00, 7.985579789729e-02, 1.145822353954e-04
 1.500000000000e+01, 1.150000000000e+00, 1.080000000000e+00, 8.022440882548e-02, 1.316646594882e-04
 1.500000000000e+01, 1.150000000000e+00, 1.150000000000e+00, 8.116836672422e-02, 1.201740709736e-04
 1.500000000000e+01, 1.150000000000e+00, 1.220000000000e+00, 8.191280676468e-02, 1.278496282383e-04
 1.500000000000e+01, 1.150000000000e+00, 1.290000000000e+00, 8.276957071136e-02, 1.458858092441e-04
 1.500000000000e+01, 1.150000000000e+00, 1.360000000000e+00, 8.392152927292e-02, 1.339536210398e-04
 1.500000000000e+01, 1.150000000000e+00, 1.430000000000e+00, 8.485719296667e-02, 1.127292499995e-04
 1.500000000000e+01, 1.220000000000e+00, 8.000000000000e-01, 8.879849234124e-02, 2.591674519769e-04
 1.500000000000e+01, 1.220000000000e+00, 8.700000000000e-01, 8.297085749403e-02, 9.471116403802e-05
 1.500000000000e+01, 1.220000000000e+00, 9.400000000000e-01, 8.115631808619e-02, 1.035002093955e-04
 1.500000000000e+01, 1.220000000000e+00, 1.010000000000e+00, 8.112056611249e-02, 1.216415458307e-04
 1.500000000000e+01, 1.220000000000e+00, 1.080000000000e+00, 8.149735714874e-02, 1.517889503936e-04
 1.500000000000e+01, 1.220000000000e+00, 1.150000000000e+00, 8.244158263168e-02, 1.499209042606e-04
 1.500000000000e+01, 1.220000000000e+00, 1.220000000000e+00, 8.314950401725e-02, 1.777586743206e-04
 1.500000000000e+01, 1.220000000000e+00, 1.290000000000e+00, 8.447293905182e-02, 1.289831444186e-04
 1.500000000000e+01, 1.220000000000e+00, 1.360000000000e+00, 8.520919131115e-02, 1.390692783496e-04
 1.500000000000e+01, 1.220000000000e+00, 1.430000000000e+00, 8.630900923895e-02, 1.178564922430e-04
 1.500000000000e+01, 1.290000000000e+00, 8.000000000000e-01, 9.005133587522e-02, 2.476716958229e-04
 1.500000000000e+01, 1.290000000000e+00, 8.700000000000e-01, 8.466554950371e-02, 1.018162743879e-04
 1.500000000000e+01, 1.290000000000e+00, 9.400000000000e-01, 8.295296602596e-02, 1.094491865716e-04
 1.500000000000e+01, 1.290000000000e+00, 1.010000000000e+00, 8.275398238489e-02, 1.412555937381e-04
 1.500000000000e+01, 1.290000000000e+00, 1.080000000000e+00, 8.339075976801e-02, 1.412836384120e-04
 1.500000000000e+01, 1.290000000000e+00, 1.150000000000e+00, 8.439629614848e-02, 1.351909961281e-04
 1.500000000000e+01, 1.290000000000e+00, 1.220000000000e+00, 8.528414368573e-02, 1.386848284658e-04
 1.500000000000e+01, 1.290000000000e+00, 1.290000000000e+00, 8.603467440841e-02, 1.493394992847e-04
 1.500000000000e+01, 1.290000000000e+00, 1.360000000000e+00, 8.713434762872e-02, 1.270062845104e-04
 1.500000000000e+01, 1.290000000000e+00, 1.430000000000e+00, 8.766656828600e-02, 1.658840687143e-04
 1.500000000000e+01, 1.360000000000e+00, 8.000000000000e-01, 9.181287776040e-02, 2.496302629335e-04
 1.500000000000e+01, 1.360000000000e+00, 8.700000000000e-01, 8.616482278472e-02, 1.012376310858e-04
 1.500000000000e+01, 1.360000000000e+00, 9.400000000000e-01, 8.464127571466e-02, 1.460369033350e-04
 1.500000000000e+01, 1.360000000000e+00, 1.010000000000e+00, 8.460806301234e-02, 1.225704893919e-04
 1.500000000000e+01, 1.360000000000e+00, 1.080000000000e+00, 8.490802339228e-02, 1.408294689940e-04
 1.500000000000e+01, 1.360000000000e+00, 1.150000000000e+00, 8.581307732022e-02, 1.498738938042e-04
 1.500000000000e+01, 1.360000000000e+00, 1.220000000000e+00, 8.688324126413e-02, 1.356574212191e-04
 1.500000000000e+01, 1.360000000000e+00, 1.290000000000e+00, 8.773371838617e-02, 1.463673270650e-04
 1.500000000000e+01, 1.360000000000e+00, 1.360000000000e+00, 8.847201438253e-02, 1.763442253152e-04
 1.500000000000e+01, 1.360000000000e+00, 1.430000000000e+00, 8.937477508792e-02, 1.509518600029e-04
 1.500000000000e+01, 1.430000000000e+00, 8.000000000000e-01, 9.334814328761e-02, 2.475533267970e-04
 1.500000000000e+01, 1.430000000000e+00, 8.700000000000e-01, 8.789110843972e-02, 1.262350929286e-04
 1.500000000000e+01, 1.430000000000e+00, 9.400000000000e-01, 8.636666104428e-02, 1.138485687557e-04
 1.500000000000e+01, 1.430000000000e+00, 1.010000000000e+00, 8.642646131963e-02, 1.358262089867e-04
 1.500000000000e+01, 1.430000000000e+00, 1.080000000000e+00, 8.696458464832e-02, 1.264004571429e-04
 1.500000000000e+01, 1.430000000000e+00, 1.150000000000e+00, 8.762607717035e-02, 1.324216766965e-04
 1.500000000000e+01, 1.430000000000e+00, 1.220000000000e+00, 8.814859303612e-02, 1.743011673674e-04
 1.500000000000e+01, 1.430000000000e+00, 1.290000000000e+00, 8.911388332781e-02, 1.489371052386e-04
 1.500000000000e+01, 1.430000000000e+00, 1.360000000000e+00, 9.007873659337e-02, 1.509529471201e-04
 1.500000000000e+01, 1.430000000000e+00, 1.430000000000e+00, 9.127614913589e-02, 1.330180007117e-04
 1.530000000000e+01, 8.000000000000e-01, 8.000000000000e-01, 1.872455083659e-01, 5.229710494686e-03
 1.530000000000e+01, 8.000000000000e-01, 8.700000000000e-01, 1.762464877343e-01, 3.753538660201e-03
 1.530000000000e+01, 8.000000000000e-01, 9.400000000000e-01, 1.783177489238e-01, 4.451974149622e-03
 1.530000000000e+01, 8.000000000000e-01, 1.010000000000e+00, 1.775115886271e-01, 5.581857767253e-03
 1.530000000000e+01, 8.000000000000e-01, 1.080000000000e+00, 1.789403128967e-01, 4.873247371225e-03
 1.530000000000e+01, 8.000000000000e-01, 1.150000000000e+00, 1.774412966105e-01, 4.325644040353e-03
 1.530000000000e+01, 8.000000000000e-01, 1.220000000000e+00, 1.751946648292e-01, 4.121108944431e-03
 1.530000000000e+01, 8.000000000000e-01, 1.290000000000e+00, 1.757826505227e-01, 4.096395817106e-03
 1.530000000000e+01, 8.000000000000e-01, 1.360000000000e+00, 1.844963681510e-01, 4.841135550562e-03
 1.530000000000e+01, 8.000000000000e-01, 1.430000000000e+00, 1.812500063299e-01, 4.748672701439e-03
 1.530000000000e+01, 8.700000000000e-01, 8.000000000000e-01, 1.221252383870e-01, 1.773665266640e-03
 1.530000000000e+01, 8.700000000000e-01, 8.700000000000e-01, 1.176481768357e-01, 1.780646683645e-03
 1.530000000000e+01, 8.700000000000e-01, 9.400000000000e-01, 1.122826055465e-01, 1.511729343430e-03
 1.530000000000e+01, 8.700000000000e-01, 1.010000000000e+00, 1.147540698992e-01, 1.999108698960e-03
 1.530000000000e+01, 8.700000000000e-01, 1.080000000000e+00, 1.166007854805e-01, 2.110032656218e-03
 1.530000000000e+01, 8.700000000000e-01, 1.150000000000e+00, 1.129541722018e-01, 1.433350183740e-03
 1.530000000000e+01, 8.700000000000e-01, 1.220000000000e+00, 1.132160667386e-01, 1.559162943580e-03
 1.530000000000e+01, 8.700000000000e-01, 1.290000000000e+00, 1.169295737836e-01, 1.889143788540e-03
 1.530000000000e+01, 8.700000000000e-01, 1.360000000000e+00, 1.164261261005e-01, 1.899352173691e-03
 1.530000000000e+01, 8.700000000000e-01, 1.430000000000e+00, 1.185519611809e-01, 2.087020458107e-03
 1.530000000000e+01, 9.400000000000e-01, 8.000000000000e-01, 9.910488481502e-02, 7.716786459196e-04
 1.530000000000e+01, 9.400000000000e-01, 8.700000000000e-01, 9.139096086468e-02, 6.177989214220e-04
 1.530000000000e+01, 9.400000000000e-01, 9.400000000000e-01, 9.062281467567e-02, 6.948635257086e-04
 1.530000000000e+01, 9.400000000000e-01, 1.010000000000e+00, 9.144518650909e-02, 7.372381772850e-04
 1.530000000000e+01, 9.400000000000e-01, 1.080000000000e+00, 8.972976023548e-02, 6.227754150442e-04
 1.530000000000e+01, 9.400000000000e-01, 1.150000000000e+00, 9.256630425683e-02, 7.833570020135e-04
 1.530000000000e+01, 9.400000000000e-01, 1.220000000000e+00, 9.217876240551e-02, 9.484737378482e-04
 1.530000000000e+01, 9.400000000000e-01, 1.290000000000e+00, 9.241584483370e-02, 6.748214767475e-04
 1.530000000000e+01, 9.400000000000e-01, 1.360000000000e+00, 9.404155167480e-02, 8.159697705577e-04
 1.530000000000e+01, 9.400000000000e-01, 1.430000000000e+00, 9.467873887105e-02, 6.417972867043e-04
 1.530000000000e+01, 1.010000000000e+00, 8.000000000000e-01, 8.872986722948e-02, 3.150010120591e-04
 1.530000000000e+01, 1.010000000000e+00, 8.700000000000e-01, 8.285067451896e-02, 2.274691758720e-04
 1.530000000000e+01, 1.010000000000e+00, 9.400000000000e-01, 8.176089018043e-02, 2.553386182465e-04
 1.530000000000e+01, 1.010000000000e+00, 1.010000000000e+00, 8.138116132909e-02, 2.283428590258e-04
 1.530000000000e+01, 1.010000000000e+00, 1.080000000000e+00, 8.217490306978e-02, 2.588895801778e-04
 1.530000000000e+01, 1.010000000000e+00, 1.150000000000e+00, 8.284093786981e-02, 2.726601079437e-04
 1.530000000000e+01, 1.010000000000e+00, 1.220000000000e+00, 8.368975573707e-02, 2.630615905619e-04
 1.530000000000e+01, 1.010000000000e+00, 1.290000000000e+00, 8.489606811493e-02, 2.984367528605e-04
 1.530000000000e+01, 1.010000000000e+00, 1.360000000000e+00, 8.542820438567e-02, 2.628517139866e-04
 1.530000000000e+01, 1.010000000000e+00, 1.430000000000e+00, 8.633334421364e-02, 3.255100134831e-04
 1.530000000000e+01, 1.080000000000e+00, 8.000000000000e-01, 8.627478862554e-02, 2.389552183441e-04
 1.530000000000e+01, 1.080000000000e+00, 8.700000000000e-01, 8.099219458844e-02, 9.719037305462e-05
 1.530000000000e+01, 1.080000000000e+00, 9.400000000000e-01, 7.917958861525e-02, 1.092789296276e-04
 1.530000000000e+01, 1.080000000000e+00, 1.010000000000e+00, 7.929565112612e-02, 9.952032818180e-05
 1.530000000000e+01, 1.080000000000e+00, 1.080000000000e+00, 7.986734735022e-02, 9.334371181719e-05
 1.530000000000e+01, 1.080000000000e+00, 1.150000000000e+00, 8.039925483377e-02, 1.315618174606e-04
 1.530000000000e+01, 1.080000000000e+00, 1.220000000000e+00, 8.152408484559e-02, 1.484177837982e-04
 1.530000000000e+01, 1.080000000000e+00, 1.290000000000e+00, 8.248915998514e-02, 1.198565054524e-04
 1.530000000000e+01, 1.080000000000e+00, 1.360000000000e+00, 8.324139128793e-02, 1.274332337206e-04
 1.530000000000e+01, 1.080000000000e+00, 1.430000000000e+00, 8.422827311828e-02, 1.172974043454e-04
 1.530000000000e+01, 1.150000000000e+00, 8.000000000000e-01, 8.717700758332e-02, 2.669954276314e-04
 1.530000000000e+01, 1.150000000000e+00, 8.700000000000e-01, 8.136089047703e-02, 8.107060205834e-05
 1.530000000000e+01, 1.150000000000e+00, 9.400000000000e-01, 7.967402159251e-02, 9.673066102755e-05
 1.530000000000e+01, 1.150000000000e+00, 1.010000000000e+00, 7.969350547848e-02, 1.003095821926e-04
 1.530000000000e+01, 1.150000000000e+00, 1.080000000000e+00, 8.015502256879e-02, 1.207423530819e-04
 1.530000000000e+01, 1.150000000000e+00, 1.150000000000e+00, 8.092660453187e-02, 1.413427092427e-04
 1.530000000000e+01, 1.150000000000e+00, 1.220000000000e+00, 8.187973615653e-02, 1.079349003008e-04
 1.530000000000e+01, 1.150000000000e+00, 1.290000000000e+00, 8.257877535755e-02, 1.353424337578e-04
 1.530000000000e+01, 1.150000000000e+00, 1.360000000000e+00, 8.334644074518e-02, 1.291284329468e-04
 1.530000000000e+01, 1.150000000000e+00, 1.430000000000e+00, 8.447361387141e-02, 1.118712664410e-04
 1.530000000000e+01, 1.220000000000e+00, 8.000000000000e-01, 8.813456680982e-02, 2.517849201646e-04
 1.530000000000e+01, 1.220000000000e+00, 8.700000000000e-01, 8.272507742356e-02, 8.939069929321e-05
 1.530000000000e+01, 1.220000000000e+00, 9.400000000000e-01, 8.081784942817e-02, 1.014923513672e-04
 1.530000000000e+01, 1.220000000000e+00, 1.010000000000e+00, 8.066578976461e-02, 1.395312627913e-04
 1.530000000000e+01, 1.220000000000e+00, 1.080000000000e+00, 8.127981749524e-02, 1.601761418329e-04
 1.530000000000e+01, 1.220000000000e+00, 1.150000000000e+00, 8.230188074028e-02, 1.442895045883e-04
 1.530000000000e+01, 1.220000000000e+00, 1.220000000000e+00, 8.315788750481e-02, 1.303048978853e-04
 1.530000000000e+01, 1.220000000000e+00, 1.290000000000e+00, 8.408096373393e-02, 1.349176143728e-04
 1.530000000000e+01, 1.220000000000e+00, 1.360000000000e+00, 8.485074655099e-02, 1.450630719672e-04
 1.530000000000e+01, 1.220000000000e+00, 1.430000000000e+00, 8.574657319373e-02, 1.224552026912e-04
 1.530000000000e+01, 1.290000000000e+00, 8.000000000000e-01, 8.924553340703e-02, 2.421971263455e-04
 1.530000000000e+01, 1.290000000000e+00, 8.700000000000e-01, 8.410924554962e-02, 1.044604213288e-04
 1.530000000000e+01, 1.290000000000e+00, 9.400000000000e-01, 8.261407190501e-02, 1.088905982625e-04
 1.530000000000e+01, 1.290000000000e+00, 1.010000000000e+00, 8.267254018404e-02, 1.191780546011e-04
 1.530000000000e+01, 1.290000000000e+00, 1.080000000000e+00, 8.309875368842e-02, 1.467568041518e-04
 1.530000000000e+01, 1.290000000000e+00, 1.150000000000e+00, 8.386385956484e-02, 1.371911529521e-04
 1.530000000000e+01, 1.290000000000e+00, 1.220000000000e+00, 8.472225850383e-02, 1.409717048705e-04
 1.530000000000e+01, 1.290000000000e+00, 1.290000000000e+00, 8.552570649572e-02, 1.428078214657e-04
 1.530000000000e+01, 1.290000000000e+00, 1.360000000000e+00, 8.661081915566e-02, 1.411144296297e-04
 1.530000000000e+01, 1.290000000000e+00, 1.430000000000e+00, 8.752507481714e-02, 1.341198012064e-04
 1.530000000000e+01, 1.360000000000e+00, 8.000000000000e-01, 9.128216493217e-02, 2.454466712561e-04
 1.530000000000e+01, 1.360000000000e+00, 8.700000000000e-01, 8.588828963325e-02, 1.008452698440e-04
 1.530000000000e+01, 1.360000000000e+00, 9.400000000000e-01, 8.445444635301e-02, 1.079098382032e-04
 1.530000000000e+01, 1.360000000000e+00, 1.010000000000e+00, 8.441024116535e-02, 1.229486414672e-04
 1.530000000000e+01, 1.360000000000e+00, 1.080000000000e+00, 8.487310372639e-02, 1.419380373875e-04
 1.530000000000e+01, 1.360000000000e+00, 1.150000000000e+00, 8.555052147806e-02, 1.315374986961e-04
 1.530000000000e+01, 1.360000000000e+00, 1.220000000000e+00, 8.647944674110e-02, 1.397089054071e-04
 1.530000000000e+01, 1.360000000000e+00, 1.290000000000e+00, 8.713784055094e-02, 1.560896143630e-04
 1.530000000000e+01, 1.360000000000e+00, 1.360000000000e+00, 8.823688089362e-02, 1.412859878762e-04
 1.530000000000e+01, 1.360000000000e+00, 1.430000000000e+00, 8.901608975546e-02, 1.340654362970e-04
 1.530000000000e+01, 1.430000000000e+00, 8.000000000000e-01, 9.292254186199e-02, 2.609715343026e-04
 1.530000000000e+01, 1.430000000000e+00, 8.700000000000e-01, 8.742903675784e-02, 1.097769853447e-04
 1.530000000000e+01, 1.430000000000e+00, 9.400000000000e-01, 8.591440275299e-02, 1.099756543378e-04
 1.530000000000e+01, 1.430000000000e+00, 1.010000000000e+00, 8.570529119007e-02, 1.257732791488e-04
 1.530000000000e+01, 1.430000000000e+00, 1.080000000000e+00, 8.657912382440e-02, 1.135146964970e-04
 1.530000000000e+01, 1.430000000000e+00, 1.150000000000e+00, 8.689455992405e-02, 1.662688800057e-04
 1.530000000000e+01, 1.430000000000e+00, 1.220000000000e+00, 8.817453361634e-02, 1.690282488869e-04
 1.530000000000e+01, 1.430000000000e+00, 1.290000000000e+00, 8.879576664959e-02, 1.547132778519e-04
 1.530000000000e+01, 1.430000000000e+00, 1.360000000000e+00, 8.959410332340e-02, 1.594613643540e-04
 1.530000000000e+01, 1.430000000000e+00, 1.430000000000e+00, 9.055405678283e-02, 1.436672979076e-04
 1.560000000000e+01, 8.000000000000e-01, 8.000000000000e-01, 1.755401862511e-01, 4.052064191685e-03
 1.560000000000e+01, 8.000000000000e-01, 8.700000000000e-01, 1.810486884228e-01, 4.979282761031e-03
 1.560000000000e+01, 8.000000000000e-01, 9.400000000000e-01, 1.716846167827e-01, 4.950821222981e-03
 1.560000000000e+01, 8.000000000000e-01, 1.010000000000e+00, 1.718088209271e-01, 4.491843266213e-03
 1.560000000000e+01, 8.000000000000e-01, 1.080000000000e+00, 1.815272523077e-01, 6.256809010019e-03
 1.560000000000e+01, 8.000000000000e-01, 1.150000000000e+00, 1.755526943215e-01, 4.804527349885e-03
 1.560000000000e+01, 8.000000000000e-01, 1.220000000000e+00, 1.810178581658e-01, 5.363457078933e-03
 1.560000000000e+01, 8.000000000000e-01, 1.290000000000e+00, 1.828526015432e-01, 5.152177734214e-03
 1.560000000000e+01, 8.000000000000e-01, 1.360000000000e+00, 1.838794892093e-01, 6.008251213354e-03
 1.560000000000e+01, 8.000000000000e-01, 1.430000000000e+00, 1.817100886318e-01, 6.579264391565e-03
 1.560000000000e+01, 8.700000000000e-01, 8.000000000000e-01, 1.204365594897e-01, 1.587145909202e-03
 1.560000000000e+01, 8.700000000000e-01, 8.700000000000e-01, 1.148635689840e-01, 1.573405088965e-03
 1.560000000000e+01, 8.700000000000e-01, 9.400000000000e-01, 1.113426316882e-01, 1.640981487600e-03
 1.560000000000e+01, 8.700000000000e-01, 1.010000000000e+00, 1.148472565333e-01, 1.994289702613e-03
 1.560000000000e+01, 8.700000000000e-01, 1.080000000000e+00, 1.129806890778e-01, 1.660183411476e-03
 1.560000000000e+01, 8.700000000000e-01, 1.150000000000e+00, 1.195492699371e-01, 2.773093613386e-03
 1.560000000000e+01, 8.700000000000e-01, 1.220000000000e+00, 1.144727885837e-01, 1.717741370295e-03
 1.560000000000e+01, 8.700000000000e-01, 1.290000000000e+00, 1.160357026014e-01, 1.616850008022e-03
 1.560000000000e+01, 8.700000000000e-01, 1.360000000000e+00, 1.175854420314e-01, 1.745830889215e-03
 1.560000000000e+01, 8.700000000000e-01, 1.430000000000e+00, 1.164449348069e-01, 1.748271889391e-03
 1.560000000000e+01, 9.400000000000e-01, 8.000000000000e-01, 9.619047426852e-02, 6.508967533634e-04
 1.560000000000e+01, 9.400000000000e-01, 8.700000000000e-01, 9.171957052370e-02, 6.513956967477e-04
 1.560000000000e+01, 9.400000000000e-01, 9.400000000000e-01, 8.912578313493e-02, 5.746749094777e-04
 1.560000000000e+01, 9.400000000000e-01, 1.010000000000e+00, 9.013060170759e-02, 7.341563196739e-04
 1.560000000000e+01, 9.400000000000e-01, 1.080000000000e+00, 9.023472166988e-02, 7.428612787991e-04
 1.560000000000e+01, 9.400000000000e-01, 1.150000000000e+00, 9.096195093641e-02, 6.579066125248e-04
 1.560000000000e+01, 9.400000000000e-01, 1.220000000000e+00, 9.258122333181e-02, 8.122387862003e-04
 1.560000000000e+01, 9.400000000000e-01, 1.290000000000e+00, 9.543402616430e-02, 1.040371991189e-03
 1.560000000000e+01, 9.400000000000e-01, 1.360000000000e+00, 9.358780468774e-02, 9.406222992762e-04
 1.560000000000e+01, 9.400000000000e-01, 1.430000000000e+00, 9.501954411407e-02, 7.487707306903e-04
 1.560000000000e+01, 1.010000000000e+00, 8.000000000000e-01, 8.817725535498e-02, 3.329706849508e-04
 1.560000000000e+01, 1.010000000000e+00, 8.700000000000e-01, 8.253044965799e-02, 2.193169208448e-04
 1.560000000000e+01, 1.010000000000e+00, 9.400000000000e-01, 8.097221715313e-02, 2.027585898031e-04
 1.560000000000e+01, 1.010000000000e+00, 1.010000000000e+00, 8.115429582550e-02, 2.382435701488e-04
 1.560000000000e+01, 1.010000000000e+00, 1.080000000000e+00, 8.147684425875e-02, 2.331160141888e-04
 1.560000000000e+01, 1.010000000000e+00, 1.150000000000e+00, 8.221330464093e-02, 2.358799848626e-04
 1.560000000000e+01, 1.010000000000e+00, 1.220000000000e+00, 8.381653970904e-02, 3.288332782941e-04
 1.560000000000e+01, 1.010000000000e+00, 1.290000000000e+00, 8.448706259082e-02, 3.123767199504e-04
 1.560000000000e+01, 1.010000000000e+00, 1.360000000000e+00, 8.522864532161e-02, 2.890809425799e-04
 1.560000000000e+01, 1.010000000000e+00, 1.430000000000e+00, 8.598248540934e-02, 3.085823314711e-04
 1.560000000000e+01, 1.080000000000e+00, 8.000000000000e-01, 8.633005504818e-02, 2.425982034390e-04
 1.560000000000e+01, 1.080000000000e+00, 8.700000000000e-01, 8.064623181786e-02, 1.001755539756e-04
 1.560000000000e+01, 1.080000000000e+00, 9.400000000000e-01, 7.920561309864e-02, 9.825708310596e-05
 1.560000000000e+01, 1.080000000000e+00, 1.010000000000e+00, 7.910527400810e-02, 1.136266971300e-04
 1.560000000000e+01, 1.080000000000e+00, 1.080000000000e+00, 7.965352851243e-02, 1.237676042826e-04
 1.560000000000e+01, 1.080000000000e+00, 1.150000000000e+00, 8.050982864115e-02, 1.217567999739e-04
 1.560000000000e+01, 1.080000000000e+00, 1.220000000000e+00, 8.112788130802e-02, 1.236169396859e-04
 1.560000000000e+01, 1.080000000000e+00, 1.290000000000e+00, 8.221831657690e-02, 1.289356340915e-04
 1.560000000000e+01, 1.080000000000e+00, 1.360000000000e+00, 8.279696192068e-02, 1.541465111082e-04
 1.560000000000e+01, 1.080000000000e+00, 1.430000000000e+00, 8.375085696217e-02, 1.242630502804e-04
 1.560000000000e+01, 1.150000000000e+00, 8.000000000000e-01, 8.643142654267e-02, 2.395384741488e-04
 1.560000000000e+01, 1.150000000000e+00, 8.700000000000e-01, 8.120853980427e-02, 7.874789162766e-05
 1.560000000000e+01, 1.150000000000e+00, 9.400000000000e-01, 7.937709245988e-02, 9.859325476956e-05
 1.560000000000e+01, 1.150000000000e+00, 1.010000000000e+00, 7.940532536873e-02, 1.045456067751e-04
 1.560000000000e+01, 1.150000000000e+00, 1.080000000000e+00, 7.996091027868e-02, 1.092809684831e-04
 1.560000000000e+01, 1.150000000000e+00, 1.150000000000e+00, 8.088489016205e-02, 1.094544981145e-04
 1.560000000000e+01, 1.150000000000e+00, 1.220000000000e+00, 8.141946866820e-02, 1.371506491664e-04
 1.560000000000e+01, 1.150000000000e+00, 1.290000000000e+00, 8.234866018425e-02, 1.205420232379e-04
 1.560000000000e+01, 1.150000000000e+00, 1.360000000000e+00, 8.327290081610e-02, 1.081879710622e-04
 1.560000000000e+01, 1.150000000000e+00, 1.430000000000e+00, 8.399923503126e-02, 1.198790107911e-04
 1.560000000000e+01, 1.220000000000e+00, 8.000000000000e-01, 8.737654395907e-02, 2.639114890911e-04
 1.560000000000e+01, 1.220000000000e+00, 8.700000000000e-01, 8.248084788568e-02, 8.812098420372e-05
 1.560000000000e+01, 1.220000000000e+00, 9.400000000000e-01, 8.077282502195e-02, 9.919753051701e-05
 1.560000000000e+01, 1.220000000000e+00, 1.010000000000e+00, 8.068772239241e-02, 1.772070493444e-04
 1.560000000000e+01, 1.220000000000e+00, 1.080000000000e+00, 8.115472596016e-02, 1.336650183915e-04
 1.560000000000e+01, 1.220000000000e+00, 1.150000000000e+00, 8.189346600457e-02, 1.568962124978e-04
 1.560000000000e+01, 1.220000000000e+00, 1.220000000000e+00, 8.298925929198e-02, 1.336195060935e-04
 1.560000000000e+01, 1.220000000000e+00, 1.290000000000e+00, 8.339769950842e-02, 1.725613132613e-04
 1.560000000000e+01, 1.220000000000e+00, 1.360000000000e+00, 8.455256881501e-02, 1.444770419103e-04
 1.560000000000e+01, 1.220000000000e+00, 1.430000000000e+00, 8.535222962597e-02, 1.136832898717e-04
 1.560000000000e+01, 1.290000000000e+00, 8.000000000000e-01, 8.921833186753e-02, 2.362424808370e-04
 1.560000000000e+01, 1.290000000000e+00, 8.700000000000e-01, 8.401355657465e-02, 9.424573387977e-05
 1.560000000000e+01, 1.290000000000e+00, 9.400000000000e-01, 8.253745808246e-02, 1.016438556856e-04
 1.560000000000e+01, 1.290000000000e+00, 1.010000000000e+00, 8.246046578156e-02, 1.186225393437e-04
 1.560000000000e+01, 1.290000000000e+00, 1.080000000000e+00, 8.282521071554e-02, 1.243309664297e-04
 1.560000000000e+01, 1.290000000000e+00, 1.150000000000e+00, 8.342058815018e-02, 1.453895140362e-04
 1.560000000000e+01, 1.290000000000e+00, 1.220000000000e+00, 8.433085160981e-02, 1.351254690347e-04
 1.560000000000e+01, 1.290000000000e+00, 1.290000000000e+00, 8.526293540732e-02, 1.462393573529e-04
 1.560000000000e+01, 1.290000000000e+00, 1.360000000000e+00, 8.613445295054e-02, 1.417911528671e-04
 1.560000000000e+01, 1.290000000000e+00, 1.430000000000e+00, 8.704051536631e-02, 1.285069127689e-04
 1.560000000000e+01, 1.360000000000e+00, 8.000000000000e-01, 9.096061470632e-02, 2.357966479539e-04
 1.560000000000e+01, 1.360000000000e+00, 8.700000000000e-01, 8.564927518277e-02, 9.572203885200e-05
 1.560000000000e+01, 1.360000000000e+00, 9.400000000000e-01, 8.382905306133e-02, 1.156442520163e-04
 1.560000000000e+01, 1.360000000000e+00, 1.010000000000e+00, 8.379726867804e-02, 1.357489680276e-04
 1.560000000000e+01, 1.360000000000e+00, 1.080000000000e+00, 8.457441568806e-02, 1.286625824452e-04
 1.560000000000e+01, 1.360000000000e+00, 1.150000000000e+00, 8.534707404993e-02, 1.189983996276e-04
 1.560000000000e+01, 1.360000000000e+00, 1.220000000000e+00, 8.592496667928e-02, 1.868393098150e-04
 1.560000000000e+01, 1.360000000000e+00, 1.290000000000e+00, 8.681050654536e-02, 1.412993902191e-04
 1.560000000000e+01, 1.360000000000e+00, 1.360000000000e+00, 8.772479076284e-02, 1.438344297065e-04
 1.560000000000e+01, 1.360000000000e+00, 1.430000000000e+00, 8.878762943193e-02, 1.304977835613e-04
 1.560000000000e+01, 1.430000000000e+00, 8.000000000000e-01, 9.202075892020e-02, 2.292215484416e-04
 1.560000000000e+01, 1.430000000000e+00, 8.700000000000e-01, 8.711582546611e-02, 9.868733824447e-05
 1.560000000000e+01, 1.430000000000e+00, 9.400000000000e-01, 8.552977048055e-02, 1.057448692223e-04
 1.560000000000e+01, 1.430000000000e+00, 1.010000000000e+00, 8.532746056213e-02, 1.503893673907e-04
 1.560000000000e+01, 1.430000000000e+00, 1.080000000000e+00, 8.579038987591e-02, 1.670611606067e-04
 1.560000000000e+01, 1.430000000000e+00, 1.150000000000e+00, 8.660190722729e-02, 1.467799415250e-04
 1.560000000000e+01, 1.430000000000e+00, 1.220000000000e+00, 8.763531647044e-02, 1.343281636837e-04
 1.560000000000e+01, 1.430000000000e+00, 1.290000000000e+00, 8.827653685635e-02, 1.463272882998e-04
 1.560000000000e+01, 1.430000000000e+00, 1.360000000000e+00, 8.919754054972e-02, 1.479328047000e-04
 1.560000000000e+01, 1.430000000000e+00, 1.430000000000e+00, 9.005817702281e-02, 1.390131726779e-04
 1.590000000000e+01, 8.000000000000e-01, 8.000000000000e-01, 1.712002312941e-01, 3.414458574990e-03
 1.590000000000e+01, 8.000000000000e-01, 8.700000000000e-01, 1.722923131748e-01, 5.652553762920e-03
 1.590000000000e+01, 8.000000000000e-01, 9.400000000000e-01, 1.658736593647e-01, 3.851674897921e-03
 1.590000000000e+01, 8.000000000000e-01, 1.010000000000e+00, 1.717418704208e-01, 4.225377274446e-03
 1.590000000000e+01, 8.000000000000e-01, 1.080000000000e+00, 1.772108602007e-01, 5.345046640478e-03
 1.590000000000e+01, 8.000000000000e-01, 1.150000000000e+00, 1.701569827674e-01, 5.033050749642e-03
 1.590000000000e+01, 8.000000000000e-01, 1.220000000000e+00, 1.807886832136e-01, 5.052945020148e-03
 1.590000000000e+01, 8.000000000000e-01, 1.290000000000e+00, 1.712081223647e-01, 4.006907515757e-03
 1.590000000000e+01, 8.000000000000e-01, 1.360000000000e+00, 1.681218716552e-01, 4.016508963436e-03
 1.590000000000e+01, 8.000000000000e-01, 1.430000000000e+00, 1.834635673815e-01, 5.522191686317e-03
 1.590000000000e+01, 8.700000000000e-01, 8.000000000000e-01, 1.237664830329e-01, 3.123177181908e-03
 1.590000000000e+01, 8.700000000000e-01, 8.700000000000e-01, 1.120273789877e-01, 1.381695259314e-03
 1.590000000000e+01, 8.700000000000e-01, 9.400000000000e-01, 1.082583779036e-01, 1.450921804188e-03
 1.590000000000e+01, 8.700000000000e-01, 1.010000000000e+00, 1.126532787652e-01, 1.582139099732e-03
 1.590000000000e+01, 8.700000000000e-01, 1.080000000000e+00, 1.161469409895e-01, 2.210658708354e-03
 1.590000000000e+01, 8.700000000000e-01, 1.150000000000e+00, 1.125020067519e-01, 1.807180774146e-03
 1.590000000000e+01, 8.700000000000e-01, 1.220000000000e+00, 1.153262710145e-01, 1.935331050514e-03
 1.590000000000e+01, 8.700000000000e-01, 1.290000000000e+00, 1.132563193876e-01, 1.616965191850e-03
 1.590000000000e+01, 8.700000000000e-01, 1.360000000000e+00, 1.121879278333e-01, 1.487463318121e-03
 1.590000000000e+01, 8.700000000000e-01, 1.430000000000e+00, 1.148117664107e-01, 1.525904215516e-03
 1.590000000000e+01, 9.400000000000e-01, 8.000000000000e-01, 9.530614967816e-02, 6.119794029691e-04
 1.590000000000e+01, 9.400000000000e-01, 8.700000000000e-01, 9.074011094629e-02, 6.087683500894e-04
 1.590000000000e+01, 9.400000000000e-01, 9.400000000000e-01, 8.982678727400e-02, 6.269229630669e-04
 1.590000000000e+01, 9.400000000000e-01, 1.010000000000e+00, 8.918408354593e-02, 7.498206158447e-04
 1.590000000000e+01, 9.400000000000e-01, 1.080000000000e+00, 8.883141294776e-02, 5.943277539077e-04
 1.590000000000e+01, 9.400000000000e-01, 1.150000000000e+00, 9.115832707774e-02, 8.769924492508e-04
 1.590000000000e+01, 9.400000000000e-01, 1.220000000000e+00, 8.991715114278e-02, 5.232110520541e-04
 1.590000000000e+01, 9.400000000000e-01, 1.290000000000e+00, 9.162090787025e-02, 6.082473550861e-04
 1.590000000000e+01, 9.400000000000e-01, 1.360000000000e+00, 9.277360896397e-02, 6.941788934623e-04
 1.590000000000e+01, 9.400000000000e-01, 1.430000000000e+00, 9.288635468748e-02, 6.494418383480e-04
 1.590000000000e+01, 1.010000000000e+00, 8.000000000000e-01, 8.801698942082e-02, 3.323141746519e-04
 1.590000000000e+01, 1.010000000000e+00, 8.700000000000e-01, 8.308553404228e-02, 2.680316007104e-04
 1.590000000000e+01, 1.010000000000e+00, 9.400000000000e-01, 8.106515775395e-02, 2.348898108011e-04
 1.590000000000e+01, 1.010000000000e+00, 1.010000000000e+00, 8.090309991452e-02, 2.089682451367e-04
 1.590000000000e+01, 1.010000000000e+00, 1.080000000000e+00, 8.153769752773e-02, 2.700970597678e-04
 1.590000000000e+01, 1.010000000000e+00, 1.150000000000e+00, 8.240292290185e-02, 2.555427812500e-04
 1.590000000000e+01, 1.010000000000e+00, 1.220000000000e+00, 8.318150602876e-02, 2.688520273931e-04
 1.590000000000e+01, 1.010000000000e+00, 1.290000000000e+00, 8.400890685402e-02, 3.317972727763e-04
 1.590000000000e+01, 1.010000000000e+00, 1.360000000000e+00, 8.483030253058e-02, 2.700110408750e-04
 1.590000000000e+01, 1.010000000000e+00, 1.430000000000e+00, 8.494551942322e-02, 2.241510819677e-04
 1.590000000000e+01, 1.080000000000e+00, 8.000000000000e-01, 8.618250241201e-02, 2.592087771560e-04
 1.590000000000e+01, 1.080000000000e+00, 8.700000000000e-01, 8.054642837251e-02, 9.984430682262e-05
 1.590000000000e+01, 1.080000000000e+00, 9.400000000000e-01, 7.908577264378e-02, 9.254638903398e-05
 1.590000000000e+01, 1.080000000000e+00, 1.010000000000e+00, 7.915197015707e-02, 1.117044449820e-04
 1.590000000000e+01, 1.080000000000e+00, 1.080000000000e+00, 7.948553729206e-02, 1.117316707699e-04
 1.590000000000e+01, 1.080000000000e+00, 1.150000000000e+00, 8.013902666440e-02, 1.647304243325e-04
 1.590000000000e+01, 1.080000000000e+00, 1.220000000000e+00, 8.103718131545e-02, 1.108222917362e-04
 1.590000000000e+01, 1.080000000000e+00, 1.290000000000e+00, 8.158842866162e-02, 1.272440009152e-04
 1.590000000000e+01, 1.080000000000e+00, 1.360000000000e+00, 8.243488180641e-02, 1.287108351025e-04
 1.590000000000e+01, 1.080000000000e+00, 1.430000000000e+00, 8.367022647873e-02, 1.525812526564e-04
 1.590000000000e+01, 1.150000000000e+00, 8.000000000000e-01, 8.629660571372e-02, 3.416690989743e-04
 1.590000000000e+01, 1.150000000000e+00, 8.700000000000e-01, 8.094757872085e-02, 7.607349360242e-05
 1.590000000000e+01, 1.150000000000e+00, 9.400000000000e-01, 7.920435122958e-02, 1.005092371612e-04
 1.590000000000e+01, 1.150000000000e+00, 1.010000000000e+00, 7.924666004773e-02, 9.462173859457e-05
 1.590000000000e+01, 1.150000000000e+00, 1.080000000000e+00, 7.971893780177e-02, 1.080717312607e-04
 1.590000000000e+01, 1.150000000000e+00, 1.150000000000e+00, 8.050346102940e-02, 1.060968958433e-04
 1.590000000000e+01, 1.150000000000e+00, 1.220000000000e+00, 8.118988397808e-02, 1.322183094032e-04
 1.590000000000e+01, 1.150000000000e+00, 1.290000000000e+00, 8.204727882866e-02, 1.249058311868e-04
 1.590000000000e+01, 1.150000000000e+00, 1.360000000000e+00, 8.322592741673e-02, 9.408518735087e-05
 1.590000000000e+01, 1.150000000000e+00, 1.430000000000e+00, 8.383638664480e-02, 1.118148906272e-04
 1.590000000000e+01, 1.220000000000e+00, 8.000000000000e-01, 8.724588531088e-02, 2.367511992289e-04
 1.590000000000e+01, 1.220000000000e+00, 8.700000000000e-01, 8.199206500576e-02, 9.395435571151e-05
 1.590000000000e+01, 1.220000000000e+00, 9.400000000000e-01, 8.061746507324e-02, 9.995028439707e-05
 1.590000000000e+01, 1.220000000000e+00, 1.010000000000e+00, 8.065335927768e-02, 1.123168471272e-04
 1.590000000000e+01, 1.220000000000e+00, 1.080000000000e+00, 8.102434879357e-02, 1.284755914289e-04
 1.590000000000e+01, 1.220000000000e+00, 1.150000000000e+00, 8.179178817962e-02, 1.506240857648e-04
 1.590000000000e+01, 1.220000000000e+00, 1.220000000000e+00, 8.259741199662e-02, 1.597882988711e-04
 1.590000000000e+01, 1.220000000000e+00, 1.290000000000e+00, 8.344394021910e-02, 1.286513647471e-04
 1.590000000000e+01, 1.220000000000e+00, 1.360000000000e+00, 8.438297341351e-02, 1.128003711340e-04
 1.590000000000e+01, 1.220000000000e+00, 1.430000000000e+00, 8.513367051099e-02, 1.341669697513e-04
 1.590000000000e+01, 1.290000000000e+00, 8.000000000000e-01, 8.866442996702e-02, 2.333803401922e-04
 1.590000000000e+01, 1.290000000000e+00, 8.700000000000e-01, 8.369057386930e-02, 9.739111984193e-05
 1.590000000000e+01, 1.290000000000e+00, 9.400000000000e-01, 8.228283019861e-02, 1.061845159488e-04
 1.590000000000e+01, 1.290000000000e+00, 1.010000000000e+00, 8.188133115281e-02, 1.360222644379e-04
 1.590000000000e+01, 1.290000000000e+00, 1.080000000000e+00, 8.271166691914e-02, 1.211970939094e-04
 1.590000000000e+01, 1.290000000000e+00, 1.150000000000e+00, 8.346311020014e-02, 1.246174458929e-04
 1.590000000000e+01, 1.290000000000e+00, 1.220000000000e+00, 8.436398486712e-02, 1.153419693785e-04
 1.590000000000e+01, 1.290000000000e+00, 1.290000000000e+00, 8.532956187116e-02, 1.173559936480e-04
 1.590000000000e+01, 1.290000000000e+00, 1.360000000000e+00, 8.597835528098e-02, 1.262613367374e-04
 1.590000000000e+01, 1.290000000000e+00, 1.430000000000e+00, 8.665570960008e-02, 1.329789513970e-04
 1.590000000000e+01, 1.360000000000e+00, 8.000000000000e-01, 9.032576936292e-02, 3.151695356005e-04
 1.590000000000e+01, 1.360000000000e+00, 8.700000000000e-01, 8.526494498926e-02, 1.036443809727e-04
 1.590000000000e+01, 1.360000000000e+00, 9.400000000000e-01, 8.368540498665e-02, 1.043677165110e-04
 1.590000000000e+01, 1.360000000000e+00, 1.010000000000e+00, 8.366058982268e-02, 1.185952448179e-04
 1.590000000000e+01, 1.360000000000e+00, 1.080000000000e+00, 8.399686301280e-02, 1.605742127301e-04
 1.590000000000e+01, 1.360000000000e+00, 1.150000000000e+00, 8.502915566358e-02, 1.214634392934e-04
 1.590000000000e+01, 1.360000000000e+00, 1.220000000000e+00, 8.573867175306e-02, 1.400297044893e-04
 1.590000000000e+01, 1.360000000000e+00, 1.290000000000e+00, 8.652775655977e-02, 1.545486681204e-04
 1.590000000000e+01, 1.360000000000e+00, 1.360000000000e+00, 8.728122586113e-02, 1.631022489122e-04
 1.590000000000e+01, 1.360000000000e+00, 1.430000000000e+00, 8.839686579101e-02, 1.344886808020e-04
 1.590000000000e+01, 1.430000000000e+00, 8.000000000000e-01, 9.240443559696e-02, 2.701611061192e-04
 1.590000000000e+01, 1.430000000000e+00, 8.700000000000e-01, 8.672550350224e-02, 1.092674206128e-04
 1.590000000000e+01, 1.430000000000e+00, 9.400000000000e-01, 8.533716335909e-02, 1.265083779402e-04
 1.590000000000e+01, 1.430000000000e+00, 1.010000000000e+00, 8.492835038815e-02, 1.873318189375e-04
 1.590000000000e+01, 1.430000000000e+00, 1.080000000000e+00, 8.588003406999e-02, 1.248066795451e-04
 1.590000000000e+01, 1.430000000000e+00, 1.150000000000e+00, 8.654306120513e-02, 1.500111681901e-04
 1.590000000000e+01, 1.430000000000e+00, 1.220000000000e+00, 8.703288407806e-02, 1.514931126056e-04
 1.590000000000e+01, 1.430000000000e+00, 1.290000000000e+00, 8.823599493535e-02, 1.231042897469e-04
 1.590000000000e+01, 1.430000000000e+00, 1.360000000000e+00, 8.898323409258e-02, 1.385405750223e-04
 1.590000000000e+01, 1.430000000000e+00, 1.430000000000e+00, 8.972916419197e-02, 1.424082369854e-04
 1.620000000000e+01, 8.000000000000e-01, 8.000000000000e-01, 1.751668215893e-01, 3.623988414045e-03
 1.620000000000e+01, 8.000000000000e-01, 8.700000000000e-01, 1.704845968905e-01, 4.433376575503e-03
 1.620000000000e+01, 8.000000000000e-01, 9.400000000000e-01, 1.681835027825e-01, 3.977056486224e-03
 1.620000000000e+01, 8.000000000000e-01, 1.010000000000e+00, 1.760161745401e-01, 4.861563633276e-03
 1.620000000000e+01, 8.000000000000e-01, 1.080000000000e+00, 1.644099443310e-01, 4.034564911666e-03
 1.620000000000e+01, 8.000000000000e-01, 1.150000000000e+00, 1.722521384855e-01, 5.106431953351e-03
 1.620000000000e+01, 8.000000000000e-01, 1.220000000000e+00, 1.673975887470e-01, 4.078992087973e-03
 1.620000000000e+01, 8.000000000000e-01, 1.290000000000e+00, 1.663688641480e-01, 3.568402054534e-03
 1.620000000000e+01, 8.000000000000e-01, 1.360000000000e+00, 1.834188222647e-01, 5.388412240943e-03
 1.620000000000e+01, 8.000000000000e-01, 1.430000000000e+00, 1.704045244497e-01, 4.073107928353e-03
 1.620000000000e+01, 8.700000000000e-01, 8.000000000000e-01, 1.178308481005e-01, 1.593260898843e-03
 1.620000000000e+01, 8.700000000000e-01, 8.700000000000e-01, 1.127790753548e-01, 1.690534075210e-03
 1.620000000000e+01, 8.700000000000e-01, 9.400000000000e-01, 1.111825845747e-01, 1.592981499657e-03
 1.620000000000e+01, 8.700000000000e-01, 1.010000000000e+00, 1.108781594348e-01, 1.501623923443e-03
 1.620000000000e+01, 8.700000000000e-01, 1.080000000000e+00, 1.128230129827e-01, 1.733943366224e-03
 1.620000000000e+01, 8.700000000000e-01, 1.150000000000e+00, 1.120537200142e-01, 1.514133839498e-03
 1.620000000000e+01, 8.700000000000e-01, 1.220000000000e+00, 1.142057190020e-01, 2.538037760908e-03
 1.620000000000e+01, 8.700000000000e-01, 1.290000000000e+00, 1.133702263399e-01, 2.133865508879e-03
 1.620000000000e+01, 8.700000000000e-01, 1.360000000000e+00, 1.170217592605e-01, 1.800565828971e-03
 1.620000000000e+01, 8.700000000000e-01, 1.430000000000e+00, 1.172491760225e-01, 2.002921262779e-03
 1.620000000000e+01, 9.400000000000e-01, 8.000000000000e-01, 9.521091560654e-02, 6.515890560064e-04
 1.620000000000e+01, 9.400000000000e-01, 8.700000000000e-01, 8.929774344692e-02, 5.074833339938e-04
 1.620000000000e+01, 9.400000000000e-01, 9.400000000000e-01, 8.929357839187e-02, 7.437282481318e-04
 1.620000000000e+01, 9.400000000000e-01, 1.010000000000e+00, 8.782819786713e-02, 7.603159222443e-04
 1.620000000000e+01, 9.400000000000e-01, 1.080000000000e+00, 8.941536037613e-02, 6.549021121872e-04
 1.620000000000e+01, 9.400000000000e-01, 1.150000000000e+00, 9.159969667256e-02, 8.265623205315e-04
 1.620000000000e+01, 9.400000000000e-01, 1.220000000000e+00, 9.096878862134e-02, 6.982089046693e-04
 1.620000000000e+01, 9.400000000000e-01, 1.290000000000e+00, 9.107118431334e-02, 7.302504207980e-04
 1.620000000000e+01, 9.400000000000e-01, 1.360000000000e+00, 9.183154067172e-02, 6.572587416510e-04
 1.620000000000e+01, 9.400000000000e-01, 1.430000000000e+00, 9.278016674643e-02, 6.332424390696e-04
 1.620000000000e+01, 1.010000000000e+00, 8.000000000000e-01, 8.794573516749e-02, 3.510086269396e-04
 1.620000000000e+01, 1.010000000000e+00, 8.700000000000e-01, 8.251129848005e-02, 2.755838617975e-04
 1.620000000000e+01, 1.010000000000e+00, 9.400000000000e-01, 8.079881262406e-02, 2.169457070228e-04
 1.620000000000e+01, 1.010000000000e+00, 1.010000000000e+00, 8.120753734916e-02, 2.784510430611e-04
 1.620000000000e+01, 1.010000000000e+00, 1.080000000000e+00, 8.090913067121e-02, 2.524974968211e-04
 1.620000000000e+01, 1.010000000000e+00, 1.150000000000e+00, 8.212183161844e-02, 2.705073548072e-04
 1.620000000000e+01, 1.010000000000e+00, 1.220000000000e+00, 8.319961098014e-02, 2.766897535716e-04
 1.620000000000e+01, 1.010000000000e+00, 1.290000000000e+00, 8.334202493337e-02, 2.335379626345e-04
 1.620000000000e+01, 1.010000000000e+00, 1.360000000000e+00, 8.469494025327e-02, 2.795151983668e-04
 1.620000000000e+01, 1.010000000000e+00, 1.430000000000e+00, 8.549606256881e-02, 2.690659275603e-04
 1.620000000000e+01, 1.080000000000e+00, 8.000000000000e-01, 8.536690083639e-02, 2.156225983221e-04
 1.620000000000e+01, 1.080000000000e+00, 8.700000000000e-01, 8.037152262146e-02, 1.009491918873e-04
 1.620000000000e+01, 1.080000000000e+00, 9.400000000000e-01, 7.879488235545e-02, 1.212805168426e-04
 1.620000000000e+01, 1.080000000000e+00, 1.010000000000e+00, 7.879648226382e-02, 1.370671260171e-04
 1.620000000000e+01, 1.080000000000e+00, 1.080000000000e+00, 7.932850314772e-02, 1.087419811296e-04
 1.620000000000e+01, 1.080000000000e+00, 1.150000000000e+00, 7.991799506022e-02, 1.121617402441e-04
 1.620000000000e+01, 1.080000000000e+00, 1.220000000000e+00, 8.079826064383e-02, 1.359825552819e-04
 1.620000000000e+01, 1.080000000000e+00, 1.290000000000e+00, 8.155184585636e-02, 2.000961583908e-04
 1.620000000000e+01, 1.080000000000e+00, 1.360000000000e+00, 8.244657951784e-02, 1.265140528836e-04
 1.620000000000e+01, 1.080000000000e+00, 1.430000000000e+00, 8.346328672918e-02, 1.109589254284e-04
 1.620000000000e+01, 1.150000000000e+00, 8.000000000000e-01, 8.577515897869e-02, 2.385671978124e-04
 1.620000000000e+01, 1.150000000000e+00, 8.700000000000e-01, 8.061387908753e-02, 7.894326874059e-05
 1.620000000000e+01, 1.150000000000e+00, 9.400000000000e-01, 7.917219942552e-02, 9.285032283857e-05
 1.620000000000e+01, 1.150000000000e+00, 1.010000000000e+00, 7.902707204275e-02, 1.297378707668e-04
 1.620000000000e+01, 1.150000000000e+00, 1.080000000000e+00, 7.958057542425e-02, 1.169879612831e-04
 1.620000000000e+01, 1.150000000000e+00, 1.150000000000e+00, 8.037787449657e-02, 1.163991392153e-04
 1.620000000000e+01, 1.150000000000e+00, 1.220000000000e+00, 8.137872631498e-02, 1.008790781564e-04
 1.620000000000e+01, 1.150000000000e+00, 1.290000000000e+00, 8.200832292315e-02, 1.244296019653e-04
 1.620000000000e+01, 1.150000000000e+00, 1.360000000000e+00, 8.282473933487e-02, 1.261676332401e-04
 1.620000000000e+01, 1.150000000000e+00, 1.430000000000e+00, 8.360277529246e-02, 1.036327257233e-04
 1.620000000000e+01, 1.220000000000e+00, 8.000000000000e-01, 8.662440560755e-02, 2.203827897396e-04
 1.620000000000e+01, 1.220000000000e+00, 8.700000000000e-01, 8.199954378169e-02, 8.821049699641e-05
 1.620000000000e+01, 1.220000000000e+00, 9.400000000000e-01, 8.035783694314e-02, 1.051947405027e-04
 1.620000000000e+01, 1.220000000000e+00, 1.010000000000e+00, 8.048321561434e-02, 1.063415587711e-04
 1.620000000000e+01, 1.220000000000e+00, 1.080000000000e+00, 8.097905633494e-02, 1.157944571456e-04
 1.620000000000e+01, 1.220000000000e+00, 1.150000000000e+00, 8.165710760854e-02, 1.418916458330e-04
 1.620000000000e+01, 1.220000000000e+00, 1.220000000000e+00, 8.262913421979e-02, 1.184620018809e-04
 1.620000000000e+01, 1.220000000000e+00, 1.290000000000e+00, 8.349361605170e-02, 1.145673571632e-04
 1.620000000000e+01, 1.220000000000e+00, 1.360000000000e+00, 8.406351953634e-02, 1.147472134543e-04
 1.620000000000e+01, 1.220000000000e+00, 1.430000000000e+00, 8.508058183002e-02, 1.082548341871e-04
 1.620000000000e+01, 1.290000000000e+00, 8.000000000000e-01, 8.833982325175e-02, 2.215634700271e-04
 1.620000000000e+01, 1.290000000000e+00, 8.700000000000e-01, 8.336666525004e-02, 1.433498225846e-04
 1.620000000000e+01, 1.290000000000e+00, 9.400000000000e-01, 8.197050754364e-02, 1.001270056992e-04
 1.620000000000e+01, 1.290000000000e+00, 1.010000000000e+00, 8.193206465964e-02, 1.290502571403e-04
 1.620000000000e+01, 1.290000000000e+00, 1.080000000000e+00, 8.229395832308e-02, 1.577787592471e-04
 1.620000000000e+01, 1.290000000000e+00, 1.150000000000e+00, 8.301657236517e-02, 1.465570930348e-04
 1.620000000000e+01, 1.290000000000e+00, 1.220000000000e+00, 8.398011703394e-02, 1.304213695176e-04
 1.620000000000e+01, 1.290000000000e+00, 1.290000000000e+00, 8.471613821475e-02, 1.319369300499e-04
 1.620000000000e+01, 1.290000000000e+00, 1.360000000000e+00, 8.544066977908e-02, 1.413477405617e-04
 1.620000000000e+01, 1.290000000000e+00, 1.430000000000e+00, 8.617892101179e-02, 1.380883857906e-04
 1.620000000000e+01, 1.360000000000e+00, 8.000000000000e-01, 9.005050356876e-02, 2.766201264353e-04
 1.620000000000e+01, 1.360000000000e+00, 8.700000000000e-01, 8.490360984007e-02, 1.016494347695e-04
 1.620000000000e+01, 1.360000000000e+00, 9.400000000000e-01, 8.352722187809e-02, 1.137767893817e-04
 1.620000000000e+01, 1.360000000000e+00, 1.010000000000e+00, 8.330296769229e-02, 1.415133493796e-04
 1.620000000000e+01, 1.360000000000e+00, 1.080000000000e+00, 8.416034700583e-02, 1.218762895981e-04
 1.620000000000e+01, 1.360000000000e+00, 1.150000000000e+00, 8.477343891407e-02, 1.362389606149e-04
 1.620000000000e+01, 1.360000000000e+00, 1.220000000000e+00, 8.539961732262e-02, 1.235262232460e-04
 1.620000000000e+01, 1.360000000000e+00, 1.290000000000e+00, 8.635471068498e-02, 1.344593959053e-04
 1.620000000000e+01, 1.360000000000e+00, 1.360000000000e+00, 8.710610105793e-02, 1.542288585676e-04
 1.620000000000e+01, 1.360000000000e+00, 1.430000000000e+00, 8.817494746851e-02, 1.280010281239e-04
 1.620000000000e+01, 1.430000000000e+00, 8.000000000000e-01, 9.123661401725e-02, 2.393266346760e-04
 1.620000000000e+01, 1.430000000000e+00, 8.700000000000e-01, 8.653325577952e-02, 1.029165292625e-04
 1.620000000000e+01, 1.430000000000e+00, 9.400000000000e-01, 8.466334181638e-02, 1.212306621651e-04
 1.620000000000e+01, 1.430000000000e+00, 1.010000000000e+00, 8.466900806037e-02, 1.692857064179e-04
 1.620000000000e+01, 1.430000000000e+00, 1.080000000000e+00, 8.533086144347e-02, 1.402179256723e-04
 1.620000000000e+01, 1.430000000000e+00, 1.150000000000e+00, 8.615491017590e-02, 1.291308901367e-04
 1.620000000000e+01, 1.430000000000e+00, 1.220000000000e+00, 8.699262784975e-02, 1.420773877959e-04
 1.620000000000e+01, 1.430000000000e+00, 1.290000000000e+00, 8.797433900420e-02, 1.495286663697e-04
 1.620000000000e+01, 1.430000000000e+00, 1.360000000000e+00, 8.849291729203e-02, 1.344821191869e-04
 1.620000000000e+01, 1.430000000000e+00, 1.430000000000e+00, 8.935898631841e-02, 1.502119192466e-04
 1.650000000000e+01, 8.000000000000e-01, 8.000000000000e-01, 1.685780979700e-01, 3.293198686869e-03
 1.650000000000e+01, 8.000000000000e-01, 8.700000000000e-01, 1.716698611917e-01, 4.943251089809e-03
 1.650000000000e+01, 8.000000000000e-01, 9.400000000000e-01, 1.562815662374e-01, 4.409364931785e-03
 1.650000000000e+01, 8.000000000000e-01, 1.010000000000e+00, 1.731081032999e-01, 5.049028000155e-03
 1.650000000000e+01, 8.000000000000e-01, 1.080000000000e+00, 1.630902923137e-01, 4.269545489319e-03
 1.650000000000e+01, 8.000000000000e-01, 1.150000000000e+00, 1.658003418217e-01, 4.645025359899e-03
 1.650000000000e+01, 8.000000000000e-01, 1.220000000000e+00, 1.708021102574e-01, 4.758966270530e-03
 1.650000000000e+01, 8.000000000000e-01, 1.290000000000e+00, 1.651196293776e-01, 3.738106578550e-03
 1.650000000000e+01, 8.000000000000e-01, 1.360000000000e+00, 1.755825506074e-01, 5.493071056289e-03
 1.650000000000e+01, 8.000000000000e-01, 1.430000000000e+00, 1.680977814424e-01, 3.922695975082e-03
 1.650000000000e+01, 8.700000000000e-01, 8.000000000000e-01, 1.188422580639e-01, 1.754960835820e-03
 1.650000000000e+01, 8.700000000000e-01, 8.700000000000e-01, 1.118964078746e-01, 1.721324180245e-03
 1.650000000000e+01, 8.700000000000e-01, 9.400000000000e-01, 1.085928845356e-01, 1.481305016459e-03
 1.650000000000e+01, 8.700000000000e-01, 1.010000000000e+00, 1.108893864139e-01, 1.733211046355e-03
 1.650000000000e+01, 8.700000000000e-01, 1.080000000000e+00, 1.093204985031e-01, 1.479934405409e-03
 1.650000000000e+01, 8.700000000000e-01, 1.150000000000e+00, 1.130580589634e-01, 1.929990238917e-03
 1.650000000000e+01, 8.700000000000e-01, 1.220000000000e+00, 1.115359725058e-01, 1.616288966374e-03
 1.650000000000e+01, 8.700000000000e-01, 1.290000000000e+00, 1.131746398206e-01, 1.788705764247e-03
 1.650000000000e+01, 8.700000000000e-01, 1.360000000000e+00, 1.122183983736e-01, 1.721289845375e-03
 1.650000000000e+01, 8.700000000000e-01, 1.430000000000e+00, 1.134166908596e-01, 1.602002371809e-03
 1.650000000000e+01, 9.400000000000e-01, 8.000000000000e-01, 9.426863502926e-02, 6.162260834533e-04
 1.650000000000e+01, 9.400000000000e-01, 8.700000000000e-01, 8.981176633463e-02, 5.679720477187e-04
 1.650000000000e+01, 9.400000000000e-01, 9.400000000000e-01, 8.826782162136e-02, 5.833715438679e-04
 1.650000000000e+01, 9.400000000000e-01, 1.010000000000e+00, 8.839210515483e-02, 6.140240388410e-04
 1.650000000000e+01, 9.400000000000e-01, 1.080000000000e+00, 8.861364564490e-02, 6.244873562688e-04
 1.650000000000e+01, 9.400000000000e-01, 1.150000000000e+00, 9.005280538352e-02, 6.713468092744e-04
 1.650000000000e+01, 9.400000000000e-01, 1.220000000000e+00, 8.954845584134e-02, 5.986975167844e-04
 1.650000000000e+01, 9.400000000000e-01, 1.290000000000e+00, 9.132784396605e-02, 7.107506306161e-04
 1.650000000000e+01, 9.400000000000e-01, 1.360000000000e+00, 9.109906318572e-02, 6.287781100928e-04
 1.650000000000e+01, 9.400000000000e-01, 1.430000000000e+00, 9.310216904435e-02, 7.315315952668e-04
 1.650000000000e+01, 1.010000000000e+00, 8.000000000000e-01, 8.734336574396e-02, 3.595277581430e-04
 1.650000000000e+01, 1.010000000000e+00, 8.700000000000e-01, 8.225671151096e-02, 2.255000346436e-04
 1.650000000000e+01, 1.010000000000e+00, 9.400000000000e-01, 8.055683250175e-02, 2.203775378133e-04
 1.650000000000e+01, 1.010000000000e+00, 1.010000000000e+00, 8.057590957320e-02, 2.002139573125e-04
 1.650000000000e+01, 1.010000000000e+00, 1.080000000000e+00, 8.097404156729e-02, 2.428119896730e-04
 1.650000000000e+01, 1.010000000000e+00, 1.150000000000e+00, 8.211304250030e-02, 2.845463463674e-04
 1.650000000000e+01, 1.010000000000e+00, 1.220000000000e+00, 8.251572855785e-02, 2.438656869818e-04
 1.650000000000e+01, 1.010000000000e+00, 1.290000000000e+00, 8.295003151732e-02, 2.291388720528e-04
 1.650000000000e+01, 1.010000000000e+00, 1.360000000000e+00, 8.449286990921e-02, 3.185346867014e-04
 1.650000000000e+01, 1.010000000000e+00, 1.430000000000e+00, 8.557391599120e-02, 3.021996809504e-04
 1.650000000000e+01, 1.080000000000e+00, 8.000000000000e-01, 8.553298610272e-02, 2.564132792717e-04
 1.650000000000e+01, 1.080000000000e+00, 8.700000000000e-01, 8.015924432205e-02, 8.974341398685e-05
 1.650000000000e+01, 1.080000000000e+00, 9.400000000000e-01, 7.884828431707e-02, 9.254542185839e-05
 1.650000000000e+01, 1.080000000000e+00, 1.010000000000e+00, 7.874361868868e-02, 1.042489470185e-04
 1.650000000000e+01, 1.080000000000e+00, 1.080000000000e+00, 7.940874965303e-02, 1.019126008020e-04
 1.650000000000e+01, 1.080000000000e+00, 1.150000000000e+00, 8.009202564816e-02, 1.247873364892e-04
 1.650000000000e+01, 1.080000000000e+00, 1.220000000000e+00, 8.070649920062e-02, 1.114405599828e-04
 1.650000000000e+01, 1.080000000000e+00, 1.290000000000e+00, 8.159518779024e-02, 1.248376456600e-04
 1.650000000000e+01, 1.080000000000e+00, 1.360000000000e+00, 8.237048834286e-02, 1.560617955402e-04
 1.650000000000e+01, 1.080000000000e+00, 1.430000000000e+00, 8.313604317648e-02, 1.113583996586e-04
 1.650000000000e+01, 1.150000000000e+00, 8.000000000000e-01, 8.557746130302e-02, 2.287646644204e-04
 1.650000000000e+01, 1.150000000000e+00, 8.700000000000e-01, 8.077964803436e-02, 7.391725673957e-05
 1.650000000000e+01, 1.150000000000e+00, 9.400000000000e-01, 7.905154214852e-02, 8.789892321630e-05
 1.650000000000e+01, 1.150000000000e+00, 1.010000000000e+00, 7.913325172286e-02, 1.019993153898e-04
 1.650000000000e+01, 1.150000000000e+00, 1.080000000000e+00, 7.943980522725e-02, 1.257697992774e-04
 1.650000000000e+01, 1.150000000000e+00, 1.150000000000e+00, 8.013865642808e-02, 1.158832897141e-04
 1.650000000000e+01, 1.150000000000e+00, 1.220000000000e+00, 8.090934911352e-02, 1.269071987563e-04
 1.650000000000e+01, 1.150000000000e+00, 1.290000000000e+00, 8.187904658222e-02, 1.095442633642e-04
 1.650000000000e+01, 1.150000000000e+00, 1.360000000000e+00, 8.260940438526e-02, 1.577660766899e-04
 1.650000000000e+01, 1.150000000000e+00, 1.430000000000e+00, 8.336344658727e-02, 1.122137783540e-04
 1.650000000000e+01, 1.220000000000e+00, 8.000000000000e-01, 8.631515616826e-02, 2.150616371777e-04
 1.650000000000e+01, 1.220000000000e+00, 8.700000000000e-01, 8.172287477195e-02, 8.988681551762e-05
 1.650000000000e+01, 1.220000000000e+00, 9.400000000000e-01, 8.032206303738e-02, 1.109030622107e-04
 1.650000000000e+01, 1.220000000000e+00, 1.010000000000e+00, 8.038180304117e-02, 9.455036852215e-05
 1.650000000000e+01, 1.220000000000e+00, 1.080000000000e+00, 8.068260306515e-02, 1.242537177515e-04
 1.650000000000e+01, 1.220000000000e+00, 1.150000000000e+00, 8.168909962269e-02, 1.055860884624e-04
 1.650000000000e+01, 1.220000000000e+00, 1.220000000000e+00, 8.257689483088e-02, 1.075108606216e-04
 1.650000000000e+01, 1.220000000000e+00, 1.290000000000e+00, 8.309971865773e-02, 1.303903583336e-04
 1.650000000000e+01, 1.220000000000e+00, 1.360000000000e+00, 8.406234017225e-02, 1.117302582170e-04
 1.650000000000e+01, 1.220000000000e+00, 1.430000000000e+00, 8.463365494527e-02, 1.168513851123e-04
 1.650000000000e+01, 1.290000000000e+00, 8.000000000000e-01, 8.809452964463e-02, 2.354159899724e-04
 1.650000000000e+01, 1.290000000000e+00, 8.700000000000e-01, 8.316019365799e-02, 9.171424937320e-05
 1.650000000000e+01, 1.290000000000e+00, 9.400000000000e-01, 8.187540015162e-02, 1.054913987582e-04
 1.650000000000e+01, 1.290000000000e+00, 1.010000000000e+00, 8.164991073107e-02, 1.252361200805e-04
 1.650000000000e+01, 1.290000000000e+00, 1.080000000000e+00, 8.209448083915e-02, 1.297233747305e-04
 1.650000000000e+01, 1.290000000000e+00, 1.150000000000e+00, 8.296971847748e-02, 1.385761483131e-04
 1.650000000000e+01, 1.290000000000e+00, 1.220000000000e+00, 8.344365017827e-02, 1.536061468892e-04
 1.650000000000e+01, 1.290000000000e+00, 1.290000000000e+00, 8.439278170844e-02, 1.295536948701e-04
 1.650000000000e+01, 1.290000000000e+00, 1.360000000000e+00, 8.541557700875e-02, 1.241615426495e-04
 1.650000000000e+01, 1.290000000000e+00, 1.430000000000e+00, 8.624860894066e-02, 1.261198441986e-04
 1.650000000000e+01, 1.360000000000e+00, 8.000000000000e-01, 9.015192515895e-02, 2.583975842015e-04
 1.650000000000e+01, 1.360000000000e+00, 8.700000000000e-01, 8.482319861441e-02, 1.009358507283e-04
 1.650000000000e+01, 1.360000000000e+00, 9.400000000000e-01, 8.335358627528e-02, 1.255448160941e-04
 1.650000000000e+01, 1.360000000000e+00, 1.010000000000e+00, 8.347266152766e-02, 1.092382615696e-04
 1.650000000000e+01, 1.360000000000e+00, 1.080000000000e+00, 8.381296497518e-02, 1.643466557808e-04
 1.650000000000e+01, 1.360000000000e+00, 1.150000000000e+00, 8.426414790840e-02, 1.431268827119e-04
 1.650000000000e+01, 1.360000000000e+00, 1.220000000000e+00, 8.532278723171e-02, 1.282061030210e-04
 1.650000000000e+01, 1.360000000000e+00, 1.290000000000e+00, 8.599815554750e-02, 1.413292341316e-04
 1.650000000000e+01, 1.360000000000e+00, 1.360000000000e+00, 8.681250035365e-02, 1.395800976553e-04
 1.650000000000e+01, 1.360000000000e+00, 1.430000000000e+00, 8.762208805029e-02, 1.365174049692e-04
 1.650000000000e+01, 1.430000000000e+00, 8.000000000000e-01, 9.058877269794e-02, 2.276558585774e-04
 1.650000000000e+01, 1.430000000000e+00, 8.700000000000e-01, 8.605438073731e-02, 1.002542211297e-04
 1.650000000000e+01, 1.430000000000e+00, 9.400000000000e-01, 8.463113436914e-02, 1.177673292239e-04
 1.650000000000e+01, 1.430000000000e+00, 1.010000000000e+00, 8.476901931514e-02, 1.271010383809e-04
 1.650000000000e+01, 1.430000000000e+00, 1.080000000000e+00, 8.536164267745e-02, 1.076486858965e-04
 1.650000000000e+01, 1.430000000000e+00, 1.150000000000e+00, 8.592699656686e-02, 1.304671390522e-04
 1.650000000000e+01, 1.430000000000e+00, 1.220000000000e+00, 8.681245967525e-02, 1.172999165617e-04
 1.650000000000e+01, 1.430000000000e+00, 1.290000000000e+00, 8.747515234545e-02, 1.431566045723e-04
 1.650000000000e+01, 1.430000000000e+00, 1.360000000000e+00, 8.821222589713e-02, 1.398057935465e-04
 1.650000000000e+01, 1.430000000000e+00, 1.430000000000e+00, 8.919191138975e-02, 1.307526639286e-04
 1.680000000000e+01, 8.000000000000e-01, 8.000000000000e-01, 1.675756539469e-01, 3.191952460121e-03
 1.680000000000e+01, 8.000000000000e-01, 8.700000000000e-01, 1.641354202876e-01, 4.858883459406e-03
 1.680000000000e+01, 8.000000000000e-01, 9.400000000000e-01, 1.588513029697e-01, 4.203591200262e-03
 1.680000000000e+01, 8.000000000000e-01, 1.010000000000e+00, 1.650890455308e-01, 4.600588896796e-03
 1.680000000000e+01, 8.000000000000e-01, 1.080000000000e+00, 1.731583050007e-01, 7.260114758118e-03
 1.680000000000e+01, 8.000000000000e-01, 1.150000000000e+00, 1.693067033022e-01, 6.261489513254e-03
 1.680000000000e+01, 8.000000000000e-01, 1.220000000000e+00, 1.601221872515e-01, 3.997769386724e-03
 1.680000000000e+01, 8.000000000000e-01, 1.290000000000e+00, 1.704038040313e-01, 5.177022326655e-03
 1.680000000000e+01, 8.000000000000e-01, 1.360000000000e+00, 1.662454164868e-01, 4.132480638262e-03
 1.680000000000e+01, 8.000000000000e-01, 1.430000000000e+00, 1.631989087649e-01, 3.978069951432e-03
 1.680000000000e+01, 8.700000000000e-01, 8.000000000000e-01, 1.131234065951e-01, 1.246051760993e-03
 1.680000000000e+01, 8.700000000000e-01, 8.700000000000e-01, 1.090315377191e-01, 1.391443268380e-03
 1.680000000000e+01, 8.700000000000e-01, 9.400000000000e-01, 1.109003794418e-01, 1.881205379425e-03
 1.680000000000e+01, 8.700000000000e-01, 1.010000000000e+00, 1.089089247122e-01, 1.776627599720e-03
 1.680000000000e+01, 8.700000000000e-01, 1.080000000000e+00, 1.084134396462e-01, 1.857631965949e-03
 1.680000000000e+01, 8.700000000000e-01, 1.150000000000e+00, 1.075812655496e-01, 1.374255359452e-03
 1.680000000000e+01, 8.700000000000e-01, 1.220000000000e+00, 1.125307740838e-01, 1.892397486922e-03
 1.680000000000e+01, 8.700000000000e-01, 1.290000000000e+00, 1.120376948797e-01, 1.700051083221e-03
 1.680000000000e+01, 8.700000000000e-01, 1.360000000000e+00, 1.135780055099e-01, 1.861011564560e-03
 1.680000000000e+01, 8.700000000000e-01, 1.430000000000e+00, 1.158263554809e-01, 1.682269725569e-03
 1.680000000000e+01, 9.400000000000e-01, 8.000000000000e-01, 9.396155262294e-02, 6.791590028864e-04
 1.680000000000e+01, 9.400000000000e-01, 8.700000000000e-01, 8.930987675742e-02, 6.058827039562e-04
 1.680000000000e+01, 9.400000000000e-01, 9.400000000000e-01, 8.842462676047e-02, 6.253417183665e-04
 1.680000000000e+01, 9.400000000000e-01, 1.010000000000e+00, 8.812035413802e-02, 7.568297663189e-04
 1.680000000000e+01, 9.400000000000e-01, 1.080000000000e+00, 8.798298402071e-02, 6.542730123076e-04
 1.680000000000e+01, 9.400000000000e-01, 1.150000000000e+00, 8.930881143677e-02, 6.261892226330e-04
 1.680000000000e+01, 9.400000000000e-01, 1.220000000000e+00, 9.120175045190e-02, 6.809298642725e-04
 1.680000000000e+01, 9.400000000000e-01, 1.290000000000e+00, 9.101915057161e-02, 6.384919468411e-04
 1.680000000000e+01, 9.400000000000e-01, 1.360000000000e+00, 9.168414986879e-02, 7.113665047723e-04
 1.680000000000e+01, 9.400000000000e-01, 1.430000000000e+00, 9.272050313557e-02, 8.094178812168e-04
 1.680000000000e+01, 1.010000000000e+00, 8.000000000000e-01, 8.689800203276e-02, 3.390633291040e-04
 1.680000000000e+01, 1.010000000000e+00, 8.700000000000e-01, 8.198004488350e-02, 1.995677355479e-04
 1.680000000000e+01, 1.010000000000e+00, 9.400000000000e-01, 8.100716308235e-02, 2.922743120503e-04
 1.680000000000e+01, 1.010000000000e+00, 1.010000000000e+00, 8.035170876713e-02, 1.989142835242e-04
 1.680000000000e+01, 1.010000000000e+00, 1.080000000000e+00, 8.169084741985e-02, 2.690217660897e-04
 1.680000000000e+01, 1.010000000000e+00, 1.150000000000e+00, 8.185858485040e-02, 2.645603475040e-04
 1.680000000000e+01, 1.010000000000e+00, 1.220000000000e+00, 8.210628783144e-02, 2.294016233060e-04
 1.680000000000e+01, 1.010000000000e+00, 1.290000000000e+00, 8.330877279367e-02, 2.587134828375e-04
 1.680000000000e+01, 1.010000000000e+00, 1.360000000000e+00, 8.404560484606e-02, 2.631624126977e-04
 1.680000000000e+01, 1.010000000000e+00, 1.430000000000e+00, 8.511412657257e-02, 3.056886161451e-04
 1.680000000000e+01, 1.080000000000e+00, 8.000000000000e-01, 8.520950436894e-02, 2.564928254657e-04
 1.680000000000e+01, 1.080000000000e+00, 8.700000000000e-01, 8.004362560136e-02, 8.821405050900e-05
 1.680000000000e+01, 1.080000000000e+00, 9.400000000000e-01, 7.874367059677e-02, 1.531657692068e-04
 1.680000000000e+01, 1.080000000000e+00, 1.010000000000e+00, 7.876309631651e-02, 1.031462816755e-04
 1.680000000000e+01, 1.080000000000e+00, 1.080000000000e+00, 7.910504631569e-02, 1.033606101306e-04
 1.680000000000e+01, 1.080000000000e+00, 1.150000000000e+00, 7.970192014785e-02, 1.180903187110e-04
 1.680000000000e+01, 1.080000000000e+00, 1.220000000000e+00, 8.056592875246e-02, 1.179118458224e-04
 1.680000000000e+01, 1.080000000000e+00, 1.290000000000e+00, 8.142267283036e-02, 1.281603182303e-04
 1.680000000000e+01, 1.080000000000e+00, 1.360000000000e+00, 8.220411109822e-02, 1.181061015005e-04
 1.680000000000e+01, 1.080000000000e+00, 1.430000000000e+00, 8.297304293703e-02, 1.183287784265e-04
 1.680000000000e+01, 1.150000000000e+00, 8.000000000000e-01, 8.601439343413e-02, 2.422114641242e-04
 1.680000000000e+01, 1.150000000000e+00, 8.700000000000e-01, 8.050508409427e-02, 7.291735366176e-05
 1.680000000000e+01, 1.150000000000e+00, 9.400000000000e-01, 7.917680132139e-02, 8.281313390896e-05
 1.680000000000e+01, 1.150000000000e+00, 1.010000000000e+00, 7.911533448739e-02, 1.018964763656e-04
 1.680000000000e+01, 1.150000000000e+00, 1.080000000000e+00, 7.937785894858e-02, 1.120490816578e-04
 1.680000000000e+01, 1.150000000000e+00, 1.150000000000e+00, 8.031194721957e-02, 9.755782034202e-05
 1.680000000000e+01, 1.150000000000e+00, 1.220000000000e+00, 8.080495898656e-02, 1.384210510890e-04
 1.680000000000e+01, 1.150000000000e+00, 1.290000000000e+00, 8.177066989229e-02, 1.073959023150e-04
 1.680000000000e+01, 1.150000000000e+00, 1.360000000000e+00, 8.260789473597e-02, 1.055604777286e-04
 1.680000000000e+01, 1.150000000000e+00, 1.430000000000e+00, 8.337759685439e-02, 1.146323134494e-04
 1.680000000000e+01, 1.220000000000e+00, 8.000000000000e-01, 8.586578260366e-02, 2.166444449612e-04
 1.680000000000e+01, 1.220000000000e+00, 8.700000000000e-01, 8.177661015204e-02, 9.303741325512e-05
 1.680000000000e+01, 1.220000000000e+00, 9.400000000000e-01, 8.024041493404e-02, 9.012655403406e-05
 1.680000000000e+01, 1.220000000000e+00, 1.010000000000e+00, 8.020039512575e-02, 1.301609063962e-04
 1.680000000000e+01, 1.220000000000e+00, 1.080000000000e+00, 8.079227461941e-02, 1.160888093296e-04
 1.680000000000e+01, 1.220000000000e+00, 1.150000000000e+00, 8.142286760371e-02, 1.221593124908e-04
 1.680000000000e+01, 1.220000000000e+00, 1.220000000000e+00, 8.235175517298e-02, 1.115649167314e-04
 1.680000000000e+01, 1.220000000000e+00, 1.290000000000e+00, 8.298158202513e-02, 1.283557140882e-04
 1.680000000000e+01, 1.220000000000e+00, 1.360000000000e+00, 8.377934002062e-02, 1.206024851981e-04
 1.680000000000e+01, 1.220000000000e+00, 1.430000000000e+00, 8.427192614518e-02, 1.360590099704e-04
 1.680000000000e+01, 1.290000000000e+00, 8.000000000000e-01, 8.800910621847e-02, 2.379239979968e-04
 1.680000000000e+01, 1.290000000000e+00, 8.700000000000e-01, 8.302058645333e-02, 9.293596353181e-05
 1.680000000000e+01, 1.290000000000e+00, 9.400000000000e-01, 8.156966847848e-02, 1.164268740419e-04
 1.680000000000e+01, 1.290000000000e+00, 1.010000000000e+00, 8.147534941272e-02, 1.295294265388e-04
 1.680000000000e+01, 1.290000000000e+00, 1.080000000000e+00, 8.192214032549e-02, 1.351289415691e-04
 1.680000000000e+01, 1.290000000000e+00, 1.150000000000e+00, 8.298739180276e-02, 1.137591281939e-04
 1.680000000000e+01, 1.290000000000e+00, 1.220000000000e+00, 8.353699617085e-02, 1.243777102934e-04
 1.680000000000e+01, 1.290000000000e+00, 1.290000000000e+00, 8.449740881369e-02, 1.200083613105e-04
 1.680000000000e+01, 1.290000000000e+00, 1.360000000000e+00, 8.524531273543e-02, 1.202186049100e-04
 1.680000000000e+01, 1.290000000000e+00, 1.430000000000e+00, 8.599071553771e-02, 1.218423312359e-04
 1.680000000000e+01, 1.360000000000e+00, 8.000000000000e-01, 8.890588636823e-02, 2.252508445733e-04
 1.680000000000e+01, 1.360000000000e+00, 8.700000000000e-01, 8.460608597476e-02, 1.000741574686e-04
 1.680000000000e+01, 1.360000000000e+00, 9.400000000000e-01, 8.325072082001e-02, 9.851854577531e-05
 1.680000000000e+01, 1.360000000000e+00, 1.010000000000e+00, 8.304759307743e-02, 1.219946886446e-04
 1.680000000000e+01, 1.360000000000e+00, 1.080000000000e+00, 8.362590455085e-02, 1.279937808682e-04
 1.680000000000e+01, 1.360000000000e+00, 1.150000000000e+00, 8.446550597646e-02, 1.480016269536e-04
 1.680000000000e+01, 1.360000000000e+00, 1.220000000000e+00, 8.500383857537e-02, 1.407767554045e-04
 1.680000000000e+01, 1.360000000000e+00, 1.290000000000e+00, 8.592408771851e-02, 1.236490922978e-04
 1.680000000000e+01, 1.360000000000e+00, 1.360000000000e+00, 8.644732017395e-02, 1.534107396086e-04
 1.680000000000e+01, 1.360000000000e+00, 1.430000000000e+00, 8.734854499563e-02, 1.469502718999e-04
 1.680000000000e+01, 1.430000000000e+00, 8.000000000000e-01, 9.054265554606e-02, 2.347828466567e-04
 1.680000000000e+01, 1.430000000000e+00, 8.700000000000e-01, 8.597461709639e-02, 9.915697370446e-05
 1.680000000000e+01, 1.430000000000e+00, 9.400000000000e-01, 8.458984213566e-02, 9.374984521408e-05
 1.680000000000e+01, 1.430000000000e+00, 1.010000000000e+00, 8.445562008895e-02, 1.180498388729e-04
 1.680000000000e+01, 1.430000000000e+00, 1.080000000000e+00, 8.480620108610e-02, 1.509546837436e-04
 1.680000000000e+01, 1.430000000000e+00, 1.150000000000e+00, 8.570238324838e-02, 1.195235871432e-04
 1.680000000000e+01, 1.430000000000e+00, 1.220000000000e+00, 8.666769785436e-02, 1.226814088967e-04
 1.680000000000e+01, 1.430000000000e+00, 1.290000000000e+00, 8.729502878021e-02, 1.424754912527e-04
 1.680000000000e+01, 1.430000000000e+00, 1.360000000000e+00, 8.810829182588e-02, 1.286676522364e-04
 1.680000000000e+01, 1.430000000000e+00, 1.430000000000e+00, 8.866340531933e-02, 1.308851338591e-04
 1.710000000000e+01, 8.000000000000e-01, 8.000000000000e-01, 1.784987341324e-01, 6.385368521779e-03
 1.710000000000e+01, 8.000000000000e-01, 8.700000000000e-01, 1.585830068235e-01, 3.458561616929e-03
 1.710000000000e+01, 8.000000000000e-01, 9.400000000000e-01, 1.635734486308e-01, 3.747666241983e-03
 1.710000000000e+01, 8.000000000000e-01, 1.010000000000e+00, 1.588072289860e-01, 5.320724632218e-03
 1.710000000000e+01, 8.000000000000e-01, 1.080000000000e+00, 1.640307387212e-01, 4.434334316342e-03
 1.710000000000e+01, 8.000000000000e-01, 1.150000000000e+00, 1.619762272231e-01, 3.935359259318e-03
 1.710000000000e+01, 8.000000000000e-01, 1.220000000000e+00, 1.638903500929e-01, 4.961458251053e-03
 1.710000000000e+01, 8.000000000000e-01, 1.290000000000e+00, 1.647149573709e-01, 4.559841180056e-03
 1.710000000000e+01, 8.000000000000e-01, 1.360000000000e+00, 1.592480157856e-01, 4.004877218335e-03
 1.710000000000e+01, 8.000000000000e-01, 1.430000000000e+00, 1.608166799028e-01, 3.897342424896e-03
 1.710000000000e+01, 8.700000000000e-01, 8.000000000000e-01, 1.129895667442e-01, 1.375520657138e-03
 1.710000000000e+01, 8.700000000000e-01, 8.700000000000e-01, 1.128320007370e-01, 2.544577756314e-03
 1.710000000000e+01, 8.700000000000e-01, 9.400000000000e-01, 1.095431253772e-01, 1.813275754127e-03
 1.710000000000e+01, 8.700000000000e-01, 1.010000000000e+00, 1.097130148723e-01, 1.738195367696e-03
 1.710000000000e+01, 8.700000000000e-01, 1.080000000000e+00, 1.078893177326e-01, 1.657308536148e-03
 1.710000000000e+01, 8.700000000000e-01, 1.150000000000e+00, 1.072606415675e-01, 1.614948976324e-03
 1.710000000000e+01, 8.700000000000e-01, 1.220000000000e+00, 1.074498833480e-01, 1.396150872660e-03
 1.710000000000e+01, 8.700000000000e-01, 1.290000000000e+00, 1.116787676891e-01, 1.904727602177e-03
 1.710000000000e+01, 8.700000000000e-01, 1.360000000000e+00, 1.107063075494e-01, 1.776591165432e-03
 1.710000000000e+01, 8.700000000000e-01, 1.430000000000e+00, 1.126669432848e-01, 1.755792224160e-03
 1.710000000000e+01, 9.400000000000e-01, 8.000000000000e-01, 9.462882074323e-02, 6.392095554772e-04
 1.710000000000e+01, 9.400000000000e-01, 8.700000000000e-01, 8.955470221775e-02, 6.780492462064e-04
 1.710000000000e+01, 9.400000000000e-01, 9.400000000000e-01, 8.803898569860e-02, 5.847187036820e-04
 1.710000000000e+01, 9.400000000000e-01, 1.010000000000e+00, 8.778836545265e-02, 6.182742942277e-04
 1.710000000000e+01, 9.400000000000e-01, 1.080000000000e+00, 8.855394723048e-02, 6.276165047343e-04
 1.710000000000e+01, 9.400000000000e-01, 1.150000000000e+00, 8.913035425220e-02, 6.646232925204e-04
 1.710000000000e+01, 9.400000000000e-01, 1.220000000000e+00, 9.017236978786e-02, 8.393283370872e-04
 1.710000000000e+01, 9.400000000000e-01, 1.290000000000e+00, 9.024561919256e-02, 6.383872377046e-04
 1.710000000000e+01, 9.400000000000e-01, 1.360000000000e+00, 9.090741310937e-02, 5.585545069032e-04
 1.710000000000e+01, 9.400000000000e-01, 1.430000000000e+00, 9.149492214403e-02, 6.092096874544e-04
 1.710000000000e+01, 1.010000000000e+00, 8.000000000000e-01, 8.639090529594e-02, 3.059363075833e-04
 1.710000000000e+01, 1.010000000000e+00, 8.700000000000e-01, 8.168581970603e-02, 1.977924195981e-04
 1.710000000000e+01, 1.010000000000e+00, 9.400000000000e-01, 8.068606320437e-02, 2.409917916389e-04
 1.710000000000e+01, 1.010000000000e+00, 1.010000000000e+00, 8.066345321590e-02, 2.516865213521e-04
 1.710000000000e+01, 1.010000000000e+00, 1.080000000000e+00, 8.096260159715e-02, 2.371795331717e-04
 1.710000000000e+01, 1.010000000000e+00, 1.150000000000e+00, 8.154001474331e-02, 2.203875276369e-04
 1.710000000000e+01, 1.010000000000e+00, 1.220000000000e+00, 8.178853570402e-02, 2.481176780394e-04
 1.710000000000e+01, 1.010000000000e+00, 1.290000000000e+00, 8.335998373748e-02, 2.655826992070e-04
 1.710000000000e+01, 1.010000000000e+00, 1.360000000000e+00, 8.419291918398e-02, 2.920796679149e-04
 1.710000000000e+01, 1.010000000000e+00, 1.430000000000e+00, 8.494927326658e-02, 2.726340886842e-04
 1.710000000000e+01, 1.080000000000e+00, 8.000000000000e-01, 8.463444549821e-02, 2.127412051967e-04
 1.710000000000e+01, 1.080000000000e+00, 8.700000000000e-01, 8.027476043676e-02, 8.984409164261e-05
 1.710000000000e+01, 1.080000000000e+00, 9.400000000000e-01, 7.880310202868e-02, 8.707291394975e-05
 1.710000000000e+01, 1.080000000000e+00, 1.010000000000e+00, 7.885153758080e-02, 1.131860150059e-04
 1.710000000000e+01, 1.080000000000e+00, 1.080000000000e+00, 7.903003205286e-02, 1.281714624729e-04
 1.710000000000e+01, 1.080000000000e+00, 1.150000000000e+00, 7.974548228513e-02, 1.051731461884e-04
 1.710000000000e+01, 1.080000000000e+00, 1.220000000000e+00, 8.098116908316e-02, 1.049592195368e-04
 1.710000000000e+01, 1.080000000000e+00, 1.290000000000e+00, 8.131967810562e-02, 1.337650797015e-04
 1.710000000000e+01, 1.080000000000e+00, 1.360000000000e+00, 8.206855203023e-02, 1.098169143417e-04
 1.710000000000e+01, 1.080000000000e+00, 1.430000000000e+00, 8.286737363005e-02, 1.193845533162e-04
 1.710000000000e+01, 1.150000000000e+00, 8.000000000000e-01, 8.515173832238e-02, 2.073057334674e-04
 1.710000000000e+01, 1.150000000000e+00, 8.700000000000e-01, 8.040493336918e-02, 7.688090039358e-05
 1.710000000000e+01, 1.150000000000e+00, 9.400000000000e-01, 7.893946829341e-02, 1.178030146564e-04
 1.710000000000e+01, 1.150000000000e+00, 1.010000000000e+00, 7.896696600273e-02, 1.151391200555e-04
 1.710000000000e+01, 1.150000000000e+00, 1.080000000000e+00, 7.951958205353e-02, 1.165894551963e-04
 1.710000000000e+01, 1.150000000000e+00, 1.150000000000e+00, 8.038066858729e-02, 9.862141043175e-05
 1.710000000000e+01, 1.150000000000e+00, 1.220000000000e+00, 8.091394069624e-02, 1.012918341583e-04
 1.710000000000e+01, 1.150000000000e+00, 1.290000000000e+00, 8.174160245214e-02, 9.902129989665e-05
 1.710000000000e+01, 1.150000000000e+00, 1.360000000000e+00, 8.240775076374e-02, 1.096248879869e-04
 1.710000000000e+01, 1.150000000000e+00, 1.430000000000e+00, 8.324063920928e-02, 1.058922907089e-04
 1.710000000000e+01, 1.220000000000e+00, 8.000000000000e-01, 8.583921547270e-02, 2.014436553901e-04
 1.710000000000e+01, 1.220000000000e+00, 8.700000000000e-01, 8.147494591263e-02, 8.660832764167e-05
 1.710000000000e+01, 1.220000000000e+00, 9.400000000000e-01, 8.019340950420e-02, 1.002386052776e-04
 1.710000000000e+01, 1.220000000000e+00, 1.010000000000e+00, 8.029799636035e-02, 9.880943232526e-05
 1.710000000000e+01, 1.220000000000e+00, 1.080000000000e+00, 8.074668789388e-02, 1.020987321651e-04
 1.710000000000e+01, 1.220000000000e+00, 1.150000000000e+00, 8.130862300427e-02, 1.153179751355e-04
 1.710000000000e+01, 1.220000000000e+00, 1.220000000000e+00, 8.230381073232e-02, 1.125933309752e-04
 1.710000000000e+01, 1.220000000000e+00, 1.290000000000e+00, 8.304740137686e-02, 1.127672929306e-04
 1.710000000000e+01, 1.220000000000e+00, 1.360000000000e+00, 8.347488900745e-02, 1.247512342906e-04
 1.710000000000e+01, 1.220000000000e+00, 1.430000000000e+00, 8.434948111374e-02, 1.235453602496e-04
 1.710000000000e+01, 1.290000000000e+00, 8.000000000000e-01, 8.747848514757e-02, 2.142621387139e-04
 1.710000000000e+01, 1.290000000000e+00, 8.700000000000e-01, 8.296268269690e-02, 9.367711073035e-05
 1.710000000000e+01, 1.290000000000e+00, 9.400000000000e-01, 8.159180712832e-02, 1.166274210405e-04
 1.710000000000e+01, 1.290000000000e+00, 1.010000000000e+00, 8.146977049344e-02, 1.290852800364e-04
 1.710000000000e+01, 1.290000000000e+00, 1.080000000000e+00, 8.213267820912e-02, 1.157273637713e-04
 1.710000000000e+01, 1.290000000000e+00, 1.150000000000e+00, 8.257489272022e-02, 1.283663030241e-04
 1.710000000000e+01, 1.290000000000e+00, 1.220000000000e+00, 8.345152309779e-02, 1.306135272255e-04
 1.710000000000e+01, 1.290000000000e+00, 1.290000000000e+00, 8.420292619318e-02, 1.274335627492e-04
 1.710000000000e+01, 1.290000000000e+00, 1.360000000000e+00, 8.489165489383e-02, 1.469261685085e-04
 1.710000000000e+01, 1.290000000000e+00, 1.430000000000e+00, 8.566380959416e-02, 1.472495605333e-04
 1.710000000000e+01, 1.360000000000e+00, 8.000000000000e-01, 8.920822866160e-02, 2.373307368785e-04
 1.710000000000e+01, 1.360000000000e+00, 8.700000000000e-01, 8.452904971038e-02, 9.157864174840e-05
 1.710000000000e+01, 1.360000000000e+00, 9.400000000000e-01, 8.307985702838e-02, 9.546094523688e-05
 1.710000000000e+01, 1.360000000000e+00, 1.010000000000e+00, 8.309188888386e-02, 1.239167834125e-04
 1.710000000000e+01, 1.360000000000e+00, 1.080000000000e+00, 8.348221396765e-02, 1.238616791449e-04
 1.710000000000e+01, 1.360000000000e+00, 1.150000000000e+00, 8.431624998198e-02, 1.235949155423e-04
 1.710000000000e+01, 1.360000000000e+00, 1.220000000000e+00, 8.474481240090e-02, 1.483574880461e-04
 1.710000000000e+01, 1.360000000000e+00, 1.290000000000e+00, 8.566021738761e-02, 1.304525561807e-04
 1.710000000000e+01, 1.360000000000e+00, 1.360000000000e+00, 8.661750964582e-02, 1.253736300557e-04
 1.710000000000e+01, 1.360000000000e+00, 1.430000000000e+00, 8.712362888855e-02, 1.272629646975e-04
 1.710000000000e+01, 1.430000000000e+00, 8.000000000000e-01, 9.036727625301e-02, 2.669964325249e-04
 1.710000000000e+01, 1.430000000000e+00, 8.700000000000e-01, 8.565987801539e-02, 9.508914913523e-05
 1.710000000000e+01, 1.430000000000e+00, 9.400000000000e-01, 8.444633334711e-02, 1.019017691900e-04
 1.710000000000e+01, 1.430000000000e+00, 1.010000000000e+00, 8.409511062703e-02, 1.341233826925e-04
 1.710000000000e+01, 1.430000000000e+00, 1.080000000000e+00, 8.469477981930e-02, 1.169425819021e-04
 1.710000000000e+01, 1.430000000000e+00, 1.150000000000e+00, 8.547768581592e-02, 1.158238881213e-04
 1.710000000000e+01, 1.430000000000e+00, 1.220000000000e+00, 8.628272773542e-02, 1.339720425988e-04
 1.710000000000e+01, 1.430000000000e+00, 1.290000000000e+00, 8.694478336717e-02, 1.306916567959e-04
 1.710000000000e+01, 1.430000000000e+00, 1.360000000000e+00, 8.773678133430e-02, 1.312901203860e-04
 1.710000000000e+01, 1.430000000000e+00, 1.430000000000e+00, 8.882238088833e-02, 1.141450639197e-04
 1.740000000000e+01, 8.000000000000e-01, 8.000000000000e-01, 1.664799721040e-01, 3.963752071263e-03
 1.740000000000e+01, 8.000000000000e-01, 8.700000000000e-01, 1.678992346119e-01, 4.658359809367e-03
 1.740000000000e+01, 8.000000000000e-01, 9.400000000000e-01, 1.519063269799e-01, 3.319258292890e-03
 1.740000000000e+01, 8.000000000000e-01, 1.010000000000e+00, 1.631832553759e-01, 5.502316093092e-03
 1.740000000000e+01, 8.000000000000e-01, 1.080000000000e+00, 1.527226273843e-01, 3.507498240846e-03
 1.740000000000e+01, 8.000000000000e-01, 1.150000000000e+00, 1.668431445453e-01, 4.484047041948e-03
 1.740000000000e+01, 8.000000000000e-01, 1.220000000000e+00, 1.590797293987e-01, 4.296462970465e-03
 1.740000000000e+01, 8.000000000000e-01, 1.290000000000e+00, 1.553057638933e-01, 3.395044785513e-03
 1.740000000000e+01, 8.000000000000e-01, 1.360000000000e+00, 1.598634382024e-01, 3.555431594810e-03
 1.740000000000e+01, 8.000000000000e-01, 1.430000000000e+00, 1.636570570737e-01, 4.102404519143e-03
 1.740000000000e+01, 8.700000000000e-01, 8.000000000000e-01, 1.129037986868e-01, 1.504086006835e-03
 1.740000000000e+01, 8.700000000000e-01, 8.700000000000e-01, 1.087687766612e-01, 1.782216160258e-03
 1.740000000000e+01, 8.700000000000e-01, 9.400000000000e-01, 1.078144786305e-01, 1.655873601529e-03
 1.740000000000e+01, 8.700000000000e-01, 1.010000000000e+00, 1.068587627103e-01, 1.442763034195e-03
 1.740000000000e+01, 8.700000000000e-01, 1.080000000000e+00, 1.075651748246e-01, 1.471425106734e-03
 1.740000000000e+01, 8.700000000000e-01, 1.150000000000e+00, 1.102830344476e-01, 2.085663910821e-03
 1.740000000000e+01, 8.700000000000e-01, 1.220000000000e+00, 1.092707896271e-01, 1.639783576424e-03
 1.740000000000e+01, 8.700000000000e-01, 1.290000000000e+00, 1.096485868409e-01, 1.521009097185e-03
 1.740000000000e+01, 8.700000000000e-01, 1.360000000000e+00, 1.101190838697e-01, 1.506781247938e-03
 1.740000000000e+01, 8.700000000000e-01, 1.430000000000e+00, 1.132283769898e-01, 1.804573771837e-03
 1.740000000000e+01, 9.400000000000e-01, 8.000000000000e-01, 9.415805614375e-02, 6.935897176842e-04
 1.740000000000e+01, 9.400000000000e-01, 8.700000000000e-01, 8.839888209095e-02, 5.451827742340e-04
 1.740000000000e+01, 9.400000000000e-01, 9.400000000000e-01, 8.643535941118e-02, 5.203554139373e-04
 1.740000000000e+01, 9.400000000000e-01, 1.010000000000e+00, 8.807959179113e-02, 6.497978358827e-04
 1.740000000000e+01, 9.400000000000e-01, 1.080000000000e+00, 8.801066603360e-02, 7.375981542103e-04
 1.740000000000e+01, 9.400000000000e-01, 1.150000000000e+00, 8.849904954777e-02, 5.915864943379e-04
 1.740000000000e+01, 9.400000000000e-01, 1.220000000000e+00, 8.962368653420e-02, 6.727305086094e-04
 1.740000000000e+01, 9.400000000000e-01, 1.290000000000e+00, 9.064738992529e-02, 6.830624349363e-04
 1.740000000000e+01, 9.400000000000e-01, 1.360000000000e+00, 9.068905716128e-02, 7.941636590266e-04
 1.740000000000e+01, 9.400000000000e-01, 1.430000000000e+00, 9.273012998208e-02, 6.789751650248e-04
 1.740000000000e+01, 1.010000000000e+00, 8.000000000000e-01, 8.676571991196e-02, 3.064746797711e-04
 1.740000000000e+01, 1.010000000000e+00, 8.700000000000e-01, 8.181163239142e-02, 2.049011013464e-04
 1.740000000000e+01, 1.010000000000e+00, 9.400000000000e-01, 8.061241210346e-02, 2.240694224931e-04
 1.740000000000e+01, 1.010000000000e+00, 1.010000000000e+00, 8.072291537293e-02, 2.303082260956e-04
 1.740000000000e+01, 1.010000000000e+00, 1.080000000000e+00, 8.125324267251e-02, 2.100758004363e-04
 1.740000000000e+01, 1.010000000000e+00, 1.150000000000e+00, 8.192381029458e-02, 2.766743479503e-04
 1.740000000000e+01, 1.010000000000e+00, 1.220000000000e+00, 8.236712107567e-02, 2.536602455650e-04
 1.740000000000e+01, 1.010000000000e+00, 1.290000000000e+00, 8.312061887299e-02, 2.511574526418e-04
 1.740000000000e+01, 1.010000000000e+00, 1.360000000000e+00, 8.403127414612e-02, 2.771569352412e-04
 1.740000000000e+01, 1.010000000000e+00, 1.430000000000e+00, 8.433586324442e-02, 2.321501971405e-04
 1.740000000000e+01, 1.080000000000e+00, 8.000000000000e-01, 8.415402055025e-02, 2.211851924033e-04
 1.740000000000e+01, 1.080000000000e+00, 8.700000000000e-01, 8.001274684280e-02, 8.631409646966e-05
 1.740000000000e+01, 1.080000000000e+00, 9.400000000000e-01, 7.885352097241e-02, 8.299702429169e-05
 1.740000000000e+01, 1.080000000000e+00, 1.010000000000e+00, 7.865657859860e-02, 1.005150124030e-04
 1.740000000000e+01, 1.080000000000e+00, 1.080000000000e+00, 7.915156004335e-02, 1.830794924070e-04
 1.740000000000e+01, 1.080000000000e+00, 1.150000000000e+00, 7.995319829613e-02, 1.049971568919e-04
 1.740000000000e+01, 1.080000000000e+00, 1.220000000000e+00, 8.052160097496e-02, 1.153233741099e-04
 1.740000000000e+01, 1.080000000000e+00, 1.290000000000e+00, 8.131533134991e-02, 1.151174529342e-04
 1.740000000000e+01, 1.080000000000e+00, 1.360000000000e+00, 8.211919984842e-02, 1.117963708591e-04
 1.740000000000e+01, 1.080000000000e+00, 1.430000000000e+00, 8.293269566758e-02, 1.160553795060e-04
 1.740000000000e+01, 1.150000000000e+00, 8.000000000000e-01, 8.502798496450e-02, 2.182798800486e-04
 1.740000000000e+01, 1.150000000000e+00, 8.700000000000e-01, 8.030244028111e-02, 6.952893992307e-05
 1.740000000000e+01, 1.150000000000e+00, 9.400000000000e-01, 7.915294540622e-02, 6.892868097873e-05
 1.740000000000e+01, 1.150000000000e+00, 1.010000000000e+00, 7.884923626068e-02, 1.065850139673e-04
 1.740000000000e+01, 1.150000000000e+00, 1.080000000000e+00, 7.940109455179e-02, 9.698014337078e-05
 1.740000000000e+01, 1.150000000000e+00, 1.150000000000e+00, 8.020750864974e-02, 1.053801324033e-04
 1.740000000000e+01, 1.150000000000e+00, 1.220000000000e+00, 8.062083200172e-02, 1.230018577606e-04
 1.740000000000e+01, 1.150000000000e+00, 1.290000000000e+00, 8.143750375660e-02, 1.161949308683e-04
 1.740000000000e+01, 1.150000000000e+00, 1.360000000000e+00, 8.251757489610e-02, 9.090141599652e-05
 1.740000000000e+01, 1.150000000000e+00, 1.430000000000e+00, 8.320718388481e-02, 9.595618858715e-05
 1.740000000000e+01, 1.220000000000e+00, 8.000000000000e-01, 8.557646371403e-02, 2.172107742652e-04
 1.740000000000e+01, 1.220000000000e+00, 8.700000000000e-01, 8.134524934359e-02, 7.994189612541e-05
 1.740000000000e+01, 1.220000000000e+00, 9.400000000000e-01, 8.006142530066e-02, 1.160821381682e-04
 1.740000000000e+01, 1.220000000000e+00, 1.010000000000e+00, 7.996328581683e-02, 1.070538539775e-04
 1.740000000000e+01, 1.220000000000e+00, 1.080000000000e+00, 8.056556402747e-02, 1.104451136698e-04
 1.740000000000e+01, 1.220000000000e+00, 1.150000000000e+00, 8.121786728139e-02, 1.202443237662e-04
 1.740000000000e+01, 1.220000000000e+00, 1.220000000000e+00, 8.196021002528e-02, 1.272932000316e-04
 1.740000000000e+01, 1.220000000000e+00, 1.290000000000e+00, 8.267431617288e-02, 1.231542550639e-04
 1.740000000000e+01, 1.220000000000e+00, 1.360000000000e+00, 8.359477108656e-02, 1.088402699468e-04
 1.740000000000e+01, 1.220000000000e+00, 1.430000000000e+00, 8.439946658585e-02, 1.100686786370e-04
 1.740000000000e+01, 1.290000000000e+00, 8.000000000000e-01, 8.748515498085e-02, 2.464345796394e-04
 1.740000000000e+01, 1.290000000000e+00, 8.700000000000e-01, 8.284293876170e-02, 9.389642154482e-05
 1.740000000000e+01, 1.290000000000e+00, 9.400000000000e-01, 8.161707297103e-02, 9.077383238740e-05
 1.740000000000e+01, 1.290000000000e+00, 1.010000000000e+00, 8.153475828939e-02, 1.099680828791e-04
 1.740000000000e+01, 1.290000000000e+00, 1.080000000000e+00, 8.202237231549e-02, 1.200463997330e-04
 1.740000000000e+01, 1.290000000000e+00, 1.150000000000e+00, 8.270934848438e-02, 1.139041778462e-04
 1.740000000000e+01, 1.290000000000e+00, 1.220000000000e+00, 8.342073987655e-02, 1.230811881381e-04
 1.740000000000e+01, 1.290000000000e+00, 1.290000000000e+00, 8.409546137444e-02, 1.304635859384e-04
 1.740000000000e+01, 1.290000000000e+00, 1.360000000000e+00, 8.479619506291e-02, 1.403592832197e-04
 1.740000000000e+01, 1.290000000000e+00, 1.430000000000e+00, 8.568692539232e-02, 1.323922541932e-04
 1.740000000000e+01, 1.360000000000e+00, 8.000000000000e-01, 8.869643369833e-02, 2.363752497835e-04
 1.740000000000e+01, 1.360000000000e+00, 8.700000000000e-01, 8.430476101302e-02, 9.531458530875e-05
 1.740000000000e+01, 1.360000000000e+00, 9.400000000000e-01, 8.295388891445e-02, 9.911154111831e-05
 1.740000000000e+01, 1.360000000000e+00, 1.010000000000e+00, 8.284120843745e-02, 1.151426512962e-04
 1.740000000000e+01, 1.360000000000e+00, 1.080000000000e+00, 8.331324104325e-02, 1.403495362072e-04
 1.740000000000e+01, 1.360000000000e+00, 1.150000000000e+00, 8.423403525834e-02, 1.146506620190e-04
 1.740000000000e+01, 1.360000000000e+00, 1.220000000000e+00, 8.493595914949e-02, 1.367223278174e-04
 1.740000000000e+01, 1.360000000000e+00, 1.290000000000e+00, 8.550187490932e-02, 1.375951507495e-04
 1.740000000000e+01, 1.360000000000e+00, 1.360000000000e+00, 8.640855445007e-02, 1.224033299490e-04
 1.740000000000e+01, 1.360000000000e+00, 1.430000000000e+00, 8.699852454311e-02, 1.412815880647e-04
 1.740000000000e+01, 1.430000000000e+00, 8.000000000000e-01, 9.033977348043e-02, 3.440605730801e-04
 1.740000000000e+01, 1.430000000000e+00, 8.700000000000e-01, 8.580755516480e-02, 9.770062925977e-05
 1.740000000000e+01, 1.430000000000e+00, 9.400000000000e-01, 8.425608978318e-02, 1.652327514031e-04
 1.740000000000e+01, 1.430000000000e+00, 1.010000000000e+00, 8.427283219816e-02, 1.336325588310e-04
 1.740000000000e+01, 1.430000000000e+00, 1.080000000000e+00, 8.451331854159e-02, 1.382857428546e-04
 1.740000000000e+01, 1.430000000000e+00, 1.150000000000e+00, 8.528545164551e-02, 1.337325851309e-04
 1.740000000000e+01, 1.430000000000e+00, 1.220000000000e+00, 8.610650509531e-02, 1.252571683875e-04
 1.740000000000e+01, 1.430000000000e+00, 1.290000000000e+00, 8.698102661958e-02, 1.243647524122e-04
 1.740000000000e+01, 1.430000000000e+00, 1.360000000000e+00, 8.767729216635e-02, 1.274239370964e-04
 1.740000000000e+01, 1.430000000000e+00, 1.430000000000e+00, 8.836206715387e-02, 1.328671123071e-04
 1.770000000000e+01, 8.000000000000e-01, 8.000000000000e-01, 1.650026148154e-01, 4.137547327468e-03
 1.770000000000e+01, 8.000000000000e-01, 8.700000000000e-01, 1.609043735407e-01, 5.168942043692e-03
 1.770000000000e+01, 8.000000000000e-01, 9.400000000000e-01, 1.669488584314e-01, 4.417083502731e-03
 1.770000000000e+01, 8.000000000000e-01, 1.010000000000e+00, 1.658941106544e-01, 4.993055970629e-03
 1.770000000000e+01, 8.000000000000e-01, 1.080000000000e+00, 1.544721456632e-01, 4.057460094515e-03
 1.770000000000e+01, 8.000000000000e-01, 1.150000000000e+00, 1.637350556988e-01, 5.134725963732e-03
 1.770000000000e+01, 8.000000000000e-01, 1.220000000000e+00, 1.595914983037e-01, 5.555570635732e-03
 1.770000000000e+01, 8.000000000000e-01, 1.290000000000e+00, 1.674734733288e-01, 6.979239140054e-03
 1.770000000000e+01, 8.000000000000e-01, 1.360000000000e+00, 1.548455947117e-01, 3.160462976559e-03
 1.770000000000e+01, 8.000000000000e-01, 1.430000000000e+00, 1.562794903987e-01, 3.225145201607e-03
 1.770000000000e+01, 8.700000000000e-01, 8.000000000000e-01, 1.131210189047e-01, 1.565069085255e-03
 1.770000000000e+01, 8.700000000000e-01, 8.700000000000e-01, 1.075647668177e-01, 1.979495311206e-03
 1.770000000000e+01, 8.700000000000e-01, 9.400000000000e-01, 1.048670584891e-01, 1.300413513347e-03
 1.770000000000e+01, 8.700000000000e-01, 1.010000000000e+00, 1.066691945238e-01, 1.286125216330e-03
 1.770000000000e+01, 8.700000000000e-01, 1.080000000000e+00, 1.089063872157e-01, 2.055706795668e-03
 1.770000000000e+01, 8.700000000000e-01, 1.150000000000e+00, 1.077699456279e-01, 1.397282940108e-03
 1.770000000000e+01, 8.700000000000e-01, 1.220000000000e+00, 1.109780537306e-01, 1.846361286044e-03
 1.770000000000e+01, 8.700000000000e-01, 1.290000000000e+00, 1.068514817251e-01, 1.215180816282e-03
 1.770000000000e+01, 8.700000000000e-01, 1.360000000000e+00, 1.116279345128e-01, 2.084756448089e-03
 1.770000000000e+01, 8.700000000000e-01, 1.430000000000e+00, 1.082057719214e-01, 1.651998618225e-03
 1.770000000000e+01, 9.400000000000e-01, 8.000000000000e-01, 9.277583260784e-02, 5.946183845291e-04
 1.770000000000e+01, 9.400000000000e-01, 8.700000000000e-01, 8.802304465400e-02, 5.441820624824e-04
 1.770000000000e+01, 9.400000000000e-01, 9.400000000000e-01, 8.849709293463e-02, 6.064151989372e-04
 1.770000000000e+01, 9.400000000000e-01, 1.010000000000e+00, 8.756494154025e-02, 6.018719377108e-04
 1.770000000000e+01, 9.400000000000e-01, 1.080000000000e+00, 8.815169254687e-02, 6.960403524520e-04
 1.770000000000e+01, 9.400000000000e-01, 1.150000000000e+00, 8.803961315245e-02, 5.849286445054e-04
 1.770000000000e+01, 9.400000000000e-01, 1.220000000000e+00, 8.942871739318e-02, 6.604251371119e-04
 1.770000000000e+01, 9.400000000000e-01, 1.290000000000e+00, 9.062457886616e-02, 7.549347060773e-04
 1.770000000000e+01, 9.400000000000e-01, 1.360000000000e+00, 9.100439487551e-02, 6.175340788162e-04
 1.770000000000e+01, 9.400000000000e-01, 1.430000000000e+00, 9.229148394839e-02, 6.900547988808e-04
 1.770000000000e+01, 1.010000000000e+00, 8.000000000000e-01, 8.608737654564e-02, 2.917594663440e-04
 1.770000000000e+01, 1.010000000000e+00, 8.700000000000e-01, 8.164216115367e-02, 2.191159535443e-04
 1.770000000000e+01, 1.010000000000e+00, 9.400000000000e-01, 8.104044794838e-02, 2.816968021759e-04
 1.770000000000e+01, 1.010000000000e+00, 1.010000000000e+00, 8.044420283494e-02, 2.302377260502e-04
 1.770000000000e+01, 1.010000000000e+00, 1.080000000000e+00, 8.107916647746e-02, 2.409952550945e-04
 1.770000000000e+01, 1.010000000000e+00, 1.150000000000e+00, 8.169120864646e-02, 2.525190293769e-04
 1.770000000000e+01, 1.010000000000e+00, 1.220000000000e+00, 8.238160660701e-02, 2.830491419948e-04
 1.770000000000e+01, 1.010000000000e+00, 1.290000000000e+00, 8.304988730084e-02, 2.330608469631e-04
 1.770000000000e+01, 1.010000000000e+00, 1.360000000000e+00, 8.358429105074e-02, 2.273315554943e-04
 1.770000000000e+01, 1.010000000000e+00, 1.430000000000e+00, 8.436109451870e-02, 2.171738761948e-04
 1.770000000000e+01, 1.080000000000e+00, 8.000000000000e-01, 8.465933366343e-02, 2.370148378145e-04
 1.770000000000e+01, 1.080000000000e+00, 8.700000000000e-01, 8.002439986311e-02, 8.280851112067e-05
 1.770000000000e+01, 1.080000000000e+00, 9.400000000000e-01, 7.872933950499e-02, 9.227654430379e-05
 1.770000000000e+01, 1.080000000000e+00, 1.010000000000e+00, 7.865984600123e-02, 1.356667106959e-04
 1.770000000000e+01, 1.080000000000e+00, 1.080000000000e+00, 7.928644290562e-02, 1.166504547523e-04
 1.770000000000e+01, 1.080000000000e+00, 1.150000000000e+00, 7.983749116302e-02, 9.956536493880e-05
 1.770000000000e+01, 1.080000000000e+00, 1.220000000000e+00, 8.060344980742e-02, 1.201132837955e-04
 1.770000000000e+01, 1.080000000000e+00, 1.290000000000e+00, 8.124613823823e-02, 1.139351889613e-04
 1.770000000000e+01, 1.080000000000e+00, 1.360000000000e+00, 8.187064012225e-02, 1.178891017754e-04
 1.770000000000e+01, 1.080000000000e+00, 1.430000000000e+00, 8.295839412310e-02, 1.158740505030e-04
 1.770000000000e+01, 1.150000000000e+00, 8.000000000000e-01, 8.439230682193e-02, 2.014173518480e-04
 1.770000000000e+01, 1.150000000000e+00, 8.700000000000e-01, 8.045390130436e-02, 7.072165482986e-05
 1.770000000000e+01, 1.150000000000e+00, 9.400000000000e-01, 7.913954369232e-02, 8.470420527015e-05
 1.770000000000e+01, 1.150000000000e+00, 1.010000000000e+00, 7.874071211772e-02, 3.312719062632e-04
 1.770000000000e+01, 1.150000000000e+00, 1.080000000000e+00, 7.955135249320e-02, 1.102473425137e-04
 1.770000000000e+01, 1.150000000000e+00, 1.150000000000e+00, 8.025274779215e-02, 9.610841225679e-05
 1.770000000000e+01, 1.150000000000e+00, 1.220000000000e+00, 8.105484470763e-02, 9.785464594731e-05
 1.770000000000e+01, 1.150000000000e+00, 1.290000000000e+00, 8.163001202787e-02, 1.047632932345e-04
 1.770000000000e+01, 1.150000000000e+00, 1.360000000000e+00, 8.214444576259e-02, 1.263202844077e-04
 1.770000000000e+01, 1.150000000000e+00, 1.430000000000e+00, 8.297658017365e-02, 1.624060127767e-04
 1.770000000000e+01, 1.220000000000e+00, 8.000000000000e-01, 8.646244513121e-02, 2.490936649319e-04
 1.770000000000e+01, 1.220000000000e+00, 8.700000000000e-01, 8.144365140074e-02, 1.161288497711e-04
 1.770000000000e+01, 1.220000000000e+00, 9.400000000000e-01, 8.021153871899e-02, 9.036267576298e-05
 1.770000000000e+01, 1.220000000000e+00, 1.010000000000e+00, 7.983495590302e-02, 1.432442822618e-04
 1.770000000000e+01, 1.220000000000e+00, 1.080000000000e+00, 8.074822989961e-02, 9.224428617121e-05
 1.770000000000e+01, 1.220000000000e+00, 1.150000000000e+00, 8.120673908554e-02, 1.219981080060e-04
 1.770000000000e+01, 1.220000000000e+00, 1.220000000000e+00, 8.198401522024e-02, 1.152075776369e-04
 1.770000000000e+01, 1.220000000000e+00, 1.290000000000e+00, 8.270159090342e-02, 1.303995618819e-04
 1.770000000000e+01, 1.220000000000e+00, 1.360000000000e+00, 8.341625109021e-02, 1.230487448011e-04
 1.770000000000e+01, 1.220000000000e+00, 1.430000000000e+00, 8.394991529700e-02, 1.208677322359e-04
 1.770000000000e+01, 1.290000000000e+00, 8.000000000000e-01, 8.751443699558e-02, 2.162305150015e-04
 1.770000000000e+01, 1.290000000000e+00, 8.700000000000e-01, 8.277881560989e-02, 8.471326439390e-05
 1.770000000000e+01, 1.290000000000e+00, 9.400000000000e-01, 8.175683718576e-02, 8.876362389987e-05
 1.770000000000e+01, 1.290000000000e+00, 1.010000000000e+00, 8.146693468840e-02, 1.117162550633e-04
 1.770000000000e+01, 1.290000000000e+00, 1.080000000000e+00, 8.217795797585e-02, 1.157565462354e-04
 1.770000000000e+01, 1.290000000000e+00, 1.150000000000e+00, 8.248727444175e-02, 1.268022177404e-04
 1.770000000000e+01, 1.290000000000e+00, 1.220000000000e+00, 8.316773752190e-02, 1.319121116975e-04
 1.770000000000e+01, 1.290000000000e+00, 1.290000000000e+00, 8.414470275354e-02, 1.235361455454e-04
 1.770000000000e+01, 1.290000000000e+00, 1.360000000000e+00, 8.491696235310e-02, 1.416530617246e-04
 1.770000000000e+01, 1.290000000000e+00, 1.430000000000e+00, 8.541217985941e-02, 1.197295626025e-04
 1.770000000000e+01, 1.360000000000e+00, 8.000000000000e-01, 8.818710641353e-02, 2.553632482351e-04
 1.770000000000e+01, 1.360000000000e+00, 8.700000000000e-01, 8.401681125935e-02, 9.895027422520e-05
 1.770000000000e+01, 1.360000000000e+00, 9.400000000000e-01, 8.276454512280e-02, 1.269686235259e-04
 1.770000000000e+01, 1.360000000000e+00, 1.010000000000e+00, 8.259727086569e-02, 1.202837808016e-04
 1.770000000000e+01, 1.360000000000e+00, 1.080000000000e+00, 8.328613711380e-02, 1.192562350240e-04
 1.770000000000e+01, 1.360000000000e+00, 1.150000000000e+00, 8.384829287345e-02, 1.389494022360e-04
 1.770000000000e+01, 1.360000000000e+00, 1.220000000000e+00, 8.459974234214e-02, 1.223072633829e-04
 1.770000000000e+01, 1.360000000000e+00, 1.290000000000e+00, 8.524665311137e-02, 1.569973478463e-04
 1.770000000000e+01, 1.360000000000e+00, 1.360000000000e+00, 8.598251755186e-02, 1.542904080024e-04
 1.770000000000e+01, 1.360000000000e+00, 1.430000000000e+00, 8.690750434296e-02, 1.185416300653e-04
 1.770000000000e+01, 1.430000000000e+00, 8.000000000000e-01, 8.999784247394e-02, 2.232798530744e-04
 1.770000000000e+01, 1.430000000000e+00, 8.700000000000e-01, 8.534589064271e-02, 1.003436622225e-04
 1.770000000000e+01, 1.430000000000e+00, 9.400000000000e-01, 8.425857514405e-02, 9.244412772590e-05
 1.770000000000e+01, 1.430000000000e+00, 1.010000000000e+00, 8.426443827036e-02, 9.712281394168e-05
 1.770000000000e+01, 1.430000000000e+00, 1.080000000000e+00, 8.449121940373e-02, 1.300344273575e-04
 1.770000000000e+01, 1.430000000000e+00, 1.150000000000e+00, 8.530223037261e-02, 1.140952128169e-04
 1.770000000000e+01, 1.430000000000e+00, 1.220000000000e+00, 8.586491045340e-02, 1.419932463936e-04
 1.770000000000e+01, 1.430000000000e+00, 1.290000000000e+00, 8.655225973133e-02, 1.448717650431e-04
 1.770000000000e+01, 1.430000000000e+00, 1.360000000000e+00, 8.731992432788e-02, 1.221602190398e-04
 1.770000000000e+01, 1.430000000000e+00, 1.430000000000e+00, 8.817214149239e-02, 1.205705561722e-04
