#              p[0],               p[1],               p[2],             energy,               error
 1.500000000000e+01, 8.000000000000e-01, 8.000000000000e-01, 1.838204732251e-01, 3.930817088030e-03
 1.500000000000e+01, 8.000000000000e-01, 8.700000000000e-01, 1.757455657724e-01, 3.672646864281e-03
 1.500000000000e+01, 8.000000000000e-01, 9.400000000000e-01, 1.801704202372e-01, 4.742687731717e-03
 1.500000000000e+01, 8.000000000000e-01, 1.010000000000e+00, 1.849950705508e-01, 4.645826485555e-03
 1.500000000000e+01, 8.000000000000e-01, 1.080000000000e+00, 1.773318720361e-01, 4.459810004404e-03
 1.500000000000e+01, 8.000000000000e-01, 1.150000000000e+00, 1.778146853261e-01, 5.497637014706e-03
 1.500000000000e+01, 8.000000000000e-01, 1.220000000000e+00, 1.867113132148e-01, 4.458884980607e-03
 1.500000000000e+01, 8.000000000000e-01, 1.290000000000e+00, 1.900598329852e-01, 6.343041468302e-03
 1.500000000000e+01, 8.000000000000e-01, 1.360000000000e+00, 1.877078199982e-01, 4.907696306072e-03
 1.500000000000e+01, 8.000000000000e-01, 1.430000000000e+00, 1.873832267534e-01, 6.395001746970e-03
 1.500000000000e+01, 8.700000000000e-01, 8.000000000000e-01, 1.225790210839e-01, 1.792393231964e-03
 1.500000000000e+01, 8.700000000000e-01, 8.700000000000e-01, 1.166093208317e-01, 1.975355774887e-03
 1.500000000000e+01, 8.700000000000e-01, 9.400000000000e-01, 1.173360516783e-01, 2.024119974051e-03
 1.500000000000e+01, 8.700000000000e-01, 1.010000000000e+00, 1.160385284132e-01, 1.877129197005e-03
 1.500000000000e+01, 8.700000000000e-01, 1.080000000000e+00, 1.143152985253e-01, 1.658986975542e-03
 1.500000000000e+01, 8.700000000000e-01, 1.150000000000e+00, 1.153794660799e-01, 1.864666222794e-03
 1.500000000000e+01, 8.700000000000e-01, 1.220000000000e+00, 1.198202424210e-01, 1.882044034709e-03
 1.500000000000e+01, 8.700000000000e-01, 1.290000000000e+00, 1.158571973268e-01, 1.708981431049e-03
 1.500000000000e+01, 8.700000000000e-01, 1.360000000000e+00, 1.218960270308e-01, 2.586896391985e-03
 1.500000000000e+01, 8.700000000000e-01, 1.430000000000e+00, 1.251719651099e-01, 2.419931357944e-03
 1.500000000000e+01, 9.400000000000e-01, 8.000000000000e-01, 9.741892501672e-02, 6.842055049118e-04
 1.500000000000e+01, 9.400000000000e-01, 8.700000000000e-01, 9.215272243632e-02, 6.876925873576e-04
 1.500000000000e+01, 9.400000000000e-01, 9.400000000000e-01, 9.124689423773e-02, 8.210261524276e-04
 1.500000000000e+01, 9.400000000000e-01, 1.010000000000e+00, 9.013923893334e-02, 6.806057882647e-04
 1.500000000000e+01, 9.400000000000e-01, 1.080000000000e+00, 9.077735566132e-02, 6.531412791132e-04
 1.500000000000e+01, 9.400000000000e-01, 1.150000000000e+00, 9.308089434754e-02, 9.020964595125e-04
 1.500000000000e+01, 9.400000000000e-01, 1.220000000000e+00, 9.280464745776e-02, 6.636845421954e-04
 1.500000000000e+01, 9.400000000000e-01, 1.290000000000e+00, 9.303523222690e-02, 6.996733559836e-04
 1.500000000000e+01, 9.400000000000e-01, 1.360000000000e+00, 9.534885429598e-02, 1.082263238033e-03
 1.500000000000e+01, 9.400000000000e-01, 1.430000000000e+00, 9.659586198239e-02, 8.119985517770e-04
 1.500000000000e+01, 1.010000000000e+00, 8.000000000000e-01, 8.958454795215e-02, 3.403915521567e-04
 1.500000000000e+01, 1.010000000000e+00, 8.700000000000e-01, 8.365839464854e-02, 2.491977390374e-04
 1.500000000000e+01, 1.010000000000e+00, 9.400000000000e-01, 8.184519594972e-02, 2.489653426810e-04
 1.500000000000e+01, 1.010000000000e+00, 1.010000000000e+00, 8.127717314264e-02, 2.163908748858e-04
 1.500000000000e+01, 1.010000000000e+00, 1.080000000000e+00, 8.278617515005e-02, 3.168866630734e-04
 1.500000000000e+01, 1.010000000000e+00, 1.150000000000e+00, 8.298282831452e-02, 2.929001950014e-04
 1.500000000000e+01, 1.010000000000e+00, 1.220000000000e+00, 8.408224673484e-02, 3.158814438557e-04
 1.500000000000e+01, 1.010000000000e+00, 1.290000000000e+00, 8.492631033663e-02, 2.777005132356e-04
 1.500000000000e+01, 1.010000000000e+00, 1.360000000000e+00, 8.607987131310e-02, 3.340302787022e-04
 1.500000000000e+01, 1.010000000000e+00, 1.430000000000e+00, 8.731899644638e-02, 3.200036543906e-04
 1.500000000000e+01, 1.080000000000e+00, 8.000000000000e-01, 8.717416490754e-02, 2.651862016034e-04
 1.500000000000e+01, 1.080000000000e+00, 8.700000000000e-01, 8.121683679117e-02, 1.078394080006e-04
 1.500000000000e+01, 1.080000000000e+00, 9.400000000000e-01, 7.956095092026e-02, 1.006634579164e-04
 1.500000000000e+01, 1.080000000000e+00, 1.010000000000e+00, 7.930780268217e-02, 1.317155866841e-04
 1.500000000000e+01, 1.080000000000e+00, 1.080000000000e+00, 8.013361976693e-02, 1.063121294230e-04
 1.500000000000e+01, 1.080000000000e+00, 1.150000000000e+00, 8.079038834438e-02, 1.092031082445e-04
 1.500000000000e+01, 1.080000000000e+00, 1.220000000000e+00, 8.151692550269e-02, 1.516361820207e-04
 1.500000000000e+01, 1.080000000000e+00, 1.290000000000e+00, 8.265400339540e-02, 1.267349361508e-04
 1.500000000000e+01, 1.080000000000e+00, 1.360000000000e+00, 8.346308806618e-02, 1.385397967450e-04
 1.500000000000e+01, 1.080000000000e+00, 1.430000000000e+00, 8.437794636451e-02, 1.537708096894e-04
 1.500000000000e+01, 1.150000000000e+00, 8.000000000000e-01, 8.712917347939e-02, 2.542311467895e-04
 1.500000000000e+01, 1.150000000000e+00, 8.700000000000e-01, 8.153516057245e-02, 8.198431198096e-05
 1.500000000000e+01, 1.150000000000e+00, 9.400000000000e-01, 8.000312537783e-02, 8.229465015572e-05
 1.500000000000e+01, 1.150000000000e+00, 1.010000000000e+00, 7.997510035333e-02, 1.066161759876e-04
 1.500000000000e+01, 1.150000000000e+00, 1.080000000000e+00, 8.035561060568e-02, 1.479748319692e-04
 1.500000000000e+01, 1.150000000000e+00, 1.150000000000e+00, 8.127127853651e-02, 1.084671015033e-04
 1.500000000000e+01, 1.150000000000e+00, 1.220000000000e+00, 8.215570911373e-02, 1.168223682091e-04
 1.500000000000e+01, 1.150000000000e+00, 1.290000000000e+00, 8.307471020656e-02, 1.093425333006e-04
 1.500000000000e+01, 1.150000000000e+00, 1.360000000000e+00, 8.390105821326e-02, 1.116021526005e-04
 1.500000000000e+01, 1.150000000000e+00, 1.430000000000e+00, 8.470395982839e-02, 1.187067378543e-04
 1.500000000000e+01, 1.220000000000e+00, 8.000000000000e-01, 8.863888585983e-02, 2.763009583637e-04
 1.500000000000e+01, 1.220000000000e+00, 8.700000000000e-01, 8.298614888009e-02, 9.215513237441e-05
 1.500000000000e+01, 1.220000000000e+00, 9.400000000000e-01, 8.127391984640e-02, 1.064002081184e-04
 1.500000000000e+01, 1.220000000000e+00, 1.010000000000e+00, 8.117648593828e-02, 1.243292341681e-04
 1.500000000000e+01, 1.220000000000e+00, 1.080000000000e+00, 8.182429739257e-02, 1.474571565940e-04
 1.500000000000e+01, 1.220000000000e+00, 1.150000000000e+00, 8.251556389542e-02, 1.344585821813e-04
 1.500000000000e+01, 1.220000000000e+00, 1.220000000000e+00, 8.345243480401e-02, 1.317920603503e-04
 1.500000000000e+01, 1.220000000000e+00, 1.290000000000e+00, 8.442278080797e-02, 1.349899594189e-04
 1.500000000000e+01, 1.220000000000e+00, 1.360000000000e+00, 8.532888616020e-02, 1.204916975166e-04
 1.500000000000e+01, 1.220000000000e+00, 1.430000000000e+00, 8.596970172419e-02, 1.333734429223e-04
 1.500000000000e+01, 1.290000000000e+00, 8.000000000000e-01, 8.973835068780e-02, 2.415475635277e-04
 1.500000000000e+01, 1.290000000000e+00, 8.700000000000e-01, 8.462565147665e-02, 1.105847977727e-04
 1.500000000000e+01, 1.290000000000e+00, 9.400000000000e-01, 8.289279079691e-02, 1.067808627170e-04
 1.500000000000e+01, 1.290000000000e+00, 1.010000000000e+00, 8.269493107399e-02, 1.399844953122e-04
 1.500000000000e+01, 1.290000000000e+00, 1.080000000000e+00, 8.324871602872e-02, 1.657139803308e-04
 1.500000000000e+01, 1.290000000000e+00, 1.150000000000e+00, 8.445135243634e-02, 1.250385952123e-04
 1.500000000000e+01, 1.290000000000e+00, 1.220000000000e+00, 8.528022764193e-02, 1.310115434835e-04
 1.500000000000e+01, 1.290000000000e+00, 1.290000000000e+00, 8.629851329104e-02, 1.285641966611e-04
 1.500000000000e+01, 1.290000000000e+00, 1.360000000000e+00, 8.676365957866e-02, 1.414477897331e-04
 1.500000000000e+01, 1.290000000000e+00, 1.430000000000e+00, 8.764599791354e-02, 1.422086481736e-04
 1.500000000000e+01, 1.360000000000e+00, 8.000000000000e-01, 9.203458053215e-02, 2.618038952615e-04
 1.500000000000e+01, 1.360000000000e+00, 8.700000000000e-01, 8.633773767631e-02, 1.034368011840e-04
 1.500000000000e+01, 1.360000000000e+00, 9.400000000000e-01, 8.463699534248e-02, 1.103104670746e-04
 1.500000000000e+01, 1.360000000000e+00, 1.010000000000e+00, 8.460666924973e-02, 1.375150812052e-04
 1.500000000000e+01, 1.360000000000e+00, 1.080000000000e+00, 8.513417778568e-02, 1.400849843529e-04
 1.500000000000e+01, 1.360000000000e+00, 1.150000000000e+00, 8.580301973173e-02, 1.404318789529e-04
 1.500000000000e+01, 1.360000000000e+00, 1.220000000000e+00, 8.670661456085e-02, 1.414431561184e-04
 1.500000000000e+01, 1.360000000000e+00, 1.290000000000e+00, 8.773777114060e-02, 1.568754650407e-04
 1.500000000000e+01, 1.360000000000e+00, 1.360000000000e+00, 8.850621583216e-02, 1.767912801038e-04
 1.500000000000e+01, 1.360000000000e+00, 1.430000000000e+00, 8.958806174611e-02, 1.464770385268e-04
 1.500000000000e+01, 1.430000000000e+00, 8.000000000000e-01, 9.369803037224e-02, 2.469990423488e-04
 1.500000000000e+01, 1.430000000000e+00, 8.700000000000e-01, 8.776347218724e-02, 1.121289138481e-04
 1.500000000000e+01, 1.430000000000e+00, 9.400000000000e-01, 8.624199653966e-02, 1.074165198302e-04
 1.500000000000e+01, 1.430000000000e+00, 1.010000000000e+00, 8.601756466536e-02, 1.272966940077e-04
 1.500000000000e+01, 1.430000000000e+00, 1.080000000000e+00, 8.660143227677e-02, 1.770455096098e-04
 1.500000000000e+01, 1.430000000000e+00, 1.150000000000e+00, 8.722574646348e-02, 1.674412165633e-04
 1.500000000000e+01, 1.430000000000e+00, 1.220000000000e+00, 8.843486072444e-02, 1.315071709939e-04
 1.500000000000e+01, 1.430000000000e+00, 1.290000000000e+00, 8.941321880695e-02, 1.348992902053e-04
 1.500000000000e+01, 1.430000000000e+00, 1.360000000000e+00, 9.004224230994e-02, 1.582743079119e-04
 1.500000000000e+01, 1.430000000000e+00, 1.430000000000e+00, 9.115728318995e-02, 1.454665559996e-04
 1.530000000000e+01, 8.000000000000e-01, 8.000000000000e-01, 1.797043869014e-01, 3.687007557239e-03
 1.530000000000e+01, 8.000000000000e-01, 8.700000000000e-01, 1.726557986287e-01, 4.328653924732e-03
 1.530000000000e+01, 8.000000000000e-01, 9.400000000000e-01, 1.796369577060e-01, 4.880919197750e-03
 1.530000000000e+01, 8.000000000000e-01, 1.010000000000e+00, 1.764228966651e-01, 4.225424699634e-03
 1.530000000000e+01, 8.000000000000e-01, 1.080000000000e+00, 1.757726902972e-01, 5.829821425291e-03
 1.530000000000e+01, 8.000000000000e-01, 1.150000000000e+00, 1.777880594401e-01, 4.529583321248e-03
 1.530000000000e+01, 8.000000000000e-01, 1.220000000000e+00, 1.892508922423e-01, 5.888993554625e-03
 1.530000000000e+01, 8.000000000000e-01, 1.290000000000e+00, 1.788496026317e-01, 4.243563688454e-03
 1.530000000000e+01, 8.000000000000e-01, 1.360000000000e+00, 1.738333561085e-01, 4.319112209526e-03
 1.530000000000e+01, 8.000000000000e-01, 1.430000000000e+00, 1.709956300776e-01, 3.378197764390e-03
 1.530000000000e+01, 8.700000000000e-01, 8.000000000000e-01, 1.202061711247e-01, 1.673322714271e-03
 1.530000000000e+01, 8.700000000000e-01, 8.700000000000e-01, 1.154432951407e-01, 1.630155713963e-03
 1.530000000000e+01, 8.700000000000e-01, 9.400000000000e-01, 1.152223566506e-01, 1.916764291637e-03
 1.530000000000e+01, 8.700000000000e-01, 1.010000000000e+00, 1.168166042421e-01, 2.646154314482e-03
 1.530000000000e+01, 8.700000000000e-01, 1.080000000000e+00, 1.124097832200e-01, 1.563316186115e-03
 1.530000000000e+01, 8.700000000000e-01, 1.150000000000e+00, 1.165051225020e-01, 1.893764245011e-03
 1.530000000000e+01, 8.700000000000e-01, 1.220000000000e+00, 1.187801500595e-01, 2.009322674526e-03
 1.530000000000e+01, 8.700000000000e-01, 1.290000000000e+00, 1.147409310705e-01, 1.617877834960e-03
 1.530000000000e+01, 8.700000000000e-01, 1.360000000000e+00, 1.184415870549e-01, 2.025414016825e-03
 1.530000000000e+01, 8.700000000000e-01, 1.430000000000e+00, 1.183532251901e-01, 1.752874302105e-03
 1.530000000000e+01, 9.400000000000e-01, 8.000000000000e-01, 9.773342468844e-02, 6.953091928716e-04
 1.530000000000e+01, 9.400000000000e-01, 8.700000000000e-01, 9.207802259897e-02, 7.140480191387e-04
 1.530000000000e+01, 9.400000000000e-01, 9.400000000000e-01, 9.057846674300e-02, 6.258901427381e-04
 1.530000000000e+01, 9.400000000000e-01, 1.010000000000e+00, 9.028433789098e-02, 8.312296193384e-04
 1.530000000000e+01, 9.400000000000e-01, 1.080000000000e+00, 8.968296284069e-02, 6.161165257802e-04
 1.530000000000e+01, 9.400000000000e-01, 1.150000000000e+00, 9.137237877260e-02, 6.972395995585e-04
 1.530000000000e+01, 9.400000000000e-01, 1.220000000000e+00, 9.219609932779e-02, 6.667770566747e-04
 1.530000000000e+01, 9.400000000000e-01, 1.290000000000e+00, 9.250234370997e-02, 6.130504700876e-04
 1.530000000000e+01, 9.400000000000e-01, 1.360000000000e+00, 9.388586757779e-02, 7.783356633447e-04
 1.530000000000e+01, 9.400000000000e-01, 1.430000000000e+00, 9.452162700547e-02, 6.566102065437e-04
 1.530000000000e+01, 1.010000000000e+00, 8.000000000000e-01, 8.857559535881e-02, 3.230564097304e-04
 1.530000000000e+01, 1.010000000000e+00, 8.700000000000e-01, 8.334504732556e-02, 2.304124010679e-04
 1.530000000000e+01, 1.010000000000e+00, 9.400000000000e-01, 8.133509810594e-02, 2.363549165797e-04
 1.530000000000e+01, 1.010000000000e+00, 1.010000000000e+00, 8.196394557781e-02, 3.546004259347e-04
 1.530000000000e+01, 1.010000000000e+00, 1.080000000000e+00, 8.233092227542e-02, 2.725814191957e-04
 1.530000000000e+01, 1.010000000000e+00, 1.150000000000e+00, 8.291069291203e-02, 3.183632223263e-04
 1.530000000000e+01, 1.010000000000e+00, 1.220000000000e+00, 8.349909963314e-02, 3.055888140901e-04
 1.530000000000e+01, 1.010000000000e+00, 1.290000000000e+00, 8.386686718515e-02, 2.536700434145e-04
 1.530000000000e+01, 1.010000000000e+00, 1.360000000000e+00, 8.551787538882e-02, 2.760761506769e-04
 1.530000000000e+01, 1.010000000000e+00, 1.430000000000e+00, 8.604964450516e-02, 2.834007534713e-04
 1.530000000000e+01, 1.080000000000e+00, 8.000000000000e-01, 8.669690268350e-02, 2.548582137440e-04
 1.530000000000e+01, 1.080000000000e+00, 8.700000000000e-01, 8.091060346685e-02, 9.592897734350e-05
 1.530000000000e+01, 1.080000000000e+00, 9.400000000000e-01, 7.923658726792e-02, 1.675688300411e-04
 1.530000000000e+01, 1.080000000000e+00, 1.010000000000e+00, 7.931700821608e-02, 1.064295975524e-04
 1.530000000000e+01, 1.080000000000e+00, 1.080000000000e+00, 7.985828125763e-02, 1.089833360523e-04
 1.530000000000e+01, 1.080000000000e+00, 1.150000000000e+00, 8.045544593719e-02, 1.369247181721e-04
 1.530000000000e+01, 1.080000000000e+00, 1.220000000000e+00, 8.135033870812e-02, 1.272060531449e-04
 1.530000000000e+01, 1.080000000000e+00, 1.290000000000e+00, 8.227987279015e-02, 1.314605250994e-04
 1.530000000000e+01, 1.080000000000e+00, 1.360000000000e+00, 8.309037478303e-02, 1.344051320937e-04
 1.530000000000e+01, 1.080000000000e+00, 1.430000000000e+00, 8.403598747128e-02, 1.146575341195e-04
 1.530000000000e+01, 1.150000000000e+00, 8.000000000000e-01, 8.709836326377e-02, 2.591267274777e-04
 1.530000000000e+01, 1.150000000000e+00, 8.700000000000e-01, 8.138044659190e-02, 8.152287037479e-05
 1.530000000000e+01, 1.150000000000e+00, 9.400000000000e-01, 7.939621557394e-02, 1.095255142380e-04
 1.530000000000e+01, 1.150000000000e+00, 1.010000000000e+00, 7.954777924985e-02, 1.105337653221e-04
 1.530000000000e+01, 1.150000000000e+00, 1.080000000000e+00, 8.021506656498e-02, 9.788245660736e-05
 1.530000000000e+01, 1.150000000000e+00, 1.150000000000e+00, 8.108879176292e-02, 9.944826490984e-05
 1.530000000000e+01, 1.150000000000e+00, 1.220000000000e+00, 8.165300155659e-02, 1.181292233390e-04
 1.530000000000e+01, 1.150000000000e+00, 1.290000000000e+00, 8.254422575233e-02, 1.261066754055e-04
 1.530000000000e+01, 1.150000000000e+00, 1.360000000000e+00, 8.354231374174e-02, 1.151230004581e-04
 1.530000000000e+01, 1.150000000000e+00, 1.430000000000e+00, 8.452356697303e-02, 1.035114426756e-04
 1.530000000000e+01, 1.220000000000e+00, 8.000000000000e-01, 8.768414912027e-02, 2.127343714329e-04
 1.530000000000e+01, 1.220000000000e+00, 8.700000000000e-01, 8.257280084467e-02, 9.232056234467e-05
 1.530000000000e+01, 1.220000000000e+00, 9.400000000000e-01, 8.079301442512e-02, 1.275626360752e-04
 1.530000000000e+01, 1.220000000000e+00, 1.010000000000e+00, 8.100634239477e-02, 1.062518471605e-04
 1.530000000000e+01, 1.220000000000e+00, 1.080000000000e+00, 8.152494817437e-02, 1.275143947451e-04
 1.530000000000e+01, 1.220000000000e+00, 1.150000000000e+00, 8.211260741704e-02, 1.431492948226e-04
 1.530000000000e+01, 1.220000000000e+00, 1.220000000000e+00, 8.319884982277e-02, 1.381654825420e-04
 1.530000000000e+01, 1.220000000000e+00, 1.290000000000e+00, 8.379806248227e-02, 1.346240636026e-04
 1.530000000000e+01, 1.220000000000e+00, 1.360000000000e+00, 8.473771380632e-02, 1.308175014171e-04
 1.530000000000e+01, 1.220000000000e+00, 1.430000000000e+00, 8.569949047922e-02, 1.363476451593e-04
 1.530000000000e+01, 1.290000000000e+00, 8.000000000000e-01, 9.043242663738e-02, 2.845810642869e-04
 1.530000000000e+01, 1.290000000000e+00, 8.700000000000e-01, 8.408081652131e-02, 1.063068936405e-04
 1.530000000000e+01, 1.290000000000e+00, 9.400000000000e-01, 8.282885677319e-02, 9.868608947202e-05
 1.530000000000e+01, 1.290000000000e+00, 1.010000000000e+00, 8.271403942063e-02, 1.208837022329e-04
 1.530000000000e+01, 1.290000000000e+00, 1.080000000000e+00, 8.304379014433e-02, 1.368517611621e-04
 1.530000000000e+01, 1.290000000000e+00, 1.150000000000e+00, 8.374582891407e-02, 1.795136649046e-04
 1.530000000000e+01, 1.290000000000e+00, 1.220000000000e+00, 8.460309594016e-02, 1.554208760264e-04
 1.530000000000e+01, 1.290000000000e+00, 1.290000000000e+00, 8.556500533136e-02, 1.487004326888e-04
 1.530000000000e+01, 1.290000000000e+00, 1.360000000000e+00, 8.665494332648e-02, 1.346313929644e-04
 1.530000000000e+01, 1.290000000000e+00, 1.430000000000e+00, 8.717533548245e-02, 1.641385860784e-04
 1.530000000000e+01, 1.360000000000e+00, 8.000000000000e-01, 9.149733889383e-02, 2.769078266920e-04
 1.530000000000e+01, 1.360000000000e+00, 8.700000000000e-01, 8.594675334579e-02, 1.045133446857e-04
 1.530000000000e+01, 1.360000000000e+00, 9.400000000000e-01, 8.437941132019e-02, 1.069072661302e-04
 1.530000000000e+01, 1.360000000000e+00, 1.010000000000e+00, 8.435647312912e-02, 1.206530863210e-04
 1.530000000000e+01, 1.360000000000e+00, 1.080000000000e+00, 8.481782897044e-02, 1.236624510066e-04
 1.530000000000e+01, 1.360000000000e+00, 1.150000000000e+00, 8.533168255103e-02, 1.483026351862e-04
 1.530000000000e+01, 1.360000000000e+00, 1.220000000000e+00, 8.622536206480e-02, 1.606042639971e-04
 1.530000000000e+01, 1.360000000000e+00, 1.290000000000e+00, 8.715417470822e-02, 1.846625173937e-04
 1.530000000000e+01, 1.360000000000e+00, 1.360000000000e+00, 8.820956228735e-02, 1.279244055108e-04
 1.530000000000e+01, 1.360000000000e+00, 1.430000000000e+00, 8.895236884901e-02, 1.371836653060e-04
 1.530000000000e+01, 1.430000000000e+00, 8.000000000000e-01, 9.329594169419e-02, 2.829079390603e-04
 1.530000000000e+01, 1.430000000000e+00, 8.700000000000e-01, 8.750548616015e-02, 1.056962674664e-04
 1.530000000000e+01, 1.430000000000e+00, 9.400000000000e-01, 8.568702943572e-02, 1.276280260906e-04
 1.530000000000e+01, 1.430000000000e+00, 1.010000000000e+00, 8.592296838554e-02, 1.135173441826e-04
 1.530000000000e+01, 1.430000000000e+00, 1.080000000000e+00, 8.654626718507e-02, 1.257481139712e-04
 1.530000000000e+01, 1.430000000000e+00, 1.150000000000e+00, 8.682771463338e-02, 1.544549618811e-04
 1.530000000000e+01, 1.430000000000e+00, 1.220000000000e+00, 8.809393484236e-02, 1.404347317479e-04
 1.530000000000e+01, 1.430000000000e+00, 1.290000000000e+00, 8.858583222755e-02, 1.527601906296e-04
 1.530000000000e+01, 1.430000000000e+00, 1.360000000000e+00, 8.990238849372e-02, 1.427673905876e-04
 1.530000000000e+01, 1.430000000000e+00, 1.430000000000e+00, 9.077852700964e-02, 1.404549907929e-04
 1.560000000000e+01, 8.000000000000e-01, 8.000000000000e-01, 1.771785138553e-01, 3.548572742758e-03
 1.560000000000e+01, 8.000000000000e-01, 8.700000000000e-01, 1.731160392984e-01, 3.984203210296e-03
 1.560000000000e+01, 8.000000000000e-01, 9.400000000000e-01, 1.678707867647e-01, 3.580376914958e-03
 1.560000000000e+01, 8.000000000000e-01, 1.010000000000e+00, 1.727103814780e-01, 4.340030222170e-03
 1.560000000000e+01, 8.000000000000e-01, 1.080000000000e+00, 1.785492762698e-01, 6.788456440601e-03
 1.560000000000e+01, 8.000000000000e-01, 1.150000000000e+00, 1.731429095504e-01, 5.149723619996e-03
 1.560000000000e+01, 8.000000000000e-01, 1.220000000000e+00, 1.744334237688e-01, 5.499690591630e-03
 1.560000000000e+01, 8.000000000000e-01, 1.290000000000e+00, 1.706124195749e-01, 3.892255791188e-03
 1.560000000000e+01, 8.000000000000e-01, 1.360000000000e+00, 1.828068640385e-01, 4.682841646035e-03
 1.560000000000e+01, 8.000000000000e-01, 1.430000000000e+00, 1.814886279961e-01, 5.645126689904e-03
 1.560000000000e+01, 8.700000000000e-01, 8.000000000000e-01, 1.195971610330e-01, 1.564328938781e-03
 1.560000000000e+01, 8.700000000000e-01, 8.700000000000e-01, 1.153698264709e-01, 1.780025132226e-03
 1.560000000000e+01, 8.700000000000e-01, 9.400000000000e-01, 1.114750432902e-01, 1.720640549227e-03
 1.560000000000e+01, 8.700000000000e-01, 1.010000000000e+00, 1.114153760324e-01, 2.246255123511e-03
 1.560000000000e+01, 8.700000000000e-01, 1.080000000000e+00, 1.114836083029e-01, 2.203649172634e-03
 1.560000000000e+01, 8.700000000000e-01, 1.150000000000e+00, 1.117880326930e-01, 1.617835977872e-03
 1.560000000000e+01, 8.700000000000e-01, 1.220000000000e+00, 1.155793152039e-01, 1.744316053973e-03
 1.560000000000e+01, 8.700000000000e-01, 1.290000000000e+00, 1.147586471662e-01, 1.701580207995e-03
 1.560000000000e+01, 8.700000000000e-01, 1.360000000000e+00, 1.168783585115e-01, 2.976469276131e-03
 1.560000000000e+01, 8.700000000000e-01, 1.430000000000e+00, 1.161035517442e-01, 1.703622814904e-03
 1.560000000000e+01, 9.400000000000e-01, 8.000000000000e-01, 9.705758473003e-02, 9.401204577177e-04
 1.560000000000e+01, 9.400000000000e-01, 8.700000000000e-01, 9.158644387094e-02, 8.100961724932e-04
 1.560000000000e+01, 9.400000000000e-01, 9.400000000000e-01, 8.937699651525e-02, 6.927510956708e-04
 1.560000000000e+01, 9.400000000000e-01, 1.010000000000e+00, 8.941670237527e-02, 7.444129933745e-04
 1.560000000000e+01, 9.400000000000e-01, 1.080000000000e+00, 8.911729891270e-02, 7.235663034108e-04
 1.560000000000e+01, 9.400000000000e-01, 1.150000000000e+00, 9.098255744162e-02, 7.292699548349e-04
 1.560000000000e+01, 9.400000000000e-01, 1.220000000000e+00, 9.140262599529e-02, 6.371867550771e-04
 1.560000000000e+01, 9.400000000000e-01, 1.290000000000e+00, 9.338958869830e-02, 8.846117405077e-04
 1.560000000000e+01, 9.400000000000e-01, 1.360000000000e+00, 9.346059227665e-02, 7.135463988791e-04
 1.560000000000e+01, 9.400000000000e-01, 1.430000000000e+00, 9.395544554298e-02, 6.318174319061e-04
 1.560000000000e+01, 1.010000000000e+00, 8.000000000000e-01, 8.826507046678e-02, 3.794182610104e-04
 1.560000000000e+01, 1.010000000000e+00, 8.700000000000e-01, 8.302610881708e-02, 3.230718989112e-04
 1.560000000000e+01, 1.010000000000e+00, 9.400000000000e-01, 8.157205362649e-02, 2.441468782935e-04
 1.560000000000e+01, 1.010000000000e+00, 1.010000000000e+00, 8.117486493555e-02, 2.251453116119e-04
 1.560000000000e+01, 1.010000000000e+00, 1.080000000000e+00, 8.169468685997e-02, 2.331727822138e-04
 1.560000000000e+01, 1.010000000000e+00, 1.150000000000e+00, 8.270803439277e-02, 3.017875324864e-04
 1.560000000000e+01, 1.010000000000e+00, 1.220000000000e+00, 8.336731965665e-02, 2.634621848705e-04
 1.560000000000e+01, 1.010000000000e+00, 1.290000000000e+00, 8.423123084186e-02, 3.081440200917e-04
 1.560000000000e+01, 1.010000000000e+00, 1.360000000000e+00, 8.494939422445e-02, 3.582942056340e-04
 1.560000000000e+01, 1.010000000000e+00, 1.430000000000e+00, 8.576687954268e-02, 2.414054319929e-04
 1.560000000000e+01, 1.080000000000e+00, 8.000000000000e-01, 8.595456771429e-02, 2.390973224396e-04
 1.560000000000e+01, 1.080000000000e+00, 8.700000000000e-01, 8.072943674412e-02, 9.822689428190e-05
 1.560000000000e+01, 1.080000000000e+00, 9.400000000000e-01, 7.884944025015e-02, 1.517257128058e-04
 1.560000000000e+01, 1.080000000000e+00, 1.010000000000e+00, 7.917143691322e-02, 1.274143752598e-04
 1.560000000000e+01, 1.080000000000e+00, 1.080000000000e+00, 7.978063312461e-02, 1.051121955759e-04
 1.560000000000e+01, 1.080000000000e+00, 1.150000000000e+00, 8.032627691332e-02, 1.444049825461e-04
 1.560000000000e+01, 1.080000000000e+00, 1.220000000000e+00, 8.103790985891e-02, 1.361605850155e-04
 1.560000000000e+01, 1.080000000000e+00, 1.290000000000e+00, 8.219531395803e-02, 1.323104584466e-04
 1.560000000000e+01, 1.080000000000e+00, 1.360000000000e+00, 8.311431262585e-02, 1.298483210301e-04
 1.560000000000e+01, 1.080000000000e+00, 1.430000000000e+00, 8.404872388245e-02, 1.231184395713e-04
 1.560000000000e+01, 1.150000000000e+00, 8.000000000000e-01, 8.638518858035e-02, 2.744535013793e-04
 1.560000000000e+01, 1.150000000000e+00, 8.700000000000e-01, 8.117028726672e-02, 8.086237154847e-05
 1.560000000000e+01, 1.150000000000e+00, 9.400000000000e-01, 7.950113975763e-02, 9.110445367566e-05
 1.560000000000e+01, 1.150000000000e+00, 1.010000000000e+00, 7.932008486024e-02, 1.242247116329e-04
 1.560000000000e+01, 1.150000000000e+00, 1.080000000000e+00, 7.994472256017e-02, 1.086397634918e-04
 1.560000000000e+01, 1.150000000000e+00, 1.150000000000e+00, 8.056507731605e-02, 1.281002978258e-04
 1.560000000000e+01, 1.150000000000e+00, 1.220000000000e+00, 8.173083721164e-02, 1.040976999702e-04
 1.560000000000e+01, 1.150000000000e+00, 1.290000000000e+00, 8.237943038943e-02, 1.250444142454e-04
 1.560000000000e+01, 1.150000000000e+00, 1.360000000000e+00, 8.331540461947e-02, 1.156515135788e-04
 1.560000000000e+01, 1.150000000000e+00, 1.430000000000e+00, 8.415708659113e-02, 1.164879421574e-04
 1.560000000000e+01, 1.220000000000e+00, 8.000000000000e-01, 8.789680504926e-02, 2.873384692217e-04
 1.560000000000e+01, 1.220000000000e+00, 8.700000000000e-01, 8.245488408731e-02, 9.305460994156e-05
 1.560000000000e+01, 1.220000000000e+00, 9.400000000000e-01, 8.080472726337e-02, 1.001262942843e-04
 1.560000000000e+01, 1.220000000000e+00, 1.010000000000e+00, 8.081707913895e-02, 1.036720988407e-04
 1.560000000000e+01, 1.220000000000e+00, 1.080000000000e+00, 8.114961891250e-02, 1.610355611756e-04
 1.560000000000e+01, 1.220000000000e+00, 1.150000000000e+00, 8.183523361087e-02, 1.668030056494e-04
 1.560000000000e+01, 1.220000000000e+00, 1.220000000000e+00, 8.296833960586e-02, 1.312035741433e-04
 1.560000000000e+01, 1.220000000000e+00, 1.290000000000e+00, 8.375409704050e-02, 1.348368009816e-04
 1.560000000000e+01, 1.220000000000e+00, 1.360000000000e+00, 8.463642599452e-02, 1.165248014106e-04
 1.560000000000e+01, 1.220000000000e+00, 1.430000000000e+00, 8.556068879396e-02, 1.128252823390e-04
 1.560000000000e+01, 1.290000000000e+00, 8.000000000000e-01, 8.953961584214e-02, 2.578775246411e-04
 1.560000000000e+01, 1.290000000000e+00, 8.700000000000e-01, 8.398073690035e-02, 9.573566165567e-05
 1.560000000000e+01, 1.290000000000e+00, 9.400000000000e-01, 8.247582837614e-02, 1.042341827746e-04
 1.560000000000e+01, 1.290000000000e+00, 1.010000000000e+00, 8.221139954785e-02, 1.367477517139e-04
 1.560000000000e+01, 1.290000000000e+00, 1.080000000000e+00, 8.290367164968e-02, 1.349263512465e-04
 1.560000000000e+01, 1.290000000000e+00, 1.150000000000e+00, 8.358056793274e-02, 1.308912110717e-04
 1.560000000000e+01, 1.290000000000e+00, 1.220000000000e+00, 8.445644727086e-02, 1.545728883754e-04
 1.560000000000e+01, 1.290000000000e+00, 1.290000000000e+00, 8.514547455820e-02, 1.448574440014e-04
 1.560000000000e+01, 1.290000000000e+00, 1.360000000000e+00, 8.614181929731e-02, 1.427368551267e-04
 1.560000000000e+01, 1.290000000000e+00, 1.430000000000e+00, 8.683269618593e-02, 1.398142980113e-04
 1.560000000000e+01, 1.360000000000e+00, 8.000000000000e-01, 9.073966808399e-02, 2.410569015182e-04
 1.560000000000e+01, 1.360000000000e+00, 8.700000000000e-01, 8.559181872430e-02, 1.049840542034e-04
 1.560000000000e+01, 1.360000000000e+00, 9.400000000000e-01, 8.385004512086e-02, 1.341876699988e-04
 1.560000000000e+01, 1.360000000000e+00, 1.010000000000e+00, 8.417391349506e-02, 1.248591292057e-04
 1.560000000000e+01, 1.360000000000e+00, 1.080000000000e+00, 8.408587345370e-02, 2.038028930413e-04
 1.560000000000e+01, 1.360000000000e+00, 1.150000000000e+00, 8.510067394163e-02, 1.557432187780e-04
 1.560000000000e+01, 1.360000000000e+00, 1.220000000000e+00, 8.597833785979e-02, 1.527954625416e-04
 1.560000000000e+01, 1.360000000000e+00, 1.290000000000e+00, 8.709537494496e-02, 1.449838092000e-04
 1.560000000000e+01, 1.360000000000e+00, 1.360000000000e+00, 8.781673095130e-02, 1.497743446549e-04
 1.560000000000e+01, 1.360000000000e+00, 1.430000000000e+00, 8.872204432978e-02, 1.392039970379e-04
 1.560000000000e+01, 1.430000000000e+00, 8.000000000000e-01, 9.233741325754e-02, 2.538195654536e-04
 1.560000000000e+01, 1.430000000000e+00, 8.700000000000e-01, 8.716756497827e-02, 1.013013783448e-04
 1.560000000000e+01, 1.430000000000e+00, 9.400000000000e-01, 8.543817789660e-02, 1.181059755166e-04
 1.560000000000e+01, 1.430000000000e+00, 1.010000000000e+00, 8.568237359793e-02, 1.194586534364e-04
 1.560000000000e+01, 1.430000000000e+00, 1.080000000000e+00, 8.605547343021e-02, 1.233733487828e-04
 1.560000000000e+01, 1.430000000000e+00, 1.150000000000e+00, 8.681348859533e-02, 1.477762990056e-04
 1.560000000000e+01, 1.430000000000e+00, 1.220000000000e+00, 8.748034441738e-02, 1.443766781054e-04
 1.560000000000e+01, 1.430000000000e+00, 1.290000000000e+00, 8.852226689645e-02, 1.432225971293e-04
 1.560000000000e+01, 1.430000000000e+00, 1.360000000000e+00, 8.924699013436e-02, 1.443404058787e-04
 1.560000000000e+01, 1.430000000000e+00, 1.430000000000e+00, 9.007281287828e-02, 1.472204177296e-04
 1.590000000000e+01, 8.000000000000e-01, 8.000000000000e-01, 1.776760915099e-01, 4.265702343647e-03
 1.590000000000e+01, 8.000000000000e-01, 8.700000000000e-01, 1.743964916075e-01, 6.116942924830e-03
 1.590000000000e+01, 8.000000000000e-01, 9.400000000000e-01, 1.713738138518e-01, 4.113820898404e-03
 1.590000000000e+01, 8.000000000000e-01, 1.010000000000e+00, 1.736790717868e-01, 4.867530955014e-03
 1.590000000000e+01, 8.000000000000e-01, 1.080000000000e+00, 1.708721500140e-01, 4.389514935656e-03
 1.590000000000e+01, 8.000000000000e-01, 1.150000000000e+00, 1.681737357556e-01, 4.102783770031e-03
 1.590000000000e+01, 8.000000000000e-01, 1.220000000000e+00, 1.733677673310e-01, 5.423160573036e-03
 1.590000000000e+01, 8.000000000000e-01, 1.290000000000e+00, 1.740634224030e-01, 4.503881182130e-03
 1.590000000000e+01, 8.000000000000e-01, 1.360000000000e+00, 1.713782456857e-01, 3.976516879704e-03
 1.590000000000e+01, 8.000000000000e-01, 1.430000000000e+00, 1.682741932295e-01, 3.758365637905e-03
 1.590000000000e+01, 8.700000000000e-01, 8.000000000000e-01, 1.212001944353e-01, 2.114832330405e-03
 1.590000000000e+01, 8.700000000000e-01, 8.700000000000e-01, 1.147712825932e-01, 1.602634764111e-03
 1.590000000000e+01, 8.700000000000e-01, 9.400000000000e-01, 1.129428210091e-01, 1.656774425472e-03
 1.590000000000e+01, 8.700000000000e-01, 1.010000000000e+00, 1.094942975106e-01, 1.539527348060e-03
 1.590000000000e+01, 8.700000000000e-01, 1.080000000000e+00, 1.090399455092e-01, 1.643605724423e-03
 1.590000000000e+01, 8.700000000000e-01, 1.150000000000e+00, 1.124728933924e-01, 1.690271376770e-03
 1.590000000000e+01, 8.700000000000e-01, 1.220000000000e+00, 1.176592555064e-01, 2.514906836445e-03
 1.590000000000e+01, 8.700000000000e-01, 1.290000000000e+00, 1.167472291976e-01, 2.078579142847e-03
 1.590000000000e+01, 8.700000000000e-01, 1.360000000000e+00, 1.154833437686e-01, 1.868606202124e-03
 1.590000000000e+01, 8.700000000000e-01, 1.430000000000e+00, 1.167511205664e-01, 1.517075819524e-03
 1.590000000000e+01, 9.400000000000e-01, 8.000000000000e-01, 9.429401523751e-02, 5.366595929895e-04
 1.590000000000e+01, 9.400000000000e-01, 8.700000000000e-01, 9.056435159244e-02, 5.602608018727e-04
 1.590000000000e+01, 9.400000000000e-01, 9.400000000000e-01, 9.049815293395e-02, 6.313414353927e-04
 1.590000000000e+01, 9.400000000000e-01, 1.010000000000e+00, 8.738039920782e-02, 5.648486385145e-04
 1.590000000000e+01, 9.400000000000e-01, 1.080000000000e+00, 8.895782651453e-02, 5.705963587538e-04
 1.590000000000e+01, 9.400000000000e-01, 1.150000000000e+00, 8.969858993937e-02, 5.967682809177e-04
 1.590000000000e+01, 9.400000000000e-01, 1.220000000000e+00, 9.111335655995e-02, 6.673716389964e-04
 1.590000000000e+01, 9.400000000000e-01, 1.290000000000e+00, 9.217572032835e-02, 7.371678496906e-04
 1.590000000000e+01, 9.400000000000e-01, 1.360000000000e+00, 9.295250613237e-02, 9.166566060407e-04
 1.590000000000e+01, 9.400000000000e-01, 1.430000000000e+00, 9.405293628589e-02, 8.053057128862e-04
 1.590000000000e+01, 1.010000000000e+00, 8.000000000000e-01, 8.778656106326e-02, 3.150715828708e-04
 1.590000000000e+01, 1.010000000000e+00, 8.700000000000e-01, 8.241895686335e-02, 2.863654251528e-04
 1.590000000000e+01, 1.010000000000e+00, 9.400000000000e-01, 8.109013753691e-02, 2.194279635542e-04
 1.590000000000e+01, 1.010000000000e+00, 1.010000000000e+00, 8.040063424802e-02, 2.046336644400e-04
 1.590000000000e+01, 1.010000000000e+00, 1.080000000000e+00, 8.162677230315e-02, 2.757190803154e-04
 1.590000000000e+01, 1.010000000000e+00, 1.150000000000e+00, 8.223053182769e-02, 2.771522185956e-04
 1.590000000000e+01, 1.010000000000e+00, 1.220000000000e+00, 8.321238461811e-02, 3.032219387129e-04
 1.590000000000e+01, 1.010000000000e+00, 1.290000000000e+00, 8.359226790200e-02, 2.487612003254e-04
 1.590000000000e+01, 1.010000000000e+00, 1.360000000000e+00, 8.498234663920e-02, 2.882235922590e-04
 1.590000000000e+01, 1.010000000000e+00, 1.430000000000e+00, 8.575016026662e-02, 2.929383921961e-04
 1.590000000000e+01, 1.080000000000e+00, 8.000000000000e-01, 8.544437192317e-02, 2.395673782654e-04
 1.590000000000e+01, 1.080000000000e+00, 8.700000000000e-01, 8.067151388435e-02, 1.025450792089e-04
 1.590000000000e+01, 1.080000000000e+00, 9.400000000000e-01, 7.902740405634e-02, 8.438904658212e-05
 1.590000000000e+01, 1.080000000000e+00, 1.010000000000e+00, 7.888898990568e-02, 1.268133701764e-04
 1.590000000000e+01, 1.080000000000e+00, 1.080000000000e+00, 7.941408749507e-02, 1.198820038712e-04
 1.590000000000e+01, 1.080000000000e+00, 1.150000000000e+00, 8.014787551047e-02, 1.196321934970e-04
 1.590000000000e+01, 1.080000000000e+00, 1.220000000000e+00, 8.089495271583e-02, 1.282618336519e-04
 1.590000000000e+01, 1.080000000000e+00, 1.290000000000e+00, 8.197109836379e-02, 1.092701062986e-04
 1.590000000000e+01, 1.080000000000e+00, 1.360000000000e+00, 8.269379519623e-02, 1.451616799218e-04
 1.590000000000e+01, 1.080000000000e+00, 1.430000000000e+00, 8.349082136699e-02, 1.133338322040e-04
 1.590000000000e+01, 1.150000000000e+00, 8.000000000000e-01, 8.590244293081e-02, 2.238981068217e-04
 1.590000000000e+01, 1.150000000000e+00, 8.700000000000e-01, 8.086847920726e-02, 7.709973305540e-05
 1.590000000000e+01, 1.150000000000e+00, 9.400000000000e-01, 7.937214375736e-02, 8.806324931965e-05
 1.590000000000e+01, 1.150000000000e+00, 1.010000000000e+00, 7.921610285537e-02, 1.078868413480e-04
 1.590000000000e+01, 1.150000000000e+00, 1.080000000000e+00, 7.970001682977e-02, 1.403161457755e-04
 1.590000000000e+01, 1.150000000000e+00, 1.150000000000e+00, 8.058494125574e-02, 1.098953313227e-04
 1.590000000000e+01, 1.150000000000e+00, 1.220000000000e+00, 8.136072280210e-02, 1.075868194835e-04
 1.590000000000e+01, 1.150000000000e+00, 1.290000000000e+00, 8.219290032569e-02, 1.092834042681e-04
 1.590000000000e+01, 1.150000000000e+00, 1.360000000000e+00, 8.300180893288e-02, 1.073655147847e-04
 1.590000000000e+01, 1.150000000000e+00, 1.430000000000e+00, 8.393710641134e-02, 9.914612706153e-05
 1.590000000000e+01, 1.220000000000e+00, 8.000000000000e-01, 8.731726928764e-02, 2.239427882466e-04
 1.590000000000e+01, 1.220000000000e+00, 8.700000000000e-01, 8.211862870059e-02, 8.907778314408e-05
 1.590000000000e+01, 1.220000000000e+00, 9.400000000000e-01, 8.069620081213e-02, 8.999538923634e-05
 1.590000000000e+01, 1.220000000000e+00, 1.010000000000e+00, 8.054438374514e-02, 1.104473845860e-04
 1.590000000000e+01, 1.220000000000e+00, 1.080000000000e+00, 8.109379700662e-02, 1.354855239422e-04
 1.590000000000e+01, 1.220000000000e+00, 1.150000000000e+00, 8.172755351744e-02, 1.387926944612e-04
 1.590000000000e+01, 1.220000000000e+00, 1.220000000000e+00, 8.258143032512e-02, 1.243579428242e-04
 1.590000000000e+01, 1.220000000000e+00, 1.290000000000e+00, 8.336935303887e-02, 1.266688084220e-04
 1.590000000000e+01, 1.220000000000e+00, 1.360000000000e+00, 8.422193949509e-02, 1.215508170331e-04
 1.590000000000e+01, 1.220000000000e+00, 1.430000000000e+00, 8.518472328857e-02, 1.157176500226e-04
 1.590000000000e+01, 1.290000000000e+00, 8.000000000000e-01, 8.862206411154e-02, 2.213300678417e-04
 1.590000000000e+01, 1.290000000000e+00, 8.700000000000e-01, 8.375420909954e-02, 9.280253144133e-05
 1.590000000000e+01, 1.290000000000e+00, 9.400000000000e-01, 8.223275333016e-02, 1.039923343417e-04
 1.590000000000e+01, 1.290000000000e+00, 1.010000000000e+00, 8.191052613025e-02, 1.562086687777e-04
 1.590000000000e+01, 1.290000000000e+00, 1.080000000000e+00, 8.251805601515e-02, 1.473843952794e-04
 1.590000000000e+01, 1.290000000000e+00, 1.150000000000e+00, 8.328766284857e-02, 1.443539373979e-04
 1.590000000000e+01, 1.290000000000e+00, 1.220000000000e+00, 8.419035884241e-02, 1.276776931604e-04
 1.590000000000e+01, 1.290000000000e+00, 1.290000000000e+00, 8.527243962553e-02, 1.293440353487e-04
 1.590000000000e+01, 1.290000000000e+00, 1.360000000000e+00, 8.587865914134e-02, 1.331087243414e-04
 1.590000000000e+01, 1.290000000000e+00, 1.430000000000e+00, 8.671782634990e-02, 1.296361436958e-04
 1.590000000000e+01, 1.360000000000e+00, 8.000000000000e-01, 9.069253414779e-02, 2.489387761609e-04
 1.590000000000e+01, 1.360000000000e+00, 8.700000000000e-01, 8.515432150884e-02, 1.115085595243e-04
 1.590000000000e+01, 1.360000000000e+00, 9.400000000000e-01, 8.362689539357e-02, 1.217730841441e-04
 1.590000000000e+01, 1.360000000000e+00, 1.010000000000e+00, 8.360449675659e-02, 1.236888728576e-04
 1.590000000000e+01, 1.360000000000e+00, 1.080000000000e+00, 8.419562214575e-02, 1.464180211929e-04
 1.590000000000e+01, 1.360000000000e+00, 1.150000000000e+00, 8.511844114825e-02, 1.368728700516e-04
 1.590000000000e+01, 1.360000000000e+00, 1.220000000000e+00, 8.562322176032e-02, 1.433691840773e-04
 1.590000000000e+01, 1.360000000000e+00, 1.290000000000e+00, 8.640211814458e-02, 1.477948685452e-04
 1.590000000000e+01, 1.360000000000e+00, 1.360000000000e+00, 8.732720784462e-02, 1.398886693829e-04
 1.590000000000e+01, 1.360000000000e+00, 1.430000000000e+00, 8.851524635352e-02, 1.249663883610e-04
 1.590000000000e+01, 1.430000000000e+00, 8.000000000000e-01, 9.181947173470e-02, 2.409877961179e-04
 1.590000000000e+01, 1.430000000000e+00, 8.700000000000e-01, 8.687801625798e-02, 1.048462540916e-04
 1.590000000000e+01, 1.430000000000e+00, 9.400000000000e-01, 8.525435592766e-02, 1.070983949215e-04
 1.590000000000e+01, 1.430000000000e+00, 1.010000000000e+00, 8.519213468900e-02, 1.204323212803e-04
 1.590000000000e+01, 1.430000000000e+00, 1.080000000000e+00, 8.578732460121e-02, 1.362965793336e-04
 1.590000000000e+01, 1.430000000000e+00, 1.150000000000e+00, 8.635695888058e-02, 1.260615747198e-04
 1.590000000000e+01, 1.430000000000e+00, 1.220000000000e+00, 8.721152583782e-02, 1.316806770214e-04
 1.590000000000e+01, 1.430000000000e+00, 1.290000000000e+00, 8.812689017604e-02, 1.518913719898e-04
 1.590000000000e+01, 1.430000000000e+00, 1.360000000000e+00, 8.902116933441e-02, 1.580437625768e-04
 1.590000000000e+01, 1.430000000000e+00, 1.430000000000e+00, 8.958738332322e-02, 1.329389008465e-04
 1.620000000000e+01, 8.000000000000e-01, 8.000000000000e-01, 1.708503425898e-01, 3.323414083192e-03
 1.620000000000e+01, 8.000000000000e-01, 8.700000000000e-01, 1.679737260011e-01, 3.996799488538e-03
 1.620000000000e+01, 8.000000000000e-01, 9.400000000000e-01, 1.692871942662e-01, 6.353229009309e-03
 1.620000000000e+01, 8.000000000000e-01, 1.010000000000e+00, 1.762935563595e-01, 6.101524794681e-03
 1.620000000000e+01, 8.000000000000e-01, 1.080000000000e+00, 1.678355442894e-01, 4.910006067901e-03
 1.620000000000e+01, 8.000000000000e-01, 1.150000000000e+00, 1.602919924113e-01, 4.102666158905e-03
 1.620000000000e+01, 8.000000000000e-01, 1.220000000000e+00, 1.643211533208e-01, 4.027341552540e-03
 1.620000000000e+01, 8.000000000000e-01, 1.290000000000e+00, 1.705631429434e-01, 6.376686183991e-03
 1.620000000000e+01, 8.000000000000e-01, 1.360000000000e+00, 1.731247054658e-01, 4.233145983058e-03
 1.620000000000e+01, 8.000000000000e-01, 1.430000000000e+00, 1.763636188058e-01, 7.007089071684e-03
 1.620000000000e+01, 8.700000000000e-01, 8.000000000000e-01, 1.170063834729e-01, 1.433616967759e-03
 1.620000000000e+01, 8.700000000000e-01, 8.700000000000e-01, 1.115843104982e-01, 1.492243319945e-03
 1.620000000000e+01, 8.700000000000e-01, 9.400000000000e-01, 1.074645234130e-01, 1.511170294665e-03
 1.620000000000e+01, 8.700000000000e-01, 1.010000000000e+00, 1.124418734564e-01, 1.830281555730e-03
 1.620000000000e+01, 8.700000000000e-01, 1.080000000000e+00, 1.101655468397e-01, 1.831974751114e-03
 1.620000000000e+01, 8.700000000000e-01, 1.150000000000e+00, 1.125840455294e-01, 1.725625144045e-03
 1.620000000000e+01, 8.700000000000e-01, 1.220000000000e+00, 1.111357961461e-01, 2.012573583567e-03
 1.620000000000e+01, 8.700000000000e-01, 1.290000000000e+00, 1.123712574927e-01, 2.111181693896e-03
 1.620000000000e+01, 8.700000000000e-01, 1.360000000000e+00, 1.133129506352e-01, 2.059146209100e-03
 1.620000000000e+01, 8.700000000000e-01, 1.430000000000e+00, 1.144270885213e-01, 2.502105360560e-03
 1.620000000000e+01, 9.400000000000e-01, 8.000000000000e-01, 9.515152262366e-02, 6.232202432665e-04
 1.620000000000e+01, 9.400000000000e-01, 8.700000000000e-01, 9.042802236905e-02, 5.773062423596e-04
 1.620000000000e+01, 9.400000000000e-01, 9.400000000000e-01, 8.965421220803e-02, 6.126289006674e-04
 1.620000000000e+01, 9.400000000000e-01, 1.010000000000e+00, 8.867465038854e-02, 6.399657086821e-04
 1.620000000000e+01, 9.400000000000e-01, 1.080000000000e+00, 8.985531120547e-02, 7.242265052728e-04
 1.620000000000e+01, 9.400000000000e-01, 1.150000000000e+00, 8.989416418900e-02, 8.440836806819e-04
 1.620000000000e+01, 9.400000000000e-01, 1.220000000000e+00, 8.995011198795e-02, 5.637004881696e-04
 1.620000000000e+01, 9.400000000000e-01, 1.290000000000e+00, 9.211110003002e-02, 9.527616686677e-04
 1.620000000000e+01, 9.400000000000e-01, 1.360000000000e+00, 9.252399749105e-02, 7.685268424408e-04
 1.620000000000e+01, 9.400000000000e-01, 1.430000000000e+00, 9.374796308897e-02, 7.912260961734e-04
 1.620000000000e+01, 1.010000000000e+00, 8.000000000000e-01, 8.773614580919e-02, 3.324652827651e-04
 1.620000000000e+01, 1.010000000000e+00, 8.700000000000e-01, 8.201190459269e-02, 1.979953381844e-04
 1.620000000000e+01, 1.010000000000e+00, 9.400000000000e-01, 8.110418416904e-02, 2.344862462076e-04
 1.620000000000e+01, 1.010000000000e+00, 1.010000000000e+00, 8.116986214818e-02, 2.382869411297e-04
 1.620000000000e+01, 1.010000000000e+00, 1.080000000000e+00, 8.112664757769e-02, 2.459908294778e-04
 1.620000000000e+01, 1.010000000000e+00, 1.150000000000e+00, 8.183831052732e-02, 2.309481135784e-04
 1.620000000000e+01, 1.010000000000e+00, 1.220000000000e+00, 8.302275800057e-02, 3.081463084592e-04
 1.620000000000e+01, 1.010000000000e+00, 1.290000000000e+00, 8.342054378706e-02, 2.374073420588e-04
 1.620000000000e+01, 1.010000000000e+00, 1.360000000000e+00, 8.420477867788e-02, 2.253736151681e-04
 1.620000000000e+01, 1.010000000000e+00, 1.430000000000e+00, 8.515323616150e-02, 2.663293902284e-04
 1.620000000000e+01, 1.080000000000e+00, 8.000000000000e-01, 8.519568448979e-02, 2.292846708571e-04
 1.620000000000e+01, 1.080000000000e+00, 8.700000000000e-01, 8.032108282279e-02, 9.022589938273e-05
 1.620000000000e+01, 1.080000000000e+00, 9.400000000000e-01, 7.886610522766e-02, 1.078575795993e-04
 1.620000000000e+01, 1.080000000000e+00, 1.010000000000e+00, 7.889321537187e-02, 1.065028521030e-04
 1.620000000000e+01, 1.080000000000e+00, 1.080000000000e+00, 7.932142113630e-02, 1.076134028552e-04
 1.620000000000e+01, 1.080000000000e+00, 1.150000000000e+00, 8.019090339617e-02, 1.626435628662e-04
 1.620000000000e+01, 1.080000000000e+00, 1.220000000000e+00, 8.089734512241e-02, 1.368011878077e-04
 1.620000000000e+01, 1.080000000000e+00, 1.290000000000e+00, 8.159278340347e-02, 1.153167114654e-04
 1.620000000000e+01, 1.080000000000e+00, 1.360000000000e+00, 8.264249071889e-02, 1.166819224637e-04
 1.620000000000e+01, 1.080000000000e+00, 1.430000000000e+00, 8.334418699775e-02, 1.195702922417e-04
 1.620000000000e+01, 1.150000000000e+00, 8.000000000000e-01, 8.566323109272e-02, 2.168555809779e-04
 1.620000000000e+01, 1.150000000000e+00, 8.700000000000e-01, 8.073606619125e-02, 7.580734828672e-05
 1.620000000000e+01, 1.150000000000e+00, 9.400000000000e-01, 7.925186293146e-02, 1.080250068077e-04
 1.620000000000e+01, 1.150000000000e+00, 1.010000000000e+00, 7.922373352971e-02, 9.679874828142e-05
 1.620000000000e+01, 1.150000000000e+00, 1.080000000000e+00, 7.966823369043e-02, 1.096831283246e-04
 1.620000000000e+01, 1.150000000000e+00, 1.150000000000e+00, 8.046764297406e-02, 1.144787689795e-04
 1.620000000000e+01, 1.150000000000e+00, 1.220000000000e+00, 8.097556056074e-02, 1.382090123885e-04
 1.620000000000e+01, 1.150000000000e+00, 1.290000000000e+00, 8.215608071396e-02, 1.197822064027e-04
 1.620000000000e+01, 1.150000000000e+00, 1.360000000000e+00, 8.290177592675e-02, 1.078527468598e-04
 1.620000000000e+01, 1.150000000000e+00, 1.430000000000e+00, 8.378247888398e-02, 1.068821862709e-04
 1.620000000000e+01, 1.220000000000e+00, 8.000000000000e-01, 8.764991238612e-02, 2.568894463635e-04
 1.620000000000e+01, 1.220000000000e+00, 8.700000000000e-01, 8.189854354671e-02, 8.675769066418e-05
 1.620000000000e+01, 1.220000000000e+00, 9.400000000000e-01, 8.047477076150e-02, 9.542712103369e-05
 1.620000000000e+01, 1.220000000000e+00, 1.010000000000e+00, 8.034911615315e-02, 1.158641792813e-04
 1.620000000000e+01, 1.220000000000e+00, 1.080000000000e+00, 8.102043165300e-02, 1.300043946121e-04
 1.620000000000e+01, 1.220000000000e+00, 1.150000000000e+00, 8.153260684459e-02, 1.304136283409e-04
 1.620000000000e+01, 1.220000000000e+00, 1.220000000000e+00, 8.252718064602e-02, 1.266701417115e-04
 1.620000000000e+01, 1.220000000000e+00, 1.290000000000e+00, 8.332884517237e-02, 1.244208364428e-04
 1.620000000000e+01, 1.220000000000e+00, 1.360000000000e+00, 8.417656052803e-02, 1.208337135903e-04
 1.620000000000e+01, 1.220000000000e+00, 1.430000000000e+00, 8.491843274086e-02, 1.235198456534e-04
 1.620000000000e+01, 1.290000000000e+00, 8.000000000000e-01, 8.785128738019e-02, 2.249692805037e-04
 1.620000000000e+01, 1.290000000000e+00, 8.700000000000e-01, 8.344555086795e-02, 9.494973372079e-05
 1.620000000000e+01, 1.290000000000e+00, 9.400000000000e-01, 8.188887088674e-02, 1.094796934608e-04
 1.620000000000e+01, 1.290000000000e+00, 1.010000000000e+00, 8.196503618017e-02, 1.182771451449e-04
 1.620000000000e+01, 1.290000000000e+00, 1.080000000000e+00, 8.243544263502e-02, 1.191310703344e-04
 1.620000000000e+01, 1.290000000000e+00, 1.150000000000e+00, 8.302910940409e-02, 1.605000157890e-04
 1.620000000000e+01, 1.290000000000e+00, 1.220000000000e+00, 8.375986161710e-02, 1.415844729153e-04
 1.620000000000e+01, 1.290000000000e+00, 1.290000000000e+00, 8.478204819059e-02, 1.270484851772e-04
 1.620000000000e+01, 1.290000000000e+00, 1.360000000000e+00, 8.557354820894e-02, 1.283907193626e-04
 1.620000000000e+01, 1.290000000000e+00, 1.430000000000e+00, 8.629302201747e-02, 1.265366824267e-04
 1.620000000000e+01, 1.360000000000e+00, 8.000000000000e-01, 9.024947342388e-02, 3.339995109835e-04
 1.620000000000e+01, 1.360000000000e+00, 8.700000000000e-01, 8.503099669821e-02, 9.633241061424e-05
 1.620000000000e+01, 1.360000000000e+00, 9.400000000000e-01, 8.318086832987e-02, 1.330248445030e-04
 1.620000000000e+01, 1.360000000000e+00, 1.010000000000e+00, 8.370740562003e-02, 1.156910941957e-04
 1.620000000000e+01, 1.360000000000e+00, 1.080000000000e+00, 8.392834493917e-02, 1.388351790107e-04
 1.620000000000e+01, 1.360000000000e+00, 1.150000000000e+00, 8.455151499044e-02, 1.482979585658e-04
 1.620000000000e+01, 1.360000000000e+00, 1.220000000000e+00, 8.547668289066e-02, 1.379808959143e-04
 1.620000000000e+01, 1.360000000000e+00, 1.290000000000e+00, 8.635291229444e-02, 1.297928468877e-04
 1.620000000000e+01, 1.360000000000e+00, 1.360000000000e+00, 8.732661876958e-02, 1.307975721618e-04
 1.620000000000e+01, 1.360000000000e+00, 1.430000000000e+00, 8.793619453066e-02, 1.230047148321e-04
 1.620000000000e+01, 1.430000000000e+00, 8.000000000000e-01, 9.141624580260e-02, 2.386918360971e-04
 1.620000000000e+01, 1.430000000000e+00, 8.700000000000e-01, 8.637395097886e-02, 1.032348326926e-04
 1.620000000000e+01, 1.430000000000e+00, 9.400000000000e-01, 8.497950118964e-02, 1.002523058707e-04
 1.620000000000e+01, 1.430000000000e+00, 1.010000000000e+00, 8.480814368454e-02, 1.282851754378e-04
 1.620000000000e+01, 1.430000000000e+00, 1.080000000000e+00, 8.540577101558e-02, 1.195572530449e-04
 1.620000000000e+01, 1.430000000000e+00, 1.150000000000e+00, 8.615332980158e-02, 1.408979923379e-04
 1.620000000000e+01, 1.430000000000e+00, 1.220000000000e+00, 8.671118467732e-02, 1.645201310825e-04
 1.620000000000e+01, 1.430000000000e+00, 1.290000000000e+00, 8.752024150182e-02, 1.525229185492e-04
 1.620000000000e+01, 1.430000000000e+00, 1.360000000000e+00, 8.837503463284e-02, 1.698159204557e-04
 1.620000000000e+01, 1.430000000000e+00, 1.430000000000e+00, 8.937848182800e-02, 1.382477182714e-04
 1.650000000000e+01, 8.000000000000e-01, 8.000000000000e-01, 1.706008067842e-01, 3.964291308867e-03
 1.650000000000e+01, 8.000000000000e-01, 8.700000000000e-01, 1.687721727697e-01, 4.637382498498e-03
 1.650000000000e+01, 8.000000000000e-01, 9.400000000000e-01, 1.706391777611e-01, 5.558874274582e-03
 1.650000000000e+01, 8.000000000000e-01, 1.010000000000e+00, 1.656900589194e-01, 3.860613344207e-03
 1.650000000000e+01, 8.000000000000e-01, 1.080000000000e+00, 1.623376967203e-01, 4.388205057491e-03
 1.650000000000e+01, 8.000000000000e-01, 1.150000000000e+00, 1.714439272565e-01, 6.397056476714e-03
 1.650000000000e+01, 8.000000000000e-01, 1.220000000000e+00, 1.635040562073e-01, 3.933494221954e-03
 1.650000000000e+01, 8.000000000000e-01, 1.290000000000e+00, 1.729179134234e-01, 5.433151062802e-03
 1.650000000000e+01, 8.000000000000e-01, 1.360000000000e+00, 1.693703262648e-01, 3.945028168777e-03
 1.650000000000e+01, 8.000000000000e-01, 1.430000000000e+00, 1.673992584788e-01, 4.262325358055e-03
 1.650000000000e+01, 8.700000000000e-01, 8.000000000000e-01, 1.141482587232e-01, 1.249364227315e-03
 1.650000000000e+01, 8.700000000000e-01, 8.700000000000e-01, 1.100917862364e-01, 1.555554297960e-03
 1.650000000000e+01, 8.700000000000e-01, 9.400000000000e-01, 1.079254087066e-01, 1.526438641360e-03
 1.650000000000e+01, 8.700000000000e-01, 1.010000000000e+00, 1.067491958085e-01, 1.403005811301e-03
 1.650000000000e+01, 8.700000000000e-01, 1.080000000000e+00, 1.101890565212e-01, 2.043328282204e-03
 1.650000000000e+01, 8.700000000000e-01, 1.150000000000e+00, 1.132110367586e-01, 1.951078506939e-03
 1.650000000000e+01, 8.700000000000e-01, 1.220000000000e+00, 1.093895427318e-01, 1.574355260165e-03
 1.650000000000e+01, 8.700000000000e-01, 1.290000000000e+00, 1.117410768050e-01, 1.719357959186e-03
 1.650000000000e+01, 8.700000000000e-01, 1.360000000000e+00, 1.144528125071e-01, 1.869501980249e-03
 1.650000000000e+01, 8.700000000000e-01, 1.430000000000e+00, 1.164370711398e-01, 2.026747988121e-03
 1.650000000000e+01, 9.400000000000e-01, 8.000000000000e-01, 9.489690311622e-02, 7.328284695034e-04
 1.650000000000e+01, 9.400000000000e-01, 8.700000000000e-01, 8.964846088667e-02, 6.058868071934e-04
 1.650000000000e+01, 9.400000000000e-01, 9.400000000000e-01, 8.812339643022e-02, 5.694467417249e-04
 1.650000000000e+01, 9.400000000000e-01, 1.010000000000e+00, 8.851508618935e-02, 6.256218239657e-04
 1.650000000000e+01, 9.400000000000e-01, 1.080000000000e+00, 8.939941231410e-02, 7.836493971174e-04
 1.650000000000e+01, 9.400000000000e-01, 1.150000000000e+00, 8.851865725531e-02, 5.484270332044e-04
 1.650000000000e+01, 9.400000000000e-01, 1.220000000000e+00, 8.951318394056e-02, 6.009008878754e-04
 1.650000000000e+01, 9.400000000000e-01, 1.290000000000e+00, 9.103258793572e-02, 7.566799509809e-04
 1.650000000000e+01, 9.400000000000e-01, 1.360000000000e+00, 9.107419056187e-02, 5.678457410049e-04
 1.650000000000e+01, 9.400000000000e-01, 1.430000000000e+00, 9.312410030125e-02, 7.216353197443e-04
 1.650000000000e+01, 1.010000000000e+00, 8.000000000000e-01, 8.700788034682e-02, 2.944552361317e-04
 1.650000000000e+01, 1.010000000000e+00, 8.700000000000e-01, 8.234312028975e-02, 2.434182195390e-04
 1.650000000000e+01, 1.010000000000e+00, 9.400000000000e-01, 8.096984394047e-02, 2.476270357129e-04
 1.650000000000e+01, 1.010000000000e+00, 1.010000000000e+00, 8.090365197828e-02, 2.458204860745e-04
 1.650000000000e+01, 1.010000000000e+00, 1.080000000000e+00, 8.136574101257e-02, 2.650223776659e-04
 1.650000000000e+01, 1.010000000000e+00, 1.150000000000e+00, 8.196633381010e-02, 2.347764170367e-04
 1.650000000000e+01, 1.010000000000e+00, 1.220000000000e+00, 8.229409579885e-02, 2.298362924743e-04
 1.650000000000e+01, 1.010000000000e+00, 1.290000000000e+00, 8.376696199064e-02, 2.756098461383e-04
 1.650000000000e+01, 1.010000000000e+00, 1.360000000000e+00, 8.416527123985e-02, 2.252199271334e-04
 1.650000000000e+01, 1.010000000000e+00, 1.430000000000e+00, 8.515725042956e-02, 2.852182164635e-04
 1.650000000000e+01, 1.080000000000e+00, 8.000000000000e-01, 8.518532309971e-02, 2.189277854132e-04
 1.650000000000e+01, 1.080000000000e+00, 8.700000000000e-01, 8.029990610091e-02, 9.056481590401e-05
 1.650000000000e+01, 1.080000000000e+00, 9.400000000000e-01, 7.881660941047e-02, 1.095969299064e-04
 1.650000000000e+01, 1.080000000000e+00, 1.010000000000e+00, 7.864815306198e-02, 1.128157085370e-04
 1.650000000000e+01, 1.080000000000e+00, 1.080000000000e+00, 7.920793650371e-02, 1.120037690210e-04
 1.650000000000e+01, 1.080000000000e+00, 1.150000000000e+00, 7.998878988288e-02, 1.091472316993e-04
 1.650000000000e+01, 1.080000000000e+00, 1.220000000000e+00, 8.077517036342e-02, 1.159975503463e-04
 1.650000000000e+01, 1.080000000000e+00, 1.290000000000e+00, 8.148406673637e-02, 1.226230296446e-04
 1.650000000000e+01, 1.080000000000e+00, 1.360000000000e+00, 8.234394374151e-02, 1.275105941142e-04
 1.650000000000e+01, 1.080000000000e+00, 1.430000000000e+00, 8.322041973277e-02, 1.243160716846e-04
 1.650000000000e+01, 1.150000000000e+00, 8.000000000000e-01, 8.540115099947e-02, 2.129717497581e-04
 1.650000000000e+01, 1.150000000000e+00, 8.700000000000e-01, 8.059350812183e-02, 7.759837739614e-05
 1.650000000000e+01, 1.150000000000e+00, 9.400000000000e-01, 7.905508434316e-02, 8.670209493089e-05
 1.650000000000e+01, 1.150000000000e+00, 1.010000000000e+00, 7.912448647285e-02, 9.525206940819e-05
 1.650000000000e+01, 1.150000000000e+00, 1.080000000000e+00, 7.958875299950e-02, 1.070602307641e-04
 1.650000000000e+01, 1.150000000000e+00, 1.150000000000e+00, 8.019316121489e-02, 1.257083331574e-04
 1.650000000000e+01, 1.150000000000e+00, 1.220000000000e+00, 8.100785815218e-02, 1.084903214950e-04
 1.650000000000e+01, 1.150000000000e+00, 1.290000000000e+00, 8.203069591736e-02, 1.007647272907e-04
 1.650000000000e+01, 1.150000000000e+00, 1.360000000000e+00, 8.281247601313e-02, 1.027184818569e-04
 1.650000000000e+01, 1.150000000000e+00, 1.430000000000e+00, 8.349770174282e-02, 1.008596295739e-04
 1.650000000000e+01, 1.220000000000e+00, 8.000000000000e-01, 8.656469218947e-02, 2.188507049178e-04
 1.650000000000e+01, 1.220000000000e+00, 8.700000000000e-01, 8.172387318552e-02, 8.492084136454e-05
 1.650000000000e+01, 1.220000000000e+00, 9.400000000000e-01, 8.047697736952e-02, 8.424709652646e-05
 1.650000000000e+01, 1.220000000000e+00, 1.010000000000e+00, 8.020419833551e-02, 1.110822613428e-04
 1.650000000000e+01, 1.220000000000e+00, 1.080000000000e+00, 8.095261885861e-02, 1.140103428679e-04
 1.650000000000e+01, 1.220000000000e+00, 1.150000000000e+00, 8.137180205115e-02, 1.314256141427e-04
 1.650000000000e+01, 1.220000000000e+00, 1.220000000000e+00, 8.227269761575e-02, 1.208726340818e-04
 1.650000000000e+01, 1.220000000000e+00, 1.290000000000e+00, 8.319233746949e-02, 1.240373068047e-04
 1.650000000000e+01, 1.220000000000e+00, 1.360000000000e+00, 8.405122776547e-02, 1.101742984947e-04
 1.650000000000e+01, 1.220000000000e+00, 1.430000000000e+00, 8.476775761049e-02, 1.155319644647e-04
 1.650000000000e+01, 1.290000000000e+00, 8.000000000000e-01, 8.828743315030e-02, 2.354161273563e-04
 1.650000000000e+01, 1.290000000000e+00, 8.700000000000e-01, 8.334799973730e-02, 8.770596567984e-05
 1.650000000000e+01, 1.290000000000e+00, 9.400000000000e-01, 8.177506870597e-02, 1.137406603518e-04
 1.650000000000e+01, 1.290000000000e+00, 1.010000000000e+00, 8.164385340905e-02, 1.225593682538e-04
 1.650000000000e+01, 1.290000000000e+00, 1.080000000000e+00, 8.229057555060e-02, 1.294488357136e-04
 1.650000000000e+01, 1.290000000000e+00, 1.150000000000e+00, 8.275567614044e-02, 1.240650609589e-04
 1.650000000000e+01, 1.290000000000e+00, 1.220000000000e+00, 8.397928884153e-02, 1.117662917813e-04
 1.650000000000e+01, 1.290000000000e+00, 1.290000000000e+00, 8.467180821015e-02, 1.160249201312e-04
 1.650000000000e+01, 1.290000000000e+00, 1.360000000000e+00, 8.530114033155e-02, 1.384474948148e-04
 1.650000000000e+01, 1.290000000000e+00, 1.430000000000e+00, 8.621724342276e-02, 1.234204354590e-04
 1.650000000000e+01, 1.360000000000e+00, 8.000000000000e-01, 8.968180196380e-02, 2.377368501719e-04
 1.650000000000e+01, 1.360000000000e+00, 8.700000000000e-01, 8.482823039972e-02, 9.706479063642e-05
 1.650000000000e+01, 1.360000000000e+00, 9.400000000000e-01, 8.343616774545e-02, 9.717097039068e-05
 1.650000000000e+01, 1.360000000000e+00, 1.010000000000e+00, 8.324232063895e-02, 1.185550720914e-04
 1.650000000000e+01, 1.360000000000e+00, 1.080000000000e+00, 8.358425651962e-02, 1.527245291811e-04
 1.650000000000e+01, 1.360000000000e+00, 1.150000000000e+00, 8.449719892842e-02, 1.255143951403e-04
 1.650000000000e+01, 1.360000000000e+00, 1.220000000000e+00, 8.530946947246e-02, 1.196525330205e-04
 1.650000000000e+01, 1.360000000000e+00, 1.290000000000e+00, 8.602822160431e-02, 1.384730182708e-04
 1.650000000000e+01, 1.360000000000e+00, 1.360000000000e+00, 8.660212520159e-02, 1.570176014162e-04
 1.650000000000e+01, 1.360000000000e+00, 1.430000000000e+00, 8.761933970168e-02, 1.315693820996e-04
 1.650000000000e+01, 1.430000000000e+00, 8.000000000000e-01, 9.097419394590e-02, 2.352860417842e-04
 1.650000000000e+01, 1.430000000000e+00, 8.700000000000e-01, 8.608212780134e-02, 9.879818872579e-05
 1.650000000000e+01, 1.430000000000e+00, 9.400000000000e-01, 8.474845949731e-02, 1.120543819768e-04
 1.650000000000e+01, 1.430000000000e+00, 1.010000000000e+00, 8.449974057278e-02, 1.244237284636e-04
 1.650000000000e+01, 1.430000000000e+00, 1.080000000000e+00, 8.534730928927e-02, 1.169878314244e-04
 1.650000000000e+01, 1.430000000000e+00, 1.150000000000e+00, 8.598852086421e-02, 1.254374453988e-04
 1.650000000000e+01, 1.430000000000e+00, 1.220000000000e+00, 8.632249627204e-02, 1.719306307388e-04
 1.650000000000e+01, 1.430000000000e+00, 1.290000000000e+00, 8.750052211833e-02, 1.287470456228e-04
 1.650000000000e+01, 1.430000000000e+00, 1.360000000000e+00, 8.808847166905e-02, 1.568820889639e-04
 1.650000000000e+01, 1.430000000000e+00, 1.430000000000e+00, 8.875073093764e-02, 1.400157922967e-04
 1.680000000000e+01, 8.000000000000e-01, 8.000000000000e-01, 1.703848958469e-01, 4.036915997533e-03
 1.680000000000e+01, 8.000000000000e-01, 8.700000000000e-01, 1.575642607511e-01, 3.651857086379e-03
 1.680000000000e+01, 8.000000000000e-01, 9.400000000000e-01, 1.606148986416e-01, 4.368140700792e-03
 1.680000000000e+01, 8.000000000000e-01, 1.010000000000e+00, 1.671152537474e-01, 4.850575731370e-03
 1.680000000000e+01, 8.000000000000e-01, 1.080000000000e+00, 1.681595388922e-01, 5.036049750523e-03
 1.680000000000e+01, 8.000000000000e-01, 1.150000000000e+00, 1.597044673221e-01, 3.792805880874e-03
 1.680000000000e+01, 8.000000000000e-01, 1.220000000000e+00, 1.762549646727e-01, 6.108237196582e-03
 1.680000000000e+01, 8.000000000000e-01, 1.290000000000e+00, 1.664044249231e-01, 4.749273775658e-03
 1.680000000000e+01, 8.000000000000e-01, 1.360000000000e+00, 1.565144396601e-01, 3.373729799505e-03
 1.680000000000e+01, 8.000000000000e-01, 1.430000000000e+00, 1.672282274418e-01, 4.529168968433e-03
 1.680000000000e+01, 8.700000000000e-01, 8.000000000000e-01, 1.146344680513e-01, 1.405408792592e-03
 1.680000000000e+01, 8.700000000000e-01, 8.700000000000e-01, 1.104881221615e-01, 1.398282644068e-03
 1.680000000000e+01, 8.700000000000e-01, 9.400000000000e-01, 1.077736788903e-01, 1.541447660127e-03
 1.680000000000e+01, 8.700000000000e-01, 1.010000000000e+00, 1.060626603781e-01, 1.393929887361e-03
 1.680000000000e+01, 8.700000000000e-01, 1.080000000000e+00, 1.107840095962e-01, 2.016787611245e-03
 1.680000000000e+01, 8.700000000000e-01, 1.150000000000e+00, 1.085781706584e-01, 1.508913725652e-03
 1.680000000000e+01, 8.700000000000e-01, 1.220000000000e+00, 1.120312012637e-01, 1.687140290192e-03
 1.680000000000e+01, 8.700000000000e-01, 1.290000000000e+00, 1.111895881991e-01, 1.827140974623e-03
 1.680000000000e+01, 8.700000000000e-01, 1.360000000000e+00, 1.106531486033e-01, 1.443136566509e-03
 1.680000000000e+01, 8.700000000000e-01, 1.430000000000e+00, 1.148356125087e-01, 2.408092386252e-03
 1.680000000000e+01, 9.400000000000e-01, 8.000000000000e-01, 9.574476287075e-02, 7.050165756757e-04
 1.680000000000e+01, 9.400000000000e-01, 8.700000000000e-01, 8.870805895008e-02, 4.913735079510e-04
 1.680000000000e+01, 9.400000000000e-01, 9.400000000000e-01, 8.845375446355e-02, 5.842158375935e-04
 1.680000000000e+01, 9.400000000000e-01, 1.010000000000e+00, 8.689532870717e-02, 6.381292088032e-04
 1.680000000000e+01, 9.400000000000e-01, 1.080000000000e+00, 8.975944503393e-02, 8.573116499355e-04
 1.680000000000e+01, 9.400000000000e-01, 1.150000000000e+00, 8.886947540989e-02, 6.115561550988e-04
 1.680000000000e+01, 9.400000000000e-01, 1.220000000000e+00, 8.874531884319e-02, 5.948897316562e-04
 1.680000000000e+01, 9.400000000000e-01, 1.290000000000e+00, 9.093512354976e-02, 7.309975925368e-04
 1.680000000000e+01, 9.400000000000e-01, 1.360000000000e+00, 9.154839295276e-02, 6.260303150287e-04
 1.680000000000e+01, 9.400000000000e-01, 1.430000000000e+00, 9.189942436219e-02, 6.993762400849e-04
 1.680000000000e+01, 1.010000000000e+00, 8.000000000000e-01, 8.702123512378e-02, 3.182771798113e-04
 1.680000000000e+01, 1.010000000000e+00, 8.700000000000e-01, 8.234156134539e-02, 2.313534740375e-04
 1.680000000000e+01, 1.010000000000e+00, 9.400000000000e-01, 8.056499674697e-02, 2.082193276365e-04
 1.680000000000e+01, 1.010000000000e+00, 1.010000000000e+00, 8.041522416741e-02, 2.430909091770e-04
 1.680000000000e+01, 1.010000000000e+00, 1.080000000000e+00, 8.129672355154e-02, 3.047070331530e-04
 1.680000000000e+01, 1.010000000000e+00, 1.150000000000e+00, 8.189803379247e-02, 2.201797860613e-04
 1.680000000000e+01, 1.010000000000e+00, 1.220000000000e+00, 8.274068152647e-02, 2.769183802208e-04
 1.680000000000e+01, 1.010000000000e+00, 1.290000000000e+00, 8.400537996418e-02, 3.013115637204e-04
 1.680000000000e+01, 1.010000000000e+00, 1.360000000000e+00, 8.449084438041e-02, 2.616120213647e-04
 1.680000000000e+01, 1.010000000000e+00, 1.430000000000e+00, 8.504766865241e-02, 2.577031110709e-04
 1.680000000000e+01, 1.080000000000e+00, 8.000000000000e-01, 8.494499777550e-02, 2.398312029702e-04
 1.680000000000e+01, 1.080000000000e+00, 8.700000000000e-01, 8.040392873743e-02, 8.979133578324e-05
 1.680000000000e+01, 1.080000000000e+00, 9.400000000000e-01, 7.884075804266e-02, 9.489454576765e-05
 1.680000000000e+01, 1.080000000000e+00, 1.010000000000e+00, 7.874911799048e-02, 1.099086878614e-04
 1.680000000000e+01, 1.080000000000e+00, 1.080000000000e+00, 7.904553243076e-02, 1.170652456251e-04
 1.680000000000e+01, 1.080000000000e+00, 1.150000000000e+00, 7.987842481562e-02, 1.104862969026e-04
 1.680000000000e+01, 1.080000000000e+00, 1.220000000000e+00, 8.055053453193e-02, 1.521662662885e-04
 1.680000000000e+01, 1.080000000000e+00, 1.290000000000e+00, 8.157542554499e-02, 1.165623368601e-04
 1.680000000000e+01, 1.080000000000e+00, 1.360000000000e+00, 8.220867121298e-02, 1.137901510236e-04
 1.680000000000e+01, 1.080000000000e+00, 1.430000000000e+00, 8.292143503672e-02, 1.163825903539e-04
 1.680000000000e+01, 1.150000000000e+00, 8.000000000000e-01, 8.467391005503e-02, 1.964656136432e-04
 1.680000000000e+01, 1.150000000000e+00, 8.700000000000e-01, 8.052947083915e-02, 7.327583289788e-05
 1.680000000000e+01, 1.150000000000e+00, 9.400000000000e-01, 7.906671740356e-02, 8.752184928104e-05
 1.680000000000e+01, 1.150000000000e+00, 1.010000000000e+00, 7.889505294700e-02, 1.471024813060e-04
 1.680000000000e+01, 1.150000000000e+00, 1.080000000000e+00, 7.940638427049e-02, 1.228862792063e-04
 1.680000000000e+01, 1.150000000000e+00, 1.150000000000e+00, 7.996668620024e-02, 1.397143344321e-04
 1.680000000000e+01, 1.150000000000e+00, 1.220000000000e+00, 8.088580103198e-02, 1.086348275512e-04
 1.680000000000e+01, 1.150000000000e+00, 1.290000000000e+00, 8.153949353120e-02, 1.136161120157e-04
 1.680000000000e+01, 1.150000000000e+00, 1.360000000000e+00, 8.268601538574e-02, 1.013678479402e-04
 1.680000000000e+01, 1.150000000000e+00, 1.430000000000e+00, 8.334637684628e-02, 1.068450909958e-04
 1.680000000000e+01, 1.220000000000e+00, 8.000000000000e-01, 8.661250921783e-02, 2.652614461914e-04
 1.680000000000e+01, 1.220000000000e+00, 8.700000000000e-01, 8.155651188329e-02, 8.803118159882e-05
 1.680000000000e+01, 1.220000000000e+00, 9.400000000000e-01, 8.014818950309e-02, 9.950518241405e-05
 1.680000000000e+01, 1.220000000000e+00, 1.010000000000e+00, 8.029436823696e-02, 1.009102155566e-04
 1.680000000000e+01, 1.220000000000e+00, 1.080000000000e+00, 8.064899284731e-02, 1.175636053042e-04
 1.680000000000e+01, 1.220000000000e+00, 1.150000000000e+00, 8.151505167977e-02, 1.076747352337e-04
 1.680000000000e+01, 1.220000000000e+00, 1.220000000000e+00, 8.223318147934e-02, 1.294367829633e-04
 1.680000000000e+01, 1.220000000000e+00, 1.290000000000e+00, 8.297664454979e-02, 1.230162697972e-04
 1.680000000000e+01, 1.220000000000e+00, 1.360000000000e+00, 8.387374053264e-02, 1.192301612245e-04
 1.680000000000e+01, 1.220000000000e+00, 1.430000000000e+00, 8.438192597612e-02, 1.177243659050e-04
 1.680000000000e+01, 1.290000000000e+00, 8.000000000000e-01, 8.801671352021e-02, 2.487005975119e-04
 1.680000000000e+01, 1.290000000000e+00, 8.700000000000e-01, 8.310969061637e-02, 9.041284216114e-05
 1.680000000000e+01, 1.290000000000e+00, 9.400000000000e-01, 8.170205563879e-02, 1.066396516018e-04
 1.680000000000e+01, 1.290000000000e+00, 1.010000000000e+00, 8.131536827543e-02, 1.369506790439e-04
 1.680000000000e+01, 1.290000000000e+00, 1.080000000000e+00, 8.193600234153e-02, 1.267105512340e-04
 1.680000000000e+01, 1.290000000000e+00, 1.150000000000e+00, 8.282319865418e-02, 1.276399594512e-04
 1.680000000000e+01, 1.290000000000e+00, 1.220000000000e+00, 8.350154778563e-02, 1.219587160354e-04
 1.680000000000e+01, 1.290000000000e+00, 1.290000000000e+00, 8.437870728157e-02, 1.379084676221e-04
 1.680000000000e+01, 1.290000000000e+00, 1.360000000000e+00, 8.544362182178e-02, 1.204524345230e-04
 1.680000000000e+01, 1.290000000000e+00, 1.430000000000e+00, 8.598746867295e-02, 1.271823335488e-04
 1.680000000000e+01, 1.360000000000e+00, 8.000000000000e-01, 8.939916455630e-02, 2.297029868118e-04
 1.680000000000e+01, 1.360000000000e+00, 8.700000000000e-01, 8.459929694180e-02, 9.505203497196e-05
 1.680000000000e+01, 1.360000000000e+00, 9.400000000000e-01, 8.321166483887e-02, 9.810450217136e-05
 1.680000000000e+01, 1.360000000000e+00, 1.010000000000e+00, 8.295182579507e-02, 1.186408110067e-04
 1.680000000000e+01, 1.360000000000e+00, 1.080000000000e+00, 8.351059128009e-02, 1.494827519687e-04
 1.680000000000e+01, 1.360000000000e+00, 1.150000000000e+00, 8.427975024624e-02, 1.240551043438e-04
 1.680000000000e+01, 1.360000000000e+00, 1.220000000000e+00, 8.509669107700e-02, 1.262386124190e-04
 1.680000000000e+01, 1.360000000000e+00, 1.290000000000e+00, 8.563750469372e-02, 1.463034909585e-04
 1.680000000000e+01, 1.360000000000e+00, 1.360000000000e+00, 8.651017710950e-02, 1.494529759318e-04
 1.680000000000e+01, 1.360000000000e+00, 1.430000000000e+00, 8.744303050072e-02, 1.299916191765e-04
 1.680000000000e+01, 1.430000000000e+00, 8.000000000000e-01, 9.106634639263e-02, 2.514512354019e-04
 1.680000000000e+01, 1.430000000000e+00, 8.700000000000e-01, 8.597207624172e-02, 9.666403524439e-05
 1.680000000000e+01, 1.430000000000e+00, 9.400000000000e-01, 8.464445476099e-02, 9.912046448013e-05
 1.680000000000e+01, 1.430000000000e+00, 1.010000000000e+00, 8.475584047003e-02, 1.030251413736e-04
 1.680000000000e+01, 1.430000000000e+00, 1.080000000000e+00, 8.484356360642e-02, 1.220848140704e-04
 1.680000000000e+01, 1.430000000000e+00, 1.150000000000e+00, 8.583527587023e-02, 1.124017469396e-04
 1.680000000000e+01, 1.430000000000e+00, 1.220000000000e+00, 8.637634262026e-02, 1.270357770077e-04
 1.680000000000e+01, 1.430000000000e+00, 1.290000000000e+00, 8.724701968103e-02, 1.280083050990e-04
 1.680000000000e+01, 1.430000000000e+00, 1.360000000000e+00, 8.805482061084e-02, 1.212700405625e-04
 1.680000000000e+01, 1.430000000000e+00, 1.430000000000e+00, 8.863275959116e-02, 1.365338399244e-04
 1.710000000000e+01, 8.000000000000e-01, 8.000000000000e-01, 1.681357111769e-01, 4.133815183899e-03
 1.710000000000e+01, 8.000000000000e-01, 8.700000000000e-01, 1.658512835552e-01, 5.492947890835e-03
 1.710000000000e+01, 8.000000000000e-01, 9.400000000000e-01, 1.634836639995e-01, 4.483643769988e-03
 1.710000000000e+01, 8.000000000000e-01, 1.010000000000e+00, 1.602186589506e-01, 3.797659929190e-03
 1.710000000000e+01, 8.000000000000e-01, 1.080000000000e+00, 1.650025369023e-01, 4.726726646058e-03
 1.710000000000e+01, 8.000000000000e-01, 1.150000000000e+00, 1.665988466331e-01, 4.524341104539e-03
 1.710000000000e+01, 8.000000000000e-01, 1.220000000000e+00, 1.586248446534e-01, 3.629562112913e-03
 1.710000000000e+01, 8.000000000000e-01, 1.290000000000e+00, 1.589127281845e-01, 3.927012745996e-03
 1.710000000000e+01, 8.000000000000e-01, 1.360000000000e+00, 1.653062073593e-01, 4.948835224824e-03
 1.710000000000e+01, 8.000000000000e-01, 1.430000000000e+00, 1.542632098077e-01, 3.200067948786e-03
 1.710000000000e+01, 8.700000000000e-01, 8.000000000000e-01, 1.149660888520e-01, 1.518937824525e-03
 1.710000000000e+01, 8.700000000000e-01, 8.700000000000e-01, 1.088622407169e-01, 1.414930440242e-03
 1.710000000000e+01, 8.700000000000e-01, 9.400000000000e-01, 1.044583132522e-01, 1.181622548016e-03
 1.710000000000e+01, 8.700000000000e-01, 1.010000000000e+00, 1.080566900097e-01, 1.524930419089e-03
 1.710000000000e+01, 8.700000000000e-01, 1.080000000000e+00, 1.068417500246e-01, 1.451241766217e-03
 1.710000000000e+01, 8.700000000000e-01, 1.150000000000e+00, 1.108264845972e-01, 1.659584844328e-03
 1.710000000000e+01, 8.700000000000e-01, 1.220000000000e+00, 1.102841392232e-01, 1.724959734545e-03
 1.710000000000e+01, 8.700000000000e-01, 1.290000000000e+00, 1.113710423515e-01, 1.926949482396e-03
 1.710000000000e+01, 8.700000000000e-01, 1.360000000000e+00, 1.151866340490e-01, 2.454771432298e-03
 1.710000000000e+01, 8.700000000000e-01, 1.430000000000e+00, 1.118350905970e-01, 1.845530615160e-03
 1.710000000000e+01, 9.400000000000e-01, 8.000000000000e-01, 9.398523751153e-02, 6.215174538463e-04
 1.710000000000e+01, 9.400000000000e-01, 8.700000000000e-01, 8.917176617746e-02, 5.597299045966e-04
 1.710000000000e+01, 9.400000000000e-01, 9.400000000000e-01, 8.803299974981e-02, 5.469035254616e-04
 1.710000000000e+01, 9.400000000000e-01, 1.010000000000e+00, 8.871365124579e-02, 7.249721829049e-04
 1.710000000000e+01, 9.400000000000e-01, 1.080000000000e+00, 8.840599287955e-02, 1.018564300163e-03
 1.710000000000e+01, 9.400000000000e-01, 1.150000000000e+00, 8.855757300545e-02, 6.204172595654e-04
 1.710000000000e+01, 9.400000000000e-01, 1.220000000000e+00, 8.856563825830e-02, 5.495691079191e-04
 1.710000000000e+01, 9.400000000000e-01, 1.290000000000e+00, 9.012788327212e-02, 6.280962147775e-04
 1.710000000000e+01, 9.400000000000e-01, 1.360000000000e+00, 9.129055374206e-02, 7.327737419862e-04
 1.710000000000e+01, 9.400000000000e-01, 1.430000000000e+00, 9.182003731148e-02, 6.018022346957e-04
 1.710000000000e+01, 1.010000000000e+00, 8.000000000000e-01, 8.673835286148e-02, 3.104031597246e-04
 1.710000000000e+01, 1.010000000000e+00, 8.700000000000e-01, 8.218008319338e-02, 2.394409026202e-04
 1.710000000000e+01, 1.010000000000e+00, 9.400000000000e-01, 8.037598640942e-02, 2.043129285219e-04
 1.710000000000e+01, 1.010000000000e+00, 1.010000000000e+00, 8.039357634062e-02, 2.059191899251e-04
 1.710000000000e+01, 1.010000000000e+00, 1.080000000000e+00, 8.097656978791e-02, 2.537054835612e-04
 1.710000000000e+01, 1.010000000000e+00, 1.150000000000e+00, 8.198102879867e-02, 3.458119555342e-04
 1.710000000000e+01, 1.010000000000e+00, 1.220000000000e+00, 8.249016415474e-02, 3.503631569616e-04
 1.710000000000e+01, 1.010000000000e+00, 1.290000000000e+00, 8.337338019942e-02, 2.710478515302e-04
 1.710000000000e+01, 1.010000000000e+00, 1.360000000000e+00, 8.419801777757e-02, 2.779657534157e-04
 1.710000000000e+01, 1.010000000000e+00, 1.430000000000e+00, 8.487219791626e-02, 4.598112891113e-04
 1.710000000000e+01, 1.080000000000e+00, 8.000000000000e-01, 8.485417691701e-02, 2.241361086964e-04
 1.710000000000e+01, 1.080000000000e+00, 8.700000000000e-01, 8.018122472536e-02, 8.785580810610e-05
 1.710000000000e+01, 1.080000000000e+00, 9.400000000000e-01, 7.869149724902e-02, 1.013701085237e-04
 1.710000000000e+01, 1.080000000000e+00, 1.010000000000e+00, 7.872851767109e-02, 9.724631120981e-05
 1.710000000000e+01, 1.080000000000e+00, 1.080000000000e+00, 7.913213887575e-02, 9.763521977042e-05
 1.710000000000e+01, 1.080000000000e+00, 1.150000000000e+00, 7.979700880630e-02, 1.458858814784e-04
 1.710000000000e+01, 1.080000000000e+00, 1.220000000000e+00, 8.065975594557e-02, 1.191392261767e-04
 1.710000000000e+01, 1.080000000000e+00, 1.290000000000e+00, 8.137169244455e-02, 1.152653417587e-04
 1.710000000000e+01, 1.080000000000e+00, 1.360000000000e+00, 8.239039763574e-02, 1.209985566170e-04
 1.710000000000e+01, 1.080000000000e+00, 1.430000000000e+00, 8.270994443327e-02, 1.216731144957e-04
 1.710000000000e+01, 1.150000000000e+00, 8.000000000000e-01, 8.549687670183e-02, 2.533475916534e-04
 1.710000000000e+01, 1.150000000000e+00, 8.700000000000e-01, 8.042653790105e-02, 7.419117013603e-05
 1.710000000000e+01, 1.150000000000e+00, 9.400000000000e-01, 7.913002352789e-02, 7.355985921993e-05
 1.710000000000e+01, 1.150000000000e+00, 1.010000000000e+00, 7.893648984377e-02, 1.031338129855e-04
 1.710000000000e+01, 1.150000000000e+00, 1.080000000000e+00, 7.933854098284e-02, 1.129370302179e-04
 1.710000000000e+01, 1.150000000000e+00, 1.150000000000e+00, 8.023863356677e-02, 1.236643242031e-04
 1.710000000000e+01, 1.150000000000e+00, 1.220000000000e+00, 8.087515967568e-02, 1.076241760703e-04
 1.710000000000e+01, 1.150000000000e+00, 1.290000000000e+00, 8.196416851790e-02, 9.196959406376e-05
 1.710000000000e+01, 1.150000000000e+00, 1.360000000000e+00, 8.237010828070e-02, 1.253753103808e-04
 1.710000000000e+01, 1.150000000000e+00, 1.430000000000e+00, 8.327639356985e-02, 1.044985789116e-04
 1.710000000000e+01, 1.220000000000e+00, 8.000000000000e-01, 8.618496142639e-02, 2.300727704134e-04
 1.710000000000e+01, 1.220000000000e+00, 8.700000000000e-01, 8.160159850596e-02, 8.176013791846e-05
 1.710000000000e+01, 1.220000000000e+00, 9.400000000000e-01, 8.019999691399e-02, 1.079853281117e-04
 1.710000000000e+01, 1.220000000000e+00, 1.010000000000e+00, 8.028939669151e-02, 9.476268836112e-05
 1.710000000000e+01, 1.220000000000e+00, 1.080000000000e+00, 8.043616508833e-02, 1.282286428723e-04
 1.710000000000e+01, 1.220000000000e+00, 1.150000000000e+00, 8.147772983743e-02, 1.377401767212e-04
 1.710000000000e+01, 1.220000000000e+00, 1.220000000000e+00, 8.215433447997e-02, 1.183677155453e-04
 1.710000000000e+01, 1.220000000000e+00, 1.290000000000e+00, 8.270763903811e-02, 1.316253522648e-04
 1.710000000000e+01, 1.220000000000e+00, 1.360000000000e+00, 8.361736054911e-02, 1.261837284630e-04
 1.710000000000e+01, 1.220000000000e+00, 1.430000000000e+00, 8.433771704953e-02, 1.155699189045e-04
 1.710000000000e+01, 1.290000000000e+00, 8.000000000000e-01, 8.753534112253e-02, 2.059124145159e-04
 1.710000000000e+01, 1.290000000000e+00, 8.700000000000e-01, 8.305548458226e-02, 9.313469567561e-05
 1.710000000000e+01, 1.290000000000e+00, 9.400000000000e-01, 8.164878842826e-02, 9.539088779107e-05
 1.710000000000e+01, 1.290000000000e+00, 1.010000000000e+00, 8.152509923720e-02, 1.303738119166e-04
 1.710000000000e+01, 1.290000000000e+00, 1.080000000000e+00, 8.201123758861e-02, 1.320591675497e-04
 1.710000000000e+01, 1.290000000000e+00, 1.150000000000e+00, 8.280560036180e-02, 1.090131008914e-04
 1.710000000000e+01, 1.290000000000e+00, 1.220000000000e+00, 8.360894695030e-02, 1.189821822467e-04
 1.710000000000e+01, 1.290000000000e+00, 1.290000000000e+00, 8.442383745201e-02, 1.197403383695e-04
 1.710000000000e+01, 1.290000000000e+00, 1.360000000000e+00, 8.487647191946e-02, 1.280217043825e-04
 1.710000000000e+01, 1.290000000000e+00, 1.430000000000e+00, 8.557778411685e-02, 1.217367913547e-04
 1.710000000000e+01, 1.360000000000e+00, 8.000000000000e-01, 8.888813836147e-02, 2.471520541283e-04
 1.710000000000e+01, 1.360000000000e+00, 8.700000000000e-01, 8.437981407551e-02, 9.977593643148e-05
 1.710000000000e+01, 1.360000000000e+00, 9.400000000000e-01, 8.319788987930e-02, 9.555863260686e-05
 1.710000000000e+01, 1.360000000000e+00, 1.010000000000e+00, 8.301353860727e-02, 1.187774983949e-04
 1.710000000000e+01, 1.360000000000e+00, 1.080000000000e+00, 8.340570536938e-02, 1.445379180519e-04
 1.710000000000e+01, 1.360000000000e+00, 1.150000000000e+00, 8.397552069587e-02, 1.721132289927e-04
 1.710000000000e+01, 1.360000000000e+00, 1.220000000000e+00, 8.478422023647e-02, 1.685122167314e-04
 1.710000000000e+01, 1.360000000000e+00, 1.290000000000e+00, 8.565861904250e-02, 1.245378343125e-04
 1.710000000000e+01, 1.360000000000e+00, 1.360000000000e+00, 8.640468693553e-02, 1.340539368556e-04
 1.710000000000e+01, 1.360000000000e+00, 1.430000000000e+00, 8.700371034128e-02, 1.267358588129e-04
 1.710000000000e+01, 1.430000000000e+00, 8.000000000000e-01, 9.050220904969e-02, 2.231508685278e-04
 1.710000000000e+01, 1.430000000000e+00, 8.700000000000e-01, 8.563060112897e-02, 1.030671882482e-04
 1.710000000000e+01, 1.430000000000e+00, 9.400000000000e-01, 8.445476079296e-02, 9.065016110917e-05
 1.710000000000e+01, 1.430000000000e+00, 1.010000000000e+00, 8.453206915570e-02, 1.055882991924e-04
 1.710000000000e+01, 1.430000000000e+00, 1.080000000000e+00, 8.482670188865e-02, 1.129593160573e-04
 1.710000000000e+01, 1.430000000000e+00, 1.150000000000e+00, 8.540189938810e-02, 1.291136383605e-04
 1.710000000000e+01, 1.430000000000e+00, 1.220000000000e+00, 8.634417079291e-02, 1.330852116430e-04
 1.710000000000e+01, 1.430000000000e+00, 1.290000000000e+00, 8.690519019252e-02, 1.603550927251e-04
 1.710000000000e+01, 1.430000000000e+00, 1.360000000000e+00, 8.770486309058e-02, 1.316169369747e-04
 1.710000000000e+01, 1.430000000000e+00, 1.430000000000e+00, 8.857359370262e-02, 1.232337930372e-04
 1.740000000000e+01, 8.000000000000e-01, 8.000000000000e-01, 1.680007751891e-01, 5.056438185281e-03
 1.740000000000e+01, 8.000000000000e-01, 8.700000000000e-01, 1.649402381317e-01, 4.927509611521e-03
 1.740000000000e+01, 8.000000000000e-01, 9.400000000000e-01, 1.558175353440e-01, 3.375699299257e-03
 1.740000000000e+01, 8.000000000000e-01, 1.010000000000e+00, 1.554098543748e-01, 4.082401014184e-03
 1.740000000000e+01, 8.000000000000e-01, 1.080000000000e+00, 1.597646018335e-01, 4.343998744973e-03
 1.740000000000e+01, 8.000000000000e-01, 1.150000000000e+00, 1.563434446175e-01, 3.478317965347e-03
 1.740000000000e+01, 8.000000000000e-01, 1.220000000000e+00, 1.558995867730e-01, 3.581486919679e-03
 1.740000000000e+01, 8.000000000000e-01, 1.290000000000e+00, 1.650558131171e-01, 4.700526817947e-03
 1.740000000000e+01, 8.000000000000e-01, 1.360000000000e+00, 1.606363072565e-01, 4.073910345575e-03
 1.740000000000e+01, 8.000000000000e-01, 1.430000000000e+00, 1.637140004470e-01, 4.721752945921e-03
 1.740000000000e+01, 8.700000000000e-01, 8.000000000000e-01, 1.139331518884e-01, 1.388854566477e-03
 1.740000000000e+01, 8.700000000000e-01, 8.700000000000e-01, 1.120664564322e-01, 1.539931928393e-03
 1.740000000000e+01, 8.700000000000e-01, 9.400000000000e-01, 1.101733423918e-01, 2.019788272618e-03
 1.740000000000e+01, 8.700000000000e-01, 1.010000000000e+00, 1.102888039150e-01, 1.962081524964e-03
 1.740000000000e+01, 8.700000000000e-01, 1.080000000000e+00, 1.098977061629e-01, 2.876195762172e-03
 1.740000000000e+01, 8.700000000000e-01, 1.150000000000e+00, 1.096375626357e-01, 1.662912695958e-03
 1.740000000000e+01, 8.700000000000e-01, 1.220000000000e+00, 1.101507015969e-01, 1.828973162043e-03
 1.740000000000e+01, 8.700000000000e-01, 1.290000000000e+00, 1.087199576846e-01, 1.485430969769e-03
 1.740000000000e+01, 8.700000000000e-01, 1.360000000000e+00, 1.097810786336e-01, 1.474437413722e-03
 1.740000000000e+01, 8.700000000000e-01, 1.430000000000e+00, 1.138576966121e-01, 1.765713366841e-03
 1.740000000000e+01, 9.400000000000e-01, 8.000000000000e-01, 9.382839373037e-02, 6.802272353817e-04
 1.740000000000e+01, 9.400000000000e-01, 8.700000000000e-01, 8.878911867819e-02, 5.129428788817e-04
 1.740000000000e+01, 9.400000000000e-01, 9.400000000000e-01, 8.849427645731e-02, 5.827939230252e-04
 1.740000000000e+01, 9.400000000000e-01, 1.010000000000e+00, 8.718969722637e-02, 5.914420420557e-04
 1.740000000000e+01, 9.400000000000e-01, 1.080000000000e+00, 8.864364501957e-02, 7.345086355437e-04
 1.740000000000e+01, 9.400000000000e-01, 1.150000000000e+00, 8.776801038743e-02, 5.897334445655e-04
 1.740000000000e+01, 9.400000000000e-01, 1.220000000000e+00, 8.938866496171e-02, 7.980600841403e-04
 1.740000000000e+01, 9.400000000000e-01, 1.290000000000e+00, 9.001390700618e-02, 7.324328767194e-04
 1.740000000000e+01, 9.400000000000e-01, 1.360000000000e+00, 9.062353558269e-02, 5.898251752941e-04
 1.740000000000e+01, 9.400000000000e-01, 1.430000000000e+00, 9.210995533647e-02, 6.726914741028e-04
 1.740000000000e+01, 1.010000000000e+00, 8.000000000000e-01, 8.674318071251e-02, 2.995419376629e-04
 1.740000000000e+01, 1.010000000000e+00, 8.700000000000e-01, 8.217267980639e-02, 2.732810777041e-04
 1.740000000000e+01, 1.010000000000e+00, 9.400000000000e-01, 8.073344897480e-02, 2.427488933706e-04
 1.740000000000e+01, 1.010000000000e+00, 1.010000000000e+00, 8.063881087565e-02, 2.376975011220e-04
 1.740000000000e+01, 1.010000000000e+00, 1.080000000000e+00, 8.109764597605e-02, 2.536005414605e-04
 1.740000000000e+01, 1.010000000000e+00, 1.150000000000e+00, 8.147231023052e-02, 2.181245369341e-04
 1.740000000000e+01, 1.010000000000e+00, 1.220000000000e+00, 8.287484136726e-02, 3.199398618472e-04
 1.740000000000e+01, 1.010000000000e+00, 1.290000000000e+00, 8.294192786001e-02, 2.569351074156e-04
 1.740000000000e+01, 1.010000000000e+00, 1.360000000000e+00, 8.430196663193e-02, 2.456676733333e-04
 1.740000000000e+01, 1.010000000000e+00, 1.430000000000e+00, 8.409740930877e-02, 2.077702220013e-04
 1.740000000000e+01, 1.080000000000e+00, 8.000000000000e-01, 8.430584344240e-02, 2.199209964299e-04
 1.740000000000e+01, 1.080000000000e+00, 8.700000000000e-01, 8.008051509608e-02, 1.017495985049e-04
 1.740000000000e+01, 1.080000000000e+00, 9.400000000000e-01, 7.878849407216e-02, 1.011047937198e-04
 1.740000000000e+01, 1.080000000000e+00, 1.010000000000e+00, 7.858161445071e-02, 1.014316052681e-04
 1.740000000000e+01, 1.080000000000e+00, 1.080000000000e+00, 7.909953983640e-02, 1.087318654807e-04
 1.740000000000e+01, 1.080000000000e+00, 1.150000000000e+00, 7.963702718427e-02, 1.477683362364e-04
 1.740000000000e+01, 1.080000000000e+00, 1.220000000000e+00, 8.060391189136e-02, 1.104236619918e-04
 1.740000000000e+01, 1.080000000000e+00, 1.290000000000e+00, 8.116776965468e-02, 1.140495570310e-04
 1.740000000000e+01, 1.080000000000e+00, 1.360000000000e+00, 8.218220544015e-02, 1.035905249643e-04
 1.740000000000e+01, 1.080000000000e+00, 1.430000000000e+00, 8.285169697813e-02, 1.018924566278e-04
 1.740000000000e+01, 1.150000000000e+00, 8.000000000000e-01, 8.499279337916e-02, 2.329801144689e-04
 1.740000000000e+01, 1.150000000000e+00, 8.700000000000e-01, 8.049189945854e-02, 7.132589652435e-05
 1.740000000000e+01, 1.150000000000e+00, 9.400000000000e-01, 7.897681640672e-02, 1.071728366819e-04
 1.740000000000e+01, 1.150000000000e+00, 1.010000000000e+00, 7.905844497310e-02, 9.381635457509e-05
 1.740000000000e+01, 1.150000000000e+00, 1.080000000000e+00, 7.960321797357e-02, 9.305518443719e-05
 1.740000000000e+01, 1.150000000000e+00, 1.150000000000e+00, 8.002017505843e-02, 1.432032209774e-04
 1.740000000000e+01, 1.150000000000e+00, 1.220000000000e+00, 8.088548855998e-02, 1.172062047426e-04
 1.740000000000e+01, 1.150000000000e+00, 1.290000000000e+00, 8.171212407754e-02, 1.051629277210e-04
 1.740000000000e+01, 1.150000000000e+00, 1.360000000000e+00, 8.223501930709e-02, 1.107324580433e-04
 1.740000000000e+01, 1.150000000000e+00, 1.430000000000e+00, 8.323352474972e-02, 8.969851099675e-05
 1.740000000000e+01, 1.220000000000e+00, 8.000000000000e-01, 8.608469444480e-02, 2.103539452372e-04
 1.740000000000e+01, 1.220000000000e+00, 8.700000000000e-01, 8.145806441169e-02, 8.247133559557e-05
 1.740000000000e+01, 1.220000000000e+00, 9.400000000000e-01, 8.014341890856e-02, 1.018275835460e-04
 1.740000000000e+01, 1.220000000000e+00, 1.010000000000e+00, 8.010068793434e-02, 1.074460039349e-04
 1.740000000000e+01, 1.220000000000e+00, 1.080000000000e+00, 8.049430557399e-02, 1.276466909291e-04
 1.740000000000e+01, 1.220000000000e+00, 1.150000000000e+00, 8.094071143028e-02, 1.341076862116e-04
 1.740000000000e+01, 1.220000000000e+00, 1.220000000000e+00, 8.208763820259e-02, 1.083170810129e-04
 1.740000000000e+01, 1.220000000000e+00, 1.290000000000e+00, 8.268825095352e-02, 1.297242197305e-04
 1.740000000000e+01, 1.220000000000e+00, 1.360000000000e+00, 8.351179576628e-02, 1.105185313514e-04
 1.740000000000e+01, 1.220000000000e+00, 1.430000000000e+00, 8.419864356284e-02, 1.202421130470e-04
 1.740000000000e+01, 1.290000000000e+00, 8.000000000000e-01, 8.748655432668e-02, 2.219315649654e-04
 1.740000000000e+01, 1.290000000000e+00, 8.700000000000e-01, 8.307658510776e-02, 8.514457638683e-05
 1.740000000000e+01, 1.290000000000e+00, 9.400000000000e-01, 8.176131264792e-02, 8.440089491918e-05
 1.740000000000e+01, 1.290000000000e+00, 1.010000000000e+00, 8.137416768778e-02, 1.432793625363e-04
 1.740000000000e+01, 1.290000000000e+00, 1.080000000000e+00, 8.191764304526e-02, 1.201355301744e-04
 1.740000000000e+01, 1.290000000000e+00, 1.150000000000e+00, 8.252486333516e-02, 1.293052705916e-04
 1.740000000000e+01, 1.290000000000e+00, 1.220000000000e+00, 8.335586385518e-02, 1.238511389827e-04
 1.740000000000e+01, 1.290000000000e+00, 1.290000000000e+00, 8.424386485792e-02, 1.240241368928e-04
 1.740000000000e+01, 1.290000000000e+00, 1.360000000000e+00, 8.506137973514e-02, 1.308421676964e-04
 1.740000000000e+01, 1.290000000000e+00, 1.430000000000e+00, 8.572759072219e-02, 1.200606543099e-04
 1.740000000000e+01, 1.360000000000e+00, 8.000000000000e-01, 8.884028191752e-02, 2.294639819820e-04
 1.740000000000e+01, 1.360000000000e+00, 8.700000000000e-01, 8.425590451056e-02, 9.987431520023e-05
 1.740000000000e+01, 1.360000000000e+00, 9.400000000000e-01, 8.276305450224e-02, 1.056004961746e-04
 1.740000000000e+01, 1.360000000000e+00, 1.010000000000e+00, 8.287821409907e-02, 1.222617127709e-04
 1.740000000000e+01, 1.360000000000e+00, 1.080000000000e+00, 8.327996981937e-02, 1.313225804571e-04
 1.740000000000e+01, 1.360000000000e+00, 1.150000000000e+00, 8.403638917863e-02, 1.273406360140e-04
 1.740000000000e+01, 1.360000000000e+00, 1.220000000000e+00, 8.470516001174e-02, 1.309945180796e-04
 1.740000000000e+01, 1.360000000000e+00, 1.290000000000e+00, 8.572819861997e-02, 1.216939384522e-04
 1.740000000000e+01, 1.360000000000e+00, 1.360000000000e+00, 8.620019519270e-02, 1.447532078314e-04
 1.740000000000e+01, 1.360000000000e+00, 1.430000000000e+00, 8.707071993445e-02, 1.199095119673e-04
 1.740000000000e+01, 1.430000000000e+00, 8.000000000000e-01, 9.021434569547e-02, 2.707223707264e-04
 1.740000000000e+01, 1.430000000000e+00, 8.700000000000e-01, 8.546868014768e-02, 9.568228660440e-05
 1.740000000000e+01, 1.430000000000e+00, 9.400000000000e-01, 8.419925619058e-02, 1.113385934962e-04
 1.740000000000e+01, 1.430000000000e+00, 1.010000000000e+00, 8.406043635616e-02, 1.232283178112e-04
 1.740000000000e+01, 1.430000000000e+00, 1.080000000000e+00, 8.467956346002e-02, 1.213478075121e-04
 1.740000000000e+01, 1.430000000000e+00, 1.150000000000e+00, 8.557567516755e-02, 1.330190796201e-04
 1.740000000000e+01, 1.430000000000e+00, 1.220000000000e+00, 8.608921597440e-02, 1.334552572725e-04
 1.740000000000e+01, 1.430000000000e+00, 1.290000000000e+00, 8.671861824874e-02, 1.313842273848e-04
 1.740000000000e+01, 1.430000000000e+00, 1.360000000000e+00, 8.769136614257e-02, 1.264651884330e-04
 1.740000000000e+01, 1.430000000000e+00, 1.430000000000e+00, 8.843753680220e-02, 1.217108869666e-04
 1.770000000000e+01, 8.000000000000e-01, 8.000000000000e-01, 1.606954266398e-01, 3.675002096335e-03
 1.770000000000e+01, 8.000000000000e-01, 8.700000000000e-01, 1.598514975771e-01, 4.080839754234e-03
 1.770000000000e+01, 8.000000000000e-01, 9.400000000000e-01, 1.659953844676e-01, 5.847371087604e-03
 1.770000000000e+01, 8.000000000000e-01, 1.010000000000e+00, 1.567608976650e-01, 4.239697097925e-03
 1.770000000000e+01, 8.000000000000e-01, 1.080000000000e+00, 1.611576006007e-01, 4.488192937333e-03
 1.770000000000e+01, 8.000000000000e-01, 1.150000000000e+00, 1.545691907514e-01, 3.761379562327e-03
 1.770000000000e+01, 8.000000000000e-01, 1.220000000000e+00, 1.647305884781e-01, 5.158306213600e-03
 1.770000000000e+01, 8.000000000000e-01, 1.290000000000e+00, 1.621315565237e-01, 5.337569515830e-03
 1.770000000000e+01, 8.000000000000e-01, 1.360000000000e+00, 1.618449533636e-01, 5.099226582600e-03
 1.770000000000e+01, 8.000000000000e-01, 1.430000000000e+00, 1.557681552796e-01, 3.224117298828e-03
 1.770000000000e+01, 8.700000000000e-01, 8.000000000000e-01, 1.118350941321e-01, 1.699774161440e-03
 1.770000000000e+01, 8.700000000000e-01, 8.700000000000e-01, 1.070738488864e-01, 1.144289033303e-03
 1.770000000000e+01, 8.700000000000e-01, 9.400000000000e-01, 1.059173561441e-01, 1.655800952433e-03
 1.770000000000e+01, 8.700000000000e-01, 1.010000000000e+00, 1.084927208178e-01, 1.689928320601e-03
 1.770000000000e+01, 8.700000000000e-01, 1.080000000000e+00, 1.031924771017e-01, 1.383996322790e-03
 1.770000000000e+01, 8.700000000000e-01, 1.150000000000e+00, 1.091445246989e-01, 2.032195042092e-03
 1.770000000000e+01, 8.700000000000e-01, 1.220000000000e+00, 1.084637450071e-01, 1.512289168444e-03
 1.770000000000e+01, 8.700000000000e-01, 1.290000000000e+00, 1.078301382444e-01, 1.353377764440e-03
 1.770000000000e+01, 8.700000000000e-01, 1.360000000000e+00, 1.112333738438e-01, 1.522742971098e-03
 1.770000000000e+01, 8.700000000000e-01, 1.430000000000e+00, 1.129635715521e-01, 1.740483579661e-03
 1.770000000000e+01, 9.400000000000e-01, 8.000000000000e-01, 9.237136283768e-02, 5.203804850062e-04
 1.770000000000e+01, 9.400000000000e-01, 8.700000000000e-01, 8.826383094885e-02, 5.057005032766e-04
 1.770000000000e+01, 9.400000000000e-01, 9.400000000000e-01, 8.736983700759e-02, 5.129890060570e-04
 1.770000000000e+01, 9.400000000000e-01, 1.010000000000e+00, 8.785694421020e-02, 6.014817186470e-04
 1.770000000000e+01, 9.400000000000e-01, 1.080000000000e+00, 8.795410119239e-02, 5.839752597926e-04
 1.770000000000e+01, 9.400000000000e-01, 1.150000000000e+00, 8.809394055623e-02, 5.849555744498e-04
 1.770000000000e+01, 9.400000000000e-01, 1.220000000000e+00, 8.851927043075e-02, 5.325431782937e-04
 1.770000000000e+01, 9.400000000000e-01, 1.290000000000e+00, 8.974966909816e-02, 6.194855283437e-04
 1.770000000000e+01, 9.400000000000e-01, 1.360000000000e+00, 9.130177226525e-02, 6.591453151467e-04
 1.770000000000e+01, 9.400000000000e-01, 1.430000000000e+00, 9.169665131809e-02, 6.373798068195e-04
 1.770000000000e+01, 1.010000000000e+00, 8.000000000000e-01, 8.660339666550e-02, 3.026985886104e-04
 1.770000000000e+01, 1.010000000000e+00, 8.700000000000e-01, 8.170764928718e-02, 2.046606784549e-04
 1.770000000000e+01, 1.010000000000e+00, 9.400000000000e-01, 8.014073550099e-02, 1.957781982732e-04
 1.770000000000e+01, 1.010000000000e+00, 1.010000000000e+00, 8.061251737883e-02, 2.023910227804e-04
 1.770000000000e+01, 1.010000000000e+00, 1.080000000000e+00, 8.096320281363e-02, 2.585271798380e-04
 1.770000000000e+01, 1.010000000000e+00, 1.150000000000e+00, 8.181018077600e-02, 2.843691435047e-04
 1.770000000000e+01, 1.010000000000e+00, 1.220000000000e+00, 8.220295112022e-02, 2.553566718501e-04
 1.770000000000e+01, 1.010000000000e+00, 1.290000000000e+00, 8.341040838997e-02, 2.612345600545e-04
 1.770000000000e+01, 1.010000000000e+00, 1.360000000000e+00, 8.365764436382e-02, 2.403238061256e-04
 1.770000000000e+01, 1.010000000000e+00, 1.430000000000e+00, 8.490987548788e-02, 2.774105855226e-04
 1.770000000000e+01, 1.080000000000e+00, 8.000000000000e-01, 8.444136980382e-02, 2.068372205950e-04
 1.770000000000e+01, 1.080000000000e+00, 8.700000000000e-01, 8.017782107084e-02, 9.017624971559e-05
 1.770000000000e+01, 1.080000000000e+00, 9.400000000000e-01, 7.890036543461e-02, 9.291613924284e-05
 1.770000000000e+01, 1.080000000000e+00, 1.010000000000e+00, 7.873264712338e-02, 1.134618028025e-04
 1.770000000000e+01, 1.080000000000e+00, 1.080000000000e+00, 7.913003781584e-02, 1.112013260272e-04
 1.770000000000e+01, 1.080000000000e+00, 1.150000000000e+00, 7.949073783443e-02, 1.111627591792e-04
 1.770000000000e+01, 1.080000000000e+00, 1.220000000000e+00, 8.047922256366e-02, 1.333105278295e-04
 1.770000000000e+01, 1.080000000000e+00, 1.290000000000e+00, 8.127987722967e-02, 1.214853602779e-04
 1.770000000000e+01, 1.080000000000e+00, 1.360000000000e+00, 8.212242336291e-02, 1.161434346672e-04
 1.770000000000e+01, 1.080000000000e+00, 1.430000000000e+00, 8.274527479139e-02, 1.121333078677e-04
 1.770000000000e+01, 1.150000000000e+00, 8.000000000000e-01, 8.444420683666e-02, 2.067381435944e-04
 1.770000000000e+01, 1.150000000000e+00, 8.700000000000e-01, 8.038705677099e-02, 7.174617550172e-05
 1.770000000000e+01, 1.150000000000e+00, 9.400000000000e-01, 7.907422376581e-02, 8.267584001199e-05
 1.770000000000e+01, 1.150000000000e+00, 1.010000000000e+00, 7.907168046225e-02, 9.740676509936e-05
 1.770000000000e+01, 1.150000000000e+00, 1.080000000000e+00, 7.955327607639e-02, 1.036611875211e-04
 1.770000000000e+01, 1.150000000000e+00, 1.150000000000e+00, 8.001021094164e-02, 1.101869757017e-04
 1.770000000000e+01, 1.150000000000e+00, 1.220000000000e+00, 8.083017846123e-02, 1.073006360186e-04
 1.770000000000e+01, 1.150000000000e+00, 1.290000000000e+00, 8.162528189766e-02, 1.126726821490e-04
 1.770000000000e+01, 1.150000000000e+00, 1.360000000000e+00, 8.226065923536e-02, 9.600591674020e-05
 1.770000000000e+01, 1.150000000000e+00, 1.430000000000e+00, 8.297102309144e-02, 1.096812773958e-04
 1.770000000000e+01, 1.220000000000e+00, 8.000000000000e-01, 8.612294138718e-02, 2.290965384031e-04
 1.770000000000e+01, 1.220000000000e+00, 8.700000000000e-01, 8.143292002455e-02, 8.515489175137e-05
 1.770000000000e+01, 1.220000000000e+00, 9.400000000000e-01, 8.005113855254e-02, 9.807417987368e-05
 1.770000000000e+01, 1.220000000000e+00, 1.010000000000e+00, 8.021264453093e-02, 1.044026911571e-04
 1.770000000000e+01, 1.220000000000e+00, 1.080000000000e+00, 8.060898892235e-02, 1.162784926463e-04
 1.770000000000e+01, 1.220000000000e+00, 1.150000000000e+00, 8.112613217617e-02, 1.192195618171e-04
 1.770000000000e+01, 1.220000000000e+00, 1.220000000000e+00, 8.197204130687e-02, 1.080136504651e-04
 1.770000000000e+01, 1.220000000000e+00, 1.290000000000e+00, 8.246455653015e-02, 1.378027751608e-04
 1.770000000000e+01, 1.220000000000e+00, 1.360000000000e+00, 8.342525514799e-02, 1.231115307303e-04
 1.770000000000e+01, 1.220000000000e+00, 1.430000000000e+00, 8.425541974945e-02, 1.176151453320e-04
 1.770000000000e+01, 1.290000000000e+00, 8.000000000000e-01, 8.698485440213e-02, 2.189005588699e-04
 1.770000000000e+01, 1.290000000000e+00, 8.700000000000e-01, 8.272326326468e-02, 9.269336940791e-05
 1.770000000000e+01, 1.290000000000e+00, 9.400000000000e-01, 8.150008425946e-02, 9.890867958041e-05
 1.770000000000e+01, 1.290000000000e+00, 1.010000000000e+00, 8.148258542776e-02, 1.169121786365e-04
 1.770000000000e+01, 1.290000000000e+00, 1.080000000000e+00, 8.178148276420e-02, 1.145495390595e-04
 1.770000000000e+01, 1.290000000000e+00, 1.150000000000e+00, 8.257939516091e-02, 1.195690829163e-04
 1.770000000000e+01, 1.290000000000e+00, 1.220000000000e+00, 8.338728876749e-02, 1.123432698039e-04
 1.770000000000e+01, 1.290000000000e+00, 1.290000000000e+00, 8.399121762241e-02, 1.322538073664e-04
 1.770000000000e+01, 1.290000000000e+00, 1.360000000000e+00, 8.470146094306e-02, 1.323904755506e-04
 1.770000000000e+01, 1.290000000000e+00, 1.430000000000e+00, 8.571993107553e-02, 1.068127384364e-04
 1.770000000000e+01, 1.360000000000e+00, 8.000000000000e-01, 8.868141658728e-02, 2.598263318006e-04
 1.770000000000e+01, 1.360000000000e+00, 8.700000000000e-01, 8.395049271752e-02, 9.729446873081e-05
 1.770000000000e+01, 1.360000000000e+00, 9.400000000000e-01, 8.298048510457e-02, 1.051694270899e-04
 1.770000000000e+01, 1.360000000000e+00, 1.010000000000e+00, 8.264023273763e-02, 1.374155193195e-04
 1.770000000000e+01, 1.360000000000e+00, 1.080000000000e+00, 8.310824516990e-02, 1.252839636517e-04
 1.770000000000e+01, 1.360000000000e+00, 1.150000000000e+00, 8.385601027058e-02, 1.169124239587e-04
 1.770000000000e+01, 1.360000000000e+00, 1.220000000000e+00, 8.454357779319e-02, 1.309287098724e-04
 1.770000000000e+01, 1.360000000000e+00, 1.290000000000e+00, 8.540260713392e-02, 1.343692142614e-04
 1.770000000000e+01, 1.360000000000e+00, 1.360000000000e+00, 8.617863914046e-02, 1.659525112966e-04
 1.770000000000e+01, 1.360000000000e+00, 1.430000000000e+00, 8.692939334306e-02, 1.408741475277e-04
 1.770000000000e+01, 1.430000000000e+00, 8.000000000000e-01, 8.978647310144e-02, 2.153098378939e-04
 1.770000000000e+01, 1.430000000000e+00, 8.700000000000e-01, 8.539990248873e-02, 9.858883911190e-05
 1.770000000000e+01, 1.430000000000e+00, 9.400000000000e-01, 8.436593089097e-02, 9.442908706115e-05
 1.770000000000e+01, 1.430000000000e+00, 1.010000000000e+00, 8.403853929625e-02, 2.151476511886e-04
 1.770000000000e+01, 1.430000000000e+00, 1.080000000000e+00, 8.476166308366e-02, 1.146618739440e-04
 1.770000000000e+01, 1.430000000000e+00, 1.150000000000e+00, 8.509513739499e-02, 1.291601400716e-04
 1.770000000000e+01, 1.430000000000e+00, 1.220000000000e+00, 8.592791824821e-02, 1.197739207140e-04
 1.770000000000e+01, 1.430000000000e+00, 1.290000000000e+00, 8.652837490046e-02, 1.350618491410e-04
 1.770000000000e+01, 1.430000000000e+00, 1.360000000000e+00, 8.727822811617e-02, 1.478039770602e-04
 1.770000000000e+01, 1.430000000000e+00, 1.430000000000e+00, 8.815905713058e-02, 1.234097980441e-04
