#              p[0],               p[1],               p[2],             energy,               error
 1.500000000000e+01, 8.000000000000e-01, 8.000000000000e-01, 1.896093150033e-01, 4.517137056906e-03
 1.500000000000e+01, 8.000000000000e-01, 8.700000000000e-01, 1.909480417784e-01, 4.940366145437e-03
 1.500000000000e+01, 8.000000000000e-01, 9.400000000000e-01, 1.724762136467e-01, 4.276917792035e-03
 1.500000000000e+01, 8.000000000000e-01, 1.010000000000e+00, 1.737050769393e-01, 4.487463789386e-03
 1.500000000000e+01, 8.000000000000e-01, 1.080000000000e+00, 1.948437424970e-01, 7.411578486884e-03
 1.500000000000e+01, 8.000000000000e-01, 1.150000000000e+00, 1.934177873131e-01, 6.499322550508e-03
 1.500000000000e+01, 8.000000000000e-01, 1.220000000000e+00, 1.849380576986e-01, 5.632261444757e-03
 1.500000000000e+01, 8.000000000000e-01, 1.290000000000e+00, 1.889984014740e-01, 5.485543968769e-03
 1.500000000000e+01, 8.000000000000e-01, 1.360000000000e+00, 1.746802013044e-01, 4.283456892093e-03
 1.500000000000e+01, 8.000000000000e-01, 1.430000000000e+00, 1.898292084493e-01, 5.306820172310e-03
 1.500000000000e+01, 8.700000000000e-01, 8.000000000000e-01, 1.242816881972e-01, 1.995190683795e-03
 1.500000000000e+01, 8.700000000000e-01, 8.700000000000e-01, 1.193917309500e-01, 1.878758127840e-03
 1.500000000000e+01, 8.700000000000e-01, 9.400000000000e-01, 1.141396156967e-01, 1.635890020191e-03
 1.500000000000e+01, 8.700000000000e-01, 1.010000000000e+00, 1.136838691264e-01, 1.696628948638e-03
 1.500000000000e+01, 8.700000000000e-01, 1.080000000000e+00, 1.145280717268e-01, 1.806496276356e-03
 1.500000000000e+01, 8.700000000000e-01, 1.150000000000e+00, 1.197201548246e-01, 3.241985838222e-03
 1.500000000000e+01, 8.700000000000e-01, 1.220000000000e+00, 1.168951767633e-01, 2.102582857542e-03
 1.500000000000e+01, 8.700000000000e-01, 1.290000000000e+00, 1.178294615305e-01, 1.688332205931e-03
 1.500000000000e+01, 8.700000000000e-01, 1.360000000000e+00, 1.180338843372e-01, 1.826207228639e-03
 1.500000000000e+01, 8.700000000000e-01, 1.430000000000e+00, 1.168055986455e-01, 1.539429312200e-03
 1.500000000000e+01, 9.400000000000e-01, 8.000000000000e-01, 9.810694347394e-02, 7.329897397891e-04
 1.500000000000e+01, 9.400000000000e-01, 8.700000000000e-01, 9.172682892035e-02, 6.880107043884e-04
 1.500000000000e+01, 9.400000000000e-01, 9.400000000000e-01, 9.055409722987e-02, 6.803190517318e-04
 1.500000000000e+01, 9.400000000000e-01, 1.010000000000e+00, 9.200590540381e-02, 8.657879155828e-04
 1.500000000000e+01, 9.400000000000e-01, 1.080000000000e+00, 9.192054608918e-02, 7.949622210280e-04
 1.500000000000e+01, 9.400000000000e-01, 1.150000000000e+00, 9.207328628962e-02, 7.592355084772e-04
 1.500000000000e+01, 9.400000000000e-01, 1.220000000000e+00, 9.237143994760e-02, 7.043163771764e-04
 1.500000000000e+01, 9.400000000000e-01, 1.290000000000e+00, 9.382488276078e-02, 9.498902796165e-04
 1.500000000000e+01, 9.400000000000e-01, 1.360000000000e+00, 9.311806971324e-02, 6.233412084305e-04
 1.500000000000e+01, 9.400000000000e-01, 1.430000000000e+00, 9.609115582188e-02, 7.185686437712e-04
 1.500000000000e+01, 1.010000000000e+00, 8.000000000000e-01, 8.943279648035e-02, 3.910223746438e-04
 1.500000000000e+01, 1.010000000000e+00, 8.700000000000e-01, 8.351817098139e-02, 2.514364467269e-04
 1.500000000000e+01, 1.010000000000e+00, 9.400000000000e-01, 8.178465061293e-02, 2.387737772391e-04
 1.500000000000e+01, 1.010000000000e+00, 1.010000000000e+00, 8.147834054698e-02, 2.364622856792e-04
 1.500000000000e+01, 1.010000000000e+00, 1.080000000000e+00, 8.237127837965e-02, 2.804587801112e-04
 1.500000000000e+01, 1.010000000000e+00, 1.150000000000e+00, 8.327470964501e-02, 2.958869776382e-04
 1.500000000000e+01, 1.010000000000e+00, 1.220000000000e+00, 8.408138149543e-02, 2.850985164728e-04
 1.500000000000e+01, 1.010000000000e+00, 1.290000000000e+00, 8.492968336407e-02, 2.498276803813e-04
 1.500000000000e+01, 1.010000000000e+00, 1.360000000000e+00, 8.561378292969e-02, 3.667459297570e-04
 1.500000000000e+01, 1.010000000000e+00, 1.430000000000e+00, 8.688911960915e-02, 2.836035183805e-04
 1.500000000000e+01, 1.080000000000e+00, 8.000000000000e-01, 8.707596953620e-02, 2.568255893509e-04
 1.500000000000e+01, 1.080000000000e+00, 8.700000000000e-01, 8.117748991071e-02, 9.865411671629e-05
 1.500000000000e+01, 1.080000000000e+00, 9.400000000000e-01, 7.939300673352e-02, 1.189509603141e-04
 1.500000000000e+01, 1.080000000000e+00, 1.010000000000e+00, 7.929437461232e-02, 1.312988303944e-04
 1.500000000000e+01, 1.080000000000e+00, 1.080000000000e+00, 7.978299218922e-02, 1.375468733805e-04
 1.500000000000e+01, 1.080000000000e+00, 1.150000000000e+00, 8.075995333771e-02, 1.491787491431e-04
 1.500000000000e+01, 1.080000000000e+00, 1.220000000000e+00, 8.174313609314e-02, 1.291203399664e-04
 1.500000000000e+01, 1.080000000000e+00, 1.290000000000e+00, 8.263880838571e-02, 1.239305242772e-04
 1.500000000000e+01, 1.080000000000e+00, 1.360000000000e+00, 8.357672481073e-02, 1.386689536167e-04
 1.500000000000e+01, 1.080000000000e+00, 1.430000000000e+00, 8.427232419976e-02, 1.261260912254e-04
 1.500000000000e+01, 1.150000000000e+00, 8.000000000000e-01, 8.749768138297e-02, 2.428387550517e-04
 1.500000000000e+01, 1.150000000000e+00, 8.700000000000e-01, 8.160815925230e-02, 8.649574099984e-05
 1.500000000000e+01, 1.150000000000e+00, 9.400000000000e-01, 8.001667494283e-02, 8.618234965139e-05
 1.500000000000e+01, 1.150000000000e+00, 1.010000000000e+00, 7.972075627518e-02, 2.000043968933e-04
 1.500000000000e+01, 1.150000000000e+00, 1.080000000000e+00, 8.019396839976e-02, 1.271630449488e-04
 1.500000000000e+01, 1.150000000000e+00, 1.150000000000e+00, 8.125684637395e-02, 1.286872214754e-04
 1.500000000000e+01, 1.150000000000e+00, 1.220000000000e+00, 8.210574082978e-02, 1.132812408392e-04
 1.500000000000e+01, 1.150000000000e+00, 1.290000000000e+00, 8.283334501385e-02, 1.173333707957e-04
 1.500000000000e+01, 1.150000000000e+00, 1.360000000000e+00, 8.378823680971e-02, 1.274600864809e-04
 1.500000000000e+01, 1.150000000000e+00, 1.430000000000e+00, 8.466315433257e-02, 1.153003204374e-04
 1.500000000000e+01, 1.220000000000e+00, 8.000000000000e-01, 8.848117753439e-02, 2.403797327489e-04
 1.500000000000e+01, 1.220000000000e+00, 8.700000000000e-01, 8.291213887992e-02, 9.176646523272e-05
 1.500000000000e+01, 1.220000000000e+00, 9.400000000000e-01, 8.128689498617e-02, 1.104759366604e-04
 1.500000000000e+01, 1.220000000000e+00, 1.010000000000e+00, 8.143563707641e-02, 1.203113116788e-04
 1.500000000000e+01, 1.220000000000e+00, 1.080000000000e+00, 8.161097279018e-02, 1.426656802576e-04
 1.500000000000e+01, 1.220000000000e+00, 1.150000000000e+00, 8.261903019729e-02, 1.355914681443e-04
 1.500000000000e+01, 1.220000000000e+00, 1.220000000000e+00, 8.306079061776e-02, 1.497884304397e-04
 1.500000000000e+01, 1.220000000000e+00, 1.290000000000e+00, 8.423982659832e-02, 1.461884204047e-04
 1.500000000000e+01, 1.220000000000e+00, 1.360000000000e+00, 8.510373608062e-02, 1.269032766721e-04
 1.500000000000e+01, 1.220000000000e+00, 1.430000000000e+00, 8.599259960870e-02, 1.309850543001e-04
 1.500000000000e+01, 1.290000000000e+00, 8.000000000000e-01, 9.013597963438e-02, 2.743459780209e-04
 1.500000000000e+01, 1.290000000000e+00, 8.700000000000e-01, 8.471350457610e-02, 1.037442937933e-04
 1.500000000000e+01, 1.290000000000e+00, 9.400000000000e-01, 8.293033781063e-02, 1.132204676408e-04
 1.500000000000e+01, 1.290000000000e+00, 1.010000000000e+00, 8.264320305085e-02, 1.593961085951e-04
 1.500000000000e+01, 1.290000000000e+00, 1.080000000000e+00, 8.343387066084e-02, 1.836557236262e-04
 1.500000000000e+01, 1.290000000000e+00, 1.150000000000e+00, 8.440779234151e-02, 1.198429217250e-04
 1.500000000000e+01, 1.290000000000e+00, 1.220000000000e+00, 8.511561345082e-02, 1.289345056091e-04
 1.500000000000e+01, 1.290000000000e+00, 1.290000000000e+00, 8.605529464363e-02, 1.414947485124e-04
 1.500000000000e+01, 1.290000000000e+00, 1.360000000000e+00, 8.686171857488e-02, 1.389704015454e-04
 1.500000000000e+01, 1.290000000000e+00, 1.430000000000e+00, 8.758210715025e-02, 1.646778119508e-04
 1.500000000000e+01, 1.360000000000e+00, 8.000000000000e-01, 9.220226827088e-02, 2.536961575060e-04
 1.500000000000e+01, 1.360000000000e+00, 8.700000000000e-01, 8.640134131997e-02, 1.058735732211e-04
 1.500000000000e+01, 1.360000000000e+00, 9.400000000000e-01, 8.478800268108e-02, 1.153032725260e-04
 1.500000000000e+01, 1.360000000000e+00, 1.010000000000e+00, 8.447452625055e-02, 1.207966772992e-04
 1.500000000000e+01, 1.360000000000e+00, 1.080000000000e+00, 8.515777356484e-02, 1.429775259658e-04
 1.500000000000e+01, 1.360000000000e+00, 1.150000000000e+00, 8.600125223213e-02, 1.285253791536e-04
 1.500000000000e+01, 1.360000000000e+00, 1.220000000000e+00, 8.678073394582e-02, 1.487591453172e-04
 1.500000000000e+01, 1.360000000000e+00, 1.290000000000e+00, 8.761307407898e-02, 1.484895283963e-04
 1.500000000000e+01, 1.360000000000e+00, 1.360000000000e+00, 8.872448726042e-02, 1.480776709840e-04
 1.500000000000e+01, 1.360000000000e+00, 1.430000000000e+00, 8.939446983630e-02, 1.580102718687e-04
 1.500000000000e+01, 1.430000000000e+00, 8.000000000000e-01, 9.346353958537e-02, 2.461457012348e-04
 1.500000000000e+01, 1.430000000000e+00, 8.700000000000e-01, 8.804134708133e-02, 1.237021835883e-04
 1.500000000000e+01, 1.430000000000e+00, 9.400000000000e-01, 8.611555551544e-02, 1.344365969413e-04
 1.500000000000e+01, 1.430000000000e+00, 1.010000000000e+00, 8.615561555860e-02, 1.751069842309e-04
 1.500000000000e+01, 1.430000000000e+00, 1.080000000000e+00, 8.659396957392e-02, 1.503405622951e-04
 1.500000000000e+01, 1.430000000000e+00, 1.150000000000e+00, 8.750816898593e-02, 1.593162271380e-04
 1.500000000000e+01, 1.430000000000e+00, 1.220000000000e+00, 8.829076402451e-02, 1.477669958435e-04
 1.500000000000e+01, 1.430000000000e+00, 1.290000000000e+00, 8.910232673580e-02, 1.501335631568e-04
 1.500000000000e+01, 1.430000000000e+00, 1.360000000000e+00, 9.007119066430e-02, 1.565427534169e-04
 1.500000000000e+01, 1.430000000000e+00, 1.430000000000e+00, 9.117144009954e-02, 1.428935786112e-04
 1.530000000000e+01, 8.000000000000e-01, 8.000000000000e-01, 1.931111780086e-01, 5.299442587647e-03
 1.530000000000e+01, 8.000000000000e-01, 8.700000000000e-01, 1.751539889758e-01, 4.786267784356e-03
 1.530000000000e+01, 8.000000000000e-01, 9.400000000000e-01, 1.663121499972e-01, 4.216602523708e-03
 1.530000000000e+01, 8.000000000000e-01, 1.010000000000e+00, 1.658996028361e-01, 3.512960591359e-03
 1.530000000000e+01, 8.000000000000e-01, 1.080000000000e+00, 1.798693793935e-01, 4.625026316625e-03
 1.530000000000e+01, 8.000000000000e-01, 1.150000000000e+00, 1.737762184709e-01, 4.250312815697e-03
 1.530000000000e+01, 8.000000000000e-01, 1.220000000000e+00, 1.842828394420e-01, 5.536301348848e-03
 1.530000000000e+01, 8.000000000000e-01, 1.290000000000e+00, 1.778741146849e-01, 4.178471395996e-03
 1.530000000000e+01, 8.000000000000e-01, 1.360000000000e+00, 1.842130932022e-01, 7.945928559640e-03
 1.530000000000e+01, 8.000000000000e-01, 1.430000000000e+00, 1.814507814844e-01, 6.079205049258e-03
 1.530000000000e+01, 8.700000000000e-01, 8.000000000000e-01, 1.192084866078e-01, 1.347706428785e-03
 1.530000000000e+01, 8.700000000000e-01, 8.700000000000e-01, 1.188795624835e-01, 2.784173657925e-03
 1.530000000000e+01, 8.700000000000e-01, 9.400000000000e-01, 1.129948979428e-01, 1.811251807160e-03
 1.530000000000e+01, 8.700000000000e-01, 1.010000000000e+00, 1.159260001921e-01, 1.873327105469e-03
 1.530000000000e+01, 8.700000000000e-01, 1.080000000000e+00, 1.125679365131e-01, 1.949249655861e-03
 1.530000000000e+01, 8.700000000000e-01, 1.150000000000e+00, 1.137609699957e-01, 1.664213471439e-03
 1.530000000000e+01, 8.700000000000e-01, 1.220000000000e+00, 1.138742589071e-01, 1.772611440639e-03
 1.530000000000e+01, 8.700000000000e-01, 1.290000000000e+00, 1.167442696732e-01, 1.749363185354e-03
 1.530000000000e+01, 8.700000000000e-01, 1.360000000000e+00, 1.186940232751e-01, 1.773244620882e-03
 1.530000000000e+01, 8.700000000000e-01, 1.430000000000e+00, 1.234213480201e-01, 2.311337074859e-03
 1.530000000000e+01, 9.400000000000e-01, 8.000000000000e-01, 9.843231261964e-02, 7.060173145531e-04
 1.530000000000e+01, 9.400000000000e-01, 8.700000000000e-01, 9.228659952934e-02, 7.198385477786e-04
 1.530000000000e+01, 9.400000000000e-01, 9.400000000000e-01, 9.005172383420e-02, 6.614773650846e-04
 1.530000000000e+01, 9.400000000000e-01, 1.010000000000e+00, 8.918718366126e-02, 6.393297811801e-04
 1.530000000000e+01, 9.400000000000e-01, 1.080000000000e+00, 8.994111515798e-02, 6.044053405361e-04
 1.530000000000e+01, 9.400000000000e-01, 1.150000000000e+00, 9.138905270120e-02, 7.425515683767e-04
 1.530000000000e+01, 9.400000000000e-01, 1.220000000000e+00, 9.246569154002e-02, 1.066516931787e-03
 1.530000000000e+01, 9.400000000000e-01, 1.290000000000e+00, 9.239158021648e-02, 6.387269098601e-04
 1.530000000000e+01, 9.400000000000e-01, 1.360000000000e+00, 9.392189845364e-02, 9.573708586461e-04
 1.530000000000e+01, 9.400000000000e-01, 1.430000000000e+00, 9.451750279322e-02, 6.361172939977e-04
 1.530000000000e+01, 1.010000000000e+00, 8.000000000000e-01, 8.871278124235e-02, 3.102436575716e-04
 1.530000000000e+01, 1.010000000000e+00, 8.700000000000e-01, 8.325863212102e-02, 2.895406111476e-04
 1.530000000000e+01, 1.010000000000e+00, 9.400000000000e-01, 8.114612792851e-02, 4.106412419508e-04
 1.530000000000e+01, 1.010000000000e+00, 1.010000000000e+00, 8.150057098470e-02, 2.372142703419e-04
 1.530000000000e+01, 1.010000000000e+00, 1.080000000000e+00, 8.156732861700e-02, 2.178613270820e-04
 1.530000000000e+01, 1.010000000000e+00, 1.150000000000e+00, 8.232586196785e-02, 2.743639339369e-04
 1.530000000000e+01, 1.010000000000e+00, 1.220000000000e+00, 8.353939984449e-02, 2.368404012984e-04
 1.530000000000e+01, 1.010000000000e+00, 1.290000000000e+00, 8.504989589072e-02, 3.007773838311e-04
 1.530000000000e+01, 1.010000000000e+00, 1.360000000000e+00, 8.536363835301e-02, 2.856424044845e-04
 1.530000000000e+01, 1.010000000000e+00, 1.430000000000e+00, 8.563752231917e-02, 2.269021406143e-04
 1.530000000000e+01, 1.080000000000e+00, 8.000000000000e-01, 8.599983320312e-02, 2.335975679166e-04
 1.530000000000e+01, 1.080000000000e+00, 8.700000000000e-01, 8.085893824747e-02, 1.003249456881e-04
 1.530000000000e+01, 1.080000000000e+00, 9.400000000000e-01, 7.909103119020e-02, 1.194124121461e-04
 1.530000000000e+01, 1.080000000000e+00, 1.010000000000e+00, 7.926091039704e-02, 1.160876696361e-04
 1.530000000000e+01, 1.080000000000e+00, 1.080000000000e+00, 7.973648597762e-02, 1.064256141910e-04
 1.530000000000e+01, 1.080000000000e+00, 1.150000000000e+00, 8.048495585380e-02, 1.487198280420e-04
 1.530000000000e+01, 1.080000000000e+00, 1.220000000000e+00, 8.153274164945e-02, 1.208032263267e-04
 1.530000000000e+01, 1.080000000000e+00, 1.290000000000e+00, 8.226634044133e-02, 1.228105172889e-04
 1.530000000000e+01, 1.080000000000e+00, 1.360000000000e+00, 8.292323988707e-02, 1.431635545026e-04
 1.530000000000e+01, 1.080000000000e+00, 1.430000000000e+00, 8.426504676557e-02, 1.234597892091e-04
 1.530000000000e+01, 1.150000000000e+00, 8.000000000000e-01, 8.685297189068e-02, 2.345074205464e-04
 1.530000000000e+01, 1.150000000000e+00, 8.700000000000e-01, 8.126908472564e-02, 8.048610345977e-05
 1.530000000000e+01, 1.150000000000e+00, 9.400000000000e-01, 7.967806764470e-02, 8.294570862990e-05
 1.530000000000e+01, 1.150000000000e+00, 1.010000000000e+00, 7.943509053259e-02, 1.578561101819e-04
 1.530000000000e+01, 1.150000000000e+00, 1.080000000000e+00, 7.997006997678e-02, 1.174146227664e-04
 1.530000000000e+01, 1.150000000000e+00, 1.150000000000e+00, 8.079429143979e-02, 1.272566381661e-04
 1.530000000000e+01, 1.150000000000e+00, 1.220000000000e+00, 8.189611215837e-02, 1.121853972177e-04
 1.530000000000e+01, 1.150000000000e+00, 1.290000000000e+00, 8.258514127843e-02, 1.273065702415e-04
 1.530000000000e+01, 1.150000000000e+00, 1.360000000000e+00, 8.359313159294e-02, 1.189094258422e-04
 1.530000000000e+01, 1.150000000000e+00, 1.430000000000e+00, 8.445247949832e-02, 1.175842887873e-04
 1.530000000000e+01, 1.220000000000e+00, 8.000000000000e-01, 8.799067346026e-02, 2.401835438503e-04
 1.530000000000e+01, 1.220000000000e+00, 8.700000000000e-01, 8.270812917357e-02, 9.270598125820e-05
 1.530000000000e+01, 1.220000000000e+00, 9.400000000000e-01, 8.106096963699e-02, 9.380532952964e-05
 1.530000000000e+01, 1.220000000000e+00, 1.010000000000e+00, 8.082965507853e-02, 1.209325374318e-04
 1.530000000000e+01, 1.220000000000e+00, 1.080000000000e+00, 8.145423907161e-02, 1.478201582122e-04
 1.530000000000e+01, 1.220000000000e+00, 1.150000000000e+00, 8.194793243428e-02, 1.438503834545e-04
 1.530000000000e+01, 1.220000000000e+00, 1.220000000000e+00, 8.289527922438e-02, 1.900171898111e-04
 1.530000000000e+01, 1.220000000000e+00, 1.290000000000e+00, 8.398749938357e-02, 1.520017252886e-04
 1.530000000000e+01, 1.220000000000e+00, 1.360000000000e+00, 8.483884841954e-02, 1.563178126213e-04
 1.530000000000e+01, 1.220000000000e+00, 1.430000000000e+00, 8.558615876622e-02, 1.413021545001e-04
 1.530000000000e+01, 1.290000000000e+00, 8.000000000000e-01, 8.974248734500e-02, 2.528244459518e-04
 1.530000000000e+01, 1.290000000000e+00, 8.700000000000e-01, 8.431862385832e-02, 1.003351811507e-04
 1.530000000000e+01, 1.290000000000e+00, 9.400000000000e-01, 8.284740521213e-02, 1.064953883006e-04
 1.530000000000e+01, 1.290000000000e+00, 1.010000000000e+00, 8.274459754098e-02, 1.155401412632e-04
 1.530000000000e+01, 1.290000000000e+00, 1.080000000000e+00, 8.324488220605e-02, 1.247290872142e-04
 1.530000000000e+01, 1.290000000000e+00, 1.150000000000e+00, 8.379636307660e-02, 1.408896567650e-04
 1.530000000000e+01, 1.290000000000e+00, 1.220000000000e+00, 8.470223224861e-02, 1.435730760834e-04
 1.530000000000e+01, 1.290000000000e+00, 1.290000000000e+00, 8.553850217787e-02, 1.413402848010e-04
 1.530000000000e+01, 1.290000000000e+00, 1.360000000000e+00, 8.644652977672e-02, 1.386253898652e-04
 1.530000000000e+01, 1.290000000000e+00, 1.430000000000e+00, 8.766189689799e-02, 1.294228539266e-04
 1.530000000000e+01, 1.360000000000e+00, 8.000000000000e-01, 9.124535817504e-02, 2.519427109884e-04
 1.530000000000e+01, 1.360000000000e+00, 8.700000000000e-01, 8.606709019085e-02, 1.050230029525e-04
 1.530000000000e+01, 1.360000000000e+00, 9.400000000000e-01, 8.446507267860e-02, 1.065045669678e-04
 1.530000000000e+01, 1.360000000000e+00, 1.010000000000e+00, 8.401820919370e-02, 1.439630654661e-04
 1.530000000000e+01, 1.360000000000e+00, 1.080000000000e+00, 8.490129119690e-02, 1.229631761691e-04
 1.530000000000e+01, 1.360000000000e+00, 1.150000000000e+00, 8.550507275371e-02, 1.573533413433e-04
 1.530000000000e+01, 1.360000000000e+00, 1.220000000000e+00, 8.668782775561e-02, 1.291048077138e-04
 1.530000000000e+01, 1.360000000000e+00, 1.290000000000e+00, 8.750458003291e-02, 1.337473297341e-04
 1.530000000000e+01, 1.360000000000e+00, 1.360000000000e+00, 8.834151357140e-02, 1.321141546328e-04
 1.530000000000e+01, 1.360000000000e+00, 1.430000000000e+00, 8.904654265312e-02, 1.453179212663e-04
 1.530000000000e+01, 1.430000000000e+00, 8.000000000000e-01, 9.234717170256e-02, 2.229308870908e-04
 1.530000000000e+01, 1.430000000000e+00, 8.700000000000e-01, 8.753779808796e-02, 1.088885839891e-04
 1.530000000000e+01, 1.430000000000e+00, 9.400000000000e-01, 8.588700361649e-02, 1.193016340328e-04
 1.530000000000e+01, 1.430000000000e+00, 1.010000000000e+00, 8.583558087862e-02, 1.280822417811e-04
 1.530000000000e+01, 1.430000000000e+00, 1.080000000000e+00, 8.637275620966e-02, 1.411823615281e-04
 1.530000000000e+01, 1.430000000000e+00, 1.150000000000e+00, 8.725758192870e-02, 1.317490383841e-04
 1.530000000000e+01, 1.430000000000e+00, 1.220000000000e+00, 8.818862847792e-02, 1.463486388011e-04
 1.530000000000e+01, 1.430000000000e+00, 1.290000000000e+00, 8.871718400285e-02, 1.423497832456e-04
 1.530000000000e+01, 1.430000000000e+00, 1.360000000000e+00, 8.973637450588e-02, 1.527606292563e-04
 1.530000000000e+01, 1.430000000000e+00, 1.430000000000e+00, 9.032819999650e-02, 1.604273036222e-04
 1.560000000000e+01, 8.000000000000e-01, 8.000000000000e-01, 1.852070738281e-01, 4.497134193975e-03
 1.560000000000e+01, 8.000000000000e-01, 8.700000000000e-01, 1.778945946818e-01, 5.527116936883e-03
 1.560000000000e+01, 8.000000000000e-01, 9.400000000000e-01, 1.765220583612e-01, 4.376321803956e-03
 1.560000000000e+01, 8.000000000000e-01, 1.010000000000e+00, 1.677272990244e-01, 3.826244992698e-03
 1.560000000000e+01, 8.000000000000e-01, 1.080000000000e+00, 1.724190462239e-01, 4.295145881511e-03
 1.560000000000e+01, 8.000000000000e-01, 1.150000000000e+00, 1.705460452572e-01, 4.174807087059e-03
 1.560000000000e+01, 8.000000000000e-01, 1.220000000000e+00, 1.755281510300e-01, 3.930549680978e-03
 1.560000000000e+01, 8.000000000000e-01, 1.290000000000e+00, 1.809966067690e-01, 6.986308874541e-03
 1.560000000000e+01, 8.000000000000e-01, 1.360000000000e+00, 1.875216234620e-01, 5.122180711924e-03
 1.560000000000e+01, 8.000000000000e-01, 1.430000000000e+00, 1.739755288929e-01, 4.377087162360e-03
 1.560000000000e+01, 8.700000000000e-01, 8.000000000000e-01, 1.203663281780e-01, 1.452861008055e-03
 1.560000000000e+01, 8.700000000000e-01, 8.700000000000e-01, 1.142959512446e-01, 1.784372297040e-03
 1.560000000000e+01, 8.700000000000e-01, 9.400000000000e-01, 1.113019627186e-01, 1.565529854072e-03
 1.560000000000e+01, 8.700000000000e-01, 1.010000000000e+00, 1.125520859436e-01, 1.781573552261e-03
 1.560000000000e+01, 8.700000000000e-01, 1.080000000000e+00, 1.122958378803e-01, 1.895709083285e-03
 1.560000000000e+01, 8.700000000000e-01, 1.150000000000e+00, 1.103159657639e-01, 1.472774031089e-03
 1.560000000000e+01, 8.700000000000e-01, 1.220000000000e+00, 1.128945121067e-01, 2.192634228572e-03
 1.560000000000e+01, 8.700000000000e-01, 1.290000000000e+00, 1.178331037615e-01, 2.026485996942e-03
 1.560000000000e+01, 8.700000000000e-01, 1.360000000000e+00, 1.165860605536e-01, 1.680144558462e-03
 1.560000000000e+01, 8.700000000000e-01, 1.430000000000e+00, 1.203316080911e-01, 1.903237466592e-03
 1.560000000000e+01, 9.400000000000e-01, 8.000000000000e-01, 9.593628892670e-02, 6.886798038357e-04
 1.560000000000e+01, 9.400000000000e-01, 8.700000000000e-01, 9.135850102940e-02, 6.837787743450e-04
 1.560000000000e+01, 9.400000000000e-01, 9.400000000000e-01, 8.779013284449e-02, 4.994123403143e-04
 1.560000000000e+01, 9.400000000000e-01, 1.010000000000e+00, 8.987222233353e-02, 7.084415443358e-04
 1.560000000000e+01, 9.400000000000e-01, 1.080000000000e+00, 8.961072740994e-02, 6.708227602660e-04
 1.560000000000e+01, 9.400000000000e-01, 1.150000000000e+00, 9.126400373201e-02, 7.664199006607e-04
 1.560000000000e+01, 9.400000000000e-01, 1.220000000000e+00, 9.194295952046e-02, 6.859040394364e-04
 1.560000000000e+01, 9.400000000000e-01, 1.290000000000e+00, 9.306620407946e-02, 1.206462889127e-03
 1.560000000000e+01, 9.400000000000e-01, 1.360000000000e+00, 9.252294228032e-02, 6.910096977888e-04
 1.560000000000e+01, 9.400000000000e-01, 1.430000000000e+00, 9.418954316849e-02, 7.766877915518e-04
 1.560000000000e+01, 1.010000000000e+00, 8.000000000000e-01, 8.876789124911e-02, 3.537847577646e-04
 1.560000000000e+01, 1.010000000000e+00, 8.700000000000e-01, 8.276880018693e-02, 2.067496155670e-04
 1.560000000000e+01, 1.010000000000e+00, 9.400000000000e-01, 8.097390011784e-02, 2.234483863927e-04
 1.560000000000e+01, 1.010000000000e+00, 1.010000000000e+00, 8.107856234573e-02, 2.445851424593e-04
 1.560000000000e+01, 1.010000000000e+00, 1.080000000000e+00, 8.163654882005e-02, 2.464637107397e-04
 1.560000000000e+01, 1.010000000000e+00, 1.150000000000e+00, 8.207339815287e-02, 4.762399114806e-04
 1.560000000000e+01, 1.010000000000e+00, 1.220000000000e+00, 8.329755444969e-02, 2.661875865475e-04
 1.560000000000e+01, 1.010000000000e+00, 1.290000000000e+00, 8.433959337623e-02, 2.798897293210e-04
 1.560000000000e+01, 1.010000000000e+00, 1.360000000000e+00, 8.510214411386e-02, 2.699370830516e-04
 1.560000000000e+01, 1.010000000000e+00, 1.430000000000e+00, 8.570488344335e-02, 2.606639907591e-04
 1.560000000000e+01, 1.080000000000e+00, 8.000000000000e-01, 8.602746650325e-02, 2.521776204123e-04
 1.560000000000e+01, 1.080000000000e+00, 8.700000000000e-01, 8.074444996625e-02, 9.502643581157e-05
 1.560000000000e+01, 1.080000000000e+00, 9.400000000000e-01, 7.906380577166e-02, 1.053814950060e-04
 1.560000000000e+01, 1.080000000000e+00, 1.010000000000e+00, 7.917466102310e-02, 1.057419600676e-04
 1.560000000000e+01, 1.080000000000e+00, 1.080000000000e+00, 7.952744792844e-02, 1.202104928817e-04
 1.560000000000e+01, 1.080000000000e+00, 1.150000000000e+00, 8.043909341186e-02, 1.223591045633e-04
 1.560000000000e+01, 1.080000000000e+00, 1.220000000000e+00, 8.113590056316e-02, 1.262960455137e-04
 1.560000000000e+01, 1.080000000000e+00, 1.290000000000e+00, 8.236439885313e-02, 1.170343668422e-04
 1.560000000000e+01, 1.080000000000e+00, 1.360000000000e+00, 8.275756932129e-02, 1.350601229962e-04
 1.560000000000e+01, 1.080000000000e+00, 1.430000000000e+00, 8.399389432087e-02, 1.214065388568e-04
 1.560000000000e+01, 1.150000000000e+00, 8.000000000000e-01, 8.667510966114e-02, 2.545787389561e-04
 1.560000000000e+01, 1.150000000000e+00, 8.700000000000e-01, 8.111591233463e-02, 7.855737752887e-05
 1.560000000000e+01, 1.150000000000e+00, 9.400000000000e-01, 7.954433136777e-02, 8.329422333625e-05
 1.560000000000e+01, 1.150000000000e+00, 1.010000000000e+00, 7.939956558221e-02, 9.767235050420e-05
 1.560000000000e+01, 1.150000000000e+00, 1.080000000000e+00, 7.993188302789e-02, 1.181613614247e-04
 1.560000000000e+01, 1.150000000000e+00, 1.150000000000e+00, 8.059924410826e-02, 1.140350334238e-04
 1.560000000000e+01, 1.150000000000e+00, 1.220000000000e+00, 8.153402674904e-02, 1.450998273882e-04
 1.560000000000e+01, 1.150000000000e+00, 1.290000000000e+00, 8.259479478445e-02, 1.067491287583e-04
 1.560000000000e+01, 1.150000000000e+00, 1.360000000000e+00, 8.299509937291e-02, 1.283207633281e-04
 1.560000000000e+01, 1.150000000000e+00, 1.430000000000e+00, 8.403318594240e-02, 1.111573579248e-04
 1.560000000000e+01, 1.220000000000e+00, 8.000000000000e-01, 8.756325006886e-02, 2.442823499142e-04
 1.560000000000e+01, 1.220000000000e+00, 8.700000000000e-01, 8.234791594110e-02, 9.393827668255e-05
 1.560000000000e+01, 1.220000000000e+00, 9.400000000000e-01, 8.060969565528e-02, 9.961030041020e-05
 1.560000000000e+01, 1.220000000000e+00, 1.010000000000e+00, 8.078085092053e-02, 1.201052104418e-04
 1.560000000000e+01, 1.220000000000e+00, 1.080000000000e+00, 8.129539682693e-02, 1.274832247163e-04
 1.560000000000e+01, 1.220000000000e+00, 1.150000000000e+00, 8.199599578812e-02, 1.685810604843e-04
 1.560000000000e+01, 1.220000000000e+00, 1.220000000000e+00, 8.308346338085e-02, 1.163501006416e-04
 1.560000000000e+01, 1.220000000000e+00, 1.290000000000e+00, 8.363242885240e-02, 1.309478110600e-04
 1.560000000000e+01, 1.220000000000e+00, 1.360000000000e+00, 8.446967653151e-02, 1.231321504305e-04
 1.560000000000e+01, 1.220000000000e+00, 1.430000000000e+00, 8.551768553042e-02, 1.191746822637e-04
 1.560000000000e+01, 1.290000000000e+00, 8.000000000000e-01, 8.856118434532e-02, 2.331709837858e-04
 1.560000000000e+01, 1.290000000000e+00, 8.700000000000e-01, 8.384908478929e-02, 9.868824560253e-05
 1.560000000000e+01, 1.290000000000e+00, 9.400000000000e-01, 8.238443982371e-02, 1.030529508030e-04
 1.560000000000e+01, 1.290000000000e+00, 1.010000000000e+00, 8.255474132225e-02, 1.172708679144e-04
 1.560000000000e+01, 1.290000000000e+00, 1.080000000000e+00, 8.293113686068e-02, 1.325064679400e-04
 1.560000000000e+01, 1.290000000000e+00, 1.150000000000e+00, 8.357738633053e-02, 1.468382302720e-04
 1.560000000000e+01, 1.290000000000e+00, 1.220000000000e+00, 8.415842070352e-02, 1.865662369701e-04
 1.560000000000e+01, 1.290000000000e+00, 1.290000000000e+00, 8.541896198754e-02, 1.264437418224e-04
 1.560000000000e+01, 1.290000000000e+00, 1.360000000000e+00, 8.607375172096e-02, 1.546120231854e-04
 1.560000000000e+01, 1.290000000000e+00, 1.430000000000e+00, 8.705838228682e-02, 1.277663143660e-04
 1.560000000000e+01, 1.360000000000e+00, 8.000000000000e-01, 9.066066939489e-02, 2.394398652152e-04
 1.560000000000e+01, 1.360000000000e+00, 8.700000000000e-01, 8.562892156102e-02, 9.809341555106e-05
 1.560000000000e+01, 1.360000000000e+00, 9.400000000000e-01, 8.406992373819e-02, 1.154304172848e-04
 1.560000000000e+01, 1.360000000000e+00, 1.010000000000e+00, 8.393111007899e-02, 1.219278008584e-04
 1.560000000000e+01, 1.360000000000e+00, 1.080000000000e+00, 8.461352032772e-02, 1.182024307167e-04
 1.560000000000e+01, 1.360000000000e+00, 1.150000000000e+00, 8.524803549344e-02, 1.391964960567e-04
 1.560000000000e+01, 1.360000000000e+00, 1.220000000000e+00, 8.617496217033e-02, 1.480275619006e-04
 1.560000000000e+01, 1.360000000000e+00, 1.290000000000e+00, 8.694033339478e-02, 1.413482187917e-04
 1.560000000000e+01, 1.360000000000e+00, 1.360000000000e+00, 8.752585134247e-02, 1.588181572036e-04
 1.560000000000e+01, 1.360000000000e+00, 1.430000000000e+00, 8.885793730492e-02, 1.242969319817e-04
 1.560000000000e+01, 1.430000000000e+00, 8.000000000000e-01, 9.250036029011e-02, 2.368820526339e-04
 1.560000000000e+01, 1.430000000000e+00, 8.700000000000e-01, 8.714340424488e-02, 1.009541664572e-04
 1.560000000000e+01, 1.430000000000e+00, 9.400000000000e-01, 8.535456489503e-02, 1.194929458410e-04
 1.560000000000e+01, 1.430000000000e+00, 1.010000000000e+00, 8.544906119997e-02, 1.390156227895e-04
 1.560000000000e+01, 1.430000000000e+00, 1.080000000000e+00, 8.592233217359e-02, 1.300091641092e-04
 1.560000000000e+01, 1.430000000000e+00, 1.150000000000e+00, 8.695458373806e-02, 1.181400254292e-04
 1.560000000000e+01, 1.430000000000e+00, 1.220000000000e+00, 8.782261675578e-02, 1.213831129381e-04
 1.560000000000e+01, 1.430000000000e+00, 1.290000000000e+00, 8.839014199973e-02, 1.487218606061e-04
 1.560000000000e+01, 1.430000000000e+00, 1.360000000000e+00, 8.932013546367e-02, 1.361102599745e-04
 1.560000000000e+01, 1.430000000000e+00, 1.430000000000e+00, 9.034356258411e-02, 1.307267111009e-04
 1.590000000000e+01, 8.000000000000e-01, 8.000000000000e-01, 1.797826717439e-01, 4.064008731782e-03
 1.590000000000e+01, 8.000000000000e-01, 8.700000000000e-01, 1.805872045360e-01, 6.783956733443e-03
 1.590000000000e+01, 8.000000000000e-01, 9.400000000000e-01, 1.682108753897e-01, 4.542394927805e-03
 1.590000000000e+01, 8.000000000000e-01, 1.010000000000e+00, 1.645093000008e-01, 3.776765868440e-03
 1.590000000000e+01, 8.000000000000e-01, 1.080000000000e+00, 1.746733977150e-01, 5.197364048156e-03
 1.590000000000e+01, 8.000000000000e-01, 1.150000000000e+00, 1.778229644235e-01, 5.130235650938e-03
 1.590000000000e+01, 8.000000000000e-01, 1.220000000000e+00, 1.741887212397e-01, 6.031884905681e-03
 1.590000000000e+01, 8.000000000000e-01, 1.290000000000e+00, 1.694882176356e-01, 4.169000767431e-03
 1.590000000000e+01, 8.000000000000e-01, 1.360000000000e+00, 1.714590356724e-01, 3.875041431032e-03
 1.590000000000e+01, 8.000000000000e-01, 1.430000000000e+00, 1.749742965801e-01, 4.448739138801e-03
 1.590000000000e+01, 8.700000000000e-01, 8.000000000000e-01, 1.175679269681e-01, 1.495693204625e-03
 1.590000000000e+01, 8.700000000000e-01, 8.700000000000e-01, 1.141552595377e-01, 1.802282799332e-03
 1.590000000000e+01, 8.700000000000e-01, 9.400000000000e-01, 1.122644365116e-01, 1.651754337798e-03
 1.590000000000e+01, 8.700000000000e-01, 1.010000000000e+00, 1.127907928531e-01, 1.836884193700e-03
 1.590000000000e+01, 8.700000000000e-01, 1.080000000000e+00, 1.131447618856e-01, 1.749678819468e-03
 1.590000000000e+01, 8.700000000000e-01, 1.150000000000e+00, 1.131391417424e-01, 1.748400945941e-03
 1.590000000000e+01, 8.700000000000e-01, 1.220000000000e+00, 1.116726154276e-01, 1.655654205754e-03
 1.590000000000e+01, 8.700000000000e-01, 1.290000000000e+00, 1.182248626097e-01, 2.340001898473e-03
 1.590000000000e+01, 8.700000000000e-01, 1.360000000000e+00, 1.151263007620e-01, 1.579268739470e-03
 1.590000000000e+01, 8.700000000000e-01, 1.430000000000e+00, 1.188825400225e-01, 1.995439416537e-03
 1.590000000000e+01, 9.400000000000e-01, 8.000000000000e-01, 9.527395101408e-02, 5.829980860234e-04
 1.590000000000e+01, 9.400000000000e-01, 8.700000000000e-01, 9.040410371944e-02, 5.603192413832e-04
 1.590000000000e+01, 9.400000000000e-01, 9.400000000000e-01, 8.890483006262e-02, 5.747823517958e-04
 1.590000000000e+01, 9.400000000000e-01, 1.010000000000e+00, 8.872771474532e-02, 6.952962519460e-04
 1.590000000000e+01, 9.400000000000e-01, 1.080000000000e+00, 9.016269198396e-02, 9.566784914569e-04
 1.590000000000e+01, 9.400000000000e-01, 1.150000000000e+00, 8.951505215659e-02, 5.732959255732e-04
 1.590000000000e+01, 9.400000000000e-01, 1.220000000000e+00, 9.060510962186e-02, 7.390508255378e-04
 1.590000000000e+01, 9.400000000000e-01, 1.290000000000e+00, 9.181843758916e-02, 6.784446531011e-04
 1.590000000000e+01, 9.400000000000e-01, 1.360000000000e+00, 9.174429910943e-02, 6.457189680340e-04
 1.590000000000e+01, 9.400000000000e-01, 1.430000000000e+00, 9.436237609614e-02, 7.393214405775e-04
 1.590000000000e+01, 1.010000000000e+00, 8.000000000000e-01, 8.838978432033e-02, 3.650628214066e-04
 1.590000000000e+01, 1.010000000000e+00, 8.700000000000e-01, 8.265247276720e-02, 2.733796193455e-04
 1.590000000000e+01, 1.010000000000e+00, 9.400000000000e-01, 8.135176050221e-02, 2.384147154571e-04
 1.590000000000e+01, 1.010000000000e+00, 1.010000000000e+00, 8.064688036053e-02, 2.045257567907e-04
 1.590000000000e+01, 1.010000000000e+00, 1.080000000000e+00, 8.164834307360e-02, 2.510146251593e-04
 1.590000000000e+01, 1.010000000000e+00, 1.150000000000e+00, 8.235015818881e-02, 2.332495778246e-04
 1.590000000000e+01, 1.010000000000e+00, 1.220000000000e+00, 8.266221860443e-02, 2.994781042654e-04
 1.590000000000e+01, 1.010000000000e+00, 1.290000000000e+00, 8.401201621560e-02, 2.549757751635e-04
 1.590000000000e+01, 1.010000000000e+00, 1.360000000000e+00, 8.459799509517e-02, 2.684548408772e-04
 1.590000000000e+01, 1.010000000000e+00, 1.430000000000e+00, 8.536463424000e-02, 2.654748440486e-04
 1.590000000000e+01, 1.080000000000e+00, 8.000000000000e-01, 8.574116022674e-02, 2.503784340306e-04
 1.590000000000e+01, 1.080000000000e+00, 8.700000000000e-01, 8.033993958436e-02, 1.013550303969e-04
 1.590000000000e+01, 1.080000000000e+00, 9.400000000000e-01, 7.910974183948e-02, 9.261389501038e-05
 1.590000000000e+01, 1.080000000000e+00, 1.010000000000e+00, 7.874824736053e-02, 1.490336984429e-04
 1.590000000000e+01, 1.080000000000e+00, 1.080000000000e+00, 7.951891586432e-02, 1.027469830911e-04
 1.590000000000e+01, 1.080000000000e+00, 1.150000000000e+00, 8.008828810632e-02, 1.184343425130e-04
 1.590000000000e+01, 1.080000000000e+00, 1.220000000000e+00, 8.104447424244e-02, 1.209023859686e-04
 1.590000000000e+01, 1.080000000000e+00, 1.290000000000e+00, 8.204202779526e-02, 1.255437913339e-04
 1.590000000000e+01, 1.080000000000e+00, 1.360000000000e+00, 8.266238793793e-02, 1.249678095331e-04
 1.590000000000e+01, 1.080000000000e+00, 1.430000000000e+00, 8.334876180471e-02, 1.514027649055e-04
 1.590000000000e+01, 1.150000000000e+00, 8.000000000000e-01, 8.593383485309e-02, 2.271499806616e-04
 1.590000000000e+01, 1.150000000000e+00, 8.700000000000e-01, 8.080729667081e-02, 7.717599041158e-05
 1.590000000000e+01, 1.150000000000e+00, 9.400000000000e-01, 7.933568148348e-02, 8.317387273061e-05
 1.590000000000e+01, 1.150000000000e+00, 1.010000000000e+00, 7.918946085206e-02, 1.020289789509e-04
 1.590000000000e+01, 1.150000000000e+00, 1.080000000000e+00, 7.998949353754e-02, 1.102820872960e-04
 1.590000000000e+01, 1.150000000000e+00, 1.150000000000e+00, 8.054835982892e-02, 1.181474394945e-04
 1.590000000000e+01, 1.150000000000e+00, 1.220000000000e+00, 8.115525946667e-02, 1.230173052269e-04
 1.590000000000e+01, 1.150000000000e+00, 1.290000000000e+00, 8.229193209478e-02, 1.020247470818e-04
 1.590000000000e+01, 1.150000000000e+00, 1.360000000000e+00, 8.313011998220e-02, 1.093669038234e-04
 1.590000000000e+01, 1.150000000000e+00, 1.430000000000e+00, 8.383223127931e-02, 1.147534432251e-04
 1.590000000000e+01, 1.220000000000e+00, 8.000000000000e-01, 8.718868979224e-02, 2.469226848618e-04
 1.590000000000e+01, 1.220000000000e+00, 8.700000000000e-01, 8.220729614487e-02, 9.045496525878e-05
 1.590000000000e+01, 1.220000000000e+00, 9.400000000000e-01, 8.070096530021e-02, 9.526103493092e-05
 1.590000000000e+01, 1.220000000000e+00, 1.010000000000e+00, 8.047416765943e-02, 1.218594873739e-04
 1.590000000000e+01, 1.220000000000e+00, 1.080000000000e+00, 8.107099154053e-02, 1.247293952960e-04
 1.590000000000e+01, 1.220000000000e+00, 1.150000000000e+00, 8.171694698360e-02, 1.326271028963e-04
 1.590000000000e+01, 1.220000000000e+00, 1.220000000000e+00, 8.274059473223e-02, 1.177011109252e-04
 1.590000000000e+01, 1.220000000000e+00, 1.290000000000e+00, 8.339027378953e-02, 1.330846644997e-04
 1.590000000000e+01, 1.220000000000e+00, 1.360000000000e+00, 8.411804463835e-02, 1.524751068253e-04
 1.590000000000e+01, 1.220000000000e+00, 1.430000000000e+00, 8.522390918792e-02, 1.145695191000e-04
 1.590000000000e+01, 1.290000000000e+00, 8.000000000000e-01, 8.910011256368e-02, 2.433461624245e-04
 1.590000000000e+01, 1.290000000000e+00, 8.700000000000e-01, 8.372852273690e-02, 9.667674018012e-05
 1.590000000000e+01, 1.290000000000e+00, 9.400000000000e-01, 8.210638899385e-02, 1.303449195533e-04
 1.590000000000e+01, 1.290000000000e+00, 1.010000000000e+00, 8.208669910088e-02, 1.190550787133e-04
 1.590000000000e+01, 1.290000000000e+00, 1.080000000000e+00, 8.282032491931e-02, 1.044679773617e-04
 1.590000000000e+01, 1.290000000000e+00, 1.150000000000e+00, 8.342916976399e-02, 1.210273854082e-04
 1.590000000000e+01, 1.290000000000e+00, 1.220000000000e+00, 8.417150789993e-02, 1.372873906278e-04
 1.590000000000e+01, 1.290000000000e+00, 1.290000000000e+00, 8.509103827647e-02, 1.257525478313e-04
 1.590000000000e+01, 1.290000000000e+00, 1.360000000000e+00, 8.584906996958e-02, 1.331192736190e-04
 1.590000000000e+01, 1.290000000000e+00, 1.430000000000e+00, 8.679644828127e-02, 1.190663934102e-04
 1.590000000000e+01, 1.360000000000e+00, 8.000000000000e-01, 9.019778428242e-02, 2.261378846810e-04
 1.590000000000e+01, 1.360000000000e+00, 8.700000000000e-01, 8.504772400794e-02, 1.094288870312e-04
 1.590000000000e+01, 1.360000000000e+00, 9.400000000000e-01, 8.377651316137e-02, 1.039343558990e-04
 1.590000000000e+01, 1.360000000000e+00, 1.010000000000e+00, 8.362780390928e-02, 1.302267130637e-04
 1.590000000000e+01, 1.360000000000e+00, 1.080000000000e+00, 8.431965037964e-02, 1.222543831903e-04
 1.590000000000e+01, 1.360000000000e+00, 1.150000000000e+00, 8.485412895569e-02, 1.257150687532e-04
 1.590000000000e+01, 1.360000000000e+00, 1.220000000000e+00, 8.574276242509e-02, 1.228877055551e-04
 1.590000000000e+01, 1.360000000000e+00, 1.290000000000e+00, 8.672139844671e-02, 1.365172977656e-04
 1.590000000000e+01, 1.360000000000e+00, 1.360000000000e+00, 8.733959373350e-02, 1.274380658450e-04
 1.590000000000e+01, 1.360000000000e+00, 1.430000000000e+00, 8.818786412396e-02, 1.586336898182e-04
 1.590000000000e+01, 1.430000000000e+00, 8.000000000000e-01, 9.151044766754e-02, 2.336591149204e-04
 1.590000000000e+01, 1.430000000000e+00, 8.700000000000e-01, 8.675174093700e-02, 1.011114188201e-04
 1.590000000000e+01, 1.430000000000e+00, 9.400000000000e-01, 8.515831134979e-02, 1.249596301291e-04
 1.590000000000e+01, 1.430000000000e+00, 1.010000000000e+00, 8.532708186183e-02, 1.064860337203e-04
 1.590000000000e+01, 1.430000000000e+00, 1.080000000000e+00, 8.551341026858e-02, 1.823277065009e-04
 1.590000000000e+01, 1.430000000000e+00, 1.150000000000e+00, 8.646272970869e-02, 1.706630033212e-04
 1.590000000000e+01, 1.430000000000e+00, 1.220000000000e+00, 8.693681271927e-02, 1.447308086009e-04
 1.590000000000e+01, 1.430000000000e+00, 1.290000000000e+00, 8.791835138497e-02, 1.525030258901e-04
 1.590000000000e+01, 1.430000000000e+00, 1.360000000000e+00, 8.895412374254e-02, 1.298489850277e-04
 1.590000000000e+01, 1.430000000000e+00, 1.430000000000e+00, 8.966486384521e-02, 1.300712896488e-04
 1.620000000000e+01, 8.000000000000e-01, 8.000000000000e-01, 1.727076672030e-01, 4.124543449549e-03
 1.620000000000e+01, 8.000000000000e-01, 8.700000000000e-01, 1.673145674363e-01, 4.635327924833e-03
 1.620000000000e+01, 8.000000000000e-01, 9.400000000000e-01, 1.703599850131e-01, 4.876963986361e-03
 1.620000000000e+01, 8.000000000000e-01, 1.010000000000e+00, 1.716993737396e-01, 4.606823940999e-03
 1.620000000000e+01, 8.000000000000e-01, 1.080000000000e+00, 1.689000182684e-01, 4.044406634988e-03
 1.620000000000e+01, 8.000000000000e-01, 1.150000000000e+00, 1.686594846855e-01, 4.608653907775e-03
 1.620000000000e+01, 8.000000000000e-01, 1.220000000000e+00, 1.644868545206e-01, 4.101885952237e-03
 1.620000000000e+01, 8.000000000000e-01, 1.290000000000e+00, 1.801197815067e-01, 6.628176566744e-03
 1.620000000000e+01, 8.000000000000e-01, 1.360000000000e+00, 1.721794312803e-01, 4.328395760156e-03
 1.620000000000e+01, 8.000000000000e-01, 1.430000000000e+00, 1.798409534020e-01, 5.090247220187e-03
 1.620000000000e+01, 8.700000000000e-01, 8.000000000000e-01, 1.182869427250e-01, 1.544706073426e-03
 1.620000000000e+01, 8.700000000000e-01, 8.700000000000e-01, 1.121331389204e-01, 1.449790947596e-03
 1.620000000000e+01, 8.700000000000e-01, 9.400000000000e-01, 1.117785474794e-01, 1.687065533189e-03
 1.620000000000e+01, 8.700000000000e-01, 1.010000000000e+00, 1.090400038532e-01, 1.576522449972e-03
 1.620000000000e+01, 8.700000000000e-01, 1.080000000000e+00, 1.122691481233e-01, 1.772121856530e-03
 1.620000000000e+01, 8.700000000000e-01, 1.150000000000e+00, 1.118518192902e-01, 2.125881559452e-03
 1.620000000000e+01, 8.700000000000e-01, 1.220000000000e+00, 1.144582163584e-01, 2.592348214016e-03
 1.620000000000e+01, 8.700000000000e-01, 1.290000000000e+00, 1.147594496877e-01, 1.576052198794e-03
 1.620000000000e+01, 8.700000000000e-01, 1.360000000000e+00, 1.150041956250e-01, 1.660816722333e-03
 1.620000000000e+01, 8.700000000000e-01, 1.430000000000e+00, 1.146838516268e-01, 1.551610570886e-03
 1.620000000000e+01, 9.400000000000e-01, 8.000000000000e-01, 9.468124436683e-02, 5.956861888320e-04
 1.620000000000e+01, 9.400000000000e-01, 8.700000000000e-01, 9.073046146109e-02, 6.766496805048e-04
 1.620000000000e+01, 9.400000000000e-01, 9.400000000000e-01, 8.769397299659e-02, 4.844279170031e-04
 1.620000000000e+01, 9.400000000000e-01, 1.010000000000e+00, 8.875116478302e-02, 7.357570857424e-04
 1.620000000000e+01, 9.400000000000e-01, 1.080000000000e+00, 8.858525544126e-02, 6.611622086018e-04
 1.620000000000e+01, 9.400000000000e-01, 1.150000000000e+00, 9.021632837382e-02, 6.747453155141e-04
 1.620000000000e+01, 9.400000000000e-01, 1.220000000000e+00, 8.983845582674e-02, 5.809828526882e-04
 1.620000000000e+01, 9.400000000000e-01, 1.290000000000e+00, 9.179564983818e-02, 7.199045925634e-04
 1.620000000000e+01, 9.400000000000e-01, 1.360000000000e+00, 9.289295667421e-02, 7.098539495630e-04
 1.620000000000e+01, 9.400000000000e-01, 1.430000000000e+00, 9.247224297682e-02, 5.648877355397e-04
 1.620000000000e+01, 1.010000000000e+00, 8.000000000000e-01, 8.739726948474e-02, 3.174726497861e-04
 1.620000000000e+01, 1.010000000000e+00, 8.700000000000e-01, 8.234118003178e-02, 2.445621751335e-04
 1.620000000000e+01, 1.010000000000e+00, 9.400000000000e-01, 8.057272221958e-02, 2.181071668200e-04
 1.620000000000e+01, 1.010000000000e+00, 1.010000000000e+00, 8.060547044258e-02, 2.035111282069e-04
 1.620000000000e+01, 1.010000000000e+00, 1.080000000000e+00, 8.140365922662e-02, 2.307744127431e-04
 1.620000000000e+01, 1.010000000000e+00, 1.150000000000e+00, 8.240996972885e-02, 3.048476246304e-04
 1.620000000000e+01, 1.010000000000e+00, 1.220000000000e+00, 8.251208925233e-02, 2.267850982804e-04
 1.620000000000e+01, 1.010000000000e+00, 1.290000000000e+00, 8.382439605511e-02, 2.456992392558e-04
 1.620000000000e+01, 1.010000000000e+00, 1.360000000000e+00, 8.436061617265e-02, 3.493375343207e-04
 1.620000000000e+01, 1.010000000000e+00, 1.430000000000e+00, 8.528774826065e-02, 2.424785422195e-04
 1.620000000000e+01, 1.080000000000e+00, 8.000000000000e-01, 8.527741370077e-02, 2.259334934104e-04
 1.620000000000e+01, 1.080000000000e+00, 8.700000000000e-01, 8.033335723523e-02, 9.080817504010e-05
 1.620000000000e+01, 1.080000000000e+00, 9.400000000000e-01, 7.890938058436e-02, 1.072113814671e-04
 1.620000000000e+01, 1.080000000000e+00, 1.010000000000e+00, 7.877427058124e-02, 1.179083369899e-04
 1.620000000000e+01, 1.080000000000e+00, 1.080000000000e+00, 7.939120739494e-02, 9.795317407987e-05
 1.620000000000e+01, 1.080000000000e+00, 1.150000000000e+00, 7.987880091521e-02, 1.125820182162e-04
 1.620000000000e+01, 1.080000000000e+00, 1.220000000000e+00, 8.077846296299e-02, 1.171406784236e-04
 1.620000000000e+01, 1.080000000000e+00, 1.290000000000e+00, 8.167520090590e-02, 1.155959696754e-04
 1.620000000000e+01, 1.080000000000e+00, 1.360000000000e+00, 8.258035994982e-02, 1.241434807460e-04
 1.620000000000e+01, 1.080000000000e+00, 1.430000000000e+00, 8.332676882545e-02, 1.298558354568e-04
 1.620000000000e+01, 1.150000000000e+00, 8.000000000000e-01, 8.570029201943e-02, 2.203787911777e-04
 1.620000000000e+01, 1.150000000000e+00, 8.700000000000e-01, 8.076249421930e-02, 7.672533786778e-05
 1.620000000000e+01, 1.150000000000e+00, 9.400000000000e-01, 7.924247735186e-02, 7.175668259142e-05
 1.620000000000e+01, 1.150000000000e+00, 1.010000000000e+00, 7.889419077735e-02, 1.168386383462e-04
 1.620000000000e+01, 1.150000000000e+00, 1.080000000000e+00, 7.960496620184e-02, 1.162543691641e-04
 1.620000000000e+01, 1.150000000000e+00, 1.150000000000e+00, 8.036913611523e-02, 1.053679179578e-04
 1.620000000000e+01, 1.150000000000e+00, 1.220000000000e+00, 8.116502720837e-02, 1.223186422345e-04
 1.620000000000e+01, 1.150000000000e+00, 1.290000000000e+00, 8.206135459061e-02, 1.154599259171e-04
 1.620000000000e+01, 1.150000000000e+00, 1.360000000000e+00, 8.283722217024e-02, 1.120249571558e-04
 1.620000000000e+01, 1.150000000000e+00, 1.430000000000e+00, 8.381797419088e-02, 1.014252231381e-04
 1.620000000000e+01, 1.220000000000e+00, 8.000000000000e-01, 8.715910993033e-02, 2.260625630517e-04
 1.620000000000e+01, 1.220000000000e+00, 8.700000000000e-01, 8.201840254995e-02, 9.150390984260e-05
 1.620000000000e+01, 1.220000000000e+00, 9.400000000000e-01, 8.025110087086e-02, 1.296399956848e-04
 1.620000000000e+01, 1.220000000000e+00, 1.010000000000e+00, 8.049431454016e-02, 1.191435882811e-04
 1.620000000000e+01, 1.220000000000e+00, 1.080000000000e+00, 8.077424825865e-02, 1.474603219432e-04
 1.620000000000e+01, 1.220000000000e+00, 1.150000000000e+00, 8.164699595054e-02, 1.718669333578e-04
 1.620000000000e+01, 1.220000000000e+00, 1.220000000000e+00, 8.244740339702e-02, 1.149268154836e-04
 1.620000000000e+01, 1.220000000000e+00, 1.290000000000e+00, 8.321217110234e-02, 1.177406303561e-04
 1.620000000000e+01, 1.220000000000e+00, 1.360000000000e+00, 8.411960043688e-02, 1.207056720046e-04
 1.620000000000e+01, 1.220000000000e+00, 1.430000000000e+00, 8.475103262722e-02, 1.210241068148e-04
 1.620000000000e+01, 1.290000000000e+00, 8.000000000000e-01, 8.860479941259e-02, 2.466848926437e-04
 1.620000000000e+01, 1.290000000000e+00, 8.700000000000e-01, 8.350387114256e-02, 9.801489052121e-05
 1.620000000000e+01, 1.290000000000e+00, 9.400000000000e-01, 8.191732643239e-02, 1.131376416299e-04
 1.620000000000e+01, 1.290000000000e+00, 1.010000000000e+00, 8.185408248071e-02, 1.275733788794e-04
 1.620000000000e+01, 1.290000000000e+00, 1.080000000000e+00, 8.255758271051e-02, 1.162327269679e-04
 1.620000000000e+01, 1.290000000000e+00, 1.150000000000e+00, 8.320301095969e-02, 1.275987526739e-04
 1.620000000000e+01, 1.290000000000e+00, 1.220000000000e+00, 8.364156757359e-02, 1.756859001795e-04
 1.620000000000e+01, 1.290000000000e+00, 1.290000000000e+00, 8.470208224800e-02, 1.359516958988e-04
 1.620000000000e+01, 1.290000000000e+00, 1.360000000000e+00, 8.567917825936e-02, 1.182125478106e-04
 1.620000000000e+01, 1.290000000000e+00, 1.430000000000e+00, 8.628080456999e-02, 1.253176767485e-04
 1.620000000000e+01, 1.360000000000e+00, 8.000000000000e-01, 8.984191481089e-02, 2.322700631043e-04
 1.620000000000e+01, 1.360000000000e+00, 8.700000000000e-01, 8.490707284794e-02, 9.738318289410e-05
 1.620000000000e+01, 1.360000000000e+00, 9.400000000000e-01, 8.351867001841e-02, 1.030638201736e-04
 1.620000000000e+01, 1.360000000000e+00, 1.010000000000e+00, 8.360104145682e-02, 1.149706700527e-04
 1.620000000000e+01, 1.360000000000e+00, 1.080000000000e+00, 8.393055742309e-02, 1.276942674717e-04
 1.620000000000e+01, 1.360000000000e+00, 1.150000000000e+00, 8.487745669877e-02, 1.164313474497e-04
 1.620000000000e+01, 1.360000000000e+00, 1.220000000000e+00, 8.535069722071e-02, 1.741491696872e-04
 1.620000000000e+01, 1.360000000000e+00, 1.290000000000e+00, 8.635097458929e-02, 1.360138376173e-04
 1.620000000000e+01, 1.360000000000e+00, 1.360000000000e+00, 8.714792499147e-02, 1.413691706859e-04
 1.620000000000e+01, 1.360000000000e+00, 1.430000000000e+00, 8.823366269196e-02, 1.213561543579e-04
 1.620000000000e+01, 1.430000000000e+00, 8.000000000000e-01, 9.187987853905e-02, 2.674086117597e-04
 1.620000000000e+01, 1.430000000000e+00, 8.700000000000e-01, 8.616493183845e-02, 1.053435882186e-04
 1.620000000000e+01, 1.430000000000e+00, 9.400000000000e-01, 8.499295598915e-02, 1.029417868542e-04
 1.620000000000e+01, 1.430000000000e+00, 1.010000000000e+00, 8.505752721193e-02, 1.066199917950e-04
 1.620000000000e+01, 1.430000000000e+00, 1.080000000000e+00, 8.548534823450e-02, 1.255318416262e-04
 1.620000000000e+01, 1.430000000000e+00, 1.150000000000e+00, 8.620996686056e-02, 1.236750704089e-04
 1.620000000000e+01, 1.430000000000e+00, 1.220000000000e+00, 8.663254213064e-02, 1.443110868300e-04
 1.620000000000e+01, 1.430000000000e+00, 1.290000000000e+00, 8.774823330594e-02, 1.414022690381e-04
 1.620000000000e+01, 1.430000000000e+00, 1.360000000000e+00, 8.871144279738e-02, 1.352393344113e-04
 1.620000000000e+01, 1.430000000000e+00, 1.430000000000e+00, 8.956838419506e-02, 1.231175543420e-04
 1.650000000000e+01, 8.000000000000e-01, 8.000000000000e-01, 1.713217641631e-01, 3.419889561032e-03
 1.650000000000e+01, 8.000000000000e-01, 8.700000000000e-01, 1.606735981360e-01, 3.546929228905e-03
 1.650000000000e+01, 8.000000000000e-01, 9.400000000000e-01, 1.754743929721e-01, 6.907538066438e-03
 1.650000000000e+01, 8.000000000000e-01, 1.010000000000e+00, 1.655074031654e-01, 4.489977541448e-03
 1.650000000000e+01, 8.000000000000e-01, 1.080000000000e+00, 1.690362792155e-01, 4.207606154441e-03
 1.650000000000e+01, 8.000000000000e-01, 1.150000000000e+00, 1.578310527576e-01, 3.627957533799e-03
 1.650000000000e+01, 8.000000000000e-01, 1.220000000000e+00, 1.642777265628e-01, 4.135016642479e-03
 1.650000000000e+01, 8.000000000000e-01, 1.290000000000e+00, 1.682611774909e-01, 4.349955298884e-03
 1.650000000000e+01, 8.000000000000e-01, 1.360000000000e+00, 1.702759119004e-01, 4.668537588545e-03
 1.650000000000e+01, 8.000000000000e-01, 1.430000000000e+00, 1.701063273233e-01, 3.933689220841e-03
 1.650000000000e+01, 8.700000000000e-01, 8.000000000000e-01, 1.151852584349e-01, 1.688865208740e-03
 1.650000000000e+01, 8.700000000000e-01, 8.700000000000e-01, 1.102129014280e-01, 1.436822829543e-03
 1.650000000000e+01, 8.700000000000e-01, 9.400000000000e-01, 1.087165951840e-01, 1.550375379991e-03
 1.650000000000e+01, 8.700000000000e-01, 1.010000000000e+00, 1.092139990309e-01, 1.495564580780e-03
 1.650000000000e+01, 8.700000000000e-01, 1.080000000000e+00, 1.078725949125e-01, 1.481126202110e-03
 1.650000000000e+01, 8.700000000000e-01, 1.150000000000e+00, 1.109101206205e-01, 1.923105105522e-03
 1.650000000000e+01, 8.700000000000e-01, 1.220000000000e+00, 1.110269788101e-01, 1.667224040373e-03
 1.650000000000e+01, 8.700000000000e-01, 1.290000000000e+00, 1.101904978070e-01, 1.487210089385e-03
 1.650000000000e+01, 8.700000000000e-01, 1.360000000000e+00, 1.124338131011e-01, 1.623928807624e-03
 1.650000000000e+01, 8.700000000000e-01, 1.430000000000e+00, 1.120821923629e-01, 1.521211927686e-03
 1.650000000000e+01, 9.400000000000e-01, 8.000000000000e-01, 9.494694425055e-02, 6.415971860090e-04
 1.650000000000e+01, 9.400000000000e-01, 8.700000000000e-01, 8.984246063129e-02, 5.674993724783e-04
 1.650000000000e+01, 9.400000000000e-01, 9.400000000000e-01, 8.912352930816e-02, 1.101655909309e-03
 1.650000000000e+01, 9.400000000000e-01, 1.010000000000e+00, 8.913995489839e-02, 6.142374535273e-04
 1.650000000000e+01, 9.400000000000e-01, 1.080000000000e+00, 8.856626752092e-02, 6.236321765854e-04
 1.650000000000e+01, 9.400000000000e-01, 1.150000000000e+00, 9.003546308095e-02, 6.504463516574e-04
 1.650000000000e+01, 9.400000000000e-01, 1.220000000000e+00, 9.049098931365e-02, 1.005709677528e-03
 1.650000000000e+01, 9.400000000000e-01, 1.290000000000e+00, 8.972634105646e-02, 5.000426190018e-04
 1.650000000000e+01, 9.400000000000e-01, 1.360000000000e+00, 9.188600660464e-02, 6.399921288754e-04
 1.650000000000e+01, 9.400000000000e-01, 1.430000000000e+00, 9.234732171299e-02, 5.596630852423e-04
 1.650000000000e+01, 1.010000000000e+00, 8.000000000000e-01, 8.721074416068e-02, 3.069723571551e-04
 1.650000000000e+01, 1.010000000000e+00, 8.700000000000e-01, 8.203781459837e-02, 2.031743425953e-04
 1.650000000000e+01, 1.010000000000e+00, 9.400000000000e-01, 8.052090131139e-02, 2.265566144388e-04
 1.650000000000e+01, 1.010000000000e+00, 1.010000000000e+00, 8.047313961881e-02, 1.994707504696e-04
 1.650000000000e+01, 1.010000000000e+00, 1.080000000000e+00, 8.109160962898e-02, 2.168208218494e-04
 1.650000000000e+01, 1.010000000000e+00, 1.150000000000e+00, 8.230370211423e-02, 2.633767631805e-04
 1.650000000000e+01, 1.010000000000e+00, 1.220000000000e+00, 8.270618753171e-02, 2.708337279011e-04
 1.650000000000e+01, 1.010000000000e+00, 1.290000000000e+00, 8.367928128499e-02, 2.880942397740e-04
 1.650000000000e+01, 1.010000000000e+00, 1.360000000000e+00, 8.392422594119e-02, 2.325131793297e-04
 1.650000000000e+01, 1.010000000000e+00, 1.430000000000e+00, 8.518490289680e-02, 2.443136886255e-04
 1.650000000000e+01, 1.080000000000e+00, 8.000000000000e-01, 8.544290713851e-02, 2.952857472658e-04
 1.650000000000e+01, 1.080000000000e+00, 8.700000000000e-01, 8.028261301424e-02, 8.842032634784e-05
 1.650000000000e+01, 1.080000000000e+00, 9.400000000000e-01, 7.876826272077e-02, 1.067290282636e-04
 1.650000000000e+01, 1.080000000000e+00, 1.010000000000e+00, 7.852082614728e-02, 1.819187332862e-04
 1.650000000000e+01, 1.080000000000e+00, 1.080000000000e+00, 7.935229594881e-02, 1.206699151417e-04
 1.650000000000e+01, 1.080000000000e+00, 1.150000000000e+00, 8.009666302026e-02, 1.019933879801e-04
 1.650000000000e+01, 1.080000000000e+00, 1.220000000000e+00, 8.064047347657e-02, 1.448662662863e-04
 1.650000000000e+01, 1.080000000000e+00, 1.290000000000e+00, 8.154479125381e-02, 1.124603607253e-04
 1.650000000000e+01, 1.080000000000e+00, 1.360000000000e+00, 8.226727390062e-02, 1.226176112204e-04
 1.650000000000e+01, 1.080000000000e+00, 1.430000000000e+00, 8.287927705095e-02, 1.606186573327e-04
 1.650000000000e+01, 1.150000000000e+00, 8.000000000000e-01, 8.549892530154e-02, 2.288696527122e-04
 1.650000000000e+01, 1.150000000000e+00, 8.700000000000e-01, 8.054484888173e-02, 8.244288726503e-05
 1.650000000000e+01, 1.150000000000e+00, 9.400000000000e-01, 7.920919244057e-02, 7.699848285789e-05
 1.650000000000e+01, 1.150000000000e+00, 1.010000000000e+00, 7.897011122607e-02, 1.015083849456e-04
 1.650000000000e+01, 1.150000000000e+00, 1.080000000000e+00, 7.939674193095e-02, 1.261620163961e-04
 1.650000000000e+01, 1.150000000000e+00, 1.150000000000e+00, 8.051109245596e-02, 1.082642520970e-04
 1.650000000000e+01, 1.150000000000e+00, 1.220000000000e+00, 8.103140139062e-02, 1.258596393903e-04
 1.650000000000e+01, 1.150000000000e+00, 1.290000000000e+00, 8.209309563115e-02, 9.936475084035e-05
 1.650000000000e+01, 1.150000000000e+00, 1.360000000000e+00, 8.260845344551e-02, 1.168677091284e-04
 1.650000000000e+01, 1.150000000000e+00, 1.430000000000e+00, 8.340926755599e-02, 1.066264892855e-04
 1.650000000000e+01, 1.220000000000e+00, 8.000000000000e-01, 8.670411796863e-02, 2.315443488750e-04
 1.650000000000e+01, 1.220000000000e+00, 8.700000000000e-01, 8.169952408575e-02, 8.561043432974e-05
 1.650000000000e+01, 1.220000000000e+00, 9.400000000000e-01, 8.042161151939e-02, 8.611727144021e-05
 1.650000000000e+01, 1.220000000000e+00, 1.010000000000e+00, 8.021693677236e-02, 1.162510080429e-04
 1.650000000000e+01, 1.220000000000e+00, 1.080000000000e+00, 8.068604208002e-02, 1.336491431067e-04
 1.650000000000e+01, 1.220000000000e+00, 1.150000000000e+00, 8.143584300246e-02, 1.606153046106e-04
 1.650000000000e+01, 1.220000000000e+00, 1.220000000000e+00, 8.223181358296e-02, 1.371043325526e-04
 1.650000000000e+01, 1.220000000000e+00, 1.290000000000e+00, 8.325090819814e-02, 1.067147285456e-04
 1.650000000000e+01, 1.220000000000e+00, 1.360000000000e+00, 8.395323568391e-02, 1.193710069296e-04
 1.650000000000e+01, 1.220000000000e+00, 1.430000000000e+00, 8.455507290019e-02, 1.248731203418e-04
 1.650000000000e+01, 1.290000000000e+00, 8.000000000000e-01, 8.838829368313e-02, 2.344500458233e-04
 1.650000000000e+01, 1.290000000000e+00, 8.700000000000e-01, 8.329444330493e-02, 1.095200321916e-04
 1.650000000000e+01, 1.290000000000e+00, 9.400000000000e-01, 8.193969580549e-02, 1.105356448858e-04
 1.650000000000e+01, 1.290000000000e+00, 1.010000000000e+00, 8.191733836544e-02, 1.126710149941e-04
 1.650000000000e+01, 1.290000000000e+00, 1.080000000000e+00, 8.228645160344e-02, 1.280524254911e-04
 1.650000000000e+01, 1.290000000000e+00, 1.150000000000e+00, 8.274540625431e-02, 1.489016828631e-04
 1.650000000000e+01, 1.290000000000e+00, 1.220000000000e+00, 8.379801964720e-02, 1.368229266737e-04
 1.650000000000e+01, 1.290000000000e+00, 1.290000000000e+00, 8.480806122431e-02, 1.179230206232e-04
 1.650000000000e+01, 1.290000000000e+00, 1.360000000000e+00, 8.542936404204e-02, 1.366988387731e-04
 1.650000000000e+01, 1.290000000000e+00, 1.430000000000e+00, 8.625639042863e-02, 1.233551785173e-04
 1.650000000000e+01, 1.360000000000e+00, 8.000000000000e-01, 9.007441526780e-02, 2.412490446994e-04
 1.650000000000e+01, 1.360000000000e+00, 8.700000000000e-01, 8.469782775864e-02, 9.682149628200e-05
 1.650000000000e+01, 1.360000000000e+00, 9.400000000000e-01, 8.351303900537e-02, 1.241051897801e-04
 1.650000000000e+01, 1.360000000000e+00, 1.010000000000e+00, 8.329965155770e-02, 1.152351105653e-04
 1.650000000000e+01, 1.360000000000e+00, 1.080000000000e+00, 8.375095280235e-02, 1.200559576856e-04
 1.650000000000e+01, 1.360000000000e+00, 1.150000000000e+00, 8.417993109960e-02, 1.458388208840e-04
 1.650000000000e+01, 1.360000000000e+00, 1.220000000000e+00, 8.551374336512e-02, 1.321083751085e-04
 1.650000000000e+01, 1.360000000000e+00, 1.290000000000e+00, 8.607874622168e-02, 1.427131290925e-04
 1.650000000000e+01, 1.360000000000e+00, 1.360000000000e+00, 8.690912307291e-02, 1.479423594452e-04
 1.650000000000e+01, 1.360000000000e+00, 1.430000000000e+00, 8.778560200053e-02, 1.202269929976e-04
 1.650000000000e+01, 1.430000000000e+00, 8.000000000000e-01, 9.129500743511e-02, 2.348218171980e-04
 1.650000000000e+01, 1.430000000000e+00, 8.700000000000e-01, 8.622184572411e-02, 1.021994356501e-04
 1.650000000000e+01, 1.430000000000e+00, 9.400000000000e-01, 8.474618712167e-02, 1.038560695468e-04
 1.650000000000e+01, 1.430000000000e+00, 1.010000000000e+00, 8.464912903772e-02, 1.187537219114e-04
 1.650000000000e+01, 1.430000000000e+00, 1.080000000000e+00, 8.510941019544e-02, 1.312058164853e-04
 1.650000000000e+01, 1.430000000000e+00, 1.150000000000e+00, 8.581211025321e-02, 1.224253228072e-04
 1.650000000000e+01, 1.430000000000e+00, 1.220000000000e+00, 8.649414220614e-02, 1.341301385197e-04
 1.650000000000e+01, 1.430000000000e+00, 1.290000000000e+00, 8.749395440429e-02, 1.364929759481e-04
 1.650000000000e+01, 1.430000000000e+00, 1.360000000000e+00, 8.819839155897e-02, 1.302957102072e-04
 1.650000000000e+01, 1.430000000000e+00, 1.430000000000e+00, 8.912628131527e-02, 1.209731459219e-04
 1.680000000000e+01, 8.000000000000e-01, 8.000000000000e-01, 1.743999370886e-01, 4.290579603987e-03
 1.680000000000e+01, 8.000000000000e-01, 8.700000000000e-01, 1.702647700550e-01, 4.347786199539e-03
 1.680000000000e+01, 8.000000000000e-01, 9.400000000000e-01, 1.552434012083e-01, 3.991465026883e-03
 1.680000000000e+01, 8.000000000000e-01, 1.010000000000e+00, 1.732165157808e-01, 7.181501840113e-03
 1.680000000000e+01, 8.000000000000e-01, 1.080000000000e+00, 1.632432651487e-01, 4.132396469568e-03
 1.680000000000e+01, 8.000000000000e-01, 1.150000000000e+00, 1.552575541213e-01, 3.558799410340e-03
 1.680000000000e+01, 8.000000000000e-01, 1.220000000000e+00, 1.591248159049e-01, 3.418313352682e-03
 1.680000000000e+01, 8.000000000000e-01, 1.290000000000e+00, 1.719523996765e-01, 4.440769912679e-03
 1.680000000000e+01, 8.000000000000e-01, 1.360000000000e+00, 1.643266100959e-01, 4.229437040818e-03
 1.680000000000e+01, 8.000000000000e-01, 1.430000000000e+00, 1.632065074926e-01, 3.850971829048e-03
 1.680000000000e+01, 8.700000000000e-01, 8.000000000000e-01, 1.144024883149e-01, 1.567207522977e-03
 1.680000000000e+01, 8.700000000000e-01, 8.700000000000e-01, 1.136455349606e-01, 1.782835964028e-03
 1.680000000000e+01, 8.700000000000e-01, 9.400000000000e-01, 1.098307198209e-01, 2.207939276325e-03
 1.680000000000e+01, 8.700000000000e-01, 1.010000000000e+00, 1.091948993837e-01, 1.642482570086e-03
 1.680000000000e+01, 8.700000000000e-01, 1.080000000000e+00, 1.109579219272e-01, 2.158628485308e-03
 1.680000000000e+01, 8.700000000000e-01, 1.150000000000e+00, 1.118275289383e-01, 1.995525233955e-03
 1.680000000000e+01, 8.700000000000e-01, 1.220000000000e+00, 1.105271131969e-01, 1.409234348878e-03
 1.680000000000e+01, 8.700000000000e-01, 1.290000000000e+00, 1.119556495897e-01, 1.697275054692e-03
 1.680000000000e+01, 8.700000000000e-01, 1.360000000000e+00, 1.142044803473e-01, 2.203192230026e-03
 1.680000000000e+01, 8.700000000000e-01, 1.430000000000e+00, 1.108131555348e-01, 1.680677632162e-03
 1.680000000000e+01, 9.400000000000e-01, 8.000000000000e-01, 9.352065939565e-02, 5.564607912915e-04
 1.680000000000e+01, 9.400000000000e-01, 8.700000000000e-01, 9.068264863883e-02, 7.297895848106e-04
 1.680000000000e+01, 9.400000000000e-01, 9.400000000000e-01, 8.765441148399e-02, 6.153662223772e-04
 1.680000000000e+01, 9.400000000000e-01, 1.010000000000e+00, 8.844402843104e-02, 9.159995709949e-04
 1.680000000000e+01, 9.400000000000e-01, 1.080000000000e+00, 8.804152518143e-02, 6.428879504026e-04
 1.680000000000e+01, 9.400000000000e-01, 1.150000000000e+00, 8.976141428861e-02, 7.529190711244e-04
 1.680000000000e+01, 9.400000000000e-01, 1.220000000000e+00, 9.100286726261e-02, 6.867920299001e-04
 1.680000000000e+01, 9.400000000000e-01, 1.290000000000e+00, 8.983276160790e-02, 5.280667341363e-04
 1.680000000000e+01, 9.400000000000e-01, 1.360000000000e+00, 9.229287904449e-02, 7.205390322524e-04
 1.680000000000e+01, 9.400000000000e-01, 1.430000000000e+00, 9.151590132420e-02, 6.499524420024e-04
 1.680000000000e+01, 1.010000000000e+00, 8.000000000000e-01, 8.694262792652e-02, 3.700819309869e-04
 1.680000000000e+01, 1.010000000000e+00, 8.700000000000e-01, 8.226362688027e-02, 2.162483362302e-04
 1.680000000000e+01, 1.010000000000e+00, 9.400000000000e-01, 8.077589218353e-02, 2.799320820275e-04
 1.680000000000e+01, 1.010000000000e+00, 1.010000000000e+00, 8.046048841658e-02, 2.101258585637e-04
 1.680000000000e+01, 1.010000000000e+00, 1.080000000000e+00, 8.119398974502e-02, 2.569134464235e-04
 1.680000000000e+01, 1.010000000000e+00, 1.150000000000e+00, 8.177428130776e-02, 2.466238985492e-04
 1.680000000000e+01, 1.010000000000e+00, 1.220000000000e+00, 8.296363363704e-02, 3.334330419456e-04
 1.680000000000e+01, 1.010000000000e+00, 1.290000000000e+00, 8.318859383465e-02, 2.592172271980e-04
 1.680000000000e+01, 1.010000000000e+00, 1.360000000000e+00, 8.458436258360e-02, 3.365977629808e-04
 1.680000000000e+01, 1.010000000000e+00, 1.430000000000e+00, 8.477930265076e-02, 2.310253954949e-04
 1.680000000000e+01, 1.080000000000e+00, 8.000000000000e-01, 8.460003633511e-02, 2.414694431275e-04
 1.680000000000e+01, 1.080000000000e+00, 8.700000000000e-01, 8.038184367882e-02, 9.181795394043e-05
 1.680000000000e+01, 1.080000000000e+00, 9.400000000000e-01, 7.878124264213e-02, 1.094691868238e-04
 1.680000000000e+01, 1.080000000000e+00, 1.010000000000e+00, 7.900879136360e-02, 1.096382813835e-04
 1.680000000000e+01, 1.080000000000e+00, 1.080000000000e+00, 7.932214712602e-02, 1.056146739991e-04
 1.680000000000e+01, 1.080000000000e+00, 1.150000000000e+00, 7.991047677183e-02, 1.044708840273e-04
 1.680000000000e+01, 1.080000000000e+00, 1.220000000000e+00, 8.056379201526e-02, 1.304014477603e-04
 1.680000000000e+01, 1.080000000000e+00, 1.290000000000e+00, 8.152712051756e-02, 1.118015433863e-04
 1.680000000000e+01, 1.080000000000e+00, 1.360000000000e+00, 8.231249658046e-02, 1.170677668950e-04
 1.680000000000e+01, 1.080000000000e+00, 1.430000000000e+00, 8.289143803175e-02, 1.206250627568e-04
 1.680000000000e+01, 1.150000000000e+00, 8.000000000000e-01, 8.530099594104e-02, 2.260942741059e-04
 1.680000000000e+01, 1.150000000000e+00, 8.700000000000e-01, 8.047760801067e-02, 7.378219488998e-05
 1.680000000000e+01, 1.150000000000e+00, 9.400000000000e-01, 7.916644793027e-02, 7.523826790830e-05
 1.680000000000e+01, 1.150000000000e+00, 1.010000000000e+00, 7.888169236187e-02, 1.218844135112e-04
 1.680000000000e+01, 1.150000000000e+00, 1.080000000000e+00, 7.941628913933e-02, 1.260067774196e-04
 1.680000000000e+01, 1.150000000000e+00, 1.150000000000e+00, 8.016398796406e-02, 1.125470542276e-04
 1.680000000000e+01, 1.150000000000e+00, 1.220000000000e+00, 8.093149491259e-02, 1.020932190615e-04
 1.680000000000e+01, 1.150000000000e+00, 1.290000000000e+00, 8.177748197137e-02, 1.018576177077e-04
 1.680000000000e+01, 1.150000000000e+00, 1.360000000000e+00, 8.241744088287e-02, 1.204298511876e-04
 1.680000000000e+01, 1.150000000000e+00, 1.430000000000e+00, 8.329320635273e-02, 1.119177058606e-04
 1.680000000000e+01, 1.220000000000e+00, 8.000000000000e-01, 8.604281484507e-02, 2.104215304100e-04
 1.680000000000e+01, 1.220000000000e+00, 8.700000000000e-01, 8.166903461087e-02, 8.355091106089e-05
 1.680000000000e+01, 1.220000000000e+00, 9.400000000000e-01, 8.017850111135e-02, 1.022678890715e-04
 1.680000000000e+01, 1.220000000000e+00, 1.010000000000e+00, 8.020959365718e-02, 1.142656377965e-04
 1.680000000000e+01, 1.220000000000e+00, 1.080000000000e+00, 8.061809371193e-02, 1.189271102608e-04
 1.680000000000e+01, 1.220000000000e+00, 1.150000000000e+00, 8.146518634542e-02, 1.322613491224e-04
 1.680000000000e+01, 1.220000000000e+00, 1.220000000000e+00, 8.225170953777e-02, 1.354511008245e-04
 1.680000000000e+01, 1.220000000000e+00, 1.290000000000e+00, 8.294237155352e-02, 1.370063388586e-04
 1.680000000000e+01, 1.220000000000e+00, 1.360000000000e+00, 8.377030336443e-02, 1.160592795220e-04
 1.680000000000e+01, 1.220000000000e+00, 1.430000000000e+00, 8.465761041306e-02, 1.135674118905e-04
 1.680000000000e+01, 1.290000000000e+00, 8.000000000000e-01, 8.830416559950e-02, 2.782970317564e-04
 1.680000000000e+01, 1.290000000000e+00, 8.700000000000e-01, 8.299856713339e-02, 8.922495875336e-05
 1.680000000000e+01, 1.290000000000e+00, 9.400000000000e-01, 8.179326681358e-02, 9.732056430974e-05
 1.680000000000e+01, 1.290000000000e+00, 1.010000000000e+00, 8.176190497535e-02, 1.181902559975e-04
 1.680000000000e+01, 1.290000000000e+00, 1.080000000000e+00, 8.200580515766e-02, 1.493702363831e-04
 1.680000000000e+01, 1.290000000000e+00, 1.150000000000e+00, 8.269262191656e-02, 1.349717399949e-04
 1.680000000000e+01, 1.290000000000e+00, 1.220000000000e+00, 8.353191414990e-02, 1.412076141263e-04
 1.680000000000e+01, 1.290000000000e+00, 1.290000000000e+00, 8.436229845770e-02, 1.242539673656e-04
 1.680000000000e+01, 1.290000000000e+00, 1.360000000000e+00, 8.544489610596e-02, 1.227238958251e-04
 1.680000000000e+01, 1.290000000000e+00, 1.430000000000e+00, 8.635371456441e-02, 1.093753095804e-04
 1.680000000000e+01, 1.360000000000e+00, 8.000000000000e-01, 8.961556467407e-02, 2.567777975557e-04
 1.680000000000e+01, 1.360000000000e+00, 8.700000000000e-01, 8.474862278926e-02, 9.589577671852e-05
 1.680000000000e+01, 1.360000000000e+00, 9.400000000000e-01, 8.315184590643e-02, 1.028236516342e-04
 1.680000000000e+01, 1.360000000000e+00, 1.010000000000e+00, 8.326504825554e-02, 1.048900667201e-04
 1.680000000000e+01, 1.360000000000e+00, 1.080000000000e+00, 8.387817146214e-02, 1.100898580363e-04
 1.680000000000e+01, 1.360000000000e+00, 1.150000000000e+00, 8.435698321042e-02, 1.221020825489e-04
 1.680000000000e+01, 1.360000000000e+00, 1.220000000000e+00, 8.480750358028e-02, 1.322790760250e-04
 1.680000000000e+01, 1.360000000000e+00, 1.290000000000e+00, 8.582179117396e-02, 1.351694174195e-04
 1.680000000000e+01, 1.360000000000e+00, 1.360000000000e+00, 8.640196367956e-02, 1.497211218273e-04
 1.680000000000e+01, 1.360000000000e+00, 1.430000000000e+00, 8.762972811678e-02, 1.130749402336e-04
 1.680000000000e+01, 1.430000000000e+00, 8.000000000000e-01, 9.059231753364e-02, 2.213017868070e-04
 1.680000000000e+01, 1.430000000000e+00, 8.700000000000e-01, 8.620323385316e-02, 9.211605757095e-05
 1.680000000000e+01, 1.430000000000e+00, 9.400000000000e-01, 8.463288096508e-02, 1.118227611242e-04
 1.680000000000e+01, 1.430000000000e+00, 1.010000000000e+00, 8.451459728090e-02, 1.675584529555e-04
 1.680000000000e+01, 1.430000000000e+00, 1.080000000000e+00, 8.513327488378e-02, 1.413504186818e-04
 1.680000000000e+01, 1.430000000000e+00, 1.150000000000e+00, 8.584821859531e-02, 1.177857010607e-04
 1.680000000000e+01, 1.430000000000e+00, 1.220000000000e+00, 8.659883558425e-02, 1.141958531900e-04
 1.680000000000e+01, 1.430000000000e+00, 1.290000000000e+00, 8.700949306071e-02, 1.368679714820e-04
 1.680000000000e+01, 1.430000000000e+00, 1.360000000000e+00, 8.796546924870e-02, 1.300356781908e-04
 1.680000000000e+01, 1.430000000000e+00, 1.430000000000e+00, 8.868457710380e-02, 1.582260900308e-04
 1.710000000000e+01, 8.000000000000e-01, 8.000000000000e-01, 1.633689215469e-01, 3.343510768628e-03
 1.710000000000e+01, 8.000000000000e-01, 8.700000000000e-01, 1.647611608972e-01, 5.118682400197e-03
 1.710000000000e+01, 8.000000000000e-01, 9.400000000000e-01, 1.594196090886e-01, 4.251747536106e-03
 1.710000000000e+01, 8.000000000000e-01, 1.010000000000e+00, 1.674321789409e-01, 4.695622546917e-03
 1.710000000000e+01, 8.000000000000e-01, 1.080000000000e+00, 1.679020583093e-01, 4.659201102775e-03
 1.710000000000e+01, 8.000000000000e-01, 1.150000000000e+00, 1.540417632675e-01, 3.537034742106e-03
 1.710000000000e+01, 8.000000000000e-01, 1.220000000000e+00, 1.570245232579e-01, 3.694432272241e-03
 1.710000000000e+01, 8.000000000000e-01, 1.290000000000e+00, 1.570107877862e-01, 3.922920265063e-03
 1.710000000000e+01, 8.000000000000e-01, 1.360000000000e+00, 1.714978601005e-01, 5.601018372031e-03
 1.710000000000e+01, 8.000000000000e-01, 1.430000000000e+00, 1.646294539086e-01, 4.759703727194e-03
 1.710000000000e+01, 8.700000000000e-01, 8.000000000000e-01, 1.137598448173e-01, 1.354405710468e-03
 1.710000000000e+01, 8.700000000000e-01, 8.700000000000e-01, 1.072427360230e-01, 1.328101116904e-03
 1.710000000000e+01, 8.700000000000e-01, 9.400000000000e-01, 1.105885884112e-01, 1.719096211943e-03
 1.710000000000e+01, 8.700000000000e-01, 1.010000000000e+00, 1.063681909858e-01, 1.388237979004e-03
 1.710000000000e+01, 8.700000000000e-01, 1.080000000000e+00, 1.097543736501e-01, 1.880503600919e-03
 1.710000000000e+01, 8.700000000000e-01, 1.150000000000e+00, 1.112015979405e-01, 1.763808064731e-03
 1.710000000000e+01, 8.700000000000e-01, 1.220000000000e+00, 1.111376104730e-01, 1.593533468352e-03
 1.710000000000e+01, 8.700000000000e-01, 1.290000000000e+00, 1.150632323861e-01, 2.304566393568e-03
 1.710000000000e+01, 8.700000000000e-01, 1.360000000000e+00, 1.142913382034e-01, 1.890308845345e-03
 1.710000000000e+01, 8.700000000000e-01, 1.430000000000e+00, 1.115827380830e-01, 1.542586696679e-03
 1.710000000000e+01, 9.400000000000e-01, 8.000000000000e-01, 9.364293989770e-02, 5.891487237862e-04
 1.710000000000e+01, 9.400000000000e-01, 8.700000000000e-01, 8.915089547376e-02, 6.877075762035e-04
 1.710000000000e+01, 9.400000000000e-01, 9.400000000000e-01, 8.743006835538e-02, 5.709855171032e-04
 1.710000000000e+01, 9.400000000000e-01, 1.010000000000e+00, 8.754126268773e-02, 5.736556955940e-04
 1.710000000000e+01, 9.400000000000e-01, 1.080000000000e+00, 8.730074376705e-02, 5.521321478027e-04
 1.710000000000e+01, 9.400000000000e-01, 1.150000000000e+00, 8.846602808925e-02, 6.244664022792e-04
 1.710000000000e+01, 9.400000000000e-01, 1.220000000000e+00, 8.939649511368e-02, 6.286979605941e-04
 1.710000000000e+01, 9.400000000000e-01, 1.290000000000e+00, 9.118939919133e-02, 6.482206729870e-04
 1.710000000000e+01, 9.400000000000e-01, 1.360000000000e+00, 9.161320026946e-02, 6.980038830410e-04
 1.710000000000e+01, 9.400000000000e-01, 1.430000000000e+00, 9.281443482006e-02, 8.666698840962e-04
 1.710000000000e+01, 1.010000000000e+00, 8.000000000000e-01, 8.742835324737e-02, 4.061969407983e-04
 1.710000000000e+01, 1.010000000000e+00, 8.700000000000e-01, 8.236876537763e-02, 2.279279136975e-04
 1.710000000000e+01, 1.010000000000e+00, 9.400000000000e-01, 8.077361285342e-02, 2.316783639320e-04
 1.710000000000e+01, 1.010000000000e+00, 1.010000000000e+00, 8.081982479523e-02, 2.164172101242e-04
 1.710000000000e+01, 1.010000000000e+00, 1.080000000000e+00, 8.180041506136e-02, 2.821734889049e-04
 1.710000000000e+01, 1.010000000000e+00, 1.150000000000e+00, 8.169360340935e-02, 2.365448949418e-04
 1.710000000000e+01, 1.010000000000e+00, 1.220000000000e+00, 8.293129157489e-02, 2.943872578000e-04
 1.710000000000e+01, 1.010000000000e+00, 1.290000000000e+00, 8.335789898109e-02, 3.846807462455e-04
 1.710000000000e+01, 1.010000000000e+00, 1.360000000000e+00, 8.378808364976e-02, 2.328409974446e-04
 1.710000000000e+01, 1.010000000000e+00, 1.430000000000e+00, 8.445435224175e-02, 2.299675832833e-04
 1.710000000000e+01, 1.080000000000e+00, 8.000000000000e-01, 8.437711171185e-02, 2.221818691922e-04
 1.710000000000e+01, 1.080000000000e+00, 8.700000000000e-01, 8.016615735514e-02, 9.245808592791e-05
 1.710000000000e+01, 1.080000000000e+00, 9.400000000000e-01, 7.873553885964e-02, 9.843001408768e-05
 1.710000000000e+01, 1.080000000000e+00, 1.010000000000e+00, 7.864576746976e-02, 1.143137281742e-04
 1.710000000000e+01, 1.080000000000e+00, 1.080000000000e+00, 7.925712484733e-02, 1.148622659023e-04
 1.710000000000e+01, 1.080000000000e+00, 1.150000000000e+00, 7.991537512504e-02, 1.041081732755e-04
 1.710000000000e+01, 1.080000000000e+00, 1.220000000000e+00, 8.065267786846e-02, 1.052910625539e-04
 1.710000000000e+01, 1.080000000000e+00, 1.290000000000e+00, 8.131046185131e-02, 1.101957798249e-04
 1.710000000000e+01, 1.080000000000e+00, 1.360000000000e+00, 8.234014811624e-02, 1.184572352053e-04
 1.710000000000e+01, 1.080000000000e+00, 1.430000000000e+00, 8.285871714053e-02, 1.130003151466e-04
 1.710000000000e+01, 1.150000000000e+00, 8.000000000000e-01, 8.477237624798e-02, 2.019223563544e-04
 1.710000000000e+01, 1.150000000000e+00, 8.700000000000e-01, 8.035727671513e-02, 7.362067704418e-05
 1.710000000000e+01, 1.150000000000e+00, 9.400000000000e-01, 7.907449261817e-02, 8.215371438107e-05
 1.710000000000e+01, 1.150000000000e+00, 1.010000000000e+00, 7.881625061670e-02, 9.623427698432e-05
 1.710000000000e+01, 1.150000000000e+00, 1.080000000000e+00, 7.943523242876e-02, 1.121949359708e-04
 1.710000000000e+01, 1.150000000000e+00, 1.150000000000e+00, 8.022953093881e-02, 1.107772819587e-04
 1.710000000000e+01, 1.150000000000e+00, 1.220000000000e+00, 8.100250627937e-02, 1.181614450168e-04
 1.710000000000e+01, 1.150000000000e+00, 1.290000000000e+00, 8.186957488666e-02, 1.057544646675e-04
 1.710000000000e+01, 1.150000000000e+00, 1.360000000000e+00, 8.253723787652e-02, 1.084974059898e-04
 1.710000000000e+01, 1.150000000000e+00, 1.430000000000e+00, 8.327804012116e-02, 1.005790227492e-04
 1.710000000000e+01, 1.220000000000e+00, 8.000000000000e-01, 8.654692372497e-02, 2.220822304465e-04
 1.710000000000e+01, 1.220000000000e+00, 8.700000000000e-01, 8.159585591276e-02, 7.901598844629e-05
 1.710000000000e+01, 1.220000000000e+00, 9.400000000000e-01, 8.025357749444e-02, 1.089412615065e-04
 1.710000000000e+01, 1.220000000000e+00, 1.010000000000e+00, 7.978627595798e-02, 3.275685515723e-04
 1.710000000000e+01, 1.220000000000e+00, 1.080000000000e+00, 8.065818385222e-02, 1.123268206832e-04
 1.710000000000e+01, 1.220000000000e+00, 1.150000000000e+00, 8.139997166105e-02, 1.163691858977e-04
 1.710000000000e+01, 1.220000000000e+00, 1.220000000000e+00, 8.203674105695e-02, 1.167750211188e-04
 1.710000000000e+01, 1.220000000000e+00, 1.290000000000e+00, 8.276470255523e-02, 1.238725373467e-04
 1.710000000000e+01, 1.220000000000e+00, 1.360000000000e+00, 8.327531300024e-02, 1.339062398841e-04
 1.710000000000e+01, 1.220000000000e+00, 1.430000000000e+00, 8.425218430706e-02, 1.345169785519e-04
 1.710000000000e+01, 1.290000000000e+00, 8.000000000000e-01, 8.743853992770e-02, 2.282403549544e-04
 1.710000000000e+01, 1.290000000000e+00, 8.700000000000e-01, 8.297002174425e-02, 9.072341441706e-05
 1.710000000000e+01, 1.290000000000e+00, 9.400000000000e-01, 8.169827558802e-02, 1.032180226682e-04
 1.710000000000e+01, 1.290000000000e+00, 1.010000000000e+00, 8.145501592208e-02, 1.200760982958e-04
 1.710000000000e+01, 1.290000000000e+00, 1.080000000000e+00, 8.185678789392e-02, 1.277474927140e-04
 1.710000000000e+01, 1.290000000000e+00, 1.150000000000e+00, 8.296021777674e-02, 1.075390784685e-04
 1.710000000000e+01, 1.290000000000e+00, 1.220000000000e+00, 8.353293015646e-02, 1.303403619768e-04
 1.710000000000e+01, 1.290000000000e+00, 1.290000000000e+00, 8.430026821609e-02, 1.322378516613e-04
 1.710000000000e+01, 1.290000000000e+00, 1.360000000000e+00, 8.505478360837e-02, 1.173529024920e-04
 1.710000000000e+01, 1.290000000000e+00, 1.430000000000e+00, 8.572340844459e-02, 1.220746065909e-04
 1.710000000000e+01, 1.360000000000e+00, 8.000000000000e-01, 8.901513222450e-02, 2.090193590395e-04
 1.710000000000e+01, 1.360000000000e+00, 8.700000000000e-01, 8.434301799408e-02, 1.004482115113e-04
 1.710000000000e+01, 1.360000000000e+00, 9.400000000000e-01, 8.293053621616e-02, 1.138556290512e-04
 1.710000000000e+01, 1.360000000000e+00, 1.010000000000e+00, 8.308437472232e-02, 1.124285792045e-04
 1.710000000000e+01, 1.360000000000e+00, 1.080000000000e+00, 8.356949996527e-02, 1.231284190833e-04
 1.710000000000e+01, 1.360000000000e+00, 1.150000000000e+00, 8.414560202804e-02, 1.309965992053e-04
 1.710000000000e+01, 1.360000000000e+00, 1.220000000000e+00, 8.509091672177e-02, 1.116857286504e-04
 1.710000000000e+01, 1.360000000000e+00, 1.290000000000e+00, 8.554572670569e-02, 1.273916729277e-04
 1.710000000000e+01, 1.360000000000e+00, 1.360000000000e+00, 8.635352091030e-02, 1.220672662682e-04
 1.710000000000e+01, 1.360000000000e+00, 1.430000000000e+00, 8.726895558411e-02, 1.209326039743e-04
 1.710000000000e+01, 1.430000000000e+00, 8.000000000000e-01, 8.999214361803e-02, 2.218541064200e-04
 1.710000000000e+01, 1.430000000000e+00, 8.700000000000e-01, 8.571041901283e-02, 9.844264644788e-05
 1.710000000000e+01, 1.430000000000e+00, 9.400000000000e-01, 8.462094755287e-02, 9.334744498016e-05
 1.710000000000e+01, 1.430000000000e+00, 1.010000000000e+00, 8.440273477633e-02, 1.100769681229e-04
 1.710000000000e+01, 1.430000000000e+00, 1.080000000000e+00, 8.484544318967e-02, 1.231044760464e-04
 1.710000000000e+01, 1.430000000000e+00, 1.150000000000e+00, 8.556442405986e-02, 1.243807494274e-04
 1.710000000000e+01, 1.430000000000e+00, 1.220000000000e+00, 8.627572822035e-02, 1.267080672180e-04
 1.710000000000e+01, 1.430000000000e+00, 1.290000000000e+00, 8.705559596870e-02, 1.200803397278e-04
 1.710000000000e+01, 1.430000000000e+00, 1.360000000000e+00, 8.772077334249e-02, 1.218716412786e-04
 1.710000000000e+01, 1.430000000000e+00, 1.430000000000e+00, 8.861590180528e-02, 1.373455996840e-04
 1.740000000000e+01, 8.000000000000e-01, 8.000000000000e-01, 1.631187012621e-01, 3.443574977016e-03
 1.740000000000e+01, 8.000000000000e-01, 8.700000000000e-01, 1.557612321858e-01, 3.570385783770e-03
 1.740000000000e+01, 8.000000000000e-01, 9.400000000000e-01, 1.641405509971e-01, 5.004479054829e-03
 1.740000000000e+01, 8.000000000000e-01, 1.010000000000e+00, 1.573717209613e-01, 4.410465844121e-03
 1.740000000000e+01, 8.000000000000e-01, 1.080000000000e+00, 1.547202136632e-01, 3.599631415102e-03
 1.740000000000e+01, 8.000000000000e-01, 1.150000000000e+00, 1.578484932194e-01, 3.848333881108e-03
 1.740000000000e+01, 8.000000000000e-01, 1.220000000000e+00, 1.596989779676e-01, 4.323779974682e-03
 1.740000000000e+01, 8.000000000000e-01, 1.290000000000e+00, 1.619517560594e-01, 4.247571614442e-03
 1.740000000000e+01, 8.000000000000e-01, 1.360000000000e+00, 1.645017139814e-01, 4.550185037366e-03
 1.740000000000e+01, 8.000000000000e-01, 1.430000000000e+00, 1.643952713862e-01, 4.008983911833e-03
 1.740000000000e+01, 8.700000000000e-01, 8.000000000000e-01, 1.128010596232e-01, 1.369303864377e-03
 1.740000000000e+01, 8.700000000000e-01, 8.700000000000e-01, 1.109828911484e-01, 1.531242098226e-03
 1.740000000000e+01, 8.700000000000e-01, 9.400000000000e-01, 1.063769681173e-01, 1.573374219032e-03
 1.740000000000e+01, 8.700000000000e-01, 1.010000000000e+00, 1.076552723769e-01, 1.960919486846e-03
 1.740000000000e+01, 8.700000000000e-01, 1.080000000000e+00, 1.057343046896e-01, 1.283042560898e-03
 1.740000000000e+01, 8.700000000000e-01, 1.150000000000e+00, 1.065322328850e-01, 1.498764635219e-03
 1.740000000000e+01, 8.700000000000e-01, 1.220000000000e+00, 1.066868840189e-01, 1.431076032241e-03
 1.740000000000e+01, 8.700000000000e-01, 1.290000000000e+00, 1.091388154321e-01, 1.531556228742e-03
 1.740000000000e+01, 8.700000000000e-01, 1.360000000000e+00, 1.127128755420e-01, 2.171223314462e-03
 1.740000000000e+01, 8.700000000000e-01, 1.430000000000e+00, 1.087997656253e-01, 1.584851426086e-03
 1.740000000000e+01, 9.400000000000e-01, 8.000000000000e-01, 9.373766279395e-02, 6.157785798871e-04
 1.740000000000e+01, 9.400000000000e-01, 8.700000000000e-01, 8.978067975539e-02, 5.764925233125e-04
 1.740000000000e+01, 9.400000000000e-01, 9.400000000000e-01, 8.793846162634e-02, 5.679159968260e-04
 1.740000000000e+01, 9.400000000000e-01, 1.010000000000e+00, 8.723208781731e-02, 6.002496095425e-04
 1.740000000000e+01, 9.400000000000e-01, 1.080000000000e+00, 8.771347164827e-02, 5.944846307012e-04
 1.740000000000e+01, 9.400000000000e-01, 1.150000000000e+00, 8.847600091882e-02, 6.310739722194e-04
 1.740000000000e+01, 9.400000000000e-01, 1.220000000000e+00, 8.972245289067e-02, 7.206680117752e-04
 1.740000000000e+01, 9.400000000000e-01, 1.290000000000e+00, 8.947327737110e-02, 7.309866449177e-04
 1.740000000000e+01, 9.400000000000e-01, 1.360000000000e+00, 9.089065664939e-02, 5.841775705379e-04
 1.740000000000e+01, 9.400000000000e-01, 1.430000000000e+00, 9.170574789775e-02, 6.193452140941e-04
 1.740000000000e+01, 1.010000000000e+00, 8.000000000000e-01, 8.608378045859e-02, 2.959401267840e-04
 1.740000000000e+01, 1.010000000000e+00, 8.700000000000e-01, 8.191124718290e-02, 2.068879936007e-04
 1.740000000000e+01, 1.010000000000e+00, 9.400000000000e-01, 8.055676514961e-02, 2.101109367588e-04
 1.740000000000e+01, 1.010000000000e+00, 1.010000000000e+00, 8.085830892656e-02, 2.367688756872e-04
 1.740000000000e+01, 1.010000000000e+00, 1.080000000000e+00, 8.052729884177e-02, 2.543941440955e-04
 1.740000000000e+01, 1.010000000000e+00, 1.150000000000e+00, 8.135178957753e-02, 2.632215537302e-04
 1.740000000000e+01, 1.010000000000e+00, 1.220000000000e+00, 8.247066874614e-02, 2.761751740785e-04
 1.740000000000e+01, 1.010000000000e+00, 1.290000000000e+00, 8.316344758932e-02, 2.435487846815e-04
 1.740000000000e+01, 1.010000000000e+00, 1.360000000000e+00, 8.414439582397e-02, 2.817731541401e-04
 1.740000000000e+01, 1.010000000000e+00, 1.430000000000e+00, 8.478955637116e-02, 2.610641711423e-04
 1.740000000000e+01, 1.080000000000e+00, 8.000000000000e-01, 8.453953134553e-02, 2.142241560431e-04
 1.740000000000e+01, 1.080000000000e+00, 8.700000000000e-01, 8.010024926132e-02, 9.481027290310e-05
 1.740000000000e+01, 1.080000000000e+00, 9.400000000000e-01, 7.857636553545e-02, 1.014287819863e-04
 1.740000000000e+01, 1.080000000000e+00, 1.010000000000e+00, 7.881266206282e-02, 1.033787987187e-04
 1.740000000000e+01, 1.080000000000e+00, 1.080000000000e+00, 7.895884158609e-02, 1.020187447052e-04
 1.740000000000e+01, 1.080000000000e+00, 1.150000000000e+00, 7.968497367199e-02, 1.576125748924e-04
 1.740000000000e+01, 1.080000000000e+00, 1.220000000000e+00, 8.072548438287e-02, 1.295499033328e-04
 1.740000000000e+01, 1.080000000000e+00, 1.290000000000e+00, 8.136690419151e-02, 1.107882974199e-04
 1.740000000000e+01, 1.080000000000e+00, 1.360000000000e+00, 8.200092938302e-02, 1.169852183355e-04
 1.740000000000e+01, 1.080000000000e+00, 1.430000000000e+00, 8.281493644924e-02, 1.080274117602e-04
 1.740000000000e+01, 1.150000000000e+00, 8.000000000000e-01, 8.462279149156e-02, 1.985617211890e-04
 1.740000000000e+01, 1.150000000000e+00, 8.700000000000e-01, 8.037287800874e-02, 7.172722357835e-05
 1.740000000000e+01, 1.150000000000e+00, 9.400000000000e-01, 7.914354270100e-02, 8.016357944351e-05
 1.740000000000e+01, 1.150000000000e+00, 1.010000000000e+00, 7.897007040056e-02, 1.034902286320e-04
 1.740000000000e+01, 1.150000000000e+00, 1.080000000000e+00, 7.959765703992e-02, 8.876915524795e-05
 1.740000000000e+01, 1.150000000000e+00, 1.150000000000e+00, 8.004886953523e-02, 1.072584162619e-04
 1.740000000000e+01, 1.150000000000e+00, 1.220000000000e+00, 8.084904765995e-02, 1.022930145437e-04
 1.740000000000e+01, 1.150000000000e+00, 1.290000000000e+00, 8.167858406069e-02, 1.125127952882e-04
 1.740000000000e+01, 1.150000000000e+00, 1.360000000000e+00, 8.245656255352e-02, 1.115712288456e-04
 1.740000000000e+01, 1.150000000000e+00, 1.430000000000e+00, 8.323892009367e-02, 9.964183740307e-05
 1.740000000000e+01, 1.220000000000e+00, 8.000000000000e-01, 8.622396842029e-02, 2.282866328110e-04
 1.740000000000e+01, 1.220000000000e+00, 8.700000000000e-01, 8.142431419049e-02, 8.738702185177e-05
 1.740000000000e+01, 1.220000000000e+00, 9.400000000000e-01, 8.020394496215e-02, 9.714538393841e-05
 1.740000000000e+01, 1.220000000000e+00, 1.010000000000e+00, 7.994078513226e-02, 1.476184133661e-04
 1.740000000000e+01, 1.220000000000e+00, 1.080000000000e+00, 8.063097960573e-02, 1.077481923375e-04
 1.740000000000e+01, 1.220000000000e+00, 1.150000000000e+00, 8.141816289862e-02, 1.094877669235e-04
 1.740000000000e+01, 1.220000000000e+00, 1.220000000000e+00, 8.197687558515e-02, 1.224106080922e-04
 1.740000000000e+01, 1.220000000000e+00, 1.290000000000e+00, 8.277369367169e-02, 1.190553457828e-04
 1.740000000000e+01, 1.220000000000e+00, 1.360000000000e+00, 8.342897242985e-02, 1.203270177523e-04
 1.740000000000e+01, 1.220000000000e+00, 1.430000000000e+00, 8.432381233009e-02, 1.054189942381e-04
 1.740000000000e+01, 1.290000000000e+00, 8.000000000000e-01, 8.802073911609e-02, 2.881526424283e-04
 1.740000000000e+01, 1.290000000000e+00, 8.700000000000e-01, 8.286564564689e-02, 9.589654180827e-05
 1.740000000000e+01, 1.290000000000e+00, 9.400000000000e-01, 8.168874610729e-02, 8.787422877461e-05
 1.740000000000e+01, 1.290000000000e+00, 1.010000000000e+00, 8.139257137596e-02, 1.096958319092e-04
 1.740000000000e+01, 1.290000000000e+00, 1.080000000000e+00, 8.220715250673e-02, 1.051503550644e-04
 1.740000000000e+01, 1.290000000000e+00, 1.150000000000e+00, 8.258367328183e-02, 1.366299078836e-04
 1.740000000000e+01, 1.290000000000e+00, 1.220000000000e+00, 8.323311011060e-02, 1.828935923104e-04
 1.740000000000e+01, 1.290000000000e+00, 1.290000000000e+00, 8.425970112404e-02, 1.148092682575e-04
 1.740000000000e+01, 1.290000000000e+00, 1.360000000000e+00, 8.483913613305e-02, 1.392584203120e-04
 1.740000000000e+01, 1.290000000000e+00, 1.430000000000e+00, 8.565634196176e-02, 1.126837429964e-04
 1.740000000000e+01, 1.360000000000e+00, 8.000000000000e-01, 8.889579898061e-02, 2.235963722860e-04
 1.740000000000e+01, 1.360000000000e+00, 8.700000000000e-01, 8.423970431766e-02, 9.074203393878e-05
 1.740000000000e+01, 1.360000000000e+00, 9.400000000000e-01, 8.277768551945e-02, 1.319045547929e-04
 1.740000000000e+01, 1.360000000000e+00, 1.010000000000e+00, 8.281518184994e-02, 1.174941678749e-04
 1.740000000000e+01, 1.360000000000e+00, 1.080000000000e+00, 8.331632082774e-02, 1.222892435059e-04
 1.740000000000e+01, 1.360000000000e+00, 1.150000000000e+00, 8.421572983126e-02, 1.171544358178e-04
 1.740000000000e+01, 1.360000000000e+00, 1.220000000000e+00, 8.463262498881e-02, 1.353853639321e-04
 1.740000000000e+01, 1.360000000000e+00, 1.290000000000e+00, 8.558901410497e-02, 1.299204481573e-04
 1.740000000000e+01, 1.360000000000e+00, 1.360000000000e+00, 8.617705161249e-02, 1.300345634931e-04
 1.740000000000e+01, 1.360000000000e+00, 1.430000000000e+00, 8.723064747152e-02, 1.071202941528e-04
 1.740000000000e+01, 1.430000000000e+00, 8.000000000000e-01, 9.018058723997e-02, 2.476824634131e-04
 1.740000000000e+01, 1.430000000000e+00, 8.700000000000e-01, 8.539383481076e-02, 9.635125176104e-05
 1.740000000000e+01, 1.430000000000e+00, 9.400000000000e-01, 8.429743285400e-02, 1.012910181519e-04
 1.740000000000e+01, 1.430000000000e+00, 1.010000000000e+00, 8.406910767587e-02, 1.279760792013e-04
 1.740000000000e+01, 1.430000000000e+00, 1.080000000000e+00, 8.459272671010e-02, 1.317966481262e-04
 1.740000000000e+01, 1.430000000000e+00, 1.150000000000e+00, 8.536932264893e-02, 1.216692351940e-04
 1.740000000000e+01, 1.430000000000e+00, 1.220000000000e+00, 8.603103837932e-02, 1.398263803979e-04
 1.740000000000e+01, 1.430000000000e+00, 1.290000000000e+00, 8.678185907476e-02, 1.306004065579e-04
 1.740000000000e+01, 1.430000000000e+00, 1.360000000000e+00, 8.778778255753e-02, 1.105429595960e-04
 1.740000000000e+01, 1.430000000000e+00, 1.430000000000e+00, 8.843305782802e-02, 1.204631643441e-04
 1.770000000000e+01, 8.000000000000e-01, 8.000000000000e-01, 1.618003148402e-01, 4.177387213744e-03
 1.770000000000e+01, 8.000000000000e-01, 8.700000000000e-01, 1.550612234618e-01, 4.387534366758e-03
 1.770000000000e+01, 8.000000000000e-01, 9.400000000000e-01, 1.547612250301e-01, 3.640479714756e-03
 1.770000000000e+01, 8.000000000000e-01, 1.010000000000e+00, 1.548845518427e-01, 3.602748368196e-03
 1.770000000000e+01, 8.000000000000e-01, 1.080000000000e+00, 1.544837423372e-01, 3.969990451239e-03
 1.770000000000e+01, 8.000000000000e-01, 1.150000000000e+00, 1.627709386287e-01, 5.481516969389e-03
 1.770000000000e+01, 8.000000000000e-01, 1.220000000000e+00, 1.558208739963e-01, 3.655603368475e-03
 1.770000000000e+01, 8.000000000000e-01, 1.290000000000e+00, 1.617227364096e-01, 4.854795051298e-03
 1.770000000000e+01, 8.000000000000e-01, 1.360000000000e+00, 1.597874632205e-01, 3.851659891290e-03
 1.770000000000e+01, 8.000000000000e-01, 1.430000000000e+00, 1.518637865512e-01, 3.170636740951e-03
 1.770000000000e+01, 8.700000000000e-01, 8.000000000000e-01, 1.118667694796e-01, 1.441508298448e-03
 1.770000000000e+01, 8.700000000000e-01, 8.700000000000e-01, 1.072002909089e-01, 1.341136283708e-03
 1.770000000000e+01, 8.700000000000e-01, 9.400000000000e-01, 1.057033451109e-01, 1.434918624832e-03
 1.770000000000e+01, 8.700000000000e-01, 1.010000000000e+00, 1.078371720640e-01, 1.824707379561e-03
 1.770000000000e+01, 8.700000000000e-01, 1.080000000000e+00, 1.072471723773e-01, 1.491381879731e-03
 1.770000000000e+01, 8.700000000000e-01, 1.150000000000e+00, 1.063827303493e-01, 1.635883568785e-03
 1.770000000000e+01, 8.700000000000e-01, 1.220000000000e+00, 1.104455590791e-01, 1.860242883827e-03
 1.770000000000e+01, 8.700000000000e-01, 1.290000000000e+00, 1.069105983215e-01, 1.270140830474e-03
 1.770000000000e+01, 8.700000000000e-01, 1.360000000000e+00, 1.074123469216e-01, 1.276436080054e-03
 1.770000000000e+01, 8.700000000000e-01, 1.430000000000e+00, 1.132920324481e-01, 2.121815339620e-03
 1.770000000000e+01, 9.400000000000e-01, 8.000000000000e-01, 9.293015669298e-02, 5.506954887458e-04
 1.770000000000e+01, 9.400000000000e-01, 8.700000000000e-01, 8.918763044195e-02, 7.214762277041e-04
 1.770000000000e+01, 9.400000000000e-01, 9.400000000000e-01, 8.704293346061e-02, 5.120771952512e-04
 1.770000000000e+01, 9.400000000000e-01, 1.010000000000e+00, 8.695094333010e-02, 5.751936153214e-04
 1.770000000000e+01, 9.400000000000e-01, 1.080000000000e+00, 8.687588713874e-02, 5.376510096040e-04
 1.770000000000e+01, 9.400000000000e-01, 1.150000000000e+00, 8.849908659593e-02, 6.191829935606e-04
 1.770000000000e+01, 9.400000000000e-01, 1.220000000000e+00, 9.021457684669e-02, 7.605969819565e-04
 1.770000000000e+01, 9.400000000000e-01, 1.290000000000e+00, 8.980764599420e-02, 6.451394774645e-04
 1.770000000000e+01, 9.400000000000e-01, 1.360000000000e+00, 8.997231676740e-02, 5.932641487742e-04
 1.770000000000e+01, 9.400000000000e-01, 1.430000000000e+00, 9.084159844055e-02, 5.727820813368e-04
 1.770000000000e+01, 1.010000000000e+00, 8.000000000000e-01, 8.676510760986e-02, 3.073590171248e-04
 1.770000000000e+01, 1.010000000000e+00, 8.700000000000e-01, 8.210711883834e-02, 2.402281173567e-04
 1.770000000000e+01, 1.010000000000e+00, 9.400000000000e-01, 8.041184814041e-02, 1.970698086632e-04
 1.770000000000e+01, 1.010000000000e+00, 1.010000000000e+00, 8.028901629600e-02, 1.956547250201e-04
 1.770000000000e+01, 1.010000000000e+00, 1.080000000000e+00, 8.074814055287e-02, 2.320440195602e-04
 1.770000000000e+01, 1.010000000000e+00, 1.150000000000e+00, 8.171424173021e-02, 2.840213723303e-04
 1.770000000000e+01, 1.010000000000e+00, 1.220000000000e+00, 8.247649728948e-02, 2.777009285724e-04
 1.770000000000e+01, 1.010000000000e+00, 1.290000000000e+00, 8.328399395447e-02, 2.662084338496e-04
 1.770000000000e+01, 1.010000000000e+00, 1.360000000000e+00, 8.434736617773e-02, 3.968505785137e-04
 1.770000000000e+01, 1.010000000000e+00, 1.430000000000e+00, 8.440344875821e-02, 2.208425033547e-04
 1.770000000000e+01, 1.080000000000e+00, 8.000000000000e-01, 8.416398722321e-02, 1.996858221709e-04
 1.770000000000e+01, 1.080000000000e+00, 8.700000000000e-01, 8.005809319036e-02, 8.122844576467e-05
 1.770000000000e+01, 1.080000000000e+00, 9.400000000000e-01, 7.875571997389e-02, 9.132329933627e-05
 1.770000000000e+01, 1.080000000000e+00, 1.010000000000e+00, 7.876479275746e-02, 1.080536877027e-04
 1.770000000000e+01, 1.080000000000e+00, 1.080000000000e+00, 7.921355700954e-02, 9.957959093785e-05
 1.770000000000e+01, 1.080000000000e+00, 1.150000000000e+00, 7.978406630520e-02, 1.081722390523e-04
 1.770000000000e+01, 1.080000000000e+00, 1.220000000000e+00, 8.065230309241e-02, 1.129526881231e-04
 1.770000000000e+01, 1.080000000000e+00, 1.290000000000e+00, 8.108382568009e-02, 1.160608135747e-04
 1.770000000000e+01, 1.080000000000e+00, 1.360000000000e+00, 8.169262287717e-02, 1.442563585152e-04
 1.770000000000e+01, 1.080000000000e+00, 1.430000000000e+00, 8.272394788520e-02, 1.373580864783e-04
 1.770000000000e+01, 1.150000000000e+00, 8.000000000000e-01, 8.466600424353e-02, 2.091412858868e-04
 1.770000000000e+01, 1.150000000000e+00, 8.700000000000e-01, 8.032637476046e-02, 7.008234994644e-05
 1.770000000000e+01, 1.150000000000e+00, 9.400000000000e-01, 7.898899606772e-02, 8.791389202792e-05
 1.770000000000e+01, 1.150000000000e+00, 1.010000000000e+00, 7.897100888001e-02, 1.276067073359e-04
 1.770000000000e+01, 1.150000000000e+00, 1.080000000000e+00, 7.950236875094e-02, 1.035229270677e-04
 1.770000000000e+01, 1.150000000000e+00, 1.150000000000e+00, 8.007172723649e-02, 1.188448346993e-04
 1.770000000000e+01, 1.150000000000e+00, 1.220000000000e+00, 8.096521756270e-02, 1.145409117837e-04
 1.770000000000e+01, 1.150000000000e+00, 1.290000000000e+00, 8.161575485121e-02, 1.056568778030e-04
 1.770000000000e+01, 1.150000000000e+00, 1.360000000000e+00, 8.247984792972e-02, 9.046948399494e-05
 1.770000000000e+01, 1.150000000000e+00, 1.430000000000e+00, 8.317812731000e-02, 8.499763251035e-05
 1.770000000000e+01, 1.220000000000e+00, 8.000000000000e-01, 8.621777681248e-02, 2.338357929791e-04
 1.770000000000e+01, 1.220000000000e+00, 8.700000000000e-01, 8.126544429681e-02, 8.030744291645e-05
 1.770000000000e+01, 1.220000000000e+00, 9.400000000000e-01, 8.022202854216e-02, 9.701819145620e-05
 1.770000000000e+01, 1.220000000000e+00, 1.010000000000e+00, 8.036005947239e-02, 8.716750152180e-05
 1.770000000000e+01, 1.220000000000e+00, 1.080000000000e+00, 8.074908000180e-02, 1.058851663067e-04
 1.770000000000e+01, 1.220000000000e+00, 1.150000000000e+00, 8.119574009064e-02, 1.320998065230e-04
 1.770000000000e+01, 1.220000000000e+00, 1.220000000000e+00, 8.206774355870e-02, 1.244647964471e-04
 1.770000000000e+01, 1.220000000000e+00, 1.290000000000e+00, 8.263623754862e-02, 1.103553908091e-04
 1.770000000000e+01, 1.220000000000e+00, 1.360000000000e+00, 8.351578299150e-02, 1.032372933090e-04
 1.770000000000e+01, 1.220000000000e+00, 1.430000000000e+00, 8.443731307344e-02, 9.791387996880e-05
 1.770000000000e+01, 1.290000000000e+00, 8.000000000000e-01, 8.737379277424e-02, 2.310555949227e-04
 1.770000000000e+01, 1.290000000000e+00, 8.700000000000e-01, 8.292170987268e-02, 8.466231789940e-05
 1.770000000000e+01, 1.290000000000e+00, 9.400000000000e-01, 8.155301279156e-02, 8.930142669742e-05
 1.770000000000e+01, 1.290000000000e+00, 1.010000000000e+00, 8.150433786594e-02, 1.317172361567e-04
 1.770000000000e+01, 1.290000000000e+00, 1.080000000000e+00, 8.200548938440e-02, 1.115097923596e-04
 1.770000000000e+01, 1.290000000000e+00, 1.150000000000e+00, 8.264986771600e-02, 1.198540029846e-04
 1.770000000000e+01, 1.290000000000e+00, 1.220000000000e+00, 8.336483523598e-02, 1.220321673926e-04
 1.770000000000e+01, 1.290000000000e+00, 1.290000000000e+00, 8.395001255669e-02, 1.302473248511e-04
 1.770000000000e+01, 1.290000000000e+00, 1.360000000000e+00, 8.491634305147e-02, 1.158369561585e-04
 1.770000000000e+01, 1.290000000000e+00, 1.430000000000e+00, 8.548162753341e-02, 1.268504632308e-04
 1.770000000000e+01, 1.360000000000e+00, 8.000000000000e-01, 8.846613471336e-02, 2.258147898035e-04
 1.770000000000e+01, 1.360000000000e+00, 8.700000000000e-01, 8.423042317146e-02, 9.528886544050e-05
 1.770000000000e+01, 1.360000000000e+00, 9.400000000000e-01, 8.286221036097e-02, 1.272428630510e-04
 1.770000000000e+01, 1.360000000000e+00, 1.010000000000e+00, 8.279585085294e-02, 1.139251038200e-04
 1.770000000000e+01, 1.360000000000e+00, 1.080000000000e+00, 8.314159690318e-02, 1.326524002607e-04
 1.770000000000e+01, 1.360000000000e+00, 1.150000000000e+00, 8.397415365570e-02, 1.243155709550e-04
 1.770000000000e+01, 1.360000000000e+00, 1.220000000000e+00, 8.499048703730e-02, 1.063647861471e-04
 1.770000000000e+01, 1.360000000000e+00, 1.290000000000e+00, 8.536243627082e-02, 1.241186185320e-04
 1.770000000000e+01, 1.360000000000e+00, 1.360000000000e+00, 8.613617838161e-02, 1.208122737619e-04
 1.770000000000e+01, 1.360000000000e+00, 1.430000000000e+00, 8.676876256937e-02, 1.326702182081e-04
 1.770000000000e+01, 1.430000000000e+00, 8.000000000000e-01, 9.035014474277e-02, 2.799628429390e-04
 1.770000000000e+01, 1.430000000000e+00, 8.700000000000e-01, 8.546419820593e-02, 9.241216201852e-05
 1.770000000000e+01, 1.430000000000e+00, 9.400000000000e-01, 8.397544156760e-02, 1.205813355569e-04
 1.770000000000e+01, 1.430000000000e+00, 1.010000000000e+00, 8.418995542688e-02, 1.174847727569e-04
 1.770000000000e+01, 1.430000000000e+00, 1.080000000000e+00, 8.470409196666e-02, 1.573898144695e-04
 1.770000000000e+01, 1.430000000000e+00, 1.150000000000e+00, 8.513295552401e-02, 1.763811789191e-04
 1.770000000000e+01, 1.430000000000e+00, 1.220000000000e+00, 8.587925210992e-02, 1.423336547837e-04
 1.770000000000e+01, 1.430000000000e+00, 1.290000000000e+00, 8.625626471407e-02, 1.602704803146e-04
 1.770000000000e+01, 1.430000000000e+00, 1.360000000000e+00, 8.737810186565e-02, 1.237361395543e-04
 1.770000000000e+01, 1.430000000000e+00, 1.430000000000e+00, 8.825783529771e-02, 1.273638361815e-04
