#              p[0],               p[1],               p[2],             energy,               error
 2.000000000000e+00, 8.000000000000e-01, 8.000000000000e-01, 2.603325991606e+00, 1.641945754262e-02
 2.000000000000e+00, 8.000000000000e-01, 9.200000000000e-01, 2.446981736575e+00, 1.877726201631e-02
 2.000000000000e+00, 8.000000000000e-01, 1.040000000000e+00, 2.446057462021e+00, 1.941340876440e-02
 2.000000000000e+00, 8.000000000000e-01, 1.160000000000e+00, 2.417451603078e+00, 1.860303546145e-02
 2.000000000000e+00, 8.000000000000e-01, 1.280000000000e+00, 2.435321955671e+00, 2.075588391556e-02
 2.000000000000e+00, 8.000000000000e-01, 1.400000000000e+00, 2.429035931251e+00, 2.000486816109e-02
 2.000000000000e+00, 8.000000000000e-01, 1.520000000000e+00, 2.484140813808e+00, 2.092156962929e-02
 2.000000000000e+00, 8.000000000000e-01, 1.640000000000e+00, 2.474834036908e+00, 2.112096178512e-02
 2.000000000000e+00, 8.000000000000e-01, 1.760000000000e+00, 2.535427570451e+00, 2.305635241512e-02
 2.000000000000e+00, 8.000000000000e-01, 1.880000000000e+00, 2.536627156859e+00, 2.192046311505e-02
 2.000000000000e+00, 9.200000000000e-01, 8.000000000000e-01, 9.906101956027e-01, 3.322679482431e-03
 2.000000000000e+00, 9.200000000000e-01, 9.200000000000e-01, 8.521100955914e-01, 3.291856802563e-03
 2.000000000000e+00, 9.200000000000e-01, 1.040000000000e+00, 8.313478433967e-01, 3.703349646725e-03
 2.000000000000e+00, 9.200000000000e-01, 1.160000000000e+00, 8.440941701985e-01, 3.727705744251e-03
 2.000000000000e+00, 9.200000000000e-01, 1.280000000000e+00, 8.537589293288e-01, 3.916735967135e-03
 2.000000000000e+00, 9.200000000000e-01, 1.400000000000e+00, 8.664765185515e-01, 3.995402866412e-03
 2.000000000000e+00, 9.200000000000e-01, 1.520000000000e+00, 8.871574407077e-01, 4.100718837774e-03
 2.000000000000e+00, 9.200000000000e-01, 1.640000000000e+00, 8.887529730985e-01, 4.040097494930e-03
 2.000000000000e+00, 9.200000000000e-01, 1.760000000000e+00, 9.065762390234e-01, 4.488049022865e-03
 2.000000000000e+00, 9.200000000000e-01, 1.880000000000e+00, 9.028048689332e-01, 3.995983382171e-03
 2.000000000000e+00, 1.040000000000e+00, 8.000000000000e-01, 6.871971651220e-01, 1.190240415007e-03
 2.000000000000e+00, 1.040000000000e+00, 9.200000000000e-01, 5.465048060212e-01, 6.795125734679e-04
 2.000000000000e+00, 1.040000000000e+00, 1.040000000000e+00, 5.318054449576e-01, 6.637151273157e-04
 2.000000000000e+00, 1.040000000000e+00, 1.160000000000e+00, 5.424933144634e-01, 7.713529543735e-04
 2.000000000000e+00, 1.040000000000e+00, 1.280000000000e+00, 5.568886314898e-01, 7.838598711043e-04
 2.000000000000e+00, 1.040000000000e+00, 1.400000000000e+00, 5.682232806406e-01, 7.742816930722e-04
 2.000000000000e+00, 1.040000000000e+00, 1.520000000000e+00, 5.791122825604e-01, 7.748364029863e-04
 2.000000000000e+00, 1.040000000000e+00, 1.640000000000e+00, 5.893888912975e-01, 8.139460123587e-04
 2.000000000000e+00, 1.040000000000e+00, 1.760000000000e+00, 5.970488771374e-01, 7.877628557128e-04
 2.000000000000e+00, 1.040000000000e+00, 1.880000000000e+00, 6.030051398444e-01, 8.123601147472e-04
 2.000000000000e+00, 1.160000000000e+00, 8.000000000000e-01, 6.539840088270e-01, 1.054470171729e-03
 2.000000000000e+00, 1.160000000000e+00, 9.200000000000e-01, 5.148424204272e-01, 4.216137664462e-04
 2.000000000000e+00, 1.160000000000e+00, 1.040000000000e+00, 5.013505114827e-01, 4.951501501915e-04
 2.000000000000e+00, 1.160000000000e+00, 1.160000000000e+00, 5.131376731970e-01, 4.877944381363e-04
 2.000000000000e+00, 1.160000000000e+00, 1.280000000000e+00, 5.271143565367e-01, 4.710973157877e-04
 2.000000000000e+00, 1.160000000000e+00, 1.400000000000e+00, 5.407053797593e-01, 4.472167063338e-04
 2.000000000000e+00, 1.160000000000e+00, 1.520000000000e+00, 5.523013905818e-01, 4.453061763020e-04
 2.000000000000e+00, 1.160000000000e+00, 1.640000000000e+00, 5.602541215499e-01, 4.378862114770e-04
 2.000000000000e+00, 1.160000000000e+00, 1.760000000000e+00, 5.675718889830e-01, 4.452438561771e-04
 2.000000000000e+00, 1.160000000000e+00, 1.880000000000e+00, 5.734359979008e-01, 4.457030906287e-04
 2.000000000000e+00, 1.280000000000e+00, 8.000000000000e-01, 6.740164330749e-01, 1.049696983521e-03
 2.000000000000e+00, 1.280000000000e+00, 9.200000000000e-01, 5.423221915026e-01, 4.747057060330e-04
 2.000000000000e+00, 1.280000000000e+00, 1.040000000000e+00, 5.274347656954e-01, 5.492012869654e-04
 2.000000000000e+00, 1.280000000000e+00, 1.160000000000e+00, 5.373851731942e-01, 5.799870487265e-04
 2.000000000000e+00, 1.280000000000e+00, 1.280000000000e+00, 5.544042542188e-01, 5.445489213567e-04
 2.000000000000e+00, 1.280000000000e+00, 1.400000000000e+00, 5.662634011997e-01, 5.312777296881e-04
 2.000000000000e+00, 1.280000000000e+00, 1.520000000000e+00, 5.774486411784e-01, 5.092834688304e-04
 2.000000000000e+00, 1.280000000000e+00, 1.640000000000e+00, 5.860192779698e-01, 5.024829424935e-04
 2.000000000000e+00, 1.280000000000e+00, 1.760000000000e+00, 5.940189942691e-01, 5.110939288393e-04
 2.000000000000e+00, 1.280000000000e+00, 1.880000000000e+00, 5.996736067745e-01, 5.166602810303e-04
 2.000000000000e+00, 1.400000000000e+00, 8.000000000000e-01, 6.977307774781e-01, 1.044707365834e-03
 2.000000000000e+00, 1.400000000000e+00, 9.200000000000e-01, 5.746003041730e-01, 4.973078252500e-04
 2.000000000000e+00, 1.400000000000e+00, 1.040000000000e+00, 5.613443139510e-01, 5.538189315336e-04
 2.000000000000e+00, 1.400000000000e+00, 1.160000000000e+00, 5.705916261927e-01, 5.776987590564e-04
 2.000000000000e+00, 1.400000000000e+00, 1.280000000000e+00, 5.860976083088e-01, 5.622689954063e-04
 2.000000000000e+00, 1.400000000000e+00, 1.400000000000e+00, 5.997338859178e-01, 5.504587461547e-04
 2.000000000000e+00, 1.400000000000e+00, 1.520000000000e+00, 6.088480026821e-01, 5.539181216110e-04
 2.000000000000e+00, 1.400000000000e+00, 1.640000000000e+00, 6.197027064171e-01, 5.259840350667e-04
 2.000000000000e+00, 1.400000000000e+00, 1.760000000000e+00, 6.271306410240e-01, 5.204819233457e-04
 2.000000000000e+00, 1.400000000000e+00, 1.880000000000e+00, 6.335878619631e-01, 5.175698116613e-04
 2.000000000000e+00, 1.520000000000e+00, 8.000000000000e-01, 7.263034165054e-01, 1.090544668644e-03
 2.000000000000e+00, 1.520000000000e+00, 9.200000000000e-01, 6.005842480008e-01, 5.159219394121e-04
 2.000000000000e+00, 1.520000000000e+00, 1.040000000000e+00, 5.876425269858e-01, 5.891886077409e-04
 2.000000000000e+00, 1.520000000000e+00, 1.160000000000e+00, 5.984408122365e-01, 5.774141123073e-04
 2.000000000000e+00, 1.520000000000e+00, 1.280000000000e+00, 6.134184484394e-01, 5.798540304533e-04
 2.000000000000e+00, 1.520000000000e+00, 1.400000000000e+00, 6.271447752551e-01, 5.603245361057e-04
 2.000000000000e+00, 1.520000000000e+00, 1.520000000000e+00, 6.379815322535e-01, 5.481165658961e-04
 2.000000000000e+00, 1.520000000000e+00, 1.640000000000e+00, 6.474501257240e-01, 5.375997692570e-04
 2.000000000000e+00, 1.520000000000e+00, 1.760000000000e+00, 6.545686322874e-01, 5.312629823028e-04
 2.000000000000e+00, 1.520000000000e+00, 1.880000000000e+00, 6.611935847254e-01, 5.041478859898e-04
 2.000000000000e+00, 1.640000000000e+00, 8.000000000000e-01, 7.403108053790e-01, 1.067056747189e-03
 2.000000000000e+00, 1.640000000000e+00, 9.200000000000e-01, 6.200513434364e-01, 5.252156535374e-04
 2.000000000000e+00, 1.640000000000e+00, 1.040000000000e+00, 6.093671820173e-01, 5.768597449679e-04
 2.000000000000e+00, 1.640000000000e+00, 1.160000000000e+00, 6.205034847790e-01, 5.850668364596e-04
 2.000000000000e+00, 1.640000000000e+00, 1.280000000000e+00, 6.350672251146e-01, 5.778073274426e-04
 2.000000000000e+00, 1.640000000000e+00, 1.400000000000e+00, 6.481064799449e-01, 5.826915707079e-04
 2.000000000000e+00, 1.640000000000e+00, 1.520000000000e+00, 6.597114061037e-01, 5.439807750885e-04
 2.000000000000e+00, 1.640000000000e+00, 1.640000000000e+00, 6.688599540220e-01, 5.464814618036e-04
 2.000000000000e+00, 1.640000000000e+00, 1.760000000000e+00, 6.773800865259e-01, 5.214372207134e-04
 2.000000000000e+00, 1.640000000000e+00, 1.880000000000e+00, 6.841162755178e-01, 5.064710002246e-04
 2.000000000000e+00, 1.760000000000e+00, 8.000000000000e-01, 7.493758151740e-01, 1.046313466299e-03
 2.000000000000e+00, 1.760000000000e+00, 9.200000000000e-01, 6.370362950773e-01, 5.326425116561e-04
 2.000000000000e+00, 1.760000000000e+00, 1.040000000000e+00, 6.264294984262e-01, 5.815075231539e-04
 2.000000000000e+00, 1.760000000000e+00, 1.160000000000e+00, 6.379202899010e-01, 5.864444093150e-04
 2.000000000000e+00, 1.760000000000e+00, 1.280000000000e+00, 6.507295883744e-01, 5.739779149475e-04
 2.000000000000e+00, 1.760000000000e+00, 1.400000000000e+00, 6.637526073605e-01, 5.609927832091e-04
 2.000000000000e+00, 1.760000000000e+00, 1.520000000000e+00, 6.764160008511e-01, 5.404257538954e-04
 2.000000000000e+00, 1.760000000000e+00, 1.640000000000e+00, 6.857467764289e-01, 5.290968769825e-04
 2.000000000000e+00, 1.760000000000e+00, 1.760000000000e+00, 6.947342189312e-01, 5.099370116561e-04
 2.000000000000e+00, 1.760000000000e+00, 1.880000000000e+00, 7.005849485834e-01, 5.075778246724e-04
 2.000000000000e+00, 1.880000000000e+00, 8.000000000000e-01, 7.549208816421e-01, 1.054382817408e-03
 2.000000000000e+00, 1.880000000000e+00, 9.200000000000e-01, 6.474756353796e-01, 5.414886013687e-04
 2.000000000000e+00, 1.880000000000e+00, 1.040000000000e+00, 6.384662178422e-01, 5.802405267247e-04
 2.000000000000e+00, 1.880000000000e+00, 1.160000000000e+00, 6.484696707704e-01, 5.976341832326e-04
 2.000000000000e+00, 1.880000000000e+00, 1.280000000000e+00, 6.636945869317e-01, 5.751082020876e-04
 2.000000000000e+00, 1.880000000000e+00, 1.400000000000e+00, 6.768246875146e-01, 5.684042898450e-04
 2.000000000000e+00, 1.880000000000e+00, 1.520000000000e+00, 6.888712919144e-01, 5.435354280117e-04
 2.000000000000e+00, 1.880000000000e+00, 1.640000000000e+00, 6.982177107894e-01, 5.273451923385e-04
 2.000000000000e+00, 1.880000000000e+00, 1.760000000000e+00, 7.065942091800e-01, 5.238953251433e-04
 2.000000000000e+00, 1.880000000000e+00, 1.880000000000e+00, 7.136138775450e-01, 5.107067143639e-04
 2.400000000000e+00, 8.000000000000e-01, 8.000000000000e-01, 2.059860349707e+00, 1.408383280123e-02
 2.400000000000e+00, 8.000000000000e-01, 9.200000000000e-01, 1.924277835755e+00, 1.547094452154e-02
 2.400000000000e+00, 8.000000000000e-01, 1.040000000000e+00, 1.954336262687e+00, 1.800670087827e-02
 2.400000000000e+00, 8.000000000000e-01, 1.160000000000e+00, 1.933422470757e+00, 1.708519372692e-02
 2.400000000000e+00, 8.000000000000e-01, 1.280000000000e+00, 1.932965248765e+00, 1.684551572928e-02
 2.400000000000e+00, 8.000000000000e-01, 1.400000000000e+00, 1.938620066874e+00, 1.734062252843e-02
 2.400000000000e+00, 8.000000000000e-01, 1.520000000000e+00, 1.968390586633e+00, 1.769153849785e-02
 2.400000000000e+00, 8.000000000000e-01, 1.640000000000e+00, 1.992388112892e+00, 1.853589672673e-02
 2.400000000000e+00, 8.000000000000e-01, 1.760000000000e+00, 1.969823864776e+00, 1.700788325304e-02
 2.400000000000e+00, 8.000000000000e-01, 1.880000000000e+00, 1.996173854026e+00, 1.736071611612e-02
 2.400000000000e+00, 9.200000000000e-01, 8.000000000000e-01, 8.109177818473e-01, 2.925914351514e-03
 2.400000000000e+00, 9.200000000000e-01, 9.200000000000e-01, 6.984639414031e-01, 2.633978799884e-03
 2.400000000000e+00, 9.200000000000e-01, 1.040000000000e+00, 6.931850786629e-01, 3.281833688894e-03
 2.400000000000e+00, 9.200000000000e-01, 1.160000000000e+00, 7.006466368843e-01, 3.229120916787e-03
 2.400000000000e+00, 9.200000000000e-01, 1.280000000000e+00, 7.102636725239e-01, 3.207166246407e-03
 2.400000000000e+00, 9.200000000000e-01, 1.400000000000e+00, 7.252967957929e-01, 3.241640335781e-03
 2.400000000000e+00, 9.200000000000e-01, 1.520000000000e+00, 7.323788466619e-01, 3.327726679813e-03
 2.400000000000e+00, 9.200000000000e-01, 1.640000000000e+00, 7.388439027530e-01, 3.255403307039e-03
 2.400000000000e+00, 9.200000000000e-01, 1.760000000000e+00, 7.523920839722e-01, 3.374615769162e-03
 2.400000000000e+00, 9.200000000000e-01, 1.880000000000e+00, 7.580744227131e-01, 3.515769023708e-03
 2.400000000000e+00, 1.040000000000e+00, 8.000000000000e-01, 5.739572311648e-01, 9.824849187339e-04
 2.400000000000e+00, 1.040000000000e+00, 9.200000000000e-01, 4.673385868283e-01, 5.637841243171e-04
 2.400000000000e+00, 1.040000000000e+00, 1.040000000000e+00, 4.591160681193e-01, 5.383380790368e-04
 2.400000000000e+00, 1.040000000000e+00, 1.160000000000e+00, 4.684710069116e-01, 6.439308616259e-04
 2.400000000000e+00, 1.040000000000e+00, 1.280000000000e+00, 4.818572482236e-01, 6.468524114110e-04
 2.400000000000e+00, 1.040000000000e+00, 1.400000000000e+00, 4.933417466956e-01, 6.465110624718e-04
 2.400000000000e+00, 1.040000000000e+00, 1.520000000000e+00, 5.051862566752e-01, 7.000492116937e-04
 2.400000000000e+00, 1.040000000000e+00, 1.640000000000e+00, 5.132345068541e-01, 6.482337255195e-04
 2.400000000000e+00, 1.040000000000e+00, 1.760000000000e+00, 5.212524444232e-01, 6.603735580949e-04
 2.400000000000e+00, 1.040000000000e+00, 1.880000000000e+00, 5.274796294069e-01, 6.760675710221e-04
 2.400000000000e+00, 1.160000000000e+00, 8.000000000000e-01, 5.538728487031e-01, 8.585651634985e-04
 2.400000000000e+00, 1.160000000000e+00, 9.200000000000e-01, 4.482592900969e-01, 3.270572385446e-04
 2.400000000000e+00, 1.160000000000e+00, 1.040000000000e+00, 4.388623743776e-01, 4.041771065421e-04
 2.400000000000e+00, 1.160000000000e+00, 1.160000000000e+00, 4.487588144896e-01, 4.165825105074e-04
 2.400000000000e+00, 1.160000000000e+00, 1.280000000000e+00, 4.616066821486e-01, 3.960856474363e-04
 2.400000000000e+00, 1.160000000000e+00, 1.400000000000e+00, 4.741949486866e-01, 3.967474947659e-04
 2.400000000000e+00, 1.160000000000e+00, 1.520000000000e+00, 4.844314799264e-01, 3.735216716674e-04
 2.400000000000e+00, 1.160000000000e+00, 1.640000000000e+00, 4.936643026932e-01, 3.723834836602e-04
 2.400000000000e+00, 1.160000000000e+00, 1.760000000000e+00, 5.011949220592e-01, 3.674653502153e-04
 2.400000000000e+00, 1.160000000000e+00, 1.880000000000e+00, 5.070471830482e-01, 3.612415694549e-04
 2.400000000000e+00, 1.280000000000e+00, 8.000000000000e-01, 5.745249456991e-01, 8.760312110949e-04
 2.400000000000e+00, 1.280000000000e+00, 9.200000000000e-01, 4.706631669236e-01, 3.815592993887e-04
 2.400000000000e+00, 1.280000000000e+00, 1.040000000000e+00, 4.612101028913e-01, 4.531454738031e-04
 2.400000000000e+00, 1.280000000000e+00, 1.160000000000e+00, 4.724734385027e-01, 4.641645262309e-04
 2.400000000000e+00, 1.280000000000e+00, 1.280000000000e+00, 4.850250826891e-01, 4.546767645872e-04
 2.400000000000e+00, 1.280000000000e+00, 1.400000000000e+00, 4.973110799895e-01, 4.510701207611e-04
 2.400000000000e+00, 1.280000000000e+00, 1.520000000000e+00, 5.070470582693e-01, 4.335558968544e-04
 2.400000000000e+00, 1.280000000000e+00, 1.640000000000e+00, 5.157247355643e-01, 4.303305788726e-04
 2.400000000000e+00, 1.280000000000e+00, 1.760000000000e+00, 5.248373484380e-01, 4.186971846327e-04
 2.400000000000e+00, 1.280000000000e+00, 1.880000000000e+00, 5.303717963263e-01, 4.166231318428e-04
 2.400000000000e+00, 1.400000000000e+00, 8.000000000000e-01, 5.971167687378e-01, 8.783575239840e-04
 2.400000000000e+00, 1.400000000000e+00, 9.200000000000e-01, 4.979772630462e-01, 4.105728210577e-04
 2.400000000000e+00, 1.400000000000e+00, 1.040000000000e+00, 4.896875529519e-01, 4.734808812163e-04
 2.400000000000e+00, 1.400000000000e+00, 1.160000000000e+00, 4.999449599834e-01, 4.848370116706e-04
 2.400000000000e+00, 1.400000000000e+00, 1.280000000000e+00, 5.116584428436e-01, 4.785442481009e-04
 2.400000000000e+00, 1.400000000000e+00, 1.400000000000e+00, 5.238799936379e-01, 4.743577847034e-04
 2.400000000000e+00, 1.400000000000e+00, 1.520000000000e+00, 5.347424862620e-01, 4.634324611223e-04
 2.400000000000e+00, 1.400000000000e+00, 1.640000000000e+00, 5.431423660977e-01, 4.442375216538e-04
 2.400000000000e+00, 1.400000000000e+00, 1.760000000000e+00, 5.511193624372e-01, 4.399442351696e-04
 2.400000000000e+00, 1.400000000000e+00, 1.880000000000e+00, 5.581905075250e-01, 4.225465873976e-04
 2.400000000000e+00, 1.520000000000e+00, 8.000000000000e-01, 6.168235821362e-01, 8.937497551043e-04
 2.400000000000e+00, 1.520000000000e+00, 9.200000000000e-01, 5.212897900722e-01, 4.251181899682e-04
 2.400000000000e+00, 1.520000000000e+00, 1.040000000000e+00, 5.128863606373e-01, 4.800025919459e-04
 2.400000000000e+00, 1.520000000000e+00, 1.160000000000e+00, 5.234153332414e-01, 4.858714418135e-04
 2.400000000000e+00, 1.520000000000e+00, 1.280000000000e+00, 5.354289257166e-01, 4.835005604116e-04
 2.400000000000e+00, 1.520000000000e+00, 1.400000000000e+00, 5.471043494143e-01, 4.867350856362e-04
 2.400000000000e+00, 1.520000000000e+00, 1.520000000000e+00, 5.575140477954e-01, 4.733937111468e-04
 2.400000000000e+00, 1.520000000000e+00, 1.640000000000e+00, 5.671962907282e-01, 4.541876160114e-04
 2.400000000000e+00, 1.520000000000e+00, 1.760000000000e+00, 5.744516066819e-01, 4.484396630815e-04
 2.400000000000e+00, 1.520000000000e+00, 1.880000000000e+00, 5.810607279727e-01, 4.351100896900e-04
 2.400000000000e+00, 1.640000000000e+00, 8.000000000000e-01, 6.336959412042e-01, 8.980245228265e-04
 2.400000000000e+00, 1.640000000000e+00, 9.200000000000e-01, 5.389842362769e-01, 4.258045103890e-04
 2.400000000000e+00, 1.640000000000e+00, 1.040000000000e+00, 5.310661118559e-01, 4.968391901797e-04
 2.400000000000e+00, 1.640000000000e+00, 1.160000000000e+00, 5.416622121370e-01, 4.800912351976e-04
 2.400000000000e+00, 1.640000000000e+00, 1.280000000000e+00, 5.547520480788e-01, 4.754439617820e-04
 2.400000000000e+00, 1.640000000000e+00, 1.400000000000e+00, 5.661750631411e-01, 4.542152917857e-04
 2.400000000000e+00, 1.640000000000e+00, 1.520000000000e+00, 5.757796081546e-01, 4.542202188079e-04
 2.400000000000e+00, 1.640000000000e+00, 1.640000000000e+00, 5.857501580094e-01, 4.442640823174e-04
 2.400000000000e+00, 1.640000000000e+00, 1.760000000000e+00, 5.929068547446e-01, 4.650104620337e-04
 2.400000000000e+00, 1.640000000000e+00, 1.880000000000e+00, 6.012088572797e-01, 4.285787213570e-04
 2.400000000000e+00, 1.760000000000e+00, 8.000000000000e-01, 6.417364820232e-01, 8.765487052326e-04
 2.400000000000e+00, 1.760000000000e+00, 9.200000000000e-01, 5.535911389758e-01, 4.265694059497e-04
 2.400000000000e+00, 1.760000000000e+00, 1.040000000000e+00, 5.455570856574e-01, 4.722248416396e-04
 2.400000000000e+00, 1.760000000000e+00, 1.160000000000e+00, 5.558587477582e-01, 4.956452992624e-04
 2.400000000000e+00, 1.760000000000e+00, 1.280000000000e+00, 5.673969409088e-01, 4.987505937647e-04
 2.400000000000e+00, 1.760000000000e+00, 1.400000000000e+00, 5.806037119923e-01, 4.752515755643e-04
 2.400000000000e+00, 1.760000000000e+00, 1.520000000000e+00, 5.899027501781e-01, 4.607582203902e-04
 2.400000000000e+00, 1.760000000000e+00, 1.640000000000e+00, 6.007662957141e-01, 4.454627187539e-04
 2.400000000000e+00, 1.760000000000e+00, 1.760000000000e+00, 6.078708137909e-01, 4.486622310989e-04
 2.400000000000e+00, 1.760000000000e+00, 1.880000000000e+00, 6.144044007850e-01, 4.259780522900e-04
 2.400000000000e+00, 1.880000000000e+00, 8.000000000000e-01, 6.492382427190e-01, 8.788051795512e-04
 2.400000000000e+00, 1.880000000000e+00, 9.200000000000e-01, 5.625029325525e-01, 4.345055688369e-04
 2.400000000000e+00, 1.880000000000e+00, 1.040000000000e+00, 5.560947919970e-01, 4.892578917241e-04
 2.400000000000e+00, 1.880000000000e+00, 1.160000000000e+00, 5.668706228332e-01, 4.959239251223e-04
 2.400000000000e+00, 1.880000000000e+00, 1.280000000000e+00, 5.794157467502e-01, 4.857209026867e-04
 2.400000000000e+00, 1.880000000000e+00, 1.400000000000e+00, 5.917928001371e-01, 4.732293859294e-04
 2.400000000000e+00, 1.880000000000e+00, 1.520000000000e+00, 6.016098097394e-01, 4.671411249014e-04
 2.400000000000e+00, 1.880000000000e+00, 1.640000000000e+00, 6.112938063195e-01, 4.484288342466e-04
 2.400000000000e+00, 1.880000000000e+00, 1.760000000000e+00, 6.193428185146e-01, 4.417569699080e-04
 2.400000000000e+00, 1.880000000000e+00, 1.880000000000e+00, 6.265676090773e-01, 4.212521596319e-04
 2.800000000000e+00, 8.000000000000e-01, 8.000000000000e-01, 1.677128148163e+00, 1.186241190137e-02
 2.800000000000e+00, 8.000000000000e-01, 9.200000000000e-01, 1.596604802085e+00, 1.373559997800e-02
 2.800000000000e+00, 8.000000000000e-01, 1.040000000000e+00, 1.574488580153e+00, 1.368453030835e-02
 2.800000000000e+00, 8.000000000000e-01, 1.160000000000e+00, 1.558797184421e+00, 1.355702479975e-02
 2.800000000000e+00, 8.000000000000e-01, 1.280000000000e+00, 1.596029167310e+00, 1.405211810167e-02
 2.800000000000e+00, 8.000000000000e-01, 1.400000000000e+00, 1.618503670905e+00, 1.510736041529e-02
 2.800000000000e+00, 8.000000000000e-01, 1.520000000000e+00, 1.583680152088e+00, 1.426731973909e-02
 2.800000000000e+00, 8.000000000000e-01, 1.640000000000e+00, 1.638921167911e+00, 1.553721355934e-02
 2.800000000000e+00, 8.000000000000e-01, 1.760000000000e+00, 1.634530191929e+00, 1.580812300609e-02
 2.800000000000e+00, 8.000000000000e-01, 1.880000000000e+00, 1.646523693255e+00, 1.423515179761e-02
 2.800000000000e+00, 9.200000000000e-01, 8.000000000000e-01, 6.877921677131e-01, 2.445319074649e-03
 2.800000000000e+00, 9.200000000000e-01, 9.200000000000e-01, 6.075995862861e-01, 2.490510327861e-03
 2.800000000000e+00, 9.200000000000e-01, 1.040000000000e+00, 5.966119104677e-01, 2.800608046834e-03
 2.800000000000e+00, 9.200000000000e-01, 1.160000000000e+00, 6.086778186908e-01, 2.751277153101e-03
 2.800000000000e+00, 9.200000000000e-01, 1.280000000000e+00, 6.200829042154e-01, 2.945209295969e-03
 2.800000000000e+00, 9.200000000000e-01, 1.400000000000e+00, 6.245529002490e-01, 2.860176358664e-03
 2.800000000000e+00, 9.200000000000e-01, 1.520000000000e+00, 6.357781097293e-01, 2.907086853524e-03
 2.800000000000e+00, 9.200000000000e-01, 1.640000000000e+00, 6.527753241244e-01, 3.160779488655e-03
 2.800000000000e+00, 9.200000000000e-01, 1.760000000000e+00, 6.514764381430e-01, 2.743504724783e-03
 2.800000000000e+00, 9.200000000000e-01, 1.880000000000e+00, 6.632330505442e-01, 3.183883341089e-03
 2.800000000000e+00, 1.040000000000e+00, 8.000000000000e-01, 5.040027024805e-01, 8.391846055356e-04
 2.800000000000e+00, 1.040000000000e+00, 9.200000000000e-01, 4.201355784597e-01, 4.721056048832e-04
 2.800000000000e+00, 1.040000000000e+00, 1.040000000000e+00, 4.137638185196e-01, 4.559557802271e-04
 2.800000000000e+00, 1.040000000000e+00, 1.160000000000e+00, 4.233468985253e-01, 5.572580527219e-04
 2.800000000000e+00, 1.040000000000e+00, 1.280000000000e+00, 4.343137507603e-01, 5.429332297830e-04
 2.800000000000e+00, 1.040000000000e+00, 1.400000000000e+00, 4.457091271979e-01, 5.329821468791e-04
 2.800000000000e+00, 1.040000000000e+00, 1.520000000000e+00, 4.558569645102e-01, 5.385178841473e-04
 2.800000000000e+00, 1.040000000000e+00, 1.640000000000e+00, 4.634856733520e-01, 5.421459485015e-04
 2.800000000000e+00, 1.040000000000e+00, 1.760000000000e+00, 4.727297109486e-01, 5.418293878883e-04
 2.800000000000e+00, 1.040000000000e+00, 1.880000000000e+00, 4.787529727548e-01, 5.451275125306e-04
 2.800000000000e+00, 1.160000000000e+00, 8.000000000000e-01, 4.890796838252e-01, 7.261739865594e-04
 2.800000000000e+00, 1.160000000000e+00, 9.200000000000e-01, 4.057503754637e-01, 2.808782583647e-04
 2.800000000000e+00, 1.160000000000e+00, 1.040000000000e+00, 3.998445433009e-01, 5.184363960223e-04
 2.800000000000e+00, 1.160000000000e+00, 1.160000000000e+00, 4.089611139419e-01, 3.451009541147e-04
 2.800000000000e+00, 1.160000000000e+00, 1.280000000000e+00, 4.214672894246e-01, 3.359422648906e-04
 2.800000000000e+00, 1.160000000000e+00, 1.400000000000e+00, 4.316291737586e-01, 3.276909509796e-04
 2.800000000000e+00, 1.160000000000e+00, 1.520000000000e+00, 4.422299194744e-01, 3.253941121969e-04
 2.800000000000e+00, 1.160000000000e+00, 1.640000000000e+00, 4.504950636237e-01, 3.161319372752e-04
 2.800000000000e+00, 1.160000000000e+00, 1.760000000000e+00, 4.583899882878e-01, 3.072949859242e-04
 2.800000000000e+00, 1.160000000000e+00, 1.880000000000e+00, 4.648695569847e-01, 3.018757401843e-04
 2.800000000000e+00, 1.280000000000e+00, 8.000000000000e-01, 5.074463063917e-01, 7.459853519205e-04
 2.800000000000e+00, 1.280000000000e+00, 9.200000000000e-01, 4.259860575621e-01, 3.288463518836e-04
 2.800000000000e+00, 1.280000000000e+00, 1.040000000000e+00, 4.201123592253e-01, 3.803559472480e-04
 2.800000000000e+00, 1.280000000000e+00, 1.160000000000e+00, 4.298613020522e-01, 3.921793236806e-04
 2.800000000000e+00, 1.280000000000e+00, 1.280000000000e+00, 4.417184705328e-01, 4.053484202456e-04
 2.800000000000e+00, 1.280000000000e+00, 1.400000000000e+00, 4.524433468119e-01, 3.941777847705e-04
 2.800000000000e+00, 1.280000000000e+00, 1.520000000000e+00, 4.622797980894e-01, 3.733187836028e-04
 2.800000000000e+00, 1.280000000000e+00, 1.640000000000e+00, 4.705030638684e-01, 3.690319156377e-04
 2.800000000000e+00, 1.280000000000e+00, 1.760000000000e+00, 4.782238794476e-01, 3.647152732795e-04
 2.800000000000e+00, 1.280000000000e+00, 1.880000000000e+00, 4.854358111664e-01, 3.576973279348e-04
 2.800000000000e+00, 1.400000000000e+00, 8.000000000000e-01, 5.294395669990e-01, 7.655158363279e-04
 2.800000000000e+00, 1.400000000000e+00, 9.200000000000e-01, 4.492714765184e-01, 3.438790236193e-04
 2.800000000000e+00, 1.400000000000e+00, 1.040000000000e+00, 4.435077969320e-01, 3.888834523655e-04
 2.800000000000e+00, 1.400000000000e+00, 1.160000000000e+00, 4.526230248926e-01, 4.211162340840e-04
 2.800000000000e+00, 1.400000000000e+00, 1.280000000000e+00, 4.642433059070e-01, 4.206753917671e-04
 2.800000000000e+00, 1.400000000000e+00, 1.400000000000e+00, 4.755363523413e-01, 3.973372368109e-04
 2.800000000000e+00, 1.400000000000e+00, 1.520000000000e+00, 4.848144776206e-01, 3.956579471293e-04
 2.800000000000e+00, 1.400000000000e+00, 1.640000000000e+00, 4.934344079648e-01, 3.860896457987e-04
 2.800000000000e+00, 1.400000000000e+00, 1.760000000000e+00, 5.016146258344e-01, 3.766926778880e-04
 2.800000000000e+00, 1.400000000000e+00, 1.880000000000e+00, 5.086562553456e-01, 3.755965338238e-04
 2.800000000000e+00, 1.520000000000e+00, 8.000000000000e-01, 5.476481508877e-01, 7.669327064196e-04
 2.800000000000e+00, 1.520000000000e+00, 9.200000000000e-01, 4.698365432219e-01, 3.547820323708e-04
 2.800000000000e+00, 1.520000000000e+00, 1.040000000000e+00, 4.641454590293e-01, 3.918262378865e-04
 2.800000000000e+00, 1.520000000000e+00, 1.160000000000e+00, 4.733106030391e-01, 4.080838543173e-04
 2.800000000000e+00, 1.520000000000e+00, 1.280000000000e+00, 4.847747565001e-01, 4.114020956099e-04
 2.800000000000e+00, 1.520000000000e+00, 1.400000000000e+00, 4.959696783943e-01, 4.183554033305e-04
 2.800000000000e+00, 1.520000000000e+00, 1.520000000000e+00, 5.057316293450e-01, 4.066205865607e-04
 2.800000000000e+00, 1.520000000000e+00, 1.640000000000e+00, 5.152378448794e-01, 3.859153324981e-04
 2.800000000000e+00, 1.520000000000e+00, 1.760000000000e+00, 5.213761684796e-01, 3.815191281682e-04
 2.800000000000e+00, 1.520000000000e+00, 1.880000000000e+00, 5.293127394714e-01, 3.689371660652e-04
 2.800000000000e+00, 1.640000000000e+00, 8.000000000000e-01, 5.619754666743e-01, 7.542276909497e-04
 2.800000000000e+00, 1.640000000000e+00, 9.200000000000e-01, 4.856743609686e-01, 3.556977723788e-04
 2.800000000000e+00, 1.640000000000e+00, 1.040000000000e+00, 4.806799298327e-01, 4.196159401035e-04
 2.800000000000e+00, 1.640000000000e+00, 1.160000000000e+00, 4.886334986736e-01, 4.170367577868e-04
 2.800000000000e+00, 1.640000000000e+00, 1.280000000000e+00, 5.013146009936e-01, 4.005128606660e-04
 2.800000000000e+00, 1.640000000000e+00, 1.400000000000e+00, 5.120715319706e-01, 3.969840065204e-04
 2.800000000000e+00, 1.640000000000e+00, 1.520000000000e+00, 5.221926953914e-01, 4.000066940283e-04
 2.800000000000e+00, 1.640000000000e+00, 1.640000000000e+00, 5.300830850144e-01, 3.778624270051e-04
 2.800000000000e+00, 1.640000000000e+00, 1.760000000000e+00, 5.379246900259e-01, 3.853368408638e-04
 2.800000000000e+00, 1.640000000000e+00, 1.880000000000e+00, 5.451775412540e-01, 3.748862083999e-04
 2.800000000000e+00, 1.760000000000e+00, 8.000000000000e-01, 5.686252215746e-01, 7.416314457689e-04
 2.800000000000e+00, 1.760000000000e+00, 9.200000000000e-01, 4.976132302610e-01, 3.584455230003e-04
 2.800000000000e+00, 1.760000000000e+00, 1.040000000000e+00, 4.918826113382e-01, 4.095571078940e-04
 2.800000000000e+00, 1.760000000000e+00, 1.160000000000e+00, 5.026666242295e-01, 4.922835403519e-04
 2.800000000000e+00, 1.760000000000e+00, 1.280000000000e+00, 5.144041298752e-01, 4.009322199407e-04
 2.800000000000e+00, 1.760000000000e+00, 1.400000000000e+00, 5.243313769901e-01, 3.987476628872e-04
 2.800000000000e+00, 1.760000000000e+00, 1.520000000000e+00, 5.344687902602e-01, 3.944191827701e-04
 2.800000000000e+00, 1.760000000000e+00, 1.640000000000e+00, 5.428397939987e-01, 3.783192362152e-04
 2.800000000000e+00, 1.760000000000e+00, 1.760000000000e+00, 5.509198805491e-01, 3.849957936225e-04
 2.800000000000e+00, 1.760000000000e+00, 1.880000000000e+00, 5.576964658531e-01, 3.707037582527e-04
 2.800000000000e+00, 1.880000000000e+00, 8.000000000000e-01, 5.766334504856e-01, 7.525093880665e-04
 2.800000000000e+00, 1.880000000000e+00, 9.200000000000e-01, 5.073466457685e-01, 3.536540309696e-04
 2.800000000000e+00, 1.880000000000e+00, 1.040000000000e+00, 5.031346260708e-01, 4.093051230710e-04
 2.800000000000e+00, 1.880000000000e+00, 1.160000000000e+00, 5.116584897722e-01, 4.262398195435e-04
 2.800000000000e+00, 1.880000000000e+00, 1.280000000000e+00, 5.232866357054e-01, 4.112242679161e-04
 2.800000000000e+00, 1.880000000000e+00, 1.400000000000e+00, 5.345186810190e-01, 4.036997479391e-04
 2.800000000000e+00, 1.880000000000e+00, 1.520000000000e+00, 5.440230615684e-01, 3.974212815882e-04
 2.800000000000e+00, 1.880000000000e+00, 1.640000000000e+00, 5.538358958545e-01, 3.806679122827e-04
 2.800000000000e+00, 1.880000000000e+00, 1.760000000000e+00, 5.610754146751e-01, 3.677083817107e-04
 2.800000000000e+00, 1.880000000000e+00, 1.880000000000e+00, 5.677933898101e-01, 3.668023301235e-04
 3.200000000000e+00, 8.000000000000e-01, 8.000000000000e-01, 1.466910525161e+00, 1.146047247250e-02
 3.200000000000e+00, 8.000000000000e-01, 9.200000000000e-01, 1.335014433669e+00, 1.115259848750e-02
 3.200000000000e+00, 8.000000000000e-01, 1.040000000000e+00, 1.359228773522e+00, 1.271246019058e-02
 3.200000000000e+00, 8.000000000000e-01, 1.160000000000e+00, 1.316221718574e+00, 1.207408475026e-02
 3.200000000000e+00, 8.000000000000e-01, 1.280000000000e+00, 1.362917685067e+00, 1.256808754285e-02
 3.200000000000e+00, 8.000000000000e-01, 1.400000000000e+00, 1.365985881059e+00, 1.240645781095e-02
 3.200000000000e+00, 8.000000000000e-01, 1.520000000000e+00, 1.382305936186e+00, 1.314323195420e-02
 3.200000000000e+00, 8.000000000000e-01, 1.640000000000e+00, 1.394698853791e+00, 1.332433330037e-02
 3.200000000000e+00, 8.000000000000e-01, 1.760000000000e+00, 1.383572195533e+00, 1.379807134769e-02
 3.200000000000e+00, 8.000000000000e-01, 1.880000000000e+00, 1.406863999643e+00, 1.313495950491e-02
 3.200000000000e+00, 9.200000000000e-01, 8.000000000000e-01, 6.124149515216e-01, 2.160217567426e-03
 3.200000000000e+00, 9.200000000000e-01, 9.200000000000e-01, 5.394132117506e-01, 2.118395489516e-03
 3.200000000000e+00, 9.200000000000e-01, 1.040000000000e+00, 5.365550899681e-01, 2.333623570187e-03
 3.200000000000e+00, 9.200000000000e-01, 1.160000000000e+00, 5.458935984640e-01, 2.500107052715e-03
 3.200000000000e+00, 9.200000000000e-01, 1.280000000000e+00, 5.511679877998e-01, 2.453011951057e-03
 3.200000000000e+00, 9.200000000000e-01, 1.400000000000e+00, 5.600946269978e-01, 2.407394259822e-03
 3.200000000000e+00, 9.200000000000e-01, 1.520000000000e+00, 5.690941731110e-01, 2.323085154856e-03
 3.200000000000e+00, 9.200000000000e-01, 1.640000000000e+00, 5.776686595427e-01, 2.367550672850e-03
 3.200000000000e+00, 9.200000000000e-01, 1.760000000000e+00, 5.887587249974e-01, 2.655423110392e-03
 3.200000000000e+00, 9.200000000000e-01, 1.880000000000e+00, 5.982688255594e-01, 2.563637945271e-03
 3.200000000000e+00, 1.040000000000e+00, 8.000000000000e-01, 4.597235520379e-01, 7.558957055242e-04
 3.200000000000e+00, 1.040000000000e+00, 9.200000000000e-01, 3.901334875299e-01, 4.114976397987e-04
 3.200000000000e+00, 1.040000000000e+00, 1.040000000000e+00, 3.858157325412e-01, 4.403562499307e-04
 3.200000000000e+00, 1.040000000000e+00, 1.160000000000e+00, 3.938692365915e-01, 4.780551283599e-04
 3.200000000000e+00, 1.040000000000e+00, 1.280000000000e+00, 4.050791172253e-01, 4.866362118877e-04
 3.200000000000e+00, 1.040000000000e+00, 1.400000000000e+00, 4.151181407236e-01, 4.829585470986e-04
 3.200000000000e+00, 1.040000000000e+00, 1.520000000000e+00, 4.245315273440e-01, 4.850079099601e-04
 3.200000000000e+00, 1.040000000000e+00, 1.640000000000e+00, 4.329043029266e-01, 4.883214305092e-04
 3.200000000000e+00, 1.040000000000e+00, 1.760000000000e+00, 4.406573378911e-01, 4.988130895333e-04
 3.200000000000e+00, 1.040000000000e+00, 1.880000000000e+00, 4.471079535332e-01, 4.875953543751e-04
 3.200000000000e+00, 1.160000000000e+00, 8.000000000000e-01, 4.476042888403e-01, 6.538862337433e-04
 3.200000000000e+00, 1.160000000000e+00, 9.200000000000e-01, 3.790456008656e-01, 2.336323374538e-04
 3.200000000000e+00, 1.160000000000e+00, 1.040000000000e+00, 3.748432411331e-01, 3.291526746243e-04
 3.200000000000e+00, 1.160000000000e+00, 1.160000000000e+00, 3.840161633152e-01, 3.186236957663e-04
 3.200000000000e+00, 1.160000000000e+00, 1.280000000000e+00, 3.951047186662e-01, 3.008165471542e-04
 3.200000000000e+00, 1.160000000000e+00, 1.400000000000e+00, 4.048671606157e-01, 2.905554176503e-04
 3.200000000000e+00, 1.160000000000e+00, 1.520000000000e+00, 4.147973111104e-01, 2.828080074984e-04
 3.200000000000e+00, 1.160000000000e+00, 1.640000000000e+00, 4.224079639722e-01, 2.949851223764e-04
 3.200000000000e+00, 1.160000000000e+00, 1.760000000000e+00, 4.299689455837e-01, 2.687518515224e-04
 3.200000000000e+00, 1.160000000000e+00, 1.880000000000e+00, 4.363627365181e-01, 2.597750065332e-04
 3.200000000000e+00, 1.280000000000e+00, 8.000000000000e-01, 4.649595451467e-01, 6.594062191637e-04
 3.200000000000e+00, 1.280000000000e+00, 9.200000000000e-01, 3.975785443206e-01, 2.763096215220e-04
 3.200000000000e+00, 1.280000000000e+00, 1.040000000000e+00, 3.928893523380e-01, 3.316207611464e-04
 3.200000000000e+00, 1.280000000000e+00, 1.160000000000e+00, 4.017003661036e-01, 3.515895341162e-04
 3.200000000000e+00, 1.280000000000e+00, 1.280000000000e+00, 4.124884081966e-01, 3.455135459175e-04
 3.200000000000e+00, 1.280000000000e+00, 1.400000000000e+00, 4.229479579984e-01, 3.407412156603e-04
 3.200000000000e+00, 1.280000000000e+00, 1.520000000000e+00, 4.318111189709e-01, 3.352687205249e-04
 3.200000000000e+00, 1.280000000000e+00, 1.640000000000e+00, 4.399278439302e-01, 3.279783682319e-04
 3.200000000000e+00, 1.280000000000e+00, 1.760000000000e+00, 4.478319361546e-01, 3.276845504740e-04
 3.200000000000e+00, 1.280000000000e+00, 1.880000000000e+00, 4.555597736419e-01, 3.059954703570e-04
 3.200000000000e+00, 1.400000000000e+00, 8.000000000000e-01, 4.837831684022e-01, 6.610924712395e-04
 3.200000000000e+00, 1.400000000000e+00, 9.200000000000e-01, 4.179247669016e-01, 2.975867504482e-04
 3.200000000000e+00, 1.400000000000e+00, 1.040000000000e+00, 4.144002962436e-01, 3.403179159902e-04
 3.200000000000e+00, 1.400000000000e+00, 1.160000000000e+00, 4.228244532799e-01, 3.589952294196e-04
 3.200000000000e+00, 1.400000000000e+00, 1.280000000000e+00, 4.332527090170e-01, 3.537528901902e-04
 3.200000000000e+00, 1.400000000000e+00, 1.400000000000e+00, 4.427674090105e-01, 3.621133094504e-04
 3.200000000000e+00, 1.400000000000e+00, 1.520000000000e+00, 4.527561552553e-01, 3.450172590119e-04
 3.200000000000e+00, 1.400000000000e+00, 1.640000000000e+00, 4.604352118596e-01, 3.362881661410e-04
 3.200000000000e+00, 1.400000000000e+00, 1.760000000000e+00, 4.679976049638e-01, 3.381850366455e-04
 3.200000000000e+00, 1.400000000000e+00, 1.880000000000e+00, 4.755800164497e-01, 3.231254091777e-04
 3.200000000000e+00, 1.520000000000e+00, 8.000000000000e-01, 5.003936358102e-01, 6.626169347814e-04
 3.200000000000e+00, 1.520000000000e+00, 9.200000000000e-01, 4.354804963213e-01, 2.998334454408e-04
 3.200000000000e+00, 1.520000000000e+00, 1.040000000000e+00, 4.315114521562e-01, 3.512583906945e-04
 3.200000000000e+00, 1.520000000000e+00, 1.160000000000e+00, 4.406274906944e-01, 3.678678317061e-04
 3.200000000000e+00, 1.520000000000e+00, 1.280000000000e+00, 4.503747412429e-01, 3.625429997778e-04
 3.200000000000e+00, 1.520000000000e+00, 1.400000000000e+00, 4.604990974611e-01, 3.653947398790e-04
 3.200000000000e+00, 1.520000000000e+00, 1.520000000000e+00, 4.697793234928e-01, 3.531014996587e-04
 3.200000000000e+00, 1.520000000000e+00, 1.640000000000e+00, 4.775387279861e-01, 3.587126085499e-04
 3.200000000000e+00, 1.520000000000e+00, 1.760000000000e+00, 4.863533487948e-01, 3.319476729062e-04
 3.200000000000e+00, 1.520000000000e+00, 1.880000000000e+00, 4.931999063427e-01, 3.259088785129e-04
 3.200000000000e+00, 1.640000000000e+00, 8.000000000000e-01, 5.122868268900e-01, 6.681999943683e-04
 3.200000000000e+00, 1.640000000000e+00, 9.200000000000e-01, 4.500158153401e-01, 3.059817816249e-04
 3.200000000000e+00, 1.640000000000e+00, 1.040000000000e+00, 4.456364699252e-01, 3.579745007931e-04
 3.200000000000e+00, 1.640000000000e+00, 1.160000000000e+00, 4.548774399454e-01, 3.525274664316e-04
 3.200000000000e+00, 1.640000000000e+00, 1.280000000000e+00, 4.653109486688e-01, 3.620727938167e-04
 3.200000000000e+00, 1.640000000000e+00, 1.400000000000e+00, 4.750924857509e-01, 3.626347408905e-04
 3.200000000000e+00, 1.640000000000e+00, 1.520000000000e+00, 4.842760198804e-01, 3.427222454522e-04
 3.200000000000e+00, 1.640000000000e+00, 1.640000000000e+00, 4.932177088842e-01, 3.328995232361e-04
 3.200000000000e+00, 1.640000000000e+00, 1.760000000000e+00, 4.997027028225e-01, 3.404250384575e-04
 3.200000000000e+00, 1.640000000000e+00, 1.880000000000e+00, 5.069148810686e-01, 3.281602239959e-04
 3.200000000000e+00, 1.760000000000e+00, 8.000000000000e-01, 5.219362661454e-01, 6.627832616575e-04
 3.200000000000e+00, 1.760000000000e+00, 9.200000000000e-01, 4.608672810099e-01, 3.062500638726e-04
 3.200000000000e+00, 1.760000000000e+00, 1.040000000000e+00, 4.582660944034e-01, 3.606379196955e-04
 3.200000000000e+00, 1.760000000000e+00, 1.160000000000e+00, 4.658618732053e-01, 3.789466362419e-04
 3.200000000000e+00, 1.760000000000e+00, 1.280000000000e+00, 4.767604173841e-01, 3.510577379367e-04
 3.200000000000e+00, 1.760000000000e+00, 1.400000000000e+00, 4.867918490613e-01, 3.542414752249e-04
 3.200000000000e+00, 1.760000000000e+00, 1.520000000000e+00, 4.958733877294e-01, 3.486461927983e-04
 3.200000000000e+00, 1.760000000000e+00, 1.640000000000e+00, 5.045459437844e-01, 3.353833508810e-04
 3.200000000000e+00, 1.760000000000e+00, 1.760000000000e+00, 5.117678467452e-01, 3.363978670692e-04
 3.200000000000e+00, 1.760000000000e+00, 1.880000000000e+00, 5.186535464934e-01, 3.204785502780e-04
 3.200000000000e+00, 1.880000000000e+00, 8.000000000000e-01, 5.285344245409e-01, 6.592630146552e-04
 3.200000000000e+00, 1.880000000000e+00, 9.200000000000e-01, 4.692129838507e-01, 3.096573293625e-04
 3.200000000000e+00, 1.880000000000e+00, 1.040000000000e+00, 4.674901922102e-01, 3.557561016528e-04
 3.200000000000e+00, 1.880000000000e+00, 1.160000000000e+00, 4.755578989862e-01, 3.703960886790e-04
 3.200000000000e+00, 1.880000000000e+00, 1.280000000000e+00, 4.861189430908e-01, 3.604655477571e-04
 3.200000000000e+00, 1.880000000000e+00, 1.400000000000e+00, 4.958718562101e-01, 3.409617432459e-04
 3.200000000000e+00, 1.880000000000e+00, 1.520000000000e+00, 5.045476420588e-01, 3.436431702863e-04
 3.200000000000e+00, 1.880000000000e+00, 1.640000000000e+00, 5.132878297414e-01, 3.450221785738e-04
 3.200000000000e+00, 1.880000000000e+00, 1.760000000000e+00, 5.213310623592e-01, 3.388355691446e-04
 3.200000000000e+00, 1.880000000000e+00, 1.880000000000e+00, 5.279988781123e-01, 3.253245475157e-04
 3.600000000000e+00, 8.000000000000e-01, 8.000000000000e-01, 1.260478420277e+00, 1.097171820731e-02
 3.600000000000e+00, 8.000000000000e-01, 9.200000000000e-01, 1.202062616395e+00, 1.136686492342e-02
 3.600000000000e+00, 8.000000000000e-01, 1.040000000000e+00, 1.185673051031e+00, 1.185340534910e-02
 3.600000000000e+00, 8.000000000000e-01, 1.160000000000e+00, 1.196922010777e+00, 1.198346268849e-02
 3.600000000000e+00, 8.000000000000e-01, 1.280000000000e+00, 1.167991053837e+00, 1.087658523865e-02
 3.600000000000e+00, 8.000000000000e-01, 1.400000000000e+00, 1.195857873514e+00, 1.158524604945e-02
 3.600000000000e+00, 8.000000000000e-01, 1.520000000000e+00, 1.215350333370e+00, 1.158497846578e-02
 3.600000000000e+00, 8.000000000000e-01, 1.640000000000e+00, 1.233455306046e+00, 1.214277929491e-02
 3.600000000000e+00, 8.000000000000e-01, 1.760000000000e+00, 1.215167329312e+00, 1.110082659876e-02
 3.600000000000e+00, 8.000000000000e-01, 1.880000000000e+00, 1.215006125081e+00, 1.170645396334e-02
 3.600000000000e+00, 9.200000000000e-01, 8.000000000000e-01, 5.566966619278e-01, 2.023837829495e-03
 3.600000000000e+00, 9.200000000000e-01, 9.200000000000e-01, 4.970354377392e-01, 1.874230825197e-03
 3.600000000000e+00, 9.200000000000e-01, 1.040000000000e+00, 4.929597886313e-01, 2.270145756294e-03
 3.600000000000e+00, 9.200000000000e-01, 1.160000000000e+00, 5.005777182086e-01, 2.243540817753e-03
 3.600000000000e+00, 9.200000000000e-01, 1.280000000000e+00, 5.152769810988e-01, 2.290054411380e-03
 3.600000000000e+00, 9.200000000000e-01, 1.400000000000e+00, 5.228367242817e-01, 2.338386662702e-03
 3.600000000000e+00, 9.200000000000e-01, 1.520000000000e+00, 5.341900407062e-01, 2.453910839177e-03
 3.600000000000e+00, 9.200000000000e-01, 1.640000000000e+00, 5.391921518542e-01, 2.231394688839e-03
 3.600000000000e+00, 9.200000000000e-01, 1.760000000000e+00, 5.423780313967e-01, 2.210908208789e-03
 3.600000000000e+00, 9.200000000000e-01, 1.880000000000e+00, 5.528232446486e-01, 2.584011350940e-03
 3.600000000000e+00, 1.040000000000e+00, 8.000000000000e-01, 4.282732889642e-01, 6.529171738342e-04
 3.600000000000e+00, 1.040000000000e+00, 9.200000000000e-01, 3.700522960108e-01, 3.666062989568e-04
 3.600000000000e+00, 1.040000000000e+00, 1.040000000000e+00, 3.677250995839e-01, 3.601167354609e-04
 3.600000000000e+00, 1.040000000000e+00, 1.160000000000e+00, 3.749805450017e-01, 4.073981934783e-04
 3.600000000000e+00, 1.040000000000e+00, 1.280000000000e+00, 3.864266069783e-01, 4.250999486631e-04
 3.600000000000e+00, 1.040000000000e+00, 1.400000000000e+00, 3.959004522092e-01, 4.373420284534e-04
 3.600000000000e+00, 1.040000000000e+00, 1.520000000000e+00, 4.039482664230e-01, 4.351450278308e-04
 3.600000000000e+00, 1.040000000000e+00, 1.640000000000e+00, 4.116357540165e-01, 4.324662855882e-04
 3.600000000000e+00, 1.040000000000e+00, 1.760000000000e+00, 4.191849928102e-01, 4.267994562484e-04
 3.600000000000e+00, 1.040000000000e+00, 1.880000000000e+00, 4.263228931246e-01, 4.246812632937e-04
 3.600000000000e+00, 1.160000000000e+00, 8.000000000000e-01, 4.195246303522e-01, 5.557738803852e-04
 3.600000000000e+00, 1.160000000000e+00, 9.200000000000e-01, 3.625349660587e-01, 2.157238090068e-04
 3.600000000000e+00, 1.160000000000e+00, 1.040000000000e+00, 3.592906931355e-01, 2.825607662972e-04
 3.600000000000e+00, 1.160000000000e+00, 1.160000000000e+00, 3.683863012451e-01, 2.765445157824e-04
 3.600000000000e+00, 1.160000000000e+00, 1.280000000000e+00, 3.780603479740e-01, 2.715593299907e-04
 3.600000000000e+00, 1.160000000000e+00, 1.400000000000e+00, 3.874481210766e-01, 2.659354412696e-04
 3.600000000000e+00, 1.160000000000e+00, 1.520000000000e+00, 3.962366379066e-01, 2.489368336297e-04
 3.600000000000e+00, 1.160000000000e+00, 1.640000000000e+00, 4.047433409714e-01, 2.428899362126e-04
 3.600000000000e+00, 1.160000000000e+00, 1.760000000000e+00, 4.117334280526e-01, 2.381481490783e-04
 3.600000000000e+00, 1.160000000000e+00, 1.880000000000e+00, 4.181637396971e-01, 2.332504093851e-04
 3.600000000000e+00, 1.280000000000e+00, 8.000000000000e-01, 4.343984662911e-01, 5.745537142102e-04
 3.600000000000e+00, 1.280000000000e+00, 9.200000000000e-01, 3.791254339512e-01, 2.365365992102e-04
 3.600000000000e+00, 1.280000000000e+00, 1.040000000000e+00, 3.759730605168e-01, 2.944667352473e-04
 3.600000000000e+00, 1.280000000000e+00, 1.160000000000e+00, 3.843988748293e-01, 3.022089813943e-04
 3.600000000000e+00, 1.280000000000e+00, 1.280000000000e+00, 3.944554800803e-01, 3.082547926885e-04
 3.600000000000e+00, 1.280000000000e+00, 1.400000000000e+00, 4.035112511919e-01, 2.989150370447e-04
 3.600000000000e+00, 1.280000000000e+00, 1.520000000000e+00, 4.127025871266e-01, 2.892835622145e-04
 3.600000000000e+00, 1.280000000000e+00, 1.640000000000e+00, 4.210392118217e-01, 2.848574916979e-04
 3.600000000000e+00, 1.280000000000e+00, 1.760000000000e+00, 4.278074340440e-01, 2.719445298839e-04
 3.600000000000e+00, 1.280000000000e+00, 1.880000000000e+00, 4.345922765796e-01, 2.742085887753e-04
 3.600000000000e+00, 1.400000000000e+00, 8.000000000000e-01, 4.528331305108e-01, 6.023901383816e-04
 3.600000000000e+00, 1.400000000000e+00, 9.200000000000e-01, 3.971515930709e-01, 2.681683869650e-04
 3.600000000000e+00, 1.400000000000e+00, 1.040000000000e+00, 3.945949060954e-01, 3.430504945960e-04
 3.600000000000e+00, 1.400000000000e+00, 1.160000000000e+00, 4.022285546575e-01, 3.437251682056e-04
 3.600000000000e+00, 1.400000000000e+00, 1.280000000000e+00, 4.121778062412e-01, 3.277466066308e-04
 3.600000000000e+00, 1.400000000000e+00, 1.400000000000e+00, 4.218368586704e-01, 3.161198044563e-04
 3.600000000000e+00, 1.400000000000e+00, 1.520000000000e+00, 4.308505128494e-01, 3.087355962111e-04
 3.600000000000e+00, 1.400000000000e+00, 1.640000000000e+00, 4.386704211197e-01, 3.020141490029e-04
 3.600000000000e+00, 1.400000000000e+00, 1.760000000000e+00, 4.459545390156e-01, 2.962708914783e-04
 3.600000000000e+00, 1.400000000000e+00, 1.880000000000e+00, 4.525463191828e-01, 2.968500887984e-04
 3.600000000000e+00, 1.520000000000e+00, 8.000000000000e-01, 4.687362505927e-01, 6.110055305582e-04
 3.600000000000e+00, 1.520000000000e+00, 9.200000000000e-01, 4.127983525740e-01, 2.633369324720e-04
 3.600000000000e+00, 1.520000000000e+00, 1.040000000000e+00, 4.104341469997e-01, 3.704487387586e-04
 3.600000000000e+00, 1.520000000000e+00, 1.160000000000e+00, 4.187683097573e-01, 3.119217207129e-04
 3.600000000000e+00, 1.520000000000e+00, 1.280000000000e+00, 4.284815172878e-01, 3.106919421572e-04
 3.600000000000e+00, 1.520000000000e+00, 1.400000000000e+00, 4.377669725424e-01, 3.154229099260e-04
 3.600000000000e+00, 1.520000000000e+00, 1.520000000000e+00, 4.455054330426e-01, 3.216797926021e-04
 3.600000000000e+00, 1.520000000000e+00, 1.640000000000e+00, 4.538744085773e-01, 3.079551053761e-04
 3.600000000000e+00, 1.520000000000e+00, 1.760000000000e+00, 4.614843399355e-01, 3.011679975838e-04
 3.600000000000e+00, 1.520000000000e+00, 1.880000000000e+00, 4.683022736291e-01, 2.867461319315e-04
 3.600000000000e+00, 1.640000000000e+00, 8.000000000000e-01, 4.789180752490e-01, 5.940424002687e-04
 3.600000000000e+00, 1.640000000000e+00, 9.200000000000e-01, 4.262547889605e-01, 2.580001947313e-04
 3.600000000000e+00, 1.640000000000e+00, 1.040000000000e+00, 4.238242627690e-01, 3.121199775287e-04
 3.600000000000e+00, 1.640000000000e+00, 1.160000000000e+00, 4.311957611803e-01, 3.234024368231e-04
 3.600000000000e+00, 1.640000000000e+00, 1.280000000000e+00, 4.403758476534e-01, 3.243216333525e-04
 3.600000000000e+00, 1.640000000000e+00, 1.400000000000e+00, 4.504395850895e-01, 3.116238056256e-04
 3.600000000000e+00, 1.640000000000e+00, 1.520000000000e+00, 4.591308697151e-01, 3.052473848530e-04
 3.600000000000e+00, 1.640000000000e+00, 1.640000000000e+00, 4.676172103745e-01, 3.015635894197e-04
 3.600000000000e+00, 1.640000000000e+00, 1.760000000000e+00, 4.744377632110e-01, 2.949295179157e-04
 3.600000000000e+00, 1.640000000000e+00, 1.880000000000e+00, 4.810779821624e-01, 2.965603369059e-04
 3.600000000000e+00, 1.760000000000e+00, 8.000000000000e-01, 4.881810965292e-01, 5.899767473560e-04
 3.600000000000e+00, 1.760000000000e+00, 9.200000000000e-01, 4.360689074804e-01, 2.688034691597e-04
 3.600000000000e+00, 1.760000000000e+00, 1.040000000000e+00, 4.333993424088e-01, 3.202050477277e-04
 3.600000000000e+00, 1.760000000000e+00, 1.160000000000e+00, 4.420717438540e-01, 3.087805541347e-04
 3.600000000000e+00, 1.760000000000e+00, 1.280000000000e+00, 4.515929432240e-01, 3.246755828852e-04
 3.600000000000e+00, 1.760000000000e+00, 1.400000000000e+00, 4.612695622960e-01, 3.017229845604e-04
 3.600000000000e+00, 1.760000000000e+00, 1.520000000000e+00, 4.690721779976e-01, 3.136349137082e-04
 3.600000000000e+00, 1.760000000000e+00, 1.640000000000e+00, 4.776632866424e-01, 3.009919442105e-04
 3.600000000000e+00, 1.760000000000e+00, 1.760000000000e+00, 4.847128342537e-01, 3.035549003350e-04
 3.600000000000e+00, 1.760000000000e+00, 1.880000000000e+00, 4.920014628903e-01, 2.854171232351e-04
 3.600000000000e+00, 1.880000000000e+00, 8.000000000000e-01, 4.951137557656e-01, 5.785956596412e-04
 3.600000000000e+00, 1.880000000000e+00, 9.200000000000e-01, 4.449292788754e-01, 2.622212901923e-04
 3.600000000000e+00, 1.880000000000e+00, 1.040000000000e+00, 4.421556711072e-01, 3.164392363630e-04
 3.600000000000e+00, 1.880000000000e+00, 1.160000000000e+00, 4.500418848382e-01, 3.179857240721e-04
 3.600000000000e+00, 1.880000000000e+00, 1.280000000000e+00, 4.598785772642e-01, 3.140176415965e-04
 3.600000000000e+00, 1.880000000000e+00, 1.400000000000e+00, 4.688312256521e-01, 3.092225968662e-04
 3.600000000000e+00, 1.880000000000e+00, 1.520000000000e+00, 4.769906696422e-01, 3.101572552695e-04
 3.600000000000e+00, 1.880000000000e+00, 1.640000000000e+00, 4.859924438461e-01, 2.976857354330e-04
 3.600000000000e+00, 1.880000000000e+00, 1.760000000000e+00, 4.930532831811e-01, 3.022987260107e-04
 3.600000000000e+00, 1.880000000000e+00, 1.880000000000e+00, 5.004686153873e-01, 2.888571203129e-04
 4.000000000000e+00, 8.000000000000e-01, 8.000000000000e-01, 1.119943163023e+00, 9.270769915356e-03
 4.000000000000e+00, 8.000000000000e-01, 9.200000000000e-01, 1.058478665659e+00, 9.669963779159e-03
 4.000000000000e+00, 8.000000000000e-01, 1.040000000000e+00, 1.054711988462e+00, 1.039942315551e-02
 4.000000000000e+00, 8.000000000000e-01, 1.160000000000e+00, 1.055614731474e+00, 1.005437033310e-02
 4.000000000000e+00, 8.000000000000e-01, 1.280000000000e+00, 1.068834718613e+00, 1.056703346363e-02
 4.000000000000e+00, 8.000000000000e-01, 1.400000000000e+00, 1.084735901473e+00, 1.017504435361e-02
 4.000000000000e+00, 8.000000000000e-01, 1.520000000000e+00, 1.066192160129e+00, 1.004165171244e-02
 4.000000000000e+00, 8.000000000000e-01, 1.640000000000e+00, 1.066553722754e+00, 9.514109391492e-03
 4.000000000000e+00, 8.000000000000e-01, 1.760000000000e+00, 1.097387919957e+00, 1.072149125038e-02
 4.000000000000e+00, 8.000000000000e-01, 1.880000000000e+00, 1.084184548477e+00, 9.954920002010e-03
 4.000000000000e+00, 9.200000000000e-01, 8.000000000000e-01, 5.184506685844e-01, 1.768265712624e-03
 4.000000000000e+00, 9.200000000000e-01, 9.200000000000e-01, 4.706038079613e-01, 1.902188897012e-03
 4.000000000000e+00, 9.200000000000e-01, 1.040000000000e+00, 4.650044854075e-01, 1.926301516739e-03
 4.000000000000e+00, 9.200000000000e-01, 1.160000000000e+00, 4.705637691879e-01, 2.019459909932e-03
 4.000000000000e+00, 9.200000000000e-01, 1.280000000000e+00, 4.818092747275e-01, 1.999992611882e-03
 4.000000000000e+00, 9.200000000000e-01, 1.400000000000e+00, 4.892404443378e-01, 2.047823100574e-03
 4.000000000000e+00, 9.200000000000e-01, 1.520000000000e+00, 5.002296858294e-01, 2.067473099228e-03
 4.000000000000e+00, 9.200000000000e-01, 1.640000000000e+00, 5.042155209024e-01, 1.972504410098e-03
 4.000000000000e+00, 9.200000000000e-01, 1.760000000000e+00, 5.124641139250e-01, 2.029286079819e-03
 4.000000000000e+00, 9.200000000000e-01, 1.880000000000e+00, 5.193020385368e-01, 2.148504155490e-03
 4.000000000000e+00, 1.040000000000e+00, 8.000000000000e-01, 4.090863500579e-01, 6.142333648954e-04
 4.000000000000e+00, 1.040000000000e+00, 9.200000000000e-01, 3.581181801300e-01, 3.460939661926e-04
 4.000000000000e+00, 1.040000000000e+00, 1.040000000000e+00, 3.560122274830e-01, 3.301855581328e-04
 4.000000000000e+00, 1.040000000000e+00, 1.160000000000e+00, 3.644286564098e-01, 4.128679914773e-04
 4.000000000000e+00, 1.040000000000e+00, 1.280000000000e+00, 3.733696647788e-01, 3.962703736870e-04
 4.000000000000e+00, 1.040000000000e+00, 1.400000000000e+00, 3.829439707486e-01, 4.078287518774e-04
 4.000000000000e+00, 1.040000000000e+00, 1.520000000000e+00, 3.911528444224e-01, 3.903515331711e-04
 4.000000000000e+00, 1.040000000000e+00, 1.640000000000e+00, 3.986913013818e-01, 3.879814165147e-04
 4.000000000000e+00, 1.040000000000e+00, 1.760000000000e+00, 4.059762318954e-01, 3.802824612135e-04
 4.000000000000e+00, 1.040000000000e+00, 1.880000000000e+00, 4.130219788160e-01, 4.078958025168e-04
 4.000000000000e+00, 1.160000000000e+00, 8.000000000000e-01, 4.017464959472e-01, 5.294846040010e-04
 4.000000000000e+00, 1.160000000000e+00, 9.200000000000e-01, 3.525928106750e-01, 1.865729717614e-04
 4.000000000000e+00, 1.160000000000e+00, 1.040000000000e+00, 3.509640030852e-01, 2.377866503306e-04
 4.000000000000e+00, 1.160000000000e+00, 1.160000000000e+00, 3.592048028403e-01, 2.355737083838e-04
 4.000000000000e+00, 1.160000000000e+00, 1.280000000000e+00, 3.679836538597e-01, 2.398928546682e-04
 4.000000000000e+00, 1.160000000000e+00, 1.400000000000e+00, 3.773167469517e-01, 2.258979447531e-04
 4.000000000000e+00, 1.160000000000e+00, 1.520000000000e+00, 3.853708076909e-01, 2.233545549950e-04
 4.000000000000e+00, 1.160000000000e+00, 1.640000000000e+00, 3.931474198779e-01, 2.209253761870e-04
 4.000000000000e+00, 1.160000000000e+00, 1.760000000000e+00, 4.002933767914e-01, 2.191706522540e-04
 4.000000000000e+00, 1.160000000000e+00, 1.880000000000e+00, 4.073139482850e-01, 2.029501222255e-04
 4.000000000000e+00, 1.280000000000e+00, 8.000000000000e-01, 4.164002547306e-01, 5.317332717168e-04
 4.000000000000e+00, 1.280000000000e+00, 9.200000000000e-01, 3.673913331551e-01, 2.314973697607e-04
 4.000000000000e+00, 1.280000000000e+00, 1.040000000000e+00, 3.656491067970e-01, 2.729646668108e-04
 4.000000000000e+00, 1.280000000000e+00, 1.160000000000e+00, 3.729724134473e-01, 2.833484263278e-04
 4.000000000000e+00, 1.280000000000e+00, 1.280000000000e+00, 3.828158540896e-01, 2.833704405047e-04
 4.000000000000e+00, 1.280000000000e+00, 1.400000000000e+00, 3.913532059916e-01, 2.800766944012e-04
 4.000000000000e+00, 1.280000000000e+00, 1.520000000000e+00, 3.995717788170e-01, 2.748380007683e-04
 4.000000000000e+00, 1.280000000000e+00, 1.640000000000e+00, 4.074157273783e-01, 2.658126972749e-04
 4.000000000000e+00, 1.280000000000e+00, 1.760000000000e+00, 4.147751583218e-01, 2.587863885239e-04
 4.000000000000e+00, 1.280000000000e+00, 1.880000000000e+00, 4.217665221116e-01, 2.530455936944e-04
 4.000000000000e+00, 1.400000000000e+00, 8.000000000000e-01, 4.321726548753e-01, 5.399848526698e-04
 4.000000000000e+00, 1.400000000000e+00, 9.200000000000e-01, 3.844130978698e-01, 2.278009478674e-04
 4.000000000000e+00, 1.400000000000e+00, 1.040000000000e+00, 3.819043112106e-01, 2.811432890980e-04
 4.000000000000e+00, 1.400000000000e+00, 1.160000000000e+00, 3.900209594596e-01, 2.815758817557e-04
 4.000000000000e+00, 1.400000000000e+00, 1.280000000000e+00, 3.987027336938e-01, 2.939015837181e-04
 4.000000000000e+00, 1.400000000000e+00, 1.400000000000e+00, 4.074969701289e-01, 2.971077306572e-04
 4.000000000000e+00, 1.400000000000e+00, 1.520000000000e+00, 4.149467514859e-01, 2.889383854479e-04
 4.000000000000e+00, 1.400000000000e+00, 1.640000000000e+00, 4.241003849989e-01, 2.698943285284e-04
 4.000000000000e+00, 1.400000000000e+00, 1.760000000000e+00, 4.309560529475e-01, 2.651525198028e-04
 4.000000000000e+00, 1.400000000000e+00, 1.880000000000e+00, 4.376706323826e-01, 2.568087014285e-04
 4.000000000000e+00, 1.520000000000e+00, 8.000000000000e-01, 4.441535230155e-01, 5.329936713270e-04
 4.000000000000e+00, 1.520000000000e+00, 9.200000000000e-01, 3.982693536754e-01, 2.603400829784e-04
 4.000000000000e+00, 1.520000000000e+00, 1.040000000000e+00, 3.970575279351e-01, 2.696608172051e-04
 4.000000000000e+00, 1.520000000000e+00, 1.160000000000e+00, 4.042262702857e-01, 2.917465018549e-04
 4.000000000000e+00, 1.520000000000e+00, 1.280000000000e+00, 4.129403568180e-01, 2.956347489986e-04
 4.000000000000e+00, 1.520000000000e+00, 1.400000000000e+00, 4.217571041355e-01, 2.852675291165e-04
 4.000000000000e+00, 1.520000000000e+00, 1.520000000000e+00, 4.301268487916e-01, 2.864194837254e-04
 4.000000000000e+00, 1.520000000000e+00, 1.640000000000e+00, 4.382104823473e-01, 2.738978049115e-04
 4.000000000000e+00, 1.520000000000e+00, 1.760000000000e+00, 4.449436981951e-01, 2.685179118053e-04
 4.000000000000e+00, 1.520000000000e+00, 1.880000000000e+00, 4.517937024071e-01, 2.642214416647e-04
 4.000000000000e+00, 1.640000000000e+00, 8.000000000000e-01, 4.561760482145e-01, 5.580038823431e-04
 4.000000000000e+00, 1.640000000000e+00, 9.200000000000e-01, 4.103260055502e-01, 2.323210843950e-04
 4.000000000000e+00, 1.640000000000e+00, 1.040000000000e+00, 4.080793500755e-01, 2.796322134632e-04
 4.000000000000e+00, 1.640000000000e+00, 1.160000000000e+00, 4.156071153448e-01, 2.940603726794e-04
 4.000000000000e+00, 1.640000000000e+00, 1.280000000000e+00, 4.247711531592e-01, 2.905941899118e-04
 4.000000000000e+00, 1.640000000000e+00, 1.400000000000e+00, 4.338227771088e-01, 2.804801507677e-04
 4.000000000000e+00, 1.640000000000e+00, 1.520000000000e+00, 4.416523160145e-01, 2.691360297485e-04
 4.000000000000e+00, 1.640000000000e+00, 1.640000000000e+00, 4.499392874477e-01, 2.730710548410e-04
 4.000000000000e+00, 1.640000000000e+00, 1.760000000000e+00, 4.562389870370e-01, 2.790110612945e-04
 4.000000000000e+00, 1.640000000000e+00, 1.880000000000e+00, 4.631261023714e-01, 2.701035380900e-04
 4.000000000000e+00, 1.760000000000e+00, 8.000000000000e-01, 4.641706187569e-01, 5.440177671851e-04
 4.000000000000e+00, 1.760000000000e+00, 9.200000000000e-01, 4.194248391555e-01, 2.377747217339e-04
 4.000000000000e+00, 1.760000000000e+00, 1.040000000000e+00, 4.185053027198e-01, 2.736546937462e-04
 4.000000000000e+00, 1.760000000000e+00, 1.160000000000e+00, 4.256856418718e-01, 2.894712675531e-04
 4.000000000000e+00, 1.760000000000e+00, 1.280000000000e+00, 4.342115896353e-01, 2.811816883526e-04
 4.000000000000e+00, 1.760000000000e+00, 1.400000000000e+00, 4.426312573285e-01, 2.861315975871e-04
 4.000000000000e+00, 1.760000000000e+00, 1.520000000000e+00, 4.510436789393e-01, 2.835852720427e-04
 4.000000000000e+00, 1.760000000000e+00, 1.640000000000e+00, 4.591089418519e-01, 2.716002137407e-04
 4.000000000000e+00, 1.760000000000e+00, 1.760000000000e+00, 4.659200069990e-01, 2.689612118686e-04
 4.000000000000e+00, 1.760000000000e+00, 1.880000000000e+00, 4.735479407447e-01, 2.614388670093e-04
 4.000000000000e+00, 1.880000000000e+00, 8.000000000000e-01, 4.717165396666e-01, 5.327478694901e-04
 4.000000000000e+00, 1.880000000000e+00, 9.200000000000e-01, 4.278213857119e-01, 2.348879006364e-04
 4.000000000000e+00, 1.880000000000e+00, 1.040000000000e+00, 4.262939558660e-01, 2.990933528470e-04
 4.000000000000e+00, 1.880000000000e+00, 1.160000000000e+00, 4.333691746260e-01, 2.911895746192e-04
 4.000000000000e+00, 1.880000000000e+00, 1.280000000000e+00, 4.423785134880e-01, 2.827191103111e-04
 4.000000000000e+00, 1.880000000000e+00, 1.400000000000e+00, 4.510932981196e-01, 2.792512357725e-04
 4.000000000000e+00, 1.880000000000e+00, 1.520000000000e+00, 4.593967035760e-01, 2.668994050598e-04
 4.000000000000e+00, 1.880000000000e+00, 1.640000000000e+00, 4.667979375497e-01, 2.614802994780e-04
 4.000000000000e+00, 1.880000000000e+00, 1.760000000000e+00, 4.735630438676e-01, 2.712504172779e-04
 4.000000000000e+00, 1.880000000000e+00, 1.880000000000e+00, 4.805790225948e-01, 2.624096713608e-04
 4.400000000000e+00, 8.000000000000e-01, 8.000000000000e-01, 1.011087696850e+00, 8.149589953358e-03
 4.400000000000e+00, 8.000000000000e-01, 9.200000000000e-01, 9.578610819329e-01, 9.221854392179e-03
 4.400000000000e+00, 8.000000000000e-01, 1.040000000000e+00, 9.541229702393e-01, 9.831874843701e-03
 4.400000000000e+00, 8.000000000000e-01, 1.160000000000e+00, 9.692183193929e-01, 1.054330179690e-02
 4.400000000000e+00, 8.000000000000e-01, 1.280000000000e+00, 9.628181789233e-01, 8.908432470512e-03
 4.400000000000e+00, 8.000000000000e-01, 1.400000000000e+00, 9.809693796745e-01, 9.714938528588e-03
 4.400000000000e+00, 8.000000000000e-01, 1.520000000000e+00, 9.910050121856e-01, 9.647666274240e-03
 4.400000000000e+00, 8.000000000000e-01, 1.640000000000e+00, 9.838555102731e-01, 1.010359653042e-02
 4.400000000000e+00, 8.000000000000e-01, 1.760000000000e+00, 9.904157854629e-01, 9.610505089125e-03
 4.400000000000e+00, 8.000000000000e-01, 1.880000000000e+00, 9.924870612450e-01, 9.854255107798e-03
 4.400000000000e+00, 9.200000000000e-01, 8.000000000000e-01, 4.853055366682e-01, 1.581979338449e-03
 4.400000000000e+00, 9.200000000000e-01, 9.200000000000e-01, 4.474924605519e-01, 1.616091578079e-03
 4.400000000000e+00, 9.200000000000e-01, 1.040000000000e+00, 4.408303001553e-01, 1.652899843793e-03
 4.400000000000e+00, 9.200000000000e-01, 1.160000000000e+00, 4.512886015590e-01, 1.875941362419e-03
 4.400000000000e+00, 9.200000000000e-01, 1.280000000000e+00, 4.602144652254e-01, 2.013594780831e-03
 4.400000000000e+00, 9.200000000000e-01, 1.400000000000e+00, 4.697282503855e-01, 1.912665008138e-03
 4.400000000000e+00, 9.200000000000e-01, 1.520000000000e+00, 4.760728287780e-01, 1.893166112137e-03
 4.400000000000e+00, 9.200000000000e-01, 1.640000000000e+00, 4.832439706881e-01, 1.927151584436e-03
 4.400000000000e+00, 9.200000000000e-01, 1.760000000000e+00, 4.909382200433e-01, 2.078422911697e-03
 4.400000000000e+00, 9.200000000000e-01, 1.880000000000e+00, 4.992252616666e-01, 2.017631111078e-03
 4.400000000000e+00, 1.040000000000e+00, 8.000000000000e-01, 3.950782620028e-01, 5.425070025690e-04
 4.400000000000e+00, 1.040000000000e+00, 9.200000000000e-01, 3.524053583229e-01, 2.934112649858e-04
 4.400000000000e+00, 1.040000000000e+00, 1.040000000000e+00, 3.514083601487e-01, 3.028912359814e-04
 4.400000000000e+00, 1.040000000000e+00, 1.160000000000e+00, 3.581516371036e-01, 3.529874743694e-04
 4.400000000000e+00, 1.040000000000e+00, 1.280000000000e+00, 3.670659366555e-01, 3.797304410746e-04
 4.400000000000e+00, 1.040000000000e+00, 1.400000000000e+00, 3.754215215039e-01, 3.611080532275e-04
 4.400000000000e+00, 1.040000000000e+00, 1.520000000000e+00, 3.838102357608e-01, 3.784701026506e-04
 4.400000000000e+00, 1.040000000000e+00, 1.640000000000e+00, 3.911830912685e-01, 3.529967073636e-04
 4.400000000000e+00, 1.040000000000e+00, 1.760000000000e+00, 3.980393540556e-01, 3.563641468316e-04
 4.400000000000e+00, 1.040000000000e+00, 1.880000000000e+00, 4.054153202474e-01, 3.450106540814e-04
 4.400000000000e+00, 1.160000000000e+00, 8.000000000000e-01, 3.895925107744e-01, 4.709827682589e-04
 4.400000000000e+00, 1.160000000000e+00, 9.200000000000e-01, 3.481134872649e-01, 1.616100483243e-04
 4.400000000000e+00, 1.160000000000e+00, 1.040000000000e+00, 3.468381453996e-01, 2.107312691747e-04
 4.400000000000e+00, 1.160000000000e+00, 1.160000000000e+00, 3.536803799267e-01, 2.339333180737e-04
 4.400000000000e+00, 1.160000000000e+00, 1.280000000000e+00, 3.625222498562e-01, 2.275862701392e-04
 4.400000000000e+00, 1.160000000000e+00, 1.400000000000e+00, 3.713218215783e-01, 2.156314501584e-04
 4.400000000000e+00, 1.160000000000e+00, 1.520000000000e+00, 3.791322145985e-01, 2.054657923431e-04
 4.400000000000e+00, 1.160000000000e+00, 1.640000000000e+00, 3.872080889466e-01, 1.946201544574e-04
 4.400000000000e+00, 1.160000000000e+00, 1.760000000000e+00, 3.939109863969e-01, 1.934732824798e-04
 4.400000000000e+00, 1.160000000000e+00, 1.880000000000e+00, 4.005775604678e-01, 1.862778670148e-04
 4.400000000000e+00, 1.280000000000e+00, 8.000000000000e-01, 4.026655373707e-01, 4.859934223285e-04
 4.400000000000e+00, 1.280000000000e+00, 9.200000000000e-01, 3.614599742894e-01, 1.912227387894e-04
 4.400000000000e+00, 1.280000000000e+00, 1.040000000000e+00, 3.597895308901e-01, 2.538170111743e-04
 4.400000000000e+00, 1.280000000000e+00, 1.160000000000e+00, 3.674335218913e-01, 2.544598673691e-04
 4.400000000000e+00, 1.280000000000e+00, 1.280000000000e+00, 3.755042003854e-01, 2.688613979586e-04
 4.400000000000e+00, 1.280000000000e+00, 1.400000000000e+00, 3.843518041480e-01, 2.450359739607e-04
 4.400000000000e+00, 1.280000000000e+00, 1.520000000000e+00, 3.923874716400e-01, 2.400019187438e-04
 4.400000000000e+00, 1.280000000000e+00, 1.640000000000e+00, 4.000339482827e-01, 2.323215731904e-04
 4.400000000000e+00, 1.280000000000e+00, 1.760000000000e+00, 4.071038822970e-01, 2.313514805450e-04
 4.400000000000e+00, 1.280000000000e+00, 1.880000000000e+00, 4.133734040408e-01, 2.286855449119e-04
 4.400000000000e+00, 1.400000000000e+00, 8.000000000000e-01, 4.177073836465e-01, 4.918545489885e-04
 4.400000000000e+00, 1.400000000000e+00, 9.200000000000e-01, 3.764089491234e-01, 2.304989677356e-04
 4.400000000000e+00, 1.400000000000e+00, 1.040000000000e+00, 3.756035704265e-01, 2.516606910245e-04
 4.400000000000e+00, 1.400000000000e+00, 1.160000000000e+00, 3.821669903222e-01, 2.735365218241e-04
 4.400000000000e+00, 1.400000000000e+00, 1.280000000000e+00, 3.907373917724e-01, 2.876237530796e-04
 4.400000000000e+00, 1.400000000000e+00, 1.400000000000e+00, 3.991979299510e-01, 2.624224504837e-04
 4.400000000000e+00, 1.400000000000e+00, 1.520000000000e+00, 4.073720959735e-01, 2.586425354757e-04
 4.400000000000e+00, 1.400000000000e+00, 1.640000000000e+00, 4.144474401436e-01, 2.492799257036e-04
 4.400000000000e+00, 1.400000000000e+00, 1.760000000000e+00, 4.218569006772e-01, 2.447793516257e-04
 4.400000000000e+00, 1.400000000000e+00, 1.880000000000e+00, 4.280557140385e-01, 2.369171373913e-04
 4.400000000000e+00, 1.520000000000e+00, 8.000000000000e-01, 4.294636497875e-01, 4.945906288025e-04
 4.400000000000e+00, 1.520000000000e+00, 9.200000000000e-01, 3.892347745186e-01, 2.155866843242e-04
 4.400000000000e+00, 1.520000000000e+00, 1.040000000000e+00, 3.880252397263e-01, 2.617084258479e-04
 4.400000000000e+00, 1.520000000000e+00, 1.160000000000e+00, 3.949244887086e-01, 2.616314696026e-04
 4.400000000000e+00, 1.520000000000e+00, 1.280000000000e+00, 4.037328876103e-01, 2.607728221966e-04
 4.400000000000e+00, 1.520000000000e+00, 1.400000000000e+00, 4.122595099252e-01, 2.606094669663e-04
 4.400000000000e+00, 1.520000000000e+00, 1.520000000000e+00, 4.201608929525e-01, 2.547186246592e-04
 4.400000000000e+00, 1.520000000000e+00, 1.640000000000e+00, 4.272165666662e-01, 2.505022454470e-04
 4.400000000000e+00, 1.520000000000e+00, 1.760000000000e+00, 4.345498797677e-01, 2.457650410577e-04
 4.400000000000e+00, 1.520000000000e+00, 1.880000000000e+00, 4.409343771552e-01, 2.425815072423e-04
 4.400000000000e+00, 1.640000000000e+00, 8.000000000000e-01, 4.404584916497e-01, 4.922333367818e-04
 4.400000000000e+00, 1.640000000000e+00, 9.200000000000e-01, 4.005328156485e-01, 2.089717589873e-04
 4.400000000000e+00, 1.640000000000e+00, 1.040000000000e+00, 3.992399300348e-01, 2.512895538400e-04
 4.400000000000e+00, 1.640000000000e+00, 1.160000000000e+00, 4.059379708914e-01, 2.613868282662e-04
 4.400000000000e+00, 1.640000000000e+00, 1.280000000000e+00, 4.144985463883e-01, 2.571625577106e-04
 4.400000000000e+00, 1.640000000000e+00, 1.400000000000e+00, 4.224670230854e-01, 2.634727542123e-04
 4.400000000000e+00, 1.640000000000e+00, 1.520000000000e+00, 4.308524018844e-01, 2.507298517310e-04
 4.400000000000e+00, 1.640000000000e+00, 1.640000000000e+00, 4.382248452226e-01, 2.555927249408e-04
 4.400000000000e+00, 1.640000000000e+00, 1.760000000000e+00, 4.450007455581e-01, 2.505786081326e-04
 4.400000000000e+00, 1.640000000000e+00, 1.880000000000e+00, 4.514691018548e-01, 2.472027689472e-04
 4.400000000000e+00, 1.760000000000e+00, 8.000000000000e-01, 4.470640269525e-01, 4.803835165910e-04
 4.400000000000e+00, 1.760000000000e+00, 9.200000000000e-01, 4.091565680948e-01, 2.062973859640e-04
 4.400000000000e+00, 1.760000000000e+00, 1.040000000000e+00, 4.077970744243e-01, 2.658586948769e-04
 4.400000000000e+00, 1.760000000000e+00, 1.160000000000e+00, 4.149311696813e-01, 2.559909500074e-04
 4.400000000000e+00, 1.760000000000e+00, 1.280000000000e+00, 4.233200247290e-01, 2.487127437073e-04
 4.400000000000e+00, 1.760000000000e+00, 1.400000000000e+00, 4.314688840407e-01, 2.580303162274e-04
 4.400000000000e+00, 1.760000000000e+00, 1.520000000000e+00, 4.394813683507e-01, 2.591339532554e-04
 4.400000000000e+00, 1.760000000000e+00, 1.640000000000e+00, 4.468446472538e-01, 2.543384437734e-04
 4.400000000000e+00, 1.760000000000e+00, 1.760000000000e+00, 4.536907520988e-01, 2.464262363746e-04
 4.400000000000e+00, 1.760000000000e+00, 1.880000000000e+00, 4.607052855704e-01, 2.419365565828e-04
 4.400000000000e+00, 1.880000000000e+00, 8.000000000000e-01, 4.549410957323e-01, 4.976203246491e-04
 4.400000000000e+00, 1.880000000000e+00, 9.200000000000e-01, 4.164575750694e-01, 2.072779074464e-04
 4.400000000000e+00, 1.880000000000e+00, 1.040000000000e+00, 4.157407800807e-01, 2.416206450372e-04
 4.400000000000e+00, 1.880000000000e+00, 1.160000000000e+00, 4.229842852926e-01, 2.815312408047e-04
 4.400000000000e+00, 1.880000000000e+00, 1.280000000000e+00, 4.310011320574e-01, 2.618344482376e-04
 4.400000000000e+00, 1.880000000000e+00, 1.400000000000e+00, 4.388967496993e-01, 2.569786331933e-04
 4.400000000000e+00, 1.880000000000e+00, 1.520000000000e+00, 4.461053959539e-01, 2.542187472830e-04
 4.400000000000e+00, 1.880000000000e+00, 1.640000000000e+00, 4.540548604152e-01, 2.396331872461e-04
 4.400000000000e+00, 1.880000000000e+00, 1.760000000000e+00, 4.609734643841e-01, 2.449267751000e-04
 4.400000000000e+00, 1.880000000000e+00, 1.880000000000e+00, 4.675601573183e-01, 2.468261259344e-04
 4.800000000000e+00, 8.000000000000e-01, 8.000000000000e-01, 9.252862973529e-01, 7.640453141621e-03
 4.800000000000e+00, 8.000000000000e-01, 9.200000000000e-01, 8.793826835932e-01, 8.151180821107e-03
 4.800000000000e+00, 8.000000000000e-01, 1.040000000000e+00, 8.981893375964e-01, 1.028395049551e-02
 4.800000000000e+00, 8.000000000000e-01, 1.160000000000e+00, 8.905574363167e-01, 9.419504982205e-03
 4.800000000000e+00, 8.000000000000e-01, 1.280000000000e+00, 8.948998693630e-01, 9.930174210375e-03
 4.800000000000e+00, 8.000000000000e-01, 1.400000000000e+00, 9.153094260912e-01, 9.620690257582e-03
 4.800000000000e+00, 8.000000000000e-01, 1.520000000000e+00, 9.064535575249e-01, 8.440146332754e-03
 4.800000000000e+00, 8.000000000000e-01, 1.640000000000e+00, 9.222008247959e-01, 9.080568166879e-03
 4.800000000000e+00, 8.000000000000e-01, 1.760000000000e+00, 9.232842250211e-01, 9.453108132073e-03
 4.800000000000e+00, 8.000000000000e-01, 1.880000000000e+00, 9.256106368278e-01, 8.454427510288e-03
 4.800000000000e+00, 9.200000000000e-01, 8.000000000000e-01, 4.718598682471e-01, 1.547808298629e-03
 4.800000000000e+00, 9.200000000000e-01, 9.200000000000e-01, 4.330262880457e-01, 1.484921016578e-03
 4.800000000000e+00, 9.200000000000e-01, 1.040000000000e+00, 4.289775564993e-01, 1.608267512717e-03
 4.800000000000e+00, 9.200000000000e-01, 1.160000000000e+00, 4.371863733729e-01, 1.764107612174e-03
 4.800000000000e+00, 9.200000000000e-01, 1.280000000000e+00, 4.483520960479e-01, 1.798300225141e-03
 4.800000000000e+00, 9.200000000000e-01, 1.400000000000e+00, 4.515831884082e-01, 1.643147007400e-03
 4.800000000000e+00, 9.200000000000e-01, 1.520000000000e+00, 4.610565581841e-01, 1.854362729644e-03
 4.800000000000e+00, 9.200000000000e-01, 1.640000000000e+00, 4.689801518266e-01, 1.766997314428e-03
 4.800000000000e+00, 9.200000000000e-01, 1.760000000000e+00, 4.777893715334e-01, 1.898691399649e-03
 4.800000000000e+00, 9.200000000000e-01, 1.880000000000e+00, 4.825743479727e-01, 1.769935061287e-03
 4.800000000000e+00, 1.040000000000e+00, 8.000000000000e-01, 3.874585539361e-01, 5.178753438484e-04
 4.800000000000e+00, 1.040000000000e+00, 9.200000000000e-01, 3.500369525088e-01, 2.843632377561e-04
 4.800000000000e+00, 1.040000000000e+00, 1.040000000000e+00, 3.495824380502e-01, 3.025560218257e-04
 4.800000000000e+00, 1.040000000000e+00, 1.160000000000e+00, 3.564483226792e-01, 3.148744586099e-04
 4.800000000000e+00, 1.040000000000e+00, 1.280000000000e+00, 3.646351198807e-01, 3.392145534792e-04
 4.800000000000e+00, 1.040000000000e+00, 1.400000000000e+00, 3.730604657664e-01, 3.470070007756e-04
 4.800000000000e+00, 1.040000000000e+00, 1.520000000000e+00, 3.801466561992e-01, 3.423345574408e-04
 4.800000000000e+00, 1.040000000000e+00, 1.640000000000e+00, 3.876696058777e-01, 3.340099393774e-04
 4.800000000000e+00, 1.040000000000e+00, 1.760000000000e+00, 3.943281183419e-01, 3.268480926828e-04
 4.800000000000e+00, 1.040000000000e+00, 1.880000000000e+00, 4.008789429011e-01, 3.201225668410e-04
 4.800000000000e+00, 1.160000000000e+00, 8.000000000000e-01, 3.827213060937e-01, 4.246333053193e-04
 4.800000000000e+00, 1.160000000000e+00, 9.200000000000e-01, 3.464096569290e-01, 1.641428486206e-04
 4.800000000000e+00, 1.160000000000e+00, 1.040000000000e+00, 3.458348629619e-01, 2.090201170885e-04
 4.800000000000e+00, 1.160000000000e+00, 1.160000000000e+00, 3.527394309866e-01, 2.060415574627e-04
 4.800000000000e+00, 1.160000000000e+00, 1.280000000000e+00, 3.607650006482e-01, 2.102554812015e-04
 4.800000000000e+00, 1.160000000000e+00, 1.400000000000e+00, 3.692753023526e-01, 1.956598187284e-04
 4.800000000000e+00, 1.160000000000e+00, 1.520000000000e+00, 3.767135951251e-01, 1.975377591859e-04
 4.800000000000e+00, 1.160000000000e+00, 1.640000000000e+00, 3.841306237659e-01, 1.840847052421e-04
 4.800000000000e+00, 1.160000000000e+00, 1.760000000000e+00, 3.909289653723e-01, 1.821057599796e-04
 4.800000000000e+00, 1.160000000000e+00, 1.880000000000e+00, 3.978696278565e-01, 1.774959288903e-04
 4.800000000000e+00, 1.280000000000e+00, 8.000000000000e-01, 3.950254231701e-01, 4.421232236588e-04
 4.800000000000e+00, 1.280000000000e+00, 9.200000000000e-01, 3.590424032941e-01, 2.032404599128e-04
 4.800000000000e+00, 1.280000000000e+00, 1.040000000000e+00, 3.579270180861e-01, 2.246207817622e-04
 4.800000000000e+00, 1.280000000000e+00, 1.160000000000e+00, 3.649423319543e-01, 2.368695780159e-04
 4.800000000000e+00, 1.280000000000e+00, 1.280000000000e+00, 3.729678953038e-01, 2.536444110936e-04
 4.800000000000e+00, 1.280000000000e+00, 1.400000000000e+00, 3.813970258544e-01, 2.250206779434e-04
 4.800000000000e+00, 1.280000000000e+00, 1.520000000000e+00, 3.887348116084e-01, 2.246974874001e-04
 4.800000000000e+00, 1.280000000000e+00, 1.640000000000e+00, 3.956729550107e-01, 2.270226652458e-04
 4.800000000000e+00, 1.280000000000e+00, 1.760000000000e+00, 4.027107473838e-01, 2.175999966792e-04
 4.800000000000e+00, 1.280000000000e+00, 1.880000000000e+00, 4.093630415753e-01, 2.046583105224e-04
 4.800000000000e+00, 1.400000000000e+00, 8.000000000000e-01, 4.087728744264e-01, 4.507731447741e-04
 4.800000000000e+00, 1.400000000000e+00, 9.200000000000e-01, 3.726181239726e-01, 1.903599195094e-04
 4.800000000000e+00, 1.400000000000e+00, 1.040000000000e+00, 3.719182353787e-01, 2.400199668808e-04
 4.800000000000e+00, 1.400000000000e+00, 1.160000000000e+00, 3.777883068655e-01, 2.629040501011e-04
 4.800000000000e+00, 1.400000000000e+00, 1.280000000000e+00, 3.864442436343e-01, 2.489656112312e-04
 4.800000000000e+00, 1.400000000000e+00, 1.400000000000e+00, 3.947930448632e-01, 2.476675711034e-04
 4.800000000000e+00, 1.400000000000e+00, 1.520000000000e+00, 4.021969804139e-01, 2.509458192037e-04
 4.800000000000e+00, 1.400000000000e+00, 1.640000000000e+00, 4.089994944639e-01, 2.284842276511e-04
 4.800000000000e+00, 1.400000000000e+00, 1.760000000000e+00, 4.164331789468e-01, 2.231140820433e-04
 4.800000000000e+00, 1.400000000000e+00, 1.880000000000e+00, 4.229426599339e-01, 2.217458800139e-04
 4.800000000000e+00, 1.520000000000e+00, 8.000000000000e-01, 4.202641780430e-01, 4.518168984559e-04
 4.800000000000e+00, 1.520000000000e+00, 9.200000000000e-01, 3.845289132420e-01, 1.997842900946e-04
 4.800000000000e+00, 1.520000000000e+00, 1.040000000000e+00, 3.835522694716e-01, 2.452380344149e-04
 4.800000000000e+00, 1.520000000000e+00, 1.160000000000e+00, 3.907631972268e-01, 2.329949242339e-04
 4.800000000000e+00, 1.520000000000e+00, 1.280000000000e+00, 3.983616045575e-01, 2.421021944332e-04
 4.800000000000e+00, 1.520000000000e+00, 1.400000000000e+00, 4.059667916306e-01, 2.439701704821e-04
 4.800000000000e+00, 1.520000000000e+00, 1.520000000000e+00, 4.135168192958e-01, 2.561721281399e-04
 4.800000000000e+00, 1.520000000000e+00, 1.640000000000e+00, 4.211094630953e-01, 2.350970626688e-04
 4.800000000000e+00, 1.520000000000e+00, 1.760000000000e+00, 4.282468963739e-01, 2.209997628338e-04
 4.800000000000e+00, 1.520000000000e+00, 1.880000000000e+00, 4.344487376506e-01, 2.217009515877e-04
 4.800000000000e+00, 1.640000000000e+00, 8.000000000000e-01, 4.293002964779e-01, 4.527025579461e-04
 4.800000000000e+00, 1.640000000000e+00, 9.200000000000e-01, 3.949234153445e-01, 1.863629838217e-04
 4.800000000000e+00, 1.640000000000e+00, 1.040000000000e+00, 3.937603001190e-01, 2.554928558922e-04
 4.800000000000e+00, 1.640000000000e+00, 1.160000000000e+00, 4.005445790939e-01, 2.571575836539e-04
 4.800000000000e+00, 1.640000000000e+00, 1.280000000000e+00, 4.084334946083e-01, 2.355550967667e-04
 4.800000000000e+00, 1.640000000000e+00, 1.400000000000e+00, 4.162436773678e-01, 2.287764143565e-04
 4.800000000000e+00, 1.640000000000e+00, 1.520000000000e+00, 4.238476467204e-01, 2.327776742258e-04
 4.800000000000e+00, 1.640000000000e+00, 1.640000000000e+00, 4.306050635912e-01, 2.397178096261e-04
 4.800000000000e+00, 1.640000000000e+00, 1.760000000000e+00, 4.377652221562e-01, 2.245149872611e-04
 4.800000000000e+00, 1.640000000000e+00, 1.880000000000e+00, 4.443315924611e-01, 2.204766234464e-04
 4.800000000000e+00, 1.760000000000e+00, 8.000000000000e-01, 4.371943551790e-01, 4.411511231875e-04
 4.800000000000e+00, 1.760000000000e+00, 9.200000000000e-01, 4.029410136510e-01, 1.962185964531e-04
 4.800000000000e+00, 1.760000000000e+00, 1.040000000000e+00, 4.022643818316e-01, 2.284343122182e-04
 4.800000000000e+00, 1.760000000000e+00, 1.160000000000e+00, 4.090261623972e-01, 2.349756929269e-04
 4.800000000000e+00, 1.760000000000e+00, 1.280000000000e+00, 4.162862981788e-01, 2.474475709951e-04
 4.800000000000e+00, 1.760000000000e+00, 1.400000000000e+00, 4.247546808234e-01, 2.286849731361e-04
 4.800000000000e+00, 1.760000000000e+00, 1.520000000000e+00, 4.322351077804e-01, 2.300827084411e-04
 4.800000000000e+00, 1.760000000000e+00, 1.640000000000e+00, 4.389317551856e-01, 2.314192151419e-04
 4.800000000000e+00, 1.760000000000e+00, 1.760000000000e+00, 4.456444681122e-01, 2.293600670498e-04
 4.800000000000e+00, 1.760000000000e+00, 1.880000000000e+00, 4.521958044304e-01, 2.205495464374e-04
 4.800000000000e+00, 1.880000000000e+00, 8.000000000000e-01, 4.436931929021e-01, 4.637553716909e-04
 4.800000000000e+00, 1.880000000000e+00, 9.200000000000e-01, 4.099644059946e-01, 1.894611867389e-04
 4.800000000000e+00, 1.880000000000e+00, 1.040000000000e+00, 4.092960285674e-01, 2.424545678014e-04
 4.800000000000e+00, 1.880000000000e+00, 1.160000000000e+00, 4.163372481538e-01, 2.326234505452e-04
 4.800000000000e+00, 1.880000000000e+00, 1.280000000000e+00, 4.233009367618e-01, 2.349238460963e-04
 4.800000000000e+00, 1.880000000000e+00, 1.400000000000e+00, 4.314816648784e-01, 2.268936987222e-04
 4.800000000000e+00, 1.880000000000e+00, 1.520000000000e+00, 4.388390834451e-01, 2.289709711255e-04
 4.800000000000e+00, 1.880000000000e+00, 1.640000000000e+00, 4.459665177403e-01, 2.219671813569e-04
 4.800000000000e+00, 1.880000000000e+00, 1.760000000000e+00, 4.526150714733e-01, 2.258893787412e-04
 4.800000000000e+00, 1.880000000000e+00, 1.880000000000e+00, 4.598451241127e-01, 2.145148608356e-04
 5.200000000000e+00, 8.000000000000e-01, 8.000000000000e-01, 8.577139572182e-01, 6.832688287762e-03
 5.200000000000e+00, 8.000000000000e-01, 9.200000000000e-01, 8.250070047548e-01, 8.442845942627e-03
 5.200000000000e+00, 8.000000000000e-01, 1.040000000000e+00, 8.073593146011e-01, 7.982991538153e-03
 5.200000000000e+00, 8.000000000000e-01, 1.160000000000e+00, 8.212064585672e-01, 7.865453211766e-03
 5.200000000000e+00, 8.000000000000e-01, 1.280000000000e+00, 8.546064382840e-01, 9.163597815578e-03
 5.200000000000e+00, 8.000000000000e-01, 1.400000000000e+00, 8.288441759579e-01, 8.194882687383e-03
 5.200000000000e+00, 8.000000000000e-01, 1.520000000000e+00, 8.535552964326e-01, 9.306383760508e-03
 5.200000000000e+00, 8.000000000000e-01, 1.640000000000e+00, 8.466677173506e-01, 7.956476817289e-03
 5.200000000000e+00, 8.000000000000e-01, 1.760000000000e+00, 8.614184938588e-01, 8.296875717454e-03
 5.200000000000e+00, 8.000000000000e-01, 1.880000000000e+00, 8.759942311745e-01, 8.319790198562e-03
 5.200000000000e+00, 9.200000000000e-01, 8.000000000000e-01, 4.573712135519e-01, 1.477289436491e-03
 5.200000000000e+00, 9.200000000000e-01, 9.200000000000e-01, 4.236732411695e-01, 1.361479307211e-03
 5.200000000000e+00, 9.200000000000e-01, 1.040000000000e+00, 4.252838547933e-01, 1.844330438537e-03
 5.200000000000e+00, 9.200000000000e-01, 1.160000000000e+00, 4.291039032057e-01, 1.575184435246e-03
 5.200000000000e+00, 9.200000000000e-01, 1.280000000000e+00, 4.381964963518e-01, 1.695393894793e-03
 5.200000000000e+00, 9.200000000000e-01, 1.400000000000e+00, 4.407166931803e-01, 1.552174664121e-03
 5.200000000000e+00, 9.200000000000e-01, 1.520000000000e+00, 4.481733421434e-01, 1.496530827961e-03
 5.200000000000e+00, 9.200000000000e-01, 1.640000000000e+00, 4.613650945799e-01, 1.752185270078e-03
 5.200000000000e+00, 9.200000000000e-01, 1.760000000000e+00, 4.678966732743e-01, 1.780842732553e-03
 5.200000000000e+00, 9.200000000000e-01, 1.880000000000e+00, 4.715957815295e-01, 1.517053048159e-03
 5.200000000000e+00, 1.040000000000e+00, 8.000000000000e-01, 3.839815605390e-01, 4.811527020217e-04
 5.200000000000e+00, 1.040000000000e+00, 9.200000000000e-01, 3.502785514421e-01, 2.562011961382e-04
 5.200000000000e+00, 1.040000000000e+00, 1.040000000000e+00, 3.512767977620e-01, 2.757740849198e-04
 5.200000000000e+00, 1.040000000000e+00, 1.160000000000e+00, 3.572379906868e-01, 3.004562475836e-04
 5.200000000000e+00, 1.040000000000e+00, 1.280000000000e+00, 3.646489634971e-01, 3.295621503698e-04
 5.200000000000e+00, 1.040000000000e+00, 1.400000000000e+00, 3.723462642309e-01, 3.206123795558e-04
 5.200000000000e+00, 1.040000000000e+00, 1.520000000000e+00, 3.794619404491e-01, 3.179587134233e-04
 5.200000000000e+00, 1.040000000000e+00, 1.640000000000e+00, 3.867919172653e-01, 3.139010976281e-04
 5.200000000000e+00, 1.040000000000e+00, 1.760000000000e+00, 3.942146722152e-01, 3.236106746600e-04
 5.200000000000e+00, 1.040000000000e+00, 1.880000000000e+00, 3.998529975098e-01, 2.998109548681e-04
 5.200000000000e+00, 1.160000000000e+00, 8.000000000000e-01, 3.807118490386e-01, 4.118008876884e-04
 5.200000000000e+00, 1.160000000000e+00, 9.200000000000e-01, 3.478176465037e-01, 1.515589826594e-04
 5.200000000000e+00, 1.160000000000e+00, 1.040000000000e+00, 3.474161200014e-01, 2.424819961310e-04
 5.200000000000e+00, 1.160000000000e+00, 1.160000000000e+00, 3.541352565638e-01, 2.100906313950e-04
 5.200000000000e+00, 1.160000000000e+00, 1.280000000000e+00, 3.618657609651e-01, 1.895161281883e-04
 5.200000000000e+00, 1.160000000000e+00, 1.400000000000e+00, 3.697063319284e-01, 1.823587578825e-04
 5.200000000000e+00, 1.160000000000e+00, 1.520000000000e+00, 3.769417544505e-01, 1.932026352908e-04
 5.200000000000e+00, 1.160000000000e+00, 1.640000000000e+00, 3.840249879741e-01, 1.719806735747e-04
 5.200000000000e+00, 1.160000000000e+00, 1.760000000000e+00, 3.907178724104e-01, 1.734363437949e-04
 5.200000000000e+00, 1.160000000000e+00, 1.880000000000e+00, 3.974922130442e-01, 1.620478320351e-04
 5.200000000000e+00, 1.280000000000e+00, 8.000000000000e-01, 3.919292725701e-01, 4.398199365432e-04
 5.200000000000e+00, 1.280000000000e+00, 9.200000000000e-01, 3.591775810986e-01, 1.717906645061e-04
 5.200000000000e+00, 1.280000000000e+00, 1.040000000000e+00, 3.588134090763e-01, 2.168421009810e-04
 5.200000000000e+00, 1.280000000000e+00, 1.160000000000e+00, 3.652405068159e-01, 2.355241706291e-04
 5.200000000000e+00, 1.280000000000e+00, 1.280000000000e+00, 3.731065883404e-01, 2.261878024185e-04
 5.200000000000e+00, 1.280000000000e+00, 1.400000000000e+00, 3.804333616884e-01, 2.252553162600e-04
 5.200000000000e+00, 1.280000000000e+00, 1.520000000000e+00, 3.879858635353e-01, 2.157745182480e-04
 5.200000000000e+00, 1.280000000000e+00, 1.640000000000e+00, 3.949882461611e-01, 2.013908987234e-04
 5.200000000000e+00, 1.280000000000e+00, 1.760000000000e+00, 4.014932964931e-01, 2.042413830482e-04
 5.200000000000e+00, 1.280000000000e+00, 1.880000000000e+00, 4.087383506367e-01, 1.910188018901e-04
 5.200000000000e+00, 1.400000000000e+00, 8.000000000000e-01, 4.040174994029e-01, 4.252571710788e-04
 5.200000000000e+00, 1.400000000000e+00, 9.200000000000e-01, 3.719739729091e-01, 1.843838971575e-04
 5.200000000000e+00, 1.400000000000e+00, 1.040000000000e+00, 3.713993622111e-01, 2.441814117135e-04
 5.200000000000e+00, 1.400000000000e+00, 1.160000000000e+00, 3.778590787126e-01, 2.273944648017e-04
 5.200000000000e+00, 1.400000000000e+00, 1.280000000000e+00, 3.856034619384e-01, 2.318517109164e-04
 5.200000000000e+00, 1.400000000000e+00, 1.400000000000e+00, 3.928721377791e-01, 2.325285159627e-04
 5.200000000000e+00, 1.400000000000e+00, 1.520000000000e+00, 4.005679251152e-01, 2.165748539460e-04
 5.200000000000e+00, 1.400000000000e+00, 1.640000000000e+00, 4.072333514322e-01, 2.165496194165e-04
 5.200000000000e+00, 1.400000000000e+00, 1.760000000000e+00, 4.143312830413e-01, 2.018780074605e-04
 5.200000000000e+00, 1.400000000000e+00, 1.880000000000e+00, 4.204688887094e-01, 2.020037756597e-04
 5.200000000000e+00, 1.520000000000e+00, 8.000000000000e-01, 4.143093505167e-01, 4.138374133955e-04
 5.200000000000e+00, 1.520000000000e+00, 9.200000000000e-01, 3.829152434470e-01, 1.781589119546e-04
 5.200000000000e+00, 1.520000000000e+00, 1.040000000000e+00, 3.820796059333e-01, 2.337871122018e-04
 5.200000000000e+00, 1.520000000000e+00, 1.160000000000e+00, 3.891733438290e-01, 2.211625394821e-04
 5.200000000000e+00, 1.520000000000e+00, 1.280000000000e+00, 3.970845196529e-01, 2.243102826313e-04
 5.200000000000e+00, 1.520000000000e+00, 1.400000000000e+00, 4.041043615271e-01, 2.263169959064e-04
 5.200000000000e+00, 1.520000000000e+00, 1.520000000000e+00, 4.112855509848e-01, 2.241527176078e-04
 5.200000000000e+00, 1.520000000000e+00, 1.640000000000e+00, 4.182693444360e-01, 2.132940308723e-04
 5.200000000000e+00, 1.520000000000e+00, 1.760000000000e+00, 4.248066086729e-01, 2.100591277659e-04
 5.200000000000e+00, 1.520000000000e+00, 1.880000000000e+00, 4.316918025828e-01, 2.079211875540e-04
 5.200000000000e+00, 1.640000000000e+00, 8.000000000000e-01, 4.233255023481e-01, 4.316199252174e-04
 5.200000000000e+00, 1.640000000000e+00, 9.200000000000e-01, 3.924068749089e-01, 1.869110759256e-04
 5.200000000000e+00, 1.640000000000e+00, 1.040000000000e+00, 3.926192669265e-01, 2.120385520795e-04
 5.200000000000e+00, 1.640000000000e+00, 1.160000000000e+00, 3.981738752060e-01, 2.335622731366e-04
 5.200000000000e+00, 1.640000000000e+00, 1.280000000000e+00, 4.058932012973e-01, 2.290752143328e-04
 5.200000000000e+00, 1.640000000000e+00, 1.400000000000e+00, 4.129996408469e-01, 2.294999044787e-04
 5.200000000000e+00, 1.640000000000e+00, 1.520000000000e+00, 4.199434695159e-01, 2.280887205874e-04
 5.200000000000e+00, 1.640000000000e+00, 1.640000000000e+00, 4.272050985434e-01, 2.196029906543e-04
 5.200000000000e+00, 1.640000000000e+00, 1.760000000000e+00, 4.340736386157e-01, 2.148694652088e-04
 5.200000000000e+00, 1.640000000000e+00, 1.880000000000e+00, 4.404979160919e-01, 2.042853833955e-04
 5.200000000000e+00, 1.760000000000e+00, 8.000000000000e-01, 4.306390755914e-01, 4.224811052088e-04
 5.200000000000e+00, 1.760000000000e+00, 9.200000000000e-01, 4.001646395957e-01, 1.757687737622e-04
 5.200000000000e+00, 1.760000000000e+00, 1.040000000000e+00, 3.999966389292e-01, 2.121676359343e-04
 5.200000000000e+00, 1.760000000000e+00, 1.160000000000e+00, 4.060069449597e-01, 2.347264684884e-04
 5.200000000000e+00, 1.760000000000e+00, 1.280000000000e+00, 4.133917366071e-01, 2.350669806204e-04
 5.200000000000e+00, 1.760000000000e+00, 1.400000000000e+00, 4.207213587808e-01, 2.163821150493e-04
 5.200000000000e+00, 1.760000000000e+00, 1.520000000000e+00, 4.280138310024e-01, 2.128197625670e-04
 5.200000000000e+00, 1.760000000000e+00, 1.640000000000e+00, 4.346379887915e-01, 2.187643674063e-04
 5.200000000000e+00, 1.760000000000e+00, 1.760000000000e+00, 4.413585485482e-01, 2.094723361746e-04
 5.200000000000e+00, 1.760000000000e+00, 1.880000000000e+00, 4.481394597767e-01, 2.059093602958e-04
 5.200000000000e+00, 1.880000000000e+00, 8.000000000000e-01, 4.367302371945e-01, 4.122762816932e-04
 5.200000000000e+00, 1.880000000000e+00, 9.200000000000e-01, 4.070405442522e-01, 1.711043579602e-04
 5.200000000000e+00, 1.880000000000e+00, 1.040000000000e+00, 4.065470530851e-01, 2.331783133024e-04
 5.200000000000e+00, 1.880000000000e+00, 1.160000000000e+00, 4.127953446639e-01, 2.119594414734e-04
 5.200000000000e+00, 1.880000000000e+00, 1.280000000000e+00, 4.203027777509e-01, 2.134751900296e-04
 5.200000000000e+00, 1.880000000000e+00, 1.400000000000e+00, 4.275730190032e-01, 2.066553115343e-04
 5.200000000000e+00, 1.880000000000e+00, 1.520000000000e+00, 4.346969100725e-01, 2.085823456364e-04
 5.200000000000e+00, 1.880000000000e+00, 1.640000000000e+00, 4.416307139200e-01, 2.117801085570e-04
 5.200000000000e+00, 1.880000000000e+00, 1.760000000000e+00, 4.478846419030e-01, 2.190432811298e-04
 5.200000000000e+00, 1.880000000000e+00, 1.880000000000e+00, 4.546032185155e-01, 1.966764684580e-04
 5.600000000000e+00, 8.000000000000e-01, 8.000000000000e-01, 8.337892845082e-01, 7.732680564683e-03
 5.600000000000e+00, 8.000000000000e-01, 9.200000000000e-01, 7.861324709162e-01, 7.401812081213e-03
 5.600000000000e+00, 8.000000000000e-01, 1.040000000000e+00, 7.863568466451e-01, 7.973499600813e-03
 5.600000000000e+00, 8.000000000000e-01, 1.160000000000e+00, 7.925547010685e-01, 8.896728854124e-03
 5.600000000000e+00, 8.000000000000e-01, 1.280000000000e+00, 8.045748597992e-01, 9.095374870797e-03
 5.600000000000e+00, 8.000000000000e-01, 1.400000000000e+00, 7.859658960095e-01, 7.720179260518e-03
 5.600000000000e+00, 8.000000000000e-01, 1.520000000000e+00, 7.860370232574e-01, 7.702320612868e-03
 5.600000000000e+00, 8.000000000000e-01, 1.640000000000e+00, 8.150935698180e-01, 7.611761698430e-03
 5.600000000000e+00, 8.000000000000e-01, 1.760000000000e+00, 8.309914720558e-01, 9.122090264620e-03
 5.600000000000e+00, 8.000000000000e-01, 1.880000000000e+00, 8.172566764337e-01, 7.920483441496e-03
 5.600000000000e+00, 9.200000000000e-01, 8.000000000000e-01, 4.492816977431e-01, 1.451245799090e-03
 5.600000000000e+00, 9.200000000000e-01, 9.200000000000e-01, 4.201724823457e-01, 1.351902048461e-03
 5.600000000000e+00, 9.200000000000e-01, 1.040000000000e+00, 4.179264958655e-01, 1.511103089353e-03
 5.600000000000e+00, 9.200000000000e-01, 1.160000000000e+00, 4.233042143115e-01, 1.543750266245e-03
 5.600000000000e+00, 9.200000000000e-01, 1.280000000000e+00, 4.341307959325e-01, 1.646602247509e-03
 5.600000000000e+00, 9.200000000000e-01, 1.400000000000e+00, 4.379964851711e-01, 1.476669924186e-03
 5.600000000000e+00, 9.200000000000e-01, 1.520000000000e+00, 4.441047376475e-01, 1.486335459092e-03
 5.600000000000e+00, 9.200000000000e-01, 1.640000000000e+00, 4.513095618610e-01, 1.457045237810e-03
 5.600000000000e+00, 9.200000000000e-01, 1.760000000000e+00, 4.596219031815e-01, 1.515413047920e-03
 5.600000000000e+00, 9.200000000000e-01, 1.880000000000e+00, 4.656491639125e-01, 1.580812053338e-03
 5.600000000000e+00, 1.040000000000e+00, 8.000000000000e-01, 3.831932578514e-01, 4.465969216553e-04
 5.600000000000e+00, 1.040000000000e+00, 9.200000000000e-01, 3.536375840013e-01, 2.486442091123e-04
 5.600000000000e+00, 1.040000000000e+00, 1.040000000000e+00, 3.534577087743e-01, 2.670099983364e-04
 5.600000000000e+00, 1.040000000000e+00, 1.160000000000e+00, 3.597423901483e-01, 2.818917811459e-04
 5.600000000000e+00, 1.040000000000e+00, 1.280000000000e+00, 3.670522755187e-01, 2.869940259793e-04
 5.600000000000e+00, 1.040000000000e+00, 1.400000000000e+00, 3.746083517971e-01, 2.889356355217e-04
 5.600000000000e+00, 1.040000000000e+00, 1.520000000000e+00, 3.818862700728e-01, 3.057854478280e-04
 5.600000000000e+00, 1.040000000000e+00, 1.640000000000e+00, 3.880969026437e-01, 2.919104654924e-04
 5.600000000000e+00, 1.040000000000e+00, 1.760000000000e+00, 3.948932065801e-01, 2.910969658173e-04
 5.600000000000e+00, 1.040000000000e+00, 1.880000000000e+00, 4.012552600871e-01, 2.825145077651e-04
 5.600000000000e+00, 1.160000000000e+00, 8.000000000000e-01, 3.811171895492e-01, 3.902623185532e-04
 5.600000000000e+00, 1.160000000000e+00, 9.200000000000e-01, 3.512339046978e-01, 1.491328395304e-04
 5.600000000000e+00, 1.160000000000e+00, 1.040000000000e+00, 3.514711538331e-01, 1.702909629754e-04
 5.600000000000e+00, 1.160000000000e+00, 1.160000000000e+00, 3.570849206777e-01, 2.130279115700e-04
 5.600000000000e+00, 1.160000000000e+00, 1.280000000000e+00, 3.650967408729e-01, 1.744863496457e-04
 5.600000000000e+00, 1.160000000000e+00, 1.400000000000e+00, 3.724844949581e-01, 1.710667881116e-04
 5.600000000000e+00, 1.160000000000e+00, 1.520000000000e+00, 3.797429842021e-01, 1.699336503645e-04
 5.600000000000e+00, 1.160000000000e+00, 1.640000000000e+00, 3.864000531620e-01, 1.620742891760e-04
 5.600000000000e+00, 1.160000000000e+00, 1.760000000000e+00, 3.930302528156e-01, 1.591483284976e-04
 5.600000000000e+00, 1.160000000000e+00, 1.880000000000e+00, 3.993506762604e-01, 1.588445604724e-04
 5.600000000000e+00, 1.280000000000e+00, 8.000000000000e-01, 3.910522565981e-01, 3.959651023908e-04
 5.600000000000e+00, 1.280000000000e+00, 9.200000000000e-01, 3.620993243978e-01, 1.636725595082e-04
 5.600000000000e+00, 1.280000000000e+00, 1.040000000000e+00, 3.615583881339e-01, 2.081161823735e-04
 5.600000000000e+00, 1.280000000000e+00, 1.160000000000e+00, 3.679250120830e-01, 2.118605654113e-04
 5.600000000000e+00, 1.280000000000e+00, 1.280000000000e+00, 3.751939616772e-01, 2.138703540716e-04
 5.600000000000e+00, 1.280000000000e+00, 1.400000000000e+00, 3.821990757639e-01, 2.074596598929e-04
 5.600000000000e+00, 1.280000000000e+00, 1.520000000000e+00, 3.897586439606e-01, 2.008262992705e-04
 5.600000000000e+00, 1.280000000000e+00, 1.640000000000e+00, 3.962902362272e-01, 1.954422231852e-04
 5.600000000000e+00, 1.280000000000e+00, 1.760000000000e+00, 4.026610592868e-01, 2.081702458672e-04
 5.600000000000e+00, 1.280000000000e+00, 1.880000000000e+00, 4.092117102086e-01, 1.890055157998e-04
 5.600000000000e+00, 1.400000000000e+00, 8.000000000000e-01, 4.025028111876e-01, 3.996508528782e-04
 5.600000000000e+00, 1.400000000000e+00, 9.200000000000e-01, 3.733424847945e-01, 1.756378946701e-04
 5.600000000000e+00, 1.400000000000e+00, 1.040000000000e+00, 3.738325151355e-01, 2.073374331168e-04
 5.600000000000e+00, 1.400000000000e+00, 1.160000000000e+00, 3.794286515661e-01, 2.218262124998e-04
 5.600000000000e+00, 1.400000000000e+00, 1.280000000000e+00, 3.868217526929e-01, 2.156250378274e-04
 5.600000000000e+00, 1.400000000000e+00, 1.400000000000e+00, 3.941575808128e-01, 2.098938621459e-04
 5.600000000000e+00, 1.400000000000e+00, 1.520000000000e+00, 4.011682241765e-01, 2.106817740085e-04
 5.600000000000e+00, 1.400000000000e+00, 1.640000000000e+00, 4.082572851466e-01, 1.957300845217e-04
 5.600000000000e+00, 1.400000000000e+00, 1.760000000000e+00, 4.143393827615e-01, 1.937438781530e-04
 5.600000000000e+00, 1.400000000000e+00, 1.880000000000e+00, 4.208318536233e-01, 1.972352475142e-04
 5.600000000000e+00, 1.520000000000e+00, 8.000000000000e-01, 4.126808120325e-01, 4.185007738145e-04
 5.600000000000e+00, 1.520000000000e+00, 9.200000000000e-01, 3.838871838335e-01, 1.724287944259e-04
 5.600000000000e+00, 1.520000000000e+00, 1.040000000000e+00, 3.836976032778e-01, 2.239176435877e-04
 5.600000000000e+00, 1.520000000000e+00, 1.160000000000e+00, 3.901257892392e-01, 2.114764911673e-04
 5.600000000000e+00, 1.520000000000e+00, 1.280000000000e+00, 3.969792696149e-01, 2.198422657687e-04
 5.600000000000e+00, 1.520000000000e+00, 1.400000000000e+00, 4.042796026676e-01, 2.079677612841e-04
 5.600000000000e+00, 1.520000000000e+00, 1.520000000000e+00, 4.116641675980e-01, 2.020445816697e-04
 5.600000000000e+00, 1.520000000000e+00, 1.640000000000e+00, 4.181250462896e-01, 2.019986985424e-04
 5.600000000000e+00, 1.520000000000e+00, 1.760000000000e+00, 4.244183026481e-01, 1.985511235061e-04
 5.600000000000e+00, 1.520000000000e+00, 1.880000000000e+00, 4.306470835355e-01, 1.883180094864e-04
 5.600000000000e+00, 1.640000000000e+00, 8.000000000000e-01, 4.206452212908e-01, 4.156261260128e-04
 5.600000000000e+00, 1.640000000000e+00, 9.200000000000e-01, 3.924913429887e-01, 1.704443435336e-04
 5.600000000000e+00, 1.640000000000e+00, 1.040000000000e+00, 3.930090697979e-01, 2.076520304831e-04
 5.600000000000e+00, 1.640000000000e+00, 1.160000000000e+00, 3.986595250004e-01, 2.148167914206e-04
 5.600000000000e+00, 1.640000000000e+00, 1.280000000000e+00, 4.053867775882e-01, 2.145463757584e-04
 5.600000000000e+00, 1.640000000000e+00, 1.400000000000e+00, 4.124712061905e-01, 2.095554497041e-04
 5.600000000000e+00, 1.640000000000e+00, 1.520000000000e+00, 4.192717266295e-01, 2.151885920815e-04
 5.600000000000e+00, 1.640000000000e+00, 1.640000000000e+00, 4.263076714019e-01, 2.114311425791e-04
 5.600000000000e+00, 1.640000000000e+00, 1.760000000000e+00, 4.327255133653e-01, 2.039817391526e-04
 5.600000000000e+00, 1.640000000000e+00, 1.880000000000e+00, 4.389151173568e-01, 2.051037328472e-04
 5.600000000000e+00, 1.760000000000e+00, 8.000000000000e-01, 4.276175228343e-01, 4.067597620721e-04
 5.600000000000e+00, 1.760000000000e+00, 9.200000000000e-01, 3.998158075814e-01, 1.864850860958e-04
 5.600000000000e+00, 1.760000000000e+00, 1.040000000000e+00, 3.998670900920e-01, 2.054781358008e-04
 5.600000000000e+00, 1.760000000000e+00, 1.160000000000e+00, 4.059554824122e-01, 2.059247926589e-04
 5.600000000000e+00, 1.760000000000e+00, 1.280000000000e+00, 4.126640406304e-01, 2.360383772552e-04
 5.600000000000e+00, 1.760000000000e+00, 1.400000000000e+00, 4.202162066980e-01, 2.011746416847e-04
 5.600000000000e+00, 1.760000000000e+00, 1.520000000000e+00, 4.268480095647e-01, 2.015462156433e-04
 5.600000000000e+00, 1.760000000000e+00, 1.640000000000e+00, 4.336807962295e-01, 1.953627808730e-04
 5.600000000000e+00, 1.760000000000e+00, 1.760000000000e+00, 4.401672105951e-01, 1.999762677780e-04
 5.600000000000e+00, 1.760000000000e+00, 1.880000000000e+00, 4.465626844459e-01, 1.922050285489e-04
 5.600000000000e+00, 1.880000000000e+00, 8.000000000000e-01, 4.330920724547e-01, 4.054733185105e-04
 5.600000000000e+00, 1.880000000000e+00, 9.200000000000e-01, 4.063990990175e-01, 1.666816250452e-04
 5.600000000000e+00, 1.880000000000e+00, 1.040000000000e+00, 4.064854277754e-01, 2.051852978694e-04
 5.600000000000e+00, 1.880000000000e+00, 1.160000000000e+00, 4.127842629414e-01, 1.985124950847e-04
 5.600000000000e+00, 1.880000000000e+00, 1.280000000000e+00, 4.188242574143e-01, 2.152224772462e-04
 5.600000000000e+00, 1.880000000000e+00, 1.400000000000e+00, 4.262718394949e-01, 1.972435542422e-04
 5.600000000000e+00, 1.880000000000e+00, 1.520000000000e+00, 4.331001094990e-01, 2.026901112165e-04
 5.600000000000e+00, 1.880000000000e+00, 1.640000000000e+00, 4.397964218937e-01, 1.957024270773e-04
 5.600000000000e+00, 1.880000000000e+00, 1.760000000000e+00, 4.459713541898e-01, 2.017949253908e-04
 5.600000000000e+00, 1.880000000000e+00, 1.880000000000e+00, 4.527838944835e-01, 1.886122201017e-04
