#              p[0],               p[1],               p[2],             energy,               error
 2.000000000000e+00, 8.000000000000e-01, 8.000000000000e-01, 1.254704528772e+01, 6.393981301589e-02
 2.000000000000e+00, 8.000000000000e-01, 9.200000000000e-01, 1.205621120275e+01, 8.496730530153e-02
 2.000000000000e+00, 8.000000000000e-01, 1.040000000000e+00, 1.185210545201e+01, 7.871281110891e-02
 2.000000000000e+00, 8.000000000000e-01, 1.160000000000e+00, 1.175550097502e+01, 7.566565383281e-02
 2.000000000000e+00, 8.000000000000e-01, 1.280000000000e+00, 1.209873964232e+01, 8.094742920757e-02
 2.000000000000e+00, 8.000000000000e-01, 1.400000000000e+00, 1.225188324048e+01, 8.160299688994e-02
 2.000000000000e+00, 8.000000000000e-01, 1.520000000000e+00, 1.265652885216e+01, 9.155503124852e-02
 2.000000000000e+00, 8.000000000000e-01, 1.640000000000e+00, 1.267044566590e+01, 8.811711962659e-02
 2.000000000000e+00, 8.000000000000e-01, 1.760000000000e+00, 1.282039522220e+01, 8.485521153715e-02
 2.000000000000e+00, 8.000000000000e-01, 1.880000000000e+00, 1.301628769105e+01, 9.078474043771e-02
 2.000000000000e+00, 9.200000000000e-01, 8.000000000000e-01, 3.534684222064e+00, 1.292956998634e-02
 2.000000000000e+00, 9.200000000000e-01, 9.200000000000e-01, 3.012672428124e+00, 1.258234716056e-02
 2.000000000000e+00, 9.200000000000e-01, 1.040000000000e+00, 2.926843315543e+00, 1.427376142706e-02
 2.000000000000e+00, 9.200000000000e-01, 1.160000000000e+00, 2.947401141386e+00, 1.450682351168e-02
 2.000000000000e+00, 9.200000000000e-01, 1.280000000000e+00, 3.011112484967e+00, 1.564340547306e-02
 2.000000000000e+00, 9.200000000000e-01, 1.400000000000e+00, 3.048842860491e+00, 1.517915503313e-02
 2.000000000000e+00, 9.200000000000e-01, 1.520000000000e+00, 3.124516403808e+00, 1.562429126618e-02
 2.000000000000e+00, 9.200000000000e-01, 1.640000000000e+00, 3.132055671534e+00, 1.542489991894e-02
 2.000000000000e+00, 9.200000000000e-01, 1.760000000000e+00, 3.200754907907e+00, 1.709351456771e-02
 2.000000000000e+00, 9.200000000000e-01, 1.880000000000e+00, 3.236943119619e+00, 1.674011769180e-02
 2.000000000000e+00, 1.040000000000e+00, 8.000000000000e-01, 1.831677422943e+00, 4.032661317415e-03
 2.000000000000e+00, 1.040000000000e+00, 9.200000000000e-01, 1.329031678591e+00, 2.538102684508e-03
 2.000000000000e+00, 1.040000000000e+00, 1.040000000000e+00, 1.272098090843e+00, 2.277153047591e-03
 2.000000000000e+00, 1.040000000000e+00, 1.160000000000e+00, 1.307735404774e+00, 2.733100467316e-03
 2.000000000000e+00, 1.040000000000e+00, 1.280000000000e+00, 1.340338414595e+00, 2.785920584784e-03
 2.000000000000e+00, 1.040000000000e+00, 1.400000000000e+00, 1.368453188045e+00, 2.790298890738e-03
 2.000000000000e+00, 1.040000000000e+00, 1.520000000000e+00, 1.385118365351e+00, 2.767784734525e-03
 2.000000000000e+00, 1.040000000000e+00, 1.640000000000e+00, 1.402936288756e+00, 2.770724387968e-03
 2.000000000000e+00, 1.040000000000e+00, 1.760000000000e+00, 1.400743730865e+00, 2.852566279863e-03
 2.000000000000e+00, 1.040000000000e+00, 1.880000000000e+00, 1.399959492231e+00, 2.899632617448e-03
 2.000000000000e+00, 1.160000000000e+00, 8.000000000000e-01, 1.627340258747e+00, 3.271519079018e-03
 2.000000000000e+00, 1.160000000000e+00, 9.200000000000e-01, 1.157487099131e+00, 1.333436923849e-03
 2.000000000000e+00, 1.160000000000e+00, 1.040000000000e+00, 1.106309779711e+00, 1.544335679179e-03
 2.000000000000e+00, 1.160000000000e+00, 1.160000000000e+00, 1.136746699244e+00, 1.448003361623e-03
 2.000000000000e+00, 1.160000000000e+00, 1.280000000000e+00, 1.174562595477e+00, 1.420725755225e-03
 2.000000000000e+00, 1.160000000000e+00, 1.400000000000e+00, 1.203533027225e+00, 1.342377440937e-03
 2.000000000000e+00, 1.160000000000e+00, 1.520000000000e+00, 1.219781365602e+00, 1.292397406486e-03
 2.000000000000e+00, 1.160000000000e+00, 1.640000000000e+00, 1.228732161406e+00, 1.324753612816e-03
 2.000000000000e+00, 1.160000000000e+00, 1.760000000000e+00, 1.224869610035e+00, 1.322075764314e-03
 2.000000000000e+00, 1.160000000000e+00, 1.880000000000e+00, 1.222105983344e+00, 1.455165954257e-03
 2.000000000000e+00, 1.280000000000e+00, 8.000000000000e-01, 1.725101269940e+00, 3.336775290464e-03
 2.000000000000e+00, 1.280000000000e+00, 9.200000000000e-01, 1.275765911531e+00, 1.626615033501e-03
 2.000000000000e+00, 1.280000000000e+00, 1.040000000000e+00, 1.231018667719e+00, 1.693918039255e-03
 2.000000000000e+00, 1.280000000000e+00, 1.160000000000e+00, 1.267319716255e+00, 1.735333250990e-03
 2.000000000000e+00, 1.280000000000e+00, 1.280000000000e+00, 1.307409095877e+00, 1.722412713044e-03
 2.000000000000e+00, 1.280000000000e+00, 1.400000000000e+00, 1.339094972122e+00, 1.548407282251e-03
 2.000000000000e+00, 1.280000000000e+00, 1.520000000000e+00, 1.358831200544e+00, 1.593204952521e-03
 2.000000000000e+00, 1.280000000000e+00, 1.640000000000e+00, 1.369930372368e+00, 1.551684405938e-03
 2.000000000000e+00, 1.280000000000e+00, 1.760000000000e+00, 1.374077710300e+00, 1.582808220978e-03
 2.000000000000e+00, 1.280000000000e+00, 1.880000000000e+00, 1.369682875403e+00, 1.514646657345e-03
 2.000000000000e+00, 1.400000000000e+00, 8.000000000000e-01, 1.842698784102e+00, 3.391385667458e-03
 2.000000000000e+00, 1.400000000000e+00, 9.200000000000e-01, 1.427289026411e+00, 1.789367209195e-03
 2.000000000000e+00, 1.400000000000e+00, 1.040000000000e+00, 1.386397212016e+00, 1.733421964123e-03
 2.000000000000e+00, 1.400000000000e+00, 1.160000000000e+00, 1.424843113493e+00, 1.797538687100e-03
 2.000000000000e+00, 1.400000000000e+00, 1.280000000000e+00, 1.469204834975e+00, 1.775998939856e-03
 2.000000000000e+00, 1.400000000000e+00, 1.400000000000e+00, 1.500219953128e+00, 1.761521915717e-03
 2.000000000000e+00, 1.400000000000e+00, 1.520000000000e+00, 1.525692345959e+00, 1.662302369674e-03
 2.000000000000e+00, 1.400000000000e+00, 1.640000000000e+00, 1.540788932518e+00, 1.613803492542e-03
 2.000000000000e+00, 1.400000000000e+00, 1.760000000000e+00, 1.545618077887e+00, 1.604759559908e-03
 2.000000000000e+00, 1.400000000000e+00, 1.880000000000e+00, 1.548700264233e+00, 1.626928505410e-03
 2.000000000000e+00, 1.520000000000e+00, 8.000000000000e-01, 1.938665381550e+00, 3.244176985783e-03
 2.000000000000e+00, 1.520000000000e+00, 9.200000000000e-01, 1.549586196066e+00, 1.843386378760e-03
 2.000000000000e+00, 1.520000000000e+00, 1.040000000000e+00, 1.511999572774e+00, 1.878853432239e-03
 2.000000000000e+00, 1.520000000000e+00, 1.160000000000e+00, 1.552301613595e+00, 1.846894110279e-03
 2.000000000000e+00, 1.520000000000e+00, 1.280000000000e+00, 1.600385441882e+00, 1.746974937263e-03
 2.000000000000e+00, 1.520000000000e+00, 1.400000000000e+00, 1.639021343899e+00, 1.701957398533e-03
 2.000000000000e+00, 1.520000000000e+00, 1.520000000000e+00, 1.665622074312e+00, 1.661110413300e-03
 2.000000000000e+00, 1.520000000000e+00, 1.640000000000e+00, 1.681585330069e+00, 1.642115100219e-03
 2.000000000000e+00, 1.520000000000e+00, 1.760000000000e+00, 1.692918172466e+00, 1.604237647183e-03
 2.000000000000e+00, 1.520000000000e+00, 1.880000000000e+00, 1.698228016823e+00, 1.582297599832e-03
 2.000000000000e+00, 1.640000000000e+00, 8.000000000000e-01, 1.994195375417e+00, 3.115631068422e-03
 2.000000000000e+00, 1.640000000000e+00, 9.200000000000e-01, 1.639552292299e+00, 1.776355914730e-03
 2.000000000000e+00, 1.640000000000e+00, 1.040000000000e+00, 1.608939906379e+00, 1.860796103308e-03
 2.000000000000e+00, 1.640000000000e+00, 1.160000000000e+00, 1.646970600002e+00, 1.936800331207e-03
 2.000000000000e+00, 1.640000000000e+00, 1.280000000000e+00, 1.694596284454e+00, 1.827822014387e-03
 2.000000000000e+00, 1.640000000000e+00, 1.400000000000e+00, 1.734981993638e+00, 1.733628150797e-03
 2.000000000000e+00, 1.640000000000e+00, 1.520000000000e+00, 1.767862796559e+00, 1.666999883965e-03
 2.000000000000e+00, 1.640000000000e+00, 1.640000000000e+00, 1.787444417784e+00, 1.636177725923e-03
 2.000000000000e+00, 1.640000000000e+00, 1.760000000000e+00, 1.804445410637e+00, 1.588573559818e-03
 2.000000000000e+00, 1.640000000000e+00, 1.880000000000e+00, 1.812505858218e+00, 1.579673308038e-03
 2.000000000000e+00, 1.760000000000e+00, 8.000000000000e-01, 2.029136568009e+00, 3.107496884042e-03
 2.000000000000e+00, 1.760000000000e+00, 9.200000000000e-01, 1.698257315956e+00, 1.771520395742e-03
 2.000000000000e+00, 1.760000000000e+00, 1.040000000000e+00, 1.675967259247e+00, 1.901841281745e-03
 2.000000000000e+00, 1.760000000000e+00, 1.160000000000e+00, 1.717937935804e+00, 1.874288498291e-03
 2.000000000000e+00, 1.760000000000e+00, 1.280000000000e+00, 1.764188064580e+00, 1.836041361822e-03
 2.000000000000e+00, 1.760000000000e+00, 1.400000000000e+00, 1.804654673949e+00, 1.738604363399e-03
 2.000000000000e+00, 1.760000000000e+00, 1.520000000000e+00, 1.840125896978e+00, 1.679149087164e-03
 2.000000000000e+00, 1.760000000000e+00, 1.640000000000e+00, 1.868657329587e+00, 1.624921085697e-03
 2.000000000000e+00, 1.760000000000e+00, 1.760000000000e+00, 1.886773203289e+00, 1.589744827857e-03
 2.000000000000e+00, 1.760000000000e+00, 1.880000000000e+00, 1.900820423982e+00, 1.529562218770e-03
 2.000000000000e+00, 1.880000000000e+00, 8.000000000000e-01, 2.039065778077e+00, 3.080572135838e-03
 2.000000000000e+00, 1.880000000000e+00, 9.200000000000e-01, 1.745000747726e+00, 1.848841548766e-03
 2.000000000000e+00, 1.880000000000e+00, 1.040000000000e+00, 1.726900999501e+00, 1.892681653896e-03
 2.000000000000e+00, 1.880000000000e+00, 1.160000000000e+00, 1.764569792896e+00, 1.942149196816e-03
 2.000000000000e+00, 1.880000000000e+00, 1.280000000000e+00, 1.812327933513e+00, 1.856208801590e-03
 2.000000000000e+00, 1.880000000000e+00, 1.400000000000e+00, 1.858536816222e+00, 1.777972321126e-03
 2.000000000000e+00, 1.880000000000e+00, 1.520000000000e+00, 1.893440196168e+00, 1.723969691505e-03
 2.000000000000e+00, 1.880000000000e+00, 1.640000000000e+00, 1.924825517573e+00, 1.611967387156e-03
 2.000000000000e+00, 1.880000000000e+00, 1.760000000000e+00, 1.947313333522e+00, 1.530286871685e-03
 2.000000000000e+00, 1.880000000000e+00, 1.880000000000e+00, 1.958765020490e+00, 1.520737552921e-03
 2.400000000000e+00, 8.000000000000e-01, 8.000000000000e-01, 9.854204472470e+00, 5.656199612496e-02
 2.400000000000e+00, 8.000000000000e-01, 9.200000000000e-01, 9.257372176761e+00, 5.765574834916e-02
 2.400000000000e+00, 8.000000000000e-01, 1.040000000000e+00, 9.158437183018e+00, 6.310768906051e-02
 2.400000000000e+00, 8.000000000000e-01, 1.160000000000e+00, 9.278004426217e+00, 6.615619506724e-02
 2.400000000000e+00, 8.000000000000e-01, 1.280000000000e+00, 9.225164543027e+00, 6.480961239459e-02
 2.400000000000e+00, 8.000000000000e-01, 1.400000000000e+00, 9.399813395924e+00, 7.115911840659e-02
 2.400000000000e+00, 8.000000000000e-01, 1.520000000000e+00, 9.522939432014e+00, 6.882476815672e-02
 2.400000000000e+00, 8.000000000000e-01, 1.640000000000e+00, 9.838467943770e+00, 7.356742387765e-02
 2.400000000000e+00, 8.000000000000e-01, 1.760000000000e+00, 9.915194305701e+00, 7.626855037284e-02
 2.400000000000e+00, 8.000000000000e-01, 1.880000000000e+00, 9.970846132663e+00, 7.327377574795e-02
 2.400000000000e+00, 9.200000000000e-01, 8.000000000000e-01, 2.814893492662e+00, 1.129667342788e-02
 2.400000000000e+00, 9.200000000000e-01, 9.200000000000e-01, 2.400496637048e+00, 1.088656524954e-02
 2.400000000000e+00, 9.200000000000e-01, 1.040000000000e+00, 2.350677930936e+00, 1.262442279997e-02
 2.400000000000e+00, 9.200000000000e-01, 1.160000000000e+00, 2.380823147064e+00, 1.248847118946e-02
 2.400000000000e+00, 9.200000000000e-01, 1.280000000000e+00, 2.442612872901e+00, 1.349921867113e-02
 2.400000000000e+00, 9.200000000000e-01, 1.400000000000e+00, 2.466418438761e+00, 1.342247945702e-02
 2.400000000000e+00, 9.200000000000e-01, 1.520000000000e+00, 2.486727342294e+00, 1.267217491465e-02
 2.400000000000e+00, 9.200000000000e-01, 1.640000000000e+00, 2.552917421097e+00, 1.354620687447e-02
 2.400000000000e+00, 9.200000000000e-01, 1.760000000000e+00, 2.551190454551e+00, 1.271385805351e-02
 2.400000000000e+00, 9.200000000000e-01, 1.880000000000e+00, 2.569707386528e+00, 1.378650058763e-02
 2.400000000000e+00, 1.040000000000e+00, 8.000000000000e-01, 1.496435111938e+00, 3.312973264354e-03
 2.400000000000e+00, 1.040000000000e+00, 9.200000000000e-01, 1.109838077674e+00, 2.096597383983e-03
 2.400000000000e+00, 1.040000000000e+00, 1.040000000000e+00, 1.069008260652e+00, 1.894034567934e-03
 2.400000000000e+00, 1.040000000000e+00, 1.160000000000e+00, 1.096882379514e+00, 2.203496428446e-03
 2.400000000000e+00, 1.040000000000e+00, 1.280000000000e+00, 1.134861091668e+00, 2.317572955331e-03
 2.400000000000e+00, 1.040000000000e+00, 1.400000000000e+00, 1.165178874290e+00, 2.350240196782e-03
 2.400000000000e+00, 1.040000000000e+00, 1.520000000000e+00, 1.189202497556e+00, 2.377899167191e-03
 2.400000000000e+00, 1.040000000000e+00, 1.640000000000e+00, 1.201298706231e+00, 2.414666468794e-03
 2.400000000000e+00, 1.040000000000e+00, 1.760000000000e+00, 1.207325074003e+00, 2.323839853752e-03
 2.400000000000e+00, 1.040000000000e+00, 1.880000000000e+00, 1.213858703380e+00, 2.374270308909e-03
 2.400000000000e+00, 1.160000000000e+00, 8.000000000000e-01, 1.357288855198e+00, 2.751938974819e-03
 2.400000000000e+00, 1.160000000000e+00, 9.200000000000e-01, 9.867372528157e-01, 1.085279835039e-03
 2.400000000000e+00, 1.160000000000e+00, 1.040000000000e+00, 9.557840028376e-01, 1.233247042284e-03
 2.400000000000e+00, 1.160000000000e+00, 1.160000000000e+00, 9.856596942091e-01, 1.238382998156e-03
 2.400000000000e+00, 1.160000000000e+00, 1.280000000000e+00, 1.023534628448e+00, 1.199081482327e-03
 2.400000000000e+00, 1.160000000000e+00, 1.400000000000e+00, 1.052374275208e+00, 1.134154213760e-03
 2.400000000000e+00, 1.160000000000e+00, 1.520000000000e+00, 1.071159422732e+00, 1.118145602750e-03
 2.400000000000e+00, 1.160000000000e+00, 1.640000000000e+00, 1.086091257253e+00, 1.075647153766e-03
 2.400000000000e+00, 1.160000000000e+00, 1.760000000000e+00, 1.089518480911e+00, 1.129755778305e-03
 2.400000000000e+00, 1.160000000000e+00, 1.880000000000e+00, 1.092948181864e+00, 1.094440919753e-03
 2.400000000000e+00, 1.280000000000e+00, 8.000000000000e-01, 1.452815302075e+00, 2.790586094305e-03
 2.400000000000e+00, 1.280000000000e+00, 9.200000000000e-01, 1.097464551266e+00, 1.301202146573e-03
 2.400000000000e+00, 1.280000000000e+00, 1.040000000000e+00, 1.067608980423e+00, 1.439000912780e-03
 2.400000000000e+00, 1.280000000000e+00, 1.160000000000e+00, 1.101055663889e+00, 1.507084973454e-03
 2.400000000000e+00, 1.280000000000e+00, 1.280000000000e+00, 1.137935627278e+00, 1.446078602563e-03
 2.400000000000e+00, 1.280000000000e+00, 1.400000000000e+00, 1.171059699753e+00, 1.384803110777e-03
 2.400000000000e+00, 1.280000000000e+00, 1.520000000000e+00, 1.194128400860e+00, 1.298028754968e-03
 2.400000000000e+00, 1.280000000000e+00, 1.640000000000e+00, 1.208096434619e+00, 1.332390545908e-03
 2.400000000000e+00, 1.280000000000e+00, 1.760000000000e+00, 1.216533484790e+00, 1.309231811460e-03
 2.400000000000e+00, 1.280000000000e+00, 1.880000000000e+00, 1.215687749891e+00, 1.303786846537e-03
 2.400000000000e+00, 1.400000000000e+00, 8.000000000000e-01, 1.560352595821e+00, 2.776814410988e-03
 2.400000000000e+00, 1.400000000000e+00, 9.200000000000e-01, 1.229748592726e+00, 1.394401334928e-03
 2.400000000000e+00, 1.400000000000e+00, 1.040000000000e+00, 1.201632015622e+00, 1.549800887553e-03
 2.400000000000e+00, 1.400000000000e+00, 1.160000000000e+00, 1.234644510410e+00, 1.558010130072e-03
 2.400000000000e+00, 1.400000000000e+00, 1.280000000000e+00, 1.272513921273e+00, 1.509073842061e-03
 2.400000000000e+00, 1.400000000000e+00, 1.400000000000e+00, 1.304726821175e+00, 1.522122254544e-03
 2.400000000000e+00, 1.400000000000e+00, 1.520000000000e+00, 1.333177310950e+00, 1.439872801994e-03
 2.400000000000e+00, 1.400000000000e+00, 1.640000000000e+00, 1.351845399583e+00, 1.411547818618e-03
 2.400000000000e+00, 1.400000000000e+00, 1.760000000000e+00, 1.360374631385e+00, 1.374190255005e-03
 2.400000000000e+00, 1.400000000000e+00, 1.880000000000e+00, 1.367970075000e+00, 1.376040153946e-03
 2.400000000000e+00, 1.520000000000e+00, 8.000000000000e-01, 1.639426198791e+00, 2.710714919971e-03
 2.400000000000e+00, 1.520000000000e+00, 9.200000000000e-01, 1.336760497835e+00, 1.460810464138e-03
 2.400000000000e+00, 1.520000000000e+00, 1.040000000000e+00, 1.313781867987e+00, 1.526062663602e-03
 2.400000000000e+00, 1.520000000000e+00, 1.160000000000e+00, 1.345261542534e+00, 1.550645711473e-03
 2.400000000000e+00, 1.520000000000e+00, 1.280000000000e+00, 1.384798731340e+00, 1.532770385389e-03
 2.400000000000e+00, 1.520000000000e+00, 1.400000000000e+00, 1.422223971789e+00, 1.466602620289e-03
 2.400000000000e+00, 1.520000000000e+00, 1.520000000000e+00, 1.450142898435e+00, 1.476360583750e-03
 2.400000000000e+00, 1.520000000000e+00, 1.640000000000e+00, 1.469657048075e+00, 1.411917348629e-03
 2.400000000000e+00, 1.520000000000e+00, 1.760000000000e+00, 1.485400489179e+00, 1.572954619936e-03
 2.400000000000e+00, 1.520000000000e+00, 1.880000000000e+00, 1.492504588659e+00, 1.356309303492e-03
 2.400000000000e+00, 1.640000000000e+00, 8.000000000000e-01, 1.700075840534e+00, 2.781294096876e-03
 2.400000000000e+00, 1.640000000000e+00, 9.200000000000e-01, 1.416287009545e+00, 1.442022294866e-03
 2.400000000000e+00, 1.640000000000e+00, 1.040000000000e+00, 1.394893229798e+00, 1.684493291867e-03
 2.400000000000e+00, 1.640000000000e+00, 1.160000000000e+00, 1.429765041516e+00, 1.612529581559e-03
 2.400000000000e+00, 1.640000000000e+00, 1.280000000000e+00, 1.476686400899e+00, 1.648673384778e-03
 2.400000000000e+00, 1.640000000000e+00, 1.400000000000e+00, 1.506512572405e+00, 1.559515600706e-03
 2.400000000000e+00, 1.640000000000e+00, 1.520000000000e+00, 1.538691909984e+00, 1.415765521772e-03
 2.400000000000e+00, 1.640000000000e+00, 1.640000000000e+00, 1.561597516988e+00, 1.435140744415e-03
 2.400000000000e+00, 1.640000000000e+00, 1.760000000000e+00, 1.576107035726e+00, 1.394064010539e-03
 2.400000000000e+00, 1.640000000000e+00, 1.880000000000e+00, 1.590318930856e+00, 1.333340037955e-03
 2.400000000000e+00, 1.760000000000e+00, 8.000000000000e-01, 1.738871922888e+00, 2.668548519920e-03
 2.400000000000e+00, 1.760000000000e+00, 9.200000000000e-01, 1.474113021093e+00, 1.476860541918e-03
 2.400000000000e+00, 1.760000000000e+00, 1.040000000000e+00, 1.457563375403e+00, 1.576279089906e-03
 2.400000000000e+00, 1.760000000000e+00, 1.160000000000e+00, 1.491319575641e+00, 1.659849017194e-03
 2.400000000000e+00, 1.760000000000e+00, 1.280000000000e+00, 1.532263865092e+00, 1.667158485674e-03
 2.400000000000e+00, 1.760000000000e+00, 1.400000000000e+00, 1.568281262668e+00, 1.483366010369e-03
 2.400000000000e+00, 1.760000000000e+00, 1.520000000000e+00, 1.602667652503e+00, 1.449467131238e-03
 2.400000000000e+00, 1.760000000000e+00, 1.640000000000e+00, 1.628771491468e+00, 1.387035781781e-03
 2.400000000000e+00, 1.760000000000e+00, 1.760000000000e+00, 1.646484560449e+00, 1.335098531511e-03
 2.400000000000e+00, 1.760000000000e+00, 1.880000000000e+00, 1.661243423821e+00, 1.328976695559e-03
 2.400000000000e+00, 1.880000000000e+00, 8.000000000000e-01, 1.755926874573e+00, 2.673033733984e-03
 2.400000000000e+00, 1.880000000000e+00, 9.200000000000e-01, 1.516074082057e+00, 1.482164978491e-03
 2.400000000000e+00, 1.880000000000e+00, 1.040000000000e+00, 1.502463893974e+00, 1.567580699809e-03
 2.400000000000e+00, 1.880000000000e+00, 1.160000000000e+00, 1.534637871952e+00, 1.635225846373e-03
 2.400000000000e+00, 1.880000000000e+00, 1.280000000000e+00, 1.577404752044e+00, 1.569931852168e-03
 2.400000000000e+00, 1.880000000000e+00, 1.400000000000e+00, 1.618159687936e+00, 1.549066328726e-03
 2.400000000000e+00, 1.880000000000e+00, 1.520000000000e+00, 1.649871958553e+00, 1.388003086950e-03
 2.400000000000e+00, 1.880000000000e+00, 1.640000000000e+00, 1.677333996828e+00, 1.404219644846e-03
 2.400000000000e+00, 1.880000000000e+00, 1.760000000000e+00, 1.700024441325e+00, 1.348936144608e-03
 2.400000000000e+00, 1.880000000000e+00, 1.880000000000e+00, 1.716239697480e+00, 1.315362623661e-03
 2.800000000000e+00, 8.000000000000e-01, 8.000000000000e-01, 8.082688809839e+00, 4.972685550393e-02
 2.800000000000e+00, 8.000000000000e-01, 9.200000000000e-01, 7.601181107062e+00, 5.225929498069e-02
 2.800000000000e+00, 8.000000000000e-01, 1.040000000000e+00, 7.473567917284e+00, 5.337035795934e-02
 2.800000000000e+00, 8.000000000000e-01, 1.160000000000e+00, 7.614121488675e+00, 5.961536484859e-02
 2.800000000000e+00, 8.000000000000e-01, 1.280000000000e+00, 7.536308245762e+00, 5.825487367933e-02
 2.800000000000e+00, 8.000000000000e-01, 1.400000000000e+00, 7.764017906234e+00, 6.116381537251e-02
 2.800000000000e+00, 8.000000000000e-01, 1.520000000000e+00, 7.836085819445e+00, 6.042194605885e-02
 2.800000000000e+00, 8.000000000000e-01, 1.640000000000e+00, 7.870336202983e+00, 6.312878047784e-02
 2.800000000000e+00, 8.000000000000e-01, 1.760000000000e+00, 7.940396940032e+00, 6.274448159977e-02
 2.800000000000e+00, 8.000000000000e-01, 1.880000000000e+00, 8.030279130024e+00, 6.144587978510e-02
 2.800000000000e+00, 9.200000000000e-01, 8.000000000000e-01, 2.336735645904e+00, 1.012339915940e-02
 2.800000000000e+00, 9.200000000000e-01, 9.200000000000e-01, 1.998977257791e+00, 9.078733241069e-03
 2.800000000000e+00, 9.200000000000e-01, 1.040000000000e+00, 1.964790101352e+00, 1.080604167211e-02
 2.800000000000e+00, 9.200000000000e-01, 1.160000000000e+00, 1.971615733486e+00, 1.089653585196e-02
 2.800000000000e+00, 9.200000000000e-01, 1.280000000000e+00, 2.032290960385e+00, 1.078630601830e-02
 2.800000000000e+00, 9.200000000000e-01, 1.400000000000e+00, 2.082484897709e+00, 1.135051361829e-02
 2.800000000000e+00, 9.200000000000e-01, 1.520000000000e+00, 2.095167643517e+00, 1.161825731730e-02
 2.800000000000e+00, 9.200000000000e-01, 1.640000000000e+00, 2.116048474388e+00, 1.216707367584e-02
 2.800000000000e+00, 9.200000000000e-01, 1.760000000000e+00, 2.159767974988e+00, 1.179657034231e-02
 2.800000000000e+00, 9.200000000000e-01, 1.880000000000e+00, 2.183798544512e+00, 1.140100687619e-02
 2.800000000000e+00, 1.040000000000e+00, 8.000000000000e-01, 1.282493379088e+00, 2.923483104599e-03
 2.800000000000e+00, 1.040000000000e+00, 9.200000000000e-01, 9.664869966462e-01, 1.752517316428e-03
 2.800000000000e+00, 1.040000000000e+00, 1.040000000000e+00, 9.438524883234e-01, 1.660730844599e-03
 2.800000000000e+00, 1.040000000000e+00, 1.160000000000e+00, 9.691959839909e-01, 1.902767631800e-03
 2.800000000000e+00, 1.040000000000e+00, 1.280000000000e+00, 1.005009935022e+00, 2.071106425820e-03
 2.800000000000e+00, 1.040000000000e+00, 1.400000000000e+00, 1.036405277242e+00, 2.003899572388e-03
 2.800000000000e+00, 1.040000000000e+00, 1.520000000000e+00, 1.058644569560e+00, 2.082402576759e-03
 2.800000000000e+00, 1.040000000000e+00, 1.640000000000e+00, 1.072531615669e+00, 2.030938566201e-03
 2.800000000000e+00, 1.040000000000e+00, 1.760000000000e+00, 1.088985267129e+00, 2.087011415854e-03
 2.800000000000e+00, 1.040000000000e+00, 1.880000000000e+00, 1.093972807593e+00, 2.060189969429e-03
 2.800000000000e+00, 1.160000000000e+00, 8.000000000000e-01, 1.184150527257e+00, 2.296131536737e-03
 2.800000000000e+00, 1.160000000000e+00, 9.200000000000e-01, 8.812330155309e-01, 9.127741201278e-04
 2.800000000000e+00, 1.160000000000e+00, 1.040000000000e+00, 8.603301315455e-01, 1.057799636405e-03
 2.800000000000e+00, 1.160000000000e+00, 1.160000000000e+00, 8.907449225199e-01, 1.063170439886e-03
 2.800000000000e+00, 1.160000000000e+00, 1.280000000000e+00, 9.257414197106e-01, 9.806715724756e-04
 2.800000000000e+00, 1.160000000000e+00, 1.400000000000e+00, 9.532114660559e-01, 9.899383362026e-04
 2.800000000000e+00, 1.160000000000e+00, 1.520000000000e+00, 9.777403952447e-01, 9.590229767604e-04
 2.800000000000e+00, 1.160000000000e+00, 1.640000000000e+00, 9.924380777953e-01, 9.527597132728e-04
 2.800000000000e+00, 1.160000000000e+00, 1.760000000000e+00, 1.003669291438e+00, 9.292135949873e-04
 2.800000000000e+00, 1.160000000000e+00, 1.880000000000e+00, 1.008745035783e+00, 9.580962454507e-04
 2.800000000000e+00, 1.280000000000e+00, 8.000000000000e-01, 1.270983181765e+00, 2.415306746528e-03
 2.800000000000e+00, 1.280000000000e+00, 9.200000000000e-01, 9.813557017001e-01, 1.109345825389e-03
 2.800000000000e+00, 1.280000000000e+00, 1.040000000000e+00, 9.638173157204e-01, 1.211795299021e-03
 2.800000000000e+00, 1.280000000000e+00, 1.160000000000e+00, 9.904425642821e-01, 1.299757019413e-03
 2.800000000000e+00, 1.280000000000e+00, 1.280000000000e+00, 1.030146034861e+00, 1.244608966151e-03
 2.800000000000e+00, 1.280000000000e+00, 1.400000000000e+00, 1.058204146371e+00, 1.223565560894e-03
 2.800000000000e+00, 1.280000000000e+00, 1.520000000000e+00, 1.082560314888e+00, 1.152206782340e-03
 2.800000000000e+00, 1.280000000000e+00, 1.640000000000e+00, 1.099412656550e+00, 1.156702151757e-03
 2.800000000000e+00, 1.280000000000e+00, 1.760000000000e+00, 1.112246337746e+00, 1.125691272753e-03
 2.800000000000e+00, 1.280000000000e+00, 1.880000000000e+00, 1.119517152483e+00, 1.109545859573e-03
 2.800000000000e+00, 1.400000000000e+00, 8.000000000000e-01, 1.369747959381e+00, 2.265330680129e-03
 2.800000000000e+00, 1.400000000000e+00, 9.200000000000e-01, 1.099367185845e+00, 1.183369580857e-03
 2.800000000000e+00, 1.400000000000e+00, 1.040000000000e+00, 1.081561461670e+00, 1.262005340631e-03
 2.800000000000e+00, 1.400000000000e+00, 1.160000000000e+00, 1.110541374739e+00, 1.332421453200e-03
 2.800000000000e+00, 1.400000000000e+00, 1.280000000000e+00, 1.146338195593e+00, 1.323873261745e-03
 2.800000000000e+00, 1.400000000000e+00, 1.400000000000e+00, 1.178889074106e+00, 1.303267720137e-03
 2.800000000000e+00, 1.400000000000e+00, 1.520000000000e+00, 1.204728890855e+00, 1.242615026585e-03
 2.800000000000e+00, 1.400000000000e+00, 1.640000000000e+00, 1.224884408388e+00, 1.209495372221e-03
 2.800000000000e+00, 1.400000000000e+00, 1.760000000000e+00, 1.235480830575e+00, 1.201354758104e-03
 2.800000000000e+00, 1.400000000000e+00, 1.880000000000e+00, 1.246687364201e+00, 1.124278363707e-03
 2.800000000000e+00, 1.520000000000e+00, 8.000000000000e-01, 1.444558049969e+00, 2.378557002894e-03
 2.800000000000e+00, 1.520000000000e+00, 9.200000000000e-01, 1.189822308801e+00, 1.317257356764e-03
 2.800000000000e+00, 1.520000000000e+00, 1.040000000000e+00, 1.175023472460e+00, 1.352218318510e-03
 2.800000000000e+00, 1.520000000000e+00, 1.160000000000e+00, 1.207552481331e+00, 1.345197855349e-03
 2.800000000000e+00, 1.520000000000e+00, 1.280000000000e+00, 1.245630789020e+00, 1.304483000174e-03
 2.800000000000e+00, 1.520000000000e+00, 1.400000000000e+00, 1.277014018362e+00, 1.295980815701e-03
 2.800000000000e+00, 1.520000000000e+00, 1.520000000000e+00, 1.302466279574e+00, 1.287796229777e-03
 2.800000000000e+00, 1.520000000000e+00, 1.640000000000e+00, 1.328759049748e+00, 1.219116114752e-03
 2.800000000000e+00, 1.520000000000e+00, 1.760000000000e+00, 1.341185389308e+00, 1.218081113441e-03
 2.800000000000e+00, 1.520000000000e+00, 1.880000000000e+00, 1.354220789865e+00, 1.199219497618e-03
 2.800000000000e+00, 1.640000000000e+00, 8.000000000000e-01, 1.502546933510e+00, 2.361042720146e-03
 2.800000000000e+00, 1.640000000000e+00, 9.200000000000e-01, 1.265140614726e+00, 1.307487809717e-03
 2.800000000000e+00, 1.640000000000e+00, 1.040000000000e+00, 1.250756040765e+00, 1.379965897806e-03
 2.800000000000e+00, 1.640000000000e+00, 1.160000000000e+00, 1.283317107258e+00, 1.382293733042e-03
 2.800000000000e+00, 1.640000000000e+00, 1.280000000000e+00, 1.320159388513e+00, 1.302789318594e-03
 2.800000000000e+00, 1.640000000000e+00, 1.400000000000e+00, 1.353842063334e+00, 1.314872801976e-03
 2.800000000000e+00, 1.640000000000e+00, 1.520000000000e+00, 1.382523877691e+00, 1.255472314809e-03
 2.800000000000e+00, 1.640000000000e+00, 1.640000000000e+00, 1.403769470401e+00, 1.225495091783e-03
 2.800000000000e+00, 1.640000000000e+00, 1.760000000000e+00, 1.422206142525e+00, 1.196920033245e-03
 2.800000000000e+00, 1.640000000000e+00, 1.880000000000e+00, 1.436543807982e+00, 1.170825220558e-03
 2.800000000000e+00, 1.760000000000e+00, 8.000000000000e-01, 1.540509411973e+00, 2.314435719926e-03
 2.800000000000e+00, 1.760000000000e+00, 9.200000000000e-01, 1.321047904972e+00, 1.232399464464e-03
 2.800000000000e+00, 1.760000000000e+00, 1.040000000000e+00, 1.311212767028e+00, 1.367741257553e-03
 2.800000000000e+00, 1.760000000000e+00, 1.160000000000e+00, 1.339328381127e+00, 1.405969170099e-03
 2.800000000000e+00, 1.760000000000e+00, 1.280000000000e+00, 1.380261679629e+00, 1.292122473786e-03
 2.800000000000e+00, 1.760000000000e+00, 1.400000000000e+00, 1.412815160049e+00, 1.310187213956e-03
 2.800000000000e+00, 1.760000000000e+00, 1.520000000000e+00, 1.439756542964e+00, 1.237180931889e-03
 2.800000000000e+00, 1.760000000000e+00, 1.640000000000e+00, 1.465123055287e+00, 1.216579015594e-03
 2.800000000000e+00, 1.760000000000e+00, 1.760000000000e+00, 1.487472675412e+00, 1.171424998433e-03
 2.800000000000e+00, 1.760000000000e+00, 1.880000000000e+00, 1.500226135961e+00, 1.195607232687e-03
 2.800000000000e+00, 1.880000000000e+00, 8.000000000000e-01, 1.564489329057e+00, 2.304185292426e-03
 2.800000000000e+00, 1.880000000000e+00, 9.200000000000e-01, 1.358207447313e+00, 1.239861157572e-03
 2.800000000000e+00, 1.880000000000e+00, 1.040000000000e+00, 1.350525549544e+00, 1.358193701399e-03
 2.800000000000e+00, 1.880000000000e+00, 1.160000000000e+00, 1.381036996294e+00, 1.346864225088e-03
 2.800000000000e+00, 1.880000000000e+00, 1.280000000000e+00, 1.420649493594e+00, 1.312703688011e-03
 2.800000000000e+00, 1.880000000000e+00, 1.400000000000e+00, 1.454301720323e+00, 1.329249609241e-03
 2.800000000000e+00, 1.880000000000e+00, 1.520000000000e+00, 1.484530675064e+00, 1.233108236214e-03
 2.800000000000e+00, 1.880000000000e+00, 1.640000000000e+00, 1.508419427475e+00, 1.207020769413e-03
 2.800000000000e+00, 1.880000000000e+00, 1.760000000000e+00, 1.531407576657e+00, 1.163011161113e-03
 2.800000000000e+00, 1.880000000000e+00, 1.880000000000e+00, 1.549264599746e+00, 1.142069327833e-03
 3.200000000000e+00, 8.000000000000e-01, 8.000000000000e-01, 6.791322135880e+00, 4.439428903083e-02
 3.200000000000e+00, 8.000000000000e-01, 9.200000000000e-01, 6.366401671895e+00, 4.971567515100e-02
 3.200000000000e+00, 8.000000000000e-01, 1.040000000000e+00, 6.361741037453e+00, 4.916046121562e-02
 3.200000000000e+00, 8.000000000000e-01, 1.160000000000e+00, 6.347690658057e+00, 5.156505779005e-02
 3.200000000000e+00, 8.000000000000e-01, 1.280000000000e+00, 6.432946196399e+00, 5.195843290247e-02
 3.200000000000e+00, 8.000000000000e-01, 1.400000000000e+00, 6.374271524791e+00, 4.946099238513e-02
 3.200000000000e+00, 8.000000000000e-01, 1.520000000000e+00, 6.472546236952e+00, 5.105123615275e-02
 3.200000000000e+00, 8.000000000000e-01, 1.640000000000e+00, 6.511841688825e+00, 5.367300992917e-02
 3.200000000000e+00, 8.000000000000e-01, 1.760000000000e+00, 6.602640629025e+00, 5.204624534010e-02
 3.200000000000e+00, 8.000000000000e-01, 1.880000000000e+00, 6.762077134150e+00, 5.916278733484e-02
 3.200000000000e+00, 9.200000000000e-01, 8.000000000000e-01, 2.015783368448e+00, 8.871234471683e-03
 3.200000000000e+00, 9.200000000000e-01, 9.200000000000e-01, 1.725314183125e+00, 8.190539224709e-03
 3.200000000000e+00, 9.200000000000e-01, 1.040000000000e+00, 1.696375759305e+00, 9.104263921377e-03
 3.200000000000e+00, 9.200000000000e-01, 1.160000000000e+00, 1.733853521174e+00, 9.699376973025e-03
 3.200000000000e+00, 9.200000000000e-01, 1.280000000000e+00, 1.767968831530e+00, 9.591468927081e-03
 3.200000000000e+00, 9.200000000000e-01, 1.400000000000e+00, 1.809048627032e+00, 9.817120448809e-03
 3.200000000000e+00, 9.200000000000e-01, 1.520000000000e+00, 1.819976072638e+00, 9.665549694187e-03
 3.200000000000e+00, 9.200000000000e-01, 1.640000000000e+00, 1.851722205986e+00, 9.795534418849e-03
 3.200000000000e+00, 9.200000000000e-01, 1.760000000000e+00, 1.863551705135e+00, 1.026172481919e-02
 3.200000000000e+00, 9.200000000000e-01, 1.880000000000e+00, 1.892214591739e+00, 1.080409083026e-02
 3.200000000000e+00, 1.040000000000e+00, 8.000000000000e-01, 1.140642046337e+00, 2.504748028293e-03
 3.200000000000e+00, 1.040000000000e+00, 9.200000000000e-01, 8.763628672954e-01, 1.498396249456e-03
 3.200000000000e+00, 1.040000000000e+00, 1.040000000000e+00, 8.613263650037e-01, 1.415125905487e-03
 3.200000000000e+00, 1.040000000000e+00, 1.160000000000e+00, 8.875797759720e-01, 1.777388559452e-03
 3.200000000000e+00, 1.040000000000e+00, 1.280000000000e+00, 9.223429951637e-01, 1.806338597785e-03
 3.200000000000e+00, 1.040000000000e+00, 1.400000000000e+00, 9.545308070050e-01, 1.849200940852e-03
 3.200000000000e+00, 1.040000000000e+00, 1.520000000000e+00, 9.718480465701e-01, 1.758309698317e-03
 3.200000000000e+00, 1.040000000000e+00, 1.640000000000e+00, 9.926319127860e-01, 1.813799315439e-03
 3.200000000000e+00, 1.040000000000e+00, 1.760000000000e+00, 1.009149152474e+00, 1.850710979109e-03
 3.200000000000e+00, 1.040000000000e+00, 1.880000000000e+00, 1.017034968045e+00, 1.934916636915e-03
 3.200000000000e+00, 1.160000000000e+00, 8.000000000000e-01, 1.064553502930e+00, 2.051772409883e-03
 3.200000000000e+00, 1.160000000000e+00, 9.200000000000e-01, 8.146856007070e-01, 7.533145649616e-04
 3.200000000000e+00, 1.160000000000e+00, 1.040000000000e+00, 7.990943140890e-01, 9.826740522460e-04
 3.200000000000e+00, 1.160000000000e+00, 1.160000000000e+00, 8.271218323476e-01, 1.007180630371e-03
 3.200000000000e+00, 1.160000000000e+00, 1.280000000000e+00, 8.614749355941e-01, 9.228255217818e-04
 3.200000000000e+00, 1.160000000000e+00, 1.400000000000e+00, 8.926751482744e-01, 8.576554662902e-04
 3.200000000000e+00, 1.160000000000e+00, 1.520000000000e+00, 9.149157296222e-01, 8.364956327958e-04
 3.200000000000e+00, 1.160000000000e+00, 1.640000000000e+00, 9.326271504809e-01, 8.174650131095e-04
 3.200000000000e+00, 1.160000000000e+00, 1.760000000000e+00, 9.452543079553e-01, 8.070365876674e-04
 3.200000000000e+00, 1.160000000000e+00, 1.880000000000e+00, 9.539177251179e-01, 7.871585823589e-04
 3.200000000000e+00, 1.280000000000e+00, 8.000000000000e-01, 1.143160116710e+00, 2.090493869167e-03
 3.200000000000e+00, 1.280000000000e+00, 9.200000000000e-01, 9.077352727023e-01, 9.258472853343e-04
 3.200000000000e+00, 1.280000000000e+00, 1.040000000000e+00, 8.922795368307e-01, 1.076236426699e-03
 3.200000000000e+00, 1.280000000000e+00, 1.160000000000e+00, 9.212439438058e-01, 1.144103273136e-03
 3.200000000000e+00, 1.280000000000e+00, 1.280000000000e+00, 9.561632390021e-01, 1.120711335717e-03
 3.200000000000e+00, 1.280000000000e+00, 1.400000000000e+00, 9.836580504364e-01, 1.134574951833e-03
 3.200000000000e+00, 1.280000000000e+00, 1.520000000000e+00, 1.007619720044e+00, 1.101526217893e-03
 3.200000000000e+00, 1.280000000000e+00, 1.640000000000e+00, 1.027432739444e+00, 1.040146078665e-03
 3.200000000000e+00, 1.280000000000e+00, 1.760000000000e+00, 1.041050377400e+00, 1.012766048384e-03
 3.200000000000e+00, 1.280000000000e+00, 1.880000000000e+00, 1.051316116134e+00, 9.852352567230e-04
 3.200000000000e+00, 1.400000000000e+00, 8.000000000000e-01, 1.236165955173e+00, 2.108861794056e-03
 3.200000000000e+00, 1.400000000000e+00, 9.200000000000e-01, 1.010253424619e+00, 1.040655536848e-03
 3.200000000000e+00, 1.400000000000e+00, 1.040000000000e+00, 9.974439558349e-01, 1.162910944238e-03
 3.200000000000e+00, 1.400000000000e+00, 1.160000000000e+00, 1.026788337171e+00, 1.167029263062e-03
 3.200000000000e+00, 1.400000000000e+00, 1.280000000000e+00, 1.063521349430e+00, 1.112669004905e-03
 3.200000000000e+00, 1.400000000000e+00, 1.400000000000e+00, 1.089904963520e+00, 1.179270552081e-03
 3.200000000000e+00, 1.400000000000e+00, 1.520000000000e+00, 1.116154898093e+00, 1.130823107919e-03
 3.200000000000e+00, 1.400000000000e+00, 1.640000000000e+00, 1.135350832321e+00, 1.134242788364e-03
 3.200000000000e+00, 1.400000000000e+00, 1.760000000000e+00, 1.148261979238e+00, 1.058522836925e-03
 3.200000000000e+00, 1.400000000000e+00, 1.880000000000e+00, 1.165529171349e+00, 1.018577586290e-03
 3.200000000000e+00, 1.520000000000e+00, 8.000000000000e-01, 1.305956228753e+00, 2.073088788007e-03
 3.200000000000e+00, 1.520000000000e+00, 9.200000000000e-01, 1.097126557843e+00, 1.042958246734e-03
 3.200000000000e+00, 1.520000000000e+00, 1.040000000000e+00, 1.084198080615e+00, 1.164342151004e-03
 3.200000000000e+00, 1.520000000000e+00, 1.160000000000e+00, 1.110241700852e+00, 1.216324991676e-03
 3.200000000000e+00, 1.520000000000e+00, 1.280000000000e+00, 1.147591794214e+00, 1.163221730051e-03
 3.200000000000e+00, 1.520000000000e+00, 1.400000000000e+00, 1.177296999152e+00, 1.165647730156e-03
 3.200000000000e+00, 1.520000000000e+00, 1.520000000000e+00, 1.204510299080e+00, 1.142038325355e-03
 3.200000000000e+00, 1.520000000000e+00, 1.640000000000e+00, 1.225112708759e+00, 1.110843238456e-03
 3.200000000000e+00, 1.520000000000e+00, 1.760000000000e+00, 1.240692920697e+00, 1.066974842260e-03
 3.200000000000e+00, 1.520000000000e+00, 1.880000000000e+00, 1.257313060711e+00, 1.060537750901e-03
 3.200000000000e+00, 1.640000000000e+00, 8.000000000000e-01, 1.361861782917e+00, 2.119521543995e-03
 3.200000000000e+00, 1.640000000000e+00, 9.200000000000e-01, 1.162400030236e+00, 1.066855147430e-03
 3.200000000000e+00, 1.640000000000e+00, 1.040000000000e+00, 1.152146162161e+00, 1.197552596968e-03
 3.200000000000e+00, 1.640000000000e+00, 1.160000000000e+00, 1.180163271423e+00, 1.240068783174e-03
 3.200000000000e+00, 1.640000000000e+00, 1.280000000000e+00, 1.215395607128e+00, 1.165408544236e-03
 3.200000000000e+00, 1.640000000000e+00, 1.400000000000e+00, 1.243518963335e+00, 1.125623396556e-03
 3.200000000000e+00, 1.640000000000e+00, 1.520000000000e+00, 1.271968803471e+00, 1.148809271172e-03
 3.200000000000e+00, 1.640000000000e+00, 1.640000000000e+00, 1.296226697870e+00, 1.107934903467e-03
 3.200000000000e+00, 1.640000000000e+00, 1.760000000000e+00, 1.313630530327e+00, 1.089833663175e-03
 3.200000000000e+00, 1.640000000000e+00, 1.880000000000e+00, 1.329932172082e+00, 1.039485639498e-03
 3.200000000000e+00, 1.760000000000e+00, 8.000000000000e-01, 1.405427473365e+00, 2.130990570687e-03
 3.200000000000e+00, 1.760000000000e+00, 9.200000000000e-01, 1.210331207297e+00, 1.119106929922e-03
 3.200000000000e+00, 1.760000000000e+00, 1.040000000000e+00, 1.204072150437e+00, 1.222645663081e-03
 3.200000000000e+00, 1.760000000000e+00, 1.160000000000e+00, 1.230822533874e+00, 1.231418624966e-03
 3.200000000000e+00, 1.760000000000e+00, 1.280000000000e+00, 1.266521700257e+00, 1.193413734784e-03
 3.200000000000e+00, 1.760000000000e+00, 1.400000000000e+00, 1.298203321979e+00, 1.153172547378e-03
 3.200000000000e+00, 1.760000000000e+00, 1.520000000000e+00, 1.326509714201e+00, 1.107662548917e-03
 3.200000000000e+00, 1.760000000000e+00, 1.640000000000e+00, 1.350326405121e+00, 1.083784751162e-03
 3.200000000000e+00, 1.760000000000e+00, 1.760000000000e+00, 1.370890120745e+00, 1.067824142435e-03
 3.200000000000e+00, 1.760000000000e+00, 1.880000000000e+00, 1.385943163865e+00, 1.036482769926e-03
 3.200000000000e+00, 1.880000000000e+00, 8.000000000000e-01, 1.423999533117e+00, 1.942685461787e-03
 3.200000000000e+00, 1.880000000000e+00, 9.200000000000e-01, 1.250954279339e+00, 1.118370411937e-03
 3.200000000000e+00, 1.880000000000e+00, 1.040000000000e+00, 1.243603278577e+00, 1.208342337284e-03
 3.200000000000e+00, 1.880000000000e+00, 1.160000000000e+00, 1.269941373959e+00, 1.204494702517e-03
 3.200000000000e+00, 1.880000000000e+00, 1.280000000000e+00, 1.305485943508e+00, 1.228466808293e-03
 3.200000000000e+00, 1.880000000000e+00, 1.400000000000e+00, 1.336109693030e+00, 1.208977336894e-03
 3.200000000000e+00, 1.880000000000e+00, 1.520000000000e+00, 1.364531216351e+00, 1.102195113932e-03
 3.200000000000e+00, 1.880000000000e+00, 1.640000000000e+00, 1.390704265213e+00, 1.113664337532e-03
 3.200000000000e+00, 1.880000000000e+00, 1.760000000000e+00, 1.412133246430e+00, 1.055157566761e-03
 3.200000000000e+00, 1.880000000000e+00, 1.880000000000e+00, 1.429191159494e+00, 1.027347841069e-03
 3.600000000000e+00, 8.000000000000e-01, 8.000000000000e-01, 5.699317001044e+00, 3.634593688248e-02
 3.600000000000e+00, 8.000000000000e-01, 9.200000000000e-01, 5.419654845909e+00, 3.952589699480e-02
 3.600000000000e+00, 8.000000000000e-01, 1.040000000000e+00, 5.475368597519e+00, 4.412472871233e-02
 3.600000000000e+00, 8.000000000000e-01, 1.160000000000e+00, 5.428241053139e+00, 4.559033449762e-02
 3.600000000000e+00, 8.000000000000e-01, 1.280000000000e+00, 5.460379478177e+00, 4.388971210976e-02
 3.600000000000e+00, 8.000000000000e-01, 1.400000000000e+00, 5.498964271744e+00, 4.551015295137e-02
 3.600000000000e+00, 8.000000000000e-01, 1.520000000000e+00, 5.531274538664e+00, 4.742243836160e-02
 3.600000000000e+00, 8.000000000000e-01, 1.640000000000e+00, 5.678751422177e+00, 4.840967450050e-02
 3.600000000000e+00, 8.000000000000e-01, 1.760000000000e+00, 5.696219265059e+00, 4.914508238375e-02
 3.600000000000e+00, 8.000000000000e-01, 1.880000000000e+00, 5.682169288721e+00, 4.923617428712e-02
 3.600000000000e+00, 9.200000000000e-01, 8.000000000000e-01, 1.761381436881e+00, 7.224249465473e-03
 3.600000000000e+00, 9.200000000000e-01, 9.200000000000e-01, 1.531234109687e+00, 7.228257645176e-03
 3.600000000000e+00, 9.200000000000e-01, 1.040000000000e+00, 1.523298798277e+00, 8.280134931218e-03
 3.600000000000e+00, 9.200000000000e-01, 1.160000000000e+00, 1.548603290698e+00, 8.343956943947e-03
 3.600000000000e+00, 9.200000000000e-01, 1.280000000000e+00, 1.586925327261e+00, 9.110772509884e-03
 3.600000000000e+00, 9.200000000000e-01, 1.400000000000e+00, 1.579367483114e+00, 8.313433385761e-03
 3.600000000000e+00, 9.200000000000e-01, 1.520000000000e+00, 1.618442101658e+00, 8.863235050818e-03
 3.600000000000e+00, 9.200000000000e-01, 1.640000000000e+00, 1.669698606606e+00, 9.438865046073e-03
 3.600000000000e+00, 9.200000000000e-01, 1.760000000000e+00, 1.696792036300e+00, 9.113766441552e-03
 3.600000000000e+00, 9.200000000000e-01, 1.880000000000e+00, 1.698033425927e+00, 9.301867659256e-03
 3.600000000000e+00, 1.040000000000e+00, 8.000000000000e-01, 1.044581151729e+00, 2.275367897728e-03
 3.600000000000e+00, 1.040000000000e+00, 9.200000000000e-01, 8.183484664917e-01, 1.323151469286e-03
 3.600000000000e+00, 1.040000000000e+00, 1.040000000000e+00, 8.083707061350e-01, 1.346915212206e-03
 3.600000000000e+00, 1.040000000000e+00, 1.160000000000e+00, 8.375858936266e-01, 1.538732110244e-03
 3.600000000000e+00, 1.040000000000e+00, 1.280000000000e+00, 8.676213607902e-01, 1.618269945041e-03
 3.600000000000e+00, 1.040000000000e+00, 1.400000000000e+00, 8.963770842773e-01, 1.627282983897e-03
 3.600000000000e+00, 1.040000000000e+00, 1.520000000000e+00, 9.172823840262e-01, 1.606669150812e-03
 3.600000000000e+00, 1.040000000000e+00, 1.640000000000e+00, 9.401257094032e-01, 1.608932383406e-03
 3.600000000000e+00, 1.040000000000e+00, 1.760000000000e+00, 9.531286334742e-01, 1.559802464752e-03
 3.600000000000e+00, 1.040000000000e+00, 1.880000000000e+00, 9.669837358266e-01, 1.689057562887e-03
 3.600000000000e+00, 1.160000000000e+00, 8.000000000000e-01, 9.824787750021e-01, 1.846980592686e-03
 3.600000000000e+00, 1.160000000000e+00, 9.200000000000e-01, 7.728853262704e-01, 6.513437202599e-04
 3.600000000000e+00, 1.160000000000e+00, 1.040000000000e+00, 7.616769393596e-01, 8.279619258495e-04
 3.600000000000e+00, 1.160000000000e+00, 1.160000000000e+00, 7.891235667922e-01, 8.160991508259e-04
 3.600000000000e+00, 1.160000000000e+00, 1.280000000000e+00, 8.203367622997e-01, 7.931558021728e-04
 3.600000000000e+00, 1.160000000000e+00, 1.400000000000e+00, 8.486999333490e-01, 7.842967521012e-04
 3.600000000000e+00, 1.160000000000e+00, 1.520000000000e+00, 8.731983008681e-01, 7.542948347452e-04
 3.600000000000e+00, 1.160000000000e+00, 1.640000000000e+00, 8.930731806540e-01, 7.160592859713e-04
 3.600000000000e+00, 1.160000000000e+00, 1.760000000000e+00, 9.091099911961e-01, 6.958454224458e-04
 3.600000000000e+00, 1.160000000000e+00, 1.880000000000e+00, 9.182889098952e-01, 7.152016628365e-04
 3.600000000000e+00, 1.280000000000e+00, 8.000000000000e-01, 1.058869066759e+00, 1.899274594258e-03
 3.600000000000e+00, 1.280000000000e+00, 9.200000000000e-01, 8.562841185777e-01, 8.322881247129e-04
 3.600000000000e+00, 1.280000000000e+00, 1.040000000000e+00, 8.451800221378e-01, 9.900053904053e-04
 3.600000000000e+00, 1.280000000000e+00, 1.160000000000e+00, 8.735328514311e-01, 1.018745856715e-03
 3.600000000000e+00, 1.280000000000e+00, 1.280000000000e+00, 9.053011620256e-01, 9.876517962190e-04
 3.600000000000e+00, 1.280000000000e+00, 1.400000000000e+00, 9.322776426393e-01, 9.902749121018e-04
 3.600000000000e+00, 1.280000000000e+00, 1.520000000000e+00, 9.581718765625e-01, 9.600509389882e-04
 3.600000000000e+00, 1.280000000000e+00, 1.640000000000e+00, 9.765670635392e-01, 9.100747634419e-04
 3.600000000000e+00, 1.280000000000e+00, 1.760000000000e+00, 9.920413300850e-01, 9.320587461680e-04
 3.600000000000e+00, 1.280000000000e+00, 1.880000000000e+00, 1.006011691575e+00, 8.924114429567e-04
 3.600000000000e+00, 1.400000000000e+00, 8.000000000000e-01, 1.143761218283e+00, 2.028630738303e-03
 3.600000000000e+00, 1.400000000000e+00, 9.200000000000e-01, 9.489750650554e-01, 9.014272757163e-04
 3.600000000000e+00, 1.400000000000e+00, 1.040000000000e+00, 9.397887544112e-01, 1.085255854162e-03
 3.600000000000e+00, 1.400000000000e+00, 1.160000000000e+00, 9.670967746036e-01, 1.023090006592e-03
 3.600000000000e+00, 1.400000000000e+00, 1.280000000000e+00, 9.979650603169e-01, 1.103306437349e-03
 3.600000000000e+00, 1.400000000000e+00, 1.400000000000e+00, 1.028833921002e+00, 1.021779000071e-03
 3.600000000000e+00, 1.400000000000e+00, 1.520000000000e+00, 1.051139263381e+00, 1.000697374561e-03
 3.600000000000e+00, 1.400000000000e+00, 1.640000000000e+00, 1.072914119258e+00, 9.960309275961e-04
 3.600000000000e+00, 1.400000000000e+00, 1.760000000000e+00, 1.089267457348e+00, 9.519770480511e-04
 3.600000000000e+00, 1.400000000000e+00, 1.880000000000e+00, 1.102740737712e+00, 9.454203673708e-04
 3.600000000000e+00, 1.520000000000e+00, 8.000000000000e-01, 1.208836240174e+00, 1.914950920095e-03
 3.600000000000e+00, 1.520000000000e+00, 9.200000000000e-01, 1.028069369467e+00, 9.099684344964e-04
 3.600000000000e+00, 1.520000000000e+00, 1.040000000000e+00, 1.020287102712e+00, 1.048825079311e-03
 3.600000000000e+00, 1.520000000000e+00, 1.160000000000e+00, 1.045711046186e+00, 9.755114055884e-04
 3.600000000000e+00, 1.520000000000e+00, 1.280000000000e+00, 1.078128174853e+00, 1.040303150483e-03
 3.600000000000e+00, 1.520000000000e+00, 1.400000000000e+00, 1.107981713314e+00, 1.004433672366e-03
 3.600000000000e+00, 1.520000000000e+00, 1.520000000000e+00, 1.132314537936e+00, 1.003912853613e-03
 3.600000000000e+00, 1.520000000000e+00, 1.640000000000e+00, 1.153586242961e+00, 1.003404836027e-03
 3.600000000000e+00, 1.520000000000e+00, 1.760000000000e+00, 1.171049648465e+00, 1.001642159098e-03
 3.600000000000e+00, 1.520000000000e+00, 1.880000000000e+00, 1.185788338770e+00, 9.708727085754e-04
 3.600000000000e+00, 1.640000000000e+00, 8.000000000000e-01, 1.264533932928e+00, 1.877991528464e-03
 3.600000000000e+00, 1.640000000000e+00, 9.200000000000e-01, 1.088964960074e+00, 9.645287475991e-04
 3.600000000000e+00, 1.640000000000e+00, 1.040000000000e+00, 1.081923935325e+00, 1.038608148612e-03
 3.600000000000e+00, 1.640000000000e+00, 1.160000000000e+00, 1.106520092394e+00, 1.101409404498e-03
 3.600000000000e+00, 1.640000000000e+00, 1.280000000000e+00, 1.138883960520e+00, 1.051696536559e-03
 3.600000000000e+00, 1.640000000000e+00, 1.400000000000e+00, 1.167193789200e+00, 1.027309033715e-03
 3.600000000000e+00, 1.640000000000e+00, 1.520000000000e+00, 1.195568201873e+00, 1.033169646235e-03
 3.600000000000e+00, 1.640000000000e+00, 1.640000000000e+00, 1.219128602005e+00, 9.855435617414e-04
 3.600000000000e+00, 1.640000000000e+00, 1.760000000000e+00, 1.236474934919e+00, 9.587043086123e-04
 3.600000000000e+00, 1.640000000000e+00, 1.880000000000e+00, 1.253528904492e+00, 9.074724433461e-04
 3.600000000000e+00, 1.760000000000e+00, 8.000000000000e-01, 1.301724700523e+00, 1.846782569233e-03
 3.600000000000e+00, 1.760000000000e+00, 9.200000000000e-01, 1.136572947960e+00, 9.526615730951e-04
 3.600000000000e+00, 1.760000000000e+00, 1.040000000000e+00, 1.131525727375e+00, 1.119401973901e-03
 3.600000000000e+00, 1.760000000000e+00, 1.160000000000e+00, 1.156214064444e+00, 1.087816477610e-03
 3.600000000000e+00, 1.760000000000e+00, 1.280000000000e+00, 1.184516879368e+00, 1.088336262576e-03
 3.600000000000e+00, 1.760000000000e+00, 1.400000000000e+00, 1.217216284804e+00, 1.052410501459e-03
 3.600000000000e+00, 1.760000000000e+00, 1.520000000000e+00, 1.244412222630e+00, 9.879785704633e-04
 3.600000000000e+00, 1.760000000000e+00, 1.640000000000e+00, 1.266526021849e+00, 9.675217185829e-04
 3.600000000000e+00, 1.760000000000e+00, 1.760000000000e+00, 1.286345424079e+00, 9.397728217037e-04
 3.600000000000e+00, 1.760000000000e+00, 1.880000000000e+00, 1.304302876776e+00, 9.090102311470e-04
 3.600000000000e+00, 1.880000000000e+00, 8.000000000000e-01, 1.327818633627e+00, 1.912079478031e-03
 3.600000000000e+00, 1.880000000000e+00, 9.200000000000e-01, 1.172757377746e+00, 9.404065253951e-04
 3.600000000000e+00, 1.880000000000e+00, 1.040000000000e+00, 1.164721582937e+00, 1.099105463054e-03
 3.600000000000e+00, 1.880000000000e+00, 1.160000000000e+00, 1.193819015148e+00, 1.037304348277e-03
 3.600000000000e+00, 1.880000000000e+00, 1.280000000000e+00, 1.224741448280e+00, 1.041467963159e-03
 3.600000000000e+00, 1.880000000000e+00, 1.400000000000e+00, 1.252930517233e+00, 1.016974718489e-03
 3.600000000000e+00, 1.880000000000e+00, 1.520000000000e+00, 1.280096016074e+00, 9.872433487219e-04
 3.600000000000e+00, 1.880000000000e+00, 1.640000000000e+00, 1.304059795348e+00, 9.549478877381e-04
 3.600000000000e+00, 1.880000000000e+00, 1.760000000000e+00, 1.327627827224e+00, 9.260635826037e-04
 3.600000000000e+00, 1.880000000000e+00, 1.880000000000e+00, 1.343478891178e+00, 9.367496030222e-04
 4.000000000000e+00, 8.000000000000e-01, 8.000000000000e-01, 5.045581812495e+00, 3.384257361704e-02
 4.000000000000e+00, 8.000000000000e-01, 9.200000000000e-01, 4.794987833809e+00, 3.990760420391e-02
 4.000000000000e+00, 8.000000000000e-01, 1.040000000000e+00, 4.704339311584e+00, 3.957456808102e-02
 4.000000000000e+00, 8.000000000000e-01, 1.160000000000e+00, 4.826350579467e+00, 3.896334502175e-02
 4.000000000000e+00, 8.000000000000e-01, 1.280000000000e+00, 4.802361022741e+00, 3.918067110961e-02
 4.000000000000e+00, 8.000000000000e-01, 1.400000000000e+00, 4.894682022061e+00, 4.276330236765e-02
 4.000000000000e+00, 8.000000000000e-01, 1.520000000000e+00, 4.842330960294e+00, 4.361215868060e-02
 4.000000000000e+00, 8.000000000000e-01, 1.640000000000e+00, 4.992268589636e+00, 4.673436358515e-02
 4.000000000000e+00, 8.000000000000e-01, 1.760000000000e+00, 4.939993249361e+00, 4.264648658469e-02
 4.000000000000e+00, 8.000000000000e-01, 1.880000000000e+00, 5.021755475058e+00, 4.612365352964e-02
 4.000000000000e+00, 9.200000000000e-01, 8.000000000000e-01, 1.595068235047e+00, 6.677307980366e-03
 4.000000000000e+00, 9.200000000000e-01, 9.200000000000e-01, 1.402269322271e+00, 7.118554330950e-03
 4.000000000000e+00, 9.200000000000e-01, 1.040000000000e+00, 1.391046409837e+00, 7.686700879487e-03
 4.000000000000e+00, 9.200000000000e-01, 1.160000000000e+00, 1.400479762055e+00, 7.757553645390e-03
 4.000000000000e+00, 9.200000000000e-01, 1.280000000000e+00, 1.420182935643e+00, 7.934848334965e-03
 4.000000000000e+00, 9.200000000000e-01, 1.400000000000e+00, 1.465435523926e+00, 7.943178996616e-03
 4.000000000000e+00, 9.200000000000e-01, 1.520000000000e+00, 1.491956647129e+00, 8.722599887799e-03
 4.000000000000e+00, 9.200000000000e-01, 1.640000000000e+00, 1.512025602431e+00, 8.423900485515e-03
 4.000000000000e+00, 9.200000000000e-01, 1.760000000000e+00, 1.535142164417e+00, 8.382101163421e-03
 4.000000000000e+00, 9.200000000000e-01, 1.880000000000e+00, 1.569677761509e+00, 9.501103249425e-03
 4.000000000000e+00, 1.040000000000e+00, 8.000000000000e-01, 9.679516786717e-01, 1.977980954450e-03
 4.000000000000e+00, 1.040000000000e+00, 9.200000000000e-01, 7.856504024192e-01, 1.205819089972e-03
 4.000000000000e+00, 1.040000000000e+00, 1.040000000000e+00, 7.768657507671e-01, 1.189231275790e-03
 4.000000000000e+00, 1.040000000000e+00, 1.160000000000e+00, 8.003849253439e-01, 1.384101415630e-03
 4.000000000000e+00, 1.040000000000e+00, 1.280000000000e+00, 8.326125405852e-01, 1.476915831412e-03
 4.000000000000e+00, 1.040000000000e+00, 1.400000000000e+00, 8.581850534868e-01, 1.403193301490e-03
 4.000000000000e+00, 1.040000000000e+00, 1.520000000000e+00, 8.823999600736e-01, 1.500773370071e-03
 4.000000000000e+00, 1.040000000000e+00, 1.640000000000e+00, 9.022425535569e-01, 1.441404047325e-03
 4.000000000000e+00, 1.040000000000e+00, 1.760000000000e+00, 9.185527048519e-01, 1.479038428644e-03
 4.000000000000e+00, 1.040000000000e+00, 1.880000000000e+00, 9.346181645498e-01, 1.548844356909e-03
 4.000000000000e+00, 1.160000000000e+00, 8.000000000000e-01, 9.263363416622e-01, 1.629271731543e-03
 4.000000000000e+00, 1.160000000000e+00, 9.200000000000e-01, 7.480762550186e-01, 5.774786602548e-04
 4.000000000000e+00, 1.160000000000e+00, 1.040000000000e+00, 7.388501683430e-01, 7.528736214600e-04
 4.000000000000e+00, 1.160000000000e+00, 1.160000000000e+00, 7.662477767220e-01, 7.409026912570e-04
 4.000000000000e+00, 1.160000000000e+00, 1.280000000000e+00, 7.967834981346e-01, 6.969710835979e-04
 4.000000000000e+00, 1.160000000000e+00, 1.400000000000e+00, 8.242677272721e-01, 6.820440109402e-04
 4.000000000000e+00, 1.160000000000e+00, 1.520000000000e+00, 8.481142232084e-01, 6.726012511954e-04
 4.000000000000e+00, 1.160000000000e+00, 1.640000000000e+00, 8.669681412865e-01, 6.514298329067e-04
 4.000000000000e+00, 1.160000000000e+00, 1.760000000000e+00, 8.825747141868e-01, 6.372633303109e-04
 4.000000000000e+00, 1.160000000000e+00, 1.880000000000e+00, 8.954120822054e-01, 6.497948262810e-04
 4.000000000000e+00, 1.280000000000e+00, 8.000000000000e-01, 9.988564400211e-01, 1.694201807186e-03
 4.000000000000e+00, 1.280000000000e+00, 9.200000000000e-01, 8.239249367260e-01, 7.451651464900e-04
 4.000000000000e+00, 1.280000000000e+00, 1.040000000000e+00, 8.154565846287e-01, 9.160205488278e-04
 4.000000000000e+00, 1.280000000000e+00, 1.160000000000e+00, 8.447838211921e-01, 8.855551443159e-04
 4.000000000000e+00, 1.280000000000e+00, 1.280000000000e+00, 8.737680809525e-01, 8.736047111980e-04
 4.000000000000e+00, 1.280000000000e+00, 1.400000000000e+00, 9.015224228239e-01, 8.775814607282e-04
 4.000000000000e+00, 1.280000000000e+00, 1.520000000000e+00, 9.243011914485e-01, 8.563168375277e-04
 4.000000000000e+00, 1.280000000000e+00, 1.640000000000e+00, 9.440504537936e-01, 8.139397510253e-04
 4.000000000000e+00, 1.280000000000e+00, 1.760000000000e+00, 9.606174668659e-01, 8.211797297018e-04
 4.000000000000e+00, 1.280000000000e+00, 1.880000000000e+00, 9.749193382506e-01, 7.976587546763e-04
 4.000000000000e+00, 1.400000000000e+00, 8.000000000000e-01, 1.073531275499e+00, 1.719297297167e-03
 4.000000000000e+00, 1.400000000000e+00, 9.200000000000e-01, 9.097766486261e-01, 7.851872015332e-04
 4.000000000000e+00, 1.400000000000e+00, 1.040000000000e+00, 9.023515052380e-01, 8.765626415509e-04
 4.000000000000e+00, 1.400000000000e+00, 1.160000000000e+00, 9.284981468598e-01, 9.282185860876e-04
 4.000000000000e+00, 1.400000000000e+00, 1.280000000000e+00, 9.587498184922e-01, 9.215861068102e-04
 4.000000000000e+00, 1.400000000000e+00, 1.400000000000e+00, 9.864464909520e-01, 9.344003313298e-04
 4.000000000000e+00, 1.400000000000e+00, 1.520000000000e+00, 1.008814873422e+00, 9.537693928364e-04
 4.000000000000e+00, 1.400000000000e+00, 1.640000000000e+00, 1.030867746019e+00, 8.751735749425e-04
 4.000000000000e+00, 1.400000000000e+00, 1.760000000000e+00, 1.047074785548e+00, 8.915268644530e-04
 4.000000000000e+00, 1.400000000000e+00, 1.880000000000e+00, 1.062269563188e+00, 8.520812166642e-04
 4.000000000000e+00, 1.520000000000e+00, 8.000000000000e-01, 1.140484764800e+00, 1.750588462707e-03
 4.000000000000e+00, 1.520000000000e+00, 9.200000000000e-01, 9.810971373465e-01, 8.156067102832e-04
 4.000000000000e+00, 1.520000000000e+00, 1.040000000000e+00, 9.742221151095e-01, 1.097657818044e-03
 4.000000000000e+00, 1.520000000000e+00, 1.160000000000e+00, 9.988783006185e-01, 9.340524912906e-04
 4.000000000000e+00, 1.520000000000e+00, 1.280000000000e+00, 1.028878826029e+00, 9.977729679964e-04
 4.000000000000e+00, 1.520000000000e+00, 1.400000000000e+00, 1.055850827604e+00, 9.680975797238e-04
 4.000000000000e+00, 1.520000000000e+00, 1.520000000000e+00, 1.081827364802e+00, 9.221985239069e-04
 4.000000000000e+00, 1.520000000000e+00, 1.640000000000e+00, 1.103455451237e+00, 9.129373428523e-04
 4.000000000000e+00, 1.520000000000e+00, 1.760000000000e+00, 1.120732700129e+00, 8.723206128369e-04
 4.000000000000e+00, 1.520000000000e+00, 1.880000000000e+00, 1.136302302769e+00, 8.703843768655e-04
 4.000000000000e+00, 1.640000000000e+00, 8.000000000000e-01, 1.191468759546e+00, 1.701118570042e-03
 4.000000000000e+00, 1.640000000000e+00, 9.200000000000e-01, 1.036418538333e+00, 8.414757419920e-04
 4.000000000000e+00, 1.640000000000e+00, 1.040000000000e+00, 1.031446322076e+00, 9.560493179792e-04
 4.000000000000e+00, 1.640000000000e+00, 1.160000000000e+00, 1.055684963072e+00, 9.958406182460e-04
 4.000000000000e+00, 1.640000000000e+00, 1.280000000000e+00, 1.087990259363e+00, 9.348569475650e-04
 4.000000000000e+00, 1.640000000000e+00, 1.400000000000e+00, 1.114782296381e+00, 9.242274952486e-04
 4.000000000000e+00, 1.640000000000e+00, 1.520000000000e+00, 1.138438162952e+00, 9.363836009844e-04
 4.000000000000e+00, 1.640000000000e+00, 1.640000000000e+00, 1.161136428323e+00, 9.034609621778e-04
 4.000000000000e+00, 1.640000000000e+00, 1.760000000000e+00, 1.181252822038e+00, 8.908501746965e-04
 4.000000000000e+00, 1.640000000000e+00, 1.880000000000e+00, 1.197745598545e+00, 8.306007063612e-04
 4.000000000000e+00, 1.760000000000e+00, 8.000000000000e-01, 1.225786303381e+00, 1.712823758565e-03
 4.000000000000e+00, 1.760000000000e+00, 9.200000000000e-01, 1.082269921658e+00, 7.987116594744e-04
 4.000000000000e+00, 1.760000000000e+00, 1.040000000000e+00, 1.076800741795e+00, 9.329591810688e-04
 4.000000000000e+00, 1.760000000000e+00, 1.160000000000e+00, 1.101681141153e+00, 9.612289003686e-04
 4.000000000000e+00, 1.760000000000e+00, 1.280000000000e+00, 1.131867494917e+00, 9.709028557779e-04
 4.000000000000e+00, 1.760000000000e+00, 1.400000000000e+00, 1.158804546241e+00, 9.113652301220e-04
 4.000000000000e+00, 1.760000000000e+00, 1.520000000000e+00, 1.185876869156e+00, 8.783295976979e-04
 4.000000000000e+00, 1.760000000000e+00, 1.640000000000e+00, 1.205679785471e+00, 9.077681995249e-04
 4.000000000000e+00, 1.760000000000e+00, 1.760000000000e+00, 1.226108020795e+00, 8.863388133324e-04
 4.000000000000e+00, 1.760000000000e+00, 1.880000000000e+00, 1.243817501551e+00, 8.492946276759e-04
 4.000000000000e+00, 1.880000000000e+00, 8.000000000000e-01, 1.252872627242e+00, 1.627718576120e-03
 4.000000000000e+00, 1.880000000000e+00, 9.200000000000e-01, 1.116684790736e+00, 8.202820861084e-04
 4.000000000000e+00, 1.880000000000e+00, 1.040000000000e+00, 1.111912176726e+00, 9.489468933245e-04
 4.000000000000e+00, 1.880000000000e+00, 1.160000000000e+00, 1.136786637515e+00, 9.934370199469e-04
 4.000000000000e+00, 1.880000000000e+00, 1.280000000000e+00, 1.165311140425e+00, 9.145833263037e-04
 4.000000000000e+00, 1.880000000000e+00, 1.400000000000e+00, 1.192745392165e+00, 9.533102501248e-04
 4.000000000000e+00, 1.880000000000e+00, 1.520000000000e+00, 1.218755635836e+00, 9.010296275857e-04
 4.000000000000e+00, 1.880000000000e+00, 1.640000000000e+00, 1.241955309590e+00, 8.895547130239e-04
 4.000000000000e+00, 1.880000000000e+00, 1.760000000000e+00, 1.261719633328e+00, 8.557930305438e-04
 4.000000000000e+00, 1.880000000000e+00, 1.880000000000e+00, 1.281154786608e+00, 8.309661569652e-04
 4.400000000000e+00, 8.000000000000e-01, 8.000000000000e-01, 4.440795298520e+00, 3.079694280868e-02
 4.400000000000e+00, 8.000000000000e-01, 9.200000000000e-01, 4.286390889963e+00, 3.514952646028e-02
 4.400000000000e+00, 8.000000000000e-01, 1.040000000000e+00, 4.233856163055e+00, 3.578635806234e-02
 4.400000000000e+00, 8.000000000000e-01, 1.160000000000e+00, 4.229180131810e+00, 3.652820579084e-02
 4.400000000000e+00, 8.000000000000e-01, 1.280000000000e+00, 4.295527560853e+00, 3.803778851589e-02
 4.400000000000e+00, 8.000000000000e-01, 1.400000000000e+00, 4.274420555137e+00, 3.912074052350e-02
 4.400000000000e+00, 8.000000000000e-01, 1.520000000000e+00, 4.365968649203e+00, 3.892169196208e-02
 4.400000000000e+00, 8.000000000000e-01, 1.640000000000e+00, 4.300016962775e+00, 3.762377176403e-02
 4.400000000000e+00, 8.000000000000e-01, 1.760000000000e+00, 4.367033968794e+00, 4.012704224101e-02
 4.400000000000e+00, 8.000000000000e-01, 1.880000000000e+00, 4.450927033186e+00, 4.087259257486e-02
 4.400000000000e+00, 9.200000000000e-01, 8.000000000000e-01, 1.460239149995e+00, 6.204651324303e-03
 4.400000000000e+00, 9.200000000000e-01, 9.200000000000e-01, 1.304398702670e+00, 6.253338960659e-03
 4.400000000000e+00, 9.200000000000e-01, 1.040000000000e+00, 1.292003475276e+00, 7.100269356247e-03
 4.400000000000e+00, 9.200000000000e-01, 1.160000000000e+00, 1.299102908803e+00, 6.972535389239e-03
 4.400000000000e+00, 9.200000000000e-01, 1.280000000000e+00, 1.335389141314e+00, 7.584524139752e-03
 4.400000000000e+00, 9.200000000000e-01, 1.400000000000e+00, 1.358560125075e+00, 7.392149220518e-03
 4.400000000000e+00, 9.200000000000e-01, 1.520000000000e+00, 1.388539425634e+00, 7.354810409435e-03
 4.400000000000e+00, 9.200000000000e-01, 1.640000000000e+00, 1.410269433043e+00, 7.504128459364e-03
 4.400000000000e+00, 9.200000000000e-01, 1.760000000000e+00, 1.424196875513e+00, 7.337456848374e-03
 4.400000000000e+00, 9.200000000000e-01, 1.880000000000e+00, 1.444371156314e+00, 7.468336568681e-03
 4.400000000000e+00, 1.040000000000e+00, 8.000000000000e-01, 9.228824376663e-01, 1.873409281193e-03
 4.400000000000e+00, 1.040000000000e+00, 9.200000000000e-01, 7.599298136735e-01, 1.091574869340e-03
 4.400000000000e+00, 1.040000000000e+00, 1.040000000000e+00, 7.551893990757e-01, 1.077403980605e-03
 4.400000000000e+00, 1.040000000000e+00, 1.160000000000e+00, 7.798245074382e-01, 1.259892354139e-03
 4.400000000000e+00, 1.040000000000e+00, 1.280000000000e+00, 8.093562679329e-01, 1.316916763200e-03
 4.400000000000e+00, 1.040000000000e+00, 1.400000000000e+00, 8.364434372869e-01, 1.400304343543e-03
 4.400000000000e+00, 1.040000000000e+00, 1.520000000000e+00, 8.590286617640e-01, 1.317613450681e-03
 4.400000000000e+00, 1.040000000000e+00, 1.640000000000e+00, 8.790272451417e-01, 1.332992078911e-03
 4.400000000000e+00, 1.040000000000e+00, 1.760000000000e+00, 8.968257890566e-01, 1.295113100214e-03
 4.400000000000e+00, 1.040000000000e+00, 1.880000000000e+00, 9.111756633955e-01, 1.340106658945e-03
 4.400000000000e+00, 1.160000000000e+00, 8.000000000000e-01, 8.856968113918e-01, 1.478809879287e-03
 4.400000000000e+00, 1.160000000000e+00, 9.200000000000e-01, 7.327320446695e-01, 5.318271399525e-04
 4.400000000000e+00, 1.160000000000e+00, 1.040000000000e+00, 7.262128570318e-01, 7.544436381267e-04
 4.400000000000e+00, 1.160000000000e+00, 1.160000000000e+00, 7.529370972004e-01, 6.787695533103e-04
 4.400000000000e+00, 1.160000000000e+00, 1.280000000000e+00, 7.825942230035e-01, 6.347568141817e-04
 4.400000000000e+00, 1.160000000000e+00, 1.400000000000e+00, 8.073771614688e-01, 6.505589278927e-04
 4.400000000000e+00, 1.160000000000e+00, 1.520000000000e+00, 8.303000514819e-01, 6.443895306970e-04
 4.400000000000e+00, 1.160000000000e+00, 1.640000000000e+00, 8.514401384081e-01, 6.042947246020e-04
 4.400000000000e+00, 1.160000000000e+00, 1.760000000000e+00, 8.682782373087e-01, 6.008434467515e-04
 4.400000000000e+00, 1.160000000000e+00, 1.880000000000e+00, 8.829526002217e-01, 5.769369778741e-04
 4.400000000000e+00, 1.280000000000e+00, 8.000000000000e-01, 9.550006285538e-01, 1.553889082872e-03
 4.400000000000e+00, 1.280000000000e+00, 9.200000000000e-01, 8.030901331774e-01, 6.792630588640e-04
 4.400000000000e+00, 1.280000000000e+00, 1.040000000000e+00, 7.979244583715e-01, 7.855467222208e-04
 4.400000000000e+00, 1.280000000000e+00, 1.160000000000e+00, 8.216836135488e-01, 8.730853228080e-04
 4.400000000000e+00, 1.280000000000e+00, 1.280000000000e+00, 8.513760660148e-01, 8.582891018022e-04
 4.400000000000e+00, 1.280000000000e+00, 1.400000000000e+00, 8.786898581115e-01, 8.158702211967e-04
 4.400000000000e+00, 1.280000000000e+00, 1.520000000000e+00, 9.017967502001e-01, 7.666208299309e-04
 4.400000000000e+00, 1.280000000000e+00, 1.640000000000e+00, 9.205924131994e-01, 7.640452233303e-04
 4.400000000000e+00, 1.280000000000e+00, 1.760000000000e+00, 9.394848455964e-01, 7.434845290735e-04
 4.400000000000e+00, 1.280000000000e+00, 1.880000000000e+00, 9.558702007450e-01, 7.535870285994e-04
 4.400000000000e+00, 1.400000000000e+00, 8.000000000000e-01, 1.029156254938e+00, 1.525452831511e-03
 4.400000000000e+00, 1.400000000000e+00, 9.200000000000e-01, 8.820494215154e-01, 7.320479596968e-04
 4.400000000000e+00, 1.400000000000e+00, 1.040000000000e+00, 8.768736077968e-01, 8.194968914714e-04
 4.400000000000e+00, 1.400000000000e+00, 1.160000000000e+00, 9.003463733860e-01, 8.541412435131e-04
 4.400000000000e+00, 1.400000000000e+00, 1.280000000000e+00, 9.286714379023e-01, 9.343116877542e-04
 4.400000000000e+00, 1.400000000000e+00, 1.400000000000e+00, 9.554732412003e-01, 9.385670633219e-04
 4.400000000000e+00, 1.400000000000e+00, 1.520000000000e+00, 9.795573906811e-01, 8.641677856184e-04
 4.400000000000e+00, 1.400000000000e+00, 1.640000000000e+00, 9.994179384141e-01, 8.208531761172e-04
 4.400000000000e+00, 1.400000000000e+00, 1.760000000000e+00, 1.016752717611e+00, 8.124231605678e-04
 4.400000000000e+00, 1.400000000000e+00, 1.880000000000e+00, 1.033884641487e+00, 7.770290682390e-04
 4.400000000000e+00, 1.520000000000e+00, 8.000000000000e-01, 1.090133085066e+00, 1.585376515517e-03
 4.400000000000e+00, 1.520000000000e+00, 9.200000000000e-01, 9.472774259643e-01, 7.438918062971e-04
 4.400000000000e+00, 1.520000000000e+00, 1.040000000000e+00, 9.416234033826e-01, 8.770574405818e-04
 4.400000000000e+00, 1.520000000000e+00, 1.160000000000e+00, 9.664606881783e-01, 9.073193532676e-04
 4.400000000000e+00, 1.520000000000e+00, 1.280000000000e+00, 9.956687145742e-01, 8.279901498481e-04
 4.400000000000e+00, 1.520000000000e+00, 1.400000000000e+00, 1.021302053698e+00, 8.504663665147e-04
 4.400000000000e+00, 1.520000000000e+00, 1.520000000000e+00, 1.047042321659e+00, 8.369245428494e-04
 4.400000000000e+00, 1.520000000000e+00, 1.640000000000e+00, 1.066556724037e+00, 8.367827247795e-04
 4.400000000000e+00, 1.520000000000e+00, 1.760000000000e+00, 1.084114947591e+00, 8.279769717707e-04
 4.400000000000e+00, 1.520000000000e+00, 1.880000000000e+00, 1.102172553791e+00, 7.946363292497e-04
 4.400000000000e+00, 1.640000000000e+00, 8.000000000000e-01, 1.132699154706e+00, 1.549302279522e-03
 4.400000000000e+00, 1.640000000000e+00, 9.200000000000e-01, 1.001016374515e+00, 7.481259171343e-04
 4.400000000000e+00, 1.640000000000e+00, 1.040000000000e+00, 9.972385105568e-01, 8.688832913333e-04
 4.400000000000e+00, 1.640000000000e+00, 1.160000000000e+00, 1.020812791340e+00, 8.508261223532e-04
 4.400000000000e+00, 1.640000000000e+00, 1.280000000000e+00, 1.047523696399e+00, 8.872821107351e-04
 4.400000000000e+00, 1.640000000000e+00, 1.400000000000e+00, 1.076305327732e+00, 8.390176646857e-04
 4.400000000000e+00, 1.640000000000e+00, 1.520000000000e+00, 1.098234891483e+00, 8.270229601842e-04
 4.400000000000e+00, 1.640000000000e+00, 1.640000000000e+00, 1.120266023637e+00, 8.091420012962e-04
 4.400000000000e+00, 1.640000000000e+00, 1.760000000000e+00, 1.138994221850e+00, 8.003240606547e-04
 4.400000000000e+00, 1.640000000000e+00, 1.880000000000e+00, 1.156339920405e+00, 7.877824462793e-04
 4.400000000000e+00, 1.760000000000e+00, 8.000000000000e-01, 1.172799956308e+00, 1.663796375691e-03
 4.400000000000e+00, 1.760000000000e+00, 9.200000000000e-01, 1.042404329174e+00, 7.524868083226e-04
 4.400000000000e+00, 1.760000000000e+00, 1.040000000000e+00, 1.038264236613e+00, 8.513575392359e-04
 4.400000000000e+00, 1.760000000000e+00, 1.160000000000e+00, 1.060725551655e+00, 8.917923595304e-04
 4.400000000000e+00, 1.760000000000e+00, 1.280000000000e+00, 1.089560237181e+00, 8.496730271754e-04
 4.400000000000e+00, 1.760000000000e+00, 1.400000000000e+00, 1.114005058412e+00, 8.433277796186e-04
 4.400000000000e+00, 1.760000000000e+00, 1.520000000000e+00, 1.140877664439e+00, 8.301673416761e-04
 4.400000000000e+00, 1.760000000000e+00, 1.640000000000e+00, 1.162546327054e+00, 7.882302563473e-04
 4.400000000000e+00, 1.760000000000e+00, 1.760000000000e+00, 1.181693114169e+00, 7.817292241859e-04
 4.400000000000e+00, 1.760000000000e+00, 1.880000000000e+00, 1.199717090618e+00, 7.801935426563e-04
 4.400000000000e+00, 1.880000000000e+00, 8.000000000000e-01, 1.195537624697e+00, 1.526516963861e-03
 4.400000000000e+00, 1.880000000000e+00, 9.200000000000e-01, 1.074391660063e+00, 7.356367029218e-04
 4.400000000000e+00, 1.880000000000e+00, 1.040000000000e+00, 1.071378655883e+00, 8.866820504861e-04
 4.400000000000e+00, 1.880000000000e+00, 1.160000000000e+00, 1.094965981398e+00, 8.723253777281e-04
 4.400000000000e+00, 1.880000000000e+00, 1.280000000000e+00, 1.121465565620e+00, 8.864669047328e-04
 4.400000000000e+00, 1.880000000000e+00, 1.400000000000e+00, 1.149510750177e+00, 8.510187306673e-04
 4.400000000000e+00, 1.880000000000e+00, 1.520000000000e+00, 1.173065624793e+00, 8.137977973454e-04
 4.400000000000e+00, 1.880000000000e+00, 1.640000000000e+00, 1.196195088357e+00, 7.855067363856e-04
 4.400000000000e+00, 1.880000000000e+00, 1.760000000000e+00, 1.216173760040e+00, 7.810238699933e-04
 4.400000000000e+00, 1.880000000000e+00, 1.880000000000e+00, 1.234938988420e+00, 7.785057020158e-04
 4.800000000000e+00, 8.000000000000e-01, 8.000000000000e-01, 4.004157115914e+00, 2.922925670198e-02
 4.800000000000e+00, 8.000000000000e-01, 9.200000000000e-01, 3.808223143721e+00, 3.255310701868e-02
 4.800000000000e+00, 8.000000000000e-01, 1.040000000000e+00, 3.864913229863e+00, 3.526599674206e-02
 4.800000000000e+00, 8.000000000000e-01, 1.160000000000e+00, 3.831739720129e+00, 3.376887971141e-02
 4.800000000000e+00, 8.000000000000e-01, 1.280000000000e+00, 3.805666167658e+00, 3.321434496358e-02
 4.800000000000e+00, 8.000000000000e-01, 1.400000000000e+00, 3.938597923726e+00, 3.703846885833e-02
 4.800000000000e+00, 8.000000000000e-01, 1.520000000000e+00, 3.873291177269e+00, 3.639432948247e-02
 4.800000000000e+00, 8.000000000000e-01, 1.640000000000e+00, 3.927936490257e+00, 3.569181943652e-02
 4.800000000000e+00, 8.000000000000e-01, 1.760000000000e+00, 4.044882879952e+00, 3.950156195725e-02
 4.800000000000e+00, 8.000000000000e-01, 1.880000000000e+00, 4.020658872119e+00, 3.782926047894e-02
 4.800000000000e+00, 9.200000000000e-01, 8.000000000000e-01, 1.364465489488e+00, 5.830339812183e-03
 4.800000000000e+00, 9.200000000000e-01, 9.200000000000e-01, 1.212019969136e+00, 5.644074977830e-03
 4.800000000000e+00, 9.200000000000e-01, 1.040000000000e+00, 1.219758496764e+00, 6.334891565654e-03
 4.800000000000e+00, 9.200000000000e-01, 1.160000000000e+00, 1.238439319114e+00, 6.617659809314e-03
 4.800000000000e+00, 9.200000000000e-01, 1.280000000000e+00, 1.256901875464e+00, 6.461290579170e-03
 4.800000000000e+00, 9.200000000000e-01, 1.400000000000e+00, 1.281538713198e+00, 6.552395634399e-03
 4.800000000000e+00, 9.200000000000e-01, 1.520000000000e+00, 1.300599635576e+00, 6.491573585846e-03
 4.800000000000e+00, 9.200000000000e-01, 1.640000000000e+00, 1.363584697810e+00, 7.757707395942e-03
 4.800000000000e+00, 9.200000000000e-01, 1.760000000000e+00, 1.348838086192e+00, 7.084117310972e-03
 4.800000000000e+00, 9.200000000000e-01, 1.880000000000e+00, 1.376743982834e+00, 7.383883553348e-03
 4.800000000000e+00, 1.040000000000e+00, 8.000000000000e-01, 8.901624183787e-01, 1.658923617631e-03
 4.800000000000e+00, 1.040000000000e+00, 9.200000000000e-01, 7.494027625746e-01, 1.093378240315e-03
 4.800000000000e+00, 1.040000000000e+00, 1.040000000000e+00, 7.463128559042e-01, 1.019519564548e-03
 4.800000000000e+00, 1.040000000000e+00, 1.160000000000e+00, 7.703681388240e-01, 1.263937831082e-03
 4.800000000000e+00, 1.040000000000e+00, 1.280000000000e+00, 7.982998333800e-01, 1.199097146916e-03
 4.800000000000e+00, 1.040000000000e+00, 1.400000000000e+00, 8.236211274325e-01, 1.241731751601e-03
 4.800000000000e+00, 1.040000000000e+00, 1.520000000000e+00, 8.473500182760e-01, 1.230850071786e-03
 4.800000000000e+00, 1.040000000000e+00, 1.640000000000e+00, 8.637702823558e-01, 1.205917028550e-03
 4.800000000000e+00, 1.040000000000e+00, 1.760000000000e+00, 8.852202385134e-01, 1.292549741894e-03
 4.800000000000e+00, 1.040000000000e+00, 1.880000000000e+00, 8.984245526447e-01, 1.212993226472e-03
 4.800000000000e+00, 1.160000000000e+00, 8.000000000000e-01, 8.665521993703e-01, 1.387177605775e-03
 4.800000000000e+00, 1.160000000000e+00, 9.200000000000e-01, 7.265878522255e-01, 4.713981109090e-04
 4.800000000000e+00, 1.160000000000e+00, 1.040000000000e+00, 7.226008032691e-01, 6.395554300000e-04
 4.800000000000e+00, 1.160000000000e+00, 1.160000000000e+00, 7.467933235703e-01, 6.697165805516e-04
 4.800000000000e+00, 1.160000000000e+00, 1.280000000000e+00, 7.746493512857e-01, 6.328208490814e-04
 4.800000000000e+00, 1.160000000000e+00, 1.400000000000e+00, 8.006461158404e-01, 6.441669339568e-04
 4.800000000000e+00, 1.160000000000e+00, 1.520000000000e+00, 8.221389811434e-01, 5.952938280693e-04
 4.800000000000e+00, 1.160000000000e+00, 1.640000000000e+00, 8.432836070681e-01, 5.619106965456e-04
 4.800000000000e+00, 1.160000000000e+00, 1.760000000000e+00, 8.616401927476e-01, 5.370703072802e-04
 4.800000000000e+00, 1.160000000000e+00, 1.880000000000e+00, 8.774087526143e-01, 5.381836246336e-04
 4.800000000000e+00, 1.280000000000e+00, 8.000000000000e-01, 9.272264275082e-01, 1.440490857797e-03
 4.800000000000e+00, 1.280000000000e+00, 9.200000000000e-01, 7.914993192896e-01, 6.392786067278e-04
 4.800000000000e+00, 1.280000000000e+00, 1.040000000000e+00, 7.871204223140e-01, 7.524020703897e-04
 4.800000000000e+00, 1.280000000000e+00, 1.160000000000e+00, 8.112015916850e-01, 8.147663017181e-04
 4.800000000000e+00, 1.280000000000e+00, 1.280000000000e+00, 8.401282063802e-01, 7.629941114690e-04
 4.800000000000e+00, 1.280000000000e+00, 1.400000000000e+00, 8.657467523160e-01, 7.362792809810e-04
 4.800000000000e+00, 1.280000000000e+00, 1.520000000000e+00, 8.879963202199e-01, 7.385289229097e-04
 4.800000000000e+00, 1.280000000000e+00, 1.640000000000e+00, 9.079706580796e-01, 7.167408334062e-04
 4.800000000000e+00, 1.280000000000e+00, 1.760000000000e+00, 9.256897385736e-01, 6.997260569915e-04
 4.800000000000e+00, 1.280000000000e+00, 1.880000000000e+00, 9.437902071663e-01, 6.555938721585e-04
 4.800000000000e+00, 1.400000000000e+00, 8.000000000000e-01, 9.934591608435e-01, 1.440793574744e-03
 4.800000000000e+00, 1.400000000000e+00, 9.200000000000e-01, 8.640278108167e-01, 6.644583219989e-04
 4.800000000000e+00, 1.400000000000e+00, 1.040000000000e+00, 8.600822246942e-01, 7.889024099333e-04
 4.800000000000e+00, 1.400000000000e+00, 1.160000000000e+00, 8.823839963502e-01, 8.236556626483e-04
 4.800000000000e+00, 1.400000000000e+00, 1.280000000000e+00, 9.102440754330e-01, 8.062211345886e-04
 4.800000000000e+00, 1.400000000000e+00, 1.400000000000e+00, 9.358537989454e-01, 8.127861782989e-04
 4.800000000000e+00, 1.400000000000e+00, 1.520000000000e+00, 9.598527284809e-01, 7.610778383349e-04
 4.800000000000e+00, 1.400000000000e+00, 1.640000000000e+00, 9.795982142625e-01, 7.676630099116e-04
 4.800000000000e+00, 1.400000000000e+00, 1.760000000000e+00, 9.983938143190e-01, 7.468684506397e-04
 4.800000000000e+00, 1.400000000000e+00, 1.880000000000e+00, 1.015682756237e+00, 7.022753396535e-04
 4.800000000000e+00, 1.520000000000e+00, 8.000000000000e-01, 1.048075702112e+00, 1.464456516221e-03
 4.800000000000e+00, 1.520000000000e+00, 9.200000000000e-01, 9.243258847287e-01, 6.681990348742e-04
 4.800000000000e+00, 1.520000000000e+00, 1.040000000000e+00, 9.212019711229e-01, 8.349298068782e-04
 4.800000000000e+00, 1.520000000000e+00, 1.160000000000e+00, 9.445895609718e-01, 8.061277750215e-04
 4.800000000000e+00, 1.520000000000e+00, 1.280000000000e+00, 9.722967520912e-01, 8.158304282969e-04
 4.800000000000e+00, 1.520000000000e+00, 1.400000000000e+00, 9.975745896684e-01, 7.845379984101e-04
 4.800000000000e+00, 1.520000000000e+00, 1.520000000000e+00, 1.020626643033e+00, 7.719338453239e-04
 4.800000000000e+00, 1.520000000000e+00, 1.640000000000e+00, 1.041238182708e+00, 8.024577546943e-04
 4.800000000000e+00, 1.520000000000e+00, 1.760000000000e+00, 1.060538435241e+00, 7.178969012725e-04
 4.800000000000e+00, 1.520000000000e+00, 1.880000000000e+00, 1.077548578209e+00, 7.272352062527e-04
 4.800000000000e+00, 1.640000000000e+00, 8.000000000000e-01, 1.095193883929e+00, 1.436838569593e-03
 4.800000000000e+00, 1.640000000000e+00, 9.200000000000e-01, 9.744791191789e-01, 6.734472305692e-04
 4.800000000000e+00, 1.640000000000e+00, 1.040000000000e+00, 9.718398144075e-01, 7.899200635746e-04
 4.800000000000e+00, 1.640000000000e+00, 1.160000000000e+00, 9.935200840592e-01, 8.204210692968e-04
 4.800000000000e+00, 1.640000000000e+00, 1.280000000000e+00, 1.021843458040e+00, 7.713823133852e-04
 4.800000000000e+00, 1.640000000000e+00, 1.400000000000e+00, 1.047584205203e+00, 7.790664744692e-04
 4.800000000000e+00, 1.640000000000e+00, 1.520000000000e+00, 1.068879121814e+00, 7.675874067826e-04
 4.800000000000e+00, 1.640000000000e+00, 1.640000000000e+00, 1.090305643806e+00, 7.597715934018e-04
 4.800000000000e+00, 1.640000000000e+00, 1.760000000000e+00, 1.110679498721e+00, 7.564403282817e-04
 4.800000000000e+00, 1.640000000000e+00, 1.880000000000e+00, 1.127133378119e+00, 7.244478047278e-04
 4.800000000000e+00, 1.760000000000e+00, 8.000000000000e-01, 1.129662924969e+00, 1.424475071423e-03
 4.800000000000e+00, 1.760000000000e+00, 9.200000000000e-01, 1.014621434870e+00, 6.739284922853e-04
 4.800000000000e+00, 1.760000000000e+00, 1.040000000000e+00, 1.013669959215e+00, 7.454508096467e-04
 4.800000000000e+00, 1.760000000000e+00, 1.160000000000e+00, 1.033637592026e+00, 8.221534170268e-04
 4.800000000000e+00, 1.760000000000e+00, 1.280000000000e+00, 1.059131399082e+00, 7.797569880059e-04
 4.800000000000e+00, 1.760000000000e+00, 1.400000000000e+00, 1.084507037350e+00, 7.664484115170e-04
 4.800000000000e+00, 1.760000000000e+00, 1.520000000000e+00, 1.108827211698e+00, 7.493309540751e-04
 4.800000000000e+00, 1.760000000000e+00, 1.640000000000e+00, 1.129070557868e+00, 7.412726226024e-04
 4.800000000000e+00, 1.760000000000e+00, 1.760000000000e+00, 1.150236893267e+00, 7.470697874506e-04
 4.800000000000e+00, 1.760000000000e+00, 1.880000000000e+00, 1.168624474390e+00, 7.039771619821e-04
 4.800000000000e+00, 1.880000000000e+00, 8.000000000000e-01, 1.155662463336e+00, 1.354476905772e-03
 4.800000000000e+00, 1.880000000000e+00, 9.200000000000e-01, 1.045551602142e+00, 6.555646108713e-04
 4.800000000000e+00, 1.880000000000e+00, 1.040000000000e+00, 1.043738719735e+00, 7.664585053120e-04
 4.800000000000e+00, 1.880000000000e+00, 1.160000000000e+00, 1.066838065582e+00, 8.088028168052e-04
 4.800000000000e+00, 1.880000000000e+00, 1.280000000000e+00, 1.089939079225e+00, 8.203531904107e-04
 4.800000000000e+00, 1.880000000000e+00, 1.400000000000e+00, 1.116626240244e+00, 7.513357386814e-04
 4.800000000000e+00, 1.880000000000e+00, 1.520000000000e+00, 1.139878358586e+00, 7.354239421241e-04
 4.800000000000e+00, 1.880000000000e+00, 1.640000000000e+00, 1.163805241014e+00, 7.104663351315e-04
 4.800000000000e+00, 1.880000000000e+00, 1.760000000000e+00, 1.181364599258e+00, 6.861869597256e-04
 4.800000000000e+00, 1.880000000000e+00, 1.880000000000e+00, 1.200911796811e+00, 7.094728542356e-04
 5.200000000000e+00, 8.000000000000e-01, 8.000000000000e-01, 3.731441533153e+00, 2.864070219174e-02
 5.200000000000e+00, 8.000000000000e-01, 9.200000000000e-01, 3.480488965837e+00, 2.917363584260e-02
 5.200000000000e+00, 8.000000000000e-01, 1.040000000000e+00, 3.499854550925e+00, 3.211202046307e-02
 5.200000000000e+00, 8.000000000000e-01, 1.160000000000e+00, 3.534251015192e+00, 3.421190696825e-02
 5.200000000000e+00, 8.000000000000e-01, 1.280000000000e+00, 3.569273257907e+00, 3.270028069082e-02
 5.200000000000e+00, 8.000000000000e-01, 1.400000000000e+00, 3.522108144976e+00, 3.205683374407e-02
 5.200000000000e+00, 8.000000000000e-01, 1.520000000000e+00, 3.543652112845e+00, 3.111092543626e-02
 5.200000000000e+00, 8.000000000000e-01, 1.640000000000e+00, 3.560175624947e+00, 3.257254627520e-02
 5.200000000000e+00, 8.000000000000e-01, 1.760000000000e+00, 3.615810239774e+00, 3.321995239238e-02
 5.200000000000e+00, 8.000000000000e-01, 1.880000000000e+00, 3.645110915038e+00, 3.413154466373e-02
 5.200000000000e+00, 9.200000000000e-01, 8.000000000000e-01, 1.288313359686e+00, 5.471086753982e-03
 5.200000000000e+00, 9.200000000000e-01, 9.200000000000e-01, 1.155233928986e+00, 5.158284052524e-03
 5.200000000000e+00, 9.200000000000e-01, 1.040000000000e+00, 1.157212850810e+00, 6.006011458833e-03
 5.200000000000e+00, 9.200000000000e-01, 1.160000000000e+00, 1.173817896209e+00, 6.006205527552e-03
 5.200000000000e+00, 9.200000000000e-01, 1.280000000000e+00, 1.203532002400e+00, 6.347481822666e-03
 5.200000000000e+00, 9.200000000000e-01, 1.400000000000e+00, 1.215303258406e+00, 6.047174917261e-03
 5.200000000000e+00, 9.200000000000e-01, 1.520000000000e+00, 1.240503805876e+00, 6.035829904684e-03
 5.200000000000e+00, 9.200000000000e-01, 1.640000000000e+00, 1.263368613317e+00, 6.249341544804e-03
 5.200000000000e+00, 9.200000000000e-01, 1.760000000000e+00, 1.291668980289e+00, 6.532249478202e-03
 5.200000000000e+00, 9.200000000000e-01, 1.880000000000e+00, 1.307036849841e+00, 6.152968980432e-03
 5.200000000000e+00, 1.040000000000e+00, 8.000000000000e-01, 8.698015373595e-01, 1.552610698559e-03
 5.200000000000e+00, 1.040000000000e+00, 9.200000000000e-01, 7.436871296474e-01, 9.359801226584e-04
 5.200000000000e+00, 1.040000000000e+00, 1.040000000000e+00, 7.432443630123e-01, 9.752212088441e-04
 5.200000000000e+00, 1.040000000000e+00, 1.160000000000e+00, 7.644979232034e-01, 1.073358072076e-03
 5.200000000000e+00, 1.040000000000e+00, 1.280000000000e+00, 7.909323821309e-01, 1.188631635314e-03
 5.200000000000e+00, 1.040000000000e+00, 1.400000000000e+00, 8.167105285196e-01, 1.150971375239e-03
 5.200000000000e+00, 1.040000000000e+00, 1.520000000000e+00, 8.385922154618e-01, 1.110464773139e-03
 5.200000000000e+00, 1.040000000000e+00, 1.640000000000e+00, 8.615207956427e-01, 1.245893152201e-03
 5.200000000000e+00, 1.040000000000e+00, 1.760000000000e+00, 8.789988260175e-01, 1.207955624235e-03
 5.200000000000e+00, 1.040000000000e+00, 1.880000000000e+00, 8.957196936810e-01, 1.195403583723e-03
 5.200000000000e+00, 1.160000000000e+00, 8.000000000000e-01, 8.500286163645e-01, 1.293578183937e-03
 5.200000000000e+00, 1.160000000000e+00, 9.200000000000e-01, 7.260765831804e-01, 4.656431716518e-04
 5.200000000000e+00, 1.160000000000e+00, 1.040000000000e+00, 7.244224260368e-01, 6.287250500025e-04
 5.200000000000e+00, 1.160000000000e+00, 1.160000000000e+00, 7.479787806816e-01, 5.947343192446e-04
 5.200000000000e+00, 1.160000000000e+00, 1.280000000000e+00, 7.741748972307e-01, 5.949314550925e-04
 5.200000000000e+00, 1.160000000000e+00, 1.400000000000e+00, 7.996366202035e-01, 5.602077908508e-04
 5.200000000000e+00, 1.160000000000e+00, 1.520000000000e+00, 8.212376126423e-01, 5.518653022745e-04
 5.200000000000e+00, 1.160000000000e+00, 1.640000000000e+00, 8.421566072948e-01, 5.196663078154e-04
 5.200000000000e+00, 1.160000000000e+00, 1.760000000000e+00, 8.597633606413e-01, 5.180199084768e-04
 5.200000000000e+00, 1.160000000000e+00, 1.880000000000e+00, 8.762367899894e-01, 5.096669443981e-04
 5.200000000000e+00, 1.280000000000e+00, 8.000000000000e-01, 9.074332273873e-01, 1.324732199093e-03
 5.200000000000e+00, 1.280000000000e+00, 9.200000000000e-01, 7.873934652497e-01, 5.589415150630e-04
 5.200000000000e+00, 1.280000000000e+00, 1.040000000000e+00, 7.857810190679e-01, 6.916264886431e-04
 5.200000000000e+00, 1.280000000000e+00, 1.160000000000e+00, 8.080678948852e-01, 7.214874246906e-04
 5.200000000000e+00, 1.280000000000e+00, 1.280000000000e+00, 8.336133052397e-01, 7.274639882439e-04
 5.200000000000e+00, 1.280000000000e+00, 1.400000000000e+00, 8.591823437615e-01, 6.973206290507e-04
 5.200000000000e+00, 1.280000000000e+00, 1.520000000000e+00, 8.810633230055e-01, 6.843115698188e-04
 5.200000000000e+00, 1.280000000000e+00, 1.640000000000e+00, 9.021578985896e-01, 6.482934045255e-04
 5.200000000000e+00, 1.280000000000e+00, 1.760000000000e+00, 9.206945699485e-01, 6.422291491570e-04
 5.200000000000e+00, 1.280000000000e+00, 1.880000000000e+00, 9.378432131588e-01, 6.278233218315e-04
 5.200000000000e+00, 1.400000000000e+00, 8.000000000000e-01, 9.701872265895e-01, 1.336878442690e-03
 5.200000000000e+00, 1.400000000000e+00, 9.200000000000e-01, 8.543440498876e-01, 6.719588888141e-04
 5.200000000000e+00, 1.400000000000e+00, 1.040000000000e+00, 8.521686673153e-01, 7.250374159684e-04
 5.200000000000e+00, 1.400000000000e+00, 1.160000000000e+00, 8.755686302311e-01, 7.344654248389e-04
 5.200000000000e+00, 1.400000000000e+00, 1.280000000000e+00, 9.004396013627e-01, 7.496847890972e-04
 5.200000000000e+00, 1.400000000000e+00, 1.400000000000e+00, 9.252804685343e-01, 7.413702841309e-04
 5.200000000000e+00, 1.400000000000e+00, 1.520000000000e+00, 9.461116920587e-01, 7.555122017558e-04
 5.200000000000e+00, 1.400000000000e+00, 1.640000000000e+00, 9.660949106335e-01, 7.028416378930e-04
 5.200000000000e+00, 1.400000000000e+00, 1.760000000000e+00, 9.851504778904e-01, 6.857776067184e-04
 5.200000000000e+00, 1.400000000000e+00, 1.880000000000e+00, 1.002868288956e+00, 6.793210480762e-04
 5.200000000000e+00, 1.520000000000e+00, 8.000000000000e-01, 1.023830044724e+00, 1.385204890932e-03
 5.200000000000e+00, 1.520000000000e+00, 9.200000000000e-01, 9.116467366711e-01, 6.079343792124e-04
 5.200000000000e+00, 1.520000000000e+00, 1.040000000000e+00, 9.090945599817e-01, 7.506972243699e-04
 5.200000000000e+00, 1.520000000000e+00, 1.160000000000e+00, 9.311400060931e-01, 7.370712103069e-04
 5.200000000000e+00, 1.520000000000e+00, 1.280000000000e+00, 9.555271536802e-01, 7.653051178685e-04
 5.200000000000e+00, 1.520000000000e+00, 1.400000000000e+00, 9.825622055648e-01, 7.362204160580e-04
 5.200000000000e+00, 1.520000000000e+00, 1.520000000000e+00, 1.002685129883e+00, 7.694059344725e-04
 5.200000000000e+00, 1.520000000000e+00, 1.640000000000e+00, 1.024613927146e+00, 7.172075007615e-04
 5.200000000000e+00, 1.520000000000e+00, 1.760000000000e+00, 1.042897599017e+00, 7.043596013002e-04
 5.200000000000e+00, 1.520000000000e+00, 1.880000000000e+00, 1.060857186574e+00, 6.617492495903e-04
 5.200000000000e+00, 1.640000000000e+00, 8.000000000000e-01, 1.066747267084e+00, 1.314177992184e-03
 5.200000000000e+00, 1.640000000000e+00, 9.200000000000e-01, 9.575006559514e-01, 6.288597733461e-04
 5.200000000000e+00, 1.640000000000e+00, 1.040000000000e+00, 9.570895385920e-01, 7.348617986876e-04
 5.200000000000e+00, 1.640000000000e+00, 1.160000000000e+00, 9.777787971087e-01, 7.498898648006e-04
 5.200000000000e+00, 1.640000000000e+00, 1.280000000000e+00, 1.003138165483e+00, 7.157187364184e-04
 5.200000000000e+00, 1.640000000000e+00, 1.400000000000e+00, 1.026866122402e+00, 7.156139775619e-04
 5.200000000000e+00, 1.640000000000e+00, 1.520000000000e+00, 1.050223643997e+00, 7.132645479841e-04
 5.200000000000e+00, 1.640000000000e+00, 1.640000000000e+00, 1.069712558219e+00, 7.270924567525e-04
 5.200000000000e+00, 1.640000000000e+00, 1.760000000000e+00, 1.089759671256e+00, 7.053482149673e-04
 5.200000000000e+00, 1.640000000000e+00, 1.880000000000e+00, 1.106459364344e+00, 6.826179916268e-04
 5.200000000000e+00, 1.760000000000e+00, 8.000000000000e-01, 1.100274422532e+00, 1.325358983807e-03
 5.200000000000e+00, 1.760000000000e+00, 9.200000000000e-01, 9.956739232837e-01, 6.123777597734e-04
 5.200000000000e+00, 1.760000000000e+00, 1.040000000000e+00, 9.956859020994e-01, 7.098079527190e-04
 5.200000000000e+00, 1.760000000000e+00, 1.160000000000e+00, 1.015221901350e+00, 7.939158857189e-04
 5.200000000000e+00, 1.760000000000e+00, 1.280000000000e+00, 1.038734091204e+00, 7.612493593250e-04
 5.200000000000e+00, 1.760000000000e+00, 1.400000000000e+00, 1.064691588675e+00, 7.199710709176e-04
 5.200000000000e+00, 1.760000000000e+00, 1.520000000000e+00, 1.087587635917e+00, 6.924168263419e-04
 5.200000000000e+00, 1.760000000000e+00, 1.640000000000e+00, 1.108981824499e+00, 6.728188985541e-04
 5.200000000000e+00, 1.760000000000e+00, 1.760000000000e+00, 1.126577783124e+00, 6.902790634292e-04
 5.200000000000e+00, 1.760000000000e+00, 1.880000000000e+00, 1.145807860276e+00, 6.650903842869e-04
 5.200000000000e+00, 1.880000000000e+00, 8.000000000000e-01, 1.124024361305e+00, 1.288160831933e-03
 5.200000000000e+00, 1.880000000000e+00, 9.200000000000e-01, 1.026359792595e+00, 5.959448554562e-04
 5.200000000000e+00, 1.880000000000e+00, 1.040000000000e+00, 1.026149211314e+00, 6.868906605599e-04
 5.200000000000e+00, 1.880000000000e+00, 1.160000000000e+00, 1.044962643209e+00, 7.699787128532e-04
 5.200000000000e+00, 1.880000000000e+00, 1.280000000000e+00, 1.070003672628e+00, 7.363386852203e-04
 5.200000000000e+00, 1.880000000000e+00, 1.400000000000e+00, 1.094049123633e+00, 7.301565103130e-04
 5.200000000000e+00, 1.880000000000e+00, 1.520000000000e+00, 1.117536106585e+00, 6.629062068053e-04
 5.200000000000e+00, 1.880000000000e+00, 1.640000000000e+00, 1.138012348502e+00, 6.780731601109e-04
 5.200000000000e+00, 1.880000000000e+00, 1.760000000000e+00, 1.158484055011e+00, 6.739370935932e-04
 5.200000000000e+00, 1.880000000000e+00, 1.880000000000e+00, 1.176759413340e+00, 6.575815444261e-04
 5.600000000000e+00, 8.000000000000e-01, 8.000000000000e-01, 3.343452398979e+00, 2.572088641311e-02
 5.600000000000e+00, 8.000000000000e-01, 9.200000000000e-01, 3.241377649321e+00, 2.938213045581e-02
 5.600000000000e+00, 8.000000000000e-01, 1.040000000000e+00, 3.182418689388e+00, 2.789230999210e-02
 5.600000000000e+00, 8.000000000000e-01, 1.160000000000e+00, 3.241775798888e+00, 2.916734472176e-02
 5.600000000000e+00, 8.000000000000e-01, 1.280000000000e+00, 3.232936245724e+00, 2.893783957784e-02
 5.600000000000e+00, 8.000000000000e-01, 1.400000000000e+00, 3.274489092072e+00, 2.969852724327e-02
 5.600000000000e+00, 8.000000000000e-01, 1.520000000000e+00, 3.331138652656e+00, 3.207662374858e-02
 5.600000000000e+00, 8.000000000000e-01, 1.640000000000e+00, 3.295127516286e+00, 3.061220610787e-02
 5.600000000000e+00, 8.000000000000e-01, 1.760000000000e+00, 3.271199724556e+00, 2.966162105042e-02
 5.600000000000e+00, 8.000000000000e-01, 1.880000000000e+00, 3.396809856706e+00, 3.533855203503e-02
 5.600000000000e+00, 9.200000000000e-01, 8.000000000000e-01, 1.241502634810e+00, 5.208171978583e-03
 5.600000000000e+00, 9.200000000000e-01, 9.200000000000e-01, 1.117698245281e+00, 5.042864457049e-03
 5.600000000000e+00, 9.200000000000e-01, 1.040000000000e+00, 1.138125446182e+00, 5.893567014115e-03
 5.600000000000e+00, 9.200000000000e-01, 1.160000000000e+00, 1.140300046361e+00, 5.764840417060e-03
 5.600000000000e+00, 9.200000000000e-01, 1.280000000000e+00, 1.152471368430e+00, 5.340948957555e-03
 5.600000000000e+00, 9.200000000000e-01, 1.400000000000e+00, 1.177017458268e+00, 5.685855549287e-03
 5.600000000000e+00, 9.200000000000e-01, 1.520000000000e+00, 1.210488415172e+00, 5.938414220076e-03
 5.600000000000e+00, 9.200000000000e-01, 1.640000000000e+00, 1.227040981325e+00, 6.094456335992e-03
 5.600000000000e+00, 9.200000000000e-01, 1.760000000000e+00, 1.252472816193e+00, 6.186932726450e-03
 5.600000000000e+00, 9.200000000000e-01, 1.880000000000e+00, 1.274030878320e+00, 6.152183175156e-03
 5.600000000000e+00, 1.040000000000e+00, 8.000000000000e-01, 8.592457615531e-01, 1.460461642448e-03
 5.600000000000e+00, 1.040000000000e+00, 9.200000000000e-01, 7.459363184530e-01, 9.432124484743e-04
 5.600000000000e+00, 1.040000000000e+00, 1.040000000000e+00, 7.437575102003e-01, 8.752232626348e-04
 5.600000000000e+00, 1.040000000000e+00, 1.160000000000e+00, 7.694011313155e-01, 1.085588009436e-03
 5.600000000000e+00, 1.040000000000e+00, 1.280000000000e+00, 7.923088015768e-01, 1.047897051642e-03
 5.600000000000e+00, 1.040000000000e+00, 1.400000000000e+00, 8.166640441994e-01, 1.059006624891e-03
 5.600000000000e+00, 1.040000000000e+00, 1.520000000000e+00, 8.394742758013e-01, 1.236745547739e-03
 5.600000000000e+00, 1.040000000000e+00, 1.640000000000e+00, 8.597207286699e-01, 1.118543322414e-03
 5.600000000000e+00, 1.040000000000e+00, 1.760000000000e+00, 8.770085568676e-01, 1.071856104244e-03
 5.600000000000e+00, 1.040000000000e+00, 1.880000000000e+00, 8.929381730814e-01, 1.064251694956e-03
 5.600000000000e+00, 1.160000000000e+00, 8.000000000000e-01, 8.393032056829e-01, 1.222053584912e-03
 5.600000000000e+00, 1.160000000000e+00, 9.200000000000e-01, 7.310771477892e-01, 4.175269743090e-04
 5.600000000000e+00, 1.160000000000e+00, 1.040000000000e+00, 7.303204976415e-01, 5.884125407423e-04
 5.600000000000e+00, 1.160000000000e+00, 1.160000000000e+00, 7.538066419851e-01, 5.437275110198e-04
 5.600000000000e+00, 1.160000000000e+00, 1.280000000000e+00, 7.775442537082e-01, 5.577017139040e-04
 5.600000000000e+00, 1.160000000000e+00, 1.400000000000e+00, 8.020662484419e-01, 5.191452120191e-04
 5.600000000000e+00, 1.160000000000e+00, 1.520000000000e+00, 8.246975531657e-01, 4.952870574560e-04
 5.600000000000e+00, 1.160000000000e+00, 1.640000000000e+00, 8.450026827282e-01, 4.990788206701e-04
 5.600000000000e+00, 1.160000000000e+00, 1.760000000000e+00, 8.621841932057e-01, 4.929303307189e-04
 5.600000000000e+00, 1.160000000000e+00, 1.880000000000e+00, 8.795876613495e-01, 4.858783153898e-04
 5.600000000000e+00, 1.280000000000e+00, 8.000000000000e-01, 8.972727331483e-01, 1.236184129345e-03
 5.600000000000e+00, 1.280000000000e+00, 9.200000000000e-01, 7.880095315120e-01, 5.394127818158e-04
 5.600000000000e+00, 1.280000000000e+00, 1.040000000000e+00, 7.873321386072e-01, 7.058831622954e-04
 5.600000000000e+00, 1.280000000000e+00, 1.160000000000e+00, 8.086623694359e-01, 6.687331900886e-04
 5.600000000000e+00, 1.280000000000e+00, 1.280000000000e+00, 8.344455425891e-01, 6.706287735262e-04
 5.600000000000e+00, 1.280000000000e+00, 1.400000000000e+00, 8.575161872151e-01, 6.627678305968e-04
 5.600000000000e+00, 1.280000000000e+00, 1.520000000000e+00, 8.807894438062e-01, 6.129059638181e-04
 5.600000000000e+00, 1.280000000000e+00, 1.640000000000e+00, 8.996170754921e-01, 6.395750337409e-04
 5.600000000000e+00, 1.280000000000e+00, 1.760000000000e+00, 9.181182343513e-01, 6.103612868968e-04
 5.600000000000e+00, 1.280000000000e+00, 1.880000000000e+00, 9.357777525048e-01, 6.118706731642e-04
 5.600000000000e+00, 1.400000000000e+00, 8.000000000000e-01, 9.545679040569e-01, 1.257000534703e-03
 5.600000000000e+00, 1.400000000000e+00, 9.200000000000e-01, 8.489852823828e-01, 5.675333669603e-04
 5.600000000000e+00, 1.400000000000e+00, 1.040000000000e+00, 8.492926789420e-01, 7.065775273493e-04
 5.600000000000e+00, 1.400000000000e+00, 1.160000000000e+00, 8.712087316990e-01, 6.832857421416e-04
 5.600000000000e+00, 1.400000000000e+00, 1.280000000000e+00, 8.956560389302e-01, 7.121995979094e-04
 5.600000000000e+00, 1.400000000000e+00, 1.400000000000e+00, 9.201302857456e-01, 6.863339369537e-04
 5.600000000000e+00, 1.400000000000e+00, 1.520000000000e+00, 9.405652891664e-01, 6.661384361440e-04
 5.600000000000e+00, 1.400000000000e+00, 1.640000000000e+00, 9.621140551564e-01, 6.469950694485e-04
 5.600000000000e+00, 1.400000000000e+00, 1.760000000000e+00, 9.797593788546e-01, 6.410901420228e-04
 5.600000000000e+00, 1.400000000000e+00, 1.880000000000e+00, 9.968780974287e-01, 6.462930006657e-04
 5.600000000000e+00, 1.520000000000e+00, 8.000000000000e-01, 1.006293092995e+00, 1.271833504279e-03
 5.600000000000e+00, 1.520000000000e+00, 9.200000000000e-01, 9.039568458578e-01, 5.735448746297e-04
 5.600000000000e+00, 1.520000000000e+00, 1.040000000000e+00, 9.038065113673e-01, 6.568333902299e-04
 5.600000000000e+00, 1.520000000000e+00, 1.160000000000e+00, 9.244747946353e-01, 6.796371120545e-04
 5.600000000000e+00, 1.520000000000e+00, 1.280000000000e+00, 9.494235018158e-01, 6.716135324497e-04
 5.600000000000e+00, 1.520000000000e+00, 1.400000000000e+00, 9.708167502891e-01, 7.195165730302e-04
 5.600000000000e+00, 1.520000000000e+00, 1.520000000000e+00, 9.931343462323e-01, 7.330886943617e-04
 5.600000000000e+00, 1.520000000000e+00, 1.640000000000e+00, 1.014803895768e+00, 6.558382164746e-04
 5.600000000000e+00, 1.520000000000e+00, 1.760000000000e+00, 1.033254846320e+00, 6.422477450731e-04
 5.600000000000e+00, 1.520000000000e+00, 1.880000000000e+00, 1.050654639836e+00, 6.309700402311e-04
 5.600000000000e+00, 1.640000000000e+00, 8.000000000000e-01, 1.046991000100e+00, 1.264836641506e-03
 5.600000000000e+00, 1.640000000000e+00, 9.200000000000e-01, 9.478965708801e-01, 5.727646215034e-04
 5.600000000000e+00, 1.640000000000e+00, 1.040000000000e+00, 9.475728343148e-01, 7.003414129164e-04
 5.600000000000e+00, 1.640000000000e+00, 1.160000000000e+00, 9.681720902536e-01, 6.688830177746e-04
 5.600000000000e+00, 1.640000000000e+00, 1.280000000000e+00, 9.909772898175e-01, 6.858434394277e-04
 5.600000000000e+00, 1.640000000000e+00, 1.400000000000e+00, 1.014279312298e+00, 6.348523680684e-04
 5.600000000000e+00, 1.640000000000e+00, 1.520000000000e+00, 1.036609471575e+00, 6.694224593032e-04
 5.600000000000e+00, 1.640000000000e+00, 1.640000000000e+00, 1.057455768434e+00, 6.695059450641e-04
 5.600000000000e+00, 1.640000000000e+00, 1.760000000000e+00, 1.077060218839e+00, 6.477221691744e-04
 5.600000000000e+00, 1.640000000000e+00, 1.880000000000e+00, 1.094203442771e+00, 6.195648175416e-04
 5.600000000000e+00, 1.760000000000e+00, 8.000000000000e-01, 1.075100835970e+00, 1.203108846297e-03
 5.600000000000e+00, 1.760000000000e+00, 9.200000000000e-01, 9.844807115053e-01, 5.819182583415e-04
 5.600000000000e+00, 1.760000000000e+00, 1.040000000000e+00, 9.841834829515e-01, 6.923027956762e-04
 5.600000000000e+00, 1.760000000000e+00, 1.160000000000e+00, 1.002724862091e+00, 7.208237563778e-04
 5.600000000000e+00, 1.760000000000e+00, 1.280000000000e+00, 1.027332431925e+00, 6.710885903681e-04
 5.600000000000e+00, 1.760000000000e+00, 1.400000000000e+00, 1.051481536665e+00, 6.469681687939e-04
 5.600000000000e+00, 1.760000000000e+00, 1.520000000000e+00, 1.072435722069e+00, 6.327916538990e-04
 5.600000000000e+00, 1.760000000000e+00, 1.640000000000e+00, 1.093542301260e+00, 6.409100923029e-04
 5.600000000000e+00, 1.760000000000e+00, 1.760000000000e+00, 1.112817443591e+00, 6.243467721700e-04
 5.600000000000e+00, 1.760000000000e+00, 1.880000000000e+00, 1.131256714500e+00, 6.222292437744e-04
 5.600000000000e+00, 1.880000000000e+00, 8.000000000000e-01, 1.100447006388e+00, 1.177271113709e-03
 5.600000000000e+00, 1.880000000000e+00, 9.200000000000e-01, 1.014288029057e+00, 5.589489698836e-04
 5.600000000000e+00, 1.880000000000e+00, 1.040000000000e+00, 1.013708603585e+00, 6.731742615771e-04
 5.600000000000e+00, 1.880000000000e+00, 1.160000000000e+00, 1.033507374497e+00, 6.774912195354e-04
 5.600000000000e+00, 1.880000000000e+00, 1.280000000000e+00, 1.056944917428e+00, 6.624378257838e-04
 5.600000000000e+00, 1.880000000000e+00, 1.400000000000e+00, 1.079752480408e+00, 6.592126958173e-04
 5.600000000000e+00, 1.880000000000e+00, 1.520000000000e+00, 1.101890144872e+00, 6.357421655172e-04
 5.600000000000e+00, 1.880000000000e+00, 1.640000000000e+00, 1.123251874313e+00, 6.229326357331e-04
 5.600000000000e+00, 1.880000000000e+00, 1.760000000000e+00, 1.141933280683e+00, 6.168968634239e-04
 5.600000000000e+00, 1.880000000000e+00, 1.880000000000e+00, 1.159873574523e+00, 6.255911113545e-04
