#              p[0],               p[1],               p[2],             energy,               error
 1.500000000000e+01, 9.500000000000e-01, 9.500000000000e-01, 1.426952831212e-01, 1.101129710350e-03
 1.500000000000e+01, 9.500000000000e-01, 9.750000000000e-01, 1.447789857107e-01, 1.599786316650e-03
 1.500000000000e+01, 9.500000000000e-01, 1.000000000000e+00, 1.438951426966e-01, 1.209304508405e-03
 1.500000000000e+01, 9.500000000000e-01, 1.025000000000e+00, 1.434756498725e-01, 1.242894031683e-03
 1.500000000000e+01, 9.500000000000e-01, 1.050000000000e+00, 1.434654281964e-01, 1.271508654063e-03
 1.500000000000e+01, 9.500000000000e-01, 1.075000000000e+00, 1.457188198741e-01, 1.477253354599e-03
 1.500000000000e+01, 9.500000000000e-01, 1.100000000000e+00, 1.455228507264e-01, 1.351354898971e-03
 1.500000000000e+01, 9.500000000000e-01, 1.125000000000e+00, 1.478272167927e-01, 1.362583181695e-03
 1.500000000000e+01, 9.500000000000e-01, 1.150000000000e+00, 1.487023292650e-01, 1.574375631728e-03
 1.500000000000e+01, 9.500000000000e-01, 1.175000000000e+00, 1.477421947699e-01, 1.336275809238e-03
 1.500000000000e+01, 9.750000000000e-01, 9.500000000000e-01, 1.338947774891e-01, 8.551548953035e-04
 1.500000000000e+01, 9.750000000000e-01, 9.750000000000e-01, 1.319269417686e-01, 7.569646511024e-04
 1.500000000000e+01, 9.750000000000e-01, 1.000000000000e+00, 1.343970108454e-01, 1.053154177376e-03
 1.500000000000e+01, 9.750000000000e-01, 1.025000000000e+00, 1.334598570273e-01, 9.227917758310e-04
 1.500000000000e+01, 9.750000000000e-01, 1.050000000000e+00, 1.337019111092e-01, 9.487971295363e-04
 1.500000000000e+01, 9.750000000000e-01, 1.075000000000e+00, 1.351813581258e-01, 1.080711953053e-03
 1.500000000000e+01, 9.750000000000e-01, 1.100000000000e+00, 1.369228612687e-01, 1.087184379105e-03
 1.500000000000e+01, 9.750000000000e-01, 1.125000000000e+00, 1.350785973069e-01, 9.192414397703e-04
 1.500000000000e+01, 9.750000000000e-01, 1.150000000000e+00, 1.365327414342e-01, 1.136740243325e-03
 1.500000000000e+01, 9.750000000000e-01, 1.175000000000e+00, 1.368099071599e-01, 9.642675829409e-04
 1.500000000000e+01, 1.000000000000e+00, 9.500000000000e-01, 1.271521562312e-01, 6.721359761339e-04
 1.500000000000e+01, 1.000000000000e+00, 9.750000000000e-01, 1.255918762363e-01, 6.478718043304e-04
 1.500000000000e+01, 1.000000000000e+00, 1.000000000000e+00, 1.261496604932e-01, 5.436030755228e-04
 1.500000000000e+01, 1.000000000000e+00, 1.025000000000e+00, 1.257913894993e-01, 5.505710802253e-04
 1.500000000000e+01, 1.000000000000e+00, 1.050000000000e+00, 1.259210712773e-01, 5.958947789804e-04
 1.500000000000e+01, 1.000000000000e+00, 1.075000000000e+00, 1.270854930912e-01, 6.666626130054e-04
 1.500000000000e+01, 1.000000000000e+00, 1.100000000000e+00, 1.279094426227e-01, 6.496781813225e-04
 1.500000000000e+01, 1.000000000000e+00, 1.125000000000e+00, 1.288216803675e-01, 6.918699911773e-04
 1.500000000000e+01, 1.000000000000e+00, 1.150000000000e+00, 1.289820816644e-01, 6.897243480846e-04
 1.500000000000e+01, 1.000000000000e+00, 1.175000000000e+00, 1.307629380055e-01, 8.024854459713e-04
 1.500000000000e+01, 1.025000000000e+00, 9.500000000000e-01, 1.213818443088e-01, 4.199832884470e-04
 1.500000000000e+01, 1.025000000000e+00, 9.750000000000e-01, 1.213345003690e-01, 4.266385128220e-04
 1.500000000000e+01, 1.025000000000e+00, 1.000000000000e+00, 1.212110653785e-01, 4.622790957914e-04
 1.500000000000e+01, 1.025000000000e+00, 1.025000000000e+00, 1.213981583257e-01, 4.320033241884e-04
 1.500000000000e+01, 1.025000000000e+00, 1.050000000000e+00, 1.221452237704e-01, 4.103297069942e-04
 1.500000000000e+01, 1.025000000000e+00, 1.075000000000e+00, 1.232295286099e-01, 5.077442684590e-04
 1.500000000000e+01, 1.025000000000e+00, 1.100000000000e+00, 1.226975422254e-01, 4.555148128828e-04
 1.500000000000e+01, 1.025000000000e+00, 1.125000000000e+00, 1.234091785179e-01, 4.482823800777e-04
 1.500000000000e+01, 1.025000000000e+00, 1.150000000000e+00, 1.237430170208e-01, 4.721173835968e-04
 1.500000000000e+01, 1.025000000000e+00, 1.175000000000e+00, 1.242109644847e-01, 4.510767897340e-04
 1.500000000000e+01, 1.050000000000e+00, 9.500000000000e-01, 1.185613759567e-01, 3.059724434747e-04
 1.500000000000e+01, 1.050000000000e+00, 9.750000000000e-01, 1.187311348656e-01, 3.090445455300e-04
 1.500000000000e+01, 1.050000000000e+00, 1.000000000000e+00, 1.183496184287e-01, 3.269213335873e-04
 1.500000000000e+01, 1.050000000000e+00, 1.025000000000e+00, 1.185032106918e-01, 3.084188080179e-04
 1.500000000000e+01, 1.050000000000e+00, 1.050000000000e+00, 1.192917681263e-01, 2.863583819893e-04
 1.500000000000e+01, 1.050000000000e+00, 1.075000000000e+00, 1.197294279187e-01, 3.132867650571e-04
 1.500000000000e+01, 1.050000000000e+00, 1.100000000000e+00, 1.206699530055e-01, 3.218778651636e-04
 1.500000000000e+01, 1.050000000000e+00, 1.125000000000e+00, 1.216834358300e-01, 4.314857741437e-04
 1.500000000000e+01, 1.050000000000e+00, 1.150000000000e+00, 1.211386455702e-01, 3.248817333894e-04
 1.500000000000e+01, 1.050000000000e+00, 1.175000000000e+00, 1.217423684042e-01, 3.444431949090e-04
 1.500000000000e+01, 1.075000000000e+00, 9.500000000000e-01, 1.170763606516e-01, 2.407711131932e-04
 1.500000000000e+01, 1.075000000000e+00, 9.750000000000e-01, 1.171420409376e-01, 2.316881236281e-04
 1.500000000000e+01, 1.075000000000e+00, 1.000000000000e+00, 1.177808864683e-01, 2.307849114129e-04
 1.500000000000e+01, 1.075000000000e+00, 1.025000000000e+00, 1.170957630701e-01, 3.135790424436e-04
 1.500000000000e+01, 1.075000000000e+00, 1.050000000000e+00, 1.178048665723e-01, 2.680830099284e-04
 1.500000000000e+01, 1.075000000000e+00, 1.075000000000e+00, 1.182179005613e-01, 2.520044507391e-04
 1.500000000000e+01, 1.075000000000e+00, 1.100000000000e+00, 1.188977367367e-01, 2.866868165779e-04
 1.500000000000e+01, 1.075000000000e+00, 1.125000000000e+00, 1.193125796685e-01, 2.541626959754e-04
 1.500000000000e+01, 1.075000000000e+00, 1.150000000000e+00, 1.203232795225e-01, 2.639016930326e-04
 1.500000000000e+01, 1.075000000000e+00, 1.175000000000e+00, 1.215855634221e-01, 2.750650994136e-04
 1.500000000000e+01, 1.100000000000e+00, 9.500000000000e-01, 1.168337136208e-01, 1.935318383251e-04
 1.500000000000e+01, 1.100000000000e+00, 9.750000000000e-01, 1.167056432569e-01, 2.197284436926e-04
 1.500000000000e+01, 1.100000000000e+00, 1.000000000000e+00, 1.166992215531e-01, 2.087540063647e-04
 1.500000000000e+01, 1.100000000000e+00, 1.025000000000e+00, 1.177539257609e-01, 1.895182405451e-04
 1.500000000000e+01, 1.100000000000e+00, 1.050000000000e+00, 1.178173158229e-01, 1.866330735874e-04
 1.500000000000e+01, 1.100000000000e+00, 1.075000000000e+00, 1.181249875177e-01, 2.180367676726e-04
 1.500000000000e+01, 1.100000000000e+00, 1.100000000000e+00, 1.186228775570e-01, 2.036518905442e-04
 1.500000000000e+01, 1.100000000000e+00, 1.125000000000e+00, 1.195220202089e-01, 2.084432321920e-04
 1.500000000000e+01, 1.100000000000e+00, 1.150000000000e+00, 1.198708255447e-01, 2.143845326152e-04
 1.500000000000e+01, 1.100000000000e+00, 1.175000000000e+00, 1.208339740050e-01, 2.190855038298e-04
 1.500000000000e+01, 1.125000000000e+00, 9.500000000000e-01, 1.175034040713e-01, 1.788751713879e-04
 1.500000000000e+01, 1.125000000000e+00, 9.750000000000e-01, 1.167532539995e-01, 2.110105279827e-04
 1.500000000000e+01, 1.125000000000e+00, 1.000000000000e+00, 1.171636094515e-01, 2.431375342912e-04
 1.500000000000e+01, 1.125000000000e+00, 1.025000000000e+00, 1.176954042655e-01, 1.944959948305e-04
 1.500000000000e+01, 1.125000000000e+00, 1.050000000000e+00, 1.171692843191e-01, 2.773963104571e-04
 1.500000000000e+01, 1.125000000000e+00, 1.075000000000e+00, 1.183455886935e-01, 2.199532348675e-04
 1.500000000000e+01, 1.125000000000e+00, 1.100000000000e+00, 1.191588459864e-01, 2.180966710567e-04
 1.500000000000e+01, 1.125000000000e+00, 1.125000000000e+00, 1.196507525407e-01, 2.228029452194e-04
 1.500000000000e+01, 1.125000000000e+00, 1.150000000000e+00, 1.200917720681e-01, 2.261377112993e-04
 1.500000000000e+01, 1.125000000000e+00, 1.175000000000e+00, 1.210203807609e-01, 2.020470173433e-04
 1.500000000000e+01, 1.150000000000e+00, 9.500000000000e-01, 1.186338550684e-01, 1.698441400420e-04
 1.500000000000e+01, 1.150000000000e+00, 9.750000000000e-01, 1.179513596187e-01, 1.888300801231e-04
 1.500000000000e+01, 1.150000000000e+00, 1.000000000000e+00, 1.177479145468e-01, 2.521915966038e-04
 1.500000000000e+01, 1.150000000000e+00, 1.025000000000e+00, 1.182480559500e-01, 2.370698795116e-04
 1.500000000000e+01, 1.150000000000e+00, 1.050000000000e+00, 1.187784118350e-01, 2.710703796516e-04
 1.500000000000e+01, 1.150000000000e+00, 1.075000000000e+00, 1.191257813432e-01, 2.285620890938e-04
 1.500000000000e+01, 1.150000000000e+00, 1.100000000000e+00, 1.199614471857e-01, 2.330062754077e-04
 1.500000000000e+01, 1.150000000000e+00, 1.125000000000e+00, 1.206799652745e-01, 2.411931206599e-04
 1.500000000000e+01, 1.150000000000e+00, 1.150000000000e+00, 1.209838772429e-01, 3.087406211501e-04
 1.500000000000e+01, 1.150000000000e+00, 1.175000000000e+00, 1.215824772293e-01, 2.660139448603e-04
 1.500000000000e+01, 1.175000000000e+00, 9.500000000000e-01, 1.195130339793e-01, 2.052760035657e-04
 1.500000000000e+01, 1.175000000000e+00, 9.750000000000e-01, 1.194795184449e-01, 1.824961855140e-04
 1.500000000000e+01, 1.175000000000e+00, 1.000000000000e+00, 1.194638570816e-01, 2.078087652002e-04
 1.500000000000e+01, 1.175000000000e+00, 1.025000000000e+00, 1.198839741930e-01, 2.132189639780e-04
 1.500000000000e+01, 1.175000000000e+00, 1.050000000000e+00, 1.200126567506e-01, 2.499353677593e-04
 1.500000000000e+01, 1.175000000000e+00, 1.075000000000e+00, 1.205316605508e-01, 2.594578794227e-04
 1.500000000000e+01, 1.175000000000e+00, 1.100000000000e+00, 1.209369498260e-01, 2.703901218937e-04
 1.500000000000e+01, 1.175000000000e+00, 1.125000000000e+00, 1.216461391285e-01, 2.683333365866e-04
 1.500000000000e+01, 1.175000000000e+00, 1.150000000000e+00, 1.220730475896e-01, 3.678446327226e-04
 1.500000000000e+01, 1.175000000000e+00, 1.175000000000e+00, 1.232271327311e-01, 2.355618048193e-04
 1.550000000000e+01, 9.500000000000e-01, 9.500000000000e-01, 1.410116713047e-01, 1.140157088293e-03
 1.550000000000e+01, 9.500000000000e-01, 9.750000000000e-01, 1.451497836322e-01, 1.221286168823e-03
 1.550000000000e+01, 9.500000000000e-01, 1.000000000000e+00, 1.418692950999e-01, 1.205899855160e-03
 1.550000000000e+01, 9.500000000000e-01, 1.025000000000e+00, 1.464830270252e-01, 1.684529994348e-03
 1.550000000000e+01, 9.500000000000e-01, 1.050000000000e+00, 1.423571317545e-01, 1.356988645514e-03
 1.550000000000e+01, 9.500000000000e-01, 1.075000000000e+00, 1.413933378494e-01, 1.149633153236e-03
 1.550000000000e+01, 9.500000000000e-01, 1.100000000000e+00, 1.429466672913e-01, 1.200470191188e-03
 1.550000000000e+01, 9.500000000000e-01, 1.125000000000e+00, 1.468513117645e-01, 1.434044891100e-03
 1.550000000000e+01, 9.500000000000e-01, 1.150000000000e+00, 1.473101253482e-01, 1.473256424569e-03
 1.550000000000e+01, 9.500000000000e-01, 1.175000000000e+00, 1.460992198541e-01, 1.582832547895e-03
 1.550000000000e+01, 9.750000000000e-01, 9.500000000000e-01, 1.312739408951e-01, 8.145667693913e-04
 1.550000000000e+01, 9.750000000000e-01, 9.750000000000e-01, 1.342983374582e-01, 1.065956076088e-03
 1.550000000000e+01, 9.750000000000e-01, 1.000000000000e+00, 1.322069481961e-01, 8.365335031566e-04
 1.550000000000e+01, 9.750000000000e-01, 1.025000000000e+00, 1.327602272447e-01, 1.017450704994e-03
 1.550000000000e+01, 9.750000000000e-01, 1.050000000000e+00, 1.341331571932e-01, 1.201431980954e-03
 1.550000000000e+01, 9.750000000000e-01, 1.075000000000e+00, 1.343965614044e-01, 1.098961204585e-03
 1.550000000000e+01, 9.750000000000e-01, 1.100000000000e+00, 1.361289279976e-01, 1.248278971209e-03
 1.550000000000e+01, 9.750000000000e-01, 1.125000000000e+00, 1.337435306354e-01, 9.123530257012e-04
 1.550000000000e+01, 9.750000000000e-01, 1.150000000000e+00, 1.354445911301e-01, 1.024059868828e-03
 1.550000000000e+01, 9.750000000000e-01, 1.175000000000e+00, 1.374831032195e-01, 9.715689187720e-04
 1.550000000000e+01, 1.000000000000e+00, 9.500000000000e-01, 1.259981160395e-01, 6.888170523057e-04
 1.550000000000e+01, 1.000000000000e+00, 9.750000000000e-01, 1.255089443131e-01, 7.724290295110e-04
 1.550000000000e+01, 1.000000000000e+00, 1.000000000000e+00, 1.246640215567e-01, 5.634433094933e-04
 1.550000000000e+01, 1.000000000000e+00, 1.025000000000e+00, 1.252705929533e-01, 6.044632522453e-04
 1.550000000000e+01, 1.000000000000e+00, 1.050000000000e+00, 1.266884573826e-01, 6.978089377165e-04
 1.550000000000e+01, 1.000000000000e+00, 1.075000000000e+00, 1.267418001434e-01, 6.750149455054e-04
 1.550000000000e+01, 1.000000000000e+00, 1.100000000000e+00, 1.277996187984e-01, 7.614524772673e-04
 1.550000000000e+01, 1.000000000000e+00, 1.125000000000e+00, 1.269630590661e-01, 6.196059671331e-04
 1.550000000000e+01, 1.000000000000e+00, 1.150000000000e+00, 1.278761175993e-01, 6.780837984106e-04
 1.550000000000e+01, 1.000000000000e+00, 1.175000000000e+00, 1.302338744228e-01, 7.489096002863e-04
 1.550000000000e+01, 1.025000000000e+00, 9.500000000000e-01, 1.207545923399e-01, 3.969215122523e-04
 1.550000000000e+01, 1.025000000000e+00, 9.750000000000e-01, 1.210823253793e-01, 5.608249696229e-04
 1.550000000000e+01, 1.025000000000e+00, 1.000000000000e+00, 1.211480036399e-01, 4.521127306460e-04
 1.550000000000e+01, 1.025000000000e+00, 1.025000000000e+00, 1.213141576184e-01, 4.171909006883e-04
 1.550000000000e+01, 1.025000000000e+00, 1.050000000000e+00, 1.208558814816e-01, 3.992364100481e-04
 1.550000000000e+01, 1.025000000000e+00, 1.075000000000e+00, 1.221135079279e-01, 4.543109891173e-04
 1.550000000000e+01, 1.025000000000e+00, 1.100000000000e+00, 1.221525574441e-01, 4.057256493819e-04
 1.550000000000e+01, 1.025000000000e+00, 1.125000000000e+00, 1.225327446257e-01, 4.292927518682e-04
 1.550000000000e+01, 1.025000000000e+00, 1.150000000000e+00, 1.237439718072e-01, 4.971388673641e-04
 1.550000000000e+01, 1.025000000000e+00, 1.175000000000e+00, 1.242745889250e-01, 4.519302156969e-04
 1.550000000000e+01, 1.050000000000e+00, 9.500000000000e-01, 1.185031781547e-01, 3.240065157290e-04
 1.550000000000e+01, 1.050000000000e+00, 9.750000000000e-01, 1.180332792498e-01, 4.520433836867e-04
 1.550000000000e+01, 1.050000000000e+00, 1.000000000000e+00, 1.179053319814e-01, 3.031936516401e-04
 1.550000000000e+01, 1.050000000000e+00, 1.025000000000e+00, 1.180437035627e-01, 2.763028484625e-04
 1.550000000000e+01, 1.050000000000e+00, 1.050000000000e+00, 1.181023357178e-01, 3.017637611623e-04
 1.550000000000e+01, 1.050000000000e+00, 1.075000000000e+00, 1.195779502664e-01, 3.103664001649e-04
 1.550000000000e+01, 1.050000000000e+00, 1.100000000000e+00, 1.199165400239e-01, 2.980198364109e-04
 1.550000000000e+01, 1.050000000000e+00, 1.125000000000e+00, 1.196067713272e-01, 3.063639885888e-04
 1.550000000000e+01, 1.050000000000e+00, 1.150000000000e+00, 1.206518905778e-01, 3.639536231026e-04
 1.550000000000e+01, 1.050000000000e+00, 1.175000000000e+00, 1.219931418091e-01, 3.549651652182e-04
 1.550000000000e+01, 1.075000000000e+00, 9.500000000000e-01, 1.169766242374e-01, 2.377670660923e-04
 1.550000000000e+01, 1.075000000000e+00, 9.750000000000e-01, 1.168112780446e-01, 2.203798345826e-04
 1.550000000000e+01, 1.075000000000e+00, 1.000000000000e+00, 1.168568434049e-01, 2.265463884611e-04
 1.550000000000e+01, 1.075000000000e+00, 1.025000000000e+00, 1.173454681267e-01, 2.451072061161e-04
 1.550000000000e+01, 1.075000000000e+00, 1.050000000000e+00, 1.183081821864e-01, 2.519887849388e-04
 1.550000000000e+01, 1.075000000000e+00, 1.075000000000e+00, 1.177458892841e-01, 2.429988117576e-04
 1.550000000000e+01, 1.075000000000e+00, 1.100000000000e+00, 1.188952491966e-01, 2.232160924353e-04
 1.550000000000e+01, 1.075000000000e+00, 1.125000000000e+00, 1.185689797624e-01, 2.540128718609e-04
 1.550000000000e+01, 1.075000000000e+00, 1.150000000000e+00, 1.197000009726e-01, 2.506979250390e-04
 1.550000000000e+01, 1.075000000000e+00, 1.175000000000e+00, 1.204375429043e-01, 2.862229685978e-04
 1.550000000000e+01, 1.100000000000e+00, 9.500000000000e-01, 1.167622947312e-01, 1.759554790598e-04
 1.550000000000e+01, 1.100000000000e+00, 9.750000000000e-01, 1.164973954079e-01, 2.075328357556e-04
 1.550000000000e+01, 1.100000000000e+00, 1.000000000000e+00, 1.164795309035e-01, 2.152450199477e-04
 1.550000000000e+01, 1.100000000000e+00, 1.025000000000e+00, 1.167146757488e-01, 2.242311003306e-04
 1.550000000000e+01, 1.100000000000e+00, 1.050000000000e+00, 1.169058852773e-01, 3.249355638203e-04
 1.550000000000e+01, 1.100000000000e+00, 1.075000000000e+00, 1.174880569283e-01, 2.070013720274e-04
 1.550000000000e+01, 1.100000000000e+00, 1.100000000000e+00, 1.181021149777e-01, 2.149142111124e-04
 1.550000000000e+01, 1.100000000000e+00, 1.125000000000e+00, 1.185101860930e-01, 2.283946553747e-04
 1.550000000000e+01, 1.100000000000e+00, 1.150000000000e+00, 1.195369247040e-01, 2.232849443764e-04
 1.550000000000e+01, 1.100000000000e+00, 1.175000000000e+00, 1.202943476339e-01, 2.085614446561e-04
 1.550000000000e+01, 1.125000000000e+00, 9.500000000000e-01, 1.167240188785e-01, 1.782070554045e-04
 1.550000000000e+01, 1.125000000000e+00, 9.750000000000e-01, 1.167322602258e-01, 1.937181210203e-04
 1.550000000000e+01, 1.125000000000e+00, 1.000000000000e+00, 1.162208483063e-01, 2.681381034849e-04
 1.550000000000e+01, 1.125000000000e+00, 1.025000000000e+00, 1.168620175150e-01, 2.423319074313e-04
 1.550000000000e+01, 1.125000000000e+00, 1.050000000000e+00, 1.175151869445e-01, 1.993753903337e-04
 1.550000000000e+01, 1.125000000000e+00, 1.075000000000e+00, 1.183772309765e-01, 2.133440777691e-04
 1.550000000000e+01, 1.125000000000e+00, 1.100000000000e+00, 1.186063197426e-01, 2.095787283184e-04
 1.550000000000e+01, 1.125000000000e+00, 1.125000000000e+00, 1.190093301520e-01, 2.060207351517e-04
 1.550000000000e+01, 1.125000000000e+00, 1.150000000000e+00, 1.200923437907e-01, 2.061542479346e-04
 1.550000000000e+01, 1.125000000000e+00, 1.175000000000e+00, 1.203385648556e-01, 2.281370572433e-04
 1.550000000000e+01, 1.150000000000e+00, 9.500000000000e-01, 1.176906635528e-01, 1.917840245151e-04
 1.550000000000e+01, 1.150000000000e+00, 9.750000000000e-01, 1.175253058075e-01, 1.797838854299e-04
 1.550000000000e+01, 1.150000000000e+00, 1.000000000000e+00, 1.176472455573e-01, 2.100636116394e-04
 1.550000000000e+01, 1.150000000000e+00, 1.025000000000e+00, 1.173898658613e-01, 2.425963220426e-04
 1.550000000000e+01, 1.150000000000e+00, 1.050000000000e+00, 1.185402293089e-01, 1.991232247451e-04
 1.550000000000e+01, 1.150000000000e+00, 1.075000000000e+00, 1.183045764236e-01, 2.465529789758e-04
 1.550000000000e+01, 1.150000000000e+00, 1.100000000000e+00, 1.194398891261e-01, 2.340115042598e-04
 1.550000000000e+01, 1.150000000000e+00, 1.125000000000e+00, 1.199099927073e-01, 2.400772044294e-04
 1.550000000000e+01, 1.150000000000e+00, 1.150000000000e+00, 1.202008743561e-01, 2.936427740897e-04
 1.550000000000e+01, 1.150000000000e+00, 1.175000000000e+00, 1.213504507866e-01, 2.293915672538e-04
 1.550000000000e+01, 1.175000000000e+00, 9.500000000000e-01, 1.191314679301e-01, 1.758692029526e-04
 1.550000000000e+01, 1.175000000000e+00, 9.750000000000e-01, 1.189336144623e-01, 2.261674381188e-04
 1.550000000000e+01, 1.175000000000e+00, 1.000000000000e+00, 1.186759363611e-01, 2.238843033904e-04
 1.550000000000e+01, 1.175000000000e+00, 1.025000000000e+00, 1.192433658720e-01, 2.279779806674e-04
 1.550000000000e+01, 1.175000000000e+00, 1.050000000000e+00, 1.192972650226e-01, 2.858911342423e-04
 1.550000000000e+01, 1.175000000000e+00, 1.075000000000e+00, 1.200261364843e-01, 2.467296075125e-04
 1.550000000000e+01, 1.175000000000e+00, 1.100000000000e+00, 1.208692482114e-01, 2.140283192527e-04
 1.550000000000e+01, 1.175000000000e+00, 1.125000000000e+00, 1.213304212771e-01, 2.277426897768e-04
 1.550000000000e+01, 1.175000000000e+00, 1.150000000000e+00, 1.216828218721e-01, 2.366471507469e-04
 1.550000000000e+01, 1.175000000000e+00, 1.175000000000e+00, 1.229423648419e-01, 2.263621653445e-04
 1.600000000000e+01, 9.500000000000e-01, 9.500000000000e-01, 1.419188031578e-01, 1.263097154442e-03
 1.600000000000e+01, 9.500000000000e-01, 9.750000000000e-01, 1.426906726244e-01, 1.340998357568e-03
 1.600000000000e+01, 9.500000000000e-01, 1.000000000000e+00, 1.393065964055e-01, 1.153832247776e-03
 1.600000000000e+01, 9.500000000000e-01, 1.025000000000e+00, 1.425430477651e-01, 1.648706777994e-03
 1.600000000000e+01, 9.500000000000e-01, 1.050000000000e+00, 1.460206709532e-01, 1.823473490375e-03
 1.600000000000e+01, 9.500000000000e-01, 1.075000000000e+00, 1.425508650558e-01, 1.248111015009e-03
 1.600000000000e+01, 9.500000000000e-01, 1.100000000000e+00, 1.437157208580e-01, 1.424088884668e-03
 1.600000000000e+01, 9.500000000000e-01, 1.125000000000e+00, 1.437116569836e-01, 1.397257894860e-03
 1.600000000000e+01, 9.500000000000e-01, 1.150000000000e+00, 1.442890927023e-01, 1.323275922144e-03
 1.600000000000e+01, 9.500000000000e-01, 1.175000000000e+00, 1.468285283150e-01, 1.491057182911e-03
 1.600000000000e+01, 9.750000000000e-01, 9.500000000000e-01, 1.316299558659e-01, 8.336648155119e-04
 1.600000000000e+01, 9.750000000000e-01, 9.750000000000e-01, 1.295221966595e-01, 8.041582380873e-04
 1.600000000000e+01, 9.750000000000e-01, 1.000000000000e+00, 1.321042293523e-01, 8.863857766391e-04
 1.600000000000e+01, 9.750000000000e-01, 1.025000000000e+00, 1.342843670758e-01, 1.093944727888e-03
 1.600000000000e+01, 9.750000000000e-01, 1.050000000000e+00, 1.301249077759e-01, 7.408749817898e-04
 1.600000000000e+01, 9.750000000000e-01, 1.075000000000e+00, 1.324528895194e-01, 8.366369666851e-04
 1.600000000000e+01, 9.750000000000e-01, 1.100000000000e+00, 1.335849308736e-01, 1.122732101838e-03
 1.600000000000e+01, 9.750000000000e-01, 1.125000000000e+00, 1.330764587371e-01, 9.058645470748e-04
 1.600000000000e+01, 9.750000000000e-01, 1.150000000000e+00, 1.350609301555e-01, 9.444962101224e-04
 1.600000000000e+01, 9.750000000000e-01, 1.175000000000e+00, 1.354103194899e-01, 1.040828789857e-03
 1.600000000000e+01, 1.000000000000e+00, 9.500000000000e-01, 1.244304092296e-01, 6.308337425896e-04
 1.600000000000e+01, 1.000000000000e+00, 9.750000000000e-01, 1.242158178269e-01, 5.217059265693e-04
 1.600000000000e+01, 1.000000000000e+00, 1.000000000000e+00, 1.249945402285e-01, 6.212159620204e-04
 1.600000000000e+01, 1.000000000000e+00, 1.025000000000e+00, 1.252502410054e-01, 5.937195740057e-04
 1.600000000000e+01, 1.000000000000e+00, 1.050000000000e+00, 1.241045501021e-01, 5.400904600805e-04
 1.600000000000e+01, 1.000000000000e+00, 1.075000000000e+00, 1.245699300102e-01, 5.564528319488e-04
 1.600000000000e+01, 1.000000000000e+00, 1.100000000000e+00, 1.272888062903e-01, 6.833511267438e-04
 1.600000000000e+01, 1.000000000000e+00, 1.125000000000e+00, 1.274231202845e-01, 7.575182977273e-04
 1.600000000000e+01, 1.000000000000e+00, 1.150000000000e+00, 1.276170062385e-01, 6.867348844445e-04
 1.600000000000e+01, 1.000000000000e+00, 1.175000000000e+00, 1.283988008396e-01, 7.492943576593e-04
 1.600000000000e+01, 1.025000000000e+00, 9.500000000000e-01, 1.200433225248e-01, 3.800561074763e-04
 1.600000000000e+01, 1.025000000000e+00, 9.750000000000e-01, 1.196384151768e-01, 4.420461589979e-04
 1.600000000000e+01, 1.025000000000e+00, 1.000000000000e+00, 1.199140860046e-01, 4.212619136801e-04
 1.600000000000e+01, 1.025000000000e+00, 1.025000000000e+00, 1.208063282371e-01, 4.023483306940e-04
 1.600000000000e+01, 1.025000000000e+00, 1.050000000000e+00, 1.211707001573e-01, 4.916550366362e-04
 1.600000000000e+01, 1.025000000000e+00, 1.075000000000e+00, 1.216860926273e-01, 5.074206188628e-04
 1.600000000000e+01, 1.025000000000e+00, 1.100000000000e+00, 1.226712986735e-01, 4.600827963473e-04
 1.600000000000e+01, 1.025000000000e+00, 1.125000000000e+00, 1.225099615981e-01, 5.057257149117e-04
 1.600000000000e+01, 1.025000000000e+00, 1.150000000000e+00, 1.225942349406e-01, 5.421904955085e-04
 1.600000000000e+01, 1.025000000000e+00, 1.175000000000e+00, 1.240256043712e-01, 4.634415726873e-04
 1.600000000000e+01, 1.050000000000e+00, 9.500000000000e-01, 1.177602289269e-01, 2.975354306126e-04
 1.600000000000e+01, 1.050000000000e+00, 9.750000000000e-01, 1.171623172212e-01, 3.074103775458e-04
 1.600000000000e+01, 1.050000000000e+00, 1.000000000000e+00, 1.177544991700e-01, 3.411173087978e-04
 1.600000000000e+01, 1.050000000000e+00, 1.025000000000e+00, 1.176829610383e-01, 3.103216565814e-04
 1.600000000000e+01, 1.050000000000e+00, 1.050000000000e+00, 1.188775220891e-01, 2.552793796476e-04
 1.600000000000e+01, 1.050000000000e+00, 1.075000000000e+00, 1.188232182353e-01, 2.779335768234e-04
 1.600000000000e+01, 1.050000000000e+00, 1.100000000000e+00, 1.195986638658e-01, 3.040347350545e-04
 1.600000000000e+01, 1.050000000000e+00, 1.125000000000e+00, 1.199789584037e-01, 3.645224174768e-04
 1.600000000000e+01, 1.050000000000e+00, 1.150000000000e+00, 1.206190430676e-01, 3.056304578695e-04
 1.600000000000e+01, 1.050000000000e+00, 1.175000000000e+00, 1.216959840801e-01, 3.039881841552e-04
 1.600000000000e+01, 1.075000000000e+00, 9.500000000000e-01, 1.165256802892e-01, 1.946879260106e-04
 1.600000000000e+01, 1.075000000000e+00, 9.750000000000e-01, 1.167007024981e-01, 2.027362059813e-04
 1.600000000000e+01, 1.075000000000e+00, 1.000000000000e+00, 1.166553361637e-01, 2.248027373093e-04
 1.600000000000e+01, 1.075000000000e+00, 1.025000000000e+00, 1.165892677565e-01, 2.342802251064e-04
 1.600000000000e+01, 1.075000000000e+00, 1.050000000000e+00, 1.170923468448e-01, 2.323206594875e-04
 1.600000000000e+01, 1.075000000000e+00, 1.075000000000e+00, 1.172704082479e-01, 2.641109121441e-04
 1.600000000000e+01, 1.075000000000e+00, 1.100000000000e+00, 1.184377480379e-01, 2.212662574747e-04
 1.600000000000e+01, 1.075000000000e+00, 1.125000000000e+00, 1.182136035974e-01, 3.328112528209e-04
 1.600000000000e+01, 1.075000000000e+00, 1.150000000000e+00, 1.196292299678e-01, 2.430862400120e-04
 1.600000000000e+01, 1.075000000000e+00, 1.175000000000e+00, 1.198098639436e-01, 2.465975639859e-04
 1.600000000000e+01, 1.100000000000e+00, 9.500000000000e-01, 1.163250272575e-01, 1.772347672670e-04
 1.600000000000e+01, 1.100000000000e+00, 9.750000000000e-01, 1.161678707330e-01, 2.027238593948e-04
 1.600000000000e+01, 1.100000000000e+00, 1.000000000000e+00, 1.161351373946e-01, 2.609905418610e-04
 1.600000000000e+01, 1.100000000000e+00, 1.025000000000e+00, 1.166881740363e-01, 1.765641623190e-04
 1.600000000000e+01, 1.100000000000e+00, 1.050000000000e+00, 1.171169883275e-01, 1.898920064169e-04
 1.600000000000e+01, 1.100000000000e+00, 1.075000000000e+00, 1.171460761744e-01, 2.117703160897e-04
 1.600000000000e+01, 1.100000000000e+00, 1.100000000000e+00, 1.180143876777e-01, 2.252901519309e-04
 1.600000000000e+01, 1.100000000000e+00, 1.125000000000e+00, 1.185502725769e-01, 1.958911537787e-04
 1.600000000000e+01, 1.100000000000e+00, 1.150000000000e+00, 1.192823185839e-01, 2.240575698761e-04
 1.600000000000e+01, 1.100000000000e+00, 1.175000000000e+00, 1.196115769204e-01, 2.244798762310e-04
 1.600000000000e+01, 1.125000000000e+00, 9.500000000000e-01, 1.167313882658e-01, 1.539377627602e-04
 1.600000000000e+01, 1.125000000000e+00, 9.750000000000e-01, 1.164778437308e-01, 1.749150335041e-04
 1.600000000000e+01, 1.125000000000e+00, 1.000000000000e+00, 1.162244809307e-01, 1.958543124436e-04
 1.600000000000e+01, 1.125000000000e+00, 1.025000000000e+00, 1.167803840051e-01, 2.102132867527e-04
 1.600000000000e+01, 1.125000000000e+00, 1.050000000000e+00, 1.168848248517e-01, 2.020452166104e-04
 1.600000000000e+01, 1.125000000000e+00, 1.075000000000e+00, 1.177510363915e-01, 1.861051912274e-04
 1.600000000000e+01, 1.125000000000e+00, 1.100000000000e+00, 1.179310769683e-01, 2.377594728667e-04
 1.600000000000e+01, 1.125000000000e+00, 1.125000000000e+00, 1.188128791285e-01, 1.928294090336e-04
 1.600000000000e+01, 1.125000000000e+00, 1.150000000000e+00, 1.195368508889e-01, 1.885145638226e-04
 1.600000000000e+01, 1.125000000000e+00, 1.175000000000e+00, 1.198824723293e-01, 2.488052229062e-04
 1.600000000000e+01, 1.150000000000e+00, 9.500000000000e-01, 1.177098183915e-01, 1.536588827177e-04
 1.600000000000e+01, 1.150000000000e+00, 9.750000000000e-01, 1.168064933929e-01, 2.357284499576e-04
 1.600000000000e+01, 1.150000000000e+00, 1.000000000000e+00, 1.173088066463e-01, 2.061202604426e-04
 1.600000000000e+01, 1.150000000000e+00, 1.025000000000e+00, 1.173775120893e-01, 2.536316444094e-04
 1.600000000000e+01, 1.150000000000e+00, 1.050000000000e+00, 1.179123508503e-01, 2.011842994968e-04
 1.600000000000e+01, 1.150000000000e+00, 1.075000000000e+00, 1.181703325334e-01, 2.280130015203e-04
 1.600000000000e+01, 1.150000000000e+00, 1.100000000000e+00, 1.186896351621e-01, 3.200206977244e-04
 1.600000000000e+01, 1.150000000000e+00, 1.125000000000e+00, 1.192817133374e-01, 2.482640501888e-04
 1.600000000000e+01, 1.150000000000e+00, 1.150000000000e+00, 1.202491565672e-01, 2.196369885869e-04
 1.600000000000e+01, 1.150000000000e+00, 1.175000000000e+00, 1.205481295658e-01, 2.404875515124e-04
 1.600000000000e+01, 1.175000000000e+00, 9.500000000000e-01, 1.187971650118e-01, 1.707901320578e-04
 1.600000000000e+01, 1.175000000000e+00, 9.750000000000e-01, 1.182531914433e-01, 2.018158028913e-04
 1.600000000000e+01, 1.175000000000e+00, 1.000000000000e+00, 1.183938398969e-01, 2.190906018859e-04
 1.600000000000e+01, 1.175000000000e+00, 1.025000000000e+00, 1.184705389202e-01, 2.477940290789e-04
 1.600000000000e+01, 1.175000000000e+00, 1.050000000000e+00, 1.189403471373e-01, 2.299902817420e-04
 1.600000000000e+01, 1.175000000000e+00, 1.075000000000e+00, 1.194878884689e-01, 2.738263874979e-04
 1.600000000000e+01, 1.175000000000e+00, 1.100000000000e+00, 1.201156729685e-01, 2.203479495128e-04
 1.600000000000e+01, 1.175000000000e+00, 1.125000000000e+00, 1.206194034229e-01, 2.534883211603e-04
 1.600000000000e+01, 1.175000000000e+00, 1.150000000000e+00, 1.213243624461e-01, 2.368055165425e-04
 1.600000000000e+01, 1.175000000000e+00, 1.175000000000e+00, 1.217183145973e-01, 2.368182157133e-04
 1.650000000000e+01, 9.500000000000e-01, 9.500000000000e-01, 1.425656452483e-01, 1.439091248403e-03
 1.650000000000e+01, 9.500000000000e-01, 9.750000000000e-01, 1.398255154917e-01, 1.177743092145e-03
 1.650000000000e+01, 9.500000000000e-01, 1.000000000000e+00, 1.394071060746e-01, 1.372664133384e-03
 1.650000000000e+01, 9.500000000000e-01, 1.025000000000e+00, 1.397954095976e-01, 1.327873911533e-03
 1.650000000000e+01, 9.500000000000e-01, 1.050000000000e+00, 1.424054004588e-01, 1.449262204012e-03
 1.650000000000e+01, 9.500000000000e-01, 1.075000000000e+00, 1.421292986510e-01, 1.778221961666e-03
 1.650000000000e+01, 9.500000000000e-01, 1.100000000000e+00, 1.421182328162e-01, 1.391641501170e-03
 1.650000000000e+01, 9.500000000000e-01, 1.125000000000e+00, 1.402168469851e-01, 1.076728632580e-03
 1.650000000000e+01, 9.500000000000e-01, 1.150000000000e+00, 1.424120511524e-01, 1.232722486079e-03
 1.650000000000e+01, 9.500000000000e-01, 1.175000000000e+00, 1.429073266839e-01, 1.306629781085e-03
 1.650000000000e+01, 9.750000000000e-01, 9.500000000000e-01, 1.302079865845e-01, 8.025250597141e-04
 1.650000000000e+01, 9.750000000000e-01, 9.750000000000e-01, 1.296656640772e-01, 7.720752375554e-04
 1.650000000000e+01, 9.750000000000e-01, 1.000000000000e+00, 1.303743531941e-01, 8.284708844164e-04
 1.650000000000e+01, 9.750000000000e-01, 1.025000000000e+00, 1.315379126510e-01, 9.287260960811e-04
 1.650000000000e+01, 9.750000000000e-01, 1.050000000000e+00, 1.324355773003e-01, 1.058979351008e-03
 1.650000000000e+01, 9.750000000000e-01, 1.075000000000e+00, 1.315167118391e-01, 8.760672920835e-04
 1.650000000000e+01, 9.750000000000e-01, 1.100000000000e+00, 1.320159957854e-01, 8.232612426432e-04
 1.650000000000e+01, 9.750000000000e-01, 1.125000000000e+00, 1.340456131333e-01, 1.412588607771e-03
 1.650000000000e+01, 9.750000000000e-01, 1.150000000000e+00, 1.334571123878e-01, 8.933574110049e-04
 1.650000000000e+01, 9.750000000000e-01, 1.175000000000e+00, 1.347655130653e-01, 1.145783547306e-03
 1.650000000000e+01, 1.000000000000e+00, 9.500000000000e-01, 1.245324456183e-01, 6.593433474418e-04
 1.650000000000e+01, 1.000000000000e+00, 9.750000000000e-01, 1.248640682731e-01, 6.661067510490e-04
 1.650000000000e+01, 1.000000000000e+00, 1.000000000000e+00, 1.238385848568e-01, 5.724796570030e-04
 1.650000000000e+01, 1.000000000000e+00, 1.025000000000e+00, 1.252046921803e-01, 7.666628685431e-04
 1.650000000000e+01, 1.000000000000e+00, 1.050000000000e+00, 1.241947398284e-01, 6.564631119265e-04
 1.650000000000e+01, 1.000000000000e+00, 1.075000000000e+00, 1.258243143242e-01, 8.242479277688e-04
 1.650000000000e+01, 1.000000000000e+00, 1.100000000000e+00, 1.255299329256e-01, 6.245589081574e-04
 1.650000000000e+01, 1.000000000000e+00, 1.125000000000e+00, 1.250443685039e-01, 5.584418330412e-04
 1.650000000000e+01, 1.000000000000e+00, 1.150000000000e+00, 1.266768341616e-01, 6.601275309781e-04
 1.650000000000e+01, 1.000000000000e+00, 1.175000000000e+00, 1.274654382717e-01, 7.070494320465e-04
 1.650000000000e+01, 1.025000000000e+00, 9.500000000000e-01, 1.204220133905e-01, 3.979782604572e-04
 1.650000000000e+01, 1.025000000000e+00, 9.750000000000e-01, 1.192503646545e-01, 3.797266625107e-04
 1.650000000000e+01, 1.025000000000e+00, 1.000000000000e+00, 1.198292782059e-01, 4.060710454496e-04
 1.650000000000e+01, 1.025000000000e+00, 1.025000000000e+00, 1.209748607110e-01, 4.190478728675e-04
 1.650000000000e+01, 1.025000000000e+00, 1.050000000000e+00, 1.206176323746e-01, 3.539098062788e-04
 1.650000000000e+01, 1.025000000000e+00, 1.075000000000e+00, 1.207556486342e-01, 4.685020901015e-04
 1.650000000000e+01, 1.025000000000e+00, 1.100000000000e+00, 1.221162976138e-01, 5.835622072425e-04
 1.650000000000e+01, 1.025000000000e+00, 1.125000000000e+00, 1.227737306916e-01, 5.680898258920e-04
 1.650000000000e+01, 1.025000000000e+00, 1.150000000000e+00, 1.226012960788e-01, 4.799914212944e-04
 1.650000000000e+01, 1.025000000000e+00, 1.175000000000e+00, 1.241530752095e-01, 5.402452391093e-04
 1.650000000000e+01, 1.050000000000e+00, 9.500000000000e-01, 1.174102615097e-01, 3.767974296870e-04
 1.650000000000e+01, 1.050000000000e+00, 9.750000000000e-01, 1.180182037271e-01, 2.971684459340e-04
 1.650000000000e+01, 1.050000000000e+00, 1.000000000000e+00, 1.171678318555e-01, 3.610911263904e-04
 1.650000000000e+01, 1.050000000000e+00, 1.025000000000e+00, 1.178019373655e-01, 2.662348529977e-04
 1.650000000000e+01, 1.050000000000e+00, 1.050000000000e+00, 1.183429798903e-01, 2.928106763876e-04
 1.650000000000e+01, 1.050000000000e+00, 1.075000000000e+00, 1.188429739321e-01, 2.973389515350e-04
 1.650000000000e+01, 1.050000000000e+00, 1.100000000000e+00, 1.198648848255e-01, 4.001841600409e-04
 1.650000000000e+01, 1.050000000000e+00, 1.125000000000e+00, 1.198730934388e-01, 3.162862856435e-04
 1.650000000000e+01, 1.050000000000e+00, 1.150000000000e+00, 1.211197746236e-01, 3.229930971211e-04
 1.650000000000e+01, 1.050000000000e+00, 1.175000000000e+00, 1.216315083358e-01, 3.787128108328e-04
 1.650000000000e+01, 1.075000000000e+00, 9.500000000000e-01, 1.160623594248e-01, 2.018123823874e-04
 1.650000000000e+01, 1.075000000000e+00, 9.750000000000e-01, 1.162331740032e-01, 2.231052883578e-04
 1.650000000000e+01, 1.075000000000e+00, 1.000000000000e+00, 1.160759000895e-01, 2.559470828835e-04
 1.650000000000e+01, 1.075000000000e+00, 1.025000000000e+00, 1.167721856322e-01, 2.116030682006e-04
 1.650000000000e+01, 1.075000000000e+00, 1.050000000000e+00, 1.171379314860e-01, 2.183797999742e-04
 1.650000000000e+01, 1.075000000000e+00, 1.075000000000e+00, 1.171109041553e-01, 2.418921722087e-04
 1.650000000000e+01, 1.075000000000e+00, 1.100000000000e+00, 1.183790363557e-01, 2.207805938806e-04
 1.650000000000e+01, 1.075000000000e+00, 1.125000000000e+00, 1.185707899249e-01, 2.472878051563e-04
 1.650000000000e+01, 1.075000000000e+00, 1.150000000000e+00, 1.188005947051e-01, 2.217157453083e-04
 1.650000000000e+01, 1.075000000000e+00, 1.175000000000e+00, 1.196741219765e-01, 2.878670801664e-04
 1.650000000000e+01, 1.100000000000e+00, 9.500000000000e-01, 1.159740636264e-01, 1.883344059868e-04
 1.650000000000e+01, 1.100000000000e+00, 9.750000000000e-01, 1.157996983214e-01, 2.107787018499e-04
 1.650000000000e+01, 1.100000000000e+00, 1.000000000000e+00, 1.161901719046e-01, 2.210052398063e-04
 1.650000000000e+01, 1.100000000000e+00, 1.025000000000e+00, 1.161690679372e-01, 2.125059325864e-04
 1.650000000000e+01, 1.100000000000e+00, 1.050000000000e+00, 1.167417155861e-01, 2.378743949393e-04
 1.650000000000e+01, 1.100000000000e+00, 1.075000000000e+00, 1.174193813947e-01, 2.098385079374e-04
 1.650000000000e+01, 1.100000000000e+00, 1.100000000000e+00, 1.175175389510e-01, 1.918638602111e-04
 1.650000000000e+01, 1.100000000000e+00, 1.125000000000e+00, 1.184383922304e-01, 1.941022619850e-04
 1.650000000000e+01, 1.100000000000e+00, 1.150000000000e+00, 1.190099700910e-01, 2.015252647066e-04
 1.650000000000e+01, 1.100000000000e+00, 1.175000000000e+00, 1.194659548831e-01, 2.127257426468e-04
 1.650000000000e+01, 1.125000000000e+00, 9.500000000000e-01, 1.164064262415e-01, 1.657993521890e-04
 1.650000000000e+01, 1.125000000000e+00, 9.750000000000e-01, 1.157332857207e-01, 2.342216998333e-04
 1.650000000000e+01, 1.125000000000e+00, 1.000000000000e+00, 1.159289368514e-01, 2.922486279393e-04
 1.650000000000e+01, 1.125000000000e+00, 1.025000000000e+00, 1.165103223023e-01, 2.036400667163e-04
 1.650000000000e+01, 1.125000000000e+00, 1.050000000000e+00, 1.172051367324e-01, 2.150763117853e-04
 1.650000000000e+01, 1.125000000000e+00, 1.075000000000e+00, 1.176528411630e-01, 1.906856202312e-04
 1.650000000000e+01, 1.125000000000e+00, 1.100000000000e+00, 1.177626996207e-01, 2.215754740824e-04
 1.650000000000e+01, 1.125000000000e+00, 1.125000000000e+00, 1.186702041805e-01, 2.010206329287e-04
 1.650000000000e+01, 1.125000000000e+00, 1.150000000000e+00, 1.192457708672e-01, 1.988490782646e-04
 1.650000000000e+01, 1.125000000000e+00, 1.175000000000e+00, 1.196745881576e-01, 2.099093480017e-04
 1.650000000000e+01, 1.150000000000e+00, 9.500000000000e-01, 1.172716257519e-01, 1.487627391264e-04
 1.650000000000e+01, 1.150000000000e+00, 9.750000000000e-01, 1.168847643670e-01, 2.332946580706e-04
 1.650000000000e+01, 1.150000000000e+00, 1.000000000000e+00, 1.172239133528e-01, 2.066375591926e-04
 1.650000000000e+01, 1.150000000000e+00, 1.025000000000e+00, 1.173933859972e-01, 2.092906489188e-04
 1.650000000000e+01, 1.150000000000e+00, 1.050000000000e+00, 1.182261324793e-01, 1.748656753330e-04
 1.650000000000e+01, 1.150000000000e+00, 1.075000000000e+00, 1.183049638870e-01, 2.259587738678e-04
 1.650000000000e+01, 1.150000000000e+00, 1.100000000000e+00, 1.189854904453e-01, 2.101061369856e-04
 1.650000000000e+01, 1.150000000000e+00, 1.125000000000e+00, 1.193244202238e-01, 2.560417800255e-04
 1.650000000000e+01, 1.150000000000e+00, 1.150000000000e+00, 1.199354324052e-01, 2.036716212013e-04
 1.650000000000e+01, 1.150000000000e+00, 1.175000000000e+00, 1.205302718889e-01, 2.325829723505e-04
 1.650000000000e+01, 1.175000000000e+00, 9.500000000000e-01, 1.179910698088e-01, 1.979522977404e-04
 1.650000000000e+01, 1.175000000000e+00, 9.750000000000e-01, 1.183374639840e-01, 2.203522345560e-04
 1.650000000000e+01, 1.175000000000e+00, 1.000000000000e+00, 1.183667519228e-01, 2.012354505318e-04
 1.650000000000e+01, 1.175000000000e+00, 1.025000000000e+00, 1.185946114012e-01, 2.005174762593e-04
 1.650000000000e+01, 1.175000000000e+00, 1.050000000000e+00, 1.189213073246e-01, 2.315058174189e-04
 1.650000000000e+01, 1.175000000000e+00, 1.075000000000e+00, 1.189984011487e-01, 2.198834408168e-04
 1.650000000000e+01, 1.175000000000e+00, 1.100000000000e+00, 1.198383497901e-01, 2.278737985202e-04
 1.650000000000e+01, 1.175000000000e+00, 1.125000000000e+00, 1.205377729751e-01, 2.202351702569e-04
 1.650000000000e+01, 1.175000000000e+00, 1.150000000000e+00, 1.210709942256e-01, 2.423097309155e-04
 1.650000000000e+01, 1.175000000000e+00, 1.175000000000e+00, 1.214454871181e-01, 2.131278849241e-04
 1.700000000000e+01, 9.500000000000e-01, 9.500000000000e-01, 1.378630150140e-01, 1.068503518780e-03
 1.700000000000e+01, 9.500000000000e-01, 9.750000000000e-01, 1.387283000341e-01, 1.070355355003e-03
 1.700000000000e+01, 9.500000000000e-01, 1.000000000000e+00, 1.378808291871e-01, 1.117912609304e-03
 1.700000000000e+01, 9.500000000000e-01, 1.025000000000e+00, 1.376572645247e-01, 1.192717146834e-03
 1.700000000000e+01, 9.500000000000e-01, 1.050000000000e+00, 1.400309068123e-01, 1.290954240867e-03
 1.700000000000e+01, 9.500000000000e-01, 1.075000000000e+00, 1.401380246163e-01, 1.358083249244e-03
 1.700000000000e+01, 9.500000000000e-01, 1.100000000000e+00, 1.390216561184e-01, 1.106751922610e-03
 1.700000000000e+01, 9.500000000000e-01, 1.125000000000e+00, 1.418647842325e-01, 1.260949268578e-03
 1.700000000000e+01, 9.500000000000e-01, 1.150000000000e+00, 1.405817737468e-01, 1.175712043625e-03
 1.700000000000e+01, 9.500000000000e-01, 1.175000000000e+00, 1.410030567060e-01, 1.427167817917e-03
 1.700000000000e+01, 9.750000000000e-01, 9.500000000000e-01, 1.304658908446e-01, 7.795985186619e-04
 1.700000000000e+01, 9.750000000000e-01, 9.750000000000e-01, 1.318266905576e-01, 9.160630643044e-04
 1.700000000000e+01, 9.750000000000e-01, 1.000000000000e+00, 1.295766214331e-01, 9.530484471003e-04
 1.700000000000e+01, 9.750000000000e-01, 1.025000000000e+00, 1.291740847264e-01, 7.534145473127e-04
 1.700000000000e+01, 9.750000000000e-01, 1.050000000000e+00, 1.304278588996e-01, 8.762068532096e-04
 1.700000000000e+01, 9.750000000000e-01, 1.075000000000e+00, 1.308082688110e-01, 8.681221160027e-04
 1.700000000000e+01, 9.750000000000e-01, 1.100000000000e+00, 1.312031557757e-01, 9.000222501489e-04
 1.700000000000e+01, 9.750000000000e-01, 1.125000000000e+00, 1.317048916778e-01, 9.492614548466e-04
 1.700000000000e+01, 9.750000000000e-01, 1.150000000000e+00, 1.335107549643e-01, 8.463132221089e-04
 1.700000000000e+01, 9.750000000000e-01, 1.175000000000e+00, 1.337062670068e-01, 1.010195903079e-03
 1.700000000000e+01, 1.000000000000e+00, 9.500000000000e-01, 1.237603997860e-01, 5.298800120269e-04
 1.700000000000e+01, 1.000000000000e+00, 9.750000000000e-01, 1.244590518902e-01, 6.045115942883e-04
 1.700000000000e+01, 1.000000000000e+00, 1.000000000000e+00, 1.234236622171e-01, 5.314261927210e-04
 1.700000000000e+01, 1.000000000000e+00, 1.025000000000e+00, 1.237911600682e-01, 5.075438055757e-04
 1.700000000000e+01, 1.000000000000e+00, 1.050000000000e+00, 1.248278880184e-01, 5.800478600385e-04
 1.700000000000e+01, 1.000000000000e+00, 1.075000000000e+00, 1.257479825941e-01, 6.755736375551e-04
 1.700000000000e+01, 1.000000000000e+00, 1.100000000000e+00, 1.248597921556e-01, 5.918875429368e-04
 1.700000000000e+01, 1.000000000000e+00, 1.125000000000e+00, 1.257705859645e-01, 7.085933993080e-04
 1.700000000000e+01, 1.000000000000e+00, 1.150000000000e+00, 1.251138635602e-01, 5.604274065799e-04
 1.700000000000e+01, 1.000000000000e+00, 1.175000000000e+00, 1.271441528290e-01, 7.272858196321e-04
 1.700000000000e+01, 1.025000000000e+00, 9.500000000000e-01, 1.197819345927e-01, 3.814723545177e-04
 1.700000000000e+01, 1.025000000000e+00, 9.750000000000e-01, 1.197914449336e-01, 3.798524886660e-04
 1.700000000000e+01, 1.025000000000e+00, 1.000000000000e+00, 1.187260190718e-01, 3.942425851260e-04
 1.700000000000e+01, 1.025000000000e+00, 1.025000000000e+00, 1.203681331869e-01, 4.378074294154e-04
 1.700000000000e+01, 1.025000000000e+00, 1.050000000000e+00, 1.205680572168e-01, 3.822158080717e-04
 1.700000000000e+01, 1.025000000000e+00, 1.075000000000e+00, 1.207992815902e-01, 4.274496763411e-04
 1.700000000000e+01, 1.025000000000e+00, 1.100000000000e+00, 1.208507334704e-01, 4.131626636812e-04
 1.700000000000e+01, 1.025000000000e+00, 1.125000000000e+00, 1.218969247532e-01, 4.060228715989e-04
 1.700000000000e+01, 1.025000000000e+00, 1.150000000000e+00, 1.224330416219e-01, 4.289086560427e-04
 1.700000000000e+01, 1.025000000000e+00, 1.175000000000e+00, 1.234953319959e-01, 4.516682142321e-04
 1.700000000000e+01, 1.050000000000e+00, 9.500000000000e-01, 1.170278346186e-01, 2.903609737793e-04
 1.700000000000e+01, 1.050000000000e+00, 9.750000000000e-01, 1.177870947526e-01, 2.703479092793e-04
 1.700000000000e+01, 1.050000000000e+00, 1.000000000000e+00, 1.171244634534e-01, 2.907889138112e-04
 1.700000000000e+01, 1.050000000000e+00, 1.025000000000e+00, 1.172262874764e-01, 2.763126053869e-04
 1.700000000000e+01, 1.050000000000e+00, 1.050000000000e+00, 1.179776500164e-01, 2.768944939726e-04
 1.700000000000e+01, 1.050000000000e+00, 1.075000000000e+00, 1.185036329627e-01, 3.490364565718e-04
 1.700000000000e+01, 1.050000000000e+00, 1.100000000000e+00, 1.188107325789e-01, 2.580411927203e-04
 1.700000000000e+01, 1.050000000000e+00, 1.125000000000e+00, 1.196700007459e-01, 2.959097338334e-04
 1.700000000000e+01, 1.050000000000e+00, 1.150000000000e+00, 1.204398261027e-01, 2.834988780730e-04
 1.700000000000e+01, 1.050000000000e+00, 1.175000000000e+00, 1.207132244001e-01, 3.926664658892e-04
 1.700000000000e+01, 1.075000000000e+00, 9.500000000000e-01, 1.163788622762e-01, 1.918542533202e-04
 1.700000000000e+01, 1.075000000000e+00, 9.750000000000e-01, 1.160871481913e-01, 2.399939996724e-04
 1.700000000000e+01, 1.075000000000e+00, 1.000000000000e+00, 1.165914197551e-01, 2.125842358243e-04
 1.700000000000e+01, 1.075000000000e+00, 1.025000000000e+00, 1.164436195643e-01, 2.437113050970e-04
 1.700000000000e+01, 1.075000000000e+00, 1.050000000000e+00, 1.172071132638e-01, 2.008583647025e-04
 1.700000000000e+01, 1.075000000000e+00, 1.075000000000e+00, 1.172547559497e-01, 2.449662604728e-04
 1.700000000000e+01, 1.075000000000e+00, 1.100000000000e+00, 1.179132127779e-01, 1.984459618903e-04
 1.700000000000e+01, 1.075000000000e+00, 1.125000000000e+00, 1.180912202563e-01, 2.325614869352e-04
 1.700000000000e+01, 1.075000000000e+00, 1.150000000000e+00, 1.186135969760e-01, 2.355595525732e-04
 1.700000000000e+01, 1.075000000000e+00, 1.175000000000e+00, 1.199658313502e-01, 2.166449680042e-04
 1.700000000000e+01, 1.100000000000e+00, 9.500000000000e-01, 1.161943193376e-01, 1.652674550579e-04
 1.700000000000e+01, 1.100000000000e+00, 9.750000000000e-01, 1.161333849659e-01, 1.657280642138e-04
 1.700000000000e+01, 1.100000000000e+00, 1.000000000000e+00, 1.161373911644e-01, 1.780390928095e-04
 1.700000000000e+01, 1.100000000000e+00, 1.025000000000e+00, 1.161164750566e-01, 2.799729252222e-04
 1.700000000000e+01, 1.100000000000e+00, 1.050000000000e+00, 1.167064864271e-01, 1.973360004428e-04
 1.700000000000e+01, 1.100000000000e+00, 1.075000000000e+00, 1.166937451387e-01, 2.201680234706e-04
 1.700000000000e+01, 1.100000000000e+00, 1.100000000000e+00, 1.175067747274e-01, 1.905950564693e-04
 1.700000000000e+01, 1.100000000000e+00, 1.125000000000e+00, 1.181949014891e-01, 1.987792407840e-04
 1.700000000000e+01, 1.100000000000e+00, 1.150000000000e+00, 1.186335217427e-01, 1.938248640897e-04
 1.700000000000e+01, 1.100000000000e+00, 1.175000000000e+00, 1.194526275459e-01, 1.909165874094e-04
 1.700000000000e+01, 1.125000000000e+00, 9.500000000000e-01, 1.161472113687e-01, 1.675916046604e-04
 1.700000000000e+01, 1.125000000000e+00, 9.750000000000e-01, 1.165272824964e-01, 1.613549371895e-04
 1.700000000000e+01, 1.125000000000e+00, 1.000000000000e+00, 1.165766023486e-01, 1.681092184551e-04
 1.700000000000e+01, 1.125000000000e+00, 1.025000000000e+00, 1.168473368339e-01, 1.629321316055e-04
 1.700000000000e+01, 1.125000000000e+00, 1.050000000000e+00, 1.165584181619e-01, 2.540289742976e-04
 1.700000000000e+01, 1.125000000000e+00, 1.075000000000e+00, 1.176164402609e-01, 2.051860940468e-04
 1.700000000000e+01, 1.125000000000e+00, 1.100000000000e+00, 1.178711962974e-01, 2.356940379700e-04
 1.700000000000e+01, 1.125000000000e+00, 1.125000000000e+00, 1.188077879143e-01, 1.872866649013e-04
 1.700000000000e+01, 1.125000000000e+00, 1.150000000000e+00, 1.186149753402e-01, 2.583771830618e-04
 1.700000000000e+01, 1.125000000000e+00, 1.175000000000e+00, 1.192106961717e-01, 2.936100753062e-04
 1.700000000000e+01, 1.150000000000e+00, 9.500000000000e-01, 1.170872862525e-01, 1.676407515389e-04
 1.700000000000e+01, 1.150000000000e+00, 9.750000000000e-01, 1.171183845756e-01, 1.729573081755e-04
 1.700000000000e+01, 1.150000000000e+00, 1.000000000000e+00, 1.170803738150e-01, 2.088503950559e-04
 1.700000000000e+01, 1.150000000000e+00, 1.025000000000e+00, 1.174641536986e-01, 1.933368212192e-04
 1.700000000000e+01, 1.150000000000e+00, 1.050000000000e+00, 1.179840102509e-01, 1.769114838202e-04
 1.700000000000e+01, 1.150000000000e+00, 1.075000000000e+00, 1.182067825199e-01, 1.909133436879e-04
 1.700000000000e+01, 1.150000000000e+00, 1.100000000000e+00, 1.190055794466e-01, 2.133422814493e-04
 1.700000000000e+01, 1.150000000000e+00, 1.125000000000e+00, 1.190119249295e-01, 2.218228507081e-04
 1.700000000000e+01, 1.150000000000e+00, 1.150000000000e+00, 1.197961268791e-01, 1.950074151573e-04
 1.700000000000e+01, 1.150000000000e+00, 1.175000000000e+00, 1.204695962157e-01, 1.987307078353e-04
 1.700000000000e+01, 1.175000000000e+00, 9.500000000000e-01, 1.184678419044e-01, 1.761276314308e-04
 1.700000000000e+01, 1.175000000000e+00, 9.750000000000e-01, 1.181327844281e-01, 1.900382666178e-04
 1.700000000000e+01, 1.175000000000e+00, 1.000000000000e+00, 1.178351926938e-01, 2.188932603759e-04
 1.700000000000e+01, 1.175000000000e+00, 1.025000000000e+00, 1.183250606792e-01, 2.205006696995e-04
 1.700000000000e+01, 1.175000000000e+00, 1.050000000000e+00, 1.187215118336e-01, 2.393203201953e-04
 1.700000000000e+01, 1.175000000000e+00, 1.075000000000e+00, 1.191693589381e-01, 2.170934012647e-04
 1.700000000000e+01, 1.175000000000e+00, 1.100000000000e+00, 1.201126749755e-01, 1.815366739620e-04
 1.700000000000e+01, 1.175000000000e+00, 1.125000000000e+00, 1.200247485852e-01, 2.470394137847e-04
 1.700000000000e+01, 1.175000000000e+00, 1.150000000000e+00, 1.208458216733e-01, 1.971702363916e-04
 1.700000000000e+01, 1.175000000000e+00, 1.175000000000e+00, 1.211615012633e-01, 2.424785527626e-04
 1.750000000000e+01, 9.500000000000e-01, 9.500000000000e-01, 1.377876648726e-01, 1.409445022073e-03
 1.750000000000e+01, 9.500000000000e-01, 9.750000000000e-01, 1.374697985566e-01, 1.122059328141e-03
 1.750000000000e+01, 9.500000000000e-01, 1.000000000000e+00, 1.392076884773e-01, 1.462188486952e-03
 1.750000000000e+01, 9.500000000000e-01, 1.025000000000e+00, 1.409441304185e-01, 1.487342449409e-03
 1.750000000000e+01, 9.500000000000e-01, 1.050000000000e+00, 1.378381937305e-01, 1.240057234765e-03
 1.750000000000e+01, 9.500000000000e-01, 1.075000000000e+00, 1.387516109258e-01, 1.130000299034e-03
 1.750000000000e+01, 9.500000000000e-01, 1.100000000000e+00, 1.386598994527e-01, 1.186565193386e-03
 1.750000000000e+01, 9.500000000000e-01, 1.125000000000e+00, 1.394163555820e-01, 1.295534315178e-03
 1.750000000000e+01, 9.500000000000e-01, 1.150000000000e+00, 1.432587439171e-01, 1.508569982499e-03
 1.750000000000e+01, 9.500000000000e-01, 1.175000000000e+00, 1.419000031405e-01, 1.223871630431e-03
 1.750000000000e+01, 9.750000000000e-01, 9.500000000000e-01, 1.287080830142e-01, 7.471933647453e-04
 1.750000000000e+01, 9.750000000000e-01, 9.750000000000e-01, 1.293372769077e-01, 7.886133482281e-04
 1.750000000000e+01, 9.750000000000e-01, 1.000000000000e+00, 1.295995624966e-01, 8.170456150459e-04
 1.750000000000e+01, 9.750000000000e-01, 1.025000000000e+00, 1.278186371486e-01, 8.540548374489e-04
 1.750000000000e+01, 9.750000000000e-01, 1.050000000000e+00, 1.290427416403e-01, 9.793559138100e-04
 1.750000000000e+01, 9.750000000000e-01, 1.075000000000e+00, 1.298351726567e-01, 7.572517628855e-04
 1.750000000000e+01, 9.750000000000e-01, 1.100000000000e+00, 1.286598441019e-01, 7.973899551392e-04
 1.750000000000e+01, 9.750000000000e-01, 1.125000000000e+00, 1.312916400310e-01, 7.922482476490e-04
 1.750000000000e+01, 9.750000000000e-01, 1.150000000000e+00, 1.319049774576e-01, 8.309066172001e-04
 1.750000000000e+01, 9.750000000000e-01, 1.175000000000e+00, 1.333370991691e-01, 1.147706213557e-03
 1.750000000000e+01, 1.000000000000e+00, 9.500000000000e-01, 1.236335535222e-01, 5.654367327593e-04
 1.750000000000e+01, 1.000000000000e+00, 9.750000000000e-01, 1.233473485299e-01, 5.604683174845e-04
 1.750000000000e+01, 1.000000000000e+00, 1.000000000000e+00, 1.242963895789e-01, 5.856877510081e-04
 1.750000000000e+01, 1.000000000000e+00, 1.025000000000e+00, 1.241445315770e-01, 6.450810244161e-04
 1.750000000000e+01, 1.000000000000e+00, 1.050000000000e+00, 1.233644824865e-01, 4.833131739236e-04
 1.750000000000e+01, 1.000000000000e+00, 1.075000000000e+00, 1.239840091109e-01, 5.982258086452e-04
 1.750000000000e+01, 1.000000000000e+00, 1.100000000000e+00, 1.251756032304e-01, 6.521307349409e-04
 1.750000000000e+01, 1.000000000000e+00, 1.125000000000e+00, 1.258280349590e-01, 7.862310931431e-04
 1.750000000000e+01, 1.000000000000e+00, 1.150000000000e+00, 1.265726541621e-01, 6.269601818239e-04
 1.750000000000e+01, 1.000000000000e+00, 1.175000000000e+00, 1.272031169574e-01, 6.810989640660e-04
 1.750000000000e+01, 1.025000000000e+00, 9.500000000000e-01, 1.198087102257e-01, 3.748072274032e-04
 1.750000000000e+01, 1.025000000000e+00, 9.750000000000e-01, 1.194442022859e-01, 3.768440732440e-04
 1.750000000000e+01, 1.025000000000e+00, 1.000000000000e+00, 1.192691629855e-01, 3.814624543250e-04
 1.750000000000e+01, 1.025000000000e+00, 1.025000000000e+00, 1.198866586786e-01, 4.076293000508e-04
 1.750000000000e+01, 1.025000000000e+00, 1.050000000000e+00, 1.201303651494e-01, 3.623262001246e-04
 1.750000000000e+01, 1.025000000000e+00, 1.075000000000e+00, 1.205905481284e-01, 4.214608170457e-04
 1.750000000000e+01, 1.025000000000e+00, 1.100000000000e+00, 1.211222489493e-01, 4.433275024493e-04
 1.750000000000e+01, 1.025000000000e+00, 1.125000000000e+00, 1.217177644469e-01, 3.822227897011e-04
 1.750000000000e+01, 1.025000000000e+00, 1.150000000000e+00, 1.218953136094e-01, 4.101692906591e-04
 1.750000000000e+01, 1.025000000000e+00, 1.175000000000e+00, 1.232518588877e-01, 4.132264659949e-04
 1.750000000000e+01, 1.050000000000e+00, 9.500000000000e-01, 1.171374354754e-01, 3.314743186090e-04
 1.750000000000e+01, 1.050000000000e+00, 9.750000000000e-01, 1.173559539516e-01, 3.026636463433e-04
 1.750000000000e+01, 1.050000000000e+00, 1.000000000000e+00, 1.171026377395e-01, 2.480626022929e-04
 1.750000000000e+01, 1.050000000000e+00, 1.025000000000e+00, 1.177529766770e-01, 2.722105240571e-04
 1.750000000000e+01, 1.050000000000e+00, 1.050000000000e+00, 1.177405285733e-01, 3.111652469885e-04
 1.750000000000e+01, 1.050000000000e+00, 1.075000000000e+00, 1.184648194403e-01, 2.992654545653e-04
 1.750000000000e+01, 1.050000000000e+00, 1.100000000000e+00, 1.189653420528e-01, 2.709427141298e-04
 1.750000000000e+01, 1.050000000000e+00, 1.125000000000e+00, 1.195397910832e-01, 3.177679402337e-04
 1.750000000000e+01, 1.050000000000e+00, 1.150000000000e+00, 1.196505337933e-01, 2.729969683979e-04
 1.750000000000e+01, 1.050000000000e+00, 1.175000000000e+00, 1.205230789219e-01, 2.874735660619e-04
 1.750000000000e+01, 1.075000000000e+00, 9.500000000000e-01, 1.163114520230e-01, 2.033023146032e-04
 1.750000000000e+01, 1.075000000000e+00, 9.750000000000e-01, 1.163147814450e-01, 1.871570136939e-04
 1.750000000000e+01, 1.075000000000e+00, 1.000000000000e+00, 1.165008153383e-01, 1.996796532305e-04
 1.750000000000e+01, 1.075000000000e+00, 1.025000000000e+00, 1.164924932827e-01, 2.168453756585e-04
 1.750000000000e+01, 1.075000000000e+00, 1.050000000000e+00, 1.169764879786e-01, 2.043357403088e-04
 1.750000000000e+01, 1.075000000000e+00, 1.075000000000e+00, 1.175121095204e-01, 2.344743027298e-04
 1.750000000000e+01, 1.075000000000e+00, 1.100000000000e+00, 1.179734151320e-01, 2.271793697020e-04
 1.750000000000e+01, 1.075000000000e+00, 1.125000000000e+00, 1.183544956296e-01, 3.347785010004e-04
 1.750000000000e+01, 1.075000000000e+00, 1.150000000000e+00, 1.187945924489e-01, 2.388094464406e-04
 1.750000000000e+01, 1.075000000000e+00, 1.175000000000e+00, 1.196240727571e-01, 2.055955981030e-04
 1.750000000000e+01, 1.100000000000e+00, 9.500000000000e-01, 1.158645152271e-01, 1.703979910500e-04
 1.750000000000e+01, 1.100000000000e+00, 9.750000000000e-01, 1.160518872304e-01, 1.727431469073e-04
 1.750000000000e+01, 1.100000000000e+00, 1.000000000000e+00, 1.159448042715e-01, 1.868207546868e-04
 1.750000000000e+01, 1.100000000000e+00, 1.025000000000e+00, 1.162869238236e-01, 2.187694888658e-04
 1.750000000000e+01, 1.100000000000e+00, 1.050000000000e+00, 1.166290319449e-01, 2.064114419261e-04
 1.750000000000e+01, 1.100000000000e+00, 1.075000000000e+00, 1.172330486761e-01, 1.899379521631e-04
 1.750000000000e+01, 1.100000000000e+00, 1.100000000000e+00, 1.175232447564e-01, 2.614722484069e-04
 1.750000000000e+01, 1.100000000000e+00, 1.125000000000e+00, 1.182323474511e-01, 2.017550085517e-04
 1.750000000000e+01, 1.100000000000e+00, 1.150000000000e+00, 1.187598672368e-01, 1.777458717240e-04
 1.750000000000e+01, 1.100000000000e+00, 1.175000000000e+00, 1.189648921394e-01, 2.189431201487e-04
 1.750000000000e+01, 1.125000000000e+00, 9.500000000000e-01, 1.167682704487e-01, 1.364128542677e-04
 1.750000000000e+01, 1.125000000000e+00, 9.750000000000e-01, 1.160478779412e-01, 1.942458432299e-04
 1.750000000000e+01, 1.125000000000e+00, 1.000000000000e+00, 1.161154526451e-01, 1.994039304911e-04
 1.750000000000e+01, 1.125000000000e+00, 1.025000000000e+00, 1.169211884141e-01, 1.906233564944e-04
 1.750000000000e+01, 1.125000000000e+00, 1.050000000000e+00, 1.173395623601e-01, 1.823357051044e-04
 1.750000000000e+01, 1.125000000000e+00, 1.075000000000e+00, 1.176226495038e-01, 1.954182979720e-04
 1.750000000000e+01, 1.125000000000e+00, 1.100000000000e+00, 1.179416589537e-01, 1.728837966440e-04
 1.750000000000e+01, 1.125000000000e+00, 1.125000000000e+00, 1.189216627873e-01, 1.689588496647e-04
 1.750000000000e+01, 1.125000000000e+00, 1.150000000000e+00, 1.189316213509e-01, 2.029240811609e-04
 1.750000000000e+01, 1.125000000000e+00, 1.175000000000e+00, 1.195616660306e-01, 2.070209040472e-04
 1.750000000000e+01, 1.150000000000e+00, 9.500000000000e-01, 1.173396460174e-01, 1.792789588538e-04
 1.750000000000e+01, 1.150000000000e+00, 9.750000000000e-01, 1.169877586943e-01, 1.836821388173e-04
 1.750000000000e+01, 1.150000000000e+00, 1.000000000000e+00, 1.170931875706e-01, 1.848556094414e-04
 1.750000000000e+01, 1.150000000000e+00, 1.025000000000e+00, 1.175734888151e-01, 1.954775039269e-04
 1.750000000000e+01, 1.150000000000e+00, 1.050000000000e+00, 1.178628763418e-01, 1.834474545062e-04
 1.750000000000e+01, 1.150000000000e+00, 1.075000000000e+00, 1.181459483328e-01, 2.243595647129e-04
 1.750000000000e+01, 1.150000000000e+00, 1.100000000000e+00, 1.188976960706e-01, 1.947106751907e-04
 1.750000000000e+01, 1.150000000000e+00, 1.125000000000e+00, 1.196495572932e-01, 1.674136801278e-04
 1.750000000000e+01, 1.150000000000e+00, 1.150000000000e+00, 1.199949671830e-01, 1.980768928468e-04
 1.750000000000e+01, 1.150000000000e+00, 1.175000000000e+00, 1.204169053346e-01, 2.076599553650e-04
 1.750000000000e+01, 1.175000000000e+00, 9.500000000000e-01, 1.177421687144e-01, 1.870166963897e-04
 1.750000000000e+01, 1.175000000000e+00, 9.750000000000e-01, 1.179769831462e-01, 2.057895833250e-04
 1.750000000000e+01, 1.175000000000e+00, 1.000000000000e+00, 1.176172962066e-01, 2.399130769611e-04
 1.750000000000e+01, 1.175000000000e+00, 1.025000000000e+00, 1.179300787893e-01, 2.668314230874e-04
 1.750000000000e+01, 1.175000000000e+00, 1.050000000000e+00, 1.183189204432e-01, 2.320050767724e-04
 1.750000000000e+01, 1.175000000000e+00, 1.075000000000e+00, 1.191152605618e-01, 2.149056346780e-04
 1.750000000000e+01, 1.175000000000e+00, 1.100000000000e+00, 1.193446056070e-01, 2.530213164989e-04
 1.750000000000e+01, 1.175000000000e+00, 1.125000000000e+00, 1.206152621058e-01, 1.873498418337e-04
 1.750000000000e+01, 1.175000000000e+00, 1.150000000000e+00, 1.208257613022e-01, 2.053175962386e-04
 1.750000000000e+01, 1.175000000000e+00, 1.175000000000e+00, 1.208019963608e-01, 3.014503087502e-04
 1.800000000000e+01, 9.500000000000e-01, 9.500000000000e-01, 1.371668955254e-01, 1.096127299329e-03
 1.800000000000e+01, 9.500000000000e-01, 9.750000000000e-01, 1.384277880122e-01, 1.213673933008e-03
 1.800000000000e+01, 9.500000000000e-01, 1.000000000000e+00, 1.364722116397e-01, 1.055814899220e-03
 1.800000000000e+01, 9.500000000000e-01, 1.025000000000e+00, 1.389362487369e-01, 1.175877651691e-03
 1.800000000000e+01, 9.500000000000e-01, 1.050000000000e+00, 1.396414778608e-01, 1.431636862120e-03
 1.800000000000e+01, 9.500000000000e-01, 1.075000000000e+00, 1.373753371189e-01, 1.122923577802e-03
 1.800000000000e+01, 9.500000000000e-01, 1.100000000000e+00, 1.376156046245e-01, 1.198390344323e-03
 1.800000000000e+01, 9.500000000000e-01, 1.125000000000e+00, 1.369637464846e-01, 1.186630923921e-03
 1.800000000000e+01, 9.500000000000e-01, 1.150000000000e+00, 1.429297790376e-01, 2.351531945505e-03
 1.800000000000e+01, 9.500000000000e-01, 1.175000000000e+00, 1.412021064230e-01, 1.233816788354e-03
 1.800000000000e+01, 9.750000000000e-01, 9.500000000000e-01, 1.291152926215e-01, 7.961529911935e-04
 1.800000000000e+01, 9.750000000000e-01, 9.750000000000e-01, 1.294092888673e-01, 8.839381430631e-04
 1.800000000000e+01, 9.750000000000e-01, 1.000000000000e+00, 1.287633220019e-01, 8.611400834191e-04
 1.800000000000e+01, 9.750000000000e-01, 1.025000000000e+00, 1.306829039876e-01, 9.001570002784e-04
 1.800000000000e+01, 9.750000000000e-01, 1.050000000000e+00, 1.289525675558e-01, 7.561725842942e-04
 1.800000000000e+01, 9.750000000000e-01, 1.075000000000e+00, 1.293227732972e-01, 8.570475623294e-04
 1.800000000000e+01, 9.750000000000e-01, 1.100000000000e+00, 1.294386888403e-01, 8.791292486051e-04
 1.800000000000e+01, 9.750000000000e-01, 1.125000000000e+00, 1.301018274210e-01, 7.993800047663e-04
 1.800000000000e+01, 9.750000000000e-01, 1.150000000000e+00, 1.303451797975e-01, 7.475375633699e-04
 1.800000000000e+01, 9.750000000000e-01, 1.175000000000e+00, 1.322283326211e-01, 8.066544144510e-04
 1.800000000000e+01, 1.000000000000e+00, 9.500000000000e-01, 1.227639410182e-01, 5.829202626072e-04
 1.800000000000e+01, 1.000000000000e+00, 9.750000000000e-01, 1.227961097315e-01, 4.633981012904e-04
 1.800000000000e+01, 1.000000000000e+00, 1.000000000000e+00, 1.227747472897e-01, 4.943059794725e-04
 1.800000000000e+01, 1.000000000000e+00, 1.025000000000e+00, 1.249450352004e-01, 7.014245771967e-04
 1.800000000000e+01, 1.000000000000e+00, 1.050000000000e+00, 1.240963738263e-01, 6.265356187757e-04
 1.800000000000e+01, 1.000000000000e+00, 1.075000000000e+00, 1.238242067423e-01, 5.514180917383e-04
 1.800000000000e+01, 1.000000000000e+00, 1.100000000000e+00, 1.249846755988e-01, 6.652566435998e-04
 1.800000000000e+01, 1.000000000000e+00, 1.125000000000e+00, 1.253689583778e-01, 5.691336558887e-04
 1.800000000000e+01, 1.000000000000e+00, 1.150000000000e+00, 1.248511614642e-01, 5.310812326404e-04
 1.800000000000e+01, 1.000000000000e+00, 1.175000000000e+00, 1.270711136065e-01, 1.104517606636e-03
 1.800000000000e+01, 1.025000000000e+00, 9.500000000000e-01, 1.196583251052e-01, 4.496893225448e-04
 1.800000000000e+01, 1.025000000000e+00, 9.750000000000e-01, 1.199954510891e-01, 3.669064627835e-04
 1.800000000000e+01, 1.025000000000e+00, 1.000000000000e+00, 1.193943761524e-01, 3.856787064694e-04
 1.800000000000e+01, 1.025000000000e+00, 1.025000000000e+00, 1.201799492662e-01, 3.664995254416e-04
 1.800000000000e+01, 1.025000000000e+00, 1.050000000000e+00, 1.204708672550e-01, 3.634414669149e-04
 1.800000000000e+01, 1.025000000000e+00, 1.075000000000e+00, 1.201209487098e-01, 3.358870343265e-04
 1.800000000000e+01, 1.025000000000e+00, 1.100000000000e+00, 1.202867570045e-01, 3.410726005947e-04
 1.800000000000e+01, 1.025000000000e+00, 1.125000000000e+00, 1.227155653396e-01, 4.885730486916e-04
 1.800000000000e+01, 1.025000000000e+00, 1.150000000000e+00, 1.228048162300e-01, 4.328259347418e-04
 1.800000000000e+01, 1.025000000000e+00, 1.175000000000e+00, 1.227573161642e-01, 4.558351763718e-04
 1.800000000000e+01, 1.050000000000e+00, 9.500000000000e-01, 1.175511016173e-01, 2.438761783396e-04
 1.800000000000e+01, 1.050000000000e+00, 9.750000000000e-01, 1.173024874470e-01, 2.410246351708e-04
 1.800000000000e+01, 1.050000000000e+00, 1.000000000000e+00, 1.168516139317e-01, 2.395522311308e-04
 1.800000000000e+01, 1.050000000000e+00, 1.025000000000e+00, 1.181765889582e-01, 2.706342222738e-04
 1.800000000000e+01, 1.050000000000e+00, 1.050000000000e+00, 1.179244671388e-01, 2.314847805973e-04
 1.800000000000e+01, 1.050000000000e+00, 1.075000000000e+00, 1.178832173068e-01, 3.230050046273e-04
 1.800000000000e+01, 1.050000000000e+00, 1.100000000000e+00, 1.192934730234e-01, 3.108473162206e-04
 1.800000000000e+01, 1.050000000000e+00, 1.125000000000e+00, 1.196298886311e-01, 2.986291018222e-04
 1.800000000000e+01, 1.050000000000e+00, 1.150000000000e+00, 1.204027347002e-01, 2.812560844246e-04
 1.800000000000e+01, 1.050000000000e+00, 1.175000000000e+00, 1.206166121588e-01, 2.951980501252e-04
 1.800000000000e+01, 1.075000000000e+00, 9.500000000000e-01, 1.165220534382e-01, 2.303096902357e-04
 1.800000000000e+01, 1.075000000000e+00, 9.750000000000e-01, 1.164585381054e-01, 2.111097648341e-04
 1.800000000000e+01, 1.075000000000e+00, 1.000000000000e+00, 1.165831443764e-01, 1.906028559949e-04
 1.800000000000e+01, 1.075000000000e+00, 1.025000000000e+00, 1.164881966480e-01, 2.584312031915e-04
 1.800000000000e+01, 1.075000000000e+00, 1.050000000000e+00, 1.170324103681e-01, 2.499287955566e-04
 1.800000000000e+01, 1.075000000000e+00, 1.075000000000e+00, 1.176813386435e-01, 2.342581229949e-04
 1.800000000000e+01, 1.075000000000e+00, 1.100000000000e+00, 1.179924801157e-01, 2.175443301738e-04
 1.800000000000e+01, 1.075000000000e+00, 1.125000000000e+00, 1.184192921088e-01, 2.010276433105e-04
 1.800000000000e+01, 1.075000000000e+00, 1.150000000000e+00, 1.192334284103e-01, 2.165696000402e-04
 1.800000000000e+01, 1.075000000000e+00, 1.175000000000e+00, 1.199068490324e-01, 2.122322108300e-04
 1.800000000000e+01, 1.100000000000e+00, 9.500000000000e-01, 1.162011360536e-01, 1.841482342499e-04
 1.800000000000e+01, 1.100000000000e+00, 9.750000000000e-01, 1.162633047488e-01, 1.924097203427e-04
 1.800000000000e+01, 1.100000000000e+00, 1.000000000000e+00, 1.161348575804e-01, 1.930550061745e-04
 1.800000000000e+01, 1.100000000000e+00, 1.025000000000e+00, 1.163017788386e-01, 1.903853957943e-04
 1.800000000000e+01, 1.100000000000e+00, 1.050000000000e+00, 1.170736532156e-01, 1.722603360848e-04
 1.800000000000e+01, 1.100000000000e+00, 1.075000000000e+00, 1.172780489376e-01, 1.838114568449e-04
 1.800000000000e+01, 1.100000000000e+00, 1.100000000000e+00, 1.178908201890e-01, 1.565481771928e-04
 1.800000000000e+01, 1.100000000000e+00, 1.125000000000e+00, 1.184710084160e-01, 1.791964831744e-04
 1.800000000000e+01, 1.100000000000e+00, 1.150000000000e+00, 1.186971004211e-01, 2.293189872249e-04
 1.800000000000e+01, 1.100000000000e+00, 1.175000000000e+00, 1.194155807767e-01, 2.133857032851e-04
 1.800000000000e+01, 1.125000000000e+00, 9.500000000000e-01, 1.166155683549e-01, 1.384198209697e-04
 1.800000000000e+01, 1.125000000000e+00, 9.750000000000e-01, 1.165201882459e-01, 1.557694199958e-04
 1.800000000000e+01, 1.125000000000e+00, 1.000000000000e+00, 1.166421001833e-01, 1.560870824590e-04
 1.800000000000e+01, 1.125000000000e+00, 1.025000000000e+00, 1.168960722168e-01, 1.708689161214e-04
 1.800000000000e+01, 1.125000000000e+00, 1.050000000000e+00, 1.174251301608e-01, 1.676612598500e-04
 1.800000000000e+01, 1.125000000000e+00, 1.075000000000e+00, 1.174102879344e-01, 2.416229007459e-04
 1.800000000000e+01, 1.125000000000e+00, 1.100000000000e+00, 1.179443648603e-01, 1.825940793077e-04
 1.800000000000e+01, 1.125000000000e+00, 1.125000000000e+00, 1.183041061208e-01, 2.184157094365e-04
 1.800000000000e+01, 1.125000000000e+00, 1.150000000000e+00, 1.188976604652e-01, 2.152450545795e-04
 1.800000000000e+01, 1.125000000000e+00, 1.175000000000e+00, 1.199630852801e-01, 1.764298508895e-04
 1.800000000000e+01, 1.150000000000e+00, 9.500000000000e-01, 1.176550238114e-01, 1.631493098021e-04
 1.800000000000e+01, 1.150000000000e+00, 9.750000000000e-01, 1.170459544110e-01, 2.029320763540e-04
 1.800000000000e+01, 1.150000000000e+00, 1.000000000000e+00, 1.168337202539e-01, 2.383213090290e-04
 1.800000000000e+01, 1.150000000000e+00, 1.025000000000e+00, 1.175594817472e-01, 2.077707492754e-04
 1.800000000000e+01, 1.150000000000e+00, 1.050000000000e+00, 1.174539233016e-01, 2.250497487122e-04
 1.800000000000e+01, 1.150000000000e+00, 1.075000000000e+00, 1.182653805925e-01, 1.899081187746e-04
 1.800000000000e+01, 1.150000000000e+00, 1.100000000000e+00, 1.193880552741e-01, 1.714326957891e-04
 1.800000000000e+01, 1.150000000000e+00, 1.125000000000e+00, 1.190400255688e-01, 2.196249810443e-04
 1.800000000000e+01, 1.150000000000e+00, 1.150000000000e+00, 1.197870370974e-01, 2.015896606656e-04
 1.800000000000e+01, 1.150000000000e+00, 1.175000000000e+00, 1.200692978077e-01, 2.110496400111e-04
 1.800000000000e+01, 1.175000000000e+00, 9.500000000000e-01, 1.182442271460e-01, 1.707916598193e-04
 1.800000000000e+01, 1.175000000000e+00, 9.750000000000e-01, 1.182206768205e-01, 2.235099889972e-04
 1.800000000000e+01, 1.175000000000e+00, 1.000000000000e+00, 1.185041107993e-01, 1.857821612421e-04
 1.800000000000e+01, 1.175000000000e+00, 1.025000000000e+00, 1.187238296721e-01, 1.775590456177e-04
 1.800000000000e+01, 1.175000000000e+00, 1.050000000000e+00, 1.190405130652e-01, 1.907032132141e-04
 1.800000000000e+01, 1.175000000000e+00, 1.075000000000e+00, 1.192431936956e-01, 2.336834826762e-04
 1.800000000000e+01, 1.175000000000e+00, 1.100000000000e+00, 1.203873565409e-01, 1.848602255855e-04
 1.800000000000e+01, 1.175000000000e+00, 1.125000000000e+00, 1.206714510408e-01, 1.905055043834e-04
 1.800000000000e+01, 1.175000000000e+00, 1.150000000000e+00, 1.207341524632e-01, 1.957045213796e-04
 1.800000000000e+01, 1.175000000000e+00, 1.175000000000e+00, 1.211358130858e-01, 2.291740290271e-04
 1.850000000000e+01, 9.500000000000e-01, 9.500000000000e-01, 1.369377520390e-01, 1.012230667248e-03
 1.850000000000e+01, 9.500000000000e-01, 9.750000000000e-01, 1.346120102566e-01, 9.427908892166e-04
 1.850000000000e+01, 9.500000000000e-01, 1.000000000000e+00, 1.348981465753e-01, 1.112028574146e-03
 1.850000000000e+01, 9.500000000000e-01, 1.025000000000e+00, 1.383000074587e-01, 1.220155129419e-03
 1.850000000000e+01, 9.500000000000e-01, 1.050000000000e+00, 1.370468061303e-01, 1.214413669285e-03
 1.850000000000e+01, 9.500000000000e-01, 1.075000000000e+00, 1.363875288132e-01, 1.106108835945e-03
 1.850000000000e+01, 9.500000000000e-01, 1.100000000000e+00, 1.355790458203e-01, 9.881449310739e-04
 1.850000000000e+01, 9.500000000000e-01, 1.125000000000e+00, 1.410607269043e-01, 1.418737611524e-03
 1.850000000000e+01, 9.500000000000e-01, 1.150000000000e+00, 1.392131493730e-01, 1.093715446285e-03
 1.850000000000e+01, 9.500000000000e-01, 1.175000000000e+00, 1.385435443706e-01, 1.053987431976e-03
 1.850000000000e+01, 9.750000000000e-01, 9.500000000000e-01, 1.273652356927e-01, 6.679190385991e-04
 1.850000000000e+01, 9.750000000000e-01, 9.750000000000e-01, 1.278472757555e-01, 6.517128428972e-04
 1.850000000000e+01, 9.750000000000e-01, 1.000000000000e+00, 1.276074492059e-01, 7.194745235084e-04
 1.850000000000e+01, 9.750000000000e-01, 1.025000000000e+00, 1.297847155280e-01, 8.911124593857e-04
 1.850000000000e+01, 9.750000000000e-01, 1.050000000000e+00, 1.305096720860e-01, 8.475989674125e-04
 1.850000000000e+01, 9.750000000000e-01, 1.075000000000e+00, 1.302792303061e-01, 8.322929092203e-04
 1.850000000000e+01, 9.750000000000e-01, 1.100000000000e+00, 1.326492626226e-01, 2.071840737955e-03
 1.850000000000e+01, 9.750000000000e-01, 1.125000000000e+00, 1.303794517588e-01, 7.865689083630e-04
 1.850000000000e+01, 9.750000000000e-01, 1.150000000000e+00, 1.323636815433e-01, 9.021822405368e-04
 1.850000000000e+01, 9.750000000000e-01, 1.175000000000e+00, 1.318983379539e-01, 8.373054503714e-04
 1.850000000000e+01, 1.000000000000e+00, 9.500000000000e-01, 1.236213784923e-01, 5.377965393053e-04
 1.850000000000e+01, 1.000000000000e+00, 9.750000000000e-01, 1.230562073801e-01, 6.001708917513e-04
 1.850000000000e+01, 1.000000000000e+00, 1.000000000000e+00, 1.227776926964e-01, 4.576797141514e-04
 1.850000000000e+01, 1.000000000000e+00, 1.025000000000e+00, 1.228627482787e-01, 5.078358496165e-04
 1.850000000000e+01, 1.000000000000e+00, 1.050000000000e+00, 1.236753337850e-01, 5.556464333521e-04
 1.850000000000e+01, 1.000000000000e+00, 1.075000000000e+00, 1.236015428577e-01, 4.954099413450e-04
 1.850000000000e+01, 1.000000000000e+00, 1.100000000000e+00, 1.247320650799e-01, 6.957840715982e-04
 1.850000000000e+01, 1.000000000000e+00, 1.125000000000e+00, 1.240978920876e-01, 4.814272742035e-04
 1.850000000000e+01, 1.000000000000e+00, 1.150000000000e+00, 1.242198749402e-01, 4.888727377982e-04
 1.850000000000e+01, 1.000000000000e+00, 1.175000000000e+00, 1.255934163926e-01, 5.646578165174e-04
 1.850000000000e+01, 1.025000000000e+00, 9.500000000000e-01, 1.201391311819e-01, 4.291162501056e-04
 1.850000000000e+01, 1.025000000000e+00, 9.750000000000e-01, 1.204118716826e-01, 4.501219852164e-04
 1.850000000000e+01, 1.025000000000e+00, 1.000000000000e+00, 1.197117581449e-01, 3.669522338868e-04
 1.850000000000e+01, 1.025000000000e+00, 1.025000000000e+00, 1.200451340463e-01, 3.659984873166e-04
 1.850000000000e+01, 1.025000000000e+00, 1.050000000000e+00, 1.211210083113e-01, 3.861787538029e-04
 1.850000000000e+01, 1.025000000000e+00, 1.075000000000e+00, 1.209151754931e-01, 4.141324454703e-04
 1.850000000000e+01, 1.025000000000e+00, 1.100000000000e+00, 1.215680729412e-01, 4.902043571348e-04
 1.850000000000e+01, 1.025000000000e+00, 1.125000000000e+00, 1.223504025912e-01, 4.037895114747e-04
 1.850000000000e+01, 1.025000000000e+00, 1.150000000000e+00, 1.224421921662e-01, 4.189902523004e-04
 1.850000000000e+01, 1.025000000000e+00, 1.175000000000e+00, 1.221502071870e-01, 3.635543521138e-04
 1.850000000000e+01, 1.050000000000e+00, 9.500000000000e-01, 1.178556416182e-01, 3.256489592091e-04
 1.850000000000e+01, 1.050000000000e+00, 9.750000000000e-01, 1.180454667940e-01, 3.310276630984e-04
 1.850000000000e+01, 1.050000000000e+00, 1.000000000000e+00, 1.175649807163e-01, 2.951537325948e-04
 1.850000000000e+01, 1.050000000000e+00, 1.025000000000e+00, 1.182351792818e-01, 2.335608339663e-04
 1.850000000000e+01, 1.050000000000e+00, 1.050000000000e+00, 1.183565536463e-01, 2.558400658507e-04
 1.850000000000e+01, 1.050000000000e+00, 1.075000000000e+00, 1.182712576334e-01, 2.845057616713e-04
 1.850000000000e+01, 1.050000000000e+00, 1.100000000000e+00, 1.192443348099e-01, 2.861839728322e-04
 1.850000000000e+01, 1.050000000000e+00, 1.125000000000e+00, 1.193101960009e-01, 2.912296629843e-04
 1.850000000000e+01, 1.050000000000e+00, 1.150000000000e+00, 1.196544745480e-01, 3.028970359957e-04
 1.850000000000e+01, 1.050000000000e+00, 1.175000000000e+00, 1.204067885064e-01, 2.641448172785e-04
 1.850000000000e+01, 1.075000000000e+00, 9.500000000000e-01, 1.168900666086e-01, 2.090464340558e-04
 1.850000000000e+01, 1.075000000000e+00, 9.750000000000e-01, 1.168729256665e-01, 2.010633800929e-04
 1.850000000000e+01, 1.075000000000e+00, 1.000000000000e+00, 1.170945517566e-01, 2.099168230692e-04
 1.850000000000e+01, 1.075000000000e+00, 1.025000000000e+00, 1.174361602498e-01, 1.888041836538e-04
 1.850000000000e+01, 1.075000000000e+00, 1.050000000000e+00, 1.174299218703e-01, 2.705827197972e-04
 1.850000000000e+01, 1.075000000000e+00, 1.075000000000e+00, 1.180163909412e-01, 2.160236691914e-04
 1.850000000000e+01, 1.075000000000e+00, 1.100000000000e+00, 1.180172315606e-01, 2.455180388020e-04
 1.850000000000e+01, 1.075000000000e+00, 1.125000000000e+00, 1.186766257301e-01, 1.920656884292e-04
 1.850000000000e+01, 1.075000000000e+00, 1.150000000000e+00, 1.192951355191e-01, 2.523338801413e-04
 1.850000000000e+01, 1.075000000000e+00, 1.175000000000e+00, 1.196600595207e-01, 2.380637178219e-04
 1.850000000000e+01, 1.100000000000e+00, 9.500000000000e-01, 1.167977271839e-01, 1.447110085090e-04
 1.850000000000e+01, 1.100000000000e+00, 9.750000000000e-01, 1.159134593912e-01, 2.580323725221e-04
 1.850000000000e+01, 1.100000000000e+00, 1.000000000000e+00, 1.165634469055e-01, 1.829166590022e-04
 1.850000000000e+01, 1.100000000000e+00, 1.025000000000e+00, 1.165868002492e-01, 2.443817043872e-04
 1.850000000000e+01, 1.100000000000e+00, 1.050000000000e+00, 1.172158672240e-01, 1.854343503136e-04
 1.850000000000e+01, 1.100000000000e+00, 1.075000000000e+00, 1.175094194961e-01, 1.744385902601e-04
 1.850000000000e+01, 1.100000000000e+00, 1.100000000000e+00, 1.180479556720e-01, 1.796226058886e-04
 1.850000000000e+01, 1.100000000000e+00, 1.125000000000e+00, 1.184993419916e-01, 1.672769938173e-04
 1.850000000000e+01, 1.100000000000e+00, 1.150000000000e+00, 1.188529573875e-01, 1.812954538543e-04
 1.850000000000e+01, 1.100000000000e+00, 1.175000000000e+00, 1.194270997927e-01, 2.212617051593e-04
 1.850000000000e+01, 1.125000000000e+00, 9.500000000000e-01, 1.170129496083e-01, 1.363028442854e-04
 1.850000000000e+01, 1.125000000000e+00, 9.750000000000e-01, 1.170123125634e-01, 1.312048614619e-04
 1.850000000000e+01, 1.125000000000e+00, 1.000000000000e+00, 1.167353342734e-01, 1.943171635697e-04
 1.850000000000e+01, 1.125000000000e+00, 1.025000000000e+00, 1.173775914584e-01, 1.737464855232e-04
 1.850000000000e+01, 1.125000000000e+00, 1.050000000000e+00, 1.173541961271e-01, 2.014044412340e-04
 1.850000000000e+01, 1.125000000000e+00, 1.075000000000e+00, 1.184370395657e-01, 1.581782155234e-04
 1.850000000000e+01, 1.125000000000e+00, 1.100000000000e+00, 1.182963408261e-01, 1.670873949362e-04
 1.850000000000e+01, 1.125000000000e+00, 1.125000000000e+00, 1.189685939002e-01, 2.034391604657e-04
 1.850000000000e+01, 1.125000000000e+00, 1.150000000000e+00, 1.190064031696e-01, 2.265133554004e-04
 1.850000000000e+01, 1.125000000000e+00, 1.175000000000e+00, 1.199047442164e-01, 1.752304290460e-04
 1.850000000000e+01, 1.150000000000e+00, 9.500000000000e-01, 1.176496204221e-01, 1.411998280681e-04
 1.850000000000e+01, 1.150000000000e+00, 9.750000000000e-01, 1.173699905955e-01, 1.997092363154e-04
 1.850000000000e+01, 1.150000000000e+00, 1.000000000000e+00, 1.172497429528e-01, 1.797607733211e-04
 1.850000000000e+01, 1.150000000000e+00, 1.025000000000e+00, 1.174483897818e-01, 2.199109569292e-04
 1.850000000000e+01, 1.150000000000e+00, 1.050000000000e+00, 1.181515606320e-01, 2.601387098794e-04
 1.850000000000e+01, 1.150000000000e+00, 1.075000000000e+00, 1.181614673449e-01, 2.159676539998e-04
 1.850000000000e+01, 1.150000000000e+00, 1.100000000000e+00, 1.188833843998e-01, 2.157132012304e-04
 1.850000000000e+01, 1.150000000000e+00, 1.125000000000e+00, 1.195824943324e-01, 1.860505956927e-04
 1.850000000000e+01, 1.150000000000e+00, 1.150000000000e+00, 1.201751645830e-01, 1.753963561158e-04
 1.850000000000e+01, 1.150000000000e+00, 1.175000000000e+00, 1.203316306966e-01, 1.847010420417e-04
 1.850000000000e+01, 1.175000000000e+00, 9.500000000000e-01, 1.187535926944e-01, 1.409953165562e-04
 1.850000000000e+01, 1.175000000000e+00, 9.750000000000e-01, 1.186793804169e-01, 1.700384877140e-04
 1.850000000000e+01, 1.175000000000e+00, 1.000000000000e+00, 1.184841746913e-01, 1.836305434669e-04
 1.850000000000e+01, 1.175000000000e+00, 1.025000000000e+00, 1.186238325743e-01, 2.117367377881e-04
 1.850000000000e+01, 1.175000000000e+00, 1.050000000000e+00, 1.190920047576e-01, 2.111363881419e-04
 1.850000000000e+01, 1.175000000000e+00, 1.075000000000e+00, 1.195100600643e-01, 2.065425660495e-04
 1.850000000000e+01, 1.175000000000e+00, 1.100000000000e+00, 1.192649139557e-01, 2.512472018068e-04
 1.850000000000e+01, 1.175000000000e+00, 1.125000000000e+00, 1.201587349713e-01, 2.136023746613e-04
 1.850000000000e+01, 1.175000000000e+00, 1.150000000000e+00, 1.207342447279e-01, 1.978257913921e-04
 1.850000000000e+01, 1.175000000000e+00, 1.175000000000e+00, 1.216692122685e-01, 1.962534657109e-04
 1.900000000000e+01, 9.500000000000e-01, 9.500000000000e-01, 1.363097732868e-01, 1.064875126815e-03
 1.900000000000e+01, 9.500000000000e-01, 9.750000000000e-01, 1.368756874814e-01, 1.170241829437e-03
 1.900000000000e+01, 9.500000000000e-01, 1.000000000000e+00, 1.375865375999e-01, 1.105859788510e-03
 1.900000000000e+01, 9.500000000000e-01, 1.025000000000e+00, 1.347947138259e-01, 1.001363182517e-03
 1.900000000000e+01, 9.500000000000e-01, 1.050000000000e+00, 1.372737311243e-01, 1.223701983227e-03
 1.900000000000e+01, 9.500000000000e-01, 1.075000000000e+00, 1.342936357578e-01, 1.007469017828e-03
 1.900000000000e+01, 9.500000000000e-01, 1.100000000000e+00, 1.386501833073e-01, 1.255619751025e-03
 1.900000000000e+01, 9.500000000000e-01, 1.125000000000e+00, 1.351330646696e-01, 8.966733951838e-04
 1.900000000000e+01, 9.500000000000e-01, 1.150000000000e+00, 1.420401764084e-01, 1.635592555436e-03
 1.900000000000e+01, 9.500000000000e-01, 1.175000000000e+00, 1.411939139617e-01, 2.394682852645e-03
 1.900000000000e+01, 9.750000000000e-01, 9.500000000000e-01, 1.293428099949e-01, 8.184301961312e-04
 1.900000000000e+01, 9.750000000000e-01, 9.750000000000e-01, 1.290028067256e-01, 8.003426253684e-04
 1.900000000000e+01, 9.750000000000e-01, 1.000000000000e+00, 1.286083079047e-01, 6.870906754177e-04
 1.900000000000e+01, 9.750000000000e-01, 1.025000000000e+00, 1.286930026819e-01, 7.919103958328e-04
 1.900000000000e+01, 9.750000000000e-01, 1.050000000000e+00, 1.287023820242e-01, 7.595780139623e-04
 1.900000000000e+01, 9.750000000000e-01, 1.075000000000e+00, 1.286260363574e-01, 7.349275235664e-04
 1.900000000000e+01, 9.750000000000e-01, 1.100000000000e+00, 1.308213168264e-01, 7.847912356917e-04
 1.900000000000e+01, 9.750000000000e-01, 1.125000000000e+00, 1.289039526654e-01, 7.577280818347e-04
 1.900000000000e+01, 9.750000000000e-01, 1.150000000000e+00, 1.311517067836e-01, 7.543301953558e-04
 1.900000000000e+01, 9.750000000000e-01, 1.175000000000e+00, 1.309483534209e-01, 7.853185695463e-04
 1.900000000000e+01, 1.000000000000e+00, 9.500000000000e-01, 1.237685269222e-01, 5.541753092026e-04
 1.900000000000e+01, 1.000000000000e+00, 9.750000000000e-01, 1.232102421670e-01, 5.100420463120e-04
 1.900000000000e+01, 1.000000000000e+00, 1.000000000000e+00, 1.225391938908e-01, 4.524001883146e-04
 1.900000000000e+01, 1.000000000000e+00, 1.025000000000e+00, 1.239239818978e-01, 5.369726190652e-04
 1.900000000000e+01, 1.000000000000e+00, 1.050000000000e+00, 1.224818827977e-01, 4.668741980946e-04
 1.900000000000e+01, 1.000000000000e+00, 1.075000000000e+00, 1.246208229068e-01, 6.494383043034e-04
 1.900000000000e+01, 1.000000000000e+00, 1.100000000000e+00, 1.250504531385e-01, 6.659895198938e-04
 1.900000000000e+01, 1.000000000000e+00, 1.125000000000e+00, 1.249766306273e-01, 5.863818953206e-04
 1.900000000000e+01, 1.000000000000e+00, 1.150000000000e+00, 1.261915510125e-01, 6.303559226668e-04
 1.900000000000e+01, 1.000000000000e+00, 1.175000000000e+00, 1.266648935024e-01, 6.104164744820e-04
 1.900000000000e+01, 1.025000000000e+00, 9.500000000000e-01, 1.193714338143e-01, 3.679429221451e-04
 1.900000000000e+01, 1.025000000000e+00, 9.750000000000e-01, 1.207103132076e-01, 3.948079382753e-04
 1.900000000000e+01, 1.025000000000e+00, 1.000000000000e+00, 1.205648394811e-01, 3.927036934310e-04
 1.900000000000e+01, 1.025000000000e+00, 1.025000000000e+00, 1.199571426786e-01, 3.846899066065e-04
 1.900000000000e+01, 1.025000000000e+00, 1.050000000000e+00, 1.203676683432e-01, 4.352508537173e-04
 1.900000000000e+01, 1.025000000000e+00, 1.075000000000e+00, 1.202682244200e-01, 3.574361844894e-04
 1.900000000000e+01, 1.025000000000e+00, 1.100000000000e+00, 1.219770763773e-01, 4.543339546687e-04
 1.900000000000e+01, 1.025000000000e+00, 1.125000000000e+00, 1.217207666284e-01, 4.384004076868e-04
 1.900000000000e+01, 1.025000000000e+00, 1.150000000000e+00, 1.226125658116e-01, 5.224900436698e-04
 1.900000000000e+01, 1.025000000000e+00, 1.175000000000e+00, 1.231493101076e-01, 4.343388691915e-04
 1.900000000000e+01, 1.050000000000e+00, 9.500000000000e-01, 1.183425788198e-01, 2.384715617136e-04
 1.900000000000e+01, 1.050000000000e+00, 9.750000000000e-01, 1.182739485758e-01, 2.636714333887e-04
 1.900000000000e+01, 1.050000000000e+00, 1.000000000000e+00, 1.180562423009e-01, 2.624997552098e-04
 1.900000000000e+01, 1.050000000000e+00, 1.025000000000e+00, 1.181638462242e-01, 2.705913106894e-04
 1.900000000000e+01, 1.050000000000e+00, 1.050000000000e+00, 1.185285110820e-01, 3.158541960883e-04
 1.900000000000e+01, 1.050000000000e+00, 1.075000000000e+00, 1.185178413816e-01, 2.499551901795e-04
 1.900000000000e+01, 1.050000000000e+00, 1.100000000000e+00, 1.189657677872e-01, 2.560561139750e-04
 1.900000000000e+01, 1.050000000000e+00, 1.125000000000e+00, 1.199055734853e-01, 2.848079480922e-04
 1.900000000000e+01, 1.050000000000e+00, 1.150000000000e+00, 1.207682209062e-01, 2.840890379053e-04
 1.900000000000e+01, 1.050000000000e+00, 1.175000000000e+00, 1.209288330005e-01, 2.906286976168e-04
 1.900000000000e+01, 1.075000000000e+00, 9.500000000000e-01, 1.172669947491e-01, 1.993695908571e-04
 1.900000000000e+01, 1.075000000000e+00, 9.750000000000e-01, 1.168574509919e-01, 2.401158301493e-04
 1.900000000000e+01, 1.075000000000e+00, 1.000000000000e+00, 1.175203852029e-01, 1.965429584152e-04
 1.900000000000e+01, 1.075000000000e+00, 1.025000000000e+00, 1.173968765006e-01, 1.843431520680e-04
 1.900000000000e+01, 1.075000000000e+00, 1.050000000000e+00, 1.174103735307e-01, 2.290719432541e-04
 1.900000000000e+01, 1.075000000000e+00, 1.075000000000e+00, 1.180043841053e-01, 2.041399681776e-04
 1.900000000000e+01, 1.075000000000e+00, 1.100000000000e+00, 1.187124671986e-01, 2.146513488972e-04
 1.900000000000e+01, 1.075000000000e+00, 1.125000000000e+00, 1.189557396171e-01, 2.491847230355e-04
 1.900000000000e+01, 1.075000000000e+00, 1.150000000000e+00, 1.193638669571e-01, 3.090432121517e-04
 1.900000000000e+01, 1.075000000000e+00, 1.175000000000e+00, 1.198081903013e-01, 1.855360898158e-04
 1.900000000000e+01, 1.100000000000e+00, 9.500000000000e-01, 1.167957339352e-01, 1.556982322619e-04
 1.900000000000e+01, 1.100000000000e+00, 9.750000000000e-01, 1.170842594694e-01, 1.598484533086e-04
 1.900000000000e+01, 1.100000000000e+00, 1.000000000000e+00, 1.167426659432e-01, 1.869574604759e-04
 1.900000000000e+01, 1.100000000000e+00, 1.025000000000e+00, 1.172244623088e-01, 2.188859252588e-04
 1.900000000000e+01, 1.100000000000e+00, 1.050000000000e+00, 1.174788516266e-01, 2.431669181621e-04
 1.900000000000e+01, 1.100000000000e+00, 1.075000000000e+00, 1.179122429016e-01, 1.694435078166e-04
 1.900000000000e+01, 1.100000000000e+00, 1.100000000000e+00, 1.182057246024e-01, 1.766009195252e-04
 1.900000000000e+01, 1.100000000000e+00, 1.125000000000e+00, 1.186968654007e-01, 1.864123715126e-04
 1.900000000000e+01, 1.100000000000e+00, 1.150000000000e+00, 1.193678098180e-01, 1.692900378455e-04
 1.900000000000e+01, 1.100000000000e+00, 1.175000000000e+00, 1.196127103051e-01, 2.050717713361e-04
 1.900000000000e+01, 1.125000000000e+00, 9.500000000000e-01, 1.170698674160e-01, 1.548053404020e-04
 1.900000000000e+01, 1.125000000000e+00, 9.750000000000e-01, 1.169363792236e-01, 1.821405205656e-04
 1.900000000000e+01, 1.125000000000e+00, 1.000000000000e+00, 1.171940672490e-01, 1.553822392459e-04
 1.900000000000e+01, 1.125000000000e+00, 1.025000000000e+00, 1.171103874666e-01, 2.114750943360e-04
 1.900000000000e+01, 1.125000000000e+00, 1.050000000000e+00, 1.176256848123e-01, 1.811937925180e-04
 1.900000000000e+01, 1.125000000000e+00, 1.075000000000e+00, 1.178750797158e-01, 2.178324791150e-04
 1.900000000000e+01, 1.125000000000e+00, 1.100000000000e+00, 1.185934752424e-01, 1.875316577594e-04
 1.900000000000e+01, 1.125000000000e+00, 1.125000000000e+00, 1.191686932337e-01, 1.837253573720e-04
 1.900000000000e+01, 1.125000000000e+00, 1.150000000000e+00, 1.193922270365e-01, 1.729149485698e-04
 1.900000000000e+01, 1.125000000000e+00, 1.175000000000e+00, 1.201291923304e-01, 1.700699956321e-04
 1.900000000000e+01, 1.150000000000e+00, 9.500000000000e-01, 1.180161861366e-01, 1.285238919794e-04
 1.900000000000e+01, 1.150000000000e+00, 9.750000000000e-01, 1.176745157927e-01, 1.712910932035e-04
 1.900000000000e+01, 1.150000000000e+00, 1.000000000000e+00, 1.177167756189e-01, 1.732176141173e-04
 1.900000000000e+01, 1.150000000000e+00, 1.025000000000e+00, 1.180043280039e-01, 1.845060540822e-04
 1.900000000000e+01, 1.150000000000e+00, 1.050000000000e+00, 1.184501627928e-01, 1.757504561656e-04
 1.900000000000e+01, 1.150000000000e+00, 1.075000000000e+00, 1.186924291221e-01, 2.477341839078e-04
 1.900000000000e+01, 1.150000000000e+00, 1.100000000000e+00, 1.193888402482e-01, 2.042005263529e-04
 1.900000000000e+01, 1.150000000000e+00, 1.125000000000e+00, 1.196961029070e-01, 1.911095683402e-04
 1.900000000000e+01, 1.150000000000e+00, 1.150000000000e+00, 1.199510571255e-01, 2.111135720975e-04
 1.900000000000e+01, 1.150000000000e+00, 1.175000000000e+00, 1.205851586230e-01, 1.978070753278e-04
 1.900000000000e+01, 1.175000000000e+00, 9.500000000000e-01, 1.187946373239e-01, 1.855419862480e-04
 1.900000000000e+01, 1.175000000000e+00, 9.750000000000e-01, 1.188271798975e-01, 1.546597158355e-04
 1.900000000000e+01, 1.175000000000e+00, 1.000000000000e+00, 1.187644002003e-01, 1.826261826462e-04
 1.900000000000e+01, 1.175000000000e+00, 1.025000000000e+00, 1.191148415283e-01, 1.865386198036e-04
 1.900000000000e+01, 1.175000000000e+00, 1.050000000000e+00, 1.193398398696e-01, 2.510632548665e-04
 1.900000000000e+01, 1.175000000000e+00, 1.075000000000e+00, 1.198723589291e-01, 2.035997569490e-04
 1.900000000000e+01, 1.175000000000e+00, 1.100000000000e+00, 1.200660848005e-01, 2.070281786078e-04
 1.900000000000e+01, 1.175000000000e+00, 1.125000000000e+00, 1.207552014901e-01, 1.850642920365e-04
 1.900000000000e+01, 1.175000000000e+00, 1.150000000000e+00, 1.212648171279e-01, 1.911691212598e-04
 1.900000000000e+01, 1.175000000000e+00, 1.175000000000e+00, 1.220376453429e-01, 1.895877686706e-04
 1.950000000000e+01, 9.500000000000e-01, 9.500000000000e-01, 1.367261627762e-01, 1.200415244426e-03
 1.950000000000e+01, 9.500000000000e-01, 9.750000000000e-01, 1.368364869561e-01, 1.063334234740e-03
 1.950000000000e+01, 9.500000000000e-01, 1.000000000000e+00, 1.363028861936e-01, 1.307572985066e-03
 1.950000000000e+01, 9.500000000000e-01, 1.025000000000e+00, 1.382566669254e-01, 1.309714547435e-03
 1.950000000000e+01, 9.500000000000e-01, 1.050000000000e+00, 1.360108832969e-01, 1.204117462092e-03
 1.950000000000e+01, 9.500000000000e-01, 1.075000000000e+00, 1.395196760169e-01, 1.441171675296e-03
 1.950000000000e+01, 9.500000000000e-01, 1.100000000000e+00, 1.386022859993e-01, 1.305723076128e-03
 1.950000000000e+01, 9.500000000000e-01, 1.125000000000e+00, 1.372827023718e-01, 1.100976349318e-03
 1.950000000000e+01, 9.500000000000e-01, 1.150000000000e+00, 1.393430519048e-01, 1.354896929693e-03
 1.950000000000e+01, 9.500000000000e-01, 1.175000000000e+00, 1.382628241601e-01, 1.028958581153e-03
 1.950000000000e+01, 9.750000000000e-01, 9.500000000000e-01, 1.282087346157e-01, 7.224124472181e-04
 1.950000000000e+01, 9.750000000000e-01, 9.750000000000e-01, 1.282552826855e-01, 6.625159664399e-04
 1.950000000000e+01, 9.750000000000e-01, 1.000000000000e+00, 1.284734271580e-01, 7.618011332656e-04
 1.950000000000e+01, 9.750000000000e-01, 1.025000000000e+00, 1.283253824725e-01, 6.973181348047e-04
 1.950000000000e+01, 9.750000000000e-01, 1.050000000000e+00, 1.289102274902e-01, 7.677263965245e-04
 1.950000000000e+01, 9.750000000000e-01, 1.075000000000e+00, 1.285462890324e-01, 7.527608068084e-04
 1.950000000000e+01, 9.750000000000e-01, 1.100000000000e+00, 1.305180937213e-01, 9.328975636067e-04
 1.950000000000e+01, 9.750000000000e-01, 1.125000000000e+00, 1.304649104400e-01, 8.647413096461e-04
 1.950000000000e+01, 9.750000000000e-01, 1.150000000000e+00, 1.316303852217e-01, 8.983735324741e-04
 1.950000000000e+01, 9.750000000000e-01, 1.175000000000e+00, 1.331228439874e-01, 9.590054195607e-04
 1.950000000000e+01, 1.000000000000e+00, 9.500000000000e-01, 1.236441532142e-01, 4.748545547755e-04
 1.950000000000e+01, 1.000000000000e+00, 9.750000000000e-01, 1.228160005789e-01, 4.832903458161e-04
 1.950000000000e+01, 1.000000000000e+00, 1.000000000000e+00, 1.229154494595e-01, 4.606305425908e-04
 1.950000000000e+01, 1.000000000000e+00, 1.025000000000e+00, 1.247390738662e-01, 5.802995988376e-04
 1.950000000000e+01, 1.000000000000e+00, 1.050000000000e+00, 1.259127538590e-01, 8.617715781663e-04
 1.950000000000e+01, 1.000000000000e+00, 1.075000000000e+00, 1.244854344228e-01, 6.941143226597e-04
 1.950000000000e+01, 1.000000000000e+00, 1.100000000000e+00, 1.252750389504e-01, 6.098152643165e-04
 1.950000000000e+01, 1.000000000000e+00, 1.125000000000e+00, 1.241860008667e-01, 5.824831175815e-04
 1.950000000000e+01, 1.000000000000e+00, 1.150000000000e+00, 1.255845862708e-01, 5.731026289965e-04
 1.950000000000e+01, 1.000000000000e+00, 1.175000000000e+00, 1.284557776037e-01, 7.776186687081e-04
 1.950000000000e+01, 1.025000000000e+00, 9.500000000000e-01, 1.208319173329e-01, 4.039248126157e-04
 1.950000000000e+01, 1.025000000000e+00, 9.750000000000e-01, 1.198430685671e-01, 3.386707832371e-04
 1.950000000000e+01, 1.025000000000e+00, 1.000000000000e+00, 1.210424296468e-01, 4.127380942945e-04
 1.950000000000e+01, 1.025000000000e+00, 1.025000000000e+00, 1.208473848537e-01, 3.454250298742e-04
 1.950000000000e+01, 1.025000000000e+00, 1.050000000000e+00, 1.207758624126e-01, 3.577822823337e-04
 1.950000000000e+01, 1.025000000000e+00, 1.075000000000e+00, 1.208198356434e-01, 3.656190136097e-04
 1.950000000000e+01, 1.025000000000e+00, 1.100000000000e+00, 1.217793320498e-01, 3.993189117086e-04
 1.950000000000e+01, 1.025000000000e+00, 1.125000000000e+00, 1.220893107185e-01, 4.245944610384e-04
 1.950000000000e+01, 1.025000000000e+00, 1.150000000000e+00, 1.221379269443e-01, 3.600021354622e-04
 1.950000000000e+01, 1.025000000000e+00, 1.175000000000e+00, 1.235378362978e-01, 4.929276753981e-04
 1.950000000000e+01, 1.050000000000e+00, 9.500000000000e-01, 1.188688226892e-01, 2.410755955487e-04
 1.950000000000e+01, 1.050000000000e+00, 9.750000000000e-01, 1.183514135527e-01, 2.699591605273e-04
 1.950000000000e+01, 1.050000000000e+00, 1.000000000000e+00, 1.184980405425e-01, 2.453942592347e-04
 1.950000000000e+01, 1.050000000000e+00, 1.025000000000e+00, 1.189196106571e-01, 2.677338603993e-04
 1.950000000000e+01, 1.050000000000e+00, 1.050000000000e+00, 1.192125777104e-01, 2.297265754919e-04
 1.950000000000e+01, 1.050000000000e+00, 1.075000000000e+00, 1.190921069737e-01, 2.610948997168e-04
 1.950000000000e+01, 1.050000000000e+00, 1.100000000000e+00, 1.193771503290e-01, 2.393809595279e-04
 1.950000000000e+01, 1.050000000000e+00, 1.125000000000e+00, 1.205206730456e-01, 2.707062073039e-04
 1.950000000000e+01, 1.050000000000e+00, 1.150000000000e+00, 1.207630545706e-01, 2.788795564737e-04
 1.950000000000e+01, 1.050000000000e+00, 1.175000000000e+00, 1.211592457957e-01, 2.960931105369e-04
 1.950000000000e+01, 1.075000000000e+00, 9.500000000000e-01, 1.175662405286e-01, 1.635247764255e-04
 1.950000000000e+01, 1.075000000000e+00, 9.750000000000e-01, 1.171143968886e-01, 2.534823022970e-04
 1.950000000000e+01, 1.075000000000e+00, 1.000000000000e+00, 1.176100507133e-01, 1.745730766828e-04
 1.950000000000e+01, 1.075000000000e+00, 1.025000000000e+00, 1.175966185079e-01, 1.924396078730e-04
 1.950000000000e+01, 1.075000000000e+00, 1.050000000000e+00, 1.184473583930e-01, 1.670026292895e-04
 1.950000000000e+01, 1.075000000000e+00, 1.075000000000e+00, 1.185324392425e-01, 1.648544769895e-04
 1.950000000000e+01, 1.075000000000e+00, 1.100000000000e+00, 1.189978498486e-01, 2.054847772430e-04
 1.950000000000e+01, 1.075000000000e+00, 1.125000000000e+00, 1.195174388765e-01, 1.978541553659e-04
 1.950000000000e+01, 1.075000000000e+00, 1.150000000000e+00, 1.199851182821e-01, 2.650389647548e-04
 1.950000000000e+01, 1.075000000000e+00, 1.175000000000e+00, 1.200276999780e-01, 2.243497844513e-04
 1.950000000000e+01, 1.100000000000e+00, 9.500000000000e-01, 1.173521412953e-01, 1.687441960768e-04
 1.950000000000e+01, 1.100000000000e+00, 9.750000000000e-01, 1.174067653867e-01, 1.503364579612e-04
 1.950000000000e+01, 1.100000000000e+00, 1.000000000000e+00, 1.174826718276e-01, 1.635940667931e-04
 1.950000000000e+01, 1.100000000000e+00, 1.025000000000e+00, 1.171030354545e-01, 2.447559460750e-04
 1.950000000000e+01, 1.100000000000e+00, 1.050000000000e+00, 1.175184313621e-01, 1.791707788965e-04
 1.950000000000e+01, 1.100000000000e+00, 1.075000000000e+00, 1.182372080123e-01, 1.648326655763e-04
 1.950000000000e+01, 1.100000000000e+00, 1.100000000000e+00, 1.188757502437e-01, 1.662347337682e-04
 1.950000000000e+01, 1.100000000000e+00, 1.125000000000e+00, 1.193477530420e-01, 1.899513546199e-04
 1.950000000000e+01, 1.100000000000e+00, 1.150000000000e+00, 1.194551515270e-01, 1.868707712338e-04
 1.950000000000e+01, 1.100000000000e+00, 1.175000000000e+00, 1.201692843412e-01, 1.909120316700e-04
 1.950000000000e+01, 1.125000000000e+00, 9.500000000000e-01, 1.179847718926e-01, 1.233749664315e-04
 1.950000000000e+01, 1.125000000000e+00, 9.750000000000e-01, 1.174673016425e-01, 1.597019262962e-04
 1.950000000000e+01, 1.125000000000e+00, 1.000000000000e+00, 1.174104303350e-01, 1.664901024071e-04
 1.950000000000e+01, 1.125000000000e+00, 1.025000000000e+00, 1.176468905675e-01, 2.403397187059e-04
 1.950000000000e+01, 1.125000000000e+00, 1.050000000000e+00, 1.180193591373e-01, 2.121747493104e-04
 1.950000000000e+01, 1.125000000000e+00, 1.075000000000e+00, 1.182641163278e-01, 2.187307390889e-04
 1.950000000000e+01, 1.125000000000e+00, 1.100000000000e+00, 1.191962587646e-01, 1.641798370896e-04
 1.950000000000e+01, 1.125000000000e+00, 1.125000000000e+00, 1.196253020637e-01, 1.604156512188e-04
 1.950000000000e+01, 1.125000000000e+00, 1.150000000000e+00, 1.199160611115e-01, 2.080491590094e-04
 1.950000000000e+01, 1.125000000000e+00, 1.175000000000e+00, 1.201580010740e-01, 1.950378693394e-04
 1.950000000000e+01, 1.150000000000e+00, 9.500000000000e-01, 1.183430559931e-01, 1.853786198682e-04
 1.950000000000e+01, 1.150000000000e+00, 9.750000000000e-01, 1.180568167460e-01, 1.651575820085e-04
 1.950000000000e+01, 1.150000000000e+00, 1.000000000000e+00, 1.182283472706e-01, 1.812270851785e-04
 1.950000000000e+01, 1.150000000000e+00, 1.025000000000e+00, 1.184088166979e-01, 2.129375394948e-04
 1.950000000000e+01, 1.150000000000e+00, 1.050000000000e+00, 1.185996403869e-01, 2.575775940742e-04
 1.950000000000e+01, 1.150000000000e+00, 1.075000000000e+00, 1.192915587742e-01, 1.813762540449e-04
 1.950000000000e+01, 1.150000000000e+00, 1.100000000000e+00, 1.197749649377e-01, 1.890982682572e-04
 1.950000000000e+01, 1.150000000000e+00, 1.125000000000e+00, 1.198193881990e-01, 2.287733204940e-04
 1.950000000000e+01, 1.150000000000e+00, 1.150000000000e+00, 1.203241452504e-01, 1.963298596282e-04
 1.950000000000e+01, 1.150000000000e+00, 1.175000000000e+00, 1.212369628223e-01, 1.810580256329e-04
 1.950000000000e+01, 1.175000000000e+00, 9.500000000000e-01, 1.192878667703e-01, 1.488027413720e-04
 1.950000000000e+01, 1.175000000000e+00, 9.750000000000e-01, 1.190946034975e-01, 1.833797826852e-04
 1.950000000000e+01, 1.175000000000e+00, 1.000000000000e+00, 1.191565733158e-01, 1.892907394717e-04
 1.950000000000e+01, 1.175000000000e+00, 1.025000000000e+00, 1.192738748515e-01, 1.856823463320e-04
 1.950000000000e+01, 1.175000000000e+00, 1.050000000000e+00, 1.197388242959e-01, 1.989772681882e-04
 1.950000000000e+01, 1.175000000000e+00, 1.075000000000e+00, 1.199880558301e-01, 2.452973745719e-04
 1.950000000000e+01, 1.175000000000e+00, 1.100000000000e+00, 1.206426044257e-01, 1.757127936462e-04
 1.950000000000e+01, 1.175000000000e+00, 1.125000000000e+00, 1.209039748938e-01, 2.088626091496e-04
 1.950000000000e+01, 1.175000000000e+00, 1.150000000000e+00, 1.215562139679e-01, 1.910825995600e-04
 1.950000000000e+01, 1.175000000000e+00, 1.175000000000e+00, 1.218566824151e-01, 2.198385206636e-04
