#              p[0],               p[1],               p[2],             energy,               error
 2.000000000000e+00, 8.000000000000e-01, 8.000000000000e-01, 6.093188284478e+00, 3.306293787437e-02
 2.000000000000e+00, 8.000000000000e-01, 8.700000000000e-01, 3.587282967818e+00, 2.156649594208e-02
 2.000000000000e+00, 8.000000000000e-01, 9.400000000000e-01, 2.601614415158e+00, 2.038715810975e-02
 2.000000000000e+00, 8.000000000000e-01, 1.010000000000e+00, 2.247122373643e+00, 1.864593643892e-02
 2.000000000000e+00, 8.000000000000e-01, 1.080000000000e+00, 2.146979809462e+00, 1.950346748333e-02
 2.000000000000e+00, 8.000000000000e-01, 1.150000000000e+00, 2.132681521349e+00, 1.968231262611e-02
 2.000000000000e+00, 8.000000000000e-01, 1.220000000000e+00, 2.145721697170e+00, 2.043770905202e-02
 2.000000000000e+00, 8.000000000000e-01, 1.290000000000e+00, 2.187569678255e+00, 1.983823118840e-02
 2.000000000000e+00, 8.000000000000e-01, 1.360000000000e+00, 2.248134304546e+00, 2.057230530422e-02
 2.000000000000e+00, 8.000000000000e-01, 1.430000000000e+00, 2.294936134649e+00, 2.093927946946e-02
 2.000000000000e+00, 8.700000000000e-01, 8.000000000000e-01, 4.754543841616e+00, 2.691278819247e-02
 2.000000000000e+00, 8.700000000000e-01, 8.700000000000e-01, 2.337704916623e+00, 1.278185575225e-02
 2.000000000000e+00, 8.700000000000e-01, 9.400000000000e-01, 1.403568964470e+00, 8.349226387934e-03
 2.000000000000e+00, 8.700000000000e-01, 1.010000000000e+00, 1.042278505373e+00, 7.789624697955e-03
 2.000000000000e+00, 8.700000000000e-01, 1.080000000000e+00, 9.326482932518e-01, 8.002864131571e-03
 2.000000000000e+00, 8.700000000000e-01, 1.150000000000e+00, 9.111437212997e-01, 7.031928823911e-03
 2.000000000000e+00, 8.700000000000e-01, 1.220000000000e+00, 9.396337539817e-01, 7.668186649685e-03
 2.000000000000e+00, 8.700000000000e-01, 1.290000000000e+00, 9.823681605338e-01, 7.698652982590e-03
 2.000000000000e+00, 8.700000000000e-01, 1.360000000000e+00, 1.007155809411e+00, 7.326559524068e-03
 2.000000000000e+00, 8.700000000000e-01, 1.430000000000e+00, 1.057615581137e+00, 7.447482470427e-03
 2.000000000000e+00, 9.400000000000e-01, 8.000000000000e-01, 4.299560937604e+00, 2.738028911625e-02
 2.000000000000e+00, 9.400000000000e-01, 8.700000000000e-01, 1.882982384427e+00, 1.099876263372e-02
 2.000000000000e+00, 9.400000000000e-01, 9.400000000000e-01, 9.292918683141e-01, 5.050402119389e-03
 2.000000000000e+00, 9.400000000000e-01, 1.010000000000e+00, 5.689984203440e-01, 3.221419125358e-03
 2.000000000000e+00, 9.400000000000e-01, 1.080000000000e+00, 4.539673113976e-01, 3.030517513752e-03
 2.000000000000e+00, 9.400000000000e-01, 1.150000000000e+00, 4.455753926799e-01, 2.826066327816e-03
 2.000000000000e+00, 9.400000000000e-01, 1.220000000000e+00, 4.731817084036e-01, 3.094223704884e-03
 2.000000000000e+00, 9.400000000000e-01, 1.290000000000e+00, 5.107046787385e-01, 2.972349354848e-03
 2.000000000000e+00, 9.400000000000e-01, 1.360000000000e+00, 5.495870914907e-01, 2.997543197743e-03
 2.000000000000e+00, 9.400000000000e-01, 1.430000000000e+00, 5.966699809805e-01, 3.139437246352e-03
 2.000000000000e+00, 1.010000000000e+00, 8.000000000000e-01, 4.111982327232e+00, 2.735984193446e-02
 2.000000000000e+00, 1.010000000000e+00, 8.700000000000e-01, 1.702921469396e+00, 1.081700144572e-02
 2.000000000000e+00, 1.010000000000e+00, 9.400000000000e-01, 7.460934443411e-01, 4.235639704309e-03
 2.000000000000e+00, 1.010000000000e+00, 1.010000000000e+00, 3.886469499222e-01, 1.728000175789e-03
 2.000000000000e+00, 1.010000000000e+00, 1.080000000000e+00, 2.815914973738e-01, 1.077443789833e-03
 2.000000000000e+00, 1.010000000000e+00, 1.150000000000e+00, 2.679511210503e-01, 1.081345000716e-03
 2.000000000000e+00, 1.010000000000e+00, 1.220000000000e+00, 2.939216625111e-01, 1.064774510675e-03
 2.000000000000e+00, 1.010000000000e+00, 1.290000000000e+00, 3.363125351642e-01, 1.127653584108e-03
 2.000000000000e+00, 1.010000000000e+00, 1.360000000000e+00, 3.763335574936e-01, 1.086096112062e-03
 2.000000000000e+00, 1.010000000000e+00, 1.430000000000e+00, 4.152015663276e-01, 1.152641733356e-03
 2.000000000000e+00, 1.080000000000e+00, 8.000000000000e-01, 4.010012282949e+00, 2.815756921873e-02
 2.000000000000e+00, 1.080000000000e+00, 8.700000000000e-01, 1.629860530073e+00, 1.041083809253e-02
 2.000000000000e+00, 1.080000000000e+00, 9.400000000000e-01, 6.869603098051e-01, 4.130794222395e-03
 2.000000000000e+00, 1.080000000000e+00, 1.010000000000e+00, 3.355608354777e-01, 1.471083675155e-03
 2.000000000000e+00, 1.080000000000e+00, 1.080000000000e+00, 2.244754047928e-01, 4.807431113069e-04
 2.000000000000e+00, 1.080000000000e+00, 1.150000000000e+00, 2.133807908970e-01, 2.961028357917e-04
 2.000000000000e+00, 1.080000000000e+00, 1.220000000000e+00, 2.401355990195e-01, 3.876732404329e-04
 2.000000000000e+00, 1.080000000000e+00, 1.290000000000e+00, 2.780598435267e-01, 4.351920380885e-04
 2.000000000000e+00, 1.080000000000e+00, 1.360000000000e+00, 3.200263345864e-01, 4.855846725659e-04
 2.000000000000e+00, 1.080000000000e+00, 1.430000000000e+00, 3.584554796798e-01, 4.825328348081e-04
 2.000000000000e+00, 1.150000000000e+00, 8.000000000000e-01, 3.960556466594e+00, 2.693293229573e-02
 2.000000000000e+00, 1.150000000000e+00, 8.700000000000e-01, 1.607944156857e+00, 1.050305931108e-02
 2.000000000000e+00, 1.150000000000e+00, 9.400000000000e-01, 6.797605086374e-01, 4.182754345836e-03
 2.000000000000e+00, 1.150000000000e+00, 1.010000000000e+00, 3.286454689155e-01, 1.446067658838e-03
 2.000000000000e+00, 1.150000000000e+00, 1.080000000000e+00, 2.186811794259e-01, 3.873048983904e-04
 2.000000000000e+00, 1.150000000000e+00, 1.150000000000e+00, 2.068946080637e-01, 1.529739769110e-04
 2.000000000000e+00, 1.150000000000e+00, 1.220000000000e+00, 2.328731824568e-01, 2.997634723314e-04
 2.000000000000e+00, 1.150000000000e+00, 1.290000000000e+00, 2.713704080870e-01, 3.886436781790e-04
 2.000000000000e+00, 1.150000000000e+00, 1.360000000000e+00, 3.128550564874e-01, 3.978466322602e-04
 2.000000000000e+00, 1.150000000000e+00, 1.430000000000e+00, 3.517245206007e-01, 4.094701503751e-04
 2.000000000000e+00, 1.220000000000e+00, 8.000000000000e-01, 3.949476192849e+00, 2.773758427800e-02
 2.000000000000e+00, 1.220000000000e+00, 8.700000000000e-01, 1.590315511879e+00, 1.040856476243e-02
 2.000000000000e+00, 1.220000000000e+00, 9.400000000000e-01, 6.849893394820e-01, 4.015705197835e-03
 2.000000000000e+00, 1.220000000000e+00, 1.010000000000e+00, 3.396058783727e-01, 1.444152412249e-03
 2.000000000000e+00, 1.220000000000e+00, 1.080000000000e+00, 2.317836551184e-01, 4.163292003845e-04
 2.000000000000e+00, 1.220000000000e+00, 1.150000000000e+00, 2.197429806986e-01, 2.299219163628e-04
 2.000000000000e+00, 1.220000000000e+00, 1.220000000000e+00, 2.454891716852e-01, 3.782697821199e-04
 2.000000000000e+00, 1.220000000000e+00, 1.290000000000e+00, 2.849655472952e-01, 4.021615712644e-04
 2.000000000000e+00, 1.220000000000e+00, 1.360000000000e+00, 3.256751034276e-01, 4.434044339700e-04
 2.000000000000e+00, 1.220000000000e+00, 1.430000000000e+00, 3.632044342213e-01, 4.586776280505e-04
 2.000000000000e+00, 1.290000000000e+00, 8.000000000000e-01, 3.905883967640e+00, 2.665717827537e-02
 2.000000000000e+00, 1.290000000000e+00, 8.700000000000e-01, 1.610329126935e+00, 1.117317050341e-02
 2.000000000000e+00, 1.290000000000e+00, 9.400000000000e-01, 6.967335585756e-01, 4.056524738773e-03
 2.000000000000e+00, 1.290000000000e+00, 1.010000000000e+00, 3.606503588016e-01, 1.487566933582e-03
 2.000000000000e+00, 1.290000000000e+00, 1.080000000000e+00, 2.529706461324e-01, 4.608204249540e-04
 2.000000000000e+00, 1.290000000000e+00, 1.150000000000e+00, 2.399153417870e-01, 2.665784763734e-04
 2.000000000000e+00, 1.290000000000e+00, 1.220000000000e+00, 2.655969467213e-01, 3.962120830902e-04
 2.000000000000e+00, 1.290000000000e+00, 1.290000000000e+00, 3.040452734760e-01, 4.625117990733e-04
 2.000000000000e+00, 1.290000000000e+00, 1.360000000000e+00, 3.445704989737e-01, 4.765204738280e-04
 2.000000000000e+00, 1.290000000000e+00, 1.430000000000e+00, 3.820777130979e-01, 4.880813390429e-04
 2.000000000000e+00, 1.360000000000e+00, 8.000000000000e-01, 3.887655745481e+00, 2.791834825624e-02
 2.000000000000e+00, 1.360000000000e+00, 8.700000000000e-01, 1.599103180187e+00, 1.152264571532e-02
 2.000000000000e+00, 1.360000000000e+00, 9.400000000000e-01, 7.112573391036e-01, 3.979173439693e-03
 2.000000000000e+00, 1.360000000000e+00, 1.010000000000e+00, 3.786442471920e-01, 1.472431436932e-03
 2.000000000000e+00, 1.360000000000e+00, 1.080000000000e+00, 2.725572193837e-01, 4.703218462539e-04
 2.000000000000e+00, 1.360000000000e+00, 1.150000000000e+00, 2.605573810253e-01, 2.875568671786e-04
 2.000000000000e+00, 1.360000000000e+00, 1.220000000000e+00, 2.858825202692e-01, 4.089380348516e-04
 2.000000000000e+00, 1.360000000000e+00, 1.290000000000e+00, 3.241664678793e-01, 4.660878846954e-04
 2.000000000000e+00, 1.360000000000e+00, 1.360000000000e+00, 3.635110377700e-01, 5.016984896185e-04
 2.000000000000e+00, 1.360000000000e+00, 1.430000000000e+00, 4.013316862171e-01, 5.200825675809e-04
 2.000000000000e+00, 1.430000000000e+00, 8.000000000000e-01, 3.765753317629e+00, 2.698576514355e-02
 2.000000000000e+00, 1.430000000000e+00, 8.700000000000e-01, 1.587516194992e+00, 1.011959874859e-02
 2.000000000000e+00, 1.430000000000e+00, 9.400000000000e-01, 7.235442989761e-01, 4.035353881602e-03
 2.000000000000e+00, 1.430000000000e+00, 1.010000000000e+00, 3.972727104933e-01, 1.466922015982e-03
 2.000000000000e+00, 1.430000000000e+00, 1.080000000000e+00, 2.930287383218e-01, 4.575306029206e-04
 2.000000000000e+00, 1.430000000000e+00, 1.150000000000e+00, 2.811114526130e-01, 2.917973847703e-04
 2.000000000000e+00, 1.430000000000e+00, 1.220000000000e+00, 3.052246454648e-01, 4.048430907993e-04
 2.000000000000e+00, 1.430000000000e+00, 1.290000000000e+00, 3.438572686697e-01, 4.738213016813e-04
 2.000000000000e+00, 1.430000000000e+00, 1.360000000000e+00, 3.827312481499e-01, 5.041709430662e-04
 2.000000000000e+00, 1.430000000000e+00, 1.430000000000e+00, 4.194755588559e-01, 5.321093033360e-04
 2.200000000000e+00, 8.000000000000e-01, 8.000000000000e-01, 5.311267045426e+00, 2.990831944404e-02
 2.200000000000e+00, 8.000000000000e-01, 8.700000000000e-01, 3.093040976974e+00, 1.910032261842e-02
 2.200000000000e+00, 8.000000000000e-01, 9.400000000000e-01, 2.315511225341e+00, 1.802379634027e-02
 2.200000000000e+00, 8.000000000000e-01, 1.010000000000e+00, 1.990981782710e+00, 1.832070286660e-02
 2.200000000000e+00, 8.000000000000e-01, 1.080000000000e+00, 1.866633812884e+00, 1.741305139692e-02
 2.200000000000e+00, 8.000000000000e-01, 1.150000000000e+00, 1.866838099054e+00, 1.742868690031e-02
 2.200000000000e+00, 8.000000000000e-01, 1.220000000000e+00, 1.911928215619e+00, 1.938943085268e-02
 2.200000000000e+00, 8.000000000000e-01, 1.290000000000e+00, 1.927429136833e+00, 1.772930026681e-02
 2.200000000000e+00, 8.000000000000e-01, 1.360000000000e+00, 1.986916465013e+00, 1.824957945436e-02
 2.200000000000e+00, 8.000000000000e-01, 1.430000000000e+00, 2.025275168210e+00, 1.915270967897e-02
 2.200000000000e+00, 8.700000000000e-01, 8.000000000000e-01, 4.191382174731e+00, 2.520997652626e-02
 2.200000000000e+00, 8.700000000000e-01, 8.700000000000e-01, 2.053468031267e+00, 1.187254351743e-02
 2.200000000000e+00, 8.700000000000e-01, 9.400000000000e-01, 1.222335377750e+00, 7.521181535860e-03
 2.200000000000e+00, 8.700000000000e-01, 1.010000000000e+00, 9.241977174034e-01, 7.171699826003e-03
 2.200000000000e+00, 8.700000000000e-01, 1.080000000000e+00, 8.212043147312e-01, 6.828274026466e-03
 2.200000000000e+00, 8.700000000000e-01, 1.150000000000e+00, 8.224094548579e-01, 7.244584212530e-03
 2.200000000000e+00, 8.700000000000e-01, 1.220000000000e+00, 8.344569723495e-01, 6.939164093528e-03
 2.200000000000e+00, 8.700000000000e-01, 1.290000000000e+00, 8.533079937592e-01, 6.552790404233e-03
 2.200000000000e+00, 8.700000000000e-01, 1.360000000000e+00, 9.171195072063e-01, 6.842068502743e-03
 2.200000000000e+00, 8.700000000000e-01, 1.430000000000e+00, 9.445740040330e-01, 6.737519032190e-03
 2.200000000000e+00, 9.400000000000e-01, 8.000000000000e-01, 3.798605976871e+00, 2.483604640306e-02
 2.200000000000e+00, 9.400000000000e-01, 8.700000000000e-01, 1.647012192042e+00, 9.880422061653e-03
 2.200000000000e+00, 9.400000000000e-01, 9.400000000000e-01, 8.044628878258e-01, 4.283574105658e-03
 2.200000000000e+00, 9.400000000000e-01, 1.010000000000e+00, 5.028337478325e-01, 2.860846051801e-03
 2.200000000000e+00, 9.400000000000e-01, 1.080000000000e+00, 4.097759057823e-01, 2.561746423778e-03
 2.200000000000e+00, 9.400000000000e-01, 1.150000000000e+00, 4.050150809190e-01, 2.652629663244e-03
 2.200000000000e+00, 9.400000000000e-01, 1.220000000000e+00, 4.282366485760e-01, 2.563545649214e-03
 2.200000000000e+00, 9.400000000000e-01, 1.290000000000e+00, 4.654431359103e-01, 2.664095756723e-03
 2.200000000000e+00, 9.400000000000e-01, 1.360000000000e+00, 5.006427110935e-01, 2.633714121576e-03
 2.200000000000e+00, 9.400000000000e-01, 1.430000000000e+00, 5.348073032099e-01, 2.588785671510e-03
 2.200000000000e+00, 1.010000000000e+00, 8.000000000000e-01, 3.589286296803e+00, 2.424377587534e-02
 2.200000000000e+00, 1.010000000000e+00, 8.700000000000e-01, 1.496945096439e+00, 9.739310056191e-03
 2.200000000000e+00, 1.010000000000e+00, 9.400000000000e-01, 6.609560766710e-01, 3.726277049529e-03
 2.200000000000e+00, 1.010000000000e+00, 1.010000000000e+00, 3.540936008711e-01, 1.644505754553e-03
 2.200000000000e+00, 1.010000000000e+00, 1.080000000000e+00, 2.589322505973e-01, 9.742844626468e-04
 2.200000000000e+00, 1.010000000000e+00, 1.150000000000e+00, 2.518848739542e-01, 9.215978281229e-04
 2.200000000000e+00, 1.010000000000e+00, 1.220000000000e+00, 2.747618012984e-01, 9.582677974845e-04
 2.200000000000e+00, 1.010000000000e+00, 1.290000000000e+00, 3.131539957321e-01, 1.044441931505e-03
 2.200000000000e+00, 1.010000000000e+00, 1.360000000000e+00, 3.503209537370e-01, 1.072732129787e-03
 2.200000000000e+00, 1.010000000000e+00, 1.430000000000e+00, 3.852064062170e-01, 1.134965488220e-03
 2.200000000000e+00, 1.080000000000e+00, 8.000000000000e-01, 3.509192238340e+00, 2.562461167598e-02
 2.200000000000e+00, 1.080000000000e+00, 8.700000000000e-01, 1.418979712044e+00, 9.289644341626e-03
 2.200000000000e+00, 1.080000000000e+00, 9.400000000000e-01, 5.966122387358e-01, 3.592792856059e-03
 2.200000000000e+00, 1.080000000000e+00, 1.010000000000e+00, 3.032982993095e-01, 1.363094045252e-03
 2.200000000000e+00, 1.080000000000e+00, 1.080000000000e+00, 2.113747697850e-01, 4.320307939455e-04
 2.200000000000e+00, 1.080000000000e+00, 1.150000000000e+00, 2.037331944762e-01, 2.557583643118e-04
 2.200000000000e+00, 1.080000000000e+00, 1.220000000000e+00, 2.293225375660e-01, 3.411761774087e-04
 2.200000000000e+00, 1.080000000000e+00, 1.290000000000e+00, 2.645544570745e-01, 3.996119157893e-04
 2.200000000000e+00, 1.080000000000e+00, 1.360000000000e+00, 3.027375219339e-01, 4.406408193506e-04
 2.200000000000e+00, 1.080000000000e+00, 1.430000000000e+00, 3.371708545806e-01, 4.505248789214e-04
 2.200000000000e+00, 1.150000000000e+00, 8.000000000000e-01, 3.455513722640e+00, 2.381897385670e-02
 2.200000000000e+00, 1.150000000000e+00, 8.700000000000e-01, 1.415718452244e+00, 9.468973473535e-03
 2.200000000000e+00, 1.150000000000e+00, 9.400000000000e-01, 6.027599875764e-01, 3.610340802370e-03
 2.200000000000e+00, 1.150000000000e+00, 1.010000000000e+00, 3.021427505386e-01, 1.321078434631e-03
 2.200000000000e+00, 1.150000000000e+00, 1.080000000000e+00, 2.080232899465e-01, 3.586071936859e-04
 2.200000000000e+00, 1.150000000000e+00, 1.150000000000e+00, 1.992768355076e-01, 1.342584357434e-04
 2.200000000000e+00, 1.150000000000e+00, 1.220000000000e+00, 2.244498648610e-01, 2.708865836111e-04
 2.200000000000e+00, 1.150000000000e+00, 1.290000000000e+00, 2.605073040665e-01, 3.278496400020e-04
 2.200000000000e+00, 1.150000000000e+00, 1.360000000000e+00, 2.977624787792e-01, 3.568494760635e-04
 2.200000000000e+00, 1.150000000000e+00, 1.430000000000e+00, 3.325139074684e-01, 3.800028366268e-04
 2.200000000000e+00, 1.220000000000e+00, 8.000000000000e-01, 3.462182677951e+00, 2.534736317093e-02
 2.200000000000e+00, 1.220000000000e+00, 8.700000000000e-01, 1.395154083798e+00, 9.614570890495e-03
 2.200000000000e+00, 1.220000000000e+00, 9.400000000000e-01, 6.224861594482e-01, 3.995219348707e-03
 2.200000000000e+00, 1.220000000000e+00, 1.010000000000e+00, 3.171686009935e-01, 1.381204036784e-03
 2.200000000000e+00, 1.220000000000e+00, 1.080000000000e+00, 2.204872175486e-01, 3.795383458709e-04
 2.200000000000e+00, 1.220000000000e+00, 1.150000000000e+00, 2.123006196732e-01, 2.052470165341e-04
 2.200000000000e+00, 1.220000000000e+00, 1.220000000000e+00, 2.368468617841e-01, 3.340763001322e-04
 2.200000000000e+00, 1.220000000000e+00, 1.290000000000e+00, 2.723646332034e-01, 3.943660896233e-04
 2.200000000000e+00, 1.220000000000e+00, 1.360000000000e+00, 3.093165249319e-01, 4.106477003803e-04
 2.200000000000e+00, 1.220000000000e+00, 1.430000000000e+00, 3.434489832060e-01, 4.234575408554e-04
 2.200000000000e+00, 1.290000000000e+00, 8.000000000000e-01, 3.390899551760e+00, 2.441879059796e-02
 2.200000000000e+00, 1.290000000000e+00, 8.700000000000e-01, 1.426438409023e+00, 9.889839571182e-03
 2.200000000000e+00, 1.290000000000e+00, 9.400000000000e-01, 6.197611786400e-01, 3.603249458864e-03
 2.200000000000e+00, 1.290000000000e+00, 1.010000000000e+00, 3.326568353667e-01, 1.352753510034e-03
 2.200000000000e+00, 1.290000000000e+00, 1.080000000000e+00, 2.387137726861e-01, 4.103364689975e-04
 2.200000000000e+00, 1.290000000000e+00, 1.150000000000e+00, 2.304344000073e-01, 2.470371753873e-04
 2.200000000000e+00, 1.290000000000e+00, 1.220000000000e+00, 2.545785993365e-01, 3.577397494942e-04
 2.200000000000e+00, 1.290000000000e+00, 1.290000000000e+00, 2.892003084882e-01, 4.427706633833e-04
 2.200000000000e+00, 1.290000000000e+00, 1.360000000000e+00, 3.270618538350e-01, 4.421201976474e-04
 2.200000000000e+00, 1.290000000000e+00, 1.430000000000e+00, 3.612435212721e-01, 4.494428692119e-04
 2.200000000000e+00, 1.360000000000e+00, 8.000000000000e-01, 3.409015534425e+00, 2.529158794703e-02
 2.200000000000e+00, 1.360000000000e+00, 8.700000000000e-01, 1.421012158043e+00, 9.202966982408e-03
 2.200000000000e+00, 1.360000000000e+00, 9.400000000000e-01, 6.415585162183e-01, 3.486431645025e-03
 2.200000000000e+00, 1.360000000000e+00, 1.010000000000e+00, 3.504283891300e-01, 1.351512134884e-03
 2.200000000000e+00, 1.360000000000e+00, 1.080000000000e+00, 2.587169561463e-01, 4.295604986366e-04
 2.200000000000e+00, 1.360000000000e+00, 1.150000000000e+00, 2.493392043134e-01, 2.653929866929e-04
 2.200000000000e+00, 1.360000000000e+00, 1.220000000000e+00, 2.730797633296e-01, 3.710505683563e-04
 2.200000000000e+00, 1.360000000000e+00, 1.290000000000e+00, 3.083395411547e-01, 4.276249132197e-04
 2.200000000000e+00, 1.360000000000e+00, 1.360000000000e+00, 3.452663180724e-01, 4.608484624750e-04
 2.200000000000e+00, 1.360000000000e+00, 1.430000000000e+00, 3.785956451792e-01, 4.766646863132e-04
 2.200000000000e+00, 1.430000000000e+00, 8.000000000000e-01, 3.333545640253e+00, 2.485638401724e-02
 2.200000000000e+00, 1.430000000000e+00, 8.700000000000e-01, 1.391396966328e+00, 8.849800823355e-03
 2.200000000000e+00, 1.430000000000e+00, 9.400000000000e-01, 6.634774470082e-01, 3.972847501909e-03
 2.200000000000e+00, 1.430000000000e+00, 1.010000000000e+00, 3.679514459285e-01, 1.353816605118e-03
 2.200000000000e+00, 1.430000000000e+00, 1.080000000000e+00, 2.760406587478e-01, 4.317676594421e-04
 2.200000000000e+00, 1.430000000000e+00, 1.150000000000e+00, 2.675197189255e-01, 2.656356311190e-04
 2.200000000000e+00, 1.430000000000e+00, 1.220000000000e+00, 2.903151499176e-01, 3.727802114108e-04
 2.200000000000e+00, 1.430000000000e+00, 1.290000000000e+00, 3.256399126807e-01, 4.403011937526e-04
 2.200000000000e+00, 1.430000000000e+00, 1.360000000000e+00, 3.620774515738e-01, 4.600875522158e-04
 2.200000000000e+00, 1.430000000000e+00, 1.430000000000e+00, 3.945139282936e-01, 4.931076238757e-04
 2.400000000000e+00, 8.000000000000e-01, 8.000000000000e-01, 4.681091583329e+00, 2.676173120092e-02
 2.400000000000e+00, 8.000000000000e-01, 8.700000000000e-01, 2.734956974667e+00, 1.707475688997e-02
 2.400000000000e+00, 8.000000000000e-01, 9.400000000000e-01, 2.034359530736e+00, 1.670757879501e-02
 2.400000000000e+00, 8.000000000000e-01, 1.010000000000e+00, 1.745845544290e+00, 1.598580511049e-02
 2.400000000000e+00, 8.000000000000e-01, 1.080000000000e+00, 1.680031790645e+00, 1.630945183020e-02
 2.400000000000e+00, 8.000000000000e-01, 1.150000000000e+00, 1.662449471489e+00, 1.750270914791e-02
 2.400000000000e+00, 8.000000000000e-01, 1.220000000000e+00, 1.729111999877e+00, 1.717084589416e-02
 2.400000000000e+00, 8.000000000000e-01, 1.290000000000e+00, 1.696322215188e+00, 1.620207096084e-02
 2.400000000000e+00, 8.000000000000e-01, 1.360000000000e+00, 1.752514958318e+00, 1.669256159853e-02
 2.400000000000e+00, 8.000000000000e-01, 1.430000000000e+00, 1.798048321904e+00, 1.718439645964e-02
 2.400000000000e+00, 8.700000000000e-01, 8.000000000000e-01, 3.718523202002e+00, 2.273248836975e-02
 2.400000000000e+00, 8.700000000000e-01, 8.700000000000e-01, 1.833712732377e+00, 1.081976964099e-02
 2.400000000000e+00, 8.700000000000e-01, 9.400000000000e-01, 1.090291038574e+00, 6.829921162694e-03
 2.400000000000e+00, 8.700000000000e-01, 1.010000000000e+00, 8.136206291325e-01, 6.239372433965e-03
 2.400000000000e+00, 8.700000000000e-01, 1.080000000000e+00, 7.376441601593e-01, 6.300136955827e-03
 2.400000000000e+00, 8.700000000000e-01, 1.150000000000e+00, 7.352583313058e-01, 6.493831321526e-03
 2.400000000000e+00, 8.700000000000e-01, 1.220000000000e+00, 7.550236914880e-01, 6.490578533601e-03
 2.400000000000e+00, 8.700000000000e-01, 1.290000000000e+00, 7.810686174852e-01, 6.428206131941e-03
 2.400000000000e+00, 8.700000000000e-01, 1.360000000000e+00, 8.190281179232e-01, 6.603565212742e-03
 2.400000000000e+00, 8.700000000000e-01, 1.430000000000e+00, 8.567241202509e-01, 6.633498105282e-03
 2.400000000000e+00, 9.400000000000e-01, 8.000000000000e-01, 3.341622660321e+00, 2.295553674659e-02
 2.400000000000e+00, 9.400000000000e-01, 8.700000000000e-01, 1.461572869887e+00, 9.231568922200e-03
 2.400000000000e+00, 9.400000000000e-01, 9.400000000000e-01, 7.239693086252e-01, 4.031120486578e-03
 2.400000000000e+00, 9.400000000000e-01, 1.010000000000e+00, 4.573901263333e-01, 2.678284950890e-03
 2.400000000000e+00, 9.400000000000e-01, 1.080000000000e+00, 3.816502322296e-01, 2.453452716175e-03
 2.400000000000e+00, 9.400000000000e-01, 1.150000000000e+00, 3.713527185198e-01, 2.353372937035e-03
 2.400000000000e+00, 9.400000000000e-01, 1.220000000000e+00, 3.947121715713e-01, 2.510665198530e-03
 2.400000000000e+00, 9.400000000000e-01, 1.290000000000e+00, 4.269165138382e-01, 2.323628265434e-03
 2.400000000000e+00, 9.400000000000e-01, 1.360000000000e+00, 4.685979461973e-01, 2.448478600770e-03
 2.400000000000e+00, 9.400000000000e-01, 1.430000000000e+00, 4.964953994884e-01, 2.643063832224e-03
 2.400000000000e+00, 1.010000000000e+00, 8.000000000000e-01, 3.206580990262e+00, 2.341391812734e-02
 2.400000000000e+00, 1.010000000000e+00, 8.700000000000e-01, 1.342609510635e+00, 9.595285469230e-03
 2.400000000000e+00, 1.010000000000e+00, 9.400000000000e-01, 5.981842733413e-01, 3.590656000074e-03
 2.400000000000e+00, 1.010000000000e+00, 1.010000000000e+00, 3.292056561446e-01, 1.534361982617e-03
 2.400000000000e+00, 1.010000000000e+00, 1.080000000000e+00, 2.442085726904e-01, 9.316181297777e-04
 2.400000000000e+00, 1.010000000000e+00, 1.150000000000e+00, 2.393984384103e-01, 8.669102528919e-04
 2.400000000000e+00, 1.010000000000e+00, 1.220000000000e+00, 2.626940271412e-01, 8.814366030347e-04
 2.400000000000e+00, 1.010000000000e+00, 1.290000000000e+00, 2.968190121225e-01, 8.928401017372e-04
 2.400000000000e+00, 1.010000000000e+00, 1.360000000000e+00, 3.313160424174e-01, 9.685698566222e-04
 2.400000000000e+00, 1.010000000000e+00, 1.430000000000e+00, 3.644353270840e-01, 9.836681023329e-04
 2.400000000000e+00, 1.080000000000e+00, 8.000000000000e-01, 3.159630197489e+00, 2.343633095557e-02
 2.400000000000e+00, 1.080000000000e+00, 8.700000000000e-01, 1.278001845462e+00, 9.099031047402e-03
 2.400000000000e+00, 1.080000000000e+00, 9.400000000000e-01, 5.572438598615e-01, 3.474431310243e-03
 2.400000000000e+00, 1.080000000000e+00, 1.010000000000e+00, 2.840619118638e-01, 1.203062115019e-03
 2.400000000000e+00, 1.080000000000e+00, 1.080000000000e+00, 2.044305332919e-01, 3.896398109483e-04
 2.400000000000e+00, 1.080000000000e+00, 1.150000000000e+00, 1.986643500354e-01, 2.417280562238e-04
 2.400000000000e+00, 1.080000000000e+00, 1.220000000000e+00, 2.220028995208e-01, 3.144467804175e-04
 2.400000000000e+00, 1.080000000000e+00, 1.290000000000e+00, 2.563417823018e-01, 3.773515218121e-04
 2.400000000000e+00, 1.080000000000e+00, 1.360000000000e+00, 2.903399402686e-01, 3.977328014386e-04
 2.400000000000e+00, 1.080000000000e+00, 1.430000000000e+00, 3.220434359817e-01, 4.211195528040e-04
 2.400000000000e+00, 1.150000000000e+00, 8.000000000000e-01, 3.107371139469e+00, 2.319918884263e-02
 2.400000000000e+00, 1.150000000000e+00, 8.700000000000e-01, 1.259862011753e+00, 8.496324427729e-03
 2.400000000000e+00, 1.150000000000e+00, 9.400000000000e-01, 5.506408625289e-01, 3.384860115188e-03
 2.400000000000e+00, 1.150000000000e+00, 1.010000000000e+00, 2.838740676487e-01, 1.243609179696e-03
 2.400000000000e+00, 1.150000000000e+00, 1.080000000000e+00, 2.014951655989e-01, 3.234719008298e-04
 2.400000000000e+00, 1.150000000000e+00, 1.150000000000e+00, 1.955579915746e-01, 1.228459364138e-04
 2.400000000000e+00, 1.150000000000e+00, 1.220000000000e+00, 2.187576913966e-01, 2.617464550079e-04
 2.400000000000e+00, 1.150000000000e+00, 1.290000000000e+00, 2.517695623311e-01, 3.130294472639e-04
 2.400000000000e+00, 1.150000000000e+00, 1.360000000000e+00, 2.862904289456e-01, 3.323818252267e-04
 2.400000000000e+00, 1.150000000000e+00, 1.430000000000e+00, 3.178232576104e-01, 3.465324389250e-04
 2.400000000000e+00, 1.220000000000e+00, 8.000000000000e-01, 3.071759884436e+00, 2.371030787517e-02
 2.400000000000e+00, 1.220000000000e+00, 8.700000000000e-01, 1.251531070267e+00, 8.663571471906e-03
 2.400000000000e+00, 1.220000000000e+00, 9.400000000000e-01, 5.492223605126e-01, 3.435858768733e-03
 2.400000000000e+00, 1.220000000000e+00, 1.010000000000e+00, 2.935132835319e-01, 1.213176443380e-03
 2.400000000000e+00, 1.220000000000e+00, 1.080000000000e+00, 2.134933058475e-01, 3.522124570126e-04
 2.400000000000e+00, 1.220000000000e+00, 1.150000000000e+00, 2.072166475658e-01, 1.905151146902e-04
 2.400000000000e+00, 1.220000000000e+00, 1.220000000000e+00, 2.308515110618e-01, 3.160838765263e-04
 2.400000000000e+00, 1.220000000000e+00, 1.290000000000e+00, 2.637947846322e-01, 3.604442314248e-04
 2.400000000000e+00, 1.220000000000e+00, 1.360000000000e+00, 2.977248078317e-01, 3.772738691924e-04
 2.400000000000e+00, 1.220000000000e+00, 1.430000000000e+00, 3.295407798092e-01, 3.911252196368e-04
 2.400000000000e+00, 1.290000000000e+00, 8.000000000000e-01, 3.092028116486e+00, 2.361867685482e-02
 2.400000000000e+00, 1.290000000000e+00, 8.700000000000e-01, 1.279605305355e+00, 9.036800502456e-03
 2.400000000000e+00, 1.290000000000e+00, 9.400000000000e-01, 5.664884999460e-01, 3.335088907063e-03
 2.400000000000e+00, 1.290000000000e+00, 1.010000000000e+00, 3.094176397276e-01, 1.216269803604e-03
 2.400000000000e+00, 1.290000000000e+00, 1.080000000000e+00, 2.298895904859e-01, 3.701535731973e-04
 2.400000000000e+00, 1.290000000000e+00, 1.150000000000e+00, 2.239713124055e-01, 2.333574686400e-04
 2.400000000000e+00, 1.290000000000e+00, 1.220000000000e+00, 2.480561360938e-01, 3.275337442152e-04
 2.400000000000e+00, 1.290000000000e+00, 1.290000000000e+00, 2.788418220951e-01, 3.954899206349e-04
 2.400000000000e+00, 1.290000000000e+00, 1.360000000000e+00, 3.135388322883e-01, 4.115382363354e-04
 2.400000000000e+00, 1.290000000000e+00, 1.430000000000e+00, 3.448444171904e-01, 4.238453582067e-04
 2.400000000000e+00, 1.360000000000e+00, 8.000000000000e-01, 3.063409020571e+00, 2.336869860274e-02
 2.400000000000e+00, 1.360000000000e+00, 8.700000000000e-01, 1.261828342204e+00, 8.642982979682e-03
 2.400000000000e+00, 1.360000000000e+00, 9.400000000000e-01, 5.849168242112e-01, 3.186347770121e-03
 2.400000000000e+00, 1.360000000000e+00, 1.010000000000e+00, 3.266759921819e-01, 1.225017562557e-03
 2.400000000000e+00, 1.360000000000e+00, 1.080000000000e+00, 2.479807488103e-01, 3.821570578840e-04
 2.400000000000e+00, 1.360000000000e+00, 1.150000000000e+00, 2.416391369618e-01, 2.412214598266e-04
 2.400000000000e+00, 1.360000000000e+00, 1.220000000000e+00, 2.649436292215e-01, 3.349684981486e-04
 2.400000000000e+00, 1.360000000000e+00, 1.290000000000e+00, 2.958912738525e-01, 4.108286411268e-04
 2.400000000000e+00, 1.360000000000e+00, 1.360000000000e+00, 3.302105427085e-01, 4.497062849382e-04
 2.400000000000e+00, 1.360000000000e+00, 1.430000000000e+00, 3.612505294616e-01, 4.434710181281e-04
 2.400000000000e+00, 1.430000000000e+00, 8.000000000000e-01, 3.021435950574e+00, 2.318273469042e-02
 2.400000000000e+00, 1.430000000000e+00, 8.700000000000e-01, 1.277967289371e+00, 9.074526131799e-03
 2.400000000000e+00, 1.430000000000e+00, 9.400000000000e-01, 5.958987926893e-01, 3.363447027742e-03
 2.400000000000e+00, 1.430000000000e+00, 1.010000000000e+00, 3.439855548208e-01, 1.261372347441e-03
 2.400000000000e+00, 1.430000000000e+00, 1.080000000000e+00, 2.648860603458e-01, 3.848609034157e-04
 2.400000000000e+00, 1.430000000000e+00, 1.150000000000e+00, 2.582394537020e-01, 2.520764789977e-04
 2.400000000000e+00, 1.430000000000e+00, 1.220000000000e+00, 2.804973512599e-01, 3.496888138401e-04
 2.400000000000e+00, 1.430000000000e+00, 1.290000000000e+00, 3.120648813532e-01, 4.195929512621e-04
 2.400000000000e+00, 1.430000000000e+00, 1.360000000000e+00, 3.459439009305e-01, 4.327563087839e-04
 2.400000000000e+00, 1.430000000000e+00, 1.430000000000e+00, 3.775748818972e-01, 4.411819725354e-04
 2.600000000000e+00, 8.000000000000e-01, 8.000000000000e-01, 4.119747662756e+00, 2.514691385419e-02
 2.600000000000e+00, 8.000000000000e-01, 8.700000000000e-01, 2.473175421032e+00, 1.599901854006e-02
 2.600000000000e+00, 8.000000000000e-01, 9.400000000000e-01, 1.840157591190e+00, 1.565462654956e-02
 2.600000000000e+00, 8.000000000000e-01, 1.010000000000e+00, 1.589237493092e+00, 1.562894472726e-02
 2.600000000000e+00, 8.000000000000e-01, 1.080000000000e+00, 1.493559545564e+00, 1.529933901133e-02
 2.600000000000e+00, 8.000000000000e-01, 1.150000000000e+00, 1.516226399585e+00, 1.608389087859e-02
 2.600000000000e+00, 8.000000000000e-01, 1.220000000000e+00, 1.518157296722e+00, 1.493089607557e-02
 2.600000000000e+00, 8.000000000000e-01, 1.290000000000e+00, 1.545800261076e+00, 1.460615516924e-02
 2.600000000000e+00, 8.000000000000e-01, 1.360000000000e+00, 1.572431920354e+00, 1.588798738083e-02
 2.600000000000e+00, 8.000000000000e-01, 1.430000000000e+00, 1.613055781582e+00, 1.595062342780e-02
 2.600000000000e+00, 8.700000000000e-01, 8.000000000000e-01, 3.366816868451e+00, 2.238251402430e-02
 2.600000000000e+00, 8.700000000000e-01, 8.700000000000e-01, 1.634329376758e+00, 9.639018731392e-03
 2.600000000000e+00, 8.700000000000e-01, 9.400000000000e-01, 9.896052798873e-01, 6.513406488469e-03
 2.600000000000e+00, 8.700000000000e-01, 1.010000000000e+00, 7.429603467742e-01, 5.783389291808e-03
 2.600000000000e+00, 8.700000000000e-01, 1.080000000000e+00, 6.799700982134e-01, 5.849878748978e-03
 2.600000000000e+00, 8.700000000000e-01, 1.150000000000e+00, 6.724977280964e-01, 5.870073773990e-03
 2.600000000000e+00, 8.700000000000e-01, 1.220000000000e+00, 6.832852528174e-01, 5.776381584121e-03
 2.600000000000e+00, 8.700000000000e-01, 1.290000000000e+00, 7.279383408209e-01, 5.885089435909e-03
 2.600000000000e+00, 8.700000000000e-01, 1.360000000000e+00, 7.535358575233e-01, 5.955760836779e-03
 2.600000000000e+00, 8.700000000000e-01, 1.430000000000e+00, 7.869929291051e-01, 6.160213913115e-03
 2.600000000000e+00, 9.400000000000e-01, 8.000000000000e-01, 2.996289054673e+00, 2.137411321630e-02
 2.600000000000e+00, 9.400000000000e-01, 8.700000000000e-01, 1.310170105130e+00, 8.156049405150e-03
 2.600000000000e+00, 9.400000000000e-01, 9.400000000000e-01, 6.699272296330e-01, 4.019673833869e-03
 2.600000000000e+00, 9.400000000000e-01, 1.010000000000e+00, 4.241777414695e-01, 2.572745180302e-03
 2.600000000000e+00, 9.400000000000e-01, 1.080000000000e+00, 3.512690079300e-01, 2.236775497221e-03
 2.600000000000e+00, 9.400000000000e-01, 1.150000000000e+00, 3.490323737995e-01, 2.255742589132e-03
 2.600000000000e+00, 9.400000000000e-01, 1.220000000000e+00, 3.723817643455e-01, 2.303492256548e-03
 2.600000000000e+00, 9.400000000000e-01, 1.290000000000e+00, 4.044961705128e-01, 2.358099661084e-03
 2.600000000000e+00, 9.400000000000e-01, 1.360000000000e+00, 4.335906812241e-01, 2.150296369087e-03
 2.600000000000e+00, 9.400000000000e-01, 1.430000000000e+00, 4.632170541899e-01, 2.244434931052e-03
 2.600000000000e+00, 1.010000000000e+00, 8.000000000000e-01, 2.845843354650e+00, 2.065332258987e-02
 2.600000000000e+00, 1.010000000000e+00, 8.700000000000e-01, 1.180354556749e+00, 8.241095268312e-03
 2.600000000000e+00, 1.010000000000e+00, 9.400000000000e-01, 5.427991635862e-01, 3.128189277551e-03
 2.600000000000e+00, 1.010000000000e+00, 1.010000000000e+00, 3.067132027965e-01, 1.405381551037e-03
 2.600000000000e+00, 1.010000000000e+00, 1.080000000000e+00, 2.358633864356e-01, 8.673439837218e-04
 2.600000000000e+00, 1.010000000000e+00, 1.150000000000e+00, 2.302311772658e-01, 7.814085591393e-04
 2.600000000000e+00, 1.010000000000e+00, 1.220000000000e+00, 2.510482365673e-01, 7.714624561168e-04
 2.600000000000e+00, 1.010000000000e+00, 1.290000000000e+00, 2.861510634259e-01, 8.589806000708e-04
 2.600000000000e+00, 1.010000000000e+00, 1.360000000000e+00, 3.176407008381e-01, 8.626686367659e-04
 2.600000000000e+00, 1.010000000000e+00, 1.430000000000e+00, 3.467433119538e-01, 8.573550921343e-04
 2.600000000000e+00, 1.080000000000e+00, 8.000000000000e-01, 2.795294001885e+00, 1.985443448400e-02
 2.600000000000e+00, 1.080000000000e+00, 8.700000000000e-01, 1.140478621687e+00, 7.979840589054e-03
 2.600000000000e+00, 1.080000000000e+00, 9.400000000000e-01, 5.109057405745e-01, 3.345482550654e-03
 2.600000000000e+00, 1.080000000000e+00, 1.010000000000e+00, 2.706885499559e-01, 1.136051056420e-03
 2.600000000000e+00, 1.080000000000e+00, 1.080000000000e+00, 1.991627561342e-01, 3.573276035473e-04
 2.600000000000e+00, 1.080000000000e+00, 1.150000000000e+00, 1.962199207030e-01, 2.214150759080e-04
 2.600000000000e+00, 1.080000000000e+00, 1.220000000000e+00, 2.180074852563e-01, 2.958246926010e-04
 2.600000000000e+00, 1.080000000000e+00, 1.290000000000e+00, 2.486811235338e-01, 3.526080942683e-04
 2.600000000000e+00, 1.080000000000e+00, 1.360000000000e+00, 2.816884685434e-01, 3.638051465266e-04
 2.600000000000e+00, 1.080000000000e+00, 1.430000000000e+00, 3.108673510314e-01, 3.799605991001e-04
 2.600000000000e+00, 1.150000000000e+00, 8.000000000000e-01, 2.786461730781e+00, 2.056042969697e-02
 2.600000000000e+00, 1.150000000000e+00, 8.700000000000e-01, 1.148568301819e+00, 8.192841413724e-03
 2.600000000000e+00, 1.150000000000e+00, 9.400000000000e-01, 5.039921164722e-01, 3.184787677358e-03
 2.600000000000e+00, 1.150000000000e+00, 1.010000000000e+00, 2.692672180562e-01, 1.139654678097e-03
 2.600000000000e+00, 1.150000000000e+00, 1.080000000000e+00, 1.982187254038e-01, 2.981899635142e-04
 2.600000000000e+00, 1.150000000000e+00, 1.150000000000e+00, 1.940025043780e-01, 1.192119616626e-04
 2.600000000000e+00, 1.150000000000e+00, 1.220000000000e+00, 2.163557176654e-01, 2.306047266962e-04
 2.600000000000e+00, 1.150000000000e+00, 1.290000000000e+00, 2.470454983141e-01, 2.930419687801e-04
 2.600000000000e+00, 1.150000000000e+00, 1.360000000000e+00, 2.783184971012e-01, 3.110555347111e-04
 2.600000000000e+00, 1.150000000000e+00, 1.430000000000e+00, 3.077891792126e-01, 3.158977858688e-04
 2.600000000000e+00, 1.220000000000e+00, 8.000000000000e-01, 2.750331493033e+00, 2.188002702571e-02
 2.600000000000e+00, 1.220000000000e+00, 8.700000000000e-01, 1.144557644638e+00, 8.063766700316e-03
 2.600000000000e+00, 1.220000000000e+00, 9.400000000000e-01, 5.109303574174e-01, 3.096309915268e-03
 2.600000000000e+00, 1.220000000000e+00, 1.010000000000e+00, 2.805758428600e-01, 1.155985971396e-03
 2.600000000000e+00, 1.220000000000e+00, 1.080000000000e+00, 2.095146754535e-01, 3.312743523093e-04
 2.600000000000e+00, 1.220000000000e+00, 1.150000000000e+00, 2.050046668764e-01, 1.861055836225e-04
 2.600000000000e+00, 1.220000000000e+00, 1.220000000000e+00, 2.273097736867e-01, 2.859058274897e-04
 2.600000000000e+00, 1.220000000000e+00, 1.290000000000e+00, 2.577027582458e-01, 3.292355689993e-04
 2.600000000000e+00, 1.220000000000e+00, 1.360000000000e+00, 2.888225227386e-01, 3.562419424905e-04
 2.600000000000e+00, 1.220000000000e+00, 1.430000000000e+00, 3.186951542044e-01, 3.572629933221e-04
 2.600000000000e+00, 1.290000000000e+00, 8.000000000000e-01, 2.743588100812e+00, 2.198432946339e-02
 2.600000000000e+00, 1.290000000000e+00, 8.700000000000e-01, 1.153278418870e+00, 8.065817732124e-03
 2.600000000000e+00, 1.290000000000e+00, 9.400000000000e-01, 5.268407879861e-01, 3.256021389907e-03
 2.600000000000e+00, 1.290000000000e+00, 1.010000000000e+00, 2.955858439853e-01, 1.174149103762e-03
 2.600000000000e+00, 1.290000000000e+00, 1.080000000000e+00, 2.250209671003e-01, 3.515447713607e-04
 2.600000000000e+00, 1.290000000000e+00, 1.150000000000e+00, 2.209622359657e-01, 2.094792685528e-04
 2.600000000000e+00, 1.290000000000e+00, 1.220000000000e+00, 2.426961945385e-01, 3.126587918632e-04
 2.600000000000e+00, 1.290000000000e+00, 1.290000000000e+00, 2.729981051677e-01, 3.629080775459e-04
 2.600000000000e+00, 1.290000000000e+00, 1.360000000000e+00, 3.038107503278e-01, 3.895336119211e-04
 2.600000000000e+00, 1.290000000000e+00, 1.430000000000e+00, 3.334788280453e-01, 3.924760495513e-04
 2.600000000000e+00, 1.360000000000e+00, 8.000000000000e-01, 2.718059337667e+00, 2.187591566595e-02
 2.600000000000e+00, 1.360000000000e+00, 8.700000000000e-01, 1.166024326430e+00, 8.654889491564e-03
 2.600000000000e+00, 1.360000000000e+00, 9.400000000000e-01, 5.429356990903e-01, 3.164882126759e-03
 2.600000000000e+00, 1.360000000000e+00, 1.010000000000e+00, 3.102669901832e-01, 1.153253915531e-03
 2.600000000000e+00, 1.360000000000e+00, 1.080000000000e+00, 2.404349142013e-01, 3.836851346469e-04
 2.600000000000e+00, 1.360000000000e+00, 1.150000000000e+00, 2.367993368632e-01, 2.193524881491e-04
 2.600000000000e+00, 1.360000000000e+00, 1.220000000000e+00, 2.587111176983e-01, 3.170274472068e-04
 2.600000000000e+00, 1.360000000000e+00, 1.290000000000e+00, 2.880258309365e-01, 3.872439738719e-04
 2.600000000000e+00, 1.360000000000e+00, 1.360000000000e+00, 3.194239336809e-01, 4.066747266725e-04
 2.600000000000e+00, 1.360000000000e+00, 1.430000000000e+00, 3.488708510606e-01, 3.911936167671e-04
 2.600000000000e+00, 1.430000000000e+00, 8.000000000000e-01, 2.709953058512e+00, 2.101693122530e-02
 2.600000000000e+00, 1.430000000000e+00, 8.700000000000e-01, 1.157015353060e+00, 8.156778064517e-03
 2.600000000000e+00, 1.430000000000e+00, 9.400000000000e-01, 5.541084955311e-01, 3.248091240462e-03
 2.600000000000e+00, 1.430000000000e+00, 1.010000000000e+00, 3.261952117862e-01, 1.171642484740e-03
 2.600000000000e+00, 1.430000000000e+00, 1.080000000000e+00, 2.565967435876e-01, 3.747417151709e-04
 2.600000000000e+00, 1.430000000000e+00, 1.150000000000e+00, 2.522073171149e-01, 2.255814915136e-04
 2.600000000000e+00, 1.430000000000e+00, 1.220000000000e+00, 2.733812946345e-01, 3.240978517613e-04
 2.600000000000e+00, 1.430000000000e+00, 1.290000000000e+00, 3.032978524591e-01, 3.698427936263e-04
 2.600000000000e+00, 1.430000000000e+00, 1.360000000000e+00, 3.337108912844e-01, 4.038296441561e-04
 2.600000000000e+00, 1.430000000000e+00, 1.430000000000e+00, 3.632170018138e-01, 4.065106805183e-04
 2.800000000000e+00, 8.000000000000e-01, 8.000000000000e-01, 3.769847969668e+00, 2.407291467265e-02
 2.800000000000e+00, 8.000000000000e-01, 8.700000000000e-01, 2.255227301824e+00, 1.596008384156e-02
 2.800000000000e+00, 8.000000000000e-01, 9.400000000000e-01, 1.631472075762e+00, 1.370286335493e-02
 2.800000000000e+00, 8.000000000000e-01, 1.010000000000e+00, 1.422263842049e+00, 1.335977003349e-02
 2.800000000000e+00, 8.000000000000e-01, 1.080000000000e+00, 1.382309075105e+00, 1.436551391576e-02
 2.800000000000e+00, 8.000000000000e-01, 1.150000000000e+00, 1.376557295565e+00, 1.464625666247e-02
 2.800000000000e+00, 8.000000000000e-01, 1.220000000000e+00, 1.414394455929e+00, 1.619812889534e-02
 2.800000000000e+00, 8.000000000000e-01, 1.290000000000e+00, 1.399357680276e+00, 1.525407516422e-02
 2.800000000000e+00, 8.000000000000e-01, 1.360000000000e+00, 1.458214672224e+00, 1.562899198736e-02
 2.800000000000e+00, 8.000000000000e-01, 1.430000000000e+00, 1.452779289957e+00, 1.379561559459e-02
 2.800000000000e+00, 8.700000000000e-01, 8.000000000000e-01, 3.000154125470e+00, 2.010255081874e-02
 2.800000000000e+00, 8.700000000000e-01, 8.700000000000e-01, 1.483859732429e+00, 9.424409504284e-03
 2.800000000000e+00, 8.700000000000e-01, 9.400000000000e-01, 8.936208799238e-01, 6.078364414557e-03
 2.800000000000e+00, 8.700000000000e-01, 1.010000000000e+00, 6.825729624642e-01, 5.381871109549e-03
 2.800000000000e+00, 8.700000000000e-01, 1.080000000000e+00, 6.327107617296e-01, 5.432074318858e-03
 2.800000000000e+00, 8.700000000000e-01, 1.150000000000e+00, 6.150027027651e-01, 5.115965231876e-03
 2.800000000000e+00, 8.700000000000e-01, 1.220000000000e+00, 6.519293079810e-01, 5.827116318314e-03
 2.800000000000e+00, 8.700000000000e-01, 1.290000000000e+00, 6.681456472555e-01, 5.581553033741e-03
 2.800000000000e+00, 8.700000000000e-01, 1.360000000000e+00, 7.070182554836e-01, 6.016080471633e-03
 2.800000000000e+00, 8.700000000000e-01, 1.430000000000e+00, 7.175823129917e-01, 5.230622781559e-03
 2.800000000000e+00, 9.400000000000e-01, 8.000000000000e-01, 2.671562679479e+00, 1.900912561308e-02
 2.800000000000e+00, 9.400000000000e-01, 8.700000000000e-01, 1.192850678421e+00, 7.753493646272e-03
 2.800000000000e+00, 9.400000000000e-01, 9.400000000000e-01, 6.139064393217e-01, 3.561177600975e-03
 2.800000000000e+00, 9.400000000000e-01, 1.010000000000e+00, 3.947413325568e-01, 2.180143291008e-03
 2.800000000000e+00, 9.400000000000e-01, 1.080000000000e+00, 3.359136085648e-01, 2.010653030297e-03
 2.800000000000e+00, 9.400000000000e-01, 1.150000000000e+00, 3.320275002524e-01, 2.020205662184e-03
 2.800000000000e+00, 9.400000000000e-01, 1.220000000000e+00, 3.568698036468e-01, 2.247542140777e-03
 2.800000000000e+00, 9.400000000000e-01, 1.290000000000e+00, 3.829151444427e-01, 2.206917530572e-03
 2.800000000000e+00, 9.400000000000e-01, 1.360000000000e+00, 4.150674611119e-01, 2.251237307220e-03
 2.800000000000e+00, 9.400000000000e-01, 1.430000000000e+00, 4.402704482566e-01, 2.195596666043e-03
 2.800000000000e+00, 1.010000000000e+00, 8.000000000000e-01, 2.607981264413e+00, 1.970479989319e-02
 2.800000000000e+00, 1.010000000000e+00, 8.700000000000e-01, 1.072699457642e+00, 7.331535627050e-03
 2.800000000000e+00, 1.010000000000e+00, 9.400000000000e-01, 5.041650563232e-01, 2.990872083965e-03
 2.800000000000e+00, 1.010000000000e+00, 1.010000000000e+00, 2.924255533238e-01, 1.311085121220e-03
 2.800000000000e+00, 1.010000000000e+00, 1.080000000000e+00, 2.298063187671e-01, 7.923644351804e-04
 2.800000000000e+00, 1.010000000000e+00, 1.150000000000e+00, 2.258907364693e-01, 7.496417556698e-04
 2.800000000000e+00, 1.010000000000e+00, 1.220000000000e+00, 2.482350480303e-01, 7.975764770657e-04
 2.800000000000e+00, 1.010000000000e+00, 1.290000000000e+00, 2.783291039030e-01, 8.008335423644e-04
 2.800000000000e+00, 1.010000000000e+00, 1.360000000000e+00, 3.066253637019e-01, 8.170235115318e-04
 2.800000000000e+00, 1.010000000000e+00, 1.430000000000e+00, 3.349873037452e-01, 8.427287541392e-04
 2.800000000000e+00, 1.080000000000e+00, 8.000000000000e-01, 2.558348407731e+00, 1.964419100028e-02
 2.800000000000e+00, 1.080000000000e+00, 8.700000000000e-01, 1.045506288843e+00, 7.391939187082e-03
 2.800000000000e+00, 1.080000000000e+00, 9.400000000000e-01, 4.717632158038e-01, 2.857659821697e-03
 2.800000000000e+00, 1.080000000000e+00, 1.010000000000e+00, 2.594098441685e-01, 1.096511421509e-03
 2.800000000000e+00, 1.080000000000e+00, 1.080000000000e+00, 1.972863361284e-01, 3.280340433841e-04
 2.800000000000e+00, 1.080000000000e+00, 1.150000000000e+00, 1.953603831660e-01, 2.029059801728e-04
 2.800000000000e+00, 1.080000000000e+00, 1.220000000000e+00, 2.169618921201e-01, 2.702128906927e-04
 2.800000000000e+00, 1.080000000000e+00, 1.290000000000e+00, 2.453513060259e-01, 3.204736930533e-04
 2.800000000000e+00, 1.080000000000e+00, 1.360000000000e+00, 2.751058218269e-01, 3.375099964364e-04
 2.800000000000e+00, 1.080000000000e+00, 1.430000000000e+00, 3.028412627432e-01, 3.630518104904e-04
 2.800000000000e+00, 1.150000000000e+00, 8.000000000000e-01, 2.524715545981e+00, 1.964515082442e-02
 2.800000000000e+00, 1.150000000000e+00, 8.700000000000e-01, 1.036194543741e+00, 7.360404604784e-03
 2.800000000000e+00, 1.150000000000e+00, 9.400000000000e-01, 4.716710510928e-01, 2.920668060487e-03
 2.800000000000e+00, 1.150000000000e+00, 1.010000000000e+00, 2.605824791474e-01, 1.084906994674e-03
 2.800000000000e+00, 1.150000000000e+00, 1.080000000000e+00, 1.962617199697e-01, 2.666845740981e-04
 2.800000000000e+00, 1.150000000000e+00, 1.150000000000e+00, 1.942444343754e-01, 1.115310309453e-04
 2.800000000000e+00, 1.150000000000e+00, 1.220000000000e+00, 2.150089057264e-01, 2.245054113870e-04
 2.800000000000e+00, 1.150000000000e+00, 1.290000000000e+00, 2.438900022935e-01, 2.671172275364e-04
 2.800000000000e+00, 1.150000000000e+00, 1.360000000000e+00, 2.725168803498e-01, 2.961944343126e-04
 2.800000000000e+00, 1.150000000000e+00, 1.430000000000e+00, 3.007847740670e-01, 2.981852537874e-04
 2.800000000000e+00, 1.220000000000e+00, 8.000000000000e-01, 2.510613181647e+00, 2.012996179711e-02
 2.800000000000e+00, 1.220000000000e+00, 8.700000000000e-01, 1.043839267909e+00, 7.461727962919e-03
 2.800000000000e+00, 1.220000000000e+00, 9.400000000000e-01, 4.776242850276e-01, 2.853141988238e-03
 2.800000000000e+00, 1.220000000000e+00, 1.010000000000e+00, 2.679745929845e-01, 1.050965295645e-03
 2.800000000000e+00, 1.220000000000e+00, 1.080000000000e+00, 2.079997793878e-01, 3.152097502912e-04
 2.800000000000e+00, 1.220000000000e+00, 1.150000000000e+00, 2.047880094816e-01, 1.697148009557e-04
 2.800000000000e+00, 1.220000000000e+00, 1.220000000000e+00, 2.255745084722e-01, 2.708664815197e-04
 2.800000000000e+00, 1.220000000000e+00, 1.290000000000e+00, 2.536995192180e-01, 3.221690583114e-04
 2.800000000000e+00, 1.220000000000e+00, 1.360000000000e+00, 2.832964704362e-01, 3.317801640967e-04
 2.800000000000e+00, 1.220000000000e+00, 1.430000000000e+00, 3.102779836442e-01, 3.348866463549e-04
 2.800000000000e+00, 1.290000000000e+00, 8.000000000000e-01, 2.489513010940e+00, 1.911467617550e-02
 2.800000000000e+00, 1.290000000000e+00, 8.700000000000e-01, 1.068531001450e+00, 7.866307903360e-03
 2.800000000000e+00, 1.290000000000e+00, 9.400000000000e-01, 4.877795720477e-01, 2.969414839693e-03
 2.800000000000e+00, 1.290000000000e+00, 1.010000000000e+00, 2.831973240949e-01, 1.128833352644e-03
 2.800000000000e+00, 1.290000000000e+00, 1.080000000000e+00, 2.222016082506e-01, 3.180892229726e-04
 2.800000000000e+00, 1.290000000000e+00, 1.150000000000e+00, 2.190469568179e-01, 2.025340401431e-04
 2.800000000000e+00, 1.290000000000e+00, 1.220000000000e+00, 2.398742685039e-01, 2.917243971656e-04
 2.800000000000e+00, 1.290000000000e+00, 1.290000000000e+00, 2.686701859968e-01, 3.401212498571e-04
 2.800000000000e+00, 1.290000000000e+00, 1.360000000000e+00, 2.967419561656e-01, 3.598973831902e-04
 2.800000000000e+00, 1.290000000000e+00, 1.430000000000e+00, 3.243588472453e-01, 3.585792565799e-04
 2.800000000000e+00, 1.360000000000e+00, 8.000000000000e-01, 2.456799173388e+00, 2.036029567418e-02
 2.800000000000e+00, 1.360000000000e+00, 8.700000000000e-01, 1.055555485495e+00, 7.545036496867e-03
 2.800000000000e+00, 1.360000000000e+00, 9.400000000000e-01, 5.071417526774e-01, 2.954373643907e-03
 2.800000000000e+00, 1.360000000000e+00, 1.010000000000e+00, 2.997359772619e-01, 1.109086686119e-03
 2.800000000000e+00, 1.360000000000e+00, 1.080000000000e+00, 2.368633440444e-01, 3.362296084680e-04
 2.800000000000e+00, 1.360000000000e+00, 1.150000000000e+00, 2.342805105709e-01, 2.125450555533e-04
 2.800000000000e+00, 1.360000000000e+00, 1.220000000000e+00, 2.542838145119e-01, 3.054247779265e-04
 2.800000000000e+00, 1.360000000000e+00, 1.290000000000e+00, 2.830040847225e-01, 3.465268006956e-04
 2.800000000000e+00, 1.360000000000e+00, 1.360000000000e+00, 3.114169110016e-01, 3.779036721381e-04
 2.800000000000e+00, 1.360000000000e+00, 1.430000000000e+00, 3.377934937098e-01, 3.744470409894e-04
 2.800000000000e+00, 1.430000000000e+00, 8.000000000000e-01, 2.442140747389e+00, 1.897625988885e-02
 2.800000000000e+00, 1.430000000000e+00, 8.700000000000e-01, 1.055831798605e+00, 7.567078650097e-03
 2.800000000000e+00, 1.430000000000e+00, 9.400000000000e-01, 5.164204426891e-01, 3.071446230548e-03
 2.800000000000e+00, 1.430000000000e+00, 1.010000000000e+00, 3.117658230971e-01, 1.066439718693e-03
 2.800000000000e+00, 1.430000000000e+00, 1.080000000000e+00, 2.516820496075e-01, 3.372505783708e-04
 2.800000000000e+00, 1.430000000000e+00, 1.150000000000e+00, 2.487024775373e-01, 2.138188500480e-04
 2.800000000000e+00, 1.430000000000e+00, 1.220000000000e+00, 2.681433695666e-01, 3.054222474576e-04
 2.800000000000e+00, 1.430000000000e+00, 1.290000000000e+00, 2.958452476759e-01, 3.572500841016e-04
 2.800000000000e+00, 1.430000000000e+00, 1.360000000000e+00, 3.248484317687e-01, 3.756567705071e-04
 2.800000000000e+00, 1.430000000000e+00, 1.430000000000e+00, 3.509029292727e-01, 3.923187590975e-04
 3.000000000000e+00, 8.000000000000e-01, 8.000000000000e-01, 3.414521705076e+00, 2.176684668976e-02
 3.000000000000e+00, 8.000000000000e-01, 8.700000000000e-01, 2.040825979921e+00, 1.376954171423e-02
 3.000000000000e+00, 8.000000000000e-01, 9.400000000000e-01, 1.508344782762e+00, 1.298942961456e-02
 3.000000000000e+00, 8.000000000000e-01, 1.010000000000e+00, 1.332214456199e+00, 1.313335509623e-02
 3.000000000000e+00, 8.000000000000e-01, 1.080000000000e+00, 1.251832325341e+00, 1.313757272554e-02
 3.000000000000e+00, 8.000000000000e-01, 1.150000000000e+00, 1.270351500595e+00, 1.441338812480e-02
 3.000000000000e+00, 8.000000000000e-01, 1.220000000000e+00, 1.263005148904e+00, 1.312924598002e-02
 3.000000000000e+00, 8.000000000000e-01, 1.290000000000e+00, 1.310379803842e+00, 1.339932655495e-02
 3.000000000000e+00, 8.000000000000e-01, 1.360000000000e+00, 1.355586795125e+00, 1.574002558472e-02
 3.000000000000e+00, 8.000000000000e-01, 1.430000000000e+00, 1.370684625868e+00, 1.424421056735e-02
 3.000000000000e+00, 8.700000000000e-01, 8.000000000000e-01, 2.719734725796e+00, 1.886678427261e-02
 3.000000000000e+00, 8.700000000000e-01, 8.700000000000e-01, 1.348398383506e+00, 8.611299661382e-03
 3.000000000000e+00, 8.700000000000e-01, 9.400000000000e-01, 8.302182781994e-01, 5.596200107968e-03
 3.000000000000e+00, 8.700000000000e-01, 1.010000000000e+00, 6.286659962281e-01, 4.844936337671e-03
 3.000000000000e+00, 8.700000000000e-01, 1.080000000000e+00, 5.820942513791e-01, 4.985084982238e-03
 3.000000000000e+00, 8.700000000000e-01, 1.150000000000e+00, 5.771417588874e-01, 4.995756046249e-03
 3.000000000000e+00, 8.700000000000e-01, 1.220000000000e+00, 5.978694104069e-01, 5.091885434210e-03
 3.000000000000e+00, 8.700000000000e-01, 1.290000000000e+00, 6.208973340157e-01, 4.971128237732e-03
 3.000000000000e+00, 8.700000000000e-01, 1.360000000000e+00, 6.525182110607e-01, 5.311545413454e-03
 3.000000000000e+00, 8.700000000000e-01, 1.430000000000e+00, 6.773937489128e-01, 5.304277532152e-03
 3.000000000000e+00, 9.400000000000e-01, 8.000000000000e-01, 2.483665533709e+00, 1.809123741116e-02
 3.000000000000e+00, 9.400000000000e-01, 8.700000000000e-01, 1.101804455751e+00, 7.468115381730e-03
 3.000000000000e+00, 9.400000000000e-01, 9.400000000000e-01, 5.739352427532e-01, 3.370237277590e-03
 3.000000000000e+00, 9.400000000000e-01, 1.010000000000e+00, 3.783163982550e-01, 2.112582652883e-03
 3.000000000000e+00, 9.400000000000e-01, 1.080000000000e+00, 3.228492438703e-01, 2.120183330187e-03
 3.000000000000e+00, 9.400000000000e-01, 1.150000000000e+00, 3.197979682479e-01, 1.962008713373e-03
 3.000000000000e+00, 9.400000000000e-01, 1.220000000000e+00, 3.410790747990e-01, 2.127744511376e-03
 3.000000000000e+00, 9.400000000000e-01, 1.290000000000e+00, 3.659650029194e-01, 1.906770108658e-03
 3.000000000000e+00, 9.400000000000e-01, 1.360000000000e+00, 3.938746304203e-01, 2.005468696824e-03
 3.000000000000e+00, 9.400000000000e-01, 1.430000000000e+00, 4.198892441495e-01, 2.001538772099e-03
 3.000000000000e+00, 1.010000000000e+00, 8.000000000000e-01, 2.360509801025e+00, 1.803039894093e-02
 3.000000000000e+00, 1.010000000000e+00, 8.700000000000e-01, 9.996584635049e-01, 7.479941390455e-03
 3.000000000000e+00, 1.010000000000e+00, 9.400000000000e-01, 4.758956835094e-01, 2.835163090509e-03
 3.000000000000e+00, 1.010000000000e+00, 1.010000000000e+00, 2.825471327697e-01, 1.227253904654e-03
 3.000000000000e+00, 1.010000000000e+00, 1.080000000000e+00, 2.265931408210e-01, 7.664672852413e-04
 3.000000000000e+00, 1.010000000000e+00, 1.150000000000e+00, 2.247933923923e-01, 6.750997037902e-04
 3.000000000000e+00, 1.010000000000e+00, 1.220000000000e+00, 2.439278694999e-01, 7.167367353546e-04
 3.000000000000e+00, 1.010000000000e+00, 1.290000000000e+00, 2.715858252108e-01, 7.653507842770e-04
 3.000000000000e+00, 1.010000000000e+00, 1.360000000000e+00, 2.995488155544e-01, 7.789698479617e-04
 3.000000000000e+00, 1.010000000000e+00, 1.430000000000e+00, 3.242469574144e-01, 7.758766102108e-04
 3.000000000000e+00, 1.080000000000e+00, 8.000000000000e-01, 2.308738435688e+00, 1.844482998682e-02
 3.000000000000e+00, 1.080000000000e+00, 8.700000000000e-01, 9.540009777586e-01, 6.876383244074e-03
 3.000000000000e+00, 1.080000000000e+00, 9.400000000000e-01, 4.427493800042e-01, 2.744029086779e-03
 3.000000000000e+00, 1.080000000000e+00, 1.010000000000e+00, 2.546868280580e-01, 1.061650900117e-03
 3.000000000000e+00, 1.080000000000e+00, 1.080000000000e+00, 1.979203578514e-01, 3.378230654368e-04
 3.000000000000e+00, 1.080000000000e+00, 1.150000000000e+00, 1.966764040180e-01, 1.973349195193e-04
 3.000000000000e+00, 1.080000000000e+00, 1.220000000000e+00, 2.164000977399e-01, 2.620994778144e-04
 3.000000000000e+00, 1.080000000000e+00, 1.290000000000e+00, 2.433615422895e-01, 3.152791756345e-04
 3.000000000000e+00, 1.080000000000e+00, 1.360000000000e+00, 2.713815952374e-01, 3.192369796569e-04
 3.000000000000e+00, 1.080000000000e+00, 1.430000000000e+00, 2.961648672968e-01, 3.277022130307e-04
 3.000000000000e+00, 1.150000000000e+00, 8.000000000000e-01, 2.300590161720e+00, 1.831169981156e-02
 3.000000000000e+00, 1.150000000000e+00, 8.700000000000e-01, 9.611805303015e-01, 7.613716040951e-03
 3.000000000000e+00, 1.150000000000e+00, 9.400000000000e-01, 4.358343188961e-01, 2.699056334636e-03
 3.000000000000e+00, 1.150000000000e+00, 1.010000000000e+00, 2.527943756824e-01, 1.004744883272e-03
 3.000000000000e+00, 1.150000000000e+00, 1.080000000000e+00, 1.971683770138e-01, 2.562991443316e-04
 3.000000000000e+00, 1.150000000000e+00, 1.150000000000e+00, 1.956379329978e-01, 1.064670214664e-04
 3.000000000000e+00, 1.150000000000e+00, 1.220000000000e+00, 2.154187561561e-01, 2.106122300627e-04
 3.000000000000e+00, 1.150000000000e+00, 1.290000000000e+00, 2.421770990209e-01, 2.555754087777e-04
 3.000000000000e+00, 1.150000000000e+00, 1.360000000000e+00, 2.701087738614e-01, 2.701222843729e-04
 3.000000000000e+00, 1.150000000000e+00, 1.430000000000e+00, 2.951952473226e-01, 2.745175964851e-04
 3.000000000000e+00, 1.220000000000e+00, 8.000000000000e-01, 2.287377440875e+00, 1.814457913643e-02
 3.000000000000e+00, 1.220000000000e+00, 8.700000000000e-01, 9.585216031699e-01, 6.921903387591e-03
 3.000000000000e+00, 1.220000000000e+00, 9.400000000000e-01, 4.478122839634e-01, 2.608244371368e-03
 3.000000000000e+00, 1.220000000000e+00, 1.010000000000e+00, 2.646730638738e-01, 1.010174368722e-03
 3.000000000000e+00, 1.220000000000e+00, 1.080000000000e+00, 2.074097675177e-01, 2.891509740431e-04
 3.000000000000e+00, 1.220000000000e+00, 1.150000000000e+00, 2.057036413727e-01, 1.625400200336e-04
 3.000000000000e+00, 1.220000000000e+00, 1.220000000000e+00, 2.255079011921e-01, 2.533853887767e-04
 3.000000000000e+00, 1.220000000000e+00, 1.290000000000e+00, 2.520873150653e-01, 2.941692955689e-04
 3.000000000000e+00, 1.220000000000e+00, 1.360000000000e+00, 2.786574477554e-01, 3.206197655881e-04
 3.000000000000e+00, 1.220000000000e+00, 1.430000000000e+00, 3.044008897415e-01, 3.109567187455e-04
 3.000000000000e+00, 1.290000000000e+00, 8.000000000000e-01, 2.251466120612e+00, 1.752479161722e-02
 3.000000000000e+00, 1.290000000000e+00, 8.700000000000e-01, 9.721070498192e-01, 7.124220079695e-03
 3.000000000000e+00, 1.290000000000e+00, 9.400000000000e-01, 4.650150380755e-01, 2.754648762888e-03
 3.000000000000e+00, 1.290000000000e+00, 1.010000000000e+00, 2.753424442097e-01, 1.003976000307e-03
 3.000000000000e+00, 1.290000000000e+00, 1.080000000000e+00, 2.204884484567e-01, 3.004438659039e-04
 3.000000000000e+00, 1.290000000000e+00, 1.150000000000e+00, 2.192055086099e-01, 1.909830052523e-04
 3.000000000000e+00, 1.290000000000e+00, 1.220000000000e+00, 2.389702700400e-01, 2.711344723530e-04
 3.000000000000e+00, 1.290000000000e+00, 1.290000000000e+00, 2.651287091039e-01, 3.283537971647e-04
 3.000000000000e+00, 1.290000000000e+00, 1.360000000000e+00, 2.921485753574e-01, 3.359891893201e-04
 3.000000000000e+00, 1.290000000000e+00, 1.430000000000e+00, 3.174276849936e-01, 3.428635464324e-04
 3.000000000000e+00, 1.360000000000e+00, 8.000000000000e-01, 2.311803172598e+00, 1.894223845479e-02
 3.000000000000e+00, 1.360000000000e+00, 8.700000000000e-01, 9.829114117443e-01, 7.008425891295e-03
 3.000000000000e+00, 1.360000000000e+00, 9.400000000000e-01, 4.732059468868e-01, 2.669645388654e-03
 3.000000000000e+00, 1.360000000000e+00, 1.010000000000e+00, 2.902195393944e-01, 1.036781358855e-03
 3.000000000000e+00, 1.360000000000e+00, 1.080000000000e+00, 2.349711268635e-01, 3.034534863034e-04
 3.000000000000e+00, 1.360000000000e+00, 1.150000000000e+00, 2.331544726325e-01, 2.023837693765e-04
 3.000000000000e+00, 1.360000000000e+00, 1.220000000000e+00, 2.526625983457e-01, 2.795690954439e-04
 3.000000000000e+00, 1.360000000000e+00, 1.290000000000e+00, 2.784693485286e-01, 3.302240011981e-04
 3.000000000000e+00, 1.360000000000e+00, 1.360000000000e+00, 3.051788392773e-01, 3.570673455550e-04
 3.000000000000e+00, 1.360000000000e+00, 1.430000000000e+00, 3.304725717831e-01, 3.655795400483e-04
 3.000000000000e+00, 1.430000000000e+00, 8.000000000000e-01, 2.249511179081e+00, 1.866317651979e-02
 3.000000000000e+00, 1.430000000000e+00, 8.700000000000e-01, 9.731087689184e-01, 6.706067084240e-03
 3.000000000000e+00, 1.430000000000e+00, 9.400000000000e-01, 4.807818047955e-01, 2.705801876337e-03
 3.000000000000e+00, 1.430000000000e+00, 1.010000000000e+00, 3.034654101801e-01, 9.982539730438e-04
 3.000000000000e+00, 1.430000000000e+00, 1.080000000000e+00, 2.487438241921e-01, 3.176266974426e-04
 3.000000000000e+00, 1.430000000000e+00, 1.150000000000e+00, 2.466442629032e-01, 1.980081361573e-04
 3.000000000000e+00, 1.430000000000e+00, 1.220000000000e+00, 2.654560649178e-01, 2.832818559591e-04
 3.000000000000e+00, 1.430000000000e+00, 1.290000000000e+00, 2.911996552965e-01, 3.265885476741e-04
 3.000000000000e+00, 1.430000000000e+00, 1.360000000000e+00, 3.182333021479e-01, 3.572253072644e-04
 3.000000000000e+00, 1.430000000000e+00, 1.430000000000e+00, 3.429115495972e-01, 3.671995675519e-04
 3.200000000000e+00, 8.000000000000e-01, 8.000000000000e-01, 3.112178337509e+00, 2.098958002008e-02
 3.200000000000e+00, 8.000000000000e-01, 8.700000000000e-01, 1.891712701792e+00, 1.401925433361e-02
 3.200000000000e+00, 8.000000000000e-01, 9.400000000000e-01, 1.387381961996e+00, 1.210488949578e-02
 3.200000000000e+00, 8.000000000000e-01, 1.010000000000e+00, 1.213897077497e+00, 1.215494771930e-02
 3.200000000000e+00, 8.000000000000e-01, 1.080000000000e+00, 1.163566588516e+00, 1.324014416186e-02
 3.200000000000e+00, 8.000000000000e-01, 1.150000000000e+00, 1.158408337289e+00, 1.274586801144e-02
 3.200000000000e+00, 8.000000000000e-01, 1.220000000000e+00, 1.176082990029e+00, 1.261823133444e-02
 3.200000000000e+00, 8.000000000000e-01, 1.290000000000e+00, 1.214860593474e+00, 1.304076772979e-02
 3.200000000000e+00, 8.000000000000e-01, 1.360000000000e+00, 1.238339872384e+00, 1.309340919043e-02
 3.200000000000e+00, 8.000000000000e-01, 1.430000000000e+00, 1.249837765602e+00, 1.234061228620e-02
 3.200000000000e+00, 8.700000000000e-01, 8.000000000000e-01, 2.473036977931e+00, 1.719277351993e-02
 3.200000000000e+00, 8.700000000000e-01, 8.700000000000e-01, 1.251079806798e+00, 7.907912053282e-03
 3.200000000000e+00, 8.700000000000e-01, 9.400000000000e-01, 7.717022996326e-01, 5.322903821368e-03
 3.200000000000e+00, 8.700000000000e-01, 1.010000000000e+00, 5.948071101821e-01, 4.831926484015e-03
 3.200000000000e+00, 8.700000000000e-01, 1.080000000000e+00, 5.511279704499e-01, 4.693329179586e-03
 3.200000000000e+00, 8.700000000000e-01, 1.150000000000e+00, 5.537011513674e-01, 4.699728613524e-03
 3.200000000000e+00, 8.700000000000e-01, 1.220000000000e+00, 5.685048345077e-01, 5.051631222146e-03
 3.200000000000e+00, 8.700000000000e-01, 1.290000000000e+00, 5.815096176741e-01, 5.140983145467e-03
 3.200000000000e+00, 8.700000000000e-01, 1.360000000000e+00, 6.248653127990e-01, 5.167965885982e-03
 3.200000000000e+00, 8.700000000000e-01, 1.430000000000e+00, 6.404899742238e-01, 4.908155702323e-03
 3.200000000000e+00, 9.400000000000e-01, 8.000000000000e-01, 2.272331126655e+00, 1.747109735430e-02
 3.200000000000e+00, 9.400000000000e-01, 8.700000000000e-01, 1.020139495232e+00, 6.892181912792e-03
 3.200000000000e+00, 9.400000000000e-01, 9.400000000000e-01, 5.419703091122e-01, 3.291346057303e-03
 3.200000000000e+00, 9.400000000000e-01, 1.010000000000e+00, 3.619373214540e-01, 2.053877428566e-03
 3.200000000000e+00, 9.400000000000e-01, 1.080000000000e+00, 3.118723412508e-01, 1.835597806524e-03
 3.200000000000e+00, 9.400000000000e-01, 1.150000000000e+00, 3.104608084019e-01, 1.837801511058e-03
 3.200000000000e+00, 9.400000000000e-01, 1.220000000000e+00, 3.315511626128e-01, 1.923136434385e-03
 3.200000000000e+00, 9.400000000000e-01, 1.290000000000e+00, 3.532637194818e-01, 1.869275676283e-03
 3.200000000000e+00, 9.400000000000e-01, 1.360000000000e+00, 3.793780342077e-01, 1.797596283128e-03
 3.200000000000e+00, 9.400000000000e-01, 1.430000000000e+00, 4.056764433555e-01, 1.993032521049e-03
 3.200000000000e+00, 1.010000000000e+00, 8.000000000000e-01, 2.174885425862e+00, 1.774681793991e-02
 3.200000000000e+00, 1.010000000000e+00, 8.700000000000e-01, 9.467746566321e-01, 7.251465955824e-03
 3.200000000000e+00, 1.010000000000e+00, 9.400000000000e-01, 4.511706517330e-01, 2.849143671645e-03
 3.200000000000e+00, 1.010000000000e+00, 1.010000000000e+00, 2.764663572762e-01, 1.195500117007e-03
 3.200000000000e+00, 1.010000000000e+00, 1.080000000000e+00, 2.256162312923e-01, 7.359352426874e-04
 3.200000000000e+00, 1.010000000000e+00, 1.150000000000e+00, 2.251733489246e-01, 6.840608929963e-04
 3.200000000000e+00, 1.010000000000e+00, 1.220000000000e+00, 2.428425757386e-01, 6.713311192825e-04
 3.200000000000e+00, 1.010000000000e+00, 1.290000000000e+00, 2.687025410398e-01, 7.341096802137e-04
 3.200000000000e+00, 1.010000000000e+00, 1.360000000000e+00, 2.928564687730e-01, 6.933569040896e-04
 3.200000000000e+00, 1.010000000000e+00, 1.430000000000e+00, 3.188743300730e-01, 7.338696280491e-04
 3.200000000000e+00, 1.080000000000e+00, 8.000000000000e-01, 2.136843910395e+00, 1.728437929861e-02
 3.200000000000e+00, 1.080000000000e+00, 8.700000000000e-01, 9.089116279902e-01, 6.896323510350e-03
 3.200000000000e+00, 1.080000000000e+00, 9.400000000000e-01, 4.204916805425e-01, 2.520479240531e-03
 3.200000000000e+00, 1.080000000000e+00, 1.010000000000e+00, 2.496191507431e-01, 9.359817443882e-04
 3.200000000000e+00, 1.080000000000e+00, 1.080000000000e+00, 1.989184932451e-01, 2.998542496663e-04
 3.200000000000e+00, 1.080000000000e+00, 1.150000000000e+00, 1.989048228558e-01, 1.883883542648e-04
 3.200000000000e+00, 1.080000000000e+00, 1.220000000000e+00, 2.174480025017e-01, 2.526650440100e-04
 3.200000000000e+00, 1.080000000000e+00, 1.290000000000e+00, 2.425874908034e-01, 2.882095788283e-04
 3.200000000000e+00, 1.080000000000e+00, 1.360000000000e+00, 2.680833314636e-01, 3.031197443375e-04
 3.200000000000e+00, 1.080000000000e+00, 1.430000000000e+00, 2.922879720301e-01, 3.314518763340e-04
 3.200000000000e+00, 1.150000000000e+00, 8.000000000000e-01, 2.089313552154e+00, 1.649464863245e-02
 3.200000000000e+00, 1.150000000000e+00, 8.700000000000e-01, 9.017846562261e-01, 7.260950071642e-03
 3.200000000000e+00, 1.150000000000e+00, 9.400000000000e-01, 4.223278254731e-01, 2.746039968225e-03
 3.200000000000e+00, 1.150000000000e+00, 1.010000000000e+00, 2.479566492775e-01, 8.969831818675e-04
 3.200000000000e+00, 1.150000000000e+00, 1.080000000000e+00, 1.988716103336e-01, 2.453088710963e-04
 3.200000000000e+00, 1.150000000000e+00, 1.150000000000e+00, 1.983430662292e-01, 1.070909126462e-04
 3.200000000000e+00, 1.150000000000e+00, 1.220000000000e+00, 2.169959467136e-01, 2.043986483402e-04
 3.200000000000e+00, 1.150000000000e+00, 1.290000000000e+00, 2.421628864673e-01, 2.426453104814e-04
 3.200000000000e+00, 1.150000000000e+00, 1.360000000000e+00, 2.675421754465e-01, 2.694965203819e-04
 3.200000000000e+00, 1.150000000000e+00, 1.430000000000e+00, 2.919924971796e-01, 2.752136275978e-04
 3.200000000000e+00, 1.220000000000e+00, 8.000000000000e-01, 2.125474482701e+00, 1.764074344612e-02
 3.200000000000e+00, 1.220000000000e+00, 8.700000000000e-01, 9.089737034287e-01, 7.052671297178e-03
 3.200000000000e+00, 1.220000000000e+00, 9.400000000000e-01, 4.308009978208e-01, 2.599579248683e-03
 3.200000000000e+00, 1.220000000000e+00, 1.010000000000e+00, 2.574764266464e-01, 9.154805778976e-04
 3.200000000000e+00, 1.220000000000e+00, 1.080000000000e+00, 2.085042904043e-01, 2.804044877009e-04
 3.200000000000e+00, 1.220000000000e+00, 1.150000000000e+00, 2.076326112902e-01, 1.581588948330e-04
 3.200000000000e+00, 1.220000000000e+00, 1.220000000000e+00, 2.266116753215e-01, 2.416107943582e-04
 3.200000000000e+00, 1.220000000000e+00, 1.290000000000e+00, 2.504422538872e-01, 2.961106414832e-04
 3.200000000000e+00, 1.220000000000e+00, 1.360000000000e+00, 2.762241623893e-01, 3.065356529658e-04
 3.200000000000e+00, 1.220000000000e+00, 1.430000000000e+00, 3.006002202692e-01, 3.029889289631e-04
 3.200000000000e+00, 1.290000000000e+00, 8.000000000000e-01, 2.102868178217e+00, 1.737253928089e-02
 3.200000000000e+00, 1.290000000000e+00, 8.700000000000e-01, 8.988066086605e-01, 6.690655228216e-03
 3.200000000000e+00, 1.290000000000e+00, 9.400000000000e-01, 4.438307573005e-01, 2.580975489415e-03
 3.200000000000e+00, 1.290000000000e+00, 1.010000000000e+00, 2.710744176842e-01, 9.394187151082e-04
 3.200000000000e+00, 1.290000000000e+00, 1.080000000000e+00, 2.210018325336e-01, 2.809605043939e-04
 3.200000000000e+00, 1.290000000000e+00, 1.150000000000e+00, 2.206670864730e-01, 1.912497426719e-04
 3.200000000000e+00, 1.290000000000e+00, 1.220000000000e+00, 2.389036597398e-01, 2.585029602730e-04
 3.200000000000e+00, 1.290000000000e+00, 1.290000000000e+00, 2.630214919195e-01, 3.199174448957e-04
 3.200000000000e+00, 1.290000000000e+00, 1.360000000000e+00, 2.887284363266e-01, 3.206208646457e-04
 3.200000000000e+00, 1.290000000000e+00, 1.430000000000e+00, 3.123248518890e-01, 3.396964089776e-04
 3.200000000000e+00, 1.360000000000e+00, 8.000000000000e-01, 2.110949195674e+00, 1.797793718954e-02
 3.200000000000e+00, 1.360000000000e+00, 8.700000000000e-01, 9.206443122342e-01, 7.140534661886e-03
 3.200000000000e+00, 1.360000000000e+00, 9.400000000000e-01, 4.546470583285e-01, 2.650348650234e-03
 3.200000000000e+00, 1.360000000000e+00, 1.010000000000e+00, 2.837853221770e-01, 8.399522593490e-04
 3.200000000000e+00, 1.360000000000e+00, 1.080000000000e+00, 2.348666668766e-01, 2.965320802192e-04
 3.200000000000e+00, 1.360000000000e+00, 1.150000000000e+00, 2.334360926623e-01, 1.904431138629e-04
 3.200000000000e+00, 1.360000000000e+00, 1.220000000000e+00, 2.514599800926e-01, 2.655980709226e-04
 3.200000000000e+00, 1.360000000000e+00, 1.290000000000e+00, 2.758479120849e-01, 3.645780036381e-04
 3.200000000000e+00, 1.360000000000e+00, 1.360000000000e+00, 3.013199835840e-01, 3.328274213716e-04
 3.200000000000e+00, 1.360000000000e+00, 1.430000000000e+00, 3.252762353254e-01, 3.426645448345e-04
 3.200000000000e+00, 1.430000000000e+00, 8.000000000000e-01, 2.102486905620e+00, 1.814286079552e-02
 3.200000000000e+00, 1.430000000000e+00, 8.700000000000e-01, 9.161750127181e-01, 6.851640811526e-03
 3.200000000000e+00, 1.430000000000e+00, 9.400000000000e-01, 4.642852560441e-01, 2.579146043142e-03
 3.200000000000e+00, 1.430000000000e+00, 1.010000000000e+00, 2.986274541445e-01, 9.520385355435e-04
 3.200000000000e+00, 1.430000000000e+00, 1.080000000000e+00, 2.472017044149e-01, 2.989027626512e-04
 3.200000000000e+00, 1.430000000000e+00, 1.150000000000e+00, 2.458653877840e-01, 1.954570830674e-04
 3.200000000000e+00, 1.430000000000e+00, 1.220000000000e+00, 2.641008366674e-01, 2.689014915487e-04
 3.200000000000e+00, 1.430000000000e+00, 1.290000000000e+00, 2.885425912400e-01, 3.126130269929e-04
 3.200000000000e+00, 1.430000000000e+00, 1.360000000000e+00, 3.129770962925e-01, 3.352491971047e-04
 3.200000000000e+00, 1.430000000000e+00, 1.430000000000e+00, 3.361359574766e-01, 3.487880069307e-04
 3.400000000000e+00, 8.000000000000e-01, 8.000000000000e-01, 2.894865967470e+00, 1.981865988351e-02
 3.400000000000e+00, 8.000000000000e-01, 8.700000000000e-01, 1.746129492912e+00, 1.326565210802e-02
 3.400000000000e+00, 8.000000000000e-01, 9.400000000000e-01, 1.301908430216e+00, 1.141163721215e-02
 3.400000000000e+00, 8.000000000000e-01, 1.010000000000e+00, 1.120465136157e+00, 1.143150340791e-02
 3.400000000000e+00, 8.000000000000e-01, 1.080000000000e+00, 1.089565137399e+00, 1.167399544227e-02
 3.400000000000e+00, 8.000000000000e-01, 1.150000000000e+00, 1.064911097266e+00, 1.126970384970e-02
 3.400000000000e+00, 8.000000000000e-01, 1.220000000000e+00, 1.108588413052e+00, 1.243368553847e-02
 3.400000000000e+00, 8.000000000000e-01, 1.290000000000e+00, 1.136644917679e+00, 1.187840405524e-02
 3.400000000000e+00, 8.000000000000e-01, 1.360000000000e+00, 1.149155441881e+00, 1.333278829095e-02
 3.400000000000e+00, 8.000000000000e-01, 1.430000000000e+00, 1.151626586666e+00, 1.182238607185e-02
 3.400000000000e+00, 8.700000000000e-01, 8.000000000000e-01, 2.292314576060e+00, 1.656162195527e-02
 3.400000000000e+00, 8.700000000000e-01, 8.700000000000e-01, 1.158456692676e+00, 7.645983943602e-03
 3.400000000000e+00, 8.700000000000e-01, 9.400000000000e-01, 7.318545396675e-01, 5.130469905737e-03
 3.400000000000e+00, 8.700000000000e-01, 1.010000000000e+00, 5.720367763415e-01, 5.058032028279e-03
 3.400000000000e+00, 8.700000000000e-01, 1.080000000000e+00, 5.221035424277e-01, 4.277699018936e-03
 3.400000000000e+00, 8.700000000000e-01, 1.150000000000e+00, 5.216672100262e-01, 4.947915725780e-03
 3.400000000000e+00, 8.700000000000e-01, 1.220000000000e+00, 5.457395271713e-01, 4.764866305814e-03
 3.400000000000e+00, 8.700000000000e-01, 1.290000000000e+00, 5.673115850947e-01, 4.681679048381e-03
 3.400000000000e+00, 8.700000000000e-01, 1.360000000000e+00, 5.842817803323e-01, 4.501419646428e-03
 3.400000000000e+00, 8.700000000000e-01, 1.430000000000e+00, 6.072894549549e-01, 4.349488367454e-03
 3.400000000000e+00, 9.400000000000e-01, 8.000000000000e-01, 2.106180858558e+00, 1.698192762495e-02
 3.400000000000e+00, 9.400000000000e-01, 8.700000000000e-01, 9.579366411541e-01, 6.959372874127e-03
 3.400000000000e+00, 9.400000000000e-01, 9.400000000000e-01, 5.117035379533e-01, 2.955709193464e-03
 3.400000000000e+00, 9.400000000000e-01, 1.010000000000e+00, 3.513923786617e-01, 2.068026383144e-03
 3.400000000000e+00, 9.400000000000e-01, 1.080000000000e+00, 3.010293909141e-01, 1.759144645122e-03
 3.400000000000e+00, 9.400000000000e-01, 1.150000000000e+00, 3.020751492117e-01, 1.677663715024e-03
 3.400000000000e+00, 9.400000000000e-01, 1.220000000000e+00, 3.221282236480e-01, 1.761412830229e-03
 3.400000000000e+00, 9.400000000000e-01, 1.290000000000e+00, 3.433946066910e-01, 1.614971207624e-03
 3.400000000000e+00, 9.400000000000e-01, 1.360000000000e+00, 3.688468905503e-01, 1.734978758728e-03
 3.400000000000e+00, 9.400000000000e-01, 1.430000000000e+00, 3.905218711777e-01, 1.721310076454e-03
 3.400000000000e+00, 1.010000000000e+00, 8.000000000000e-01, 1.980069082663e+00, 1.535177154658e-02
 3.400000000000e+00, 1.010000000000e+00, 8.700000000000e-01, 8.764544311551e-01, 6.454269735996e-03
 3.400000000000e+00, 1.010000000000e+00, 9.400000000000e-01, 4.302323253698e-01, 2.612101967829e-03
 3.400000000000e+00, 1.010000000000e+00, 1.010000000000e+00, 2.694408970616e-01, 1.078398314332e-03
 3.400000000000e+00, 1.010000000000e+00, 1.080000000000e+00, 2.252947622777e-01, 6.973027110683e-04
 3.400000000000e+00, 1.010000000000e+00, 1.150000000000e+00, 2.244400806555e-01, 6.430770919641e-04
 3.400000000000e+00, 1.010000000000e+00, 1.220000000000e+00, 2.427896076133e-01, 6.376528084389e-04
 3.400000000000e+00, 1.010000000000e+00, 1.290000000000e+00, 2.669912579768e-01, 6.671595704994e-04
 3.400000000000e+00, 1.010000000000e+00, 1.360000000000e+00, 2.912190428747e-01, 7.099381475130e-04
 3.400000000000e+00, 1.010000000000e+00, 1.430000000000e+00, 3.133174769158e-01, 6.795065584273e-04
 3.400000000000e+00, 1.080000000000e+00, 8.000000000000e-01, 1.982182346139e+00, 1.643352459766e-02
 3.400000000000e+00, 1.080000000000e+00, 8.700000000000e-01, 8.319488837776e-01, 6.467231375098e-03
 3.400000000000e+00, 1.080000000000e+00, 9.400000000000e-01, 4.065231405996e-01, 2.491953995140e-03
 3.400000000000e+00, 1.080000000000e+00, 1.010000000000e+00, 2.461691532596e-01, 8.625226432818e-04
 3.400000000000e+00, 1.080000000000e+00, 1.080000000000e+00, 2.014352986495e-01, 2.878444586787e-04
 3.400000000000e+00, 1.080000000000e+00, 1.150000000000e+00, 2.016501922842e-01, 1.790157965188e-04
 3.400000000000e+00, 1.080000000000e+00, 1.220000000000e+00, 2.193298118438e-01, 2.417766871763e-04
 3.400000000000e+00, 1.080000000000e+00, 1.290000000000e+00, 2.432545982862e-01, 2.737534148723e-04
 3.400000000000e+00, 1.080000000000e+00, 1.360000000000e+00, 2.676968294024e-01, 2.881559560124e-04
 3.400000000000e+00, 1.080000000000e+00, 1.430000000000e+00, 2.899908279537e-01, 3.065844105015e-04
 3.400000000000e+00, 1.150000000000e+00, 8.000000000000e-01, 1.972669351663e+00, 1.697916072393e-02
 3.400000000000e+00, 1.150000000000e+00, 8.700000000000e-01, 8.433606320352e-01, 6.622507257819e-03
 3.400000000000e+00, 1.150000000000e+00, 9.400000000000e-01, 4.041493741671e-01, 2.394997541244e-03
 3.400000000000e+00, 1.150000000000e+00, 1.010000000000e+00, 2.469144910581e-01, 8.836544127738e-04
 3.400000000000e+00, 1.150000000000e+00, 1.080000000000e+00, 2.009949013167e-01, 2.233045570981e-04
 3.400000000000e+00, 1.150000000000e+00, 1.150000000000e+00, 2.015103781924e-01, 1.047870772230e-04
 3.400000000000e+00, 1.150000000000e+00, 1.220000000000e+00, 2.193783077018e-01, 1.912762074973e-04
 3.400000000000e+00, 1.150000000000e+00, 1.290000000000e+00, 2.428018583089e-01, 2.389072233168e-04
 3.400000000000e+00, 1.150000000000e+00, 1.360000000000e+00, 2.666304633498e-01, 2.567089608530e-04
 3.400000000000e+00, 1.150000000000e+00, 1.430000000000e+00, 2.890571474804e-01, 2.637629723019e-04
 3.400000000000e+00, 1.220000000000e+00, 8.000000000000e-01, 1.957052472289e+00, 1.640094238468e-02
 3.400000000000e+00, 1.220000000000e+00, 8.700000000000e-01, 8.359037697832e-01, 6.360699087061e-03
 3.400000000000e+00, 1.220000000000e+00, 9.400000000000e-01, 4.115183210613e-01, 2.419783385897e-03
 3.400000000000e+00, 1.220000000000e+00, 1.010000000000e+00, 2.561095820963e-01, 9.538374349337e-04
 3.400000000000e+00, 1.220000000000e+00, 1.080000000000e+00, 2.110402599230e-01, 2.575300961850e-04
 3.400000000000e+00, 1.220000000000e+00, 1.150000000000e+00, 2.108812003510e-01, 1.503708199822e-04
 3.400000000000e+00, 1.220000000000e+00, 1.220000000000e+00, 2.287061251972e-01, 2.300662818347e-04
 3.400000000000e+00, 1.220000000000e+00, 1.290000000000e+00, 2.510938837559e-01, 2.787448776192e-04
 3.400000000000e+00, 1.220000000000e+00, 1.360000000000e+00, 2.756001253983e-01, 2.870263988811e-04
 3.400000000000e+00, 1.220000000000e+00, 1.430000000000e+00, 2.982335946050e-01, 2.910471994596e-04
 3.400000000000e+00, 1.290000000000e+00, 8.000000000000e-01, 1.935986338862e+00, 1.626846443099e-02
 3.400000000000e+00, 1.290000000000e+00, 8.700000000000e-01, 8.479020633756e-01, 6.337321120479e-03
 3.400000000000e+00, 1.290000000000e+00, 9.400000000000e-01, 4.275585621676e-01, 2.677227576079e-03
 3.400000000000e+00, 1.290000000000e+00, 1.010000000000e+00, 2.690883773150e-01, 9.084960019043e-04
 3.400000000000e+00, 1.290000000000e+00, 1.080000000000e+00, 2.223099027166e-01, 2.729384779591e-04
 3.400000000000e+00, 1.290000000000e+00, 1.150000000000e+00, 2.224999544751e-01, 1.796271166561e-04
 3.400000000000e+00, 1.290000000000e+00, 1.220000000000e+00, 2.402761913601e-01, 2.575997881971e-04
 3.400000000000e+00, 1.290000000000e+00, 1.290000000000e+00, 2.633068053531e-01, 2.929727894600e-04
 3.400000000000e+00, 1.290000000000e+00, 1.360000000000e+00, 2.866098977397e-01, 3.113014848052e-04
 3.400000000000e+00, 1.290000000000e+00, 1.430000000000e+00, 3.092646327155e-01, 3.112618346849e-04
 3.400000000000e+00, 1.360000000000e+00, 8.000000000000e-01, 1.929976483171e+00, 1.681096945393e-02
 3.400000000000e+00, 1.360000000000e+00, 8.700000000000e-01, 8.627255946559e-01, 6.483446311881e-03
 3.400000000000e+00, 1.360000000000e+00, 9.400000000000e-01, 4.340126237438e-01, 2.496014719204e-03
 3.400000000000e+00, 1.360000000000e+00, 1.010000000000e+00, 2.816371103818e-01, 9.779879473321e-04
 3.400000000000e+00, 1.360000000000e+00, 1.080000000000e+00, 2.351075733538e-01, 2.832475087816e-04
 3.400000000000e+00, 1.360000000000e+00, 1.150000000000e+00, 2.350294170628e-01, 1.797423741924e-04
 3.400000000000e+00, 1.360000000000e+00, 1.220000000000e+00, 2.522437959222e-01, 2.508820897395e-04
 3.400000000000e+00, 1.360000000000e+00, 1.290000000000e+00, 2.755665232137e-01, 3.017111216355e-04
 3.400000000000e+00, 1.360000000000e+00, 1.360000000000e+00, 2.989251358469e-01, 3.270682844785e-04
 3.400000000000e+00, 1.360000000000e+00, 1.430000000000e+00, 3.206648163635e-01, 3.307170819174e-04
 3.400000000000e+00, 1.430000000000e+00, 8.000000000000e-01, 1.903629308607e+00, 1.594977898175e-02
 3.400000000000e+00, 1.430000000000e+00, 8.700000000000e-01, 8.658890926439e-01, 6.120150911177e-03
 3.400000000000e+00, 1.430000000000e+00, 9.400000000000e-01, 4.495472880500e-01, 2.585963358191e-03
 3.400000000000e+00, 1.430000000000e+00, 1.010000000000e+00, 2.933464443789e-01, 9.407126526467e-04
 3.400000000000e+00, 1.430000000000e+00, 1.080000000000e+00, 2.469368134267e-01, 2.810738532190e-04
 3.400000000000e+00, 1.430000000000e+00, 1.150000000000e+00, 2.467186517416e-01, 1.787852331071e-04
 3.400000000000e+00, 1.430000000000e+00, 1.220000000000e+00, 2.637929367315e-01, 2.581553531148e-04
 3.400000000000e+00, 1.430000000000e+00, 1.290000000000e+00, 2.863850191913e-01, 2.957671837072e-04
 3.400000000000e+00, 1.430000000000e+00, 1.360000000000e+00, 3.102588180618e-01, 3.134617335306e-04
 3.400000000000e+00, 1.430000000000e+00, 1.430000000000e+00, 3.316050617769e-01, 3.377442427386e-04
 3.600000000000e+00, 8.000000000000e-01, 8.000000000000e-01, 2.686404387521e+00, 1.988154657090e-02
 3.600000000000e+00, 8.000000000000e-01, 8.700000000000e-01, 1.620174667714e+00, 1.247676234205e-02
 3.600000000000e+00, 8.000000000000e-01, 9.400000000000e-01, 1.210336219159e+00, 1.151837450607e-02
 3.600000000000e+00, 8.000000000000e-01, 1.010000000000e+00, 1.042023082882e+00, 1.085425104915e-02
 3.600000000000e+00, 8.000000000000e-01, 1.080000000000e+00, 1.019866048826e+00, 1.117928684896e-02
 3.600000000000e+00, 8.000000000000e-01, 1.150000000000e+00, 1.014081362067e+00, 1.089545160868e-02
 3.600000000000e+00, 8.000000000000e-01, 1.220000000000e+00, 1.028067240426e+00, 1.074606101276e-02
 3.600000000000e+00, 8.000000000000e-01, 1.290000000000e+00, 1.050982655845e+00, 1.131136849400e-02
 3.600000000000e+00, 8.000000000000e-01, 1.360000000000e+00, 1.079818604374e+00, 1.138903561437e-02
 3.600000000000e+00, 8.000000000000e-01, 1.430000000000e+00, 1.083725524832e+00, 1.228918498224e-02
 3.600000000000e+00, 8.700000000000e-01, 8.000000000000e-01, 2.145015750727e+00, 1.595599480527e-02
 3.600000000000e+00, 8.700000000000e-01, 8.700000000000e-01, 1.100252734030e+00, 7.626455572372e-03
 3.600000000000e+00, 8.700000000000e-01, 9.400000000000e-01, 6.872439903984e-01, 4.779148903652e-03
 3.600000000000e+00, 8.700000000000e-01, 1.010000000000e+00, 5.325758933762e-01, 4.105603479256e-03
 3.600000000000e+00, 8.700000000000e-01, 1.080000000000e+00, 4.988705230510e-01, 4.518200919385e-03
 3.600000000000e+00, 8.700000000000e-01, 1.150000000000e+00, 5.015972765111e-01, 4.633560567981e-03
 3.600000000000e+00, 8.700000000000e-01, 1.220000000000e+00, 5.174556684202e-01, 4.341476982321e-03
 3.600000000000e+00, 8.700000000000e-01, 1.290000000000e+00, 5.435597072632e-01, 4.695754429398e-03
 3.600000000000e+00, 8.700000000000e-01, 1.360000000000e+00, 5.582841732721e-01, 4.312828541074e-03
 3.600000000000e+00, 8.700000000000e-01, 1.430000000000e+00, 5.790614883892e-01, 4.332818869298e-03
 3.600000000000e+00, 9.400000000000e-01, 8.000000000000e-01, 1.966393497726e+00, 1.639766478469e-02
 3.600000000000e+00, 9.400000000000e-01, 8.700000000000e-01, 9.052293987818e-01, 6.378633519329e-03
 3.600000000000e+00, 9.400000000000e-01, 9.400000000000e-01, 4.843768010025e-01, 2.729125138327e-03
 3.600000000000e+00, 9.400000000000e-01, 1.010000000000e+00, 3.409696587939e-01, 1.815285671752e-03
 3.600000000000e+00, 9.400000000000e-01, 1.080000000000e+00, 3.005138009357e-01, 1.737955566036e-03
 3.600000000000e+00, 9.400000000000e-01, 1.150000000000e+00, 2.968082012807e-01, 1.748416349350e-03
 3.600000000000e+00, 9.400000000000e-01, 1.220000000000e+00, 3.156086995675e-01, 1.629345598628e-03
 3.600000000000e+00, 9.400000000000e-01, 1.290000000000e+00, 3.380017570042e-01, 1.748312969179e-03
 3.600000000000e+00, 9.400000000000e-01, 1.360000000000e+00, 3.616137328803e-01, 1.785007572478e-03
 3.600000000000e+00, 9.400000000000e-01, 1.430000000000e+00, 3.816907501721e-01, 1.703317809192e-03
 3.600000000000e+00, 1.010000000000e+00, 8.000000000000e-01, 1.851483527594e+00, 1.518280426003e-02
 3.600000000000e+00, 1.010000000000e+00, 8.700000000000e-01, 8.255362281173e-01, 6.458222912538e-03
 3.600000000000e+00, 1.010000000000e+00, 9.400000000000e-01, 4.154623708764e-01, 2.389041300958e-03
 3.600000000000e+00, 1.010000000000e+00, 1.010000000000e+00, 2.667503876117e-01, 1.054530005977e-03
 3.600000000000e+00, 1.010000000000e+00, 1.080000000000e+00, 2.267103407627e-01, 6.921888096912e-04
 3.600000000000e+00, 1.010000000000e+00, 1.150000000000e+00, 2.270095302261e-01, 5.847287730419e-04
 3.600000000000e+00, 1.010000000000e+00, 1.220000000000e+00, 2.435073447114e-01, 6.240448232007e-04
 3.600000000000e+00, 1.010000000000e+00, 1.290000000000e+00, 2.651490100567e-01, 6.596650403955e-04
 3.600000000000e+00, 1.010000000000e+00, 1.360000000000e+00, 2.873731142988e-01, 6.169001768306e-04
 3.600000000000e+00, 1.010000000000e+00, 1.430000000000e+00, 3.101540769880e-01, 5.972192792068e-04
 3.600000000000e+00, 1.080000000000e+00, 8.000000000000e-01, 1.816676483897e+00, 1.489351834108e-02
 3.600000000000e+00, 1.080000000000e+00, 8.700000000000e-01, 8.032938286984e-01, 7.054130494587e-03
 3.600000000000e+00, 1.080000000000e+00, 9.400000000000e-01, 3.954363265489e-01, 2.540108215871e-03
 3.600000000000e+00, 1.080000000000e+00, 1.010000000000e+00, 2.465075701449e-01, 8.710748492058e-04
 3.600000000000e+00, 1.080000000000e+00, 1.080000000000e+00, 2.044845670008e-01, 2.712462109333e-04
 3.600000000000e+00, 1.080000000000e+00, 1.150000000000e+00, 2.054200974786e-01, 1.662618343893e-04
 3.600000000000e+00, 1.080000000000e+00, 1.220000000000e+00, 2.225128344283e-01, 2.330414176767e-04
 3.600000000000e+00, 1.080000000000e+00, 1.290000000000e+00, 2.447707590687e-01, 2.718725617548e-04
 3.600000000000e+00, 1.080000000000e+00, 1.360000000000e+00, 2.672974513777e-01, 2.824501205550e-04
 3.600000000000e+00, 1.080000000000e+00, 1.430000000000e+00, 2.890109724098e-01, 2.770931682553e-04
 3.600000000000e+00, 1.150000000000e+00, 8.000000000000e-01, 1.852339137477e+00, 1.625334660542e-02
 3.600000000000e+00, 1.150000000000e+00, 8.700000000000e-01, 7.895482569066e-01, 5.955204054791e-03
 3.600000000000e+00, 1.150000000000e+00, 9.400000000000e-01, 3.937346945214e-01, 2.334647470508e-03
 3.600000000000e+00, 1.150000000000e+00, 1.010000000000e+00, 2.467763513810e-01, 8.276425987997e-04
 3.600000000000e+00, 1.150000000000e+00, 1.080000000000e+00, 2.047764619986e-01, 2.236894461342e-04
 3.600000000000e+00, 1.150000000000e+00, 1.150000000000e+00, 2.055430751805e-01, 1.052608953093e-04
 3.600000000000e+00, 1.150000000000e+00, 1.220000000000e+00, 2.224132724005e-01, 1.923158538488e-04
 3.600000000000e+00, 1.150000000000e+00, 1.290000000000e+00, 2.446770272230e-01, 2.252345363850e-04
 3.600000000000e+00, 1.150000000000e+00, 1.360000000000e+00, 2.677068070623e-01, 2.394201462884e-04
 3.600000000000e+00, 1.150000000000e+00, 1.430000000000e+00, 2.885562430302e-01, 2.385314264425e-04
 3.600000000000e+00, 1.220000000000e+00, 8.000000000000e-01, 1.806475346158e+00, 1.599001761937e-02
 3.600000000000e+00, 1.220000000000e+00, 8.700000000000e-01, 7.957792571493e-01, 6.067165735470e-03
 3.600000000000e+00, 1.220000000000e+00, 9.400000000000e-01, 3.997817238493e-01, 2.471025268208e-03
 3.600000000000e+00, 1.220000000000e+00, 1.010000000000e+00, 2.560076945274e-01, 8.631623145975e-04
 3.600000000000e+00, 1.220000000000e+00, 1.080000000000e+00, 2.135965759353e-01, 2.449960402936e-04
 3.600000000000e+00, 1.220000000000e+00, 1.150000000000e+00, 2.141837077110e-01, 1.494351778262e-04
 3.600000000000e+00, 1.220000000000e+00, 1.220000000000e+00, 2.312360905666e-01, 2.182381743200e-04
 3.600000000000e+00, 1.220000000000e+00, 1.290000000000e+00, 2.528493164303e-01, 2.651601988584e-04
 3.600000000000e+00, 1.220000000000e+00, 1.360000000000e+00, 2.756167115557e-01, 2.660217923306e-04
 3.600000000000e+00, 1.220000000000e+00, 1.430000000000e+00, 2.967502161131e-01, 2.716617390061e-04
 3.600000000000e+00, 1.290000000000e+00, 8.000000000000e-01, 1.785641345076e+00, 1.487324708168e-02
 3.600000000000e+00, 1.290000000000e+00, 8.700000000000e-01, 7.944067308457e-01, 5.903524333945e-03
 3.600000000000e+00, 1.290000000000e+00, 9.400000000000e-01, 4.113416433284e-01, 2.376835767541e-03
 3.600000000000e+00, 1.290000000000e+00, 1.010000000000e+00, 2.674062948791e-01, 8.939329697567e-04
 3.600000000000e+00, 1.290000000000e+00, 1.080000000000e+00, 2.249265329371e-01, 2.605585572574e-04
 3.600000000000e+00, 1.290000000000e+00, 1.150000000000e+00, 2.253994232431e-01, 1.639577606384e-04
 3.600000000000e+00, 1.290000000000e+00, 1.220000000000e+00, 2.416741136998e-01, 2.496081105815e-04
 3.600000000000e+00, 1.290000000000e+00, 1.290000000000e+00, 2.640398850851e-01, 2.757313629263e-04
 3.600000000000e+00, 1.290000000000e+00, 1.360000000000e+00, 2.866709427205e-01, 2.881499969333e-04
 3.600000000000e+00, 1.290000000000e+00, 1.430000000000e+00, 3.069917801493e-01, 2.981236745330e-04
 3.600000000000e+00, 1.360000000000e+00, 8.000000000000e-01, 1.801350071324e+00, 1.527425065694e-02
 3.600000000000e+00, 1.360000000000e+00, 8.700000000000e-01, 8.012685194099e-01, 5.987336537290e-03
 3.600000000000e+00, 1.360000000000e+00, 9.400000000000e-01, 4.169338657573e-01, 2.306668105019e-03
 3.600000000000e+00, 1.360000000000e+00, 1.010000000000e+00, 2.785344670317e-01, 8.983167870887e-04
 3.600000000000e+00, 1.360000000000e+00, 1.080000000000e+00, 2.363893313444e-01, 2.546706037051e-04
 3.600000000000e+00, 1.360000000000e+00, 1.150000000000e+00, 2.370708184886e-01, 1.732273381087e-04
 3.600000000000e+00, 1.360000000000e+00, 1.220000000000e+00, 2.530617102933e-01, 2.497080973076e-04
 3.600000000000e+00, 1.360000000000e+00, 1.290000000000e+00, 2.751529510153e-01, 2.883462282691e-04
 3.600000000000e+00, 1.360000000000e+00, 1.360000000000e+00, 2.973027251223e-01, 3.022205871445e-04
 3.600000000000e+00, 1.360000000000e+00, 1.430000000000e+00, 3.174683331134e-01, 3.141589899957e-04
 3.600000000000e+00, 1.430000000000e+00, 8.000000000000e-01, 1.790752792078e+00, 1.557709939004e-02
 3.600000000000e+00, 1.430000000000e+00, 8.700000000000e-01, 8.118853661366e-01, 6.033882899465e-03
 3.600000000000e+00, 1.430000000000e+00, 9.400000000000e-01, 4.279723438992e-01, 2.287896445007e-03
 3.600000000000e+00, 1.430000000000e+00, 1.010000000000e+00, 2.906327968230e-01, 8.942349922425e-04
 3.600000000000e+00, 1.430000000000e+00, 1.080000000000e+00, 2.480933953438e-01, 2.763642307077e-04
 3.600000000000e+00, 1.430000000000e+00, 1.150000000000e+00, 2.480948159428e-01, 1.754248391339e-04
 3.600000000000e+00, 1.430000000000e+00, 1.220000000000e+00, 2.644736219003e-01, 2.424796163416e-04
 3.600000000000e+00, 1.430000000000e+00, 1.290000000000e+00, 2.855828327118e-01, 2.976285678249e-04
 3.600000000000e+00, 1.430000000000e+00, 1.360000000000e+00, 3.072276739401e-01, 3.050728527789e-04
 3.600000000000e+00, 1.430000000000e+00, 1.430000000000e+00, 3.286976216058e-01, 3.253572272155e-04
 3.800000000000e+00, 8.000000000000e-01, 8.000000000000e-01, 2.480237642848e+00, 1.751155662221e-02
 3.800000000000e+00, 8.000000000000e-01, 8.700000000000e-01, 1.532304504030e+00, 1.262503860838e-02
 3.800000000000e+00, 8.000000000000e-01, 9.400000000000e-01, 1.140288701742e+00, 1.026410293112e-02
 3.800000000000e+00, 8.000000000000e-01, 1.010000000000e+00, 9.992632176015e-01, 1.065810213683e-02
 3.800000000000e+00, 8.000000000000e-01, 1.080000000000e+00, 9.555804772556e-01, 1.065356363267e-02
 3.800000000000e+00, 8.000000000000e-01, 1.150000000000e+00, 9.634315753197e-01, 1.069981520462e-02
 3.800000000000e+00, 8.000000000000e-01, 1.220000000000e+00, 9.727904064065e-01, 1.015930173984e-02
 3.800000000000e+00, 8.000000000000e-01, 1.290000000000e+00, 9.899668095519e-01, 1.036266448012e-02
 3.800000000000e+00, 8.000000000000e-01, 1.360000000000e+00, 1.010053633800e+00, 1.067356801259e-02
 3.800000000000e+00, 8.000000000000e-01, 1.430000000000e+00, 1.035761480989e+00, 1.101257122850e-02
 3.800000000000e+00, 8.700000000000e-01, 8.000000000000e-01, 1.997900005405e+00, 1.617956859550e-02
 3.800000000000e+00, 8.700000000000e-01, 8.700000000000e-01, 1.031603205551e+00, 7.244217425384e-03
 3.800000000000e+00, 8.700000000000e-01, 9.400000000000e-01, 6.506331589106e-01, 4.451603677767e-03
 3.800000000000e+00, 8.700000000000e-01, 1.010000000000e+00, 5.177276410720e-01, 4.140856694130e-03
 3.800000000000e+00, 8.700000000000e-01, 1.080000000000e+00, 4.798629745559e-01, 4.109126267930e-03
 3.800000000000e+00, 8.700000000000e-01, 1.150000000000e+00, 4.782141855282e-01, 4.002098561408e-03
 3.800000000000e+00, 8.700000000000e-01, 1.220000000000e+00, 5.014333381110e-01, 4.341262369845e-03
 3.800000000000e+00, 8.700000000000e-01, 1.290000000000e+00, 5.161509004822e-01, 3.956491514525e-03
 3.800000000000e+00, 8.700000000000e-01, 1.360000000000e+00, 5.449235185493e-01, 4.245669274508e-03
 3.800000000000e+00, 8.700000000000e-01, 1.430000000000e+00, 5.581485373633e-01, 4.236834725387e-03
 3.800000000000e+00, 9.400000000000e-01, 8.000000000000e-01, 1.814734419628e+00, 1.529964245117e-02
 3.800000000000e+00, 9.400000000000e-01, 8.700000000000e-01, 8.436618108018e-01, 5.894355568629e-03
 3.800000000000e+00, 9.400000000000e-01, 9.400000000000e-01, 4.661278609558e-01, 2.643864615546e-03
 3.800000000000e+00, 9.400000000000e-01, 1.010000000000e+00, 3.332263247574e-01, 1.824023253946e-03
 3.800000000000e+00, 9.400000000000e-01, 1.080000000000e+00, 2.952817169542e-01, 1.633167585809e-03
 3.800000000000e+00, 9.400000000000e-01, 1.150000000000e+00, 2.958156561723e-01, 1.614190495326e-03
 3.800000000000e+00, 9.400000000000e-01, 1.220000000000e+00, 3.143775032939e-01, 1.676358934379e-03
 3.800000000000e+00, 9.400000000000e-01, 1.290000000000e+00, 3.354228042237e-01, 1.588719055346e-03
 3.800000000000e+00, 9.400000000000e-01, 1.360000000000e+00, 3.536600339640e-01, 1.644576326087e-03
 3.800000000000e+00, 9.400000000000e-01, 1.430000000000e+00, 3.741872453744e-01, 1.716804405573e-03
 3.800000000000e+00, 1.010000000000e+00, 8.000000000000e-01, 1.745434992262e+00, 1.529068368144e-02
 3.800000000000e+00, 1.010000000000e+00, 8.700000000000e-01, 7.776926379413e-01, 6.099349442604e-03
 3.800000000000e+00, 1.010000000000e+00, 9.400000000000e-01, 3.997245274487e-01, 2.308964113819e-03
 3.800000000000e+00, 1.010000000000e+00, 1.010000000000e+00, 2.657195111485e-01, 1.008717938838e-03
 3.800000000000e+00, 1.010000000000e+00, 1.080000000000e+00, 2.288341710830e-01, 6.247631949670e-04
 3.800000000000e+00, 1.010000000000e+00, 1.150000000000e+00, 2.289237440177e-01, 5.607106915727e-04
 3.800000000000e+00, 1.010000000000e+00, 1.220000000000e+00, 2.455055804272e-01, 5.973070528147e-04
 3.800000000000e+00, 1.010000000000e+00, 1.290000000000e+00, 2.666508952721e-01, 5.922363726344e-04
 3.800000000000e+00, 1.010000000000e+00, 1.360000000000e+00, 2.881518594951e-01, 6.310810205318e-04
 3.800000000000e+00, 1.010000000000e+00, 1.430000000000e+00, 3.086291406652e-01, 6.119725931917e-04
 3.800000000000e+00, 1.080000000000e+00, 8.000000000000e-01, 1.716944459029e+00, 1.525388408710e-02
 3.800000000000e+00, 1.080000000000e+00, 8.700000000000e-01, 7.488310951157e-01, 5.579205068273e-03
 3.800000000000e+00, 1.080000000000e+00, 9.400000000000e-01, 3.794213762717e-01, 2.534324410019e-03
 3.800000000000e+00, 1.080000000000e+00, 1.010000000000e+00, 2.480523880020e-01, 8.440856542850e-04
 3.800000000000e+00, 1.080000000000e+00, 1.080000000000e+00, 2.080154693331e-01, 2.521431519436e-04
 3.800000000000e+00, 1.080000000000e+00, 1.150000000000e+00, 2.096678429860e-01, 1.656010436269e-04
 3.800000000000e+00, 1.080000000000e+00, 1.220000000000e+00, 2.256769908328e-01, 2.161887228464e-04
 3.800000000000e+00, 1.080000000000e+00, 1.290000000000e+00, 2.468793422080e-01, 2.583186874392e-04
 3.800000000000e+00, 1.080000000000e+00, 1.360000000000e+00, 2.683271273201e-01, 2.561215423224e-04
 3.800000000000e+00, 1.080000000000e+00, 1.430000000000e+00, 2.883423899424e-01, 2.697320955984e-04
 3.800000000000e+00, 1.150000000000e+00, 8.000000000000e-01, 1.724712207992e+00, 1.583381536420e-02
 3.800000000000e+00, 1.150000000000e+00, 8.700000000000e-01, 7.583544644029e-01, 5.979139040621e-03
 3.800000000000e+00, 1.150000000000e+00, 9.400000000000e-01, 3.810886481175e-01, 2.217934041532e-03
 3.800000000000e+00, 1.150000000000e+00, 1.010000000000e+00, 2.482670300573e-01, 8.248493423471e-04
 3.800000000000e+00, 1.150000000000e+00, 1.080000000000e+00, 2.089897973097e-01, 2.086363137430e-04
 3.800000000000e+00, 1.150000000000e+00, 1.150000000000e+00, 2.099556813523e-01, 1.074425232670e-04
 3.800000000000e+00, 1.150000000000e+00, 1.220000000000e+00, 2.264245975466e-01, 1.737411572189e-04
 3.800000000000e+00, 1.150000000000e+00, 1.290000000000e+00, 2.470170765866e-01, 2.146159942270e-04
 3.800000000000e+00, 1.150000000000e+00, 1.360000000000e+00, 2.688818419606e-01, 2.220461737985e-04
 3.800000000000e+00, 1.150000000000e+00, 1.430000000000e+00, 2.887115162641e-01, 2.318409343796e-04
 3.800000000000e+00, 1.220000000000e+00, 8.000000000000e-01, 1.695787762322e+00, 1.465317641526e-02
 3.800000000000e+00, 1.220000000000e+00, 8.700000000000e-01, 7.617733170292e-01, 6.013084602959e-03
 3.800000000000e+00, 1.220000000000e+00, 9.400000000000e-01, 3.888252576667e-01, 2.149212313164e-03
 3.800000000000e+00, 1.220000000000e+00, 1.010000000000e+00, 2.553234212686e-01, 9.034863135509e-04
 3.800000000000e+00, 1.220000000000e+00, 1.080000000000e+00, 2.173044789984e-01, 2.371182208436e-04
 3.800000000000e+00, 1.220000000000e+00, 1.150000000000e+00, 2.180288394626e-01, 1.453019595795e-04
 3.800000000000e+00, 1.220000000000e+00, 1.220000000000e+00, 2.342153768262e-01, 2.151877067199e-04
 3.800000000000e+00, 1.220000000000e+00, 1.290000000000e+00, 2.553435286306e-01, 2.501411703783e-04
 3.800000000000e+00, 1.220000000000e+00, 1.360000000000e+00, 2.763003380533e-01, 2.581812380453e-04
 3.800000000000e+00, 1.220000000000e+00, 1.430000000000e+00, 2.962471387112e-01, 2.619457322303e-04
 3.800000000000e+00, 1.290000000000e+00, 8.000000000000e-01, 1.697278841903e+00, 1.437132106245e-02
 3.800000000000e+00, 1.290000000000e+00, 8.700000000000e-01, 7.599478951655e-01, 5.824064566446e-03
 3.800000000000e+00, 1.290000000000e+00, 9.400000000000e-01, 3.975161615662e-01, 2.229347283931e-03
 3.800000000000e+00, 1.290000000000e+00, 1.010000000000e+00, 2.653929830885e-01, 7.979725439965e-04
 3.800000000000e+00, 1.290000000000e+00, 1.080000000000e+00, 2.278735393176e-01, 2.506096323168e-04
 3.800000000000e+00, 1.290000000000e+00, 1.150000000000e+00, 2.288821575398e-01, 1.625481455585e-04
 3.800000000000e+00, 1.290000000000e+00, 1.220000000000e+00, 2.447761601829e-01, 2.274997709869e-04
 3.800000000000e+00, 1.290000000000e+00, 1.290000000000e+00, 2.653409850676e-01, 2.734895707143e-04
 3.800000000000e+00, 1.290000000000e+00, 1.360000000000e+00, 2.859596898388e-01, 3.084557522536e-04
 3.800000000000e+00, 1.290000000000e+00, 1.430000000000e+00, 3.059231396092e-01, 2.946921598168e-04
 3.800000000000e+00, 1.360000000000e+00, 8.000000000000e-01, 1.714755074582e+00, 1.501780404352e-02
 3.800000000000e+00, 1.360000000000e+00, 8.700000000000e-01, 7.619157084796e-01, 5.980258429342e-03
 3.800000000000e+00, 1.360000000000e+00, 9.400000000000e-01, 4.081152208787e-01, 2.268423213000e-03
 3.800000000000e+00, 1.360000000000e+00, 1.010000000000e+00, 2.767674185321e-01, 8.313313256401e-04
 3.800000000000e+00, 1.360000000000e+00, 1.080000000000e+00, 2.387667859351e-01, 2.512883365996e-04
 3.800000000000e+00, 1.360000000000e+00, 1.150000000000e+00, 2.400241711210e-01, 1.639547389011e-04
 3.800000000000e+00, 1.360000000000e+00, 1.220000000000e+00, 2.559011436377e-01, 2.337562838403e-04
 3.800000000000e+00, 1.360000000000e+00, 1.290000000000e+00, 2.763717735516e-01, 2.956753351242e-04
 3.800000000000e+00, 1.360000000000e+00, 1.360000000000e+00, 2.967771244413e-01, 2.961206417948e-04
 3.800000000000e+00, 1.360000000000e+00, 1.430000000000e+00, 3.163393040373e-01, 2.967353321054e-04
 3.800000000000e+00, 1.430000000000e+00, 8.000000000000e-01, 1.672256551841e+00, 1.443445516077e-02
 3.800000000000e+00, 1.430000000000e+00, 8.700000000000e-01, 7.612520460295e-01, 5.648614095045e-03
 3.800000000000e+00, 1.430000000000e+00, 9.400000000000e-01, 4.173890390990e-01, 2.347561372922e-03
 3.800000000000e+00, 1.430000000000e+00, 1.010000000000e+00, 2.861361884788e-01, 7.959157453885e-04
 3.800000000000e+00, 1.430000000000e+00, 1.080000000000e+00, 2.491304259293e-01, 2.545360796979e-04
 3.800000000000e+00, 1.430000000000e+00, 1.150000000000e+00, 2.496087921721e-01, 1.829453987541e-04
 3.800000000000e+00, 1.430000000000e+00, 1.220000000000e+00, 2.656695406045e-01, 2.336585147093e-04
 3.800000000000e+00, 1.430000000000e+00, 1.290000000000e+00, 2.856543385903e-01, 2.752067744620e-04
 3.800000000000e+00, 1.430000000000e+00, 1.360000000000e+00, 3.067004340679e-01, 2.984487364872e-04
 3.800000000000e+00, 1.430000000000e+00, 1.430000000000e+00, 3.264253842795e-01, 3.200170305771e-04
