#              p[0],               p[1],               p[2],             energy,               error
 2.000000000000e+00, 8.000000000000e-01, 8.000000000000e-01, 1.413757349337e+01, 6.761639543377e-02
 2.000000000000e+00, 8.000000000000e-01, 8.700000000000e-01, 8.812117419069e+00, 4.801912935319e-02
 2.000000000000e+00, 8.000000000000e-01, 9.400000000000e-01, 6.687783072415e+00, 4.401720371154e-02
 2.000000000000e+00, 8.000000000000e-01, 1.010000000000e+00, 5.937860330498e+00, 4.435828900442e-02
 2.000000000000e+00, 8.000000000000e-01, 1.080000000000e+00, 5.732311802797e+00, 4.538593279810e-02
 2.000000000000e+00, 8.000000000000e-01, 1.150000000000e+00, 5.744687335428e+00, 5.010042538214e-02
 2.000000000000e+00, 8.000000000000e-01, 1.220000000000e+00, 5.859346027266e+00, 4.976464802176e-02
 2.000000000000e+00, 8.000000000000e-01, 1.290000000000e+00, 5.861039000067e+00, 4.620770428002e-02
 2.000000000000e+00, 8.000000000000e-01, 1.360000000000e+00, 5.935456751565e+00, 4.557869803353e-02
 2.000000000000e+00, 8.000000000000e-01, 1.430000000000e+00, 6.115831114586e+00, 4.903492218071e-02
 2.000000000000e+00, 8.700000000000e-01, 8.000000000000e-01, 1.045911679162e+01, 5.557488227615e-02
 2.000000000000e+00, 8.700000000000e-01, 8.700000000000e-01, 5.307646230805e+00, 2.699248679604e-02
 2.000000000000e+00, 8.700000000000e-01, 9.400000000000e-01, 3.214269953742e+00, 1.835868340386e-02
 2.000000000000e+00, 8.700000000000e-01, 1.010000000000e+00, 2.465939871106e+00, 1.678236073298e-02
 2.000000000000e+00, 8.700000000000e-01, 1.080000000000e+00, 2.229758632531e+00, 1.749781634675e-02
 2.000000000000e+00, 8.700000000000e-01, 1.150000000000e+00, 2.192146203403e+00, 1.683044575358e-02
 2.000000000000e+00, 8.700000000000e-01, 1.220000000000e+00, 2.262905193013e+00, 1.783557679734e-02
 2.000000000000e+00, 8.700000000000e-01, 1.290000000000e+00, 2.369485352302e+00, 1.787740929594e-02
 2.000000000000e+00, 8.700000000000e-01, 1.360000000000e+00, 2.450637240941e+00, 1.797559840411e-02
 2.000000000000e+00, 8.700000000000e-01, 1.430000000000e+00, 2.529664176497e+00, 1.768662406301e-02
 2.000000000000e+00, 9.400000000000e-01, 8.000000000000e-01, 9.072092031168e+00, 5.381622015627e-02
 2.000000000000e+00, 9.400000000000e-01, 8.700000000000e-01, 3.891344539704e+00, 2.137906832165e-02
 2.000000000000e+00, 9.400000000000e-01, 9.400000000000e-01, 1.885920906431e+00, 9.283944166453e-03
 2.000000000000e+00, 9.400000000000e-01, 1.010000000000e+00, 1.112144226998e+00, 6.664783081470e-03
 2.000000000000e+00, 9.400000000000e-01, 1.080000000000e+00, 8.797755235685e-01, 6.608157833077e-03
 2.000000000000e+00, 9.400000000000e-01, 1.150000000000e+00, 8.684058590537e-01, 6.574135088257e-03
 2.000000000000e+00, 9.400000000000e-01, 1.220000000000e+00, 9.242941150092e-01, 6.621424066714e-03
 2.000000000000e+00, 9.400000000000e-01, 1.290000000000e+00, 9.978460805707e-01, 6.563829021944e-03
 2.000000000000e+00, 9.400000000000e-01, 1.360000000000e+00, 1.074649106492e+00, 6.579291450439e-03
 2.000000000000e+00, 9.400000000000e-01, 1.430000000000e+00, 1.168470002919e+00, 7.155078397795e-03
 2.000000000000e+00, 1.010000000000e+00, 8.000000000000e-01, 8.529761119846e+00, 5.355332479233e-02
 2.000000000000e+00, 1.010000000000e+00, 8.700000000000e-01, 3.363478152777e+00, 2.100704946841e-02
 2.000000000000e+00, 1.010000000000e+00, 9.400000000000e-01, 1.362394088126e+00, 8.383409471957e-03
 2.000000000000e+00, 1.010000000000e+00, 1.010000000000e+00, 6.171403198993e-01, 3.673989011040e-03
 2.000000000000e+00, 1.010000000000e+00, 1.080000000000e+00, 3.858248806903e-01, 2.417653439289e-03
 2.000000000000e+00, 1.010000000000e+00, 1.150000000000e+00, 3.582392227351e-01, 2.250995772331e-03
 2.000000000000e+00, 1.010000000000e+00, 1.220000000000e+00, 4.180351786593e-01, 2.349991766561e-03
 2.000000000000e+00, 1.010000000000e+00, 1.290000000000e+00, 4.989853603280e-01, 2.465084405971e-03
 2.000000000000e+00, 1.010000000000e+00, 1.360000000000e+00, 5.806571486944e-01, 2.447953809269e-03
 2.000000000000e+00, 1.010000000000e+00, 1.430000000000e+00, 6.608312529723e-01, 2.449094950910e-03
 2.000000000000e+00, 1.080000000000e+00, 8.000000000000e-01, 8.256778489737e+00, 5.438105923404e-02
 2.000000000000e+00, 1.080000000000e+00, 8.700000000000e-01, 3.187551195494e+00, 2.149764637435e-02
 2.000000000000e+00, 1.080000000000e+00, 9.400000000000e-01, 1.195131282832e+00, 7.729348110287e-03
 2.000000000000e+00, 1.080000000000e+00, 1.010000000000e+00, 4.678628767671e-01, 2.871740304978e-03
 2.000000000000e+00, 1.080000000000e+00, 1.080000000000e+00, 2.298607538362e-01, 9.895077057056e-04
 2.000000000000e+00, 1.080000000000e+00, 1.150000000000e+00, 2.042966689052e-01, 6.100669471899e-04
 2.000000000000e+00, 1.080000000000e+00, 1.220000000000e+00, 2.590651063996e-01, 7.602639173242e-04
 2.000000000000e+00, 1.080000000000e+00, 1.290000000000e+00, 3.395092533451e-01, 8.758485377949e-04
 2.000000000000e+00, 1.080000000000e+00, 1.360000000000e+00, 4.232460463525e-01, 9.615842452061e-04
 2.000000000000e+00, 1.080000000000e+00, 1.430000000000e+00, 4.994046317507e-01, 9.448674650139e-04
 2.000000000000e+00, 1.150000000000e+00, 8.000000000000e-01, 8.040172601644e+00, 5.178628972629e-02
 2.000000000000e+00, 1.150000000000e+00, 8.700000000000e-01, 3.119460363683e+00, 2.015865036492e-02
 2.000000000000e+00, 1.150000000000e+00, 9.400000000000e-01, 1.167156537874e+00, 7.922459900765e-03
 2.000000000000e+00, 1.150000000000e+00, 1.010000000000e+00, 4.444451551369e-01, 2.803394980163e-03
 2.000000000000e+00, 1.150000000000e+00, 1.080000000000e+00, 2.131839831339e-01, 7.406477617093e-04
 2.000000000000e+00, 1.150000000000e+00, 1.150000000000e+00, 1.866991228289e-01, 2.767972156273e-04
 2.000000000000e+00, 1.150000000000e+00, 1.220000000000e+00, 2.406049167882e-01, 5.450733179844e-04
 2.000000000000e+00, 1.150000000000e+00, 1.290000000000e+00, 3.195003360055e-01, 6.801143707815e-04
 2.000000000000e+00, 1.150000000000e+00, 1.360000000000e+00, 4.028081772451e-01, 7.007415290090e-04
 2.000000000000e+00, 1.150000000000e+00, 1.430000000000e+00, 4.785060316515e-01, 7.506009805226e-04
 2.000000000000e+00, 1.220000000000e+00, 8.000000000000e-01, 7.941552289503e+00, 5.299886825546e-02
 2.000000000000e+00, 1.220000000000e+00, 8.700000000000e-01, 3.094786527059e+00, 2.040880220473e-02
 2.000000000000e+00, 1.220000000000e+00, 9.400000000000e-01, 1.191478010930e+00, 7.831841303689e-03
 2.000000000000e+00, 1.220000000000e+00, 1.010000000000e+00, 4.804372275917e-01, 3.023791955961e-03
 2.000000000000e+00, 1.220000000000e+00, 1.080000000000e+00, 2.511830769638e-01, 8.350855616532e-04
 2.000000000000e+00, 1.220000000000e+00, 1.150000000000e+00, 2.230716812915e-01, 4.516436345927e-04
 2.000000000000e+00, 1.220000000000e+00, 1.220000000000e+00, 2.765958057231e-01, 6.818728654264e-04
 2.000000000000e+00, 1.220000000000e+00, 1.290000000000e+00, 3.539209961860e-01, 8.256056770382e-04
 2.000000000000e+00, 1.220000000000e+00, 1.360000000000e+00, 4.357537236248e-01, 8.394797683677e-04
 2.000000000000e+00, 1.220000000000e+00, 1.430000000000e+00, 5.108851697202e-01, 8.561381302751e-04
 2.000000000000e+00, 1.290000000000e+00, 8.000000000000e-01, 7.832068448764e+00, 5.322854910837e-02
 2.000000000000e+00, 1.290000000000e+00, 8.700000000000e-01, 3.102301655066e+00, 1.995383945446e-02
 2.000000000000e+00, 1.290000000000e+00, 9.400000000000e-01, 1.240365045301e+00, 8.134157179564e-03
 2.000000000000e+00, 1.290000000000e+00, 1.010000000000e+00, 5.299366563679e-01, 2.828357148511e-03
 2.000000000000e+00, 1.290000000000e+00, 1.080000000000e+00, 3.051541518317e-01, 9.286053321352e-04
 2.000000000000e+00, 1.290000000000e+00, 1.150000000000e+00, 2.754395932124e-01, 5.787840319688e-04
 2.000000000000e+00, 1.290000000000e+00, 1.220000000000e+00, 3.279793473368e-01, 7.659299079301e-04
 2.000000000000e+00, 1.290000000000e+00, 1.290000000000e+00, 4.048591375578e-01, 8.946527361077e-04
 2.000000000000e+00, 1.290000000000e+00, 1.360000000000e+00, 4.863569783830e-01, 9.932536220126e-04
 2.000000000000e+00, 1.290000000000e+00, 1.430000000000e+00, 5.614010236763e-01, 9.337133726474e-04
 2.000000000000e+00, 1.360000000000e+00, 8.000000000000e-01, 7.547182247465e+00, 4.962687132527e-02
 2.000000000000e+00, 1.360000000000e+00, 8.700000000000e-01, 3.056759024555e+00, 2.001860933922e-02
 2.000000000000e+00, 1.360000000000e+00, 9.400000000000e-01, 1.271321926665e+00, 7.726442374944e-03
 2.000000000000e+00, 1.360000000000e+00, 1.010000000000e+00, 5.833260045531e-01, 2.858792156685e-03
 2.000000000000e+00, 1.360000000000e+00, 1.080000000000e+00, 3.612287324425e-01, 9.348354741646e-04
 2.000000000000e+00, 1.360000000000e+00, 1.150000000000e+00, 3.341438479137e-01, 5.784461893741e-04
 2.000000000000e+00, 1.360000000000e+00, 1.220000000000e+00, 3.827512754965e-01, 7.982097054370e-04
 2.000000000000e+00, 1.360000000000e+00, 1.290000000000e+00, 4.601795489358e-01, 9.563457538489e-04
 2.000000000000e+00, 1.360000000000e+00, 1.360000000000e+00, 5.400866013118e-01, 9.780735476531e-04
 2.000000000000e+00, 1.360000000000e+00, 1.430000000000e+00, 6.168992064831e-01, 9.663567292835e-04
 2.000000000000e+00, 1.430000000000e+00, 8.000000000000e-01, 7.449710692326e+00, 5.073952616549e-02
 2.000000000000e+00, 1.430000000000e+00, 8.700000000000e-01, 3.094847632824e+00, 1.955742830401e-02
 2.000000000000e+00, 1.430000000000e+00, 9.400000000000e-01, 1.310060169307e+00, 7.966384523737e-03
 2.000000000000e+00, 1.430000000000e+00, 1.010000000000e+00, 6.337324114049e-01, 2.836333468336e-03
 2.000000000000e+00, 1.430000000000e+00, 1.080000000000e+00, 4.142375127720e-01, 9.581005490110e-04
 2.000000000000e+00, 1.430000000000e+00, 1.150000000000e+00, 3.865027349311e-01, 5.890149277503e-04
 2.000000000000e+00, 1.430000000000e+00, 1.220000000000e+00, 4.325873670073e-01, 8.268296128138e-04
 2.000000000000e+00, 1.430000000000e+00, 1.290000000000e+00, 5.094439889703e-01, 9.217242423922e-04
 2.000000000000e+00, 1.430000000000e+00, 1.360000000000e+00, 5.899868211188e-01, 9.801276257269e-04
 2.000000000000e+00, 1.430000000000e+00, 1.430000000000e+00, 6.636126223030e-01, 9.992358789149e-04
 2.300000000000e+00, 8.000000000000e-01, 8.000000000000e-01, 1.169332141949e+01, 6.107158288754e-02
 2.300000000000e+00, 8.000000000000e-01, 8.700000000000e-01, 7.262495349459e+00, 4.295007490981e-02
 2.300000000000e+00, 8.000000000000e-01, 9.400000000000e-01, 5.573191085380e+00, 4.087091695097e-02
 2.300000000000e+00, 8.000000000000e-01, 1.010000000000e+00, 4.908377049059e+00, 4.165401979169e-02
 2.300000000000e+00, 8.000000000000e-01, 1.080000000000e+00, 4.745887589220e+00, 3.998306764607e-02
 2.300000000000e+00, 8.000000000000e-01, 1.150000000000e+00, 4.761243570968e+00, 4.047748123411e-02
 2.300000000000e+00, 8.000000000000e-01, 1.220000000000e+00, 4.794888267322e+00, 4.156886160799e-02
 2.300000000000e+00, 8.000000000000e-01, 1.290000000000e+00, 4.805471693739e+00, 3.909974638806e-02
 2.300000000000e+00, 8.000000000000e-01, 1.360000000000e+00, 4.936081543827e+00, 4.160316330517e-02
 2.300000000000e+00, 8.000000000000e-01, 1.430000000000e+00, 5.035365189987e+00, 4.247089430342e-02
 2.300000000000e+00, 8.700000000000e-01, 8.000000000000e-01, 8.713311950616e+00, 4.999559931391e-02
 2.300000000000e+00, 8.700000000000e-01, 8.700000000000e-01, 4.383219853212e+00, 2.360897268420e-02
 2.300000000000e+00, 8.700000000000e-01, 9.400000000000e-01, 2.642994086087e+00, 1.593793288064e-02
 2.300000000000e+00, 8.700000000000e-01, 1.010000000000e+00, 2.031162521577e+00, 1.474751090370e-02
 2.300000000000e+00, 8.700000000000e-01, 1.080000000000e+00, 1.828680775906e+00, 1.453297105740e-02
 2.300000000000e+00, 8.700000000000e-01, 1.150000000000e+00, 1.805604488913e+00, 1.479864918986e-02
 2.300000000000e+00, 8.700000000000e-01, 1.220000000000e+00, 1.882379675977e+00, 1.547489210890e-02
 2.300000000000e+00, 8.700000000000e-01, 1.290000000000e+00, 1.932550906981e+00, 1.498076283781e-02
 2.300000000000e+00, 8.700000000000e-01, 1.360000000000e+00, 2.021891134423e+00, 1.539438393489e-02
 2.300000000000e+00, 8.700000000000e-01, 1.430000000000e+00, 2.112823765022e+00, 1.619976241069e-02
 2.300000000000e+00, 9.400000000000e-01, 8.000000000000e-01, 7.571723904140e+00, 4.675439931746e-02
 2.300000000000e+00, 9.400000000000e-01, 8.700000000000e-01, 3.187702593170e+00, 1.815536262308e-02
 2.300000000000e+00, 9.400000000000e-01, 9.400000000000e-01, 1.549482185166e+00, 8.849381077631e-03
 2.300000000000e+00, 9.400000000000e-01, 1.010000000000e+00, 9.307537827947e-01, 6.549087996875e-03
 2.300000000000e+00, 9.400000000000e-01, 1.080000000000e+00, 7.328523456315e-01, 5.557663858578e-03
 2.300000000000e+00, 9.400000000000e-01, 1.150000000000e+00, 7.179350716250e-01, 5.873120975126e-03
 2.300000000000e+00, 9.400000000000e-01, 1.220000000000e+00, 7.726061838682e-01, 5.615455330490e-03
 2.300000000000e+00, 9.400000000000e-01, 1.290000000000e+00, 8.491636316207e-01, 5.883037196712e-03
 2.300000000000e+00, 9.400000000000e-01, 1.360000000000e+00, 9.340901473060e-01, 5.953609473288e-03
 2.300000000000e+00, 9.400000000000e-01, 1.430000000000e+00, 9.993520766511e-01, 5.972523780132e-03
 2.300000000000e+00, 1.010000000000e+00, 8.000000000000e-01, 6.987272646908e+00, 4.587192743241e-02
 2.300000000000e+00, 1.010000000000e+00, 8.700000000000e-01, 2.764687516752e+00, 1.790546703661e-02
 2.300000000000e+00, 1.010000000000e+00, 9.400000000000e-01, 1.135259912330e+00, 7.130115570981e-03
 2.300000000000e+00, 1.010000000000e+00, 1.010000000000e+00, 5.160135822025e-01, 3.157651302718e-03
 2.300000000000e+00, 1.010000000000e+00, 1.080000000000e+00, 3.332017268511e-01, 2.079680952156e-03
 2.300000000000e+00, 1.010000000000e+00, 1.150000000000e+00, 3.215514470092e-01, 2.063439413522e-03
 2.300000000000e+00, 1.010000000000e+00, 1.220000000000e+00, 3.701513971843e-01, 2.138091650772e-03
 2.300000000000e+00, 1.010000000000e+00, 1.290000000000e+00, 4.443327269340e-01, 2.150678378838e-03
 2.300000000000e+00, 1.010000000000e+00, 1.360000000000e+00, 5.190096896288e-01, 2.174292215727e-03
 2.300000000000e+00, 1.010000000000e+00, 1.430000000000e+00, 5.869513017033e-01, 2.205561633343e-03
 2.300000000000e+00, 1.080000000000e+00, 8.000000000000e-01, 6.811202341946e+00, 4.799556381947e-02
 2.300000000000e+00, 1.080000000000e+00, 8.700000000000e-01, 2.602007892476e+00, 1.748177887017e-02
 2.300000000000e+00, 1.080000000000e+00, 9.400000000000e-01, 9.994262228199e-01, 7.036121950087e-03
 2.300000000000e+00, 1.080000000000e+00, 1.010000000000e+00, 3.956972893576e-01, 2.514483016782e-03
 2.300000000000e+00, 1.080000000000e+00, 1.080000000000e+00, 2.085821166033e-01, 8.621112553021e-04
 2.300000000000e+00, 1.080000000000e+00, 1.150000000000e+00, 1.924963470976e-01, 5.183122523000e-04
 2.300000000000e+00, 1.080000000000e+00, 1.220000000000e+00, 2.437635593948e-01, 6.809618033375e-04
 2.300000000000e+00, 1.080000000000e+00, 1.290000000000e+00, 3.167932155477e-01, 7.830581480123e-04
 2.300000000000e+00, 1.080000000000e+00, 1.360000000000e+00, 3.892419200691e-01, 8.395386713663e-04
 2.300000000000e+00, 1.080000000000e+00, 1.430000000000e+00, 4.549301285610e-01, 8.201808813098e-04
 2.300000000000e+00, 1.150000000000e+00, 8.000000000000e-01, 6.670381653009e+00, 4.826536161687e-02
 2.300000000000e+00, 1.150000000000e+00, 8.700000000000e-01, 2.549104791919e+00, 1.728936909641e-02
 2.300000000000e+00, 1.150000000000e+00, 9.400000000000e-01, 9.696353841501e-01, 6.672158965102e-03
 2.300000000000e+00, 1.150000000000e+00, 1.010000000000e+00, 3.865364733056e-01, 2.555072363540e-03
 2.300000000000e+00, 1.150000000000e+00, 1.080000000000e+00, 1.980453475122e-01, 6.583077333061e-04
 2.300000000000e+00, 1.150000000000e+00, 1.150000000000e+00, 1.824545925136e-01, 2.565701216271e-04
 2.300000000000e+00, 1.150000000000e+00, 1.220000000000e+00, 2.319133714169e-01, 4.815475794019e-04
 2.300000000000e+00, 1.150000000000e+00, 1.290000000000e+00, 3.036859512311e-01, 5.861175930028e-04
 2.300000000000e+00, 1.150000000000e+00, 1.360000000000e+00, 3.755966385847e-01, 6.406145260792e-04
 2.300000000000e+00, 1.150000000000e+00, 1.430000000000e+00, 4.435164733105e-01, 6.486703828676e-04
 2.300000000000e+00, 1.220000000000e+00, 8.000000000000e-01, 6.657574002028e+00, 4.694353995645e-02
 2.300000000000e+00, 1.220000000000e+00, 8.700000000000e-01, 2.572526514488e+00, 1.781496622850e-02
 2.300000000000e+00, 1.220000000000e+00, 9.400000000000e-01, 1.004907074638e+00, 6.890694406690e-03
 2.300000000000e+00, 1.220000000000e+00, 1.010000000000e+00, 4.167162557428e-01, 2.564610655992e-03
 2.300000000000e+00, 1.220000000000e+00, 1.080000000000e+00, 2.322643442998e-01, 7.383257587042e-04
 2.300000000000e+00, 1.220000000000e+00, 1.150000000000e+00, 2.151984304948e-01, 4.171838345415e-04
 2.300000000000e+00, 1.220000000000e+00, 1.220000000000e+00, 2.652689357095e-01, 6.337666455990e-04
 2.300000000000e+00, 1.220000000000e+00, 1.290000000000e+00, 3.343256668942e-01, 7.169436355212e-04
 2.300000000000e+00, 1.220000000000e+00, 1.360000000000e+00, 4.062601473156e-01, 7.707195481226e-04
 2.300000000000e+00, 1.220000000000e+00, 1.430000000000e+00, 4.748295588503e-01, 7.498212062456e-04
 2.300000000000e+00, 1.290000000000e+00, 8.000000000000e-01, 6.468886290463e+00, 4.766831628137e-02
 2.300000000000e+00, 1.290000000000e+00, 8.700000000000e-01, 2.587303756976e+00, 1.852500113665e-02
 2.300000000000e+00, 1.290000000000e+00, 9.400000000000e-01, 1.047484652560e+00, 6.971455279120e-03
 2.300000000000e+00, 1.290000000000e+00, 1.010000000000e+00, 4.641471987182e-01, 2.746914825260e-03
 2.300000000000e+00, 1.290000000000e+00, 1.080000000000e+00, 2.814152185854e-01, 8.243318966564e-04
 2.300000000000e+00, 1.290000000000e+00, 1.150000000000e+00, 2.635765203777e-01, 5.091709505988e-04
 2.300000000000e+00, 1.290000000000e+00, 1.220000000000e+00, 3.099957917116e-01, 7.156338093894e-04
 2.300000000000e+00, 1.290000000000e+00, 1.290000000000e+00, 3.796985548582e-01, 8.180158180445e-04
 2.300000000000e+00, 1.290000000000e+00, 1.360000000000e+00, 4.520585980237e-01, 8.475307992173e-04
 2.300000000000e+00, 1.290000000000e+00, 1.430000000000e+00, 5.208558014860e-01, 8.194338306078e-04
 2.300000000000e+00, 1.360000000000e+00, 8.000000000000e-01, 6.408786491614e+00, 4.794590324806e-02
 2.300000000000e+00, 1.360000000000e+00, 8.700000000000e-01, 2.581445751877e+00, 1.726554829622e-02
 2.300000000000e+00, 1.360000000000e+00, 9.400000000000e-01, 1.079864155702e+00, 6.834011632564e-03
 2.300000000000e+00, 1.360000000000e+00, 1.010000000000e+00, 5.091201653496e-01, 2.514257899184e-03
 2.300000000000e+00, 1.360000000000e+00, 1.080000000000e+00, 3.321172992236e-01, 8.120505619073e-04
 2.300000000000e+00, 1.360000000000e+00, 1.150000000000e+00, 3.144166063372e-01, 4.844999140474e-04
 2.300000000000e+00, 1.360000000000e+00, 1.220000000000e+00, 3.589629568609e-01, 7.060451197479e-04
 2.300000000000e+00, 1.360000000000e+00, 1.290000000000e+00, 4.287009387286e-01, 8.311020310277e-04
 2.300000000000e+00, 1.360000000000e+00, 1.360000000000e+00, 4.991550852277e-01, 8.618696226722e-04
 2.300000000000e+00, 1.360000000000e+00, 1.430000000000e+00, 5.660348534992e-01, 8.648590833944e-04
 2.300000000000e+00, 1.430000000000e+00, 8.000000000000e-01, 6.279682608140e+00, 4.769640940066e-02
 2.300000000000e+00, 1.430000000000e+00, 8.700000000000e-01, 2.583495402865e+00, 1.760169396010e-02
 2.300000000000e+00, 1.430000000000e+00, 9.400000000000e-01, 1.118218054357e+00, 7.032588165379e-03
 2.300000000000e+00, 1.430000000000e+00, 1.010000000000e+00, 5.521834624483e-01, 2.490565219037e-03
 2.300000000000e+00, 1.430000000000e+00, 1.080000000000e+00, 3.781415323543e-01, 8.421104565866e-04
 2.300000000000e+00, 1.430000000000e+00, 1.150000000000e+00, 3.601468984841e-01, 5.404301162195e-04
 2.300000000000e+00, 1.430000000000e+00, 1.220000000000e+00, 4.045800411420e-01, 7.230536513280e-04
 2.300000000000e+00, 1.430000000000e+00, 1.290000000000e+00, 4.737177344854e-01, 8.145970165401e-04
 2.300000000000e+00, 1.430000000000e+00, 1.360000000000e+00, 5.416253765708e-01, 9.074581376167e-04
 2.300000000000e+00, 1.430000000000e+00, 1.430000000000e+00, 6.070454883917e-01, 9.250482108550e-04
 2.600000000000e+00, 8.000000000000e-01, 8.000000000000e-01, 9.807322762849e+00, 5.407934549019e-02
 2.600000000000e+00, 8.000000000000e-01, 8.700000000000e-01, 6.154530502145e+00, 3.767605337798e-02
 2.600000000000e+00, 8.000000000000e-01, 9.400000000000e-01, 4.688116113789e+00, 3.567694855441e-02
 2.600000000000e+00, 8.000000000000e-01, 1.010000000000e+00, 4.094637235562e+00, 3.326737812436e-02
 2.600000000000e+00, 8.000000000000e-01, 1.080000000000e+00, 3.981035338480e+00, 3.404643315351e-02
 2.600000000000e+00, 8.000000000000e-01, 1.150000000000e+00, 4.029947420796e+00, 3.585909811625e-02
 2.600000000000e+00, 8.000000000000e-01, 1.220000000000e+00, 4.058249355285e+00, 3.553197277752e-02
 2.600000000000e+00, 8.000000000000e-01, 1.290000000000e+00, 4.111295303078e+00, 3.894626340079e-02
 2.600000000000e+00, 8.000000000000e-01, 1.360000000000e+00, 4.184742929263e+00, 3.628284127507e-02
 2.600000000000e+00, 8.000000000000e-01, 1.430000000000e+00, 4.315857692843e+00, 3.679195920666e-02
 2.600000000000e+00, 8.700000000000e-01, 8.000000000000e-01, 7.397516002618e+00, 4.359431367547e-02
 2.600000000000e+00, 8.700000000000e-01, 8.700000000000e-01, 3.659527359781e+00, 2.044581616069e-02
 2.600000000000e+00, 8.700000000000e-01, 9.400000000000e-01, 2.251201086826e+00, 1.460587015557e-02
 2.600000000000e+00, 8.700000000000e-01, 1.010000000000e+00, 1.741895833866e+00, 1.360417817366e-02
 2.600000000000e+00, 8.700000000000e-01, 1.080000000000e+00, 1.564182388772e+00, 1.317479634286e-02
 2.600000000000e+00, 8.700000000000e-01, 1.150000000000e+00, 1.562315528309e+00, 1.312295026792e-02
 2.600000000000e+00, 8.700000000000e-01, 1.220000000000e+00, 1.623923430054e+00, 1.358895689267e-02
 2.600000000000e+00, 8.700000000000e-01, 1.290000000000e+00, 1.667101150900e+00, 1.347948459104e-02
 2.600000000000e+00, 8.700000000000e-01, 1.360000000000e+00, 1.749330886319e+00, 1.354257894785e-02
 2.600000000000e+00, 8.700000000000e-01, 1.430000000000e+00, 1.838534163083e+00, 1.485597095841e-02
 2.600000000000e+00, 9.400000000000e-01, 8.000000000000e-01, 6.361183069913e+00, 4.217013436957e-02
 2.600000000000e+00, 9.400000000000e-01, 8.700000000000e-01, 2.736383321009e+00, 1.689970178638e-02
 2.600000000000e+00, 9.400000000000e-01, 9.400000000000e-01, 1.309319389562e+00, 7.737321058670e-03
 2.600000000000e+00, 9.400000000000e-01, 1.010000000000e+00, 8.064936402851e-01, 5.722848725668e-03
 2.600000000000e+00, 9.400000000000e-01, 1.080000000000e+00, 6.473589952973e-01, 5.336098877342e-03
 2.600000000000e+00, 9.400000000000e-01, 1.150000000000e+00, 6.294125502617e-01, 5.059699695235e-03
 2.600000000000e+00, 9.400000000000e-01, 1.220000000000e+00, 6.879875110025e-01, 5.350443589492e-03
 2.600000000000e+00, 9.400000000000e-01, 1.290000000000e+00, 7.597809755756e-01, 5.464674391926e-03
 2.600000000000e+00, 9.400000000000e-01, 1.360000000000e+00, 8.161587428034e-01, 5.083959311042e-03
 2.600000000000e+00, 9.400000000000e-01, 1.430000000000e+00, 8.758245411796e-01, 5.257851544687e-03
 2.600000000000e+00, 1.010000000000e+00, 8.000000000000e-01, 5.968833762501e+00, 4.105302414851e-02
 2.600000000000e+00, 1.010000000000e+00, 8.700000000000e-01, 2.361034228803e+00, 1.658628287513e-02
 2.600000000000e+00, 1.010000000000e+00, 9.400000000000e-01, 9.707219544760e-01, 6.636575815004e-03
 2.600000000000e+00, 1.010000000000e+00, 1.010000000000e+00, 4.571266536731e-01, 2.862298209292e-03
 2.600000000000e+00, 1.010000000000e+00, 1.080000000000e+00, 3.011866808558e-01, 1.856894942564e-03
 2.600000000000e+00, 1.010000000000e+00, 1.150000000000e+00, 2.944473492330e-01, 1.780010489766e-03
 2.600000000000e+00, 1.010000000000e+00, 1.220000000000e+00, 3.438820325054e-01, 1.888411567219e-03
 2.600000000000e+00, 1.010000000000e+00, 1.290000000000e+00, 4.105995798956e-01, 2.033937257090e-03
 2.600000000000e+00, 1.010000000000e+00, 1.360000000000e+00, 4.774692012763e-01, 2.041432556303e-03
 2.600000000000e+00, 1.010000000000e+00, 1.430000000000e+00, 5.351696141235e-01, 1.961423408292e-03
 2.600000000000e+00, 1.080000000000e+00, 8.000000000000e-01, 5.812078332086e+00, 4.350729375377e-02
 2.600000000000e+00, 1.080000000000e+00, 8.700000000000e-01, 2.263393195486e+00, 1.604076477642e-02
 2.600000000000e+00, 1.080000000000e+00, 9.400000000000e-01, 8.548599092768e-01, 6.240946010895e-03
 2.600000000000e+00, 1.080000000000e+00, 1.010000000000e+00, 3.575944924541e-01, 2.308703832417e-03
 2.600000000000e+00, 1.080000000000e+00, 1.080000000000e+00, 2.018245349832e-01, 7.505132028327e-04
 2.600000000000e+00, 1.080000000000e+00, 1.150000000000e+00, 1.933366520753e-01, 4.727083560963e-04
 2.600000000000e+00, 1.080000000000e+00, 1.220000000000e+00, 2.414873072259e-01, 6.234238095654e-04
 2.600000000000e+00, 1.080000000000e+00, 1.290000000000e+00, 3.050632889800e-01, 6.870124634650e-04
 2.600000000000e+00, 1.080000000000e+00, 1.360000000000e+00, 3.697917564170e-01, 7.710591406888e-04
 2.600000000000e+00, 1.080000000000e+00, 1.430000000000e+00, 4.291093338375e-01, 7.455899128272e-04
 2.600000000000e+00, 1.150000000000e+00, 8.000000000000e-01, 5.768619056427e+00, 4.251267294441e-02
 2.600000000000e+00, 1.150000000000e+00, 8.700000000000e-01, 2.187267633805e+00, 1.599117502977e-02
 2.600000000000e+00, 1.150000000000e+00, 9.400000000000e-01, 8.529320725850e-01, 6.092687284273e-03
 2.600000000000e+00, 1.150000000000e+00, 1.010000000000e+00, 3.474193595195e-01, 2.189663744012e-03
 2.600000000000e+00, 1.150000000000e+00, 1.080000000000e+00, 1.964425540500e-01, 5.659614739793e-04
 2.600000000000e+00, 1.150000000000e+00, 1.150000000000e+00, 1.867305529877e-01, 2.428308987265e-04
 2.600000000000e+00, 1.150000000000e+00, 1.220000000000e+00, 2.333500054332e-01, 4.391543015051e-04
 2.600000000000e+00, 1.150000000000e+00, 1.290000000000e+00, 2.968970241144e-01, 5.391564068965e-04
 2.600000000000e+00, 1.150000000000e+00, 1.360000000000e+00, 3.623521440242e-01, 5.790615338590e-04
 2.600000000000e+00, 1.150000000000e+00, 1.430000000000e+00, 4.221467686106e-01, 5.794778289903e-04
 2.600000000000e+00, 1.220000000000e+00, 8.000000000000e-01, 5.585821718482e+00, 4.158557988775e-02
 2.600000000000e+00, 1.220000000000e+00, 8.700000000000e-01, 2.223038289906e+00, 1.616760411070e-02
 2.600000000000e+00, 1.220000000000e+00, 9.400000000000e-01, 8.815932788771e-01, 6.312392776627e-03
 2.600000000000e+00, 1.220000000000e+00, 1.010000000000e+00, 3.818010978480e-01, 2.358606047668e-03
 2.600000000000e+00, 1.220000000000e+00, 1.080000000000e+00, 2.276164273612e-01, 6.611291706073e-04
 2.600000000000e+00, 1.220000000000e+00, 1.150000000000e+00, 2.181912154203e-01, 3.796566959649e-04
 2.600000000000e+00, 1.220000000000e+00, 1.220000000000e+00, 2.635442228435e-01, 5.671381299174e-04
 2.600000000000e+00, 1.220000000000e+00, 1.290000000000e+00, 3.268960503926e-01, 6.656390431536e-04
 2.600000000000e+00, 1.220000000000e+00, 1.360000000000e+00, 3.901301048298e-01, 7.088454410051e-04
 2.600000000000e+00, 1.220000000000e+00, 1.430000000000e+00, 4.505473377797e-01, 6.835148652285e-04
 2.600000000000e+00, 1.290000000000e+00, 8.000000000000e-01, 5.556962288409e+00, 4.277283770563e-02
 2.600000000000e+00, 1.290000000000e+00, 8.700000000000e-01, 2.213390845586e+00, 1.606728369821e-02
 2.600000000000e+00, 1.290000000000e+00, 9.400000000000e-01, 9.093060763236e-01, 6.352825369688e-03
 2.600000000000e+00, 1.290000000000e+00, 1.010000000000e+00, 4.183160276623e-01, 2.231209799624e-03
 2.600000000000e+00, 1.290000000000e+00, 1.080000000000e+00, 2.714659893357e-01, 7.385545053025e-04
 2.600000000000e+00, 1.290000000000e+00, 1.150000000000e+00, 2.613365513436e-01, 4.498258995981e-04
 2.600000000000e+00, 1.290000000000e+00, 1.220000000000e+00, 3.040743691501e-01, 6.401465405351e-04
 2.600000000000e+00, 1.290000000000e+00, 1.290000000000e+00, 3.662929330752e-01, 7.299813479594e-04
 2.600000000000e+00, 1.290000000000e+00, 1.360000000000e+00, 4.311549339310e-01, 7.781369698823e-04
 2.600000000000e+00, 1.290000000000e+00, 1.430000000000e+00, 4.907151280704e-01, 7.613834672514e-04
 2.600000000000e+00, 1.360000000000e+00, 8.000000000000e-01, 5.517151872343e+00, 4.275143742271e-02
 2.600000000000e+00, 1.360000000000e+00, 8.700000000000e-01, 2.230978777350e+00, 1.632316999490e-02
 2.600000000000e+00, 1.360000000000e+00, 9.400000000000e-01, 9.426818536750e-01, 6.324972835533e-03
 2.600000000000e+00, 1.360000000000e+00, 1.010000000000e+00, 4.659554497390e-01, 2.286340542997e-03
 2.600000000000e+00, 1.360000000000e+00, 1.080000000000e+00, 3.163371486766e-01, 7.379108792392e-04
 2.600000000000e+00, 1.360000000000e+00, 1.150000000000e+00, 3.059096360016e-01, 4.665087754847e-04
 2.600000000000e+00, 1.360000000000e+00, 1.220000000000e+00, 3.476438653803e-01, 6.637303887861e-04
 2.600000000000e+00, 1.360000000000e+00, 1.290000000000e+00, 4.093075006247e-01, 7.543927421644e-04
 2.600000000000e+00, 1.360000000000e+00, 1.360000000000e+00, 4.728091792528e-01, 8.133786903319e-04
 2.600000000000e+00, 1.360000000000e+00, 1.430000000000e+00, 5.326594105309e-01, 7.914429563778e-04
 2.600000000000e+00, 1.430000000000e+00, 8.000000000000e-01, 5.344852101094e+00, 4.162917059316e-02
 2.600000000000e+00, 1.430000000000e+00, 8.700000000000e-01, 2.235525311181e+00, 1.623658857395e-02
 2.600000000000e+00, 1.430000000000e+00, 9.400000000000e-01, 9.761007368435e-01, 6.120236129494e-03
 2.600000000000e+00, 1.430000000000e+00, 1.010000000000e+00, 5.067625345781e-01, 2.341855919923e-03
 2.600000000000e+00, 1.430000000000e+00, 1.080000000000e+00, 3.590845738204e-01, 7.499470287713e-04
 2.600000000000e+00, 1.430000000000e+00, 1.150000000000e+00, 3.476355295064e-01, 4.790448404295e-04
 2.600000000000e+00, 1.430000000000e+00, 1.220000000000e+00, 3.884907235015e-01, 6.524186622494e-04
 2.600000000000e+00, 1.430000000000e+00, 1.290000000000e+00, 4.484730753006e-01, 7.458892356159e-04
 2.600000000000e+00, 1.430000000000e+00, 1.360000000000e+00, 5.147477488940e-01, 7.759874252015e-04
 2.600000000000e+00, 1.430000000000e+00, 1.430000000000e+00, 5.692917388266e-01, 8.231031805115e-04
 2.900000000000e+00, 8.000000000000e-01, 8.000000000000e-01, 8.426707522158e+00, 4.883326519567e-02
 2.900000000000e+00, 8.000000000000e-01, 8.700000000000e-01, 5.232776389900e+00, 3.447602026947e-02
 2.900000000000e+00, 8.000000000000e-01, 9.400000000000e-01, 4.008927368377e+00, 2.991384971941e-02
 2.900000000000e+00, 8.000000000000e-01, 1.010000000000e+00, 3.564093161752e+00, 3.145426223058e-02
 2.900000000000e+00, 8.000000000000e-01, 1.080000000000e+00, 3.470487411965e+00, 3.231854432034e-02
 2.900000000000e+00, 8.000000000000e-01, 1.150000000000e+00, 3.442927526828e+00, 3.135720306084e-02
 2.900000000000e+00, 8.000000000000e-01, 1.220000000000e+00, 3.486623144799e+00, 3.126153600508e-02
 2.900000000000e+00, 8.000000000000e-01, 1.290000000000e+00, 3.528820446123e+00, 3.207401372128e-02
 2.900000000000e+00, 8.000000000000e-01, 1.360000000000e+00, 3.620502294607e+00, 3.210496717971e-02
 2.900000000000e+00, 8.000000000000e-01, 1.430000000000e+00, 3.663495805178e+00, 3.274431360886e-02
 2.900000000000e+00, 8.700000000000e-01, 8.000000000000e-01, 6.327425243652e+00, 3.933998186371e-02
 2.900000000000e+00, 8.700000000000e-01, 8.700000000000e-01, 3.178380426982e+00, 1.912150677084e-02
 2.900000000000e+00, 8.700000000000e-01, 9.400000000000e-01, 1.939026271655e+00, 1.307157954442e-02
 2.900000000000e+00, 8.700000000000e-01, 1.010000000000e+00, 1.503908333111e+00, 1.285659273720e-02
 2.900000000000e+00, 8.700000000000e-01, 1.080000000000e+00, 1.379280908848e+00, 1.252040863142e-02
 2.900000000000e+00, 8.700000000000e-01, 1.150000000000e+00, 1.361233408093e+00, 1.146445064453e-02
 2.900000000000e+00, 8.700000000000e-01, 1.220000000000e+00, 1.397524725394e+00, 1.228703667123e-02
 2.900000000000e+00, 8.700000000000e-01, 1.290000000000e+00, 1.473596388439e+00, 1.335352726219e-02
 2.900000000000e+00, 8.700000000000e-01, 1.360000000000e+00, 1.525285663117e+00, 1.221352326634e-02
 2.900000000000e+00, 8.700000000000e-01, 1.430000000000e+00, 1.572627265162e+00, 1.382990549446e-02
 2.900000000000e+00, 9.400000000000e-01, 8.000000000000e-01, 5.470984935924e+00, 3.990999041238e-02
 2.900000000000e+00, 9.400000000000e-01, 8.700000000000e-01, 2.360050032243e+00, 1.525597029466e-02
 2.900000000000e+00, 9.400000000000e-01, 9.400000000000e-01, 1.160213827857e+00, 7.464011294736e-03
 2.900000000000e+00, 9.400000000000e-01, 1.010000000000e+00, 7.206239995107e-01, 5.106753177024e-03
 2.900000000000e+00, 9.400000000000e-01, 1.080000000000e+00, 5.819283013669e-01, 4.561886329933e-03
 2.900000000000e+00, 9.400000000000e-01, 1.150000000000e+00, 5.748276237033e-01, 4.589002613561e-03
 2.900000000000e+00, 9.400000000000e-01, 1.220000000000e+00, 6.253049267959e-01, 4.550402646574e-03
 2.900000000000e+00, 9.400000000000e-01, 1.290000000000e+00, 6.803235519144e-01, 4.521340517088e-03
 2.900000000000e+00, 9.400000000000e-01, 1.360000000000e+00, 7.357043458959e-01, 4.761449892226e-03
 2.900000000000e+00, 9.400000000000e-01, 1.430000000000e+00, 7.897891626644e-01, 4.743019166896e-03
 2.900000000000e+00, 1.010000000000e+00, 8.000000000000e-01, 5.240733764887e+00, 3.877757375381e-02
 2.900000000000e+00, 1.010000000000e+00, 8.700000000000e-01, 2.047018765562e+00, 1.460452023922e-02
 2.900000000000e+00, 1.010000000000e+00, 9.400000000000e-01, 8.503616991833e-01, 5.671219179305e-03
 2.900000000000e+00, 1.010000000000e+00, 1.010000000000e+00, 4.207111416789e-01, 2.619625841748e-03
 2.900000000000e+00, 1.010000000000e+00, 1.080000000000e+00, 2.918740983938e-01, 1.786343448116e-03
 2.900000000000e+00, 1.010000000000e+00, 1.150000000000e+00, 2.837741580295e-01, 1.625842846141e-03
 2.900000000000e+00, 1.010000000000e+00, 1.220000000000e+00, 3.323361522603e-01, 1.718867037257e-03
 2.900000000000e+00, 1.010000000000e+00, 1.290000000000e+00, 3.881688800756e-01, 1.746241375045e-03
 2.900000000000e+00, 1.010000000000e+00, 1.360000000000e+00, 4.521897627195e-01, 1.817693827668e-03
 2.900000000000e+00, 1.010000000000e+00, 1.430000000000e+00, 5.048526155974e-01, 1.766637858578e-03
 2.900000000000e+00, 1.080000000000e+00, 8.000000000000e-01, 4.939767293570e+00, 3.593799912318e-02
 2.900000000000e+00, 1.080000000000e+00, 8.700000000000e-01, 1.955346559022e+00, 1.463861474102e-02
 2.900000000000e+00, 1.080000000000e+00, 9.400000000000e-01, 7.543066160672e-01, 5.198557227319e-03
 2.900000000000e+00, 1.080000000000e+00, 1.010000000000e+00, 3.291336628730e-01, 2.042844006676e-03
 2.900000000000e+00, 1.080000000000e+00, 1.080000000000e+00, 2.048976725939e-01, 6.685088666167e-04
 2.900000000000e+00, 1.080000000000e+00, 1.150000000000e+00, 2.016084519832e-01, 4.625842732829e-04
 2.900000000000e+00, 1.080000000000e+00, 1.220000000000e+00, 2.438579962265e-01, 5.507139450403e-04
 2.900000000000e+00, 1.080000000000e+00, 1.290000000000e+00, 3.024671075409e-01, 6.616372778728e-04
 2.900000000000e+00, 1.080000000000e+00, 1.360000000000e+00, 3.606147656535e-01, 6.637785393656e-04
 2.900000000000e+00, 1.080000000000e+00, 1.430000000000e+00, 4.156706850410e-01, 6.816228669042e-04
 2.900000000000e+00, 1.150000000000e+00, 8.000000000000e-01, 4.964843206769e+00, 3.992635650377e-02
 2.900000000000e+00, 1.150000000000e+00, 8.700000000000e-01, 1.902884662344e+00, 1.456151795944e-02
 2.900000000000e+00, 1.150000000000e+00, 9.400000000000e-01, 7.526008944587e-01, 5.528595379419e-03
 2.900000000000e+00, 1.150000000000e+00, 1.010000000000e+00, 3.322948540050e-01, 2.178123534705e-03
 2.900000000000e+00, 1.150000000000e+00, 1.080000000000e+00, 2.016593708810e-01, 5.218709087781e-04
 2.900000000000e+00, 1.150000000000e+00, 1.150000000000e+00, 1.969095432920e-01, 2.395706268948e-04
 2.900000000000e+00, 1.150000000000e+00, 1.220000000000e+00, 2.392902748343e-01, 4.203276878009e-04
 2.900000000000e+00, 1.150000000000e+00, 1.290000000000e+00, 2.972958376652e-01, 5.002270053699e-04
 2.900000000000e+00, 1.150000000000e+00, 1.360000000000e+00, 3.557193908217e-01, 5.338666719202e-04
 2.900000000000e+00, 1.150000000000e+00, 1.430000000000e+00, 4.099337673858e-01, 5.393055033235e-04
 2.900000000000e+00, 1.220000000000e+00, 8.000000000000e-01, 4.899395242930e+00, 3.879833759362e-02
 2.900000000000e+00, 1.220000000000e+00, 8.700000000000e-01, 1.917428407497e+00, 1.429571787572e-02
 2.900000000000e+00, 1.220000000000e+00, 9.400000000000e-01, 7.884750330087e-01, 5.667107799546e-03
 2.900000000000e+00, 1.220000000000e+00, 1.010000000000e+00, 3.572591585548e-01, 1.997159363548e-03
 2.900000000000e+00, 1.220000000000e+00, 1.080000000000e+00, 2.298776356013e-01, 5.832709505492e-04
 2.900000000000e+00, 1.220000000000e+00, 1.150000000000e+00, 2.255384921981e-01, 3.807240178929e-04
 2.900000000000e+00, 1.220000000000e+00, 1.220000000000e+00, 2.672686157513e-01, 5.334341269421e-04
 2.900000000000e+00, 1.220000000000e+00, 1.290000000000e+00, 3.226653466039e-01, 6.207221134100e-04
 2.900000000000e+00, 1.220000000000e+00, 1.360000000000e+00, 3.823887337425e-01, 6.371550534210e-04
 2.900000000000e+00, 1.220000000000e+00, 1.430000000000e+00, 4.366297141139e-01, 6.227463915726e-04
 2.900000000000e+00, 1.290000000000e+00, 8.000000000000e-01, 4.737386126321e+00, 3.636465440545e-02
 2.900000000000e+00, 1.290000000000e+00, 8.700000000000e-01, 1.929449322414e+00, 1.450014269266e-02
 2.900000000000e+00, 1.290000000000e+00, 9.400000000000e-01, 8.163636314702e-01, 5.696759015900e-03
 2.900000000000e+00, 1.290000000000e+00, 1.010000000000e+00, 3.947938632740e-01, 2.011342144980e-03
 2.900000000000e+00, 1.290000000000e+00, 1.080000000000e+00, 2.695595066371e-01, 6.338235808146e-04
 2.900000000000e+00, 1.290000000000e+00, 1.150000000000e+00, 2.647934820537e-01, 4.163957476859e-04
 2.900000000000e+00, 1.290000000000e+00, 1.220000000000e+00, 3.047479640135e-01, 5.796596986786e-04
 2.900000000000e+00, 1.290000000000e+00, 1.290000000000e+00, 3.627752284459e-01, 6.641909603098e-04
 2.900000000000e+00, 1.290000000000e+00, 1.360000000000e+00, 4.206590104113e-01, 6.758427754505e-04
 2.900000000000e+00, 1.290000000000e+00, 1.430000000000e+00, 4.736477191391e-01, 6.930100691958e-04
 2.900000000000e+00, 1.360000000000e+00, 8.000000000000e-01, 4.823194069475e+00, 3.834535038104e-02
 2.900000000000e+00, 1.360000000000e+00, 8.700000000000e-01, 1.942931758464e+00, 1.451929495991e-02
 2.900000000000e+00, 1.360000000000e+00, 9.400000000000e-01, 8.408025301017e-01, 5.366422850921e-03
 2.900000000000e+00, 1.360000000000e+00, 1.010000000000e+00, 4.353160481827e-01, 2.151560084882e-03
 2.900000000000e+00, 1.360000000000e+00, 1.080000000000e+00, 3.109412285607e-01, 6.543631526586e-04
 2.900000000000e+00, 1.360000000000e+00, 1.150000000000e+00, 3.045652614039e-01, 4.392569395553e-04
 2.900000000000e+00, 1.360000000000e+00, 1.220000000000e+00, 3.443126287233e-01, 6.126249184623e-04
 2.900000000000e+00, 1.360000000000e+00, 1.290000000000e+00, 4.005776442473e-01, 6.726374302769e-04
 2.900000000000e+00, 1.360000000000e+00, 1.360000000000e+00, 4.573134402565e-01, 7.623100154902e-04
 2.900000000000e+00, 1.360000000000e+00, 1.430000000000e+00, 5.107447713223e-01, 7.292984714593e-04
 2.900000000000e+00, 1.430000000000e+00, 8.000000000000e-01, 4.658939195167e+00, 3.701927786585e-02
 2.900000000000e+00, 1.430000000000e+00, 8.700000000000e-01, 1.944584659911e+00, 1.394166494357e-02
 2.900000000000e+00, 1.430000000000e+00, 9.400000000000e-01, 8.748543246974e-01, 5.577758918804e-03
 2.900000000000e+00, 1.430000000000e+00, 1.010000000000e+00, 4.739224697164e-01, 2.114201217530e-03
 2.900000000000e+00, 1.430000000000e+00, 1.080000000000e+00, 3.491033839933e-01, 6.697538002175e-04
 2.900000000000e+00, 1.430000000000e+00, 1.150000000000e+00, 3.423559460552e-01, 4.416529452157e-04
 2.900000000000e+00, 1.430000000000e+00, 1.220000000000e+00, 3.808927826140e-01, 5.717102896801e-04
 2.900000000000e+00, 1.430000000000e+00, 1.290000000000e+00, 4.361096496149e-01, 7.002499124649e-04
 2.900000000000e+00, 1.430000000000e+00, 1.360000000000e+00, 4.923901677711e-01, 7.268282472182e-04
 2.900000000000e+00, 1.430000000000e+00, 1.430000000000e+00, 5.455957062946e-01, 7.861453024276e-04
 3.200000000000e+00, 8.000000000000e-01, 8.000000000000e-01, 7.403937493456e+00, 4.444115226154e-02
 3.200000000000e+00, 8.000000000000e-01, 8.700000000000e-01, 4.592573673633e+00, 3.080927234442e-02
 3.200000000000e+00, 8.000000000000e-01, 9.400000000000e-01, 3.515070672316e+00, 2.636697427628e-02
 3.200000000000e+00, 8.000000000000e-01, 1.010000000000e+00, 3.157040599537e+00, 2.742120962779e-02
 3.200000000000e+00, 8.000000000000e-01, 1.080000000000e+00, 2.994239565103e+00, 2.898076187646e-02
 3.200000000000e+00, 8.000000000000e-01, 1.150000000000e+00, 3.021145263792e+00, 2.873407077041e-02
 3.200000000000e+00, 8.000000000000e-01, 1.220000000000e+00, 3.070177212888e+00, 2.921073285889e-02
 3.200000000000e+00, 8.000000000000e-01, 1.290000000000e+00, 3.098462352155e+00, 2.957877517877e-02
 3.200000000000e+00, 8.000000000000e-01, 1.360000000000e+00, 3.201551223920e+00, 3.176201464389e-02
 3.200000000000e+00, 8.000000000000e-01, 1.430000000000e+00, 3.228603575406e+00, 3.023646159474e-02
 3.200000000000e+00, 8.700000000000e-01, 8.000000000000e-01, 5.484127267001e+00, 3.673374395301e-02
 3.200000000000e+00, 8.700000000000e-01, 8.700000000000e-01, 2.768985917239e+00, 1.688586712586e-02
 3.200000000000e+00, 8.700000000000e-01, 9.400000000000e-01, 1.691889135046e+00, 1.135505303947e-02
 3.200000000000e+00, 8.700000000000e-01, 1.010000000000e+00, 1.347910841590e+00, 1.112090002145e-02
 3.200000000000e+00, 8.700000000000e-01, 1.080000000000e+00, 1.243778994884e+00, 1.214420654176e-02
 3.200000000000e+00, 8.700000000000e-01, 1.150000000000e+00, 1.217429970710e+00, 1.076146699703e-02
 3.200000000000e+00, 8.700000000000e-01, 1.220000000000e+00, 1.252842581723e+00, 1.044595939912e-02
 3.200000000000e+00, 8.700000000000e-01, 1.290000000000e+00, 1.320522426232e+00, 1.078412090358e-02
 3.200000000000e+00, 8.700000000000e-01, 1.360000000000e+00, 1.362285394469e+00, 1.088638130684e-02
 3.200000000000e+00, 8.700000000000e-01, 1.430000000000e+00, 1.453112235362e+00, 1.183253128104e-02
 3.200000000000e+00, 9.400000000000e-01, 8.000000000000e-01, 4.809906384339e+00, 3.461717118826e-02
 3.200000000000e+00, 9.400000000000e-01, 8.700000000000e-01, 2.091086357522e+00, 1.404075330708e-02
 3.200000000000e+00, 9.400000000000e-01, 9.400000000000e-01, 1.032329947737e+00, 6.626402827721e-03
 3.200000000000e+00, 9.400000000000e-01, 1.010000000000e+00, 6.497315103129e-01, 4.482134627949e-03
 3.200000000000e+00, 9.400000000000e-01, 1.080000000000e+00, 5.295164857211e-01, 4.156674470921e-03
 3.200000000000e+00, 9.400000000000e-01, 1.150000000000e+00, 5.413936378000e-01, 4.322772005699e-03
 3.200000000000e+00, 9.400000000000e-01, 1.220000000000e+00, 5.656033460884e-01, 3.979997847910e-03
 3.200000000000e+00, 9.400000000000e-01, 1.290000000000e+00, 6.208580795750e-01, 4.100233854426e-03
 3.200000000000e+00, 9.400000000000e-01, 1.360000000000e+00, 6.888234794061e-01, 4.417896876188e-03
 3.200000000000e+00, 9.400000000000e-01, 1.430000000000e+00, 7.282785539216e-01, 4.127049780367e-03
 3.200000000000e+00, 1.010000000000e+00, 8.000000000000e-01, 4.441553151743e+00, 3.403575361339e-02
 3.200000000000e+00, 1.010000000000e+00, 8.700000000000e-01, 1.792539942236e+00, 1.308345168329e-02
 3.200000000000e+00, 1.010000000000e+00, 9.400000000000e-01, 7.759837046629e-01, 5.398779896833e-03
 3.200000000000e+00, 1.010000000000e+00, 1.010000000000e+00, 3.938247267629e-01, 2.363334968355e-03
 3.200000000000e+00, 1.010000000000e+00, 1.080000000000e+00, 2.850589583489e-01, 1.515519157482e-03
 3.200000000000e+00, 1.010000000000e+00, 1.150000000000e+00, 2.837464831673e-01, 1.523134559151e-03
 3.200000000000e+00, 1.010000000000e+00, 1.220000000000e+00, 3.270510049768e-01, 1.559594705305e-03
 3.200000000000e+00, 1.010000000000e+00, 1.290000000000e+00, 3.780349301216e-01, 1.606335929112e-03
 3.200000000000e+00, 1.010000000000e+00, 1.360000000000e+00, 4.322831023254e-01, 1.708022886330e-03
 3.200000000000e+00, 1.010000000000e+00, 1.430000000000e+00, 4.811193078748e-01, 1.529613223839e-03
 3.200000000000e+00, 1.080000000000e+00, 8.000000000000e-01, 4.379200450023e+00, 3.541972379058e-02
 3.200000000000e+00, 1.080000000000e+00, 8.700000000000e-01, 1.705213356053e+00, 1.327844114721e-02
 3.200000000000e+00, 1.080000000000e+00, 9.400000000000e-01, 6.918026649315e-01, 4.914892701614e-03
 3.200000000000e+00, 1.080000000000e+00, 1.010000000000e+00, 3.223542072365e-01, 1.888402494626e-03
 3.200000000000e+00, 1.080000000000e+00, 1.080000000000e+00, 2.130246922969e-01, 6.395644553740e-04
 3.200000000000e+00, 1.080000000000e+00, 1.150000000000e+00, 2.111077315240e-01, 4.080219310130e-04
 3.200000000000e+00, 1.080000000000e+00, 1.220000000000e+00, 2.518963531500e-01, 5.014868510338e-04
 3.200000000000e+00, 1.080000000000e+00, 1.290000000000e+00, 3.045060694425e-01, 5.860155806043e-04
 3.200000000000e+00, 1.080000000000e+00, 1.360000000000e+00, 3.563258076286e-01, 6.179994971502e-04
 3.200000000000e+00, 1.080000000000e+00, 1.430000000000e+00, 4.079276091502e-01, 6.147839767112e-04
 3.200000000000e+00, 1.150000000000e+00, 8.000000000000e-01, 4.339758754876e+00, 3.522861036146e-02
 3.200000000000e+00, 1.150000000000e+00, 8.700000000000e-01, 1.712819851418e+00, 1.372177037995e-02
 3.200000000000e+00, 1.150000000000e+00, 9.400000000000e-01, 6.962771781636e-01, 5.128462111582e-03
 3.200000000000e+00, 1.150000000000e+00, 1.010000000000e+00, 3.201850673161e-01, 1.763755509456e-03
 3.200000000000e+00, 1.150000000000e+00, 1.080000000000e+00, 2.119682849600e-01, 5.018101470600e-04
 3.200000000000e+00, 1.150000000000e+00, 1.150000000000e+00, 2.097223686132e-01, 2.282645931116e-04
 3.200000000000e+00, 1.150000000000e+00, 1.220000000000e+00, 2.498119406387e-01, 3.909120304108e-04
 3.200000000000e+00, 1.150000000000e+00, 1.290000000000e+00, 3.016778776079e-01, 4.770554807651e-04
 3.200000000000e+00, 1.150000000000e+00, 1.360000000000e+00, 3.555863487278e-01, 4.901055011870e-04
 3.200000000000e+00, 1.150000000000e+00, 1.430000000000e+00, 4.055347379465e-01, 4.972658874306e-04
 3.200000000000e+00, 1.220000000000e+00, 8.000000000000e-01, 4.306856614902e+00, 3.576234774684e-02
 3.200000000000e+00, 1.220000000000e+00, 8.700000000000e-01, 1.721689756252e+00, 1.294160822348e-02
 3.200000000000e+00, 1.220000000000e+00, 9.400000000000e-01, 7.147899559983e-01, 5.035927563783e-03
 3.200000000000e+00, 1.220000000000e+00, 1.010000000000e+00, 3.482218738838e-01, 1.800155571042e-03
 3.200000000000e+00, 1.220000000000e+00, 1.080000000000e+00, 2.384620852644e-01, 5.713412294016e-04
 3.200000000000e+00, 1.220000000000e+00, 1.150000000000e+00, 2.359922239924e-01, 3.418632242541e-04
 3.200000000000e+00, 1.220000000000e+00, 1.220000000000e+00, 2.751469007733e-01, 4.936831765173e-04
 3.200000000000e+00, 1.220000000000e+00, 1.290000000000e+00, 3.278024257871e-01, 5.558667519805e-04
 3.200000000000e+00, 1.220000000000e+00, 1.360000000000e+00, 3.802144345544e-01, 5.754279920858e-04
 3.200000000000e+00, 1.220000000000e+00, 1.430000000000e+00, 4.294309467469e-01, 6.014255649145e-04
 3.200000000000e+00, 1.290000000000e+00, 8.000000000000e-01, 4.233162492074e+00, 3.704724226396e-02
 3.200000000000e+00, 1.290000000000e+00, 8.700000000000e-01, 1.750022790564e+00, 1.423343068447e-02
 3.200000000000e+00, 1.290000000000e+00, 9.400000000000e-01, 7.445699067102e-01, 4.899089846392e-03
 3.200000000000e+00, 1.290000000000e+00, 1.010000000000e+00, 3.846784971021e-01, 1.953790553183e-03
 3.200000000000e+00, 1.290000000000e+00, 1.080000000000e+00, 2.738203940116e-01, 6.118094559814e-04
 3.200000000000e+00, 1.290000000000e+00, 1.150000000000e+00, 2.716889516373e-01, 3.943767596233e-04
 3.200000000000e+00, 1.290000000000e+00, 1.220000000000e+00, 3.095881287847e-01, 5.416643504360e-04
 3.200000000000e+00, 1.290000000000e+00, 1.290000000000e+00, 3.609090283265e-01, 6.201670835934e-04
 3.200000000000e+00, 1.290000000000e+00, 1.360000000000e+00, 4.130109053479e-01, 6.310719459606e-04
 3.200000000000e+00, 1.290000000000e+00, 1.430000000000e+00, 4.631856073207e-01, 6.261998757211e-04
 3.200000000000e+00, 1.360000000000e+00, 8.000000000000e-01, 4.180688442715e+00, 3.246379270274e-02
 3.200000000000e+00, 1.360000000000e+00, 8.700000000000e-01, 1.725396692950e+00, 1.333183571642e-02
 3.200000000000e+00, 1.360000000000e+00, 9.400000000000e-01, 7.731644544076e-01, 5.228659670314e-03
 3.200000000000e+00, 1.360000000000e+00, 1.010000000000e+00, 4.176705640409e-01, 1.887224513992e-03
 3.200000000000e+00, 1.360000000000e+00, 1.080000000000e+00, 3.121989907839e-01, 6.172907766357e-04
 3.200000000000e+00, 1.360000000000e+00, 1.150000000000e+00, 3.086703312739e-01, 3.992475070258e-04
 3.200000000000e+00, 1.360000000000e+00, 1.220000000000e+00, 3.449194493113e-01, 5.711740398615e-04
 3.200000000000e+00, 1.360000000000e+00, 1.290000000000e+00, 3.959456746698e-01, 6.438510964932e-04
 3.200000000000e+00, 1.360000000000e+00, 1.360000000000e+00, 4.480555313981e-01, 6.722567836204e-04
 3.200000000000e+00, 1.360000000000e+00, 1.430000000000e+00, 4.973572415858e-01, 6.801621756786e-04
 3.200000000000e+00, 1.430000000000e+00, 8.000000000000e-01, 4.151394187900e+00, 3.495903585178e-02
 3.200000000000e+00, 1.430000000000e+00, 8.700000000000e-01, 1.744464817863e+00, 1.374794037312e-02
 3.200000000000e+00, 1.430000000000e+00, 9.400000000000e-01, 8.025478091270e-01, 5.213358654355e-03
 3.200000000000e+00, 1.430000000000e+00, 1.010000000000e+00, 4.510692851376e-01, 1.874261556284e-03
 3.200000000000e+00, 1.430000000000e+00, 1.080000000000e+00, 3.455813977323e-01, 5.998228574303e-04
 3.200000000000e+00, 1.430000000000e+00, 1.150000000000e+00, 3.431697953104e-01, 4.171627058096e-04
 3.200000000000e+00, 1.430000000000e+00, 1.220000000000e+00, 3.779362428381e-01, 5.514378203466e-04
 3.200000000000e+00, 1.430000000000e+00, 1.290000000000e+00, 4.292595309142e-01, 6.199671214536e-04
 3.200000000000e+00, 1.430000000000e+00, 1.360000000000e+00, 4.800796557065e-01, 6.888225393521e-04
 3.200000000000e+00, 1.430000000000e+00, 1.430000000000e+00, 5.287581970157e-01, 6.730647789866e-04
 3.500000000000e+00, 8.000000000000e-01, 8.000000000000e-01, 6.540548356760e+00, 4.024795703433e-02
 3.500000000000e+00, 8.000000000000e-01, 8.700000000000e-01, 4.048812455762e+00, 2.826307884203e-02
 3.500000000000e+00, 8.000000000000e-01, 9.400000000000e-01, 3.166785778570e+00, 2.731126121724e-02
 3.500000000000e+00, 8.000000000000e-01, 1.010000000000e+00, 2.824391215343e+00, 2.780000392246e-02
 3.500000000000e+00, 8.000000000000e-01, 1.080000000000e+00, 2.715814142254e+00, 2.586121667369e-02
 3.500000000000e+00, 8.000000000000e-01, 1.150000000000e+00, 2.736617111408e+00, 2.719541131074e-02
 3.500000000000e+00, 8.000000000000e-01, 1.220000000000e+00, 2.737197454017e+00, 2.689417364809e-02
 3.500000000000e+00, 8.000000000000e-01, 1.290000000000e+00, 2.785168463230e+00, 2.700939966064e-02
 3.500000000000e+00, 8.000000000000e-01, 1.360000000000e+00, 2.810060612177e+00, 2.746250611981e-02
 3.500000000000e+00, 8.000000000000e-01, 1.430000000000e+00, 2.878967780004e+00, 2.775242459432e-02
 3.500000000000e+00, 8.700000000000e-01, 8.000000000000e-01, 4.920490134428e+00, 3.267652862100e-02
 3.500000000000e+00, 8.700000000000e-01, 8.700000000000e-01, 2.484108915662e+00, 1.613793888781e-02
 3.500000000000e+00, 8.700000000000e-01, 9.400000000000e-01, 1.552003622865e+00, 1.147541773104e-02
 3.500000000000e+00, 8.700000000000e-01, 1.010000000000e+00, 1.218618182323e+00, 1.017913890034e-02
 3.500000000000e+00, 8.700000000000e-01, 1.080000000000e+00, 1.110727780732e+00, 1.031539053624e-02
 3.500000000000e+00, 8.700000000000e-01, 1.150000000000e+00, 1.092164472718e+00, 9.237155837920e-03
 3.500000000000e+00, 8.700000000000e-01, 1.220000000000e+00, 1.152429589625e+00, 1.041277113069e-02
 3.500000000000e+00, 8.700000000000e-01, 1.290000000000e+00, 1.216039563874e+00, 1.060093490449e-02
 3.500000000000e+00, 8.700000000000e-01, 1.360000000000e+00, 1.262693180439e+00, 1.020189688217e-02
 3.500000000000e+00, 8.700000000000e-01, 1.430000000000e+00, 1.301918426989e+00, 1.043266416517e-02
 3.500000000000e+00, 9.400000000000e-01, 8.000000000000e-01, 4.266030734324e+00, 3.267428813861e-02
 3.500000000000e+00, 9.400000000000e-01, 8.700000000000e-01, 1.862620289887e+00, 1.259378432588e-02
 3.500000000000e+00, 9.400000000000e-01, 9.400000000000e-01, 9.313835983243e-01, 5.812011837084e-03
 3.500000000000e+00, 9.400000000000e-01, 1.010000000000e+00, 5.930660618261e-01, 4.040006002934e-03
 3.500000000000e+00, 9.400000000000e-01, 1.080000000000e+00, 4.987548976228e-01, 3.556745084359e-03
 3.500000000000e+00, 9.400000000000e-01, 1.150000000000e+00, 5.115243356882e-01, 3.917310833454e-03
 3.500000000000e+00, 9.400000000000e-01, 1.220000000000e+00, 5.394224741707e-01, 3.724484009844e-03
 3.500000000000e+00, 9.400000000000e-01, 1.290000000000e+00, 5.919826151953e-01, 3.922908184503e-03
 3.500000000000e+00, 9.400000000000e-01, 1.360000000000e+00, 6.445823598878e-01, 4.010740861149e-03
 3.500000000000e+00, 9.400000000000e-01, 1.430000000000e+00, 6.894707819266e-01, 3.919329023897e-03
 3.500000000000e+00, 1.010000000000e+00, 8.000000000000e-01, 3.982084649291e+00, 3.137753561692e-02
 3.500000000000e+00, 1.010000000000e+00, 8.700000000000e-01, 1.620894926933e+00, 1.233583803412e-02
 3.500000000000e+00, 1.010000000000e+00, 9.400000000000e-01, 7.084493189966e-01, 4.734530941750e-03
 3.500000000000e+00, 1.010000000000e+00, 1.010000000000e+00, 3.826132534193e-01, 2.188467839422e-03
 3.500000000000e+00, 1.010000000000e+00, 1.080000000000e+00, 2.914674666220e-01, 1.670413499149e-03
 3.500000000000e+00, 1.010000000000e+00, 1.150000000000e+00, 2.882301798475e-01, 1.391572982990e-03
 3.500000000000e+00, 1.010000000000e+00, 1.220000000000e+00, 3.264050275910e-01, 1.511924197571e-03
 3.500000000000e+00, 1.010000000000e+00, 1.290000000000e+00, 3.753107766672e-01, 1.465950512024e-03
 3.500000000000e+00, 1.010000000000e+00, 1.360000000000e+00, 4.234276048566e-01, 1.494990523371e-03
 3.500000000000e+00, 1.010000000000e+00, 1.430000000000e+00, 4.732266076419e-01, 1.566894667380e-03
 3.500000000000e+00, 1.080000000000e+00, 8.000000000000e-01, 3.950853110550e+00, 3.266131909966e-02
 3.500000000000e+00, 1.080000000000e+00, 8.700000000000e-01, 1.533896391681e+00, 1.183998610867e-02
 3.500000000000e+00, 1.080000000000e+00, 9.400000000000e-01, 6.509893235357e-01, 4.568115068687e-03
 3.500000000000e+00, 1.080000000000e+00, 1.010000000000e+00, 3.174999049489e-01, 1.717629348057e-03
 3.500000000000e+00, 1.080000000000e+00, 1.080000000000e+00, 2.241011192348e-01, 6.052680697222e-04
 3.500000000000e+00, 1.080000000000e+00, 1.150000000000e+00, 2.243566026088e-01, 4.074171921781e-04
 3.500000000000e+00, 1.080000000000e+00, 1.220000000000e+00, 2.626096325038e-01, 4.910655189955e-04
 3.500000000000e+00, 1.080000000000e+00, 1.290000000000e+00, 3.107341162932e-01, 5.550715663351e-04
 3.500000000000e+00, 1.080000000000e+00, 1.360000000000e+00, 3.605458905249e-01, 5.663889683144e-04
 3.500000000000e+00, 1.080000000000e+00, 1.430000000000e+00, 4.056664105124e-01, 5.751821418511e-04
 3.500000000000e+00, 1.150000000000e+00, 8.000000000000e-01, 3.808144275495e+00, 3.095147624017e-02
 3.500000000000e+00, 1.150000000000e+00, 8.700000000000e-01, 1.558529046395e+00, 1.275648855497e-02
 3.500000000000e+00, 1.150000000000e+00, 9.400000000000e-01, 6.517845664022e-01, 4.636214341368e-03
 3.500000000000e+00, 1.150000000000e+00, 1.010000000000e+00, 3.170595626161e-01, 1.691184232968e-03
 3.500000000000e+00, 1.150000000000e+00, 1.080000000000e+00, 2.248873737074e-01, 4.583885369742e-04
 3.500000000000e+00, 1.150000000000e+00, 1.150000000000e+00, 2.247570064110e-01, 2.207773346212e-04
 3.500000000000e+00, 1.150000000000e+00, 1.220000000000e+00, 2.614665545202e-01, 3.793339236606e-04
 3.500000000000e+00, 1.150000000000e+00, 1.290000000000e+00, 3.088290277227e-01, 4.397506888603e-04
 3.500000000000e+00, 1.150000000000e+00, 1.360000000000e+00, 3.590831066059e-01, 4.505615560471e-04
 3.500000000000e+00, 1.150000000000e+00, 1.430000000000e+00, 4.038683422037e-01, 4.619352155416e-04
 3.500000000000e+00, 1.220000000000e+00, 8.000000000000e-01, 3.812131662243e+00, 3.261970913187e-02
 3.500000000000e+00, 1.220000000000e+00, 8.700000000000e-01, 1.520981502085e+00, 1.204451785863e-02
 3.500000000000e+00, 1.220000000000e+00, 9.400000000000e-01, 6.629606174767e-01, 4.800420335552e-03
 3.500000000000e+00, 1.220000000000e+00, 1.010000000000e+00, 3.427277124671e-01, 1.764947823828e-03
 3.500000000000e+00, 1.220000000000e+00, 1.080000000000e+00, 2.494539438065e-01, 5.187238724034e-04
 3.500000000000e+00, 1.220000000000e+00, 1.150000000000e+00, 2.494380652313e-01, 3.110314147612e-04
 3.500000000000e+00, 1.220000000000e+00, 1.220000000000e+00, 2.859486901608e-01, 4.608005376815e-04
 3.500000000000e+00, 1.220000000000e+00, 1.290000000000e+00, 3.324674059439e-01, 5.265202509889e-04
 3.500000000000e+00, 1.220000000000e+00, 1.360000000000e+00, 3.821910863869e-01, 5.446014961676e-04
 3.500000000000e+00, 1.220000000000e+00, 1.430000000000e+00, 4.267946408543e-01, 5.311112891053e-04
 3.500000000000e+00, 1.290000000000e+00, 8.000000000000e-01, 3.828245387982e+00, 3.131497255144e-02
 3.500000000000e+00, 1.290000000000e+00, 8.700000000000e-01, 1.557515401050e+00, 1.203278791400e-02
 3.500000000000e+00, 1.290000000000e+00, 9.400000000000e-01, 6.980112983696e-01, 4.844085251876e-03
 3.500000000000e+00, 1.290000000000e+00, 1.010000000000e+00, 3.756993830258e-01, 1.733932027689e-03
 3.500000000000e+00, 1.290000000000e+00, 1.080000000000e+00, 2.838588992405e-01, 5.604346026306e-04
 3.500000000000e+00, 1.290000000000e+00, 1.150000000000e+00, 2.818329100611e-01, 3.635199023238e-04
 3.500000000000e+00, 1.290000000000e+00, 1.220000000000e+00, 3.177559016162e-01, 5.019434161777e-04
 3.500000000000e+00, 1.290000000000e+00, 1.290000000000e+00, 3.653989514161e-01, 5.696883831379e-04
 3.500000000000e+00, 1.290000000000e+00, 1.360000000000e+00, 4.132495576476e-01, 5.971403622523e-04
 3.500000000000e+00, 1.290000000000e+00, 1.430000000000e+00, 4.580520540488e-01, 5.845630648308e-04
 3.500000000000e+00, 1.360000000000e+00, 8.000000000000e-01, 3.749390340245e+00, 3.146041731787e-02
 3.500000000000e+00, 1.360000000000e+00, 8.700000000000e-01, 1.565187726261e+00, 1.251786880048e-02
 3.500000000000e+00, 1.360000000000e+00, 9.400000000000e-01, 7.246053638761e-01, 4.693367260401e-03
 3.500000000000e+00, 1.360000000000e+00, 1.010000000000e+00, 4.064620234064e-01, 1.746253824577e-03
 3.500000000000e+00, 1.360000000000e+00, 1.080000000000e+00, 3.160199974977e-01, 5.776667675089e-04
 3.500000000000e+00, 1.360000000000e+00, 1.150000000000e+00, 3.156054977774e-01, 3.903255410494e-04
 3.500000000000e+00, 1.360000000000e+00, 1.220000000000e+00, 3.485279977213e-01, 5.398832435396e-04
 3.500000000000e+00, 1.360000000000e+00, 1.290000000000e+00, 3.955999893823e-01, 5.872545998084e-04
 3.500000000000e+00, 1.360000000000e+00, 1.360000000000e+00, 4.439513618921e-01, 6.618517618557e-04
 3.500000000000e+00, 1.360000000000e+00, 1.430000000000e+00, 4.892570854558e-01, 6.188024093603e-04
 3.500000000000e+00, 1.430000000000e+00, 8.000000000000e-01, 3.818920140225e+00, 3.429576164234e-02
 3.500000000000e+00, 1.430000000000e+00, 8.700000000000e-01, 1.582643263360e+00, 1.217056601033e-02
 3.500000000000e+00, 1.430000000000e+00, 9.400000000000e-01, 7.445796304994e-01, 4.599924818231e-03
 3.500000000000e+00, 1.430000000000e+00, 1.010000000000e+00, 4.406193720957e-01, 1.761660813181e-03
 3.500000000000e+00, 1.430000000000e+00, 1.080000000000e+00, 3.474476557808e-01, 5.574621771079e-04
 3.500000000000e+00, 1.430000000000e+00, 1.150000000000e+00, 3.466144553037e-01, 3.751241468432e-04
 3.500000000000e+00, 1.430000000000e+00, 1.220000000000e+00, 3.814377482011e-01, 5.090255464692e-04
 3.500000000000e+00, 1.430000000000e+00, 1.290000000000e+00, 4.270901556344e-01, 5.935614457652e-04
 3.500000000000e+00, 1.430000000000e+00, 1.360000000000e+00, 4.731794727205e-01, 6.216758603153e-04
 3.500000000000e+00, 1.430000000000e+00, 1.430000000000e+00, 5.188457913627e-01, 6.114250982032e-04
 3.800000000000e+00, 8.000000000000e-01, 8.000000000000e-01, 5.775929717157e+00, 3.756160940860e-02
 3.800000000000e+00, 8.000000000000e-01, 8.700000000000e-01, 3.654863564490e+00, 2.556671959597e-02
 3.800000000000e+00, 8.000000000000e-01, 9.400000000000e-01, 2.800386633422e+00, 2.401908869378e-02
 3.800000000000e+00, 8.000000000000e-01, 1.010000000000e+00, 2.556772773513e+00, 2.436329982163e-02
 3.800000000000e+00, 8.000000000000e-01, 1.080000000000e+00, 2.405118237485e+00, 2.343292805151e-02
 3.800000000000e+00, 8.000000000000e-01, 1.150000000000e+00, 2.404508577282e+00, 2.469238861128e-02
 3.800000000000e+00, 8.000000000000e-01, 1.220000000000e+00, 2.479647244022e+00, 2.450657366485e-02
 3.800000000000e+00, 8.000000000000e-01, 1.290000000000e+00, 2.469726725285e+00, 2.284406070049e-02
 3.800000000000e+00, 8.000000000000e-01, 1.360000000000e+00, 2.560805921618e+00, 2.554466366444e-02
 3.800000000000e+00, 8.000000000000e-01, 1.430000000000e+00, 2.587110667067e+00, 2.496136074109e-02
 3.800000000000e+00, 8.700000000000e-01, 8.000000000000e-01, 4.423642906477e+00, 3.365013619308e-02
 3.800000000000e+00, 8.700000000000e-01, 8.700000000000e-01, 2.283938231522e+00, 1.599217137314e-02
 3.800000000000e+00, 8.700000000000e-01, 9.400000000000e-01, 1.420452813059e+00, 1.044749249138e-02
 3.800000000000e+00, 8.700000000000e-01, 1.010000000000e+00, 1.134584428590e+00, 9.872023508390e-03
 3.800000000000e+00, 8.700000000000e-01, 1.080000000000e+00, 1.027737897636e+00, 9.169436368481e-03
 3.800000000000e+00, 8.700000000000e-01, 1.150000000000e+00, 1.027804137537e+00, 9.605547484698e-03
 3.800000000000e+00, 8.700000000000e-01, 1.220000000000e+00, 1.050261302143e+00, 9.119931599560e-03
 3.800000000000e+00, 8.700000000000e-01, 1.290000000000e+00, 1.113487328490e+00, 9.661911056511e-03
 3.800000000000e+00, 8.700000000000e-01, 1.360000000000e+00, 1.152519403708e+00, 9.498451045674e-03
 3.800000000000e+00, 8.700000000000e-01, 1.430000000000e+00, 1.191325894057e+00, 1.146223771625e-02
 3.800000000000e+00, 9.400000000000e-01, 8.000000000000e-01, 3.799560867257e+00, 2.863741523505e-02
 3.800000000000e+00, 9.400000000000e-01, 8.700000000000e-01, 1.683123489798e+00, 1.171710324986e-02
 3.800000000000e+00, 9.400000000000e-01, 9.400000000000e-01, 8.735480106026e-01, 5.878402613205e-03
 3.800000000000e+00, 9.400000000000e-01, 1.010000000000e+00, 5.749188682920e-01, 3.874317904349e-03
 3.800000000000e+00, 9.400000000000e-01, 1.080000000000e+00, 4.924394891009e-01, 3.662698788331e-03
 3.800000000000e+00, 9.400000000000e-01, 1.150000000000e+00, 4.821061586086e-01, 3.539776656403e-03
 3.800000000000e+00, 9.400000000000e-01, 1.220000000000e+00, 5.249212876434e-01, 3.667258038144e-03
 3.800000000000e+00, 9.400000000000e-01, 1.290000000000e+00, 5.711353527401e-01, 3.741867852701e-03
 3.800000000000e+00, 9.400000000000e-01, 1.360000000000e+00, 6.196392731978e-01, 3.897296081578e-03
 3.800000000000e+00, 9.400000000000e-01, 1.430000000000e+00, 6.628070443655e-01, 3.963476031389e-03
 3.800000000000e+00, 1.010000000000e+00, 8.000000000000e-01, 3.560020603815e+00, 2.911994147734e-02
 3.800000000000e+00, 1.010000000000e+00, 8.700000000000e-01, 1.474107937239e+00, 1.103744730673e-02
 3.800000000000e+00, 1.010000000000e+00, 9.400000000000e-01, 6.708241351116e-01, 4.412273598076e-03
 3.800000000000e+00, 1.010000000000e+00, 1.010000000000e+00, 3.768489511814e-01, 2.028511870860e-03
 3.800000000000e+00, 1.010000000000e+00, 1.080000000000e+00, 2.941844296443e-01, 1.362448632233e-03
 3.800000000000e+00, 1.010000000000e+00, 1.150000000000e+00, 2.960295197433e-01, 1.352391781324e-03
 3.800000000000e+00, 1.010000000000e+00, 1.220000000000e+00, 3.291971810994e-01, 1.378621757340e-03
 3.800000000000e+00, 1.010000000000e+00, 1.290000000000e+00, 3.765916998215e-01, 1.420088632707e-03
 3.800000000000e+00, 1.010000000000e+00, 1.360000000000e+00, 4.199007632943e-01, 1.350695486454e-03
 3.800000000000e+00, 1.010000000000e+00, 1.430000000000e+00, 4.645641941130e-01, 1.487588600131e-03
 3.800000000000e+00, 1.080000000000e+00, 8.000000000000e-01, 3.488224157712e+00, 2.804986956392e-02
 3.800000000000e+00, 1.080000000000e+00, 8.700000000000e-01, 1.408344888090e+00, 1.149112228909e-02
 3.800000000000e+00, 1.080000000000e+00, 9.400000000000e-01, 6.068015509884e-01, 4.159791290460e-03
 3.800000000000e+00, 1.080000000000e+00, 1.010000000000e+00, 3.213389199599e-01, 1.605152717716e-03
 3.800000000000e+00, 1.080000000000e+00, 1.080000000000e+00, 2.372709948413e-01, 5.529080518928e-04
 3.800000000000e+00, 1.080000000000e+00, 1.150000000000e+00, 2.394245633991e-01, 3.720296477402e-04
 3.800000000000e+00, 1.080000000000e+00, 1.220000000000e+00, 2.747323065431e-01, 4.697162546930e-04
 3.800000000000e+00, 1.080000000000e+00, 1.290000000000e+00, 3.198764533240e-01, 5.178295081781e-04
 3.800000000000e+00, 1.080000000000e+00, 1.360000000000e+00, 3.649508235851e-01, 5.348750513467e-04
 3.800000000000e+00, 1.080000000000e+00, 1.430000000000e+00, 4.053182183734e-01, 5.301198384427e-04
 3.800000000000e+00, 1.150000000000e+00, 8.000000000000e-01, 3.514794697774e+00, 2.917326375252e-02
 3.800000000000e+00, 1.150000000000e+00, 8.700000000000e-01, 1.406491087634e+00, 1.117294709422e-02
 3.800000000000e+00, 1.150000000000e+00, 9.400000000000e-01, 6.091788285657e-01, 4.131490922508e-03
 3.800000000000e+00, 1.150000000000e+00, 1.010000000000e+00, 3.259606861167e-01, 1.651495302366e-03
 3.800000000000e+00, 1.150000000000e+00, 1.080000000000e+00, 2.386085282381e-01, 4.351421790589e-04
 3.800000000000e+00, 1.150000000000e+00, 1.150000000000e+00, 2.407809893723e-01, 2.329546053289e-04
 3.800000000000e+00, 1.150000000000e+00, 1.220000000000e+00, 2.747500661810e-01, 3.630341722987e-04
 3.800000000000e+00, 1.150000000000e+00, 1.290000000000e+00, 3.188303811225e-01, 4.204473555859e-04
 3.800000000000e+00, 1.150000000000e+00, 1.360000000000e+00, 3.646639517702e-01, 4.397998467668e-04
 3.800000000000e+00, 1.150000000000e+00, 1.430000000000e+00, 4.055378207899e-01, 4.324247891867e-04
 3.800000000000e+00, 1.220000000000e+00, 8.000000000000e-01, 3.493344005870e+00, 2.984011389555e-02
 3.800000000000e+00, 1.220000000000e+00, 8.700000000000e-01, 1.404033548878e+00, 1.105516022263e-02
 3.800000000000e+00, 1.220000000000e+00, 9.400000000000e-01, 6.318514260737e-01, 4.390118791807e-03
 3.800000000000e+00, 1.220000000000e+00, 1.010000000000e+00, 3.446752428455e-01, 1.631717312570e-03
 3.800000000000e+00, 1.220000000000e+00, 1.080000000000e+00, 2.620539252783e-01, 4.753642236775e-04
 3.800000000000e+00, 1.220000000000e+00, 1.150000000000e+00, 2.642263915705e-01, 3.158646936375e-04
 3.800000000000e+00, 1.220000000000e+00, 1.220000000000e+00, 2.978858443504e-01, 4.322623709598e-04
 3.800000000000e+00, 1.220000000000e+00, 1.290000000000e+00, 3.417925084564e-01, 4.974417619440e-04
 3.800000000000e+00, 1.220000000000e+00, 1.360000000000e+00, 3.858297074524e-01, 5.064901476359e-04
 3.800000000000e+00, 1.220000000000e+00, 1.430000000000e+00, 4.272389745972e-01, 5.127774202703e-04
 3.800000000000e+00, 1.290000000000e+00, 8.000000000000e-01, 3.429033349130e+00, 3.281534194066e-02
 3.800000000000e+00, 1.290000000000e+00, 8.700000000000e-01, 1.433857580850e+00, 1.119091266920e-02
 3.800000000000e+00, 1.290000000000e+00, 9.400000000000e-01, 6.559002525119e-01, 4.308279494053e-03
 3.800000000000e+00, 1.290000000000e+00, 1.010000000000e+00, 3.728001705621e-01, 1.581350911281e-03
 3.800000000000e+00, 1.290000000000e+00, 1.080000000000e+00, 2.927195682298e-01, 5.164581790892e-04
 3.800000000000e+00, 1.290000000000e+00, 1.150000000000e+00, 2.938045369206e-01, 3.421701256256e-04
 3.800000000000e+00, 1.290000000000e+00, 1.220000000000e+00, 3.276267465747e-01, 4.644839130139e-04
 3.800000000000e+00, 1.290000000000e+00, 1.290000000000e+00, 3.706672416508e-01, 5.355208248917e-04
 3.800000000000e+00, 1.290000000000e+00, 1.360000000000e+00, 4.138712858146e-01, 5.576022657979e-04
 3.800000000000e+00, 1.290000000000e+00, 1.430000000000e+00, 4.555476338784e-01, 5.641530531258e-04
 3.800000000000e+00, 1.360000000000e+00, 8.000000000000e-01, 3.486369355345e+00, 3.094848179042e-02
 3.800000000000e+00, 1.360000000000e+00, 8.700000000000e-01, 1.438194007613e+00, 1.077246225030e-02
 3.800000000000e+00, 1.360000000000e+00, 9.400000000000e-01, 6.835558348295e-01, 4.233119239112e-03
 3.800000000000e+00, 1.360000000000e+00, 1.010000000000e+00, 4.035218931347e-01, 1.574487373933e-03
 3.800000000000e+00, 1.360000000000e+00, 1.080000000000e+00, 3.233789612990e-01, 5.299188862158e-04
 3.800000000000e+00, 1.360000000000e+00, 1.150000000000e+00, 3.251502967498e-01, 3.506642128760e-04
 3.800000000000e+00, 1.360000000000e+00, 1.220000000000e+00, 3.574251506685e-01, 4.798829138458e-04
 3.800000000000e+00, 1.360000000000e+00, 1.290000000000e+00, 3.995673016087e-01, 5.765264035417e-04
 3.800000000000e+00, 1.360000000000e+00, 1.360000000000e+00, 4.442578302094e-01, 5.961309865419e-04
 3.800000000000e+00, 1.360000000000e+00, 1.430000000000e+00, 4.845647308217e-01, 6.008581021253e-04
 3.800000000000e+00, 1.430000000000e+00, 8.000000000000e-01, 3.374973322372e+00, 2.824186582202e-02
 3.800000000000e+00, 1.430000000000e+00, 8.700000000000e-01, 1.461972720372e+00, 1.130391796453e-02
 3.800000000000e+00, 1.430000000000e+00, 9.400000000000e-01, 7.167773722417e-01, 4.565825190230e-03
 3.800000000000e+00, 1.430000000000e+00, 1.010000000000e+00, 4.344177506946e-01, 1.734662015261e-03
 3.800000000000e+00, 1.430000000000e+00, 1.080000000000e+00, 3.520971608779e-01, 5.296407405183e-04
 3.800000000000e+00, 1.430000000000e+00, 1.150000000000e+00, 3.534160672650e-01, 3.592281192184e-04
 3.800000000000e+00, 1.430000000000e+00, 1.220000000000e+00, 3.849187310577e-01, 4.808998036570e-04
 3.800000000000e+00, 1.430000000000e+00, 1.290000000000e+00, 4.276363652393e-01, 5.685444893302e-04
 3.800000000000e+00, 1.430000000000e+00, 1.360000000000e+00, 4.707966200606e-01, 5.941116493341e-04
 3.800000000000e+00, 1.430000000000e+00, 1.430000000000e+00, 5.116107716680e-01, 5.817804192118e-04
 4.100000000000e+00, 8.000000000000e-01, 8.000000000000e-01, 5.254565937797e+00, 3.514092202790e-02
 4.100000000000e+00, 8.000000000000e-01, 8.700000000000e-01, 3.350023470977e+00, 2.477770486443e-02
 4.100000000000e+00, 8.000000000000e-01, 9.400000000000e-01, 2.560214116566e+00, 2.259306923520e-02
 4.100000000000e+00, 8.000000000000e-01, 1.010000000000e+00, 2.322151301140e+00, 2.319579008714e-02
 4.100000000000e+00, 8.000000000000e-01, 1.080000000000e+00, 2.228611484321e+00, 2.202438779035e-02
 4.100000000000e+00, 8.000000000000e-01, 1.150000000000e+00, 2.249620723221e+00, 2.342899411271e-02
 4.100000000000e+00, 8.000000000000e-01, 1.220000000000e+00, 2.251081675443e+00, 2.249925207078e-02
 4.100000000000e+00, 8.000000000000e-01, 1.290000000000e+00, 2.270670373482e+00, 2.261586314403e-02
 4.100000000000e+00, 8.000000000000e-01, 1.360000000000e+00, 2.307299397557e+00, 2.184103580882e-02
 4.100000000000e+00, 8.000000000000e-01, 1.430000000000e+00, 2.391321027770e+00, 2.450225611049e-02
 4.100000000000e+00, 8.700000000000e-01, 8.000000000000e-01, 3.966541466993e+00, 2.887778668631e-02
 4.100000000000e+00, 8.700000000000e-01, 8.700000000000e-01, 2.066260113809e+00, 1.356086872077e-02
 4.100000000000e+00, 8.700000000000e-01, 9.400000000000e-01, 1.287314050670e+00, 9.572331245164e-03
 4.100000000000e+00, 8.700000000000e-01, 1.010000000000e+00, 1.040000333479e+00, 9.183129436930e-03
 4.100000000000e+00, 8.700000000000e-01, 1.080000000000e+00, 9.449456833320e-01, 8.300888601558e-03
 4.100000000000e+00, 8.700000000000e-01, 1.150000000000e+00, 9.581916788114e-01, 9.008604838320e-03
 4.100000000000e+00, 8.700000000000e-01, 1.220000000000e+00, 9.902359159742e-01, 8.757501112142e-03
 4.100000000000e+00, 8.700000000000e-01, 1.290000000000e+00, 1.033732176013e+00, 8.228194159541e-03
 4.100000000000e+00, 8.700000000000e-01, 1.360000000000e+00, 1.070913725013e+00, 8.887777518728e-03
 4.100000000000e+00, 8.700000000000e-01, 1.430000000000e+00, 1.120666774601e+00, 9.352373919841e-03
 4.100000000000e+00, 9.400000000000e-01, 8.000000000000e-01, 3.555034636102e+00, 2.932813475910e-02
 4.100000000000e+00, 9.400000000000e-01, 8.700000000000e-01, 1.534244397707e+00, 1.066821921980e-02
 4.100000000000e+00, 9.400000000000e-01, 9.400000000000e-01, 8.063934853510e-01, 5.070984722122e-03
 4.100000000000e+00, 9.400000000000e-01, 1.010000000000e+00, 5.564863769254e-01, 3.860725656191e-03
 4.100000000000e+00, 9.400000000000e-01, 1.080000000000e+00, 4.755335460020e-01, 3.391756832518e-03
 4.100000000000e+00, 9.400000000000e-01, 1.150000000000e+00, 4.780105625358e-01, 3.456747696065e-03
 4.100000000000e+00, 9.400000000000e-01, 1.220000000000e+00, 5.090545309236e-01, 3.414779542694e-03
 4.100000000000e+00, 9.400000000000e-01, 1.290000000000e+00, 5.574053122151e-01, 3.699889637346e-03
 4.100000000000e+00, 9.400000000000e-01, 1.360000000000e+00, 5.959121491071e-01, 3.357990532449e-03
 4.100000000000e+00, 9.400000000000e-01, 1.430000000000e+00, 6.305844154132e-01, 3.344035822217e-03
 4.100000000000e+00, 1.010000000000e+00, 8.000000000000e-01, 3.287981889324e+00, 2.900926041457e-02
 4.100000000000e+00, 1.010000000000e+00, 8.700000000000e-01, 1.353421998646e+00, 1.047684778763e-02
 4.100000000000e+00, 1.010000000000e+00, 9.400000000000e-01, 6.347308443490e-01, 4.080162097854e-03
 4.100000000000e+00, 1.010000000000e+00, 1.010000000000e+00, 3.723894860146e-01, 1.837390681303e-03
 4.100000000000e+00, 1.010000000000e+00, 1.080000000000e+00, 3.040157171592e-01, 1.283181108081e-03
 4.100000000000e+00, 1.010000000000e+00, 1.150000000000e+00, 3.030950240064e-01, 1.163347540661e-03
 4.100000000000e+00, 1.010000000000e+00, 1.220000000000e+00, 3.347906201016e-01, 1.218519341607e-03
 4.100000000000e+00, 1.010000000000e+00, 1.290000000000e+00, 3.791550818445e-01, 1.278659406923e-03
 4.100000000000e+00, 1.010000000000e+00, 1.360000000000e+00, 4.216341098523e-01, 1.301622265508e-03
 4.100000000000e+00, 1.010000000000e+00, 1.430000000000e+00, 4.610706835538e-01, 1.262280962145e-03
 4.100000000000e+00, 1.080000000000e+00, 8.000000000000e-01, 3.158510588382e+00, 2.759846668533e-02
 4.100000000000e+00, 1.080000000000e+00, 8.700000000000e-01, 1.313591145030e+00, 1.061211146453e-02
 4.100000000000e+00, 1.080000000000e+00, 9.400000000000e-01, 5.910418854420e-01, 4.181868777268e-03
 4.100000000000e+00, 1.080000000000e+00, 1.010000000000e+00, 3.224096822580e-01, 1.432675336534e-03
 4.100000000000e+00, 1.080000000000e+00, 1.080000000000e+00, 2.517023728647e-01, 5.169082455112e-04
 4.100000000000e+00, 1.080000000000e+00, 1.150000000000e+00, 2.553853058532e-01, 3.656809998287e-04
 4.100000000000e+00, 1.080000000000e+00, 1.220000000000e+00, 2.882924593910e-01, 4.260774736703e-04
 4.100000000000e+00, 1.080000000000e+00, 1.290000000000e+00, 3.289245145053e-01, 4.864671455558e-04
 4.100000000000e+00, 1.080000000000e+00, 1.360000000000e+00, 3.706002640359e-01, 5.118544585738e-04
 4.100000000000e+00, 1.080000000000e+00, 1.430000000000e+00, 4.106002051463e-01, 5.230905296352e-04
 4.100000000000e+00, 1.150000000000e+00, 8.000000000000e-01, 3.094746033969e+00, 2.633447458261e-02
 4.100000000000e+00, 1.150000000000e+00, 8.700000000000e-01, 1.296801793072e+00, 1.077002791871e-02
 4.100000000000e+00, 1.150000000000e+00, 9.400000000000e-01, 5.890942922181e-01, 4.136871970904e-03
 4.100000000000e+00, 1.150000000000e+00, 1.010000000000e+00, 3.258430188407e-01, 1.426011344728e-03
 4.100000000000e+00, 1.150000000000e+00, 1.080000000000e+00, 2.545013427048e-01, 4.132938869952e-04
 4.100000000000e+00, 1.150000000000e+00, 1.150000000000e+00, 2.573097802101e-01, 2.227378502400e-04
 4.100000000000e+00, 1.150000000000e+00, 1.220000000000e+00, 2.888292174268e-01, 3.617101737656e-04
 4.100000000000e+00, 1.150000000000e+00, 1.290000000000e+00, 3.302308686994e-01, 3.947060046582e-04
 4.100000000000e+00, 1.150000000000e+00, 1.360000000000e+00, 3.721200470417e-01, 4.061515713459e-04
 4.100000000000e+00, 1.150000000000e+00, 1.430000000000e+00, 4.117892409579e-01, 4.007491813033e-04
 4.100000000000e+00, 1.220000000000e+00, 8.000000000000e-01, 3.103120858160e+00, 2.659488557158e-02
 4.100000000000e+00, 1.220000000000e+00, 8.700000000000e-01, 1.315830185607e+00, 1.019942580304e-02
 4.100000000000e+00, 1.220000000000e+00, 9.400000000000e-01, 6.072152566019e-01, 3.961294841687e-03
 4.100000000000e+00, 1.220000000000e+00, 1.010000000000e+00, 3.528899254956e-01, 1.638511211040e-03
 4.100000000000e+00, 1.220000000000e+00, 1.080000000000e+00, 2.763506488461e-01, 4.710835080818e-04
 4.100000000000e+00, 1.220000000000e+00, 1.150000000000e+00, 2.786368216372e-01, 3.063767597526e-04
 4.100000000000e+00, 1.220000000000e+00, 1.220000000000e+00, 3.094877310206e-01, 4.352687283114e-04
 4.100000000000e+00, 1.220000000000e+00, 1.290000000000e+00, 3.500132144774e-01, 4.776702148813e-04
 4.100000000000e+00, 1.220000000000e+00, 1.360000000000e+00, 3.930775342374e-01, 4.675632668672e-04
 4.100000000000e+00, 1.220000000000e+00, 1.430000000000e+00, 4.311834206601e-01, 4.836827757292e-04
 4.100000000000e+00, 1.290000000000e+00, 8.000000000000e-01, 3.134239664678e+00, 2.823497342050e-02
 4.100000000000e+00, 1.290000000000e+00, 8.700000000000e-01, 1.312475495332e+00, 1.021094793390e-02
 4.100000000000e+00, 1.290000000000e+00, 9.400000000000e-01, 6.318615644825e-01, 4.084960452113e-03
 4.100000000000e+00, 1.290000000000e+00, 1.010000000000e+00, 3.759953981593e-01, 1.579583146332e-03
 4.100000000000e+00, 1.290000000000e+00, 1.080000000000e+00, 3.044108595442e-01, 4.810696735730e-04
 4.100000000000e+00, 1.290000000000e+00, 1.150000000000e+00, 3.062520380779e-01, 3.397506574828e-04
 4.100000000000e+00, 1.290000000000e+00, 1.220000000000e+00, 3.381795294336e-01, 4.477493024870e-04
 4.100000000000e+00, 1.290000000000e+00, 1.290000000000e+00, 3.777685706090e-01, 5.114152338446e-04
 4.100000000000e+00, 1.290000000000e+00, 1.360000000000e+00, 4.174360386546e-01, 5.674615030535e-04
 4.100000000000e+00, 1.290000000000e+00, 1.430000000000e+00, 4.567379779916e-01, 5.167903840489e-04
 4.100000000000e+00, 1.360000000000e+00, 8.000000000000e-01, 3.134485561437e+00, 2.801249027778e-02
 4.100000000000e+00, 1.360000000000e+00, 8.700000000000e-01, 1.349289530967e+00, 1.043862634514e-02
 4.100000000000e+00, 1.360000000000e+00, 9.400000000000e-01, 6.595548760934e-01, 4.147732069982e-03
 4.100000000000e+00, 1.360000000000e+00, 1.010000000000e+00, 4.048471610366e-01, 1.479211350170e-03
 4.100000000000e+00, 1.360000000000e+00, 1.080000000000e+00, 3.326112836619e-01, 5.022195924633e-04
 4.100000000000e+00, 1.360000000000e+00, 1.150000000000e+00, 3.355201607263e-01, 3.387664148405e-04
 4.100000000000e+00, 1.360000000000e+00, 1.220000000000e+00, 3.657159744331e-01, 4.593027224124e-04
 4.100000000000e+00, 1.360000000000e+00, 1.290000000000e+00, 4.056571262864e-01, 5.073060211810e-04
 4.100000000000e+00, 1.360000000000e+00, 1.360000000000e+00, 4.462823695884e-01, 5.575393119385e-04
 4.100000000000e+00, 1.360000000000e+00, 1.430000000000e+00, 4.847533232284e-01, 5.419507077726e-04
 4.100000000000e+00, 1.430000000000e+00, 8.000000000000e-01, 3.111823693523e+00, 2.638832250224e-02
 4.100000000000e+00, 1.430000000000e+00, 8.700000000000e-01, 1.355202482467e+00, 1.039059140704e-02
 4.100000000000e+00, 1.430000000000e+00, 9.400000000000e-01, 6.801269099020e-01, 4.133821004740e-03
 4.100000000000e+00, 1.430000000000e+00, 1.010000000000e+00, 4.307610617223e-01, 1.472619040155e-03
 4.100000000000e+00, 1.430000000000e+00, 1.080000000000e+00, 3.604948054887e-01, 5.107988772982e-04
 4.100000000000e+00, 1.430000000000e+00, 1.150000000000e+00, 3.608961245207e-01, 3.535536612315e-04
 4.100000000000e+00, 1.430000000000e+00, 1.220000000000e+00, 3.912650461075e-01, 4.572693181131e-04
 4.100000000000e+00, 1.430000000000e+00, 1.290000000000e+00, 4.297361146341e-01, 5.658104209233e-04
 4.100000000000e+00, 1.430000000000e+00, 1.360000000000e+00, 4.713093842290e-01, 5.400225255421e-04
 4.100000000000e+00, 1.430000000000e+00, 1.430000000000e+00, 5.086674090407e-01, 5.537688807045e-04
 4.400000000000e+00, 8.000000000000e-01, 8.000000000000e-01, 4.780234005090e+00, 3.288827118752e-02
 4.400000000000e+00, 8.000000000000e-01, 8.700000000000e-01, 3.015091096189e+00, 2.196751280207e-02
 4.400000000000e+00, 8.000000000000e-01, 9.400000000000e-01, 2.353758493490e+00, 2.183795610444e-02
 4.400000000000e+00, 8.000000000000e-01, 1.010000000000e+00, 2.121565617944e+00, 2.112017244114e-02
 4.400000000000e+00, 8.000000000000e-01, 1.080000000000e+00, 2.059409321185e+00, 2.374480656838e-02
 4.400000000000e+00, 8.000000000000e-01, 1.150000000000e+00, 2.040046783647e+00, 2.099845394130e-02
 4.400000000000e+00, 8.000000000000e-01, 1.220000000000e+00, 2.092129635285e+00, 2.080199080319e-02
 4.400000000000e+00, 8.000000000000e-01, 1.290000000000e+00, 2.136862681248e+00, 2.148860634199e-02
 4.400000000000e+00, 8.000000000000e-01, 1.360000000000e+00, 2.155072820186e+00, 2.164991616222e-02
 4.400000000000e+00, 8.000000000000e-01, 1.430000000000e+00, 2.174388445675e+00, 2.238197464625e-02
 4.400000000000e+00, 8.700000000000e-01, 8.000000000000e-01, 3.602041565960e+00, 2.720502304739e-02
 4.400000000000e+00, 8.700000000000e-01, 8.700000000000e-01, 1.856933905891e+00, 1.294358620105e-02
 4.400000000000e+00, 8.700000000000e-01, 9.400000000000e-01, 1.227549852089e+00, 9.478198900233e-03
 4.400000000000e+00, 8.700000000000e-01, 1.010000000000e+00, 9.755443993968e-01, 8.419050616114e-03
 4.400000000000e+00, 8.700000000000e-01, 1.080000000000e+00, 9.006094263949e-01, 7.889766899010e-03
 4.400000000000e+00, 8.700000000000e-01, 1.150000000000e+00, 9.032941743186e-01, 7.962279190964e-03
 4.400000000000e+00, 8.700000000000e-01, 1.220000000000e+00, 9.381185261709e-01, 8.271289973595e-03
 4.400000000000e+00, 8.700000000000e-01, 1.290000000000e+00, 9.634242610291e-01, 7.840677236289e-03
 4.400000000000e+00, 8.700000000000e-01, 1.360000000000e+00, 1.011159614988e+00, 8.500247543402e-03
 4.400000000000e+00, 8.700000000000e-01, 1.430000000000e+00, 1.059704257311e+00, 8.844121954879e-03
 4.400000000000e+00, 9.400000000000e-01, 8.000000000000e-01, 3.154023997986e+00, 2.342463885656e-02
 4.400000000000e+00, 9.400000000000e-01, 8.700000000000e-01, 1.447869928489e+00, 1.391327695483e-02
 4.400000000000e+00, 9.400000000000e-01, 9.400000000000e-01, 7.727307536656e-01, 4.816801230290e-03
 4.400000000000e+00, 9.400000000000e-01, 1.010000000000e+00, 5.347550132265e-01, 3.330318507792e-03
 4.400000000000e+00, 9.400000000000e-01, 1.080000000000e+00, 4.697943797870e-01, 3.182998014917e-03
 4.400000000000e+00, 9.400000000000e-01, 1.150000000000e+00, 4.679370817409e-01, 3.055566275477e-03
 4.400000000000e+00, 9.400000000000e-01, 1.220000000000e+00, 4.985747753803e-01, 2.991392704301e-03
 4.400000000000e+00, 9.400000000000e-01, 1.290000000000e+00, 5.435293933717e-01, 3.253038916097e-03
 4.400000000000e+00, 9.400000000000e-01, 1.360000000000e+00, 5.834355872185e-01, 3.257542086285e-03
 4.400000000000e+00, 9.400000000000e-01, 1.430000000000e+00, 6.171401271924e-01, 3.441392935695e-03
 4.400000000000e+00, 1.010000000000e+00, 8.000000000000e-01, 2.982482852835e+00, 2.570865460623e-02
 4.400000000000e+00, 1.010000000000e+00, 8.700000000000e-01, 1.272529680207e+00, 1.023068969026e-02
 4.400000000000e+00, 1.010000000000e+00, 9.400000000000e-01, 6.164230311394e-01, 4.116784061328e-03
 4.400000000000e+00, 1.010000000000e+00, 1.010000000000e+00, 3.787836972741e-01, 1.800575663423e-03
 4.400000000000e+00, 1.010000000000e+00, 1.080000000000e+00, 3.125224287563e-01, 1.234502002063e-03
 4.400000000000e+00, 1.010000000000e+00, 1.150000000000e+00, 3.154889227248e-01, 1.135711538551e-03
 4.400000000000e+00, 1.010000000000e+00, 1.220000000000e+00, 3.478530837616e-01, 1.288261723821e-03
 4.400000000000e+00, 1.010000000000e+00, 1.290000000000e+00, 3.838104067072e-01, 1.138890096421e-03
 4.400000000000e+00, 1.010000000000e+00, 1.360000000000e+00, 4.245136590509e-01, 1.241897352791e-03
 4.400000000000e+00, 1.010000000000e+00, 1.430000000000e+00, 4.617937939033e-01, 1.287146474963e-03
 4.400000000000e+00, 1.080000000000e+00, 8.000000000000e-01, 2.910831203385e+00, 2.674804501251e-02
 4.400000000000e+00, 1.080000000000e+00, 8.700000000000e-01, 1.232032087692e+00, 1.058316801917e-02
 4.400000000000e+00, 1.080000000000e+00, 9.400000000000e-01, 5.686132048201e-01, 3.914641721366e-03
 4.400000000000e+00, 1.080000000000e+00, 1.010000000000e+00, 3.335935132757e-01, 1.475595543183e-03
 4.400000000000e+00, 1.080000000000e+00, 1.080000000000e+00, 2.682614793172e-01, 5.055456869833e-04
 4.400000000000e+00, 1.080000000000e+00, 1.150000000000e+00, 2.720903975330e-01, 3.454356596790e-04
 4.400000000000e+00, 1.080000000000e+00, 1.220000000000e+00, 3.028008475292e-01, 4.197923538674e-04
 4.400000000000e+00, 1.080000000000e+00, 1.290000000000e+00, 3.408386307364e-01, 4.600825400663e-04
 4.400000000000e+00, 1.080000000000e+00, 1.360000000000e+00, 3.799547346121e-01, 4.785831501495e-04
 4.400000000000e+00, 1.080000000000e+00, 1.430000000000e+00, 4.157885900050e-01, 4.701349720422e-04
 4.400000000000e+00, 1.150000000000e+00, 8.000000000000e-01, 2.948261013446e+00, 2.743084507685e-02
 4.400000000000e+00, 1.150000000000e+00, 8.700000000000e-01, 1.218186929801e+00, 1.037454901797e-02
 4.400000000000e+00, 1.150000000000e+00, 9.400000000000e-01, 5.693448321828e-01, 3.773212317625e-03
 4.400000000000e+00, 1.150000000000e+00, 1.010000000000e+00, 3.374693832385e-01, 1.477849475573e-03
 4.400000000000e+00, 1.150000000000e+00, 1.080000000000e+00, 2.709572741339e-01, 3.974305653374e-04
 4.400000000000e+00, 1.150000000000e+00, 1.150000000000e+00, 2.742457933715e-01, 2.252129455688e-04
 4.400000000000e+00, 1.150000000000e+00, 1.220000000000e+00, 3.044866484767e-01, 3.365479218622e-04
 4.400000000000e+00, 1.150000000000e+00, 1.290000000000e+00, 3.427766613985e-01, 3.822194993022e-04
 4.400000000000e+00, 1.150000000000e+00, 1.360000000000e+00, 3.820859764226e-01, 3.780403915857e-04
 4.400000000000e+00, 1.150000000000e+00, 1.430000000000e+00, 4.180396823761e-01, 3.918123830345e-04
 4.400000000000e+00, 1.220000000000e+00, 8.000000000000e-01, 2.844069245708e+00, 2.479274038815e-02
 4.400000000000e+00, 1.220000000000e+00, 8.700000000000e-01, 1.230982209057e+00, 9.931821422361e-03
 4.400000000000e+00, 1.220000000000e+00, 9.400000000000e-01, 5.916813359780e-01, 3.861117133417e-03
 4.400000000000e+00, 1.220000000000e+00, 1.010000000000e+00, 3.564806182206e-01, 1.371399333686e-03
 4.400000000000e+00, 1.220000000000e+00, 1.080000000000e+00, 2.911999277169e-01, 4.282859931615e-04
 4.400000000000e+00, 1.220000000000e+00, 1.150000000000e+00, 2.950896755583e-01, 2.915459448665e-04
 4.400000000000e+00, 1.220000000000e+00, 1.220000000000e+00, 3.242269913885e-01, 4.056139880025e-04
 4.400000000000e+00, 1.220000000000e+00, 1.290000000000e+00, 3.625289239679e-01, 4.393339496123e-04
 4.400000000000e+00, 1.220000000000e+00, 1.360000000000e+00, 4.009780574904e-01, 4.514376435888e-04
 4.400000000000e+00, 1.220000000000e+00, 1.430000000000e+00, 4.375801409653e-01, 4.353953208701e-04
 4.400000000000e+00, 1.290000000000e+00, 8.000000000000e-01, 2.860643296569e+00, 2.553751396954e-02
 4.400000000000e+00, 1.290000000000e+00, 8.700000000000e-01, 1.267117521233e+00, 1.037861760285e-02
 4.400000000000e+00, 1.290000000000e+00, 9.400000000000e-01, 6.185178533830e-01, 3.893765340827e-03
 4.400000000000e+00, 1.290000000000e+00, 1.010000000000e+00, 3.836498676425e-01, 1.416564364473e-03
 4.400000000000e+00, 1.290000000000e+00, 1.080000000000e+00, 3.176526083419e-01, 4.722477695712e-04
 4.400000000000e+00, 1.290000000000e+00, 1.150000000000e+00, 3.204581540631e-01, 3.374746119011e-04
 4.400000000000e+00, 1.290000000000e+00, 1.220000000000e+00, 3.496039711010e-01, 4.300563395043e-04
 4.400000000000e+00, 1.290000000000e+00, 1.290000000000e+00, 3.864242048813e-01, 5.397557175660e-04
 4.400000000000e+00, 1.290000000000e+00, 1.360000000000e+00, 4.256912805892e-01, 4.937358991051e-04
 4.400000000000e+00, 1.290000000000e+00, 1.430000000000e+00, 4.611420571818e-01, 5.001926017310e-04
 4.400000000000e+00, 1.360000000000e+00, 8.000000000000e-01, 2.893084203717e+00, 2.667201816983e-02
 4.400000000000e+00, 1.360000000000e+00, 8.700000000000e-01, 1.249741229107e+00, 9.412967746229e-03
 4.400000000000e+00, 1.360000000000e+00, 9.400000000000e-01, 6.314623863568e-01, 3.913355706508e-03
 4.400000000000e+00, 1.360000000000e+00, 1.010000000000e+00, 4.073392573896e-01, 1.450751208714e-03
 4.400000000000e+00, 1.360000000000e+00, 1.080000000000e+00, 3.436551484811e-01, 4.711057320295e-04
 4.400000000000e+00, 1.360000000000e+00, 1.150000000000e+00, 3.461858359123e-01, 3.697441767678e-04
 4.400000000000e+00, 1.360000000000e+00, 1.220000000000e+00, 3.748841605558e-01, 4.936906260947e-04
 4.400000000000e+00, 1.360000000000e+00, 1.290000000000e+00, 4.133304818881e-01, 4.856612079720e-04
 4.400000000000e+00, 1.360000000000e+00, 1.360000000000e+00, 4.507131203913e-01, 5.176211535094e-04
 4.400000000000e+00, 1.360000000000e+00, 1.430000000000e+00, 4.865541769262e-01, 5.140736676201e-04
 4.400000000000e+00, 1.430000000000e+00, 8.000000000000e-01, 2.855023721108e+00, 2.745294482767e-02
 4.400000000000e+00, 1.430000000000e+00, 8.700000000000e-01, 1.265268764677e+00, 1.078769109661e-02
 4.400000000000e+00, 1.430000000000e+00, 9.400000000000e-01, 6.562049055785e-01, 3.715105949386e-03
 4.400000000000e+00, 1.430000000000e+00, 1.010000000000e+00, 4.327830784073e-01, 1.461665651047e-03
 4.400000000000e+00, 1.430000000000e+00, 1.080000000000e+00, 3.696371415070e-01, 4.824840588984e-04
 4.400000000000e+00, 1.430000000000e+00, 1.150000000000e+00, 3.713719095692e-01, 3.502652811706e-04
 4.400000000000e+00, 1.430000000000e+00, 1.220000000000e+00, 3.994404394407e-01, 4.430249355725e-04
 4.400000000000e+00, 1.430000000000e+00, 1.290000000000e+00, 4.372797237966e-01, 4.809537549983e-04
 4.400000000000e+00, 1.430000000000e+00, 1.360000000000e+00, 4.726989123481e-01, 5.336029607678e-04
 4.400000000000e+00, 1.430000000000e+00, 1.430000000000e+00, 5.087715860653e-01, 5.411236613174e-04
 4.700000000000e+00, 8.000000000000e-01, 8.000000000000e-01, 4.300948315636e+00, 3.135799676512e-02
 4.700000000000e+00, 8.000000000000e-01, 8.700000000000e-01, 2.783879861776e+00, 2.160744144852e-02
 4.700000000000e+00, 8.000000000000e-01, 9.400000000000e-01, 2.232300647301e+00, 2.046155035053e-02
 4.700000000000e+00, 8.000000000000e-01, 1.010000000000e+00, 1.942481207003e+00, 1.910314656121e-02
 4.700000000000e+00, 8.000000000000e-01, 1.080000000000e+00, 1.919833096299e+00, 2.055064612689e-02
 4.700000000000e+00, 8.000000000000e-01, 1.150000000000e+00, 1.916632993528e+00, 2.156297007085e-02
 4.700000000000e+00, 8.000000000000e-01, 1.220000000000e+00, 1.939338290107e+00, 1.958966895796e-02
 4.700000000000e+00, 8.000000000000e-01, 1.290000000000e+00, 1.985981430185e+00, 2.090247098329e-02
 4.700000000000e+00, 8.000000000000e-01, 1.360000000000e+00, 1.992031123092e+00, 2.079750984355e-02
 4.700000000000e+00, 8.000000000000e-01, 1.430000000000e+00, 2.040993838361e+00, 2.072589705862e-02
 4.700000000000e+00, 8.700000000000e-01, 8.000000000000e-01, 3.340731286228e+00, 2.518533871434e-02
 4.700000000000e+00, 8.700000000000e-01, 8.700000000000e-01, 1.762219117950e+00, 1.274315570086e-02
 4.700000000000e+00, 8.700000000000e-01, 9.400000000000e-01, 1.140757668959e+00, 8.625407825940e-03
 4.700000000000e+00, 8.700000000000e-01, 1.010000000000e+00, 9.326619020357e-01, 9.027032170078e-03
 4.700000000000e+00, 8.700000000000e-01, 1.080000000000e+00, 8.646573010891e-01, 7.417658463496e-03
 4.700000000000e+00, 8.700000000000e-01, 1.150000000000e+00, 8.719859203807e-01, 7.754096906635e-03
 4.700000000000e+00, 8.700000000000e-01, 1.220000000000e+00, 8.984476538688e-01, 8.072243949609e-03
 4.700000000000e+00, 8.700000000000e-01, 1.290000000000e+00, 9.460923047019e-01, 8.008221329263e-03
 4.700000000000e+00, 8.700000000000e-01, 1.360000000000e+00, 9.677230308270e-01, 8.077446267832e-03
 4.700000000000e+00, 8.700000000000e-01, 1.430000000000e+00, 1.006946737554e+00, 8.128371422236e-03
 4.700000000000e+00, 9.400000000000e-01, 8.000000000000e-01, 2.919371367148e+00, 2.421142119876e-02
 4.700000000000e+00, 9.400000000000e-01, 8.700000000000e-01, 1.336186397789e+00, 9.410673301653e-03
 4.700000000000e+00, 9.400000000000e-01, 9.400000000000e-01, 7.389475778972e-01, 4.677593922903e-03
 4.700000000000e+00, 9.400000000000e-01, 1.010000000000e+00, 5.245600221375e-01, 3.200947025426e-03
 4.700000000000e+00, 9.400000000000e-01, 1.080000000000e+00, 4.664522378077e-01, 3.236157644917e-03
 4.700000000000e+00, 9.400000000000e-01, 1.150000000000e+00, 4.659018758127e-01, 2.966584746765e-03
 4.700000000000e+00, 9.400000000000e-01, 1.220000000000e+00, 5.031429413668e-01, 3.076485924674e-03
 4.700000000000e+00, 9.400000000000e-01, 1.290000000000e+00, 5.322009138667e-01, 2.866893227974e-03
 4.700000000000e+00, 9.400000000000e-01, 1.360000000000e+00, 5.746750466586e-01, 3.055392569480e-03
 4.700000000000e+00, 9.400000000000e-01, 1.430000000000e+00, 6.069721087722e-01, 3.070805642238e-03
 4.700000000000e+00, 1.010000000000e+00, 8.000000000000e-01, 2.768529354538e+00, 2.390568423962e-02
 4.700000000000e+00, 1.010000000000e+00, 8.700000000000e-01, 1.199478579610e+00, 9.435621992915e-03
 4.700000000000e+00, 1.010000000000e+00, 9.400000000000e-01, 5.976507635786e-01, 3.686909894356e-03
 4.700000000000e+00, 1.010000000000e+00, 1.010000000000e+00, 3.806502871157e-01, 1.608613759864e-03
 4.700000000000e+00, 1.010000000000e+00, 1.080000000000e+00, 3.242694726655e-01, 1.088777147821e-03
 4.700000000000e+00, 1.010000000000e+00, 1.150000000000e+00, 3.274603689358e-01, 1.050437860646e-03
 4.700000000000e+00, 1.010000000000e+00, 1.220000000000e+00, 3.554762678758e-01, 1.087616402472e-03
 4.700000000000e+00, 1.010000000000e+00, 1.290000000000e+00, 3.946846495602e-01, 1.120983236567e-03
 4.700000000000e+00, 1.010000000000e+00, 1.360000000000e+00, 4.315305793729e-01, 1.235575758867e-03
 4.700000000000e+00, 1.010000000000e+00, 1.430000000000e+00, 4.631221641133e-01, 1.121938644613e-03
 4.700000000000e+00, 1.080000000000e+00, 8.000000000000e-01, 2.706650394581e+00, 2.428769042661e-02
 4.700000000000e+00, 1.080000000000e+00, 8.700000000000e-01, 1.147549462441e+00, 9.251543139592e-03
 4.700000000000e+00, 1.080000000000e+00, 9.400000000000e-01, 5.527326763697e-01, 3.889245886863e-03
 4.700000000000e+00, 1.080000000000e+00, 1.010000000000e+00, 3.427191064038e-01, 1.396278810139e-03
 4.700000000000e+00, 1.080000000000e+00, 1.080000000000e+00, 2.842975892593e-01, 4.724654853668e-04
 4.700000000000e+00, 1.080000000000e+00, 1.150000000000e+00, 2.884204016951e-01, 3.429471503459e-04
 4.700000000000e+00, 1.080000000000e+00, 1.220000000000e+00, 3.164365108348e-01, 4.229551059325e-04
 4.700000000000e+00, 1.080000000000e+00, 1.290000000000e+00, 3.526842082167e-01, 4.371040790034e-04
 4.700000000000e+00, 1.080000000000e+00, 1.360000000000e+00, 3.896952290373e-01, 4.631608592273e-04
 4.700000000000e+00, 1.080000000000e+00, 1.430000000000e+00, 4.243189974117e-01, 4.696044217645e-04
 4.700000000000e+00, 1.150000000000e+00, 8.000000000000e-01, 2.658657319074e+00, 2.229281894531e-02
 4.700000000000e+00, 1.150000000000e+00, 8.700000000000e-01, 1.145255243186e+00, 9.096484389034e-03
 4.700000000000e+00, 1.150000000000e+00, 9.400000000000e-01, 5.535206882313e-01, 3.573953270543e-03
 4.700000000000e+00, 1.150000000000e+00, 1.010000000000e+00, 3.464579220134e-01, 1.287037380238e-03
 4.700000000000e+00, 1.150000000000e+00, 1.080000000000e+00, 2.877687799609e-01, 3.877494135258e-04
 4.700000000000e+00, 1.150000000000e+00, 1.150000000000e+00, 2.914124460052e-01, 2.307907684242e-04
 4.700000000000e+00, 1.150000000000e+00, 1.220000000000e+00, 3.200011069530e-01, 3.445727754935e-04
 4.700000000000e+00, 1.150000000000e+00, 1.290000000000e+00, 3.558291466739e-01, 3.812057937008e-04
 4.700000000000e+00, 1.150000000000e+00, 1.360000000000e+00, 3.924002835093e-01, 3.719610487140e-04
 4.700000000000e+00, 1.150000000000e+00, 1.430000000000e+00, 4.249665146306e-01, 3.915313179122e-04
 4.700000000000e+00, 1.220000000000e+00, 8.000000000000e-01, 2.707038523023e+00, 2.467004724539e-02
 4.700000000000e+00, 1.220000000000e+00, 8.700000000000e-01, 1.164960069870e+00, 9.550472789558e-03
 4.700000000000e+00, 1.220000000000e+00, 9.400000000000e-01, 5.833131121399e-01, 4.000351057265e-03
 4.700000000000e+00, 1.220000000000e+00, 1.010000000000e+00, 3.647058036624e-01, 1.303964856228e-03
 4.700000000000e+00, 1.220000000000e+00, 1.080000000000e+00, 3.061817385736e-01, 4.177419639045e-04
 4.700000000000e+00, 1.220000000000e+00, 1.150000000000e+00, 3.107263074233e-01, 3.069067403401e-04
 4.700000000000e+00, 1.220000000000e+00, 1.220000000000e+00, 3.385185331253e-01, 3.985320370446e-04
 4.700000000000e+00, 1.220000000000e+00, 1.290000000000e+00, 3.733695170740e-01, 4.436710717361e-04
 4.700000000000e+00, 1.220000000000e+00, 1.360000000000e+00, 4.095006972698e-01, 4.243395251657e-04
 4.700000000000e+00, 1.220000000000e+00, 1.430000000000e+00, 4.440784884200e-01, 4.306608057208e-04
 4.700000000000e+00, 1.290000000000e+00, 8.000000000000e-01, 2.647035727669e+00, 2.346854228256e-02
 4.700000000000e+00, 1.290000000000e+00, 8.700000000000e-01, 1.162842601797e+00, 9.127001483323e-03
 4.700000000000e+00, 1.290000000000e+00, 9.400000000000e-01, 5.922821049160e-01, 3.590181438511e-03
 4.700000000000e+00, 1.290000000000e+00, 1.010000000000e+00, 3.896366770966e-01, 1.375601376882e-03
 4.700000000000e+00, 1.290000000000e+00, 1.080000000000e+00, 3.307202517797e-01, 4.567532526239e-04
 4.700000000000e+00, 1.290000000000e+00, 1.150000000000e+00, 3.350405967863e-01, 3.259953946128e-04
 4.700000000000e+00, 1.290000000000e+00, 1.220000000000e+00, 3.620346072042e-01, 4.215377102956e-04
 4.700000000000e+00, 1.290000000000e+00, 1.290000000000e+00, 3.972407210559e-01, 4.621618696691e-04
 4.700000000000e+00, 1.290000000000e+00, 1.360000000000e+00, 4.316867755673e-01, 5.008458513708e-04
 4.700000000000e+00, 1.290000000000e+00, 1.430000000000e+00, 4.666525272569e-01, 4.661720224307e-04
 4.700000000000e+00, 1.360000000000e+00, 8.000000000000e-01, 2.713123125246e+00, 2.504178156883e-02
 4.700000000000e+00, 1.360000000000e+00, 8.700000000000e-01, 1.187017522945e+00, 9.314043929795e-03
 4.700000000000e+00, 1.360000000000e+00, 9.400000000000e-01, 6.144480206168e-01, 3.439286534916e-03
 4.700000000000e+00, 1.360000000000e+00, 1.010000000000e+00, 4.124136290952e-01, 1.307581435319e-03
 4.700000000000e+00, 1.360000000000e+00, 1.080000000000e+00, 3.562724056129e-01, 4.507215187755e-04
 4.700000000000e+00, 1.360000000000e+00, 1.150000000000e+00, 3.593652539216e-01, 3.342741906669e-04
 4.700000000000e+00, 1.360000000000e+00, 1.220000000000e+00, 3.859678313294e-01, 4.323015005190e-04
 4.700000000000e+00, 1.360000000000e+00, 1.290000000000e+00, 4.214671345687e-01, 4.812251428569e-04
 4.700000000000e+00, 1.360000000000e+00, 1.360000000000e+00, 4.563692472271e-01, 4.990331107646e-04
 4.700000000000e+00, 1.360000000000e+00, 1.430000000000e+00, 4.892358878467e-01, 5.006758602546e-04
 4.700000000000e+00, 1.430000000000e+00, 8.000000000000e-01, 2.663400349332e+00, 2.654095553853e-02
 4.700000000000e+00, 1.430000000000e+00, 8.700000000000e-01, 1.192418803349e+00, 9.438030550852e-03
 4.700000000000e+00, 1.430000000000e+00, 9.400000000000e-01, 6.364087458092e-01, 3.593212373662e-03
 4.700000000000e+00, 1.430000000000e+00, 1.010000000000e+00, 4.375713569506e-01, 1.322105042288e-03
 4.700000000000e+00, 1.430000000000e+00, 1.080000000000e+00, 3.802252385651e-01, 4.496879271847e-04
 4.700000000000e+00, 1.430000000000e+00, 1.150000000000e+00, 3.828553231809e-01, 3.295319313397e-04
 4.700000000000e+00, 1.430000000000e+00, 1.220000000000e+00, 4.095719561472e-01, 4.143425308091e-04
 4.700000000000e+00, 1.430000000000e+00, 1.290000000000e+00, 4.433945974340e-01, 4.862538799266e-04
 4.700000000000e+00, 1.430000000000e+00, 1.360000000000e+00, 4.778604450723e-01, 5.032860741854e-04
 4.700000000000e+00, 1.430000000000e+00, 1.430000000000e+00, 5.124067951855e-01, 4.816124054414e-04
