#              p[0],               p[1],               p[2],             energy,               error
 1.200000000000e+01, 8.000000000000e-01, 8.000000000000e-01, 2.324831888207e-01, 4.674769313770e-03
 1.200000000000e+01, 8.000000000000e-01, 8.700000000000e-01, 2.343551284912e-01, 7.883270863306e-03
 1.200000000000e+01, 8.000000000000e-01, 9.400000000000e-01, 2.287665701615e-01, 7.389455608033e-03
 1.200000000000e+01, 8.000000000000e-01, 1.010000000000e+00, 2.223669735005e-01, 4.979853385540e-03
 1.200000000000e+01, 8.000000000000e-01, 1.080000000000e+00, 2.353471686838e-01, 6.042069745594e-03
 1.200000000000e+01, 8.000000000000e-01, 1.150000000000e+00, 2.265209593700e-01, 5.432941145052e-03
 1.200000000000e+01, 8.000000000000e-01, 1.220000000000e+00, 2.341334615690e-01, 5.741421232228e-03
 1.200000000000e+01, 8.000000000000e-01, 1.290000000000e+00, 2.267028086881e-01, 5.620520898353e-03
 1.200000000000e+01, 8.000000000000e-01, 1.360000000000e+00, 2.271388900535e-01, 6.572750242581e-03
 1.200000000000e+01, 8.000000000000e-01, 1.430000000000e+00, 2.252800035544e-01, 6.777146126506e-03
 1.200000000000e+01, 8.700000000000e-01, 8.000000000000e-01, 1.481143112992e-01, 2.169232298922e-03
 1.200000000000e+01, 8.700000000000e-01, 8.700000000000e-01, 1.358448729551e-01, 1.988204720706e-03
 1.200000000000e+01, 8.700000000000e-01, 9.400000000000e-01, 1.381394184197e-01, 2.472055608215e-03
 1.200000000000e+01, 8.700000000000e-01, 1.010000000000e+00, 1.375902049188e-01, 2.530272247699e-03
 1.200000000000e+01, 8.700000000000e-01, 1.080000000000e+00, 1.349567913010e-01, 2.062958891975e-03
 1.200000000000e+01, 8.700000000000e-01, 1.150000000000e+00, 1.336558860381e-01, 1.887617622453e-03
 1.200000000000e+01, 8.700000000000e-01, 1.220000000000e+00, 1.353478627653e-01, 2.402395409575e-03
 1.200000000000e+01, 8.700000000000e-01, 1.290000000000e+00, 1.395440351183e-01, 2.405225751889e-03
 1.200000000000e+01, 8.700000000000e-01, 1.360000000000e+00, 1.377530164573e-01, 2.268951047329e-03
 1.200000000000e+01, 8.700000000000e-01, 1.430000000000e+00, 1.487024607031e-01, 4.171770536020e-03
 1.200000000000e+01, 9.400000000000e-01, 8.000000000000e-01, 1.105053648926e-01, 8.948945953782e-04
 1.200000000000e+01, 9.400000000000e-01, 8.700000000000e-01, 1.039210012672e-01, 1.086932210344e-03
 1.200000000000e+01, 9.400000000000e-01, 9.400000000000e-01, 9.941937842078e-02, 6.715549160595e-04
 1.200000000000e+01, 9.400000000000e-01, 1.010000000000e+00, 1.011742094964e-01, 1.444384381381e-03
 1.200000000000e+01, 9.400000000000e-01, 1.080000000000e+00, 9.964181929455e-02, 8.096101793882e-04
 1.200000000000e+01, 9.400000000000e-01, 1.150000000000e+00, 1.017837225779e-01, 8.318019890409e-04
 1.200000000000e+01, 9.400000000000e-01, 1.220000000000e+00, 1.008429259688e-01, 7.592746062205e-04
 1.200000000000e+01, 9.400000000000e-01, 1.290000000000e+00, 1.057344503901e-01, 1.547273595926e-03
 1.200000000000e+01, 9.400000000000e-01, 1.360000000000e+00, 1.054024000797e-01, 9.022347886517e-04
 1.200000000000e+01, 9.400000000000e-01, 1.430000000000e+00, 1.062398380861e-01, 8.460902000113e-04
 1.200000000000e+01, 1.010000000000e+00, 8.000000000000e-01, 9.906575820277e-02, 4.321646629679e-04
 1.200000000000e+01, 1.010000000000e+00, 8.700000000000e-01, 9.026988397621e-02, 3.176904729042e-04
 1.200000000000e+01, 1.010000000000e+00, 9.400000000000e-01, 8.778499107190e-02, 2.996141430849e-04
 1.200000000000e+01, 1.010000000000e+00, 1.010000000000e+00, 8.724576060569e-02, 3.313275979215e-04
 1.200000000000e+01, 1.010000000000e+00, 1.080000000000e+00, 8.873506361848e-02, 3.175403602221e-04
 1.200000000000e+01, 1.010000000000e+00, 1.150000000000e+00, 8.918218879830e-02, 3.662330192876e-04
 1.200000000000e+01, 1.010000000000e+00, 1.220000000000e+00, 9.059469940984e-02, 3.658040870143e-04
 1.200000000000e+01, 1.010000000000e+00, 1.290000000000e+00, 9.096288654122e-02, 3.340033342826e-04
 1.200000000000e+01, 1.010000000000e+00, 1.360000000000e+00, 9.237942244481e-02, 2.964563291571e-04
 1.200000000000e+01, 1.010000000000e+00, 1.430000000000e+00, 9.409737890738e-02, 4.492362802734e-04
 1.200000000000e+01, 1.080000000000e+00, 8.000000000000e-01, 9.520364720079e-02, 3.073575436611e-04
 1.200000000000e+01, 1.080000000000e+00, 8.700000000000e-01, 8.677176101263e-02, 1.169174242777e-04
 1.200000000000e+01, 1.080000000000e+00, 9.400000000000e-01, 8.411277587366e-02, 1.482149665047e-04
 1.200000000000e+01, 1.080000000000e+00, 1.010000000000e+00, 8.437774636017e-02, 1.558735480210e-04
 1.200000000000e+01, 1.080000000000e+00, 1.080000000000e+00, 8.494079257745e-02, 1.451190868777e-04
 1.200000000000e+01, 1.080000000000e+00, 1.150000000000e+00, 8.578176898587e-02, 1.602938724744e-04
 1.200000000000e+01, 1.080000000000e+00, 1.220000000000e+00, 8.716468619865e-02, 1.438751396859e-04
 1.200000000000e+01, 1.080000000000e+00, 1.290000000000e+00, 8.843432018690e-02, 1.362908298049e-04
 1.200000000000e+01, 1.080000000000e+00, 1.360000000000e+00, 8.967995224805e-02, 1.589963217957e-04
 1.200000000000e+01, 1.080000000000e+00, 1.430000000000e+00, 9.102497789259e-02, 1.987748952084e-04
 1.200000000000e+01, 1.150000000000e+00, 8.000000000000e-01, 9.526742878650e-02, 2.912751866332e-04
 1.200000000000e+01, 1.150000000000e+00, 8.700000000000e-01, 8.731673733929e-02, 1.010099539771e-04
 1.200000000000e+01, 1.150000000000e+00, 9.400000000000e-01, 8.462575814535e-02, 1.202242317797e-04
 1.200000000000e+01, 1.150000000000e+00, 1.010000000000e+00, 8.462049278481e-02, 1.530713178023e-04
 1.200000000000e+01, 1.150000000000e+00, 1.080000000000e+00, 8.539739719460e-02, 1.358047016728e-04
 1.200000000000e+01, 1.150000000000e+00, 1.150000000000e+00, 8.616053466696e-02, 1.559667002037e-04
 1.200000000000e+01, 1.150000000000e+00, 1.220000000000e+00, 8.749737690480e-02, 1.498765817586e-04
 1.200000000000e+01, 1.150000000000e+00, 1.290000000000e+00, 8.867596706391e-02, 1.508721463543e-04
 1.200000000000e+01, 1.150000000000e+00, 1.360000000000e+00, 9.007896903354e-02, 1.422065574120e-04
 1.200000000000e+01, 1.150000000000e+00, 1.430000000000e+00, 9.125803066835e-02, 1.342888307890e-04
 1.200000000000e+01, 1.220000000000e+00, 8.000000000000e-01, 9.669780533020e-02, 2.715504208188e-04
 1.200000000000e+01, 1.220000000000e+00, 8.700000000000e-01, 8.878705687632e-02, 1.244440977278e-04
 1.200000000000e+01, 1.220000000000e+00, 9.400000000000e-01, 8.650549606457e-02, 1.327743676498e-04
 1.200000000000e+01, 1.220000000000e+00, 1.010000000000e+00, 8.650810250048e-02, 1.487048930691e-04
 1.200000000000e+01, 1.220000000000e+00, 1.080000000000e+00, 8.730184522185e-02, 1.472798745446e-04
 1.200000000000e+01, 1.220000000000e+00, 1.150000000000e+00, 8.821518118143e-02, 1.771994701896e-04
 1.200000000000e+01, 1.220000000000e+00, 1.220000000000e+00, 8.920563151323e-02, 1.762744266123e-04
 1.200000000000e+01, 1.220000000000e+00, 1.290000000000e+00, 9.047860072736e-02, 1.866463578330e-04
 1.200000000000e+01, 1.220000000000e+00, 1.360000000000e+00, 9.155739215887e-02, 1.658154466140e-04
 1.200000000000e+01, 1.220000000000e+00, 1.430000000000e+00, 9.277110022095e-02, 1.610132315558e-04
 1.200000000000e+01, 1.290000000000e+00, 8.000000000000e-01, 9.927096404054e-02, 3.087719246082e-04
 1.200000000000e+01, 1.290000000000e+00, 8.700000000000e-01, 9.144459760180e-02, 1.328406340631e-04
 1.200000000000e+01, 1.290000000000e+00, 9.400000000000e-01, 8.898050713945e-02, 1.290989953308e-04
 1.200000000000e+01, 1.290000000000e+00, 1.010000000000e+00, 8.862994240365e-02, 1.538887313531e-04
 1.200000000000e+01, 1.290000000000e+00, 1.080000000000e+00, 8.919821736904e-02, 1.959373009805e-04
 1.200000000000e+01, 1.290000000000e+00, 1.150000000000e+00, 9.040913311587e-02, 1.799869496065e-04
 1.200000000000e+01, 1.290000000000e+00, 1.220000000000e+00, 9.155001394470e-02, 2.046823763546e-04
 1.200000000000e+01, 1.290000000000e+00, 1.290000000000e+00, 9.259989877190e-02, 1.744817070620e-04
 1.200000000000e+01, 1.290000000000e+00, 1.360000000000e+00, 9.421896804029e-02, 1.671668518077e-04
 1.200000000000e+01, 1.290000000000e+00, 1.430000000000e+00, 9.512818433201e-02, 1.669926499815e-04
 1.200000000000e+01, 1.360000000000e+00, 8.000000000000e-01, 1.008876358820e-01, 3.095561330539e-04
 1.200000000000e+01, 1.360000000000e+00, 8.700000000000e-01, 9.349318281820e-02, 1.373744419908e-04
 1.200000000000e+01, 1.360000000000e+00, 9.400000000000e-01, 9.096151167337e-02, 1.582143667588e-04
 1.200000000000e+01, 1.360000000000e+00, 1.010000000000e+00, 9.104706007851e-02, 1.728350913404e-04
 1.200000000000e+01, 1.360000000000e+00, 1.080000000000e+00, 9.178831300409e-02, 1.746684421429e-04
 1.200000000000e+01, 1.360000000000e+00, 1.150000000000e+00, 9.279469671145e-02, 1.625968349056e-04
 1.200000000000e+01, 1.360000000000e+00, 1.220000000000e+00, 9.392910637042e-02, 1.762521304419e-04
 1.200000000000e+01, 1.360000000000e+00, 1.290000000000e+00, 9.504015900011e-02, 1.933531004075e-04
 1.200000000000e+01, 1.360000000000e+00, 1.360000000000e+00, 9.578613084939e-02, 1.907371171235e-04
 1.200000000000e+01, 1.360000000000e+00, 1.430000000000e+00, 9.748192532449e-02, 1.666641218572e-04
 1.200000000000e+01, 1.430000000000e+00, 8.000000000000e-01, 1.037721249053e-01, 3.501838609037e-04
 1.200000000000e+01, 1.430000000000e+00, 8.700000000000e-01, 9.576529510423e-02, 1.287366078603e-04
 1.200000000000e+01, 1.430000000000e+00, 9.400000000000e-01, 9.370074412048e-02, 1.295680092535e-04
 1.200000000000e+01, 1.430000000000e+00, 1.010000000000e+00, 9.299013459620e-02, 1.772728611688e-04
 1.200000000000e+01, 1.430000000000e+00, 1.080000000000e+00, 9.380928448999e-02, 1.834072603812e-04
 1.200000000000e+01, 1.430000000000e+00, 1.150000000000e+00, 9.502151095258e-02, 1.770757871960e-04
 1.200000000000e+01, 1.430000000000e+00, 1.220000000000e+00, 9.605775693807e-02, 1.742851069123e-04
 1.200000000000e+01, 1.430000000000e+00, 1.290000000000e+00, 9.723329916471e-02, 1.886076915899e-04
 1.200000000000e+01, 1.430000000000e+00, 1.360000000000e+00, 9.870744791865e-02, 1.678866147144e-04
 1.200000000000e+01, 1.430000000000e+00, 1.430000000000e+00, 9.998207752422e-02, 1.638709411234e-04
 1.250000000000e+01, 8.000000000000e-01, 8.000000000000e-01, 2.265049864706e-01, 4.568270248388e-03
 1.250000000000e+01, 8.000000000000e-01, 8.700000000000e-01, 2.211575732750e-01, 5.212335020102e-03
 1.250000000000e+01, 8.000000000000e-01, 9.400000000000e-01, 2.195113609726e-01, 6.357747351049e-03
 1.250000000000e+01, 8.000000000000e-01, 1.010000000000e+00, 2.207389503564e-01, 6.857048465971e-03
 1.250000000000e+01, 8.000000000000e-01, 1.080000000000e+00, 2.077857654950e-01, 4.379047158496e-03
 1.250000000000e+01, 8.000000000000e-01, 1.150000000000e+00, 2.212140353019e-01, 6.237561097371e-03
 1.250000000000e+01, 8.000000000000e-01, 1.220000000000e+00, 2.105630027185e-01, 4.411199703847e-03
 1.250000000000e+01, 8.000000000000e-01, 1.290000000000e+00, 2.214454196073e-01, 5.790530791337e-03
 1.250000000000e+01, 8.000000000000e-01, 1.360000000000e+00, 2.173740304043e-01, 6.135741009091e-03
 1.250000000000e+01, 8.000000000000e-01, 1.430000000000e+00, 2.258881225123e-01, 6.162845720495e-03
 1.250000000000e+01, 8.700000000000e-01, 8.000000000000e-01, 1.432287475028e-01, 2.185596115439e-03
 1.250000000000e+01, 8.700000000000e-01, 8.700000000000e-01, 1.337043926610e-01, 2.024649923695e-03
 1.250000000000e+01, 8.700000000000e-01, 9.400000000000e-01, 1.320457600456e-01, 2.071209394057e-03
 1.250000000000e+01, 8.700000000000e-01, 1.010000000000e+00, 1.282183956027e-01, 2.280996089839e-03
 1.250000000000e+01, 8.700000000000e-01, 1.080000000000e+00, 1.293867132093e-01, 2.240191873061e-03
 1.250000000000e+01, 8.700000000000e-01, 1.150000000000e+00, 1.315866649817e-01, 2.050077267611e-03
 1.250000000000e+01, 8.700000000000e-01, 1.220000000000e+00, 1.322649354955e-01, 1.982999743838e-03
 1.250000000000e+01, 8.700000000000e-01, 1.290000000000e+00, 1.414948528504e-01, 2.795280599081e-03
 1.250000000000e+01, 8.700000000000e-01, 1.360000000000e+00, 1.335062688823e-01, 2.006183747947e-03
 1.250000000000e+01, 8.700000000000e-01, 1.430000000000e+00, 1.400819742452e-01, 2.701181747315e-03
 1.250000000000e+01, 9.400000000000e-01, 8.000000000000e-01, 1.070445656624e-01, 7.871664998564e-04
 1.250000000000e+01, 9.400000000000e-01, 8.700000000000e-01, 1.002867201679e-01, 7.548530030011e-04
 1.250000000000e+01, 9.400000000000e-01, 9.400000000000e-01, 9.938381553856e-02, 9.765626019596e-04
 1.250000000000e+01, 9.400000000000e-01, 1.010000000000e+00, 9.695244785596e-02, 7.640035401137e-04
 1.250000000000e+01, 9.400000000000e-01, 1.080000000000e+00, 9.769762782172e-02, 8.796185739540e-04
 1.250000000000e+01, 9.400000000000e-01, 1.150000000000e+00, 1.006904069208e-01, 1.030652618055e-03
 1.250000000000e+01, 9.400000000000e-01, 1.220000000000e+00, 1.009509754681e-01, 9.011963283230e-04
 1.250000000000e+01, 9.400000000000e-01, 1.290000000000e+00, 1.024121300286e-01, 9.408111019171e-04
 1.250000000000e+01, 9.400000000000e-01, 1.360000000000e+00, 1.045020844289e-01, 8.971497979980e-04
 1.250000000000e+01, 9.400000000000e-01, 1.430000000000e+00, 1.036549054001e-01, 8.332382282163e-04
 1.250000000000e+01, 1.010000000000e+00, 8.000000000000e-01, 9.560072385942e-02, 3.729342013454e-04
 1.250000000000e+01, 1.010000000000e+00, 8.700000000000e-01, 8.797048616357e-02, 2.494414603847e-04
 1.250000000000e+01, 1.010000000000e+00, 9.400000000000e-01, 8.613414599352e-02, 2.669902072446e-04
 1.250000000000e+01, 1.010000000000e+00, 1.010000000000e+00, 8.605833418333e-02, 2.848475916426e-04
 1.250000000000e+01, 1.010000000000e+00, 1.080000000000e+00, 8.676684470716e-02, 3.110334943769e-04
 1.250000000000e+01, 1.010000000000e+00, 1.150000000000e+00, 8.810385950081e-02, 3.148646960160e-04
 1.250000000000e+01, 1.010000000000e+00, 1.220000000000e+00, 8.864693268109e-02, 3.294453105792e-04
 1.250000000000e+01, 1.010000000000e+00, 1.290000000000e+00, 9.019808187833e-02, 3.501908655835e-04
 1.250000000000e+01, 1.010000000000e+00, 1.360000000000e+00, 9.145995344609e-02, 3.965033461348e-04
 1.250000000000e+01, 1.010000000000e+00, 1.430000000000e+00, 9.237550980187e-02, 3.181462068662e-04
 1.250000000000e+01, 1.080000000000e+00, 8.000000000000e-01, 9.287344073778e-02, 3.152319549184e-04
 1.250000000000e+01, 1.080000000000e+00, 8.700000000000e-01, 8.543671399097e-02, 1.149352352799e-04
 1.250000000000e+01, 1.080000000000e+00, 9.400000000000e-01, 8.325867497203e-02, 1.262808695624e-04
 1.250000000000e+01, 1.080000000000e+00, 1.010000000000e+00, 8.284499334408e-02, 1.590848122197e-04
 1.250000000000e+01, 1.080000000000e+00, 1.080000000000e+00, 8.378365284404e-02, 1.288956302795e-04
 1.250000000000e+01, 1.080000000000e+00, 1.150000000000e+00, 8.444683900907e-02, 1.690067696597e-04
 1.250000000000e+01, 1.080000000000e+00, 1.220000000000e+00, 8.573040717467e-02, 1.582705048366e-04
 1.250000000000e+01, 1.080000000000e+00, 1.290000000000e+00, 8.691366325940e-02, 1.630809670101e-04
 1.250000000000e+01, 1.080000000000e+00, 1.360000000000e+00, 8.839649419513e-02, 1.498609400483e-04
 1.250000000000e+01, 1.080000000000e+00, 1.430000000000e+00, 8.912790152139e-02, 1.402165168845e-04
 1.250000000000e+01, 1.150000000000e+00, 8.000000000000e-01, 9.329525739075e-02, 2.898280369427e-04
 1.250000000000e+01, 1.150000000000e+00, 8.700000000000e-01, 8.573794018057e-02, 9.494028640244e-05
 1.250000000000e+01, 1.150000000000e+00, 9.400000000000e-01, 8.368320808848e-02, 1.025376864113e-04
 1.250000000000e+01, 1.150000000000e+00, 1.010000000000e+00, 8.331173483915e-02, 2.229965345155e-04
 1.250000000000e+01, 1.150000000000e+00, 1.080000000000e+00, 8.421529641573e-02, 1.359172929993e-04
 1.250000000000e+01, 1.150000000000e+00, 1.150000000000e+00, 8.527273402208e-02, 1.262234649858e-04
 1.250000000000e+01, 1.150000000000e+00, 1.220000000000e+00, 8.611496681370e-02, 1.333203421207e-04
 1.250000000000e+01, 1.150000000000e+00, 1.290000000000e+00, 8.725658812326e-02, 1.557824731827e-04
 1.250000000000e+01, 1.150000000000e+00, 1.360000000000e+00, 8.848877935957e-02, 1.326693531198e-04
 1.250000000000e+01, 1.150000000000e+00, 1.430000000000e+00, 8.956661514609e-02, 1.278464631830e-04
 1.250000000000e+01, 1.220000000000e+00, 8.000000000000e-01, 9.488408761824e-02, 2.856393149210e-04
 1.250000000000e+01, 1.220000000000e+00, 8.700000000000e-01, 8.744483599527e-02, 1.258670530388e-04
 1.250000000000e+01, 1.220000000000e+00, 9.400000000000e-01, 8.544521124186e-02, 1.058399229215e-04
 1.250000000000e+01, 1.220000000000e+00, 1.010000000000e+00, 8.509519179038e-02, 1.452657483990e-04
 1.250000000000e+01, 1.220000000000e+00, 1.080000000000e+00, 8.587453825002e-02, 2.185630468289e-04
 1.250000000000e+01, 1.220000000000e+00, 1.150000000000e+00, 8.694509051621e-02, 1.543943801664e-04
 1.250000000000e+01, 1.220000000000e+00, 1.220000000000e+00, 8.771710840484e-02, 1.758923262452e-04
 1.250000000000e+01, 1.220000000000e+00, 1.290000000000e+00, 8.916077470911e-02, 1.450122279144e-04
 1.250000000000e+01, 1.220000000000e+00, 1.360000000000e+00, 8.990230212528e-02, 1.717363786630e-04
 1.250000000000e+01, 1.220000000000e+00, 1.430000000000e+00, 9.124049870684e-02, 1.502516609801e-04
 1.250000000000e+01, 1.290000000000e+00, 8.000000000000e-01, 9.706891546742e-02, 3.098907714090e-04
 1.250000000000e+01, 1.290000000000e+00, 8.700000000000e-01, 8.977201236348e-02, 1.152447507121e-04
 1.250000000000e+01, 1.290000000000e+00, 9.400000000000e-01, 8.742573621535e-02, 1.279412854532e-04
 1.250000000000e+01, 1.290000000000e+00, 1.010000000000e+00, 8.754869393566e-02, 1.600980656282e-04
 1.250000000000e+01, 1.290000000000e+00, 1.080000000000e+00, 8.823969895498e-02, 1.396191810371e-04
 1.250000000000e+01, 1.290000000000e+00, 1.150000000000e+00, 8.913527734269e-02, 1.547460389344e-04
 1.250000000000e+01, 1.290000000000e+00, 1.220000000000e+00, 9.000302119659e-02, 1.681876149854e-04
 1.250000000000e+01, 1.290000000000e+00, 1.290000000000e+00, 9.156028922606e-02, 1.495324638632e-04
 1.250000000000e+01, 1.290000000000e+00, 1.360000000000e+00, 9.236211934707e-02, 1.682849860642e-04
 1.250000000000e+01, 1.290000000000e+00, 1.430000000000e+00, 9.350220763748e-02, 1.586364114915e-04
 1.250000000000e+01, 1.360000000000e+00, 8.000000000000e-01, 9.927929930644e-02, 3.106823330450e-04
 1.250000000000e+01, 1.360000000000e+00, 8.700000000000e-01, 9.191808093342e-02, 1.205035049348e-04
 1.250000000000e+01, 1.360000000000e+00, 9.400000000000e-01, 8.974158929608e-02, 1.246234908481e-04
 1.250000000000e+01, 1.360000000000e+00, 1.010000000000e+00, 8.952179509094e-02, 1.570370840949e-04
 1.250000000000e+01, 1.360000000000e+00, 1.080000000000e+00, 9.012818910955e-02, 1.575245499187e-04
 1.250000000000e+01, 1.360000000000e+00, 1.150000000000e+00, 9.109075330979e-02, 1.664568776778e-04
 1.250000000000e+01, 1.360000000000e+00, 1.220000000000e+00, 9.223878827783e-02, 1.697036871249e-04
 1.250000000000e+01, 1.360000000000e+00, 1.290000000000e+00, 9.350531872337e-02, 1.733772578625e-04
 1.250000000000e+01, 1.360000000000e+00, 1.360000000000e+00, 9.433106708586e-02, 1.724939982331e-04
 1.250000000000e+01, 1.360000000000e+00, 1.430000000000e+00, 9.549871246461e-02, 1.705499609773e-04
 1.250000000000e+01, 1.430000000000e+00, 8.000000000000e-01, 1.010189425040e-01, 3.011646988204e-04
 1.250000000000e+01, 1.430000000000e+00, 8.700000000000e-01, 9.407817335981e-02, 1.318894003793e-04
 1.250000000000e+01, 1.430000000000e+00, 9.400000000000e-01, 9.187382592606e-02, 1.376581038628e-04
 1.250000000000e+01, 1.430000000000e+00, 1.010000000000e+00, 9.137707945772e-02, 1.516283519691e-04
 1.250000000000e+01, 1.430000000000e+00, 1.080000000000e+00, 9.244351201059e-02, 1.604878431945e-04
 1.250000000000e+01, 1.430000000000e+00, 1.150000000000e+00, 9.325403306164e-02, 1.612765691003e-04
 1.250000000000e+01, 1.430000000000e+00, 1.220000000000e+00, 9.408251658312e-02, 1.763467855062e-04
 1.250000000000e+01, 1.430000000000e+00, 1.290000000000e+00, 9.542401886947e-02, 1.825617266016e-04
 1.250000000000e+01, 1.430000000000e+00, 1.360000000000e+00, 9.654704594216e-02, 1.652960135631e-04
 1.250000000000e+01, 1.430000000000e+00, 1.430000000000e+00, 9.726155782468e-02, 1.697954200367e-04
 1.300000000000e+01, 8.000000000000e-01, 8.000000000000e-01, 2.137845229990e-01, 4.269435182594e-03
 1.300000000000e+01, 8.000000000000e-01, 8.700000000000e-01, 2.058910501410e-01, 4.476929392890e-03
 1.300000000000e+01, 8.000000000000e-01, 9.400000000000e-01, 2.138604013510e-01, 7.524491794821e-03
 1.300000000000e+01, 8.000000000000e-01, 1.010000000000e+00, 2.047582579844e-01, 5.055060836670e-03
 1.300000000000e+01, 8.000000000000e-01, 1.080000000000e+00, 2.014783865583e-01, 5.196301298684e-03
 1.300000000000e+01, 8.000000000000e-01, 1.150000000000e+00, 2.046289571364e-01, 4.802679428714e-03
 1.300000000000e+01, 8.000000000000e-01, 1.220000000000e+00, 2.110138084717e-01, 6.026263386675e-03
 1.300000000000e+01, 8.000000000000e-01, 1.290000000000e+00, 2.125952870548e-01, 5.455887570124e-03
 1.300000000000e+01, 8.000000000000e-01, 1.360000000000e+00, 2.127082428261e-01, 5.412548616359e-03
 1.300000000000e+01, 8.000000000000e-01, 1.430000000000e+00, 2.081171736711e-01, 5.226377499988e-03
 1.300000000000e+01, 8.700000000000e-01, 8.000000000000e-01, 1.323446417018e-01, 1.661571613091e-03
 1.300000000000e+01, 8.700000000000e-01, 8.700000000000e-01, 1.261503274753e-01, 1.556725722199e-03
 1.300000000000e+01, 8.700000000000e-01, 9.400000000000e-01, 1.255961840225e-01, 2.002898971801e-03
 1.300000000000e+01, 8.700000000000e-01, 1.010000000000e+00, 1.286503814285e-01, 2.072870334690e-03
 1.300000000000e+01, 8.700000000000e-01, 1.080000000000e+00, 1.282331310305e-01, 2.070601652677e-03
 1.300000000000e+01, 8.700000000000e-01, 1.150000000000e+00, 1.293933067691e-01, 1.989893271925e-03
 1.300000000000e+01, 8.700000000000e-01, 1.220000000000e+00, 1.281591145521e-01, 2.196635474561e-03
 1.300000000000e+01, 8.700000000000e-01, 1.290000000000e+00, 1.280172301541e-01, 1.842423370256e-03
 1.300000000000e+01, 8.700000000000e-01, 1.360000000000e+00, 1.325683533632e-01, 1.921697448008e-03
 1.300000000000e+01, 8.700000000000e-01, 1.430000000000e+00, 1.335970110433e-01, 2.186031499349e-03
 1.300000000000e+01, 9.400000000000e-01, 8.000000000000e-01, 1.046329451962e-01, 7.634402628601e-04
 1.300000000000e+01, 9.400000000000e-01, 8.700000000000e-01, 9.876660885586e-02, 8.722027276489e-04
 1.300000000000e+01, 9.400000000000e-01, 9.400000000000e-01, 9.531313930259e-02, 6.533213268230e-04
 1.300000000000e+01, 9.400000000000e-01, 1.010000000000e+00, 9.386256956706e-02, 6.783891884391e-04
 1.300000000000e+01, 9.400000000000e-01, 1.080000000000e+00, 9.808920166213e-02, 9.007525436529e-04
 1.300000000000e+01, 9.400000000000e-01, 1.150000000000e+00, 9.730157029604e-02, 7.882487264474e-04
 1.300000000000e+01, 9.400000000000e-01, 1.220000000000e+00, 9.875445190790e-02, 8.732637048630e-04
 1.300000000000e+01, 9.400000000000e-01, 1.290000000000e+00, 9.914803145852e-02, 7.802840864443e-04
 1.300000000000e+01, 9.400000000000e-01, 1.360000000000e+00, 1.010602199419e-01, 8.911160166266e-04
 1.300000000000e+01, 9.400000000000e-01, 1.430000000000e+00, 1.011056761678e-01, 8.517614624526e-04
 1.300000000000e+01, 1.010000000000e+00, 8.000000000000e-01, 9.334914226215e-02, 3.388135063853e-04
 1.300000000000e+01, 1.010000000000e+00, 8.700000000000e-01, 8.719453281450e-02, 2.727598937238e-04
 1.300000000000e+01, 1.010000000000e+00, 9.400000000000e-01, 8.525047341156e-02, 2.856872652505e-04
 1.300000000000e+01, 1.010000000000e+00, 1.010000000000e+00, 8.515253497217e-02, 2.971044024042e-04
 1.300000000000e+01, 1.010000000000e+00, 1.080000000000e+00, 8.494697022185e-02, 2.638802721906e-04
 1.300000000000e+01, 1.010000000000e+00, 1.150000000000e+00, 8.652133871013e-02, 3.052180976743e-04
 1.300000000000e+01, 1.010000000000e+00, 1.220000000000e+00, 8.744277329520e-02, 3.056632147082e-04
 1.300000000000e+01, 1.010000000000e+00, 1.290000000000e+00, 8.924987103871e-02, 8.773316941884e-04
 1.300000000000e+01, 1.010000000000e+00, 1.360000000000e+00, 8.975288486935e-02, 3.762779235955e-04
 1.300000000000e+01, 1.010000000000e+00, 1.430000000000e+00, 9.119811660077e-02, 4.673879517940e-04
 1.300000000000e+01, 1.080000000000e+00, 8.000000000000e-01, 9.133922346883e-02, 2.882421783138e-04
 1.300000000000e+01, 1.080000000000e+00, 8.700000000000e-01, 8.426196345703e-02, 1.245480763634e-04
 1.300000000000e+01, 1.080000000000e+00, 9.400000000000e-01, 8.220951839927e-02, 1.311026117109e-04
 1.300000000000e+01, 1.080000000000e+00, 1.010000000000e+00, 8.209089617256e-02, 1.488074766096e-04
 1.300000000000e+01, 1.080000000000e+00, 1.080000000000e+00, 8.269437989175e-02, 1.299971348565e-04
 1.300000000000e+01, 1.080000000000e+00, 1.150000000000e+00, 8.372347492219e-02, 1.347189319215e-04
 1.300000000000e+01, 1.080000000000e+00, 1.220000000000e+00, 8.461384001326e-02, 1.581464969458e-04
 1.300000000000e+01, 1.080000000000e+00, 1.290000000000e+00, 8.573147960050e-02, 1.612782898127e-04
 1.300000000000e+01, 1.080000000000e+00, 1.360000000000e+00, 8.671693560621e-02, 1.596326490185e-04
 1.300000000000e+01, 1.080000000000e+00, 1.430000000000e+00, 8.769487204091e-02, 1.380856954811e-04
 1.300000000000e+01, 1.150000000000e+00, 8.000000000000e-01, 9.111866608987e-02, 2.580040269327e-04
 1.300000000000e+01, 1.150000000000e+00, 8.700000000000e-01, 8.472913774076e-02, 9.456068063711e-05
 1.300000000000e+01, 1.150000000000e+00, 9.400000000000e-01, 8.261883829952e-02, 9.596066003544e-05
 1.300000000000e+01, 1.150000000000e+00, 1.010000000000e+00, 8.250754717835e-02, 1.177319848435e-04
 1.300000000000e+01, 1.150000000000e+00, 1.080000000000e+00, 8.313672634263e-02, 1.260637767762e-04
 1.300000000000e+01, 1.150000000000e+00, 1.150000000000e+00, 8.403174832680e-02, 1.260011753304e-04
 1.300000000000e+01, 1.150000000000e+00, 1.220000000000e+00, 8.503217229782e-02, 1.438225537314e-04
 1.300000000000e+01, 1.150000000000e+00, 1.290000000000e+00, 8.606827488093e-02, 1.296914041986e-04
 1.300000000000e+01, 1.150000000000e+00, 1.360000000000e+00, 8.753824822378e-02, 1.162190113644e-04
 1.300000000000e+01, 1.150000000000e+00, 1.430000000000e+00, 8.822650699317e-02, 1.244308256081e-04
 1.300000000000e+01, 1.220000000000e+00, 8.000000000000e-01, 9.298492700455e-02, 2.983951737178e-04
 1.300000000000e+01, 1.220000000000e+00, 8.700000000000e-01, 8.616479966668e-02, 1.092823807013e-04
 1.300000000000e+01, 1.220000000000e+00, 9.400000000000e-01, 8.419511040737e-02, 1.172651402430e-04
 1.300000000000e+01, 1.220000000000e+00, 1.010000000000e+00, 8.438740091630e-02, 1.161784050858e-04
 1.300000000000e+01, 1.220000000000e+00, 1.080000000000e+00, 8.462645570301e-02, 1.749663936155e-04
 1.300000000000e+01, 1.220000000000e+00, 1.150000000000e+00, 8.565510364110e-02, 1.599387220959e-04
 1.300000000000e+01, 1.220000000000e+00, 1.220000000000e+00, 8.673978373345e-02, 1.573704269537e-04
 1.300000000000e+01, 1.220000000000e+00, 1.290000000000e+00, 8.805263750020e-02, 1.479430468664e-04
 1.300000000000e+01, 1.220000000000e+00, 1.360000000000e+00, 8.869701330557e-02, 1.671561954643e-04
 1.300000000000e+01, 1.220000000000e+00, 1.430000000000e+00, 8.991295353330e-02, 1.418766228656e-04
 1.300000000000e+01, 1.290000000000e+00, 8.000000000000e-01, 9.498703148319e-02, 2.650578698307e-04
 1.300000000000e+01, 1.290000000000e+00, 8.700000000000e-01, 8.809810509051e-02, 1.159046689342e-04
 1.300000000000e+01, 1.290000000000e+00, 9.400000000000e-01, 8.623177283775e-02, 1.500194885579e-04
 1.300000000000e+01, 1.290000000000e+00, 1.010000000000e+00, 8.621837871858e-02, 1.661777965367e-04
 1.300000000000e+01, 1.290000000000e+00, 1.080000000000e+00, 8.675030760645e-02, 1.645090063231e-04
 1.300000000000e+01, 1.290000000000e+00, 1.150000000000e+00, 8.746546600862e-02, 1.618216148935e-04
 1.300000000000e+01, 1.290000000000e+00, 1.220000000000e+00, 8.850642088041e-02, 1.900093877518e-04
 1.300000000000e+01, 1.290000000000e+00, 1.290000000000e+00, 8.991919752642e-02, 1.508750320302e-04
 1.300000000000e+01, 1.290000000000e+00, 1.360000000000e+00, 9.087274273084e-02, 1.515977612678e-04
 1.300000000000e+01, 1.290000000000e+00, 1.430000000000e+00, 9.163969814090e-02, 1.585073604989e-04
 1.300000000000e+01, 1.360000000000e+00, 8.000000000000e-01, 9.719531090972e-02, 2.845014118496e-04
 1.300000000000e+01, 1.360000000000e+00, 8.700000000000e-01, 9.046560858032e-02, 1.133779126193e-04
 1.300000000000e+01, 1.360000000000e+00, 9.400000000000e-01, 8.812727653703e-02, 1.306193365432e-04
 1.300000000000e+01, 1.360000000000e+00, 1.010000000000e+00, 8.805600893464e-02, 1.560440515986e-04
 1.300000000000e+01, 1.360000000000e+00, 1.080000000000e+00, 8.855294088661e-02, 1.731124788799e-04
 1.300000000000e+01, 1.360000000000e+00, 1.150000000000e+00, 8.973179396086e-02, 1.806581894211e-04
 1.300000000000e+01, 1.360000000000e+00, 1.220000000000e+00, 9.091421809204e-02, 1.598865392601e-04
 1.300000000000e+01, 1.360000000000e+00, 1.290000000000e+00, 9.197147119739e-02, 1.589178647115e-04
 1.300000000000e+01, 1.360000000000e+00, 1.360000000000e+00, 9.296831387530e-02, 1.603463145650e-04
 1.300000000000e+01, 1.360000000000e+00, 1.430000000000e+00, 9.369387759500e-02, 1.641422369748e-04
 1.300000000000e+01, 1.430000000000e+00, 8.000000000000e-01, 9.922387051068e-02, 2.944264473854e-04
 1.300000000000e+01, 1.430000000000e+00, 8.700000000000e-01, 9.226136796452e-02, 1.264044128957e-04
 1.300000000000e+01, 1.430000000000e+00, 9.400000000000e-01, 9.018234425250e-02, 1.300422914644e-04
 1.300000000000e+01, 1.430000000000e+00, 1.010000000000e+00, 9.034368232519e-02, 1.342206638665e-04
 1.300000000000e+01, 1.430000000000e+00, 1.080000000000e+00, 9.096720521282e-02, 1.638483352832e-04
 1.300000000000e+01, 1.430000000000e+00, 1.150000000000e+00, 9.176287188568e-02, 1.669991223085e-04
 1.300000000000e+01, 1.430000000000e+00, 1.220000000000e+00, 9.279706012161e-02, 1.545220296857e-04
 1.300000000000e+01, 1.430000000000e+00, 1.290000000000e+00, 9.382189532161e-02, 1.603581016561e-04
 1.300000000000e+01, 1.430000000000e+00, 1.360000000000e+00, 9.486861792958e-02, 1.722016082231e-04
 1.300000000000e+01, 1.430000000000e+00, 1.430000000000e+00, 9.542520209057e-02, 1.940742157031e-04
 1.350000000000e+01, 8.000000000000e-01, 8.000000000000e-01, 2.106700702439e-01, 4.850808922652e-03
 1.350000000000e+01, 8.000000000000e-01, 8.700000000000e-01, 2.029663429388e-01, 6.646714463106e-03
 1.350000000000e+01, 8.000000000000e-01, 9.400000000000e-01, 1.923504705497e-01, 4.842548290586e-03
 1.350000000000e+01, 8.000000000000e-01, 1.010000000000e+00, 1.957366648119e-01, 4.683823927276e-03
 1.350000000000e+01, 8.000000000000e-01, 1.080000000000e+00, 1.893699516882e-01, 4.183613152738e-03
 1.350000000000e+01, 8.000000000000e-01, 1.150000000000e+00, 1.951584647942e-01, 4.991322335045e-03
 1.350000000000e+01, 8.000000000000e-01, 1.220000000000e+00, 2.072686298605e-01, 5.429793861621e-03
 1.350000000000e+01, 8.000000000000e-01, 1.290000000000e+00, 2.051192439216e-01, 5.302739467331e-03
 1.350000000000e+01, 8.000000000000e-01, 1.360000000000e+00, 2.013445117398e-01, 5.129197712102e-03
 1.350000000000e+01, 8.000000000000e-01, 1.430000000000e+00, 1.981638090369e-01, 4.344110464365e-03
 1.350000000000e+01, 8.700000000000e-01, 8.000000000000e-01, 1.320876507622e-01, 1.836767829669e-03
 1.350000000000e+01, 8.700000000000e-01, 8.700000000000e-01, 1.267515230793e-01, 1.881049558240e-03
 1.350000000000e+01, 8.700000000000e-01, 9.400000000000e-01, 1.240397076809e-01, 2.314543090202e-03
 1.350000000000e+01, 8.700000000000e-01, 1.010000000000e+00, 1.231206660230e-01, 2.075767113838e-03
 1.350000000000e+01, 8.700000000000e-01, 1.080000000000e+00, 1.229677045266e-01, 2.138547607083e-03
 1.350000000000e+01, 8.700000000000e-01, 1.150000000000e+00, 1.251085613878e-01, 1.816058679529e-03
 1.350000000000e+01, 8.700000000000e-01, 1.220000000000e+00, 1.243684284917e-01, 1.914792815918e-03
 1.350000000000e+01, 8.700000000000e-01, 1.290000000000e+00, 1.272047406276e-01, 2.023591954836e-03
 1.350000000000e+01, 8.700000000000e-01, 1.360000000000e+00, 1.285044161190e-01, 2.153827290608e-03
 1.350000000000e+01, 8.700000000000e-01, 1.430000000000e+00, 1.266878526352e-01, 1.766401835640e-03
 1.350000000000e+01, 9.400000000000e-01, 8.000000000000e-01, 1.022371330384e-01, 6.974241028909e-04
 1.350000000000e+01, 9.400000000000e-01, 8.700000000000e-01, 9.582907869230e-02, 6.349207566747e-04
 1.350000000000e+01, 9.400000000000e-01, 9.400000000000e-01, 9.367203865948e-02, 6.828128887460e-04
 1.350000000000e+01, 9.400000000000e-01, 1.010000000000e+00, 9.439979614250e-02, 7.088262997313e-04
 1.350000000000e+01, 9.400000000000e-01, 1.080000000000e+00, 9.490985535919e-02, 7.785562909589e-04
 1.350000000000e+01, 9.400000000000e-01, 1.150000000000e+00, 9.522845521406e-02, 7.514313171864e-04
 1.350000000000e+01, 9.400000000000e-01, 1.220000000000e+00, 9.608753058497e-02, 7.047936807622e-04
 1.350000000000e+01, 9.400000000000e-01, 1.290000000000e+00, 9.861305246343e-02, 8.399896437443e-04
 1.350000000000e+01, 9.400000000000e-01, 1.360000000000e+00, 9.896933002248e-02, 1.126926222133e-03
 1.350000000000e+01, 9.400000000000e-01, 1.430000000000e+00, 9.845836217818e-02, 7.508675184020e-04
 1.350000000000e+01, 1.010000000000e+00, 8.000000000000e-01, 9.294713759133e-02, 3.529503479395e-04
 1.350000000000e+01, 1.010000000000e+00, 8.700000000000e-01, 8.644187193390e-02, 2.894723641718e-04
 1.350000000000e+01, 1.010000000000e+00, 9.400000000000e-01, 8.420942403862e-02, 2.688684896567e-04
 1.350000000000e+01, 1.010000000000e+00, 1.010000000000e+00, 8.354866896762e-02, 2.516643426725e-04
 1.350000000000e+01, 1.010000000000e+00, 1.080000000000e+00, 8.436584414030e-02, 3.159907042073e-04
 1.350000000000e+01, 1.010000000000e+00, 1.150000000000e+00, 8.540739350900e-02, 3.010908128641e-04
 1.350000000000e+01, 1.010000000000e+00, 1.220000000000e+00, 8.640098690576e-02, 2.945295691364e-04
 1.350000000000e+01, 1.010000000000e+00, 1.290000000000e+00, 8.799456900948e-02, 3.102164492216e-04
 1.350000000000e+01, 1.010000000000e+00, 1.360000000000e+00, 8.833850928764e-02, 3.051677439784e-04
 1.350000000000e+01, 1.010000000000e+00, 1.430000000000e+00, 8.952220747292e-02, 3.047029656474e-04
 1.350000000000e+01, 1.080000000000e+00, 8.000000000000e-01, 8.987917426642e-02, 2.640859104801e-04
 1.350000000000e+01, 1.080000000000e+00, 8.700000000000e-01, 8.332056997520e-02, 1.123153617461e-04
 1.350000000000e+01, 1.080000000000e+00, 9.400000000000e-01, 8.086636270864e-02, 2.185064032236e-04
 1.350000000000e+01, 1.080000000000e+00, 1.010000000000e+00, 8.136065919239e-02, 1.385878474989e-04
 1.350000000000e+01, 1.080000000000e+00, 1.080000000000e+00, 8.197083888826e-02, 1.087553927090e-04
 1.350000000000e+01, 1.080000000000e+00, 1.150000000000e+00, 8.255017677165e-02, 1.374060588468e-04
 1.350000000000e+01, 1.080000000000e+00, 1.220000000000e+00, 8.358146496680e-02, 1.620895163281e-04
 1.350000000000e+01, 1.080000000000e+00, 1.290000000000e+00, 8.453179485244e-02, 1.646573067881e-04
 1.350000000000e+01, 1.080000000000e+00, 1.360000000000e+00, 8.570343798139e-02, 1.353432945414e-04
 1.350000000000e+01, 1.080000000000e+00, 1.430000000000e+00, 8.650889644283e-02, 1.353870733671e-04
 1.350000000000e+01, 1.150000000000e+00, 8.000000000000e-01, 9.025966910121e-02, 3.047115392593e-04
 1.350000000000e+01, 1.150000000000e+00, 8.700000000000e-01, 8.355667588381e-02, 8.959606164785e-05
 1.350000000000e+01, 1.150000000000e+00, 9.400000000000e-01, 8.158290549219e-02, 9.362656306888e-05
 1.350000000000e+01, 1.150000000000e+00, 1.010000000000e+00, 8.119880865416e-02, 1.705172713000e-04
 1.350000000000e+01, 1.150000000000e+00, 1.080000000000e+00, 8.218300399295e-02, 1.240813788761e-04
 1.350000000000e+01, 1.150000000000e+00, 1.150000000000e+00, 8.331392476902e-02, 1.128592007480e-04
 1.350000000000e+01, 1.150000000000e+00, 1.220000000000e+00, 8.406884186811e-02, 1.282263481651e-04
 1.350000000000e+01, 1.150000000000e+00, 1.290000000000e+00, 8.511855770316e-02, 1.378057730430e-04
 1.350000000000e+01, 1.150000000000e+00, 1.360000000000e+00, 8.613811130985e-02, 1.210223402136e-04
 1.350000000000e+01, 1.150000000000e+00, 1.430000000000e+00, 8.726452222459e-02, 1.224532341868e-04
 1.350000000000e+01, 1.220000000000e+00, 8.000000000000e-01, 9.148479078570e-02, 2.585401226212e-04
 1.350000000000e+01, 1.220000000000e+00, 8.700000000000e-01, 8.511744485281e-02, 1.056217387128e-04
 1.350000000000e+01, 1.220000000000e+00, 9.400000000000e-01, 8.311686635475e-02, 1.176434984808e-04
 1.350000000000e+01, 1.220000000000e+00, 1.010000000000e+00, 8.306157789562e-02, 1.297001483812e-04
 1.350000000000e+01, 1.220000000000e+00, 1.080000000000e+00, 8.384697896378e-02, 1.372617065865e-04
 1.350000000000e+01, 1.220000000000e+00, 1.150000000000e+00, 8.450386295481e-02, 1.672770522373e-04
 1.350000000000e+01, 1.220000000000e+00, 1.220000000000e+00, 8.561324071012e-02, 1.446274686514e-04
 1.350000000000e+01, 1.220000000000e+00, 1.290000000000e+00, 8.662701651389e-02, 1.522097020880e-04
 1.350000000000e+01, 1.220000000000e+00, 1.360000000000e+00, 8.767225135184e-02, 1.426046647948e-04
 1.350000000000e+01, 1.220000000000e+00, 1.430000000000e+00, 8.875938719063e-02, 1.593980935326e-04
 1.350000000000e+01, 1.290000000000e+00, 8.000000000000e-01, 9.342196891576e-02, 2.755710968794e-04
 1.350000000000e+01, 1.290000000000e+00, 8.700000000000e-01, 8.729195013715e-02, 1.139865125902e-04
 1.350000000000e+01, 1.290000000000e+00, 9.400000000000e-01, 8.495060033201e-02, 1.320182632831e-04
 1.350000000000e+01, 1.290000000000e+00, 1.010000000000e+00, 8.537531253159e-02, 1.297029049376e-04
 1.350000000000e+01, 1.290000000000e+00, 1.080000000000e+00, 8.569597900592e-02, 1.415431168468e-04
 1.350000000000e+01, 1.290000000000e+00, 1.150000000000e+00, 8.690858889818e-02, 1.300090528382e-04
 1.350000000000e+01, 1.290000000000e+00, 1.220000000000e+00, 8.792713547909e-02, 1.491269962744e-04
 1.350000000000e+01, 1.290000000000e+00, 1.290000000000e+00, 8.864267965416e-02, 1.623378308604e-04
 1.350000000000e+01, 1.290000000000e+00, 1.360000000000e+00, 8.953207985909e-02, 1.698841373313e-04
 1.350000000000e+01, 1.290000000000e+00, 1.430000000000e+00, 9.072835678628e-02, 1.430452591875e-04
 1.350000000000e+01, 1.360000000000e+00, 8.000000000000e-01, 9.563741124270e-02, 2.988043019328e-04
 1.350000000000e+01, 1.360000000000e+00, 8.700000000000e-01, 8.909697753732e-02, 1.160966862998e-04
 1.350000000000e+01, 1.360000000000e+00, 9.400000000000e-01, 8.680754376595e-02, 1.465665396497e-04
 1.350000000000e+01, 1.360000000000e+00, 1.010000000000e+00, 8.698640352732e-02, 1.317809303522e-04
 1.350000000000e+01, 1.360000000000e+00, 1.080000000000e+00, 8.760893790943e-02, 1.589479097905e-04
 1.350000000000e+01, 1.360000000000e+00, 1.150000000000e+00, 8.857346932577e-02, 1.564239235148e-04
 1.350000000000e+01, 1.360000000000e+00, 1.220000000000e+00, 8.959925721876e-02, 1.657891659846e-04
 1.350000000000e+01, 1.360000000000e+00, 1.290000000000e+00, 9.049884805547e-02, 1.649152385840e-04
 1.350000000000e+01, 1.360000000000e+00, 1.360000000000e+00, 9.163897881268e-02, 1.676526620633e-04
 1.350000000000e+01, 1.360000000000e+00, 1.430000000000e+00, 9.244885982602e-02, 1.630163486422e-04
 1.350000000000e+01, 1.430000000000e+00, 8.000000000000e-01, 9.727746488472e-02, 2.964779245660e-04
 1.350000000000e+01, 1.430000000000e+00, 8.700000000000e-01, 9.080462753927e-02, 1.138405303592e-04
 1.350000000000e+01, 1.430000000000e+00, 9.400000000000e-01, 8.904381533252e-02, 1.216654359042e-04
 1.350000000000e+01, 1.430000000000e+00, 1.010000000000e+00, 8.877996253168e-02, 1.387523907942e-04
 1.350000000000e+01, 1.430000000000e+00, 1.080000000000e+00, 8.973219144858e-02, 1.532895516328e-04
 1.350000000000e+01, 1.430000000000e+00, 1.150000000000e+00, 9.066964975590e-02, 1.417786064012e-04
 1.350000000000e+01, 1.430000000000e+00, 1.220000000000e+00, 9.128433451029e-02, 1.678404786839e-04
 1.350000000000e+01, 1.430000000000e+00, 1.290000000000e+00, 9.243735964537e-02, 1.620120351337e-04
 1.350000000000e+01, 1.430000000000e+00, 1.360000000000e+00, 9.313329072568e-02, 1.740384972746e-04
 1.350000000000e+01, 1.430000000000e+00, 1.430000000000e+00, 9.434897968024e-02, 1.639903917351e-04
 1.400000000000e+01, 8.000000000000e-01, 8.000000000000e-01, 1.995775261743e-01, 4.794794244827e-03
 1.400000000000e+01, 8.000000000000e-01, 8.700000000000e-01, 1.914852947824e-01, 4.939960595788e-03
 1.400000000000e+01, 8.000000000000e-01, 9.400000000000e-01, 1.859652906467e-01, 4.329945661350e-03
 1.400000000000e+01, 8.000000000000e-01, 1.010000000000e+00, 1.952753751664e-01, 5.789153187361e-03
 1.400000000000e+01, 8.000000000000e-01, 1.080000000000e+00, 1.922549629311e-01, 5.460282146713e-03
 1.400000000000e+01, 8.000000000000e-01, 1.150000000000e+00, 1.992949098449e-01, 5.628423415790e-03
 1.400000000000e+01, 8.000000000000e-01, 1.220000000000e+00, 1.878407628922e-01, 4.574212525248e-03
 1.400000000000e+01, 8.000000000000e-01, 1.290000000000e+00, 1.955369211497e-01, 5.191542587149e-03
 1.400000000000e+01, 8.000000000000e-01, 1.360000000000e+00, 2.043165873655e-01, 7.339330262123e-03
 1.400000000000e+01, 8.000000000000e-01, 1.430000000000e+00, 1.960505665574e-01, 6.507445871790e-03
 1.400000000000e+01, 8.700000000000e-01, 8.000000000000e-01, 1.283916750055e-01, 1.605095558445e-03
 1.400000000000e+01, 8.700000000000e-01, 8.700000000000e-01, 1.229214833415e-01, 1.975845177984e-03
 1.400000000000e+01, 8.700000000000e-01, 9.400000000000e-01, 1.207883183717e-01, 2.023674521512e-03
 1.400000000000e+01, 8.700000000000e-01, 1.010000000000e+00, 1.223580617938e-01, 2.123100590147e-03
 1.400000000000e+01, 8.700000000000e-01, 1.080000000000e+00, 1.177885425495e-01, 1.643415700718e-03
 1.400000000000e+01, 8.700000000000e-01, 1.150000000000e+00, 1.196747459634e-01, 1.699943591616e-03
 1.400000000000e+01, 8.700000000000e-01, 1.220000000000e+00, 1.239183015358e-01, 2.278920729259e-03
 1.400000000000e+01, 8.700000000000e-01, 1.290000000000e+00, 1.263206046191e-01, 2.104368141332e-03
 1.400000000000e+01, 8.700000000000e-01, 1.360000000000e+00, 1.251382927929e-01, 1.951634172764e-03
 1.400000000000e+01, 8.700000000000e-01, 1.430000000000e+00, 1.254190430020e-01, 1.937610130156e-03
 1.400000000000e+01, 9.400000000000e-01, 8.000000000000e-01, 1.002936004074e-01, 7.187935386067e-04
 1.400000000000e+01, 9.400000000000e-01, 8.700000000000e-01, 9.341878822898e-02, 5.711785137919e-04
 1.400000000000e+01, 9.400000000000e-01, 9.400000000000e-01, 9.311429145003e-02, 6.266820295333e-04
 1.400000000000e+01, 9.400000000000e-01, 1.010000000000e+00, 9.327268245373e-02, 7.018975794158e-04
 1.400000000000e+01, 9.400000000000e-01, 1.080000000000e+00, 9.405419680912e-02, 7.153858130844e-04
 1.400000000000e+01, 9.400000000000e-01, 1.150000000000e+00, 9.430987899235e-02, 8.428171447164e-04
 1.400000000000e+01, 9.400000000000e-01, 1.220000000000e+00, 9.582060647256e-02, 9.788881017988e-04
 1.400000000000e+01, 9.400000000000e-01, 1.290000000000e+00, 9.649322771065e-02, 7.582826407466e-04
 1.400000000000e+01, 9.400000000000e-01, 1.360000000000e+00, 9.703637684826e-02, 7.360542567545e-04
 1.400000000000e+01, 9.400000000000e-01, 1.430000000000e+00, 9.836338939362e-02, 7.095113933644e-04
 1.400000000000e+01, 1.010000000000e+00, 8.000000000000e-01, 9.169969669229e-02, 3.984515271681e-04
 1.400000000000e+01, 1.010000000000e+00, 8.700000000000e-01, 8.538611758563e-02, 2.950600306808e-04
 1.400000000000e+01, 1.010000000000e+00, 9.400000000000e-01, 8.320923734619e-02, 2.476550536173e-04
 1.400000000000e+01, 1.010000000000e+00, 1.010000000000e+00, 8.295777896015e-02, 2.445248545691e-04
 1.400000000000e+01, 1.010000000000e+00, 1.080000000000e+00, 8.366762370302e-02, 3.538231515475e-04
 1.400000000000e+01, 1.010000000000e+00, 1.150000000000e+00, 8.487381355868e-02, 3.400696057325e-04
 1.400000000000e+01, 1.010000000000e+00, 1.220000000000e+00, 8.533155323642e-02, 3.030344549261e-04
 1.400000000000e+01, 1.010000000000e+00, 1.290000000000e+00, 8.619105524593e-02, 2.460796046276e-04
 1.400000000000e+01, 1.010000000000e+00, 1.360000000000e+00, 8.762861684059e-02, 3.228642899366e-04
 1.400000000000e+01, 1.010000000000e+00, 1.430000000000e+00, 8.822025780868e-02, 2.929288211944e-04
 1.400000000000e+01, 1.080000000000e+00, 8.000000000000e-01, 8.900117707194e-02, 2.889271540189e-04
 1.400000000000e+01, 1.080000000000e+00, 8.700000000000e-01, 8.256522478347e-02, 1.253635809507e-04
 1.400000000000e+01, 1.080000000000e+00, 9.400000000000e-01, 8.085867056537e-02, 1.203265892734e-04
 1.400000000000e+01, 1.080000000000e+00, 1.010000000000e+00, 8.040758599173e-02, 1.256945275465e-04
 1.400000000000e+01, 1.080000000000e+00, 1.080000000000e+00, 8.088667122592e-02, 1.238297014257e-04
 1.400000000000e+01, 1.080000000000e+00, 1.150000000000e+00, 8.179589843835e-02, 1.209641030318e-04
 1.400000000000e+01, 1.080000000000e+00, 1.220000000000e+00, 8.286087062625e-02, 1.387681020322e-04
 1.400000000000e+01, 1.080000000000e+00, 1.290000000000e+00, 8.388540445660e-02, 1.452426392144e-04
 1.400000000000e+01, 1.080000000000e+00, 1.360000000000e+00, 8.512919868805e-02, 1.242155626546e-04
 1.400000000000e+01, 1.080000000000e+00, 1.430000000000e+00, 8.596599834041e-02, 1.295787761601e-04
 1.400000000000e+01, 1.150000000000e+00, 8.000000000000e-01, 8.876708363523e-02, 2.485612678279e-04
 1.400000000000e+01, 1.150000000000e+00, 8.700000000000e-01, 8.275977530966e-02, 8.532547450918e-05
 1.400000000000e+01, 1.150000000000e+00, 9.400000000000e-01, 8.088035296667e-02, 1.069472454959e-04
 1.400000000000e+01, 1.150000000000e+00, 1.010000000000e+00, 8.092469650310e-02, 1.056436659864e-04
 1.400000000000e+01, 1.150000000000e+00, 1.080000000000e+00, 8.137881431947e-02, 1.190239922986e-04
 1.400000000000e+01, 1.150000000000e+00, 1.150000000000e+00, 8.237161159396e-02, 1.148202109968e-04
 1.400000000000e+01, 1.150000000000e+00, 1.220000000000e+00, 8.312372098677e-02, 1.257378585489e-04
 1.400000000000e+01, 1.150000000000e+00, 1.290000000000e+00, 8.419263584270e-02, 1.252624806035e-04
 1.400000000000e+01, 1.150000000000e+00, 1.360000000000e+00, 8.515379489805e-02, 1.162424052484e-04
 1.400000000000e+01, 1.150000000000e+00, 1.430000000000e+00, 8.623270808665e-02, 1.121293071941e-04
 1.400000000000e+01, 1.220000000000e+00, 8.000000000000e-01, 9.055240890500e-02, 2.677202895572e-04
 1.400000000000e+01, 1.220000000000e+00, 8.700000000000e-01, 8.443069107058e-02, 9.714421218268e-05
 1.400000000000e+01, 1.220000000000e+00, 9.400000000000e-01, 8.247776712576e-02, 1.211045615373e-04
 1.400000000000e+01, 1.220000000000e+00, 1.010000000000e+00, 8.232345221299e-02, 1.681627894169e-04
 1.400000000000e+01, 1.220000000000e+00, 1.080000000000e+00, 8.326257448277e-02, 1.183036819664e-04
 1.400000000000e+01, 1.220000000000e+00, 1.150000000000e+00, 8.367618562496e-02, 1.388995126362e-04
 1.400000000000e+01, 1.220000000000e+00, 1.220000000000e+00, 8.473884521253e-02, 1.462117265539e-04
 1.400000000000e+01, 1.220000000000e+00, 1.290000000000e+00, 8.551854768180e-02, 1.575884726573e-04
 1.400000000000e+01, 1.220000000000e+00, 1.360000000000e+00, 8.681576041327e-02, 1.355737457878e-04
 1.400000000000e+01, 1.220000000000e+00, 1.430000000000e+00, 8.767949250447e-02, 1.493548173533e-04
 1.400000000000e+01, 1.290000000000e+00, 8.000000000000e-01, 9.197187288100e-02, 2.622125471745e-04
 1.400000000000e+01, 1.290000000000e+00, 8.700000000000e-01, 8.614540125237e-02, 1.198651083318e-04
 1.400000000000e+01, 1.290000000000e+00, 9.400000000000e-01, 8.449854983128e-02, 1.112159642869e-04
 1.400000000000e+01, 1.290000000000e+00, 1.010000000000e+00, 8.413082560387e-02, 1.329561238875e-04
 1.400000000000e+01, 1.290000000000e+00, 1.080000000000e+00, 8.466549476915e-02, 1.660703227603e-04
 1.400000000000e+01, 1.290000000000e+00, 1.150000000000e+00, 8.546939135701e-02, 1.635201770657e-04
 1.400000000000e+01, 1.290000000000e+00, 1.220000000000e+00, 8.667432462330e-02, 1.522211344763e-04
 1.400000000000e+01, 1.290000000000e+00, 1.290000000000e+00, 8.774860357637e-02, 1.456192036999e-04
 1.400000000000e+01, 1.290000000000e+00, 1.360000000000e+00, 8.882829234586e-02, 1.420697712076e-04
 1.400000000000e+01, 1.290000000000e+00, 1.430000000000e+00, 8.961402482063e-02, 1.480115608616e-04
 1.400000000000e+01, 1.360000000000e+00, 8.000000000000e-01, 9.395079705413e-02, 2.904661978648e-04
 1.400000000000e+01, 1.360000000000e+00, 8.700000000000e-01, 8.801556511920e-02, 1.104598499680e-04
 1.400000000000e+01, 1.360000000000e+00, 9.400000000000e-01, 8.628890445215e-02, 1.391589042200e-04
 1.400000000000e+01, 1.360000000000e+00, 1.010000000000e+00, 8.604394983772e-02, 1.599341271375e-04
 1.400000000000e+01, 1.360000000000e+00, 1.080000000000e+00, 8.658075499075e-02, 1.686554804766e-04
 1.400000000000e+01, 1.360000000000e+00, 1.150000000000e+00, 8.738266208139e-02, 1.595416110545e-04
 1.400000000000e+01, 1.360000000000e+00, 1.220000000000e+00, 8.817361914901e-02, 1.784998951664e-04
 1.400000000000e+01, 1.360000000000e+00, 1.290000000000e+00, 8.936143790506e-02, 1.537473237230e-04
 1.400000000000e+01, 1.360000000000e+00, 1.360000000000e+00, 9.059501618138e-02, 1.554630813597e-04
 1.400000000000e+01, 1.360000000000e+00, 1.430000000000e+00, 9.131457004408e-02, 1.491839119554e-04
 1.400000000000e+01, 1.430000000000e+00, 8.000000000000e-01, 9.611524061703e-02, 2.704893612573e-04
 1.400000000000e+01, 1.430000000000e+00, 8.700000000000e-01, 9.000381161840e-02, 1.078909122192e-04
 1.400000000000e+01, 1.430000000000e+00, 9.400000000000e-01, 8.776689325515e-02, 1.286248087482e-04
 1.400000000000e+01, 1.430000000000e+00, 1.010000000000e+00, 8.790046287609e-02, 1.389817642179e-04
 1.400000000000e+01, 1.430000000000e+00, 1.080000000000e+00, 8.862825595555e-02, 1.323628780286e-04
 1.400000000000e+01, 1.430000000000e+00, 1.150000000000e+00, 8.949094591567e-02, 1.347596897830e-04
 1.400000000000e+01, 1.430000000000e+00, 1.220000000000e+00, 9.011161329489e-02, 1.521634749724e-04
 1.400000000000e+01, 1.430000000000e+00, 1.290000000000e+00, 9.130174948426e-02, 1.484046013157e-04
 1.400000000000e+01, 1.430000000000e+00, 1.360000000000e+00, 9.202750472110e-02, 1.532509507454e-04
 1.400000000000e+01, 1.430000000000e+00, 1.430000000000e+00, 9.327007304098e-02, 1.490268373236e-04
 1.450000000000e+01, 8.000000000000e-01, 8.000000000000e-01, 1.897116210739e-01, 3.616662943422e-03
 1.450000000000e+01, 8.000000000000e-01, 8.700000000000e-01, 1.845531823881e-01, 4.553020899284e-03
 1.450000000000e+01, 8.000000000000e-01, 9.400000000000e-01, 1.925080477177e-01, 7.661274227958e-03
 1.450000000000e+01, 8.000000000000e-01, 1.010000000000e+00, 1.902174383936e-01, 6.038723641920e-03
 1.450000000000e+01, 8.000000000000e-01, 1.080000000000e+00, 1.876931338861e-01, 4.808541694295e-03
 1.450000000000e+01, 8.000000000000e-01, 1.150000000000e+00, 1.791694932294e-01, 6.406663590657e-03
 1.450000000000e+01, 8.000000000000e-01, 1.220000000000e+00, 1.853446990723e-01, 4.732144552268e-03
 1.450000000000e+01, 8.000000000000e-01, 1.290000000000e+00, 1.830811101691e-01, 4.736027278428e-03
 1.450000000000e+01, 8.000000000000e-01, 1.360000000000e+00, 1.892386994395e-01, 4.720812202666e-03
 1.450000000000e+01, 8.000000000000e-01, 1.430000000000e+00, 1.847845475842e-01, 4.530480366515e-03
 1.450000000000e+01, 8.700000000000e-01, 8.000000000000e-01, 1.266108352128e-01, 1.674304256928e-03
 1.450000000000e+01, 8.700000000000e-01, 8.700000000000e-01, 1.203513296690e-01, 1.753551881152e-03
 1.450000000000e+01, 8.700000000000e-01, 9.400000000000e-01, 1.177609319219e-01, 2.126720869367e-03
 1.450000000000e+01, 8.700000000000e-01, 1.010000000000e+00, 1.167212715054e-01, 2.764345508709e-03
 1.450000000000e+01, 8.700000000000e-01, 1.080000000000e+00, 1.195754737552e-01, 2.133218014283e-03
 1.450000000000e+01, 8.700000000000e-01, 1.150000000000e+00, 1.155790156341e-01, 1.596361062484e-03
 1.450000000000e+01, 8.700000000000e-01, 1.220000000000e+00, 1.162992761934e-01, 1.844350894823e-03
 1.450000000000e+01, 8.700000000000e-01, 1.290000000000e+00, 1.187674289138e-01, 1.771738707330e-03
 1.450000000000e+01, 8.700000000000e-01, 1.360000000000e+00, 1.248852948734e-01, 2.360878030764e-03
 1.450000000000e+01, 8.700000000000e-01, 1.430000000000e+00, 1.214358275077e-01, 1.621057766832e-03
 1.450000000000e+01, 9.400000000000e-01, 8.000000000000e-01, 9.922781087270e-02, 7.326856036420e-04
 1.450000000000e+01, 9.400000000000e-01, 8.700000000000e-01, 9.293771519666e-02, 5.779612525936e-04
 1.450000000000e+01, 9.400000000000e-01, 9.400000000000e-01, 9.261859589949e-02, 7.836900323384e-04
 1.450000000000e+01, 9.400000000000e-01, 1.010000000000e+00, 9.109544557549e-02, 6.820657480034e-04
 1.450000000000e+01, 9.400000000000e-01, 1.080000000000e+00, 9.163671316145e-02, 6.500811019951e-04
 1.450000000000e+01, 9.400000000000e-01, 1.150000000000e+00, 9.120950460345e-02, 6.817511546351e-04
 1.450000000000e+01, 9.400000000000e-01, 1.220000000000e+00, 9.404959587165e-02, 7.353965837737e-04
 1.450000000000e+01, 9.400000000000e-01, 1.290000000000e+00, 9.392199969718e-02, 6.607422414863e-04
 1.450000000000e+01, 9.400000000000e-01, 1.360000000000e+00, 9.472984017076e-02, 6.555824158474e-04
 1.450000000000e+01, 9.400000000000e-01, 1.430000000000e+00, 9.650547838107e-02, 7.041679635494e-04
 1.450000000000e+01, 1.010000000000e+00, 8.000000000000e-01, 9.037156117087e-02, 3.559786390327e-04
 1.450000000000e+01, 1.010000000000e+00, 8.700000000000e-01, 8.422328325990e-02, 2.564033790111e-04
 1.450000000000e+01, 1.010000000000e+00, 9.400000000000e-01, 8.209340520748e-02, 2.247230551824e-04
 1.450000000000e+01, 1.010000000000e+00, 1.010000000000e+00, 8.242836866292e-02, 2.817426108141e-04
 1.450000000000e+01, 1.010000000000e+00, 1.080000000000e+00, 8.249101502841e-02, 2.535176269681e-04
 1.450000000000e+01, 1.010000000000e+00, 1.150000000000e+00, 8.349444451457e-02, 3.141071759640e-04
 1.450000000000e+01, 1.010000000000e+00, 1.220000000000e+00, 8.477958944529e-02, 3.171547225254e-04
 1.450000000000e+01, 1.010000000000e+00, 1.290000000000e+00, 8.582264774720e-02, 3.237811567436e-04
 1.450000000000e+01, 1.010000000000e+00, 1.360000000000e+00, 8.629814267854e-02, 3.444408866830e-04
 1.450000000000e+01, 1.010000000000e+00, 1.430000000000e+00, 8.749988006990e-02, 2.588438211952e-04
 1.450000000000e+01, 1.080000000000e+00, 8.000000000000e-01, 8.738661735198e-02, 2.341185289261e-04
 1.450000000000e+01, 1.080000000000e+00, 8.700000000000e-01, 8.168644132397e-02, 1.006470815054e-04
 1.450000000000e+01, 1.080000000000e+00, 9.400000000000e-01, 7.997348646818e-02, 9.444279413406e-05
 1.450000000000e+01, 1.080000000000e+00, 1.010000000000e+00, 7.989891150938e-02, 1.234912516445e-04
 1.450000000000e+01, 1.080000000000e+00, 1.080000000000e+00, 8.043865056061e-02, 1.255725559354e-04
 1.450000000000e+01, 1.080000000000e+00, 1.150000000000e+00, 8.125226631715e-02, 1.140567313732e-04
 1.450000000000e+01, 1.080000000000e+00, 1.220000000000e+00, 8.226334119208e-02, 1.464930634685e-04
 1.450000000000e+01, 1.080000000000e+00, 1.290000000000e+00, 8.305020990551e-02, 1.292869245898e-04
 1.450000000000e+01, 1.080000000000e+00, 1.360000000000e+00, 8.419642899509e-02, 1.340093629798e-04
 1.450000000000e+01, 1.080000000000e+00, 1.430000000000e+00, 8.503452885593e-02, 1.342076615178e-04
 1.450000000000e+01, 1.150000000000e+00, 8.000000000000e-01, 8.828909674924e-02, 2.575446252883e-04
 1.450000000000e+01, 1.150000000000e+00, 8.700000000000e-01, 8.227002737462e-02, 8.874479230493e-05
 1.450000000000e+01, 1.150000000000e+00, 9.400000000000e-01, 8.051957244838e-02, 7.982417173354e-05
 1.450000000000e+01, 1.150000000000e+00, 1.010000000000e+00, 8.003986774183e-02, 1.261442890734e-04
 1.450000000000e+01, 1.150000000000e+00, 1.080000000000e+00, 8.076113555914e-02, 1.258168325636e-04
 1.450000000000e+01, 1.150000000000e+00, 1.150000000000e+00, 8.156832613911e-02, 1.263078591346e-04
 1.450000000000e+01, 1.150000000000e+00, 1.220000000000e+00, 8.269367822089e-02, 1.245929655180e-04
 1.450000000000e+01, 1.150000000000e+00, 1.290000000000e+00, 8.354971072059e-02, 1.231480735157e-04
 1.450000000000e+01, 1.150000000000e+00, 1.360000000000e+00, 8.450584537068e-02, 1.164547649288e-04
 1.450000000000e+01, 1.150000000000e+00, 1.430000000000e+00, 8.533727555818e-02, 1.195285805550e-04
 1.450000000000e+01, 1.220000000000e+00, 8.000000000000e-01, 9.004334427426e-02, 3.327485838419e-04
 1.450000000000e+01, 1.220000000000e+00, 8.700000000000e-01, 8.345033418464e-02, 9.856166789790e-05
 1.450000000000e+01, 1.220000000000e+00, 9.400000000000e-01, 8.169348751776e-02, 1.089167215867e-04
 1.450000000000e+01, 1.220000000000e+00, 1.010000000000e+00, 8.167951022076e-02, 1.396635892218e-04
 1.450000000000e+01, 1.220000000000e+00, 1.080000000000e+00, 8.234533544097e-02, 1.321810376220e-04
 1.450000000000e+01, 1.220000000000e+00, 1.150000000000e+00, 8.305312507288e-02, 1.357824401661e-04
 1.450000000000e+01, 1.220000000000e+00, 1.220000000000e+00, 8.377008250986e-02, 1.691509756488e-04
 1.450000000000e+01, 1.220000000000e+00, 1.290000000000e+00, 8.489711801040e-02, 1.660932020360e-04
 1.450000000000e+01, 1.220000000000e+00, 1.360000000000e+00, 8.591081608112e-02, 1.515595086729e-04
 1.450000000000e+01, 1.220000000000e+00, 1.430000000000e+00, 8.675690485654e-02, 1.355622429988e-04
 1.450000000000e+01, 1.290000000000e+00, 8.000000000000e-01, 9.144205331694e-02, 2.856416164798e-04
 1.450000000000e+01, 1.290000000000e+00, 8.700000000000e-01, 8.516645406790e-02, 1.053041160246e-04
 1.450000000000e+01, 1.290000000000e+00, 9.400000000000e-01, 8.339537992891e-02, 1.338998730301e-04
 1.450000000000e+01, 1.290000000000e+00, 1.010000000000e+00, 8.344011598735e-02, 1.200173152887e-04
 1.450000000000e+01, 1.290000000000e+00, 1.080000000000e+00, 8.377725653062e-02, 1.474236431622e-04
 1.450000000000e+01, 1.290000000000e+00, 1.150000000000e+00, 8.465049764237e-02, 1.533096528005e-04
 1.450000000000e+01, 1.290000000000e+00, 1.220000000000e+00, 8.595344155493e-02, 1.351129499848e-04
 1.450000000000e+01, 1.290000000000e+00, 1.290000000000e+00, 8.653524150154e-02, 1.624390696767e-04
 1.450000000000e+01, 1.290000000000e+00, 1.360000000000e+00, 8.766318455114e-02, 1.566134702895e-04
 1.450000000000e+01, 1.290000000000e+00, 1.430000000000e+00, 8.847423618171e-02, 1.331560367761e-04
 1.450000000000e+01, 1.360000000000e+00, 8.000000000000e-01, 9.311611070683e-02, 2.673613522943e-04
 1.450000000000e+01, 1.360000000000e+00, 8.700000000000e-01, 8.730576886027e-02, 1.099188556149e-04
 1.450000000000e+01, 1.360000000000e+00, 9.400000000000e-01, 8.541072747546e-02, 1.663546356748e-04
 1.450000000000e+01, 1.360000000000e+00, 1.010000000000e+00, 8.510563835517e-02, 1.712611655621e-04
 1.450000000000e+01, 1.360000000000e+00, 1.080000000000e+00, 8.581966281290e-02, 1.387328979368e-04
 1.450000000000e+01, 1.360000000000e+00, 1.150000000000e+00, 8.660891265695e-02, 1.504236669354e-04
 1.450000000000e+01, 1.360000000000e+00, 1.220000000000e+00, 8.751362764848e-02, 1.540451453328e-04
 1.450000000000e+01, 1.360000000000e+00, 1.290000000000e+00, 8.868337271468e-02, 1.459716090961e-04
 1.450000000000e+01, 1.360000000000e+00, 1.360000000000e+00, 8.931358652865e-02, 1.592573438053e-04
 1.450000000000e+01, 1.360000000000e+00, 1.430000000000e+00, 9.023663094384e-02, 1.527389145870e-04
 1.450000000000e+01, 1.430000000000e+00, 8.000000000000e-01, 9.466077459022e-02, 2.607436365400e-04
 1.450000000000e+01, 1.430000000000e+00, 8.700000000000e-01, 8.867984096380e-02, 1.265481573200e-04
 1.450000000000e+01, 1.430000000000e+00, 9.400000000000e-01, 8.708411735371e-02, 1.169348243556e-04
 1.450000000000e+01, 1.430000000000e+00, 1.010000000000e+00, 8.695251822014e-02, 1.197344133568e-04
 1.450000000000e+01, 1.430000000000e+00, 1.080000000000e+00, 8.755307010904e-02, 1.541607762411e-04
 1.450000000000e+01, 1.430000000000e+00, 1.150000000000e+00, 8.844566955307e-02, 1.295774286509e-04
 1.450000000000e+01, 1.430000000000e+00, 1.220000000000e+00, 8.900371814961e-02, 1.682491173289e-04
 1.450000000000e+01, 1.430000000000e+00, 1.290000000000e+00, 8.985914505126e-02, 1.531470879512e-04
 1.450000000000e+01, 1.430000000000e+00, 1.360000000000e+00, 9.102730317640e-02, 1.500585576557e-04
 1.450000000000e+01, 1.430000000000e+00, 1.430000000000e+00, 9.192557190265e-02, 1.688389899876e-04
 1.500000000000e+01, 8.000000000000e-01, 8.000000000000e-01, 1.851135850699e-01, 4.343605456744e-03
 1.500000000000e+01, 8.000000000000e-01, 8.700000000000e-01, 1.793080218601e-01, 4.898002113290e-03
 1.500000000000e+01, 8.000000000000e-01, 9.400000000000e-01, 1.782747437741e-01, 4.088345547435e-03
 1.500000000000e+01, 8.000000000000e-01, 1.010000000000e+00, 1.709115270680e-01, 3.591648063695e-03
 1.500000000000e+01, 8.000000000000e-01, 1.080000000000e+00, 1.767298393531e-01, 4.494117439001e-03
 1.500000000000e+01, 8.000000000000e-01, 1.150000000000e+00, 1.850421457369e-01, 5.323236576647e-03
 1.500000000000e+01, 8.000000000000e-01, 1.220000000000e+00, 1.857413610682e-01, 5.656009988508e-03
 1.500000000000e+01, 8.000000000000e-01, 1.290000000000e+00, 1.802799191550e-01, 4.155838219883e-03
 1.500000000000e+01, 8.000000000000e-01, 1.360000000000e+00, 1.890610182681e-01, 5.137551429935e-03
 1.500000000000e+01, 8.000000000000e-01, 1.430000000000e+00, 1.849892679393e-01, 4.995277609060e-03
 1.500000000000e+01, 8.700000000000e-01, 8.000000000000e-01, 1.241415965428e-01, 1.567102847649e-03
 1.500000000000e+01, 8.700000000000e-01, 8.700000000000e-01, 1.180029713613e-01, 1.582428185189e-03
 1.500000000000e+01, 8.700000000000e-01, 9.400000000000e-01, 1.165034078603e-01, 1.705477585093e-03
 1.500000000000e+01, 8.700000000000e-01, 1.010000000000e+00, 1.136206667546e-01, 1.776142599607e-03
 1.500000000000e+01, 8.700000000000e-01, 1.080000000000e+00, 1.183687894919e-01, 3.783319847081e-03
 1.500000000000e+01, 8.700000000000e-01, 1.150000000000e+00, 1.125452252830e-01, 1.518439418427e-03
 1.500000000000e+01, 8.700000000000e-01, 1.220000000000e+00, 1.195080699915e-01, 1.788088058916e-03
 1.500000000000e+01, 8.700000000000e-01, 1.290000000000e+00, 1.177132706500e-01, 1.810242138507e-03
 1.500000000000e+01, 8.700000000000e-01, 1.360000000000e+00, 1.194776764619e-01, 1.907626090806e-03
 1.500000000000e+01, 8.700000000000e-01, 1.430000000000e+00, 1.194072101708e-01, 2.140110251451e-03
 1.500000000000e+01, 9.400000000000e-01, 8.000000000000e-01, 9.726210637763e-02, 6.489307965226e-04
 1.500000000000e+01, 9.400000000000e-01, 8.700000000000e-01, 9.186426964203e-02, 6.683244350192e-04
 1.500000000000e+01, 9.400000000000e-01, 9.400000000000e-01, 9.018697051891e-02, 5.623692988429e-04
 1.500000000000e+01, 9.400000000000e-01, 1.010000000000e+00, 9.063803013162e-02, 7.222623388337e-04
 1.500000000000e+01, 9.400000000000e-01, 1.080000000000e+00, 9.196985945795e-02, 8.513587508532e-04
 1.500000000000e+01, 9.400000000000e-01, 1.150000000000e+00, 9.096375378261e-02, 6.858085983180e-04
 1.500000000000e+01, 9.400000000000e-01, 1.220000000000e+00, 9.291289587463e-02, 6.386928499060e-04
 1.500000000000e+01, 9.400000000000e-01, 1.290000000000e+00, 9.333257027575e-02, 6.750264308508e-04
 1.500000000000e+01, 9.400000000000e-01, 1.360000000000e+00, 9.434882413134e-02, 7.051335894222e-04
 1.500000000000e+01, 9.400000000000e-01, 1.430000000000e+00, 9.529845811726e-02, 6.794429022326e-04
 1.500000000000e+01, 1.010000000000e+00, 8.000000000000e-01, 8.976091602529e-02, 3.739478883921e-04
 1.500000000000e+01, 1.010000000000e+00, 8.700000000000e-01, 8.338948186949e-02, 2.269367887214e-04
 1.500000000000e+01, 1.010000000000e+00, 9.400000000000e-01, 8.185476625970e-02, 2.222593109544e-04
 1.500000000000e+01, 1.010000000000e+00, 1.010000000000e+00, 8.223924706937e-02, 2.350352674864e-04
 1.500000000000e+01, 1.010000000000e+00, 1.080000000000e+00, 8.241872974846e-02, 2.805831508048e-04
 1.500000000000e+01, 1.010000000000e+00, 1.150000000000e+00, 8.354532731149e-02, 2.921200749235e-04
 1.500000000000e+01, 1.010000000000e+00, 1.220000000000e+00, 8.438779666857e-02, 3.371707396358e-04
 1.500000000000e+01, 1.010000000000e+00, 1.290000000000e+00, 8.522024161564e-02, 2.999657110626e-04
 1.500000000000e+01, 1.010000000000e+00, 1.360000000000e+00, 8.582224808310e-02, 2.673169866086e-04
 1.500000000000e+01, 1.010000000000e+00, 1.430000000000e+00, 8.649807706201e-02, 2.808131606504e-04
 1.500000000000e+01, 1.080000000000e+00, 8.000000000000e-01, 8.670189100792e-02, 2.418304998984e-04
 1.500000000000e+01, 1.080000000000e+00, 8.700000000000e-01, 8.118169593277e-02, 1.026636237737e-04
 1.500000000000e+01, 1.080000000000e+00, 9.400000000000e-01, 7.931494915171e-02, 1.211895850079e-04
 1.500000000000e+01, 1.080000000000e+00, 1.010000000000e+00, 7.960787827169e-02, 1.203344849187e-04
 1.500000000000e+01, 1.080000000000e+00, 1.080000000000e+00, 7.987813702674e-02, 1.189375200532e-04
 1.500000000000e+01, 1.080000000000e+00, 1.150000000000e+00, 8.063098169720e-02, 1.193748102494e-04
 1.500000000000e+01, 1.080000000000e+00, 1.220000000000e+00, 8.179167006573e-02, 1.140856124558e-04
 1.500000000000e+01, 1.080000000000e+00, 1.290000000000e+00, 8.268723808093e-02, 1.111754167636e-04
 1.500000000000e+01, 1.080000000000e+00, 1.360000000000e+00, 8.361190020975e-02, 1.423207177199e-04
 1.500000000000e+01, 1.080000000000e+00, 1.430000000000e+00, 8.427825742833e-02, 1.645144452129e-04
 1.500000000000e+01, 1.150000000000e+00, 8.000000000000e-01, 8.735960012190e-02, 2.710751512290e-04
 1.500000000000e+01, 1.150000000000e+00, 8.700000000000e-01, 8.165329812360e-02, 8.120483590575e-05
 1.500000000000e+01, 1.150000000000e+00, 9.400000000000e-01, 8.009554438017e-02, 7.770125978268e-05
 1.500000000000e+01, 1.150000000000e+00, 1.010000000000e+00, 7.994689698069e-02, 1.013280891568e-04
 1.500000000000e+01, 1.150000000000e+00, 1.080000000000e+00, 8.034103117459e-02, 1.469931917924e-04
 1.500000000000e+01, 1.150000000000e+00, 1.150000000000e+00, 8.115534968440e-02, 1.140300908518e-04
 1.500000000000e+01, 1.150000000000e+00, 1.220000000000e+00, 8.208482997664e-02, 1.211103055317e-04
 1.500000000000e+01, 1.150000000000e+00, 1.290000000000e+00, 8.303473615656e-02, 1.262957129099e-04
 1.500000000000e+01, 1.150000000000e+00, 1.360000000000e+00, 8.377215264402e-02, 1.164043249258e-04
 1.500000000000e+01, 1.150000000000e+00, 1.430000000000e+00, 8.469516508671e-02, 1.177629634441e-04
 1.500000000000e+01, 1.220000000000e+00, 8.000000000000e-01, 8.835857611685e-02, 2.443872324769e-04
 1.500000000000e+01, 1.220000000000e+00, 8.700000000000e-01, 8.273000609028e-02, 9.526282271589e-05
 1.500000000000e+01, 1.220000000000e+00, 9.400000000000e-01, 8.127932983081e-02, 9.736266993243e-05
 1.500000000000e+01, 1.220000000000e+00, 1.010000000000e+00, 8.102538758678e-02, 1.245297292871e-04
 1.500000000000e+01, 1.220000000000e+00, 1.080000000000e+00, 8.182456194923e-02, 1.402128733875e-04
 1.500000000000e+01, 1.220000000000e+00, 1.150000000000e+00, 8.258746904863e-02, 1.548415954723e-04
 1.500000000000e+01, 1.220000000000e+00, 1.220000000000e+00, 8.350862670953e-02, 1.348841542494e-04
 1.500000000000e+01, 1.220000000000e+00, 1.290000000000e+00, 8.423286999617e-02, 1.290385631434e-04
 1.500000000000e+01, 1.220000000000e+00, 1.360000000000e+00, 8.536246973540e-02, 1.295763320343e-04
 1.500000000000e+01, 1.220000000000e+00, 1.430000000000e+00, 8.594523946781e-02, 1.380761015660e-04
 1.500000000000e+01, 1.290000000000e+00, 8.000000000000e-01, 9.027105944901e-02, 2.754485186471e-04
 1.500000000000e+01, 1.290000000000e+00, 8.700000000000e-01, 8.477662294921e-02, 9.722183925241e-05
 1.500000000000e+01, 1.290000000000e+00, 9.400000000000e-01, 8.291556198866e-02, 1.102910957396e-04
 1.500000000000e+01, 1.290000000000e+00, 1.010000000000e+00, 8.282938592783e-02, 1.705655554023e-04
 1.500000000000e+01, 1.290000000000e+00, 1.080000000000e+00, 8.339306303802e-02, 1.395538230241e-04
 1.500000000000e+01, 1.290000000000e+00, 1.150000000000e+00, 8.446264219331e-02, 1.383203498748e-04
 1.500000000000e+01, 1.290000000000e+00, 1.220000000000e+00, 8.502745418718e-02, 1.719499812981e-04
 1.500000000000e+01, 1.290000000000e+00, 1.290000000000e+00, 8.609357720310e-02, 1.396765636900e-04
 1.500000000000e+01, 1.290000000000e+00, 1.360000000000e+00, 8.670729347118e-02, 1.498027164784e-04
 1.500000000000e+01, 1.290000000000e+00, 1.430000000000e+00, 8.765083794042e-02, 1.407739331817e-04
 1.500000000000e+01, 1.360000000000e+00, 8.000000000000e-01, 9.239651277435e-02, 2.876716223513e-04
 1.500000000000e+01, 1.360000000000e+00, 8.700000000000e-01, 8.630984565046e-02, 1.088210745702e-04
 1.500000000000e+01, 1.360000000000e+00, 9.400000000000e-01, 8.468637328179e-02, 1.105877390831e-04
 1.500000000000e+01, 1.360000000000e+00, 1.010000000000e+00, 8.458442036271e-02, 1.284723745483e-04
 1.500000000000e+01, 1.360000000000e+00, 1.080000000000e+00, 8.516231687372e-02, 1.362650024177e-04
 1.500000000000e+01, 1.360000000000e+00, 1.150000000000e+00, 8.580787273117e-02, 1.485159210126e-04
 1.500000000000e+01, 1.360000000000e+00, 1.220000000000e+00, 8.693210961685e-02, 1.367526485020e-04
 1.500000000000e+01, 1.360000000000e+00, 1.290000000000e+00, 8.781887486411e-02, 1.369039654916e-04
 1.500000000000e+01, 1.360000000000e+00, 1.360000000000e+00, 8.847840684181e-02, 1.398707329291e-04
 1.500000000000e+01, 1.360000000000e+00, 1.430000000000e+00, 8.928933057324e-02, 1.489185079664e-04
 1.500000000000e+01, 1.430000000000e+00, 8.000000000000e-01, 9.399957180509e-02, 2.657168023041e-04
 1.500000000000e+01, 1.430000000000e+00, 8.700000000000e-01, 8.798660128691e-02, 1.115900924626e-04
 1.500000000000e+01, 1.430000000000e+00, 9.400000000000e-01, 8.597297808428e-02, 1.387780800875e-04
 1.500000000000e+01, 1.430000000000e+00, 1.010000000000e+00, 8.638307264902e-02, 1.164964999500e-04
 1.500000000000e+01, 1.430000000000e+00, 1.080000000000e+00, 8.672222319280e-02, 1.294469463494e-04
 1.500000000000e+01, 1.430000000000e+00, 1.150000000000e+00, 8.757559668029e-02, 1.537980970520e-04
 1.500000000000e+01, 1.430000000000e+00, 1.220000000000e+00, 8.825761840642e-02, 1.538615748112e-04
 1.500000000000e+01, 1.430000000000e+00, 1.290000000000e+00, 8.905820054391e-02, 1.653261198119e-04
 1.500000000000e+01, 1.430000000000e+00, 1.360000000000e+00, 9.006213518615e-02, 1.623102029911e-04
 1.500000000000e+01, 1.430000000000e+00, 1.430000000000e+00, 9.120060858297e-02, 1.588608104912e-04
 1.550000000000e+01, 8.000000000000e-01, 8.000000000000e-01, 1.783294224251e-01, 3.743953076436e-03
 1.550000000000e+01, 8.000000000000e-01, 8.700000000000e-01, 1.709560795519e-01, 4.108426082463e-03
 1.550000000000e+01, 8.000000000000e-01, 9.400000000000e-01, 1.744884579164e-01, 4.835861675668e-03
 1.550000000000e+01, 8.000000000000e-01, 1.010000000000e+00, 1.708324910249e-01, 3.935706590296e-03
 1.550000000000e+01, 8.000000000000e-01, 1.080000000000e+00, 1.755440049414e-01, 4.782132971531e-03
 1.550000000000e+01, 8.000000000000e-01, 1.150000000000e+00, 1.761299913224e-01, 4.271951677289e-03
 1.550000000000e+01, 8.000000000000e-01, 1.220000000000e+00, 1.782904926049e-01, 4.404563214775e-03
 1.550000000000e+01, 8.000000000000e-01, 1.290000000000e+00, 1.762242815750e-01, 4.679478080628e-03
 1.550000000000e+01, 8.000000000000e-01, 1.360000000000e+00, 1.807780679776e-01, 5.815135863342e-03
 1.550000000000e+01, 8.000000000000e-01, 1.430000000000e+00, 1.811203927225e-01, 4.405796682233e-03
 1.550000000000e+01, 8.700000000000e-01, 8.000000000000e-01, 1.206791071838e-01, 1.526669549589e-03
 1.550000000000e+01, 8.700000000000e-01, 8.700000000000e-01, 1.125053135898e-01, 1.408970382149e-03
 1.550000000000e+01, 8.700000000000e-01, 9.400000000000e-01, 1.125810105889e-01, 1.591052318094e-03
 1.550000000000e+01, 8.700000000000e-01, 1.010000000000e+00, 1.131884178247e-01, 1.747329578746e-03
 1.550000000000e+01, 8.700000000000e-01, 1.080000000000e+00, 1.163746230846e-01, 2.042739109321e-03
 1.550000000000e+01, 8.700000000000e-01, 1.150000000000e+00, 1.147787251685e-01, 1.760820971605e-03
 1.550000000000e+01, 8.700000000000e-01, 1.220000000000e+00, 1.126259836710e-01, 1.516131662885e-03
 1.550000000000e+01, 8.700000000000e-01, 1.290000000000e+00, 1.141807302451e-01, 1.694451561149e-03
 1.550000000000e+01, 8.700000000000e-01, 1.360000000000e+00, 1.138797619356e-01, 1.566132672116e-03
 1.550000000000e+01, 8.700000000000e-01, 1.430000000000e+00, 1.183870373480e-01, 1.980405196931e-03
 1.550000000000e+01, 9.400000000000e-01, 8.000000000000e-01, 9.631764496923e-02, 6.688673850243e-04
 1.550000000000e+01, 9.400000000000e-01, 8.700000000000e-01, 9.104466354226e-02, 6.089366378511e-04
 1.550000000000e+01, 9.400000000000e-01, 9.400000000000e-01, 8.988584223777e-02, 6.148296627783e-04
 1.550000000000e+01, 9.400000000000e-01, 1.010000000000e+00, 8.994081473606e-02, 7.083408691898e-04
 1.550000000000e+01, 9.400000000000e-01, 1.080000000000e+00, 9.085593605420e-02, 8.220817351155e-04
 1.550000000000e+01, 9.400000000000e-01, 1.150000000000e+00, 9.098475150556e-02, 6.837513408074e-04
 1.550000000000e+01, 9.400000000000e-01, 1.220000000000e+00, 9.021940537256e-02, 6.992450482742e-04
 1.550000000000e+01, 9.400000000000e-01, 1.290000000000e+00, 9.231172023706e-02, 6.658145743011e-04
 1.550000000000e+01, 9.400000000000e-01, 1.360000000000e+00, 9.289341875742e-02, 5.912008243935e-04
 1.550000000000e+01, 9.400000000000e-01, 1.430000000000e+00, 9.411383268977e-02, 6.725302883060e-04
 1.550000000000e+01, 1.010000000000e+00, 8.000000000000e-01, 8.841147079151e-02, 3.296560492915e-04
 1.550000000000e+01, 1.010000000000e+00, 8.700000000000e-01, 8.300715910918e-02, 2.489324639198e-04
 1.550000000000e+01, 1.010000000000e+00, 9.400000000000e-01, 8.163714095113e-02, 4.053946678854e-04
 1.550000000000e+01, 1.010000000000e+00, 1.010000000000e+00, 8.174286270572e-02, 2.397800320385e-04
 1.550000000000e+01, 1.010000000000e+00, 1.080000000000e+00, 8.223527171616e-02, 3.432679052897e-04
 1.550000000000e+01, 1.010000000000e+00, 1.150000000000e+00, 8.258971435109e-02, 2.685039243265e-04
 1.550000000000e+01, 1.010000000000e+00, 1.220000000000e+00, 8.392606572448e-02, 3.399348393172e-04
 1.550000000000e+01, 1.010000000000e+00, 1.290000000000e+00, 8.404150122479e-02, 2.644960408262e-04
 1.550000000000e+01, 1.010000000000e+00, 1.360000000000e+00, 8.482188020198e-02, 2.695385036233e-04
 1.550000000000e+01, 1.010000000000e+00, 1.430000000000e+00, 8.624095236085e-02, 2.870044551561e-04
 1.550000000000e+01, 1.080000000000e+00, 8.000000000000e-01, 8.622194174548e-02, 2.371252354206e-04
 1.550000000000e+01, 1.080000000000e+00, 8.700000000000e-01, 8.077015715437e-02, 9.252959819346e-05
 1.550000000000e+01, 1.080000000000e+00, 9.400000000000e-01, 7.925499984833e-02, 1.056291885444e-04
 1.550000000000e+01, 1.080000000000e+00, 1.010000000000e+00, 7.924193281997e-02, 1.011722243401e-04
 1.550000000000e+01, 1.080000000000e+00, 1.080000000000e+00, 7.968586794537e-02, 1.174988991936e-04
 1.550000000000e+01, 1.080000000000e+00, 1.150000000000e+00, 8.052487516708e-02, 1.224933443872e-04
 1.550000000000e+01, 1.080000000000e+00, 1.220000000000e+00, 8.119556355881e-02, 1.183483070716e-04
 1.550000000000e+01, 1.080000000000e+00, 1.290000000000e+00, 8.218963579774e-02, 1.151904939289e-04
 1.550000000000e+01, 1.080000000000e+00, 1.360000000000e+00, 8.304208001310e-02, 1.546665377225e-04
 1.550000000000e+01, 1.080000000000e+00, 1.430000000000e+00, 8.394767389695e-02, 1.339917668291e-04
 1.550000000000e+01, 1.150000000000e+00, 8.000000000000e-01, 8.614924594501e-02, 2.289725176541e-04
 1.550000000000e+01, 1.150000000000e+00, 8.700000000000e-01, 8.105564596073e-02, 7.655676670952e-05
 1.550000000000e+01, 1.150000000000e+00, 9.400000000000e-01, 7.924607783745e-02, 1.181523095291e-04
 1.550000000000e+01, 1.150000000000e+00, 1.010000000000e+00, 7.942791440441e-02, 1.077564230332e-04
 1.550000000000e+01, 1.150000000000e+00, 1.080000000000e+00, 8.000544159228e-02, 1.167089578353e-04
 1.550000000000e+01, 1.150000000000e+00, 1.150000000000e+00, 8.082830965532e-02, 1.070275695569e-04
 1.550000000000e+01, 1.150000000000e+00, 1.220000000000e+00, 8.149363376538e-02, 1.383095813565e-04
 1.550000000000e+01, 1.150000000000e+00, 1.290000000000e+00, 8.240352013668e-02, 1.191474603596e-04
 1.550000000000e+01, 1.150000000000e+00, 1.360000000000e+00, 8.338351322680e-02, 1.105537253566e-04
 1.550000000000e+01, 1.150000000000e+00, 1.430000000000e+00, 8.408173078780e-02, 1.151118068147e-04
 1.550000000000e+01, 1.220000000000e+00, 8.000000000000e-01, 8.796550518371e-02, 2.355151524445e-04
 1.550000000000e+01, 1.220000000000e+00, 8.700000000000e-01, 8.247722263927e-02, 8.868530896371e-05
 1.550000000000e+01, 1.220000000000e+00, 9.400000000000e-01, 8.109544412399e-02, 8.815524834278e-05
 1.550000000000e+01, 1.220000000000e+00, 1.010000000000e+00, 8.093066636360e-02, 1.071659555027e-04
 1.550000000000e+01, 1.220000000000e+00, 1.080000000000e+00, 8.130593916135e-02, 1.432851254954e-04
 1.550000000000e+01, 1.220000000000e+00, 1.150000000000e+00, 8.202228663392e-02, 1.455135917567e-04
 1.550000000000e+01, 1.220000000000e+00, 1.220000000000e+00, 8.306795915323e-02, 1.147315505138e-04
 1.550000000000e+01, 1.220000000000e+00, 1.290000000000e+00, 8.375424829769e-02, 1.890870630076e-04
 1.550000000000e+01, 1.220000000000e+00, 1.360000000000e+00, 8.476650338333e-02, 1.265254730246e-04
 1.550000000000e+01, 1.220000000000e+00, 1.430000000000e+00, 8.540202642819e-02, 1.408565240676e-04
 1.550000000000e+01, 1.290000000000e+00, 8.000000000000e-01, 8.914484505244e-02, 2.441018708306e-04
 1.550000000000e+01, 1.290000000000e+00, 8.700000000000e-01, 8.400451345701e-02, 1.050679177232e-04
 1.550000000000e+01, 1.290000000000e+00, 9.400000000000e-01, 8.264410349097e-02, 9.899403283860e-05
 1.550000000000e+01, 1.290000000000e+00, 1.010000000000e+00, 8.230374390246e-02, 1.200342323639e-04
 1.550000000000e+01, 1.290000000000e+00, 1.080000000000e+00, 8.281997626735e-02, 1.415572098065e-04
 1.550000000000e+01, 1.290000000000e+00, 1.150000000000e+00, 8.373828682924e-02, 1.463699558973e-04
 1.550000000000e+01, 1.290000000000e+00, 1.220000000000e+00, 8.443369807148e-02, 1.520632825462e-04
 1.550000000000e+01, 1.290000000000e+00, 1.290000000000e+00, 8.523494479084e-02, 1.460326645984e-04
 1.550000000000e+01, 1.290000000000e+00, 1.360000000000e+00, 8.617065338389e-02, 1.417985272836e-04
 1.550000000000e+01, 1.290000000000e+00, 1.430000000000e+00, 8.722611950475e-02, 1.301821322893e-04
 1.550000000000e+01, 1.360000000000e+00, 8.000000000000e-01, 9.116832679777e-02, 2.450663610066e-04
 1.550000000000e+01, 1.360000000000e+00, 8.700000000000e-01, 8.564763044030e-02, 1.027035995652e-04
 1.550000000000e+01, 1.360000000000e+00, 9.400000000000e-01, 8.404744955547e-02, 1.154307311226e-04
 1.550000000000e+01, 1.360000000000e+00, 1.010000000000e+00, 8.403062313215e-02, 1.347021572233e-04
 1.550000000000e+01, 1.360000000000e+00, 1.080000000000e+00, 8.433431418984e-02, 1.458575925220e-04
 1.550000000000e+01, 1.360000000000e+00, 1.150000000000e+00, 8.518548986602e-02, 1.413592180809e-04
 1.550000000000e+01, 1.360000000000e+00, 1.220000000000e+00, 8.596004655948e-02, 1.643979350250e-04
 1.550000000000e+01, 1.360000000000e+00, 1.290000000000e+00, 8.720599311743e-02, 1.371616477731e-04
 1.550000000000e+01, 1.360000000000e+00, 1.360000000000e+00, 8.809723230858e-02, 1.388497944182e-04
 1.550000000000e+01, 1.360000000000e+00, 1.430000000000e+00, 8.891760098261e-02, 1.280307964061e-04
 1.550000000000e+01, 1.430000000000e+00, 8.000000000000e-01, 9.286454769136e-02, 2.530998932089e-04
 1.550000000000e+01, 1.430000000000e+00, 8.700000000000e-01, 8.707414888766e-02, 1.060435930412e-04
 1.550000000000e+01, 1.430000000000e+00, 9.400000000000e-01, 8.576131164798e-02, 1.029103080271e-04
 1.550000000000e+01, 1.430000000000e+00, 1.010000000000e+00, 8.548895333807e-02, 1.243393769842e-04
 1.550000000000e+01, 1.430000000000e+00, 1.080000000000e+00, 8.634104531423e-02, 1.314988372924e-04
 1.550000000000e+01, 1.430000000000e+00, 1.150000000000e+00, 8.651765417124e-02, 1.611119656076e-04
 1.550000000000e+01, 1.430000000000e+00, 1.220000000000e+00, 8.756349115574e-02, 1.554977348715e-04
 1.550000000000e+01, 1.430000000000e+00, 1.290000000000e+00, 8.869686189252e-02, 1.320799597487e-04
 1.550000000000e+01, 1.430000000000e+00, 1.360000000000e+00, 8.923877539459e-02, 1.574147750890e-04
 1.550000000000e+01, 1.430000000000e+00, 1.430000000000e+00, 9.044954855678e-02, 1.259123932160e-04
 1.600000000000e+01, 8.000000000000e-01, 8.000000000000e-01, 1.746076063343e-01, 3.694261859485e-03
 1.600000000000e+01, 8.000000000000e-01, 8.700000000000e-01, 1.685937650496e-01, 3.920737192191e-03
 1.600000000000e+01, 8.000000000000e-01, 9.400000000000e-01, 1.694120669676e-01, 4.331652492450e-03
 1.600000000000e+01, 8.000000000000e-01, 1.010000000000e+00, 1.705162338814e-01, 4.214798899161e-03
 1.600000000000e+01, 8.000000000000e-01, 1.080000000000e+00, 1.740296572548e-01, 4.559599779493e-03
 1.600000000000e+01, 8.000000000000e-01, 1.150000000000e+00, 1.788512261012e-01, 5.175827138223e-03
 1.600000000000e+01, 8.000000000000e-01, 1.220000000000e+00, 1.668427018713e-01, 4.562010856183e-03
 1.600000000000e+01, 8.000000000000e-01, 1.290000000000e+00, 1.818458069489e-01, 4.859471911634e-03
 1.600000000000e+01, 8.000000000000e-01, 1.360000000000e+00, 1.734725476092e-01, 4.879978609058e-03
 1.600000000000e+01, 8.000000000000e-01, 1.430000000000e+00, 1.728017448257e-01, 4.100344839473e-03
 1.600000000000e+01, 8.700000000000e-01, 8.000000000000e-01, 1.165936293987e-01, 1.709961868797e-03
 1.600000000000e+01, 8.700000000000e-01, 8.700000000000e-01, 1.136670141395e-01, 1.645898891343e-03
 1.600000000000e+01, 8.700000000000e-01, 9.400000000000e-01, 1.117143325324e-01, 1.532759172580e-03
 1.600000000000e+01, 8.700000000000e-01, 1.010000000000e+00, 1.118487471312e-01, 1.948142899363e-03
 1.600000000000e+01, 8.700000000000e-01, 1.080000000000e+00, 1.107518333911e-01, 1.486913681038e-03
 1.600000000000e+01, 8.700000000000e-01, 1.150000000000e+00, 1.112835473867e-01, 1.619309923347e-03
 1.600000000000e+01, 8.700000000000e-01, 1.220000000000e+00, 1.150507592621e-01, 2.204128991940e-03
 1.600000000000e+01, 8.700000000000e-01, 1.290000000000e+00, 1.101924944096e-01, 1.389368542461e-03
 1.600000000000e+01, 8.700000000000e-01, 1.360000000000e+00, 1.126258702758e-01, 1.626648739794e-03
 1.600000000000e+01, 8.700000000000e-01, 1.430000000000e+00, 1.181306919865e-01, 1.864896681814e-03
 1.600000000000e+01, 9.400000000000e-01, 8.000000000000e-01, 9.558847892960e-02, 8.580608835214e-04
 1.600000000000e+01, 9.400000000000e-01, 8.700000000000e-01, 8.944476150167e-02, 5.133365092283e-04
 1.600000000000e+01, 9.400000000000e-01, 9.400000000000e-01, 9.009071895700e-02, 7.720747918974e-04
 1.600000000000e+01, 9.400000000000e-01, 1.010000000000e+00, 8.941629270568e-02, 5.805553087458e-04
 1.600000000000e+01, 9.400000000000e-01, 1.080000000000e+00, 9.012841492806e-02, 7.378909696783e-04
 1.600000000000e+01, 9.400000000000e-01, 1.150000000000e+00, 8.991214704141e-02, 6.651218744250e-04
 1.600000000000e+01, 9.400000000000e-01, 1.220000000000e+00, 9.097108827361e-02, 6.725331269773e-04
 1.600000000000e+01, 9.400000000000e-01, 1.290000000000e+00, 9.068713434273e-02, 5.652006355962e-04
 1.600000000000e+01, 9.400000000000e-01, 1.360000000000e+00, 9.198333073705e-02, 6.168347983037e-04
 1.600000000000e+01, 9.400000000000e-01, 1.430000000000e+00, 9.328771957925e-02, 6.797828382233e-04
 1.600000000000e+01, 1.010000000000e+00, 8.000000000000e-01, 8.735996002510e-02, 3.215373713466e-04
 1.600000000000e+01, 1.010000000000e+00, 8.700000000000e-01, 8.218865789103e-02, 2.066637321164e-04
 1.600000000000e+01, 1.010000000000e+00, 9.400000000000e-01, 8.122231347077e-02, 2.626468989274e-04
 1.600000000000e+01, 1.010000000000e+00, 1.010000000000e+00, 8.077783058742e-02, 2.177027523267e-04
 1.600000000000e+01, 1.010000000000e+00, 1.080000000000e+00, 8.183552491228e-02, 2.776178755982e-04
 1.600000000000e+01, 1.010000000000e+00, 1.150000000000e+00, 8.180781833383e-02, 2.256486455001e-04
 1.600000000000e+01, 1.010000000000e+00, 1.220000000000e+00, 8.313203041431e-02, 2.529243262165e-04
 1.600000000000e+01, 1.010000000000e+00, 1.290000000000e+00, 8.389110218644e-02, 2.661419117916e-04
 1.600000000000e+01, 1.010000000000e+00, 1.360000000000e+00, 8.456845880763e-02, 2.385099420068e-04
 1.600000000000e+01, 1.010000000000e+00, 1.430000000000e+00, 8.610120784840e-02, 3.791146558483e-04
 1.600000000000e+01, 1.080000000000e+00, 8.000000000000e-01, 8.539504341432e-02, 2.410594704647e-04
 1.600000000000e+01, 1.080000000000e+00, 8.700000000000e-01, 8.051869846540e-02, 9.453348803611e-05
 1.600000000000e+01, 1.080000000000e+00, 9.400000000000e-01, 7.901237164858e-02, 1.089928168154e-04
 1.600000000000e+01, 1.080000000000e+00, 1.010000000000e+00, 7.884683952150e-02, 1.832154575859e-04
 1.600000000000e+01, 1.080000000000e+00, 1.080000000000e+00, 7.936519837701e-02, 1.103925851459e-04
 1.600000000000e+01, 1.080000000000e+00, 1.150000000000e+00, 8.029262159451e-02, 1.241041637296e-04
 1.600000000000e+01, 1.080000000000e+00, 1.220000000000e+00, 8.093471774014e-02, 1.465768064953e-04
 1.600000000000e+01, 1.080000000000e+00, 1.290000000000e+00, 8.175744262433e-02, 1.170489448039e-04
 1.600000000000e+01, 1.080000000000e+00, 1.360000000000e+00, 8.269142951030e-02, 1.444526801495e-04
 1.600000000000e+01, 1.080000000000e+00, 1.430000000000e+00, 8.350888853533e-02, 1.235696862091e-04
 1.600000000000e+01, 1.150000000000e+00, 8.000000000000e-01, 8.598638500984e-02, 2.306336456737e-04
 1.600000000000e+01, 1.150000000000e+00, 8.700000000000e-01, 8.083157124447e-02, 7.710307816228e-05
 1.600000000000e+01, 1.150000000000e+00, 9.400000000000e-01, 7.923627123377e-02, 1.158661279250e-04
 1.600000000000e+01, 1.150000000000e+00, 1.010000000000e+00, 7.899743222305e-02, 1.264881801163e-04
 1.600000000000e+01, 1.150000000000e+00, 1.080000000000e+00, 7.982461518757e-02, 1.181944776310e-04
 1.600000000000e+01, 1.150000000000e+00, 1.150000000000e+00, 8.031633052539e-02, 1.378342817490e-04
 1.600000000000e+01, 1.150000000000e+00, 1.220000000000e+00, 8.134968954908e-02, 1.189630253924e-04
 1.600000000000e+01, 1.150000000000e+00, 1.290000000000e+00, 8.215393683076e-02, 1.031877009899e-04
 1.600000000000e+01, 1.150000000000e+00, 1.360000000000e+00, 8.290735794705e-02, 1.779491309789e-04
 1.600000000000e+01, 1.150000000000e+00, 1.430000000000e+00, 8.381550205819e-02, 1.313927316516e-04
 1.600000000000e+01, 1.220000000000e+00, 8.000000000000e-01, 8.688193466275e-02, 2.297736536567e-04
 1.600000000000e+01, 1.220000000000e+00, 8.700000000000e-01, 8.209841563189e-02, 9.132065683060e-05
 1.600000000000e+01, 1.220000000000e+00, 9.400000000000e-01, 8.057873204603e-02, 8.767954928715e-05
 1.600000000000e+01, 1.220000000000e+00, 1.010000000000e+00, 8.039071546326e-02, 1.171531202015e-04
 1.600000000000e+01, 1.220000000000e+00, 1.080000000000e+00, 8.079882432352e-02, 1.388555682872e-04
 1.600000000000e+01, 1.220000000000e+00, 1.150000000000e+00, 8.167486498348e-02, 1.271126431586e-04
 1.600000000000e+01, 1.220000000000e+00, 1.220000000000e+00, 8.264930105202e-02, 1.189413761657e-04
 1.600000000000e+01, 1.220000000000e+00, 1.290000000000e+00, 8.325040094314e-02, 1.369885109876e-04
 1.600000000000e+01, 1.220000000000e+00, 1.360000000000e+00, 8.420430660183e-02, 1.236977009569e-04
 1.600000000000e+01, 1.220000000000e+00, 1.430000000000e+00, 8.509603948344e-02, 1.201611534991e-04
 1.600000000000e+01, 1.290000000000e+00, 8.000000000000e-01, 8.853126289463e-02, 2.391511368513e-04
 1.600000000000e+01, 1.290000000000e+00, 8.700000000000e-01, 8.368815346916e-02, 1.019780788849e-04
 1.600000000000e+01, 1.290000000000e+00, 9.400000000000e-01, 8.197627878035e-02, 9.836479937420e-05
 1.600000000000e+01, 1.290000000000e+00, 1.010000000000e+00, 8.189493970454e-02, 1.276677869359e-04
 1.600000000000e+01, 1.290000000000e+00, 1.080000000000e+00, 8.218099158266e-02, 1.612348375781e-04
 1.600000000000e+01, 1.290000000000e+00, 1.150000000000e+00, 8.322802172864e-02, 1.352950932348e-04
 1.600000000000e+01, 1.290000000000e+00, 1.220000000000e+00, 8.391332859585e-02, 1.667812910786e-04
 1.600000000000e+01, 1.290000000000e+00, 1.290000000000e+00, 8.496140644797e-02, 1.318252773883e-04
 1.600000000000e+01, 1.290000000000e+00, 1.360000000000e+00, 8.585889925999e-02, 1.245661698048e-04
 1.600000000000e+01, 1.290000000000e+00, 1.430000000000e+00, 8.665113911158e-02, 1.270850728332e-04
 1.600000000000e+01, 1.360000000000e+00, 8.000000000000e-01, 9.045879288962e-02, 2.534638003650e-04
 1.600000000000e+01, 1.360000000000e+00, 8.700000000000e-01, 8.539253368197e-02, 9.372437880712e-05
 1.600000000000e+01, 1.360000000000e+00, 9.400000000000e-01, 8.366591157172e-02, 1.078974027907e-04
 1.600000000000e+01, 1.360000000000e+00, 1.010000000000e+00, 8.353778729406e-02, 1.248684629930e-04
 1.600000000000e+01, 1.360000000000e+00, 1.080000000000e+00, 8.413552109426e-02, 1.259584835175e-04
 1.600000000000e+01, 1.360000000000e+00, 1.150000000000e+00, 8.474100109975e-02, 1.371578835743e-04
 1.600000000000e+01, 1.360000000000e+00, 1.220000000000e+00, 8.553204947789e-02, 1.351536320283e-04
 1.600000000000e+01, 1.360000000000e+00, 1.290000000000e+00, 8.665151271725e-02, 1.391786011831e-04
 1.600000000000e+01, 1.360000000000e+00, 1.360000000000e+00, 8.760050399073e-02, 1.480667360758e-04
 1.600000000000e+01, 1.360000000000e+00, 1.430000000000e+00, 8.807185116296e-02, 1.403409932591e-04
 1.600000000000e+01, 1.430000000000e+00, 8.000000000000e-01, 9.191518230867e-02, 2.442701010117e-04
 1.600000000000e+01, 1.430000000000e+00, 8.700000000000e-01, 8.654450734719e-02, 1.018463873798e-04
 1.600000000000e+01, 1.430000000000e+00, 9.400000000000e-01, 8.517758811271e-02, 1.086847863987e-04
 1.600000000000e+01, 1.430000000000e+00, 1.010000000000e+00, 8.505311820697e-02, 1.197406739435e-04
 1.600000000000e+01, 1.430000000000e+00, 1.080000000000e+00, 8.582852916844e-02, 1.150860839136e-04
 1.600000000000e+01, 1.430000000000e+00, 1.150000000000e+00, 8.646849792779e-02, 1.192891882390e-04
 1.600000000000e+01, 1.430000000000e+00, 1.220000000000e+00, 8.697182680287e-02, 1.378006762470e-04
 1.600000000000e+01, 1.430000000000e+00, 1.290000000000e+00, 8.774959302821e-02, 1.470556327648e-04
 1.600000000000e+01, 1.430000000000e+00, 1.360000000000e+00, 8.850396935092e-02, 1.532505362323e-04
 1.600000000000e+01, 1.430000000000e+00, 1.430000000000e+00, 8.944433617691e-02, 1.414887746917e-04
 1.650000000000e+01, 8.000000000000e-01, 8.000000000000e-01, 1.682519035860e-01, 3.418516823149e-03
 1.650000000000e+01, 8.000000000000e-01, 8.700000000000e-01, 1.760678585023e-01, 4.946433150623e-03
 1.650000000000e+01, 8.000000000000e-01, 9.400000000000e-01, 1.645453106434e-01, 4.320382109585e-03
 1.650000000000e+01, 8.000000000000e-01, 1.010000000000e+00, 1.628352460366e-01, 4.235962653341e-03
 1.650000000000e+01, 8.000000000000e-01, 1.080000000000e+00, 1.662788835927e-01, 4.691399537723e-03
 1.650000000000e+01, 8.000000000000e-01, 1.150000000000e+00, 1.690584603588e-01, 5.100614358446e-03
 1.650000000000e+01, 8.000000000000e-01, 1.220000000000e+00, 1.721427087660e-01, 4.798143188701e-03
 1.650000000000e+01, 8.000000000000e-01, 1.290000000000e+00, 1.618859666980e-01, 3.974089306340e-03
 1.650000000000e+01, 8.000000000000e-01, 1.360000000000e+00, 1.719408723877e-01, 4.568162906184e-03
 1.650000000000e+01, 8.000000000000e-01, 1.430000000000e+00, 1.754764211020e-01, 4.672743378825e-03
 1.650000000000e+01, 8.700000000000e-01, 8.000000000000e-01, 1.180843115046e-01, 1.785643918641e-03
 1.650000000000e+01, 8.700000000000e-01, 8.700000000000e-01, 1.139041573265e-01, 1.968864029769e-03
 1.650000000000e+01, 8.700000000000e-01, 9.400000000000e-01, 1.114798886656e-01, 1.861893370331e-03
 1.650000000000e+01, 8.700000000000e-01, 1.010000000000e+00, 1.127645914340e-01, 2.954855211211e-03
 1.650000000000e+01, 8.700000000000e-01, 1.080000000000e+00, 1.083802825633e-01, 1.621954556861e-03
 1.650000000000e+01, 8.700000000000e-01, 1.150000000000e+00, 1.118967607956e-01, 1.555801213034e-03
 1.650000000000e+01, 8.700000000000e-01, 1.220000000000e+00, 1.165273042095e-01, 2.052640250495e-03
 1.650000000000e+01, 8.700000000000e-01, 1.290000000000e+00, 1.143135626185e-01, 2.057097920906e-03
 1.650000000000e+01, 8.700000000000e-01, 1.360000000000e+00, 1.136324427732e-01, 1.754185197066e-03
 1.650000000000e+01, 8.700000000000e-01, 1.430000000000e+00, 1.131530842968e-01, 1.585850898868e-03
 1.650000000000e+01, 9.400000000000e-01, 8.000000000000e-01, 9.531128053923e-02, 6.755268318218e-04
 1.650000000000e+01, 9.400000000000e-01, 8.700000000000e-01, 8.975718741990e-02, 5.473511823054e-04
 1.650000000000e+01, 9.400000000000e-01, 9.400000000000e-01, 8.868175781030e-02, 6.151719762629e-04
 1.650000000000e+01, 9.400000000000e-01, 1.010000000000e+00, 8.893121234438e-02, 8.443979807956e-04
 1.650000000000e+01, 9.400000000000e-01, 1.080000000000e+00, 8.978246398201e-02, 7.798044367740e-04
 1.650000000000e+01, 9.400000000000e-01, 1.150000000000e+00, 9.074172234520e-02, 7.910714985908e-04
 1.650000000000e+01, 9.400000000000e-01, 1.220000000000e+00, 9.052448624336e-02, 7.596013453030e-04
 1.650000000000e+01, 9.400000000000e-01, 1.290000000000e+00, 9.088480476322e-02, 5.783179736109e-04
 1.650000000000e+01, 9.400000000000e-01, 1.360000000000e+00, 9.141953907553e-02, 7.350617447427e-04
 1.650000000000e+01, 9.400000000000e-01, 1.430000000000e+00, 9.314998210659e-02, 6.617294980876e-04
 1.650000000000e+01, 1.010000000000e+00, 8.000000000000e-01, 8.718758748085e-02, 3.259048629033e-04
 1.650000000000e+01, 1.010000000000e+00, 8.700000000000e-01, 8.243654763820e-02, 2.413015730839e-04
 1.650000000000e+01, 1.010000000000e+00, 9.400000000000e-01, 8.113446524064e-02, 3.374660776374e-04
 1.650000000000e+01, 1.010000000000e+00, 1.010000000000e+00, 8.068231633093e-02, 2.073875833136e-04
 1.650000000000e+01, 1.010000000000e+00, 1.080000000000e+00, 8.071086252590e-02, 2.354174704192e-04
 1.650000000000e+01, 1.010000000000e+00, 1.150000000000e+00, 8.238543752837e-02, 2.646839102935e-04
 1.650000000000e+01, 1.010000000000e+00, 1.220000000000e+00, 8.282351788561e-02, 3.049518696480e-04
 1.650000000000e+01, 1.010000000000e+00, 1.290000000000e+00, 8.402935599915e-02, 3.373134721913e-04
 1.650000000000e+01, 1.010000000000e+00, 1.360000000000e+00, 8.410127711063e-02, 2.231445190019e-04
 1.650000000000e+01, 1.010000000000e+00, 1.430000000000e+00, 8.507420080482e-02, 2.552228947716e-04
 1.650000000000e+01, 1.080000000000e+00, 8.000000000000e-01, 8.520310389504e-02, 2.703411568708e-04
 1.650000000000e+01, 1.080000000000e+00, 8.700000000000e-01, 8.031913453578e-02, 9.559408644074e-05
 1.650000000000e+01, 1.080000000000e+00, 9.400000000000e-01, 7.885821307383e-02, 9.165435814440e-05
 1.650000000000e+01, 1.080000000000e+00, 1.010000000000e+00, 7.871325317753e-02, 1.231777325968e-04
 1.650000000000e+01, 1.080000000000e+00, 1.080000000000e+00, 7.897881218659e-02, 1.299199247507e-04
 1.650000000000e+01, 1.080000000000e+00, 1.150000000000e+00, 8.017662470920e-02, 9.691755814568e-05
 1.650000000000e+01, 1.080000000000e+00, 1.220000000000e+00, 8.077540147976e-02, 1.267824916857e-04
 1.650000000000e+01, 1.080000000000e+00, 1.290000000000e+00, 8.134705713780e-02, 1.628312769753e-04
 1.650000000000e+01, 1.080000000000e+00, 1.360000000000e+00, 8.235181768835e-02, 1.279678643346e-04
 1.650000000000e+01, 1.080000000000e+00, 1.430000000000e+00, 8.323686592863e-02, 1.142124734022e-04
 1.650000000000e+01, 1.150000000000e+00, 8.000000000000e-01, 8.524370527055e-02, 2.142064075822e-04
 1.650000000000e+01, 1.150000000000e+00, 8.700000000000e-01, 8.056260904085e-02, 7.476795797299e-05
 1.650000000000e+01, 1.150000000000e+00, 9.400000000000e-01, 7.904615900567e-02, 9.886434101387e-05
 1.650000000000e+01, 1.150000000000e+00, 1.010000000000e+00, 7.902252252717e-02, 1.275264755775e-04
 1.650000000000e+01, 1.150000000000e+00, 1.080000000000e+00, 7.961169206045e-02, 9.635171773005e-05
 1.650000000000e+01, 1.150000000000e+00, 1.150000000000e+00, 8.017118117737e-02, 1.091512442434e-04
 1.650000000000e+01, 1.150000000000e+00, 1.220000000000e+00, 8.114773271959e-02, 1.015943948013e-04
 1.650000000000e+01, 1.150000000000e+00, 1.290000000000e+00, 8.167819871618e-02, 1.442131538365e-04
 1.650000000000e+01, 1.150000000000e+00, 1.360000000000e+00, 8.273053129827e-02, 1.114842310585e-04
 1.650000000000e+01, 1.150000000000e+00, 1.430000000000e+00, 8.355972485899e-02, 9.859375669475e-05
 1.650000000000e+01, 1.220000000000e+00, 8.000000000000e-01, 8.714910024510e-02, 2.371689228335e-04
 1.650000000000e+01, 1.220000000000e+00, 8.700000000000e-01, 8.155241020999e-02, 8.970694879043e-05
 1.650000000000e+01, 1.220000000000e+00, 9.400000000000e-01, 8.039660315905e-02, 9.519892697735e-05
 1.650000000000e+01, 1.220000000000e+00, 1.010000000000e+00, 8.022090564164e-02, 1.158730046671e-04
 1.650000000000e+01, 1.220000000000e+00, 1.080000000000e+00, 8.061936818307e-02, 1.681244453053e-04
 1.650000000000e+01, 1.220000000000e+00, 1.150000000000e+00, 8.126610043633e-02, 1.481956667741e-04
 1.650000000000e+01, 1.220000000000e+00, 1.220000000000e+00, 8.207878443712e-02, 1.456467225844e-04
 1.650000000000e+01, 1.220000000000e+00, 1.290000000000e+00, 8.320200705217e-02, 1.171419445459e-04
 1.650000000000e+01, 1.220000000000e+00, 1.360000000000e+00, 8.389222745843e-02, 1.301922111419e-04
 1.650000000000e+01, 1.220000000000e+00, 1.430000000000e+00, 8.470606954472e-02, 1.273663776654e-04
 1.650000000000e+01, 1.290000000000e+00, 8.000000000000e-01, 8.786108085817e-02, 2.262155724933e-04
 1.650000000000e+01, 1.290000000000e+00, 8.700000000000e-01, 8.327082307055e-02, 9.682414103316e-05
 1.650000000000e+01, 1.290000000000e+00, 9.400000000000e-01, 8.180167914792e-02, 1.023047395835e-04
 1.650000000000e+01, 1.290000000000e+00, 1.010000000000e+00, 8.187564558011e-02, 1.126837778423e-04
 1.650000000000e+01, 1.290000000000e+00, 1.080000000000e+00, 8.232360567364e-02, 1.264333773198e-04
 1.650000000000e+01, 1.290000000000e+00, 1.150000000000e+00, 8.283577617236e-02, 1.467598704380e-04
 1.650000000000e+01, 1.290000000000e+00, 1.220000000000e+00, 8.371531356413e-02, 1.254706142606e-04
 1.650000000000e+01, 1.290000000000e+00, 1.290000000000e+00, 8.455940345417e-02, 1.373367206973e-04
 1.650000000000e+01, 1.290000000000e+00, 1.360000000000e+00, 8.520701697774e-02, 1.833670421576e-04
 1.650000000000e+01, 1.290000000000e+00, 1.430000000000e+00, 8.589074798468e-02, 1.448810470528e-04
 1.650000000000e+01, 1.360000000000e+00, 8.000000000000e-01, 8.989208749076e-02, 2.263671531896e-04
 1.650000000000e+01, 1.360000000000e+00, 8.700000000000e-01, 8.465527301982e-02, 1.022745653392e-04
 1.650000000000e+01, 1.360000000000e+00, 9.400000000000e-01, 8.340293724457e-02, 1.144806490248e-04
 1.650000000000e+01, 1.360000000000e+00, 1.010000000000e+00, 8.311944878575e-02, 1.405643830702e-04
 1.650000000000e+01, 1.360000000000e+00, 1.080000000000e+00, 8.393348801759e-02, 1.296057267743e-04
 1.650000000000e+01, 1.360000000000e+00, 1.150000000000e+00, 8.438122758204e-02, 1.378036310048e-04
 1.650000000000e+01, 1.360000000000e+00, 1.220000000000e+00, 8.509545750961e-02, 1.424611072453e-04
 1.650000000000e+01, 1.360000000000e+00, 1.290000000000e+00, 8.606628129091e-02, 1.354053759939e-04
 1.650000000000e+01, 1.360000000000e+00, 1.360000000000e+00, 8.685518102842e-02, 1.462439615595e-04
 1.650000000000e+01, 1.360000000000e+00, 1.430000000000e+00, 8.758637441144e-02, 1.350624935954e-04
 1.650000000000e+01, 1.430000000000e+00, 8.000000000000e-01, 9.129031385140e-02, 2.403538474480e-04
 1.650000000000e+01, 1.430000000000e+00, 8.700000000000e-01, 8.634884791375e-02, 1.008490342065e-04
 1.650000000000e+01, 1.430000000000e+00, 9.400000000000e-01, 8.478019496787e-02, 1.049442225919e-04
 1.650000000000e+01, 1.430000000000e+00, 1.010000000000e+00, 8.449757277231e-02, 1.135005597985e-04
 1.650000000000e+01, 1.430000000000e+00, 1.080000000000e+00, 8.519713335904e-02, 1.230997381946e-04
 1.650000000000e+01, 1.430000000000e+00, 1.150000000000e+00, 8.593925781819e-02, 1.263101917158e-04
 1.650000000000e+01, 1.430000000000e+00, 1.220000000000e+00, 8.680214309421e-02, 1.221606847793e-04
 1.650000000000e+01, 1.430000000000e+00, 1.290000000000e+00, 8.755926349619e-02, 1.345559390834e-04
 1.650000000000e+01, 1.430000000000e+00, 1.360000000000e+00, 8.821908653079e-02, 1.236057160592e-04
 1.650000000000e+01, 1.430000000000e+00, 1.430000000000e+00, 8.902160179559e-02, 1.417422846039e-04
