#              p[0],               p[1],               p[2],             energy,               error
 3.000000000000e+00, 8.000000000000e-01, 8.000000000000e-01, 9.967871725979e+00, 5.449928159030e-02
 3.000000000000e+00, 8.000000000000e-01, 8.700000000000e-01, 7.841398827837e+00, 5.033763764435e-02
 3.000000000000e+00, 8.000000000000e-01, 9.400000000000e-01, 7.015569247860e+00, 5.091622328688e-02
 3.000000000000e+00, 8.000000000000e-01, 1.010000000000e+00, 6.678071021148e+00, 5.178753344592e-02
 3.000000000000e+00, 8.000000000000e-01, 1.080000000000e+00, 6.637788275031e+00, 5.251732321343e-02
 3.000000000000e+00, 8.000000000000e-01, 1.150000000000e+00, 6.695560406312e+00, 5.434620432924e-02
 3.000000000000e+00, 8.000000000000e-01, 1.220000000000e+00, 6.643022105141e+00, 5.107670565382e-02
 3.000000000000e+00, 8.000000000000e-01, 1.290000000000e+00, 6.782393481626e+00, 5.447294965521e-02
 3.000000000000e+00, 8.000000000000e-01, 1.360000000000e+00, 6.741880689643e+00, 5.491266359840e-02
 3.000000000000e+00, 8.000000000000e-01, 1.430000000000e+00, 6.814220274464e+00, 5.399613834815e-02
 3.000000000000e+00, 8.700000000000e-01, 8.000000000000e-01, 5.951533375524e+00, 2.942014204523e-02
 3.000000000000e+00, 8.700000000000e-01, 8.700000000000e-01, 3.902485201413e+00, 2.039899664668e-02
 3.000000000000e+00, 8.700000000000e-01, 9.400000000000e-01, 3.138778130126e+00, 1.992268974114e-02
 3.000000000000e+00, 8.700000000000e-01, 1.010000000000e+00, 2.846410466398e+00, 1.970111888104e-02
 3.000000000000e+00, 8.700000000000e-01, 1.080000000000e+00, 2.774021188850e+00, 2.041599756102e-02
 3.000000000000e+00, 8.700000000000e-01, 1.150000000000e+00, 2.784331326661e+00, 1.955209088326e-02
 3.000000000000e+00, 8.700000000000e-01, 1.220000000000e+00, 2.844902321304e+00, 2.237768598338e-02
 3.000000000000e+00, 8.700000000000e-01, 1.290000000000e+00, 2.877442508664e+00, 2.118470667996e-02
 3.000000000000e+00, 8.700000000000e-01, 1.360000000000e+00, 2.893504706209e+00, 2.056232465985e-02
 3.000000000000e+00, 8.700000000000e-01, 1.430000000000e+00, 2.966180747752e+00, 2.121699124168e-02
 3.000000000000e+00, 9.400000000000e-01, 8.000000000000e-01, 4.439648628990e+00, 2.830406746983e-02
 3.000000000000e+00, 9.400000000000e-01, 8.700000000000e-01, 2.398957609277e+00, 1.068183712860e-02
 3.000000000000e+00, 9.400000000000e-01, 9.400000000000e-01, 1.633559958731e+00, 7.625865845862e-03
 3.000000000000e+00, 9.400000000000e-01, 1.010000000000e+00, 1.357515370664e+00, 7.217411697153e-03
 3.000000000000e+00, 9.400000000000e-01, 1.080000000000e+00, 1.305533703218e+00, 7.488131388816e-03
 3.000000000000e+00, 9.400000000000e-01, 1.150000000000e+00, 1.298962773116e+00, 7.915611561589e-03
 3.000000000000e+00, 9.400000000000e-01, 1.220000000000e+00, 1.351706614859e+00, 8.502035725598e-03
 3.000000000000e+00, 9.400000000000e-01, 1.290000000000e+00, 1.403639728416e+00, 7.758010573951e-03
 3.000000000000e+00, 9.400000000000e-01, 1.360000000000e+00, 1.424357980125e+00, 7.827470707549e-03
 3.000000000000e+00, 9.400000000000e-01, 1.430000000000e+00, 1.485545835742e+00, 8.222975660204e-03
 3.000000000000e+00, 1.010000000000e+00, 8.000000000000e-01, 3.897808316556e+00, 2.536402210639e-02
 3.000000000000e+00, 1.010000000000e+00, 8.700000000000e-01, 1.855423348871e+00, 8.935155900448e-03
 3.000000000000e+00, 1.010000000000e+00, 9.400000000000e-01, 1.092398118440e+00, 3.491597599841e-03
 3.000000000000e+00, 1.010000000000e+00, 1.010000000000e+00, 8.229468229520e-01, 2.569852475568e-03
 3.000000000000e+00, 1.010000000000e+00, 1.080000000000e+00, 7.585985359126e-01, 2.639439853031e-03
 3.000000000000e+00, 1.010000000000e+00, 1.150000000000e+00, 7.660988785564e-01, 2.737264775388e-03
 3.000000000000e+00, 1.010000000000e+00, 1.220000000000e+00, 8.062198382800e-01, 2.876139795986e-03
 3.000000000000e+00, 1.010000000000e+00, 1.290000000000e+00, 8.521759763598e-01, 2.842572524773e-03
 3.000000000000e+00, 1.010000000000e+00, 1.360000000000e+00, 9.018108349361e-01, 3.053241908579e-03
 3.000000000000e+00, 1.010000000000e+00, 1.430000000000e+00, 9.374765650362e-01, 2.870981045522e-03
 3.000000000000e+00, 1.080000000000e+00, 8.000000000000e-01, 3.692960086865e+00, 2.474150758426e-02
 3.000000000000e+00, 1.080000000000e+00, 8.700000000000e-01, 1.689088115457e+00, 8.538591546335e-03
 3.000000000000e+00, 1.080000000000e+00, 9.400000000000e-01, 9.312883271033e-01, 2.989879745041e-03
 3.000000000000e+00, 1.080000000000e+00, 1.010000000000e+00, 6.655252651986e-01, 1.053483362102e-03
 3.000000000000e+00, 1.080000000000e+00, 1.080000000000e+00, 5.947206056111e-01, 6.835798160356e-04
 3.000000000000e+00, 1.080000000000e+00, 1.150000000000e+00, 6.043978064251e-01, 8.543190127041e-04
 3.000000000000e+00, 1.080000000000e+00, 1.220000000000e+00, 6.427366837498e-01, 9.758674728859e-04
 3.000000000000e+00, 1.080000000000e+00, 1.290000000000e+00, 6.912334591640e-01, 1.094445140504e-03
 3.000000000000e+00, 1.080000000000e+00, 1.360000000000e+00, 7.364338565054e-01, 1.060527194823e-03
 3.000000000000e+00, 1.080000000000e+00, 1.430000000000e+00, 7.770276692947e-01, 1.089310714833e-03
 3.000000000000e+00, 1.150000000000e+00, 8.000000000000e-01, 3.606724582434e+00, 2.346221324115e-02
 3.000000000000e+00, 1.150000000000e+00, 8.700000000000e-01, 1.664301450745e+00, 8.590079735510e-03
 3.000000000000e+00, 1.150000000000e+00, 9.400000000000e-01, 9.192143556999e-01, 2.930393116705e-03
 3.000000000000e+00, 1.150000000000e+00, 1.010000000000e+00, 6.570716128286e-01, 8.062527027684e-04
 3.000000000000e+00, 1.150000000000e+00, 1.080000000000e+00, 5.860895101275e-01, 4.415408675128e-04
 3.000000000000e+00, 1.150000000000e+00, 1.150000000000e+00, 5.949657558669e-01, 6.716503796442e-04
 3.000000000000e+00, 1.150000000000e+00, 1.220000000000e+00, 6.324631300439e-01, 8.050318583423e-04
 3.000000000000e+00, 1.150000000000e+00, 1.290000000000e+00, 6.803971990460e-01, 8.111804165905e-04
 3.000000000000e+00, 1.150000000000e+00, 1.360000000000e+00, 7.267161244858e-01, 8.447241296524e-04
 3.000000000000e+00, 1.150000000000e+00, 1.430000000000e+00, 7.689303481241e-01, 8.268326854233e-04
 3.000000000000e+00, 1.220000000000e+00, 8.000000000000e-01, 3.555387924969e+00, 2.231578938607e-02
 3.000000000000e+00, 1.220000000000e+00, 8.700000000000e-01, 1.692701809244e+00, 8.377392196860e-03
 3.000000000000e+00, 1.220000000000e+00, 9.400000000000e-01, 9.617565504033e-01, 2.960122923078e-03
 3.000000000000e+00, 1.220000000000e+00, 1.010000000000e+00, 7.041036187544e-01, 9.293812279883e-04
 3.000000000000e+00, 1.220000000000e+00, 1.080000000000e+00, 6.348120260478e-01, 6.222269749498e-04
 3.000000000000e+00, 1.220000000000e+00, 1.150000000000e+00, 6.443656516868e-01, 8.442422701961e-04
 3.000000000000e+00, 1.220000000000e+00, 1.220000000000e+00, 6.807248774193e-01, 9.751784990923e-04
 3.000000000000e+00, 1.220000000000e+00, 1.290000000000e+00, 7.290774745667e-01, 9.861198884958e-04
 3.000000000000e+00, 1.220000000000e+00, 1.360000000000e+00, 7.744908804994e-01, 9.840062685186e-04
 3.000000000000e+00, 1.220000000000e+00, 1.430000000000e+00, 8.147072254572e-01, 9.973709493952e-04
 3.000000000000e+00, 1.290000000000e+00, 8.000000000000e-01, 3.582970590576e+00, 2.314333648265e-02
 3.000000000000e+00, 1.290000000000e+00, 8.700000000000e-01, 1.734956223097e+00, 8.578852075749e-03
 3.000000000000e+00, 1.290000000000e+00, 9.400000000000e-01, 1.022013153864e+00, 2.942854037770e-03
 3.000000000000e+00, 1.290000000000e+00, 1.010000000000e+00, 7.706697327170e-01, 1.017846813071e-03
 3.000000000000e+00, 1.290000000000e+00, 1.080000000000e+00, 7.019497900027e-01, 7.540989164189e-04
 3.000000000000e+00, 1.290000000000e+00, 1.150000000000e+00, 7.088511991027e-01, 9.446101879993e-04
 3.000000000000e+00, 1.290000000000e+00, 1.220000000000e+00, 7.454504850416e-01, 1.078299052858e-03
 3.000000000000e+00, 1.290000000000e+00, 1.290000000000e+00, 7.944734923234e-01, 1.165371028486e-03
 3.000000000000e+00, 1.290000000000e+00, 1.360000000000e+00, 8.398181437066e-01, 1.148478862200e-03
 3.000000000000e+00, 1.290000000000e+00, 1.430000000000e+00, 8.800845910810e-01, 1.097618812705e-03
 3.000000000000e+00, 1.360000000000e+00, 8.000000000000e-01, 3.567067267137e+00, 2.294342938429e-02
 3.000000000000e+00, 1.360000000000e+00, 8.700000000000e-01, 1.782414798750e+00, 8.539788542134e-03
 3.000000000000e+00, 1.360000000000e+00, 9.400000000000e-01, 1.089128984157e+00, 3.076068840161e-03
 3.000000000000e+00, 1.360000000000e+00, 1.010000000000e+00, 8.389725335614e-01, 1.036768620925e-03
 3.000000000000e+00, 1.360000000000e+00, 1.080000000000e+00, 7.697750284066e-01, 8.107894248929e-04
 3.000000000000e+00, 1.360000000000e+00, 1.150000000000e+00, 7.776301866592e-01, 9.737253950679e-04
 3.000000000000e+00, 1.360000000000e+00, 1.220000000000e+00, 8.155868969361e-01, 1.087992254242e-03
 3.000000000000e+00, 1.360000000000e+00, 1.290000000000e+00, 8.630981232218e-01, 1.089074310297e-03
 3.000000000000e+00, 1.360000000000e+00, 1.360000000000e+00, 9.060288783121e-01, 1.143245777282e-03
 3.000000000000e+00, 1.360000000000e+00, 1.430000000000e+00, 9.487990305311e-01, 1.173596307016e-03
 3.000000000000e+00, 1.430000000000e+00, 8.000000000000e-01, 3.549676030504e+00, 2.263110167699e-02
 3.000000000000e+00, 1.430000000000e+00, 8.700000000000e-01, 1.805169911140e+00, 8.180964750741e-03
 3.000000000000e+00, 1.430000000000e+00, 9.400000000000e-01, 1.142773198441e+00, 2.953477765602e-03
 3.000000000000e+00, 1.430000000000e+00, 1.010000000000e+00, 8.986838605002e-01, 1.036041359713e-03
 3.000000000000e+00, 1.430000000000e+00, 1.080000000000e+00, 8.343906873328e-01, 8.319142336907e-04
 3.000000000000e+00, 1.430000000000e+00, 1.150000000000e+00, 8.437328751459e-01, 1.025706182753e-03
 3.000000000000e+00, 1.430000000000e+00, 1.220000000000e+00, 8.797363925319e-01, 1.058726821381e-03
 3.000000000000e+00, 1.430000000000e+00, 1.290000000000e+00, 9.261324769118e-01, 1.104295814191e-03
 3.000000000000e+00, 1.430000000000e+00, 1.360000000000e+00, 9.687969942061e-01, 1.178062432589e-03
 3.000000000000e+00, 1.430000000000e+00, 1.430000000000e+00, 1.010895844627e+00, 1.187077857748e-03
 3.300000000000e+00, 8.000000000000e-01, 8.000000000000e-01, 8.730456770269e+00, 4.893799995026e-02
 3.300000000000e+00, 8.000000000000e-01, 8.700000000000e-01, 6.790378129230e+00, 4.364963725778e-02
 3.300000000000e+00, 8.000000000000e-01, 9.400000000000e-01, 6.218587251165e+00, 4.924885938301e-02
 3.300000000000e+00, 8.000000000000e-01, 1.010000000000e+00, 5.886719294892e+00, 4.624988125368e-02
 3.300000000000e+00, 8.000000000000e-01, 1.080000000000e+00, 5.870096074147e+00, 5.275019016694e-02
 3.300000000000e+00, 8.000000000000e-01, 1.150000000000e+00, 5.923056766834e+00, 4.820657691708e-02
 3.300000000000e+00, 8.000000000000e-01, 1.220000000000e+00, 5.949847859120e+00, 5.211436132966e-02
 3.300000000000e+00, 8.000000000000e-01, 1.290000000000e+00, 5.906579621855e+00, 4.983388476753e-02
 3.300000000000e+00, 8.000000000000e-01, 1.360000000000e+00, 6.082366177133e+00, 5.432406155170e-02
 3.300000000000e+00, 8.000000000000e-01, 1.430000000000e+00, 6.022063688411e+00, 5.181505061934e-02
 3.300000000000e+00, 8.700000000000e-01, 8.000000000000e-01, 5.297790505887e+00, 2.654399643562e-02
 3.300000000000e+00, 8.700000000000e-01, 8.700000000000e-01, 3.465377804000e+00, 1.903751592537e-02
 3.300000000000e+00, 8.700000000000e-01, 9.400000000000e-01, 2.761425218861e+00, 1.788381212433e-02
 3.300000000000e+00, 8.700000000000e-01, 1.010000000000e+00, 2.534493144331e+00, 1.795010825682e-02
 3.300000000000e+00, 8.700000000000e-01, 1.080000000000e+00, 2.462974887745e+00, 1.760850499032e-02
 3.300000000000e+00, 8.700000000000e-01, 1.150000000000e+00, 2.471240026002e+00, 1.770451846486e-02
 3.300000000000e+00, 8.700000000000e-01, 1.220000000000e+00, 2.560429100148e+00, 1.975888320886e-02
 3.300000000000e+00, 8.700000000000e-01, 1.290000000000e+00, 2.604112550487e+00, 2.008734448982e-02
 3.300000000000e+00, 8.700000000000e-01, 1.360000000000e+00, 2.608231320370e+00, 1.872523614884e-02
 3.300000000000e+00, 8.700000000000e-01, 1.430000000000e+00, 2.698601880341e+00, 1.948036402513e-02
 3.300000000000e+00, 9.400000000000e-01, 8.000000000000e-01, 3.949097808782e+00, 2.338220558152e-02
 3.300000000000e+00, 9.400000000000e-01, 8.700000000000e-01, 2.153635694186e+00, 1.027827849490e-02
 3.300000000000e+00, 9.400000000000e-01, 9.400000000000e-01, 1.479025400639e+00, 6.922039157039e-03
 3.300000000000e+00, 9.400000000000e-01, 1.010000000000e+00, 1.234938186959e+00, 7.187334516593e-03
 3.300000000000e+00, 9.400000000000e-01, 1.080000000000e+00, 1.179129339963e+00, 6.850741153671e-03
 3.300000000000e+00, 9.400000000000e-01, 1.150000000000e+00, 1.198002328495e+00, 6.946640525231e-03
 3.300000000000e+00, 9.400000000000e-01, 1.220000000000e+00, 1.229173684690e+00, 7.000907043352e-03
 3.300000000000e+00, 9.400000000000e-01, 1.290000000000e+00, 1.274055910912e+00, 6.976053671015e-03
 3.300000000000e+00, 9.400000000000e-01, 1.360000000000e+00, 1.324968399577e+00, 7.535542394104e-03
 3.300000000000e+00, 9.400000000000e-01, 1.430000000000e+00, 1.357435134948e+00, 7.143871748972e-03
 3.300000000000e+00, 1.010000000000e+00, 8.000000000000e-01, 3.434027752244e+00, 2.175108534896e-02
 3.300000000000e+00, 1.010000000000e+00, 8.700000000000e-01, 1.673143167327e+00, 8.347362980082e-03
 3.300000000000e+00, 1.010000000000e+00, 9.400000000000e-01, 1.017372849562e+00, 3.718949890206e-03
 3.300000000000e+00, 1.010000000000e+00, 1.010000000000e+00, 7.707715079000e-01, 2.390790814391e-03
 3.300000000000e+00, 1.010000000000e+00, 1.080000000000e+00, 7.178356073460e-01, 2.503913855632e-03
 3.300000000000e+00, 1.010000000000e+00, 1.150000000000e+00, 7.239017568433e-01, 2.600584517866e-03
 3.300000000000e+00, 1.010000000000e+00, 1.220000000000e+00, 7.599440831570e-01, 2.595152325361e-03
 3.300000000000e+00, 1.010000000000e+00, 1.290000000000e+00, 8.006792641380e-01, 2.587701320892e-03
 3.300000000000e+00, 1.010000000000e+00, 1.360000000000e+00, 8.467780838375e-01, 2.768379045524e-03
 3.300000000000e+00, 1.010000000000e+00, 1.430000000000e+00, 8.911342046426e-01, 2.781712583636e-03
 3.300000000000e+00, 1.080000000000e+00, 8.000000000000e-01, 3.233039516719e+00, 2.068601550090e-02
 3.300000000000e+00, 1.080000000000e+00, 8.700000000000e-01, 1.537681115983e+00, 7.897282144903e-03
 3.300000000000e+00, 1.080000000000e+00, 9.400000000000e-01, 8.659961431782e-01, 2.729149953041e-03
 3.300000000000e+00, 1.080000000000e+00, 1.010000000000e+00, 6.340888148508e-01, 9.333291992698e-04
 3.300000000000e+00, 1.080000000000e+00, 1.080000000000e+00, 5.750622797613e-01, 6.186332973626e-04
 3.300000000000e+00, 1.080000000000e+00, 1.150000000000e+00, 5.856805249313e-01, 8.137641392932e-04
 3.300000000000e+00, 1.080000000000e+00, 1.220000000000e+00, 6.236018092627e-01, 9.246615740834e-04
 3.300000000000e+00, 1.080000000000e+00, 1.290000000000e+00, 6.665825734227e-01, 9.629968104428e-04
 3.300000000000e+00, 1.080000000000e+00, 1.360000000000e+00, 7.092829937620e-01, 9.761433399840e-04
 3.300000000000e+00, 1.080000000000e+00, 1.430000000000e+00, 7.457024276148e-01, 1.013027769138e-03
 3.300000000000e+00, 1.150000000000e+00, 8.000000000000e-01, 3.194775210486e+00, 2.176421396154e-02
 3.300000000000e+00, 1.150000000000e+00, 8.700000000000e-01, 1.493077857711e+00, 7.802479735293e-03
 3.300000000000e+00, 1.150000000000e+00, 9.400000000000e-01, 8.556613328484e-01, 2.617937078853e-03
 3.300000000000e+00, 1.150000000000e+00, 1.010000000000e+00, 6.297756065517e-01, 7.303014169871e-04
 3.300000000000e+00, 1.150000000000e+00, 1.080000000000e+00, 5.702739061339e-01, 3.719815507080e-04
 3.300000000000e+00, 1.150000000000e+00, 1.150000000000e+00, 5.809927145676e-01, 6.045622219376e-04
 3.300000000000e+00, 1.150000000000e+00, 1.220000000000e+00, 6.171388217519e-01, 7.374180692922e-04
 3.300000000000e+00, 1.150000000000e+00, 1.290000000000e+00, 6.600583117652e-01, 7.384008985613e-04
 3.300000000000e+00, 1.150000000000e+00, 1.360000000000e+00, 7.020895009162e-01, 8.109690942313e-04
 3.300000000000e+00, 1.150000000000e+00, 1.430000000000e+00, 7.402108572932e-01, 8.024040369950e-04
 3.300000000000e+00, 1.220000000000e+00, 8.000000000000e-01, 3.209530838893e+00, 2.068187013482e-02
 3.300000000000e+00, 1.220000000000e+00, 8.700000000000e-01, 1.534667196485e+00, 7.627406586939e-03
 3.300000000000e+00, 1.220000000000e+00, 9.400000000000e-01, 9.011587675940e-01, 2.688720533473e-03
 3.300000000000e+00, 1.220000000000e+00, 1.010000000000e+00, 6.752200552115e-01, 8.295074551620e-04
 3.300000000000e+00, 1.220000000000e+00, 1.080000000000e+00, 6.164587912622e-01, 5.540745377939e-04
 3.300000000000e+00, 1.220000000000e+00, 1.150000000000e+00, 6.276360087051e-01, 7.682776521738e-04
 3.300000000000e+00, 1.220000000000e+00, 1.220000000000e+00, 6.623827417281e-01, 8.442844635148e-04
 3.300000000000e+00, 1.220000000000e+00, 1.290000000000e+00, 7.054266899600e-01, 9.291005538381e-04
 3.300000000000e+00, 1.220000000000e+00, 1.360000000000e+00, 7.468441151582e-01, 9.187476865148e-04
 3.300000000000e+00, 1.220000000000e+00, 1.430000000000e+00, 7.866085113549e-01, 9.175961046450e-04
 3.300000000000e+00, 1.290000000000e+00, 8.000000000000e-01, 3.186700016640e+00, 2.091364991493e-02
 3.300000000000e+00, 1.290000000000e+00, 8.700000000000e-01, 1.581216712179e+00, 7.871968126282e-03
 3.300000000000e+00, 1.290000000000e+00, 9.400000000000e-01, 9.523843489578e-01, 2.646001234752e-03
 3.300000000000e+00, 1.290000000000e+00, 1.010000000000e+00, 7.364363494047e-01, 9.196049096995e-04
 3.300000000000e+00, 1.290000000000e+00, 1.080000000000e+00, 6.787029638127e-01, 6.534964073678e-04
 3.300000000000e+00, 1.290000000000e+00, 1.150000000000e+00, 6.884597180414e-01, 8.446029985509e-04
 3.300000000000e+00, 1.290000000000e+00, 1.220000000000e+00, 7.217371819310e-01, 9.758128438400e-04
 3.300000000000e+00, 1.290000000000e+00, 1.290000000000e+00, 7.627038227181e-01, 1.080980737017e-03
 3.300000000000e+00, 1.290000000000e+00, 1.360000000000e+00, 8.079598061478e-01, 1.041043156674e-03
 3.300000000000e+00, 1.290000000000e+00, 1.430000000000e+00, 8.450467137640e-01, 1.021953367776e-03
 3.300000000000e+00, 1.360000000000e+00, 8.000000000000e-01, 3.171818728502e+00, 2.087522968457e-02
 3.300000000000e+00, 1.360000000000e+00, 8.700000000000e-01, 1.614808723852e+00, 7.528789853079e-03
 3.300000000000e+00, 1.360000000000e+00, 9.400000000000e-01, 1.022156027295e+00, 2.540132995260e-03
 3.300000000000e+00, 1.360000000000e+00, 1.010000000000e+00, 7.964878348003e-01, 9.505514295594e-04
 3.300000000000e+00, 1.360000000000e+00, 1.080000000000e+00, 7.410072685802e-01, 6.895150827699e-04
 3.300000000000e+00, 1.360000000000e+00, 1.150000000000e+00, 7.504733202828e-01, 8.937815386963e-04
 3.300000000000e+00, 1.360000000000e+00, 1.220000000000e+00, 7.842411465347e-01, 9.786900413509e-04
 3.300000000000e+00, 1.360000000000e+00, 1.290000000000e+00, 8.267476464654e-01, 1.070022504122e-03
 3.300000000000e+00, 1.360000000000e+00, 1.360000000000e+00, 8.695336101028e-01, 1.075516387530e-03
 3.300000000000e+00, 1.360000000000e+00, 1.430000000000e+00, 9.075707292399e-01, 1.110715553672e-03
 3.300000000000e+00, 1.430000000000e+00, 8.000000000000e-01, 3.165336668539e+00, 2.018371161783e-02
 3.300000000000e+00, 1.430000000000e+00, 8.700000000000e-01, 1.662589060970e+00, 7.689192851622e-03
 3.300000000000e+00, 1.430000000000e+00, 9.400000000000e-01, 1.072160147554e+00, 2.974912141568e-03
 3.300000000000e+00, 1.430000000000e+00, 1.010000000000e+00, 8.547108733222e-01, 9.626329232616e-04
 3.300000000000e+00, 1.430000000000e+00, 1.080000000000e+00, 7.987562569452e-01, 7.543471802685e-04
 3.300000000000e+00, 1.430000000000e+00, 1.150000000000e+00, 8.082886586140e-01, 8.850972266363e-04
 3.300000000000e+00, 1.430000000000e+00, 1.220000000000e+00, 8.422809354224e-01, 1.012433333581e-03
 3.300000000000e+00, 1.430000000000e+00, 1.290000000000e+00, 8.836867394799e-01, 1.062693349536e-03
 3.300000000000e+00, 1.430000000000e+00, 1.360000000000e+00, 9.270959469215e-01, 1.078360546302e-03
 3.300000000000e+00, 1.430000000000e+00, 1.430000000000e+00, 9.648615003218e-01, 1.108900681438e-03
 3.600000000000e+00, 8.000000000000e-01, 8.000000000000e-01, 7.861271185370e+00, 4.773533451436e-02
 3.600000000000e+00, 8.000000000000e-01, 8.700000000000e-01, 6.192636629068e+00, 4.347738461628e-02
 3.600000000000e+00, 8.000000000000e-01, 9.400000000000e-01, 5.477201824848e+00, 4.161892004417e-02
 3.600000000000e+00, 8.000000000000e-01, 1.010000000000e+00, 5.365500313735e+00, 4.486154557674e-02
 3.600000000000e+00, 8.000000000000e-01, 1.080000000000e+00, 5.163444493018e+00, 4.368907879668e-02
 3.600000000000e+00, 8.000000000000e-01, 1.150000000000e+00, 5.302893035085e+00, 4.680058103217e-02
 3.600000000000e+00, 8.000000000000e-01, 1.220000000000e+00, 5.198165174667e+00, 4.480912352127e-02
 3.600000000000e+00, 8.000000000000e-01, 1.290000000000e+00, 5.304902722335e+00, 4.473389547124e-02
 3.600000000000e+00, 8.000000000000e-01, 1.360000000000e+00, 5.400355873404e+00, 4.931150574584e-02
 3.600000000000e+00, 8.000000000000e-01, 1.430000000000e+00, 5.460687525891e+00, 4.637259647205e-02
 3.600000000000e+00, 8.700000000000e-01, 8.000000000000e-01, 4.726799606094e+00, 2.510669364110e-02
 3.600000000000e+00, 8.700000000000e-01, 8.700000000000e-01, 3.120164296536e+00, 1.734138983002e-02
 3.600000000000e+00, 8.700000000000e-01, 9.400000000000e-01, 2.512939842302e+00, 1.669660919642e-02
 3.600000000000e+00, 8.700000000000e-01, 1.010000000000e+00, 2.282930583311e+00, 1.593801682980e-02
 3.600000000000e+00, 8.700000000000e-01, 1.080000000000e+00, 2.217271573596e+00, 1.663093010331e-02
 3.600000000000e+00, 8.700000000000e-01, 1.150000000000e+00, 2.264682189891e+00, 1.692841702842e-02
 3.600000000000e+00, 8.700000000000e-01, 1.220000000000e+00, 2.302638704484e+00, 1.735916252156e-02
 3.600000000000e+00, 8.700000000000e-01, 1.290000000000e+00, 2.303670801181e+00, 1.717670217203e-02
 3.600000000000e+00, 8.700000000000e-01, 1.360000000000e+00, 2.345253559648e+00, 1.681204974215e-02
 3.600000000000e+00, 8.700000000000e-01, 1.430000000000e+00, 2.387083127119e+00, 1.688565398147e-02
 3.600000000000e+00, 9.400000000000e-01, 8.000000000000e-01, 3.534045228222e+00, 2.058355331416e-02
 3.600000000000e+00, 9.400000000000e-01, 8.700000000000e-01, 1.948853410921e+00, 9.434260341945e-03
 3.600000000000e+00, 9.400000000000e-01, 9.400000000000e-01, 1.357794546510e+00, 6.394249411587e-03
 3.600000000000e+00, 9.400000000000e-01, 1.010000000000e+00, 1.150981210016e+00, 6.280684316002e-03
 3.600000000000e+00, 9.400000000000e-01, 1.080000000000e+00, 1.089326313392e+00, 6.123865918574e-03
 3.600000000000e+00, 9.400000000000e-01, 1.150000000000e+00, 1.111930913470e+00, 6.642618681379e-03
 3.600000000000e+00, 9.400000000000e-01, 1.220000000000e+00, 1.157495784446e+00, 7.474722995024e-03
 3.600000000000e+00, 9.400000000000e-01, 1.290000000000e+00, 1.177361896258e+00, 6.445919262384e-03
 3.600000000000e+00, 9.400000000000e-01, 1.360000000000e+00, 1.224502539374e+00, 5.928445411017e-03
 3.600000000000e+00, 9.400000000000e-01, 1.430000000000e+00, 1.256282070751e+00, 6.489433981500e-03
 3.600000000000e+00, 1.010000000000e+00, 8.000000000000e-01, 3.080494257725e+00, 1.885372211275e-02
 3.600000000000e+00, 1.010000000000e+00, 8.700000000000e-01, 1.523867304188e+00, 7.247429600685e-03
 3.600000000000e+00, 1.010000000000e+00, 9.400000000000e-01, 9.395561118963e-01, 3.298674270679e-03
 3.600000000000e+00, 1.010000000000e+00, 1.010000000000e+00, 7.384972673567e-01, 2.243899054004e-03
 3.600000000000e+00, 1.010000000000e+00, 1.080000000000e+00, 6.878060061493e-01, 2.377860312818e-03
 3.600000000000e+00, 1.010000000000e+00, 1.150000000000e+00, 6.943144029780e-01, 2.283757355604e-03
 3.600000000000e+00, 1.010000000000e+00, 1.220000000000e+00, 7.291707705643e-01, 2.399361910526e-03
 3.600000000000e+00, 1.010000000000e+00, 1.290000000000e+00, 7.693839772971e-01, 2.354635256062e-03
 3.600000000000e+00, 1.010000000000e+00, 1.360000000000e+00, 8.111559852238e-01, 2.396611993734e-03
 3.600000000000e+00, 1.010000000000e+00, 1.430000000000e+00, 8.541207246126e-01, 2.521583911245e-03
 3.600000000000e+00, 1.080000000000e+00, 8.000000000000e-01, 2.952402893162e+00, 1.965413934194e-02
 3.600000000000e+00, 1.080000000000e+00, 8.700000000000e-01, 1.401822383543e+00, 7.217335674007e-03
 3.600000000000e+00, 1.080000000000e+00, 9.400000000000e-01, 8.166361640138e-01, 2.588459141931e-03
 3.600000000000e+00, 1.080000000000e+00, 1.010000000000e+00, 6.126046393252e-01, 8.341653388668e-04
 3.600000000000e+00, 1.080000000000e+00, 1.080000000000e+00, 5.644205291472e-01, 5.770096006827e-04
 3.600000000000e+00, 1.080000000000e+00, 1.150000000000e+00, 5.759208453937e-01, 7.273259516234e-04
 3.600000000000e+00, 1.080000000000e+00, 1.220000000000e+00, 6.107541394792e-01, 8.488431460117e-04
 3.600000000000e+00, 1.080000000000e+00, 1.290000000000e+00, 6.500404652270e-01, 8.943640975120e-04
 3.600000000000e+00, 1.080000000000e+00, 1.360000000000e+00, 6.912815397463e-01, 9.424129931520e-04
 3.600000000000e+00, 1.080000000000e+00, 1.430000000000e+00, 7.283562454042e-01, 8.942496884808e-04
 3.600000000000e+00, 1.150000000000e+00, 8.000000000000e-01, 2.912048832207e+00, 1.931295747051e-02
 3.600000000000e+00, 1.150000000000e+00, 8.700000000000e-01, 1.388274096286e+00, 7.338186597330e-03
 3.600000000000e+00, 1.150000000000e+00, 9.400000000000e-01, 8.152444317104e-01, 2.493623787588e-03
 3.600000000000e+00, 1.150000000000e+00, 1.010000000000e+00, 6.121991623323e-01, 6.420069150361e-04
 3.600000000000e+00, 1.150000000000e+00, 1.080000000000e+00, 5.630196449451e-01, 3.343175690673e-04
 3.600000000000e+00, 1.150000000000e+00, 1.150000000000e+00, 5.733311106868e-01, 5.944692554976e-04
 3.600000000000e+00, 1.150000000000e+00, 1.220000000000e+00, 6.074894535752e-01, 6.674607322249e-04
 3.600000000000e+00, 1.150000000000e+00, 1.290000000000e+00, 6.475132611067e-01, 7.038050790296e-04
 3.600000000000e+00, 1.150000000000e+00, 1.360000000000e+00, 6.896281349127e-01, 7.034816494068e-04
 3.600000000000e+00, 1.150000000000e+00, 1.430000000000e+00, 7.243787994815e-01, 7.079374835103e-04
 3.600000000000e+00, 1.220000000000e+00, 8.000000000000e-01, 2.907119576233e+00, 1.982506284361e-02
 3.600000000000e+00, 1.220000000000e+00, 8.700000000000e-01, 1.425105471740e+00, 7.229443524845e-03
 3.600000000000e+00, 1.220000000000e+00, 9.400000000000e-01, 8.572014493514e-01, 2.596840127610e-03
 3.600000000000e+00, 1.220000000000e+00, 1.010000000000e+00, 6.548705202694e-01, 7.592072353120e-04
 3.600000000000e+00, 1.220000000000e+00, 1.080000000000e+00, 6.063436407617e-01, 5.050554147715e-04
 3.600000000000e+00, 1.220000000000e+00, 1.150000000000e+00, 6.158851945004e-01, 7.204204404956e-04
 3.600000000000e+00, 1.220000000000e+00, 1.220000000000e+00, 6.494460482126e-01, 8.271001149834e-04
 3.600000000000e+00, 1.220000000000e+00, 1.290000000000e+00, 6.893812965626e-01, 8.410828465455e-04
 3.600000000000e+00, 1.220000000000e+00, 1.360000000000e+00, 7.294380261320e-01, 8.425837562103e-04
 3.600000000000e+00, 1.220000000000e+00, 1.430000000000e+00, 7.642319405678e-01, 8.847633833606e-04
 3.600000000000e+00, 1.290000000000e+00, 8.000000000000e-01, 2.888940760740e+00, 1.876076540057e-02
 3.600000000000e+00, 1.290000000000e+00, 8.700000000000e-01, 1.468675302716e+00, 7.251469893349e-03
 3.600000000000e+00, 1.290000000000e+00, 9.400000000000e-01, 9.061245123630e-01, 2.444254192680e-03
 3.600000000000e+00, 1.290000000000e+00, 1.010000000000e+00, 7.127025152335e-01, 8.258870826674e-04
 3.600000000000e+00, 1.290000000000e+00, 1.080000000000e+00, 6.624505765648e-01, 6.108751908220e-04
 3.600000000000e+00, 1.290000000000e+00, 1.150000000000e+00, 6.729315319706e-01, 8.001972091076e-04
 3.600000000000e+00, 1.290000000000e+00, 1.220000000000e+00, 7.047989985542e-01, 9.346515183461e-04
 3.600000000000e+00, 1.290000000000e+00, 1.290000000000e+00, 7.469034683044e-01, 9.223712106633e-04
 3.600000000000e+00, 1.290000000000e+00, 1.360000000000e+00, 7.853080311415e-01, 9.625630424464e-04
 3.600000000000e+00, 1.290000000000e+00, 1.430000000000e+00, 8.245638341007e-01, 9.303333877432e-04
 3.600000000000e+00, 1.360000000000e+00, 8.000000000000e-01, 2.874547703642e+00, 1.892752997672e-02
 3.600000000000e+00, 1.360000000000e+00, 8.700000000000e-01, 1.493267729672e+00, 7.086831958702e-03
 3.600000000000e+00, 1.360000000000e+00, 9.400000000000e-01, 9.632329319971e-01, 2.617066687991e-03
 3.600000000000e+00, 1.360000000000e+00, 1.010000000000e+00, 7.704966963398e-01, 8.754554168392e-04
 3.600000000000e+00, 1.360000000000e+00, 1.080000000000e+00, 7.209356774223e-01, 6.460804943418e-04
 3.600000000000e+00, 1.360000000000e+00, 1.150000000000e+00, 7.286025732606e-01, 8.395325315845e-04
 3.600000000000e+00, 1.360000000000e+00, 1.220000000000e+00, 7.635117932223e-01, 9.273348420763e-04
 3.600000000000e+00, 1.360000000000e+00, 1.290000000000e+00, 8.024938744555e-01, 9.675554359804e-04
 3.600000000000e+00, 1.360000000000e+00, 1.360000000000e+00, 8.407355408852e-01, 1.002256084100e-03
 3.600000000000e+00, 1.360000000000e+00, 1.430000000000e+00, 8.793590926916e-01, 9.909321804064e-04
 3.600000000000e+00, 1.430000000000e+00, 8.000000000000e-01, 2.890211733441e+00, 1.877896196593e-02
 3.600000000000e+00, 1.430000000000e+00, 8.700000000000e-01, 1.529589953542e+00, 7.099524667148e-03
 3.600000000000e+00, 1.430000000000e+00, 9.400000000000e-01, 1.010372996699e+00, 2.666092766666e-03
 3.600000000000e+00, 1.430000000000e+00, 1.010000000000e+00, 8.237909107879e-01, 8.738894754821e-04
 3.600000000000e+00, 1.430000000000e+00, 1.080000000000e+00, 7.739611018911e-01, 6.685131022112e-04
 3.600000000000e+00, 1.430000000000e+00, 1.150000000000e+00, 7.831840681295e-01, 8.490087622296e-04
 3.600000000000e+00, 1.430000000000e+00, 1.220000000000e+00, 8.148823735417e-01, 9.988837374829e-04
 3.600000000000e+00, 1.430000000000e+00, 1.290000000000e+00, 8.549151980649e-01, 9.603695419642e-04
 3.600000000000e+00, 1.430000000000e+00, 1.360000000000e+00, 8.943086187642e-01, 1.001186006045e-03
 3.600000000000e+00, 1.430000000000e+00, 1.430000000000e+00, 9.291035580893e-01, 1.008553877932e-03
 3.900000000000e+00, 8.000000000000e-01, 8.000000000000e-01, 6.928578466721e+00, 4.123404923536e-02
 3.900000000000e+00, 8.000000000000e-01, 8.700000000000e-01, 5.518343370102e+00, 4.062956301081e-02
 3.900000000000e+00, 8.000000000000e-01, 9.400000000000e-01, 4.929305380400e+00, 3.798744573953e-02
 3.900000000000e+00, 8.000000000000e-01, 1.010000000000e+00, 4.792615558847e+00, 4.280161911477e-02
 3.900000000000e+00, 8.000000000000e-01, 1.080000000000e+00, 4.689849205381e+00, 4.131504413733e-02
 3.900000000000e+00, 8.000000000000e-01, 1.150000000000e+00, 4.727338993139e+00, 4.149485148298e-02
 3.900000000000e+00, 8.000000000000e-01, 1.220000000000e+00, 4.744866940813e+00, 4.183664243140e-02
 3.900000000000e+00, 8.000000000000e-01, 1.290000000000e+00, 4.748250496057e+00, 4.102253966474e-02
 3.900000000000e+00, 8.000000000000e-01, 1.360000000000e+00, 4.784134908518e+00, 4.145972157162e-02
 3.900000000000e+00, 8.000000000000e-01, 1.430000000000e+00, 4.837255296654e+00, 4.109867743285e-02
 3.900000000000e+00, 8.700000000000e-01, 8.000000000000e-01, 4.233246331633e+00, 2.255043811007e-02
 3.900000000000e+00, 8.700000000000e-01, 8.700000000000e-01, 2.815911555565e+00, 1.567694549484e-02
 3.900000000000e+00, 8.700000000000e-01, 9.400000000000e-01, 2.306889122342e+00, 1.568984961242e-02
 3.900000000000e+00, 8.700000000000e-01, 1.010000000000e+00, 2.084377752253e+00, 1.524454230406e-02
 3.900000000000e+00, 8.700000000000e-01, 1.080000000000e+00, 2.067903097559e+00, 1.625029794712e-02
 3.900000000000e+00, 8.700000000000e-01, 1.150000000000e+00, 2.048462389971e+00, 1.559715367875e-02
 3.900000000000e+00, 8.700000000000e-01, 1.220000000000e+00, 2.092127052533e+00, 1.522095723964e-02
 3.900000000000e+00, 8.700000000000e-01, 1.290000000000e+00, 2.138840158910e+00, 1.533304851390e-02
 3.900000000000e+00, 8.700000000000e-01, 1.360000000000e+00, 2.161683236492e+00, 1.564436233300e-02
 3.900000000000e+00, 8.700000000000e-01, 1.430000000000e+00, 2.235584984431e+00, 1.658737235507e-02
 3.900000000000e+00, 9.400000000000e-01, 8.000000000000e-01, 3.224938746214e+00, 1.869748483179e-02
 3.900000000000e+00, 9.400000000000e-01, 8.700000000000e-01, 1.788233110858e+00, 8.979898838451e-03
 3.900000000000e+00, 9.400000000000e-01, 9.400000000000e-01, 1.259643841253e+00, 5.951358661017e-03
 3.900000000000e+00, 9.400000000000e-01, 1.010000000000e+00, 1.078235995159e+00, 5.868895971552e-03
 3.900000000000e+00, 9.400000000000e-01, 1.080000000000e+00, 1.037148346058e+00, 5.814083303257e-03
 3.900000000000e+00, 9.400000000000e-01, 1.150000000000e+00, 1.038913977273e+00, 5.693577488415e-03
 3.900000000000e+00, 9.400000000000e-01, 1.220000000000e+00, 1.070636488074e+00, 5.872256897781e-03
 3.900000000000e+00, 9.400000000000e-01, 1.290000000000e+00, 1.123905214664e+00, 6.155506463509e-03
 3.900000000000e+00, 9.400000000000e-01, 1.360000000000e+00, 1.158053376396e+00, 6.145912980436e-03
 3.900000000000e+00, 9.400000000000e-01, 1.430000000000e+00, 1.194711564961e+00, 6.300931633159e-03
 3.900000000000e+00, 1.010000000000e+00, 8.000000000000e-01, 2.838436795624e+00, 1.818275005260e-02
 3.900000000000e+00, 1.010000000000e+00, 8.700000000000e-01, 1.427335691969e+00, 7.020278151692e-03
 3.900000000000e+00, 1.010000000000e+00, 9.400000000000e-01, 8.955921083898e-01, 3.112491963117e-03
 3.900000000000e+00, 1.010000000000e+00, 1.010000000000e+00, 7.086151764514e-01, 2.050937145675e-03
 3.900000000000e+00, 1.010000000000e+00, 1.080000000000e+00, 6.642135912839e-01, 1.992826165765e-03
 3.900000000000e+00, 1.010000000000e+00, 1.150000000000e+00, 6.780379865588e-01, 2.084317797536e-03
 3.900000000000e+00, 1.010000000000e+00, 1.220000000000e+00, 7.097245599351e-01, 2.216484563193e-03
 3.900000000000e+00, 1.010000000000e+00, 1.290000000000e+00, 7.499148717060e-01, 2.301762434833e-03
 3.900000000000e+00, 1.010000000000e+00, 1.360000000000e+00, 7.854835375367e-01, 2.278663046918e-03
 3.900000000000e+00, 1.010000000000e+00, 1.430000000000e+00, 8.181989169552e-01, 2.185649765905e-03
 3.900000000000e+00, 1.080000000000e+00, 8.000000000000e-01, 2.672112486507e+00, 1.836510000054e-02
 3.900000000000e+00, 1.080000000000e+00, 8.700000000000e-01, 1.315533318892e+00, 6.561027278834e-03
 3.900000000000e+00, 1.080000000000e+00, 9.400000000000e-01, 7.858972810909e-01, 2.389250658907e-03
 3.900000000000e+00, 1.080000000000e+00, 1.010000000000e+00, 6.035296159532e-01, 8.129596147421e-04
 3.900000000000e+00, 1.080000000000e+00, 1.080000000000e+00, 5.607180435343e-01, 5.309666179780e-04
 3.900000000000e+00, 1.080000000000e+00, 1.150000000000e+00, 5.711268512323e-01, 6.392553793455e-04
 3.900000000000e+00, 1.080000000000e+00, 1.220000000000e+00, 6.051884266451e-01, 7.779052347405e-04
 3.900000000000e+00, 1.080000000000e+00, 1.290000000000e+00, 6.433514523928e-01, 8.147263494266e-04
 3.900000000000e+00, 1.080000000000e+00, 1.360000000000e+00, 6.817028051538e-01, 8.936961272689e-04
 3.900000000000e+00, 1.080000000000e+00, 1.430000000000e+00, 7.151699825857e-01, 8.334886187840e-04
 3.900000000000e+00, 1.150000000000e+00, 8.000000000000e-01, 2.630014466690e+00, 1.712676463081e-02
 3.900000000000e+00, 1.150000000000e+00, 8.700000000000e-01, 1.295022286614e+00, 6.613794840175e-03
 3.900000000000e+00, 1.150000000000e+00, 9.400000000000e-01, 7.849480109609e-01, 2.310573387353e-03
 3.900000000000e+00, 1.150000000000e+00, 1.010000000000e+00, 6.028429368472e-01, 5.892796371176e-04
 3.900000000000e+00, 1.150000000000e+00, 1.080000000000e+00, 5.598801195263e-01, 3.359734695255e-04
 3.900000000000e+00, 1.150000000000e+00, 1.150000000000e+00, 5.719749289744e-01, 5.528819475403e-04
 3.900000000000e+00, 1.150000000000e+00, 1.220000000000e+00, 6.043354892655e-01, 6.044237720687e-04
 3.900000000000e+00, 1.150000000000e+00, 1.290000000000e+00, 6.414223267527e-01, 6.625267224118e-04
 3.900000000000e+00, 1.150000000000e+00, 1.360000000000e+00, 6.797634778543e-01, 6.539571613801e-04
 3.900000000000e+00, 1.150000000000e+00, 1.430000000000e+00, 7.149803666169e-01, 6.604649080363e-04
 3.900000000000e+00, 1.220000000000e+00, 8.000000000000e-01, 2.640418378203e+00, 1.880960674308e-02
 3.900000000000e+00, 1.220000000000e+00, 8.700000000000e-01, 1.317120140221e+00, 6.422859789353e-03
 3.900000000000e+00, 1.220000000000e+00, 9.400000000000e-01, 8.212655460690e-01, 2.455525452634e-03
 3.900000000000e+00, 1.220000000000e+00, 1.010000000000e+00, 6.448655548058e-01, 7.081161865304e-04
 3.900000000000e+00, 1.220000000000e+00, 1.080000000000e+00, 6.006206392850e-01, 4.772925248080e-04
 3.900000000000e+00, 1.220000000000e+00, 1.150000000000e+00, 6.120589790102e-01, 6.799460907265e-04
 3.900000000000e+00, 1.220000000000e+00, 1.220000000000e+00, 6.433925860785e-01, 7.632357206175e-04
 3.900000000000e+00, 1.220000000000e+00, 1.290000000000e+00, 6.816607513786e-01, 8.015061791198e-04
 3.900000000000e+00, 1.220000000000e+00, 1.360000000000e+00, 7.188850999826e-01, 7.866496709996e-04
 3.900000000000e+00, 1.220000000000e+00, 1.430000000000e+00, 7.528227978123e-01, 7.975344069570e-04
 3.900000000000e+00, 1.290000000000e+00, 8.000000000000e-01, 2.652922677058e+00, 1.823674220317e-02
 3.900000000000e+00, 1.290000000000e+00, 8.700000000000e-01, 1.367103948700e+00, 6.746601803860e-03
 3.900000000000e+00, 1.290000000000e+00, 9.400000000000e-01, 8.711960192885e-01, 2.337799050226e-03
 3.900000000000e+00, 1.290000000000e+00, 1.010000000000e+00, 6.965491314547e-01, 7.815753072598e-04
 3.900000000000e+00, 1.290000000000e+00, 1.080000000000e+00, 6.531631274882e-01, 5.700327671264e-04
 3.900000000000e+00, 1.290000000000e+00, 1.150000000000e+00, 6.634656402865e-01, 7.223574381610e-04
 3.900000000000e+00, 1.290000000000e+00, 1.220000000000e+00, 6.967016377053e-01, 8.447923429792e-04
 3.900000000000e+00, 1.290000000000e+00, 1.290000000000e+00, 7.334676279497e-01, 8.808489253108e-04
 3.900000000000e+00, 1.290000000000e+00, 1.360000000000e+00, 7.706455338601e-01, 8.764401837018e-04
 3.900000000000e+00, 1.290000000000e+00, 1.430000000000e+00, 8.045272566706e-01, 8.619346085301e-04
 3.900000000000e+00, 1.360000000000e+00, 8.000000000000e-01, 2.670496134910e+00, 1.924068871843e-02
 3.900000000000e+00, 1.360000000000e+00, 8.700000000000e-01, 1.399754751768e+00, 6.571084247950e-03
 3.900000000000e+00, 1.360000000000e+00, 9.400000000000e-01, 9.198097220622e-01, 2.315335936311e-03
 3.900000000000e+00, 1.360000000000e+00, 1.010000000000e+00, 7.506912659083e-01, 8.064209171733e-04
 3.900000000000e+00, 1.360000000000e+00, 1.080000000000e+00, 7.077647757185e-01, 6.316534414340e-04
 3.900000000000e+00, 1.360000000000e+00, 1.150000000000e+00, 7.186691578993e-01, 7.512069932097e-04
 3.900000000000e+00, 1.360000000000e+00, 1.220000000000e+00, 7.491742342256e-01, 8.607384853854e-04
 3.900000000000e+00, 1.360000000000e+00, 1.290000000000e+00, 7.854956925861e-01, 9.357328916693e-04
 3.900000000000e+00, 1.360000000000e+00, 1.360000000000e+00, 8.205059517028e-01, 9.551161705395e-04
 3.900000000000e+00, 1.360000000000e+00, 1.430000000000e+00, 8.574986924305e-01, 9.278248971182e-04
 3.900000000000e+00, 1.430000000000e+00, 8.000000000000e-01, 2.669038127002e+00, 1.755695256461e-02
 3.900000000000e+00, 1.430000000000e+00, 8.700000000000e-01, 1.447252053925e+00, 6.541215325743e-03
 3.900000000000e+00, 1.430000000000e+00, 9.400000000000e-01, 9.699110146501e-01, 2.407156967533e-03
 3.900000000000e+00, 1.430000000000e+00, 1.010000000000e+00, 7.989376920665e-01, 8.157339799196e-04
 3.900000000000e+00, 1.430000000000e+00, 1.080000000000e+00, 7.579071937023e-01, 6.274236818251e-04
 3.900000000000e+00, 1.430000000000e+00, 1.150000000000e+00, 7.687573693139e-01, 7.502678603926e-04
 3.900000000000e+00, 1.430000000000e+00, 1.220000000000e+00, 7.972531396561e-01, 8.760323157625e-04
 3.900000000000e+00, 1.430000000000e+00, 1.290000000000e+00, 8.350608690589e-01, 9.076602526660e-04
 3.900000000000e+00, 1.430000000000e+00, 1.360000000000e+00, 8.711905330031e-01, 9.256488111552e-04
 3.900000000000e+00, 1.430000000000e+00, 1.430000000000e+00, 9.045260665520e-01, 9.510047770695e-04
 4.200000000000e+00, 8.000000000000e-01, 8.000000000000e-01, 6.387814210366e+00, 3.881946010524e-02
 4.200000000000e+00, 8.000000000000e-01, 8.700000000000e-01, 5.059043867230e+00, 3.829124293314e-02
 4.200000000000e+00, 8.000000000000e-01, 9.400000000000e-01, 4.475194490117e+00, 3.670463816770e-02
 4.200000000000e+00, 8.000000000000e-01, 1.010000000000e+00, 4.345197264597e+00, 3.842793645158e-02
 4.200000000000e+00, 8.000000000000e-01, 1.080000000000e+00, 4.317913529339e+00, 3.901306161527e-02
 4.200000000000e+00, 8.000000000000e-01, 1.150000000000e+00, 4.283593384314e+00, 3.658881748882e-02
 4.200000000000e+00, 8.000000000000e-01, 1.220000000000e+00, 4.331047850513e+00, 3.683022836723e-02
 4.200000000000e+00, 8.000000000000e-01, 1.290000000000e+00, 4.396684882316e+00, 3.956546219665e-02
 4.200000000000e+00, 8.000000000000e-01, 1.360000000000e+00, 4.379236689763e+00, 3.835044895862e-02
 4.200000000000e+00, 8.000000000000e-01, 1.430000000000e+00, 4.448119223779e+00, 3.808608722499e-02
 4.200000000000e+00, 8.700000000000e-01, 8.000000000000e-01, 3.865616805160e+00, 2.133178932611e-02
 4.200000000000e+00, 8.700000000000e-01, 8.700000000000e-01, 2.587977586607e+00, 1.513687067573e-02
 4.200000000000e+00, 8.700000000000e-01, 9.400000000000e-01, 2.114300097311e+00, 1.397678062940e-02
 4.200000000000e+00, 8.700000000000e-01, 1.010000000000e+00, 1.943438101173e+00, 1.425274711209e-02
 4.200000000000e+00, 8.700000000000e-01, 1.080000000000e+00, 1.898658533372e+00, 1.451866216052e-02
 4.200000000000e+00, 8.700000000000e-01, 1.150000000000e+00, 1.914913366375e+00, 1.431641050828e-02
 4.200000000000e+00, 8.700000000000e-01, 1.220000000000e+00, 1.949530065812e+00, 1.426790139674e-02
 4.200000000000e+00, 8.700000000000e-01, 1.290000000000e+00, 1.974867716716e+00, 1.529465007321e-02
 4.200000000000e+00, 8.700000000000e-01, 1.360000000000e+00, 2.009830261977e+00, 1.430541139724e-02
 4.200000000000e+00, 8.700000000000e-01, 1.430000000000e+00, 2.066978419093e+00, 1.558088535561e-02
 4.200000000000e+00, 9.400000000000e-01, 8.000000000000e-01, 2.924536302905e+00, 1.720395253791e-02
 4.200000000000e+00, 9.400000000000e-01, 8.700000000000e-01, 1.667183545159e+00, 8.308981201011e-03
 4.200000000000e+00, 9.400000000000e-01, 9.400000000000e-01, 1.188081309628e+00, 5.639271947159e-03
 4.200000000000e+00, 9.400000000000e-01, 1.010000000000e+00, 1.038116186151e+00, 5.849988347492e-03
 4.200000000000e+00, 9.400000000000e-01, 1.080000000000e+00, 9.905593030915e-01, 5.895825352986e-03
 4.200000000000e+00, 9.400000000000e-01, 1.150000000000e+00, 9.921265980882e-01, 5.475472121568e-03
 4.200000000000e+00, 9.400000000000e-01, 1.220000000000e+00, 1.023903777860e+00, 5.778141196877e-03
 4.200000000000e+00, 9.400000000000e-01, 1.290000000000e+00, 1.062131717637e+00, 5.941019344214e-03
 4.200000000000e+00, 9.400000000000e-01, 1.360000000000e+00, 1.099822171674e+00, 6.504625783505e-03
 4.200000000000e+00, 9.400000000000e-01, 1.430000000000e+00, 1.126598576724e+00, 5.672990291050e-03
 4.200000000000e+00, 1.010000000000e+00, 8.000000000000e-01, 2.577631647771e+00, 1.715237856552e-02
 4.200000000000e+00, 1.010000000000e+00, 8.700000000000e-01, 1.324611063488e+00, 6.497030831062e-03
 4.200000000000e+00, 1.010000000000e+00, 9.400000000000e-01, 8.580343114264e-01, 2.903377213104e-03
 4.200000000000e+00, 1.010000000000e+00, 1.010000000000e+00, 6.940101154646e-01, 1.997030208521e-03
 4.200000000000e+00, 1.010000000000e+00, 1.080000000000e+00, 6.542412111855e-01, 1.891863425572e-03
 4.200000000000e+00, 1.010000000000e+00, 1.150000000000e+00, 6.663545105402e-01, 1.990578686703e-03
 4.200000000000e+00, 1.010000000000e+00, 1.220000000000e+00, 6.967466173927e-01, 1.992784687260e-03
 4.200000000000e+00, 1.010000000000e+00, 1.290000000000e+00, 7.350103823118e-01, 2.098731971962e-03
 4.200000000000e+00, 1.010000000000e+00, 1.360000000000e+00, 7.696586092526e-01, 2.125730540979e-03
 4.200000000000e+00, 1.010000000000e+00, 1.430000000000e+00, 8.029696446108e-01, 2.289480267241e-03
 4.200000000000e+00, 1.080000000000e+00, 8.000000000000e-01, 2.494334219501e+00, 1.742631494675e-02
 4.200000000000e+00, 1.080000000000e+00, 8.700000000000e-01, 1.230042726768e+00, 6.306231295810e-03
 4.200000000000e+00, 1.080000000000e+00, 9.400000000000e-01, 7.625592641561e-01, 2.181259521782e-03
 4.200000000000e+00, 1.080000000000e+00, 1.010000000000e+00, 5.986465279945e-01, 7.435967345656e-04
 4.200000000000e+00, 1.080000000000e+00, 1.080000000000e+00, 5.602907812265e-01, 4.929390795946e-04
 4.200000000000e+00, 1.080000000000e+00, 1.150000000000e+00, 5.728760196358e-01, 6.848771538755e-04
 4.200000000000e+00, 1.080000000000e+00, 1.220000000000e+00, 6.042512846593e-01, 7.305921845123e-04
 4.200000000000e+00, 1.080000000000e+00, 1.290000000000e+00, 6.399398778459e-01, 7.871863565208e-04
 4.200000000000e+00, 1.080000000000e+00, 1.360000000000e+00, 6.749582146827e-01, 7.873219851913e-04
 4.200000000000e+00, 1.080000000000e+00, 1.430000000000e+00, 7.088050568338e-01, 8.140931510174e-04
 4.200000000000e+00, 1.150000000000e+00, 8.000000000000e-01, 2.445811878619e+00, 1.723070833713e-02
 4.200000000000e+00, 1.150000000000e+00, 8.700000000000e-01, 1.215788127954e+00, 6.343302225122e-03
 4.200000000000e+00, 1.150000000000e+00, 9.400000000000e-01, 7.597504341122e-01, 2.128134456396e-03
 4.200000000000e+00, 1.150000000000e+00, 1.010000000000e+00, 6.010340603846e-01, 5.650925477568e-04
 4.200000000000e+00, 1.150000000000e+00, 1.080000000000e+00, 5.626254560114e-01, 2.996371630272e-04
 4.200000000000e+00, 1.150000000000e+00, 1.150000000000e+00, 5.747389944157e-01, 5.172576628467e-04
 4.200000000000e+00, 1.150000000000e+00, 1.220000000000e+00, 6.052367693459e-01, 5.868728512842e-04
 4.200000000000e+00, 1.150000000000e+00, 1.290000000000e+00, 6.411389124063e-01, 6.057925181183e-04
 4.200000000000e+00, 1.150000000000e+00, 1.360000000000e+00, 6.757511537278e-01, 6.050186503363e-04
 4.200000000000e+00, 1.150000000000e+00, 1.430000000000e+00, 7.097958325075e-01, 6.319251796737e-04
 4.200000000000e+00, 1.220000000000e+00, 8.000000000000e-01, 2.447101711526e+00, 1.719036927753e-02
 4.200000000000e+00, 1.220000000000e+00, 8.700000000000e-01, 1.265895420819e+00, 6.287818763752e-03
 4.200000000000e+00, 1.220000000000e+00, 9.400000000000e-01, 8.014140419375e-01, 2.333687214975e-03
 4.200000000000e+00, 1.220000000000e+00, 1.010000000000e+00, 6.390581778690e-01, 6.471147792208e-04
 4.200000000000e+00, 1.220000000000e+00, 1.080000000000e+00, 6.010353414138e-01, 4.491165058194e-04
 4.200000000000e+00, 1.220000000000e+00, 1.150000000000e+00, 6.117456217912e-01, 6.504115082794e-04
 4.200000000000e+00, 1.220000000000e+00, 1.220000000000e+00, 6.419432646962e-01, 7.638485877297e-04
 4.200000000000e+00, 1.220000000000e+00, 1.290000000000e+00, 6.790427138069e-01, 7.439695970586e-04
 4.200000000000e+00, 1.220000000000e+00, 1.360000000000e+00, 7.131445503951e-01, 7.733685266243e-04
 4.200000000000e+00, 1.220000000000e+00, 1.430000000000e+00, 7.464395044047e-01, 7.198516186046e-04
 4.200000000000e+00, 1.290000000000e+00, 8.000000000000e-01, 2.478953167545e+00, 1.679354850240e-02
 4.200000000000e+00, 1.290000000000e+00, 8.700000000000e-01, 1.287058699626e+00, 6.119001618954e-03
 4.200000000000e+00, 1.290000000000e+00, 9.400000000000e-01, 8.443116408775e-01, 2.165835094077e-03
 4.200000000000e+00, 1.290000000000e+00, 1.010000000000e+00, 6.872339893199e-01, 7.135686571745e-04
 4.200000000000e+00, 1.290000000000e+00, 1.080000000000e+00, 6.501841345422e-01, 5.339067315429e-04
 4.200000000000e+00, 1.290000000000e+00, 1.150000000000e+00, 6.618253179385e-01, 6.694548043605e-04
 4.200000000000e+00, 1.290000000000e+00, 1.220000000000e+00, 6.915780117869e-01, 7.907961890145e-04
 4.200000000000e+00, 1.290000000000e+00, 1.290000000000e+00, 7.271400210546e-01, 8.186322379178e-04
 4.200000000000e+00, 1.290000000000e+00, 1.360000000000e+00, 7.612538566469e-01, 8.525062371138e-04
 4.200000000000e+00, 1.290000000000e+00, 1.430000000000e+00, 7.926497603113e-01, 8.155019029541e-04
 4.200000000000e+00, 1.360000000000e+00, 8.000000000000e-01, 2.489055495842e+00, 1.642788476505e-02
 4.200000000000e+00, 1.360000000000e+00, 8.700000000000e-01, 1.324587552580e+00, 5.995957301261e-03
 4.200000000000e+00, 1.360000000000e+00, 9.400000000000e-01, 8.942131917065e-01, 2.176482032052e-03
 4.200000000000e+00, 1.360000000000e+00, 1.010000000000e+00, 7.371574755496e-01, 7.438568195527e-04
 4.200000000000e+00, 1.360000000000e+00, 1.080000000000e+00, 7.005995493819e-01, 6.052182413310e-04
 4.200000000000e+00, 1.360000000000e+00, 1.150000000000e+00, 7.120324604217e-01, 6.951847413452e-04
 4.200000000000e+00, 1.360000000000e+00, 1.220000000000e+00, 7.413200571432e-01, 7.837977124197e-04
 4.200000000000e+00, 1.360000000000e+00, 1.290000000000e+00, 7.762671180480e-01, 8.284843593189e-04
 4.200000000000e+00, 1.360000000000e+00, 1.360000000000e+00, 8.094248055824e-01, 8.090933397473e-04
 4.200000000000e+00, 1.360000000000e+00, 1.430000000000e+00, 8.428256865620e-01, 8.551301024766e-04
 4.200000000000e+00, 1.430000000000e+00, 8.000000000000e-01, 2.448254366550e+00, 1.579699415919e-02
 4.200000000000e+00, 1.430000000000e+00, 8.700000000000e-01, 1.352744554571e+00, 5.899122584479e-03
 4.200000000000e+00, 1.430000000000e+00, 9.400000000000e-01, 9.369099585763e-01, 2.278562512949e-03
 4.200000000000e+00, 1.430000000000e+00, 1.010000000000e+00, 7.845619987908e-01, 7.606209211616e-04
 4.200000000000e+00, 1.430000000000e+00, 1.080000000000e+00, 7.479635037920e-01, 5.546841026852e-04
 4.200000000000e+00, 1.430000000000e+00, 1.150000000000e+00, 7.562899131561e-01, 7.377931046655e-04
 4.200000000000e+00, 1.430000000000e+00, 1.220000000000e+00, 7.859704421484e-01, 8.383578091128e-04
 4.200000000000e+00, 1.430000000000e+00, 1.290000000000e+00, 8.221170637219e-01, 8.427017537826e-04
 4.200000000000e+00, 1.430000000000e+00, 1.360000000000e+00, 8.540877053774e-01, 8.913875288495e-04
 4.200000000000e+00, 1.430000000000e+00, 1.430000000000e+00, 8.874097015706e-01, 8.609108409910e-04
 4.500000000000e+00, 8.000000000000e-01, 8.000000000000e-01, 5.823420975746e+00, 3.599392329373e-02
 4.500000000000e+00, 8.000000000000e-01, 8.700000000000e-01, 4.671883630680e+00, 3.297127518400e-02
 4.500000000000e+00, 8.000000000000e-01, 9.400000000000e-01, 4.127235777788e+00, 3.375559516240e-02
 4.500000000000e+00, 8.000000000000e-01, 1.010000000000e+00, 3.971130226446e+00, 3.410087155449e-02
 4.500000000000e+00, 8.000000000000e-01, 1.080000000000e+00, 3.975587898031e+00, 3.690774060178e-02
 4.500000000000e+00, 8.000000000000e-01, 1.150000000000e+00, 3.974347751653e+00, 3.577380791018e-02
 4.500000000000e+00, 8.000000000000e-01, 1.220000000000e+00, 4.006083551087e+00, 3.631560857070e-02
 4.500000000000e+00, 8.000000000000e-01, 1.290000000000e+00, 3.995779828990e+00, 3.635278185686e-02
 4.500000000000e+00, 8.000000000000e-01, 1.360000000000e+00, 4.103786561758e+00, 3.874500053198e-02
 4.500000000000e+00, 8.000000000000e-01, 1.430000000000e+00, 4.135836640745e+00, 4.049162848269e-02
 4.500000000000e+00, 8.700000000000e-01, 8.000000000000e-01, 3.605375349012e+00, 1.983955141417e-02
 4.500000000000e+00, 8.700000000000e-01, 8.700000000000e-01, 2.423379033349e+00, 1.398868571395e-02
 4.500000000000e+00, 8.700000000000e-01, 9.400000000000e-01, 1.957513584719e+00, 1.282562495356e-02
 4.500000000000e+00, 8.700000000000e-01, 1.010000000000e+00, 1.817827717265e+00, 1.341399109814e-02
 4.500000000000e+00, 8.700000000000e-01, 1.080000000000e+00, 1.757310403043e+00, 1.374727703348e-02
 4.500000000000e+00, 8.700000000000e-01, 1.150000000000e+00, 1.813712684686e+00, 1.555657076907e-02
 4.500000000000e+00, 8.700000000000e-01, 1.220000000000e+00, 1.793526425106e+00, 1.299485128049e-02
 4.500000000000e+00, 8.700000000000e-01, 1.290000000000e+00, 1.852315862550e+00, 1.385939178354e-02
 4.500000000000e+00, 8.700000000000e-01, 1.360000000000e+00, 1.909490646948e+00, 1.456803443152e-02
 4.500000000000e+00, 8.700000000000e-01, 1.430000000000e+00, 1.903773614029e+00, 1.405479298439e-02
 4.500000000000e+00, 9.400000000000e-01, 8.000000000000e-01, 2.720833191591e+00, 1.670601920952e-02
 4.500000000000e+00, 9.400000000000e-01, 8.700000000000e-01, 1.560713343382e+00, 7.877056377103e-03
 4.500000000000e+00, 9.400000000000e-01, 9.400000000000e-01, 1.141155130200e+00, 5.449067861538e-03
 4.500000000000e+00, 9.400000000000e-01, 1.010000000000e+00, 9.856810876618e-01, 5.146179392808e-03
 4.500000000000e+00, 9.400000000000e-01, 1.080000000000e+00, 9.456193470273e-01, 5.040386863150e-03
 4.500000000000e+00, 9.400000000000e-01, 1.150000000000e+00, 9.654855916882e-01, 5.233868947296e-03
 4.500000000000e+00, 9.400000000000e-01, 1.220000000000e+00, 9.864889852693e-01, 5.199504475952e-03
 4.500000000000e+00, 9.400000000000e-01, 1.290000000000e+00, 1.025096644834e+00, 5.414174475160e-03
 4.500000000000e+00, 9.400000000000e-01, 1.360000000000e+00, 1.054402948649e+00, 5.484727320350e-03
 4.500000000000e+00, 9.400000000000e-01, 1.430000000000e+00, 1.083426464450e+00, 5.465253732611e-03
 4.500000000000e+00, 1.010000000000e+00, 8.000000000000e-01, 2.387853271430e+00, 1.573579811659e-02
 4.500000000000e+00, 1.010000000000e+00, 8.700000000000e-01, 1.258354138249e+00, 6.005698336559e-03
 4.500000000000e+00, 1.010000000000e+00, 9.400000000000e-01, 8.299601129647e-01, 2.621562692768e-03
 4.500000000000e+00, 1.010000000000e+00, 1.010000000000e+00, 6.843936782918e-01, 1.798353808189e-03
 4.500000000000e+00, 1.010000000000e+00, 1.080000000000e+00, 6.528825544838e-01, 1.892862100986e-03
 4.500000000000e+00, 1.010000000000e+00, 1.150000000000e+00, 6.632062314389e-01, 1.921778698916e-03
 4.500000000000e+00, 1.010000000000e+00, 1.220000000000e+00, 6.947502645217e-01, 1.983708899793e-03
 4.500000000000e+00, 1.010000000000e+00, 1.290000000000e+00, 7.265637181777e-01, 2.208935386949e-03
 4.500000000000e+00, 1.010000000000e+00, 1.360000000000e+00, 7.544882546801e-01, 1.829778382120e-03
 4.500000000000e+00, 1.010000000000e+00, 1.430000000000e+00, 7.890122197281e-01, 1.997905223800e-03
 4.500000000000e+00, 1.080000000000e+00, 8.000000000000e-01, 2.318201206026e+00, 1.635192011713e-02
 4.500000000000e+00, 1.080000000000e+00, 8.700000000000e-01, 1.174684435919e+00, 5.927777819324e-03
 4.500000000000e+00, 1.080000000000e+00, 9.400000000000e-01, 7.469828176111e-01, 2.045509786081e-03
 4.500000000000e+00, 1.080000000000e+00, 1.010000000000e+00, 6.005717414714e-01, 6.938136165361e-04
 4.500000000000e+00, 1.080000000000e+00, 1.080000000000e+00, 5.663550374738e-01, 4.602942200363e-04
 4.500000000000e+00, 1.080000000000e+00, 1.150000000000e+00, 5.774077933476e-01, 6.097755633241e-04
 4.500000000000e+00, 1.080000000000e+00, 1.220000000000e+00, 6.066013722790e-01, 7.113219239177e-04
 4.500000000000e+00, 1.080000000000e+00, 1.290000000000e+00, 6.410840655186e-01, 7.174758309740e-04
 4.500000000000e+00, 1.080000000000e+00, 1.360000000000e+00, 6.751063756200e-01, 7.523984118654e-04
 4.500000000000e+00, 1.080000000000e+00, 1.430000000000e+00, 7.060679156941e-01, 7.386175469472e-04
 4.500000000000e+00, 1.150000000000e+00, 8.000000000000e-01, 2.259782353724e+00, 1.592829906713e-02
 4.500000000000e+00, 1.150000000000e+00, 8.700000000000e-01, 1.166839075817e+00, 5.820659703023e-03
 4.500000000000e+00, 1.150000000000e+00, 9.400000000000e-01, 7.472750332999e-01, 2.007091181071e-03
 4.500000000000e+00, 1.150000000000e+00, 1.010000000000e+00, 6.024597208303e-01, 5.417882226920e-04
 4.500000000000e+00, 1.150000000000e+00, 1.080000000000e+00, 5.685520385620e-01, 2.892908141955e-04
 4.500000000000e+00, 1.150000000000e+00, 1.150000000000e+00, 5.805950703525e-01, 5.044711367060e-04
 4.500000000000e+00, 1.150000000000e+00, 1.220000000000e+00, 6.096122735087e-01, 5.639433977213e-04
 4.500000000000e+00, 1.150000000000e+00, 1.290000000000e+00, 6.424239338852e-01, 6.071472953133e-04
 4.500000000000e+00, 1.150000000000e+00, 1.360000000000e+00, 6.781356768524e-01, 5.843723450948e-04
 4.500000000000e+00, 1.150000000000e+00, 1.430000000000e+00, 7.075044408044e-01, 5.853131926357e-04
 4.500000000000e+00, 1.220000000000e+00, 8.000000000000e-01, 2.302323746178e+00, 1.604068753082e-02
 4.500000000000e+00, 1.220000000000e+00, 8.700000000000e-01, 1.203819480523e+00, 6.554534474163e-03
 4.500000000000e+00, 1.220000000000e+00, 9.400000000000e-01, 7.836231359909e-01, 2.023019388139e-03
 4.500000000000e+00, 1.220000000000e+00, 1.010000000000e+00, 6.376621764902e-01, 6.036561524973e-04
 4.500000000000e+00, 1.220000000000e+00, 1.080000000000e+00, 6.054866497556e-01, 4.159298930193e-04
 4.500000000000e+00, 1.220000000000e+00, 1.150000000000e+00, 6.160453076127e-01, 6.160205340949e-04
 4.500000000000e+00, 1.220000000000e+00, 1.220000000000e+00, 6.457201068256e-01, 6.967714433878e-04
 4.500000000000e+00, 1.220000000000e+00, 1.290000000000e+00, 6.778234378328e-01, 7.180645207295e-04
 4.500000000000e+00, 1.220000000000e+00, 1.360000000000e+00, 7.111453121333e-01, 7.199139269185e-04
 4.500000000000e+00, 1.220000000000e+00, 1.430000000000e+00, 7.421026308513e-01, 7.149021581620e-04
 4.500000000000e+00, 1.290000000000e+00, 8.000000000000e-01, 2.310075040101e+00, 1.534223616821e-02
 4.500000000000e+00, 1.290000000000e+00, 8.700000000000e-01, 1.241284384094e+00, 6.089598288647e-03
 4.500000000000e+00, 1.290000000000e+00, 9.400000000000e-01, 8.270636179819e-01, 2.122697862456e-03
 4.500000000000e+00, 1.290000000000e+00, 1.010000000000e+00, 6.836534189897e-01, 6.911526354055e-04
 4.500000000000e+00, 1.290000000000e+00, 1.080000000000e+00, 6.502513563886e-01, 5.070879266019e-04
 4.500000000000e+00, 1.290000000000e+00, 1.150000000000e+00, 6.622831287603e-01, 6.444773038615e-04
 4.500000000000e+00, 1.290000000000e+00, 1.220000000000e+00, 6.906330312380e-01, 7.493718921697e-04
 4.500000000000e+00, 1.290000000000e+00, 1.290000000000e+00, 7.242157767663e-01, 7.777459823350e-04
 4.500000000000e+00, 1.290000000000e+00, 1.360000000000e+00, 7.559507852386e-01, 7.985932521842e-04
 4.500000000000e+00, 1.290000000000e+00, 1.430000000000e+00, 7.868562016084e-01, 7.776274777490e-04
 4.500000000000e+00, 1.360000000000e+00, 8.000000000000e-01, 2.322348247707e+00, 1.592299749503e-02
 4.500000000000e+00, 1.360000000000e+00, 8.700000000000e-01, 1.257656503681e+00, 5.858158972706e-03
 4.500000000000e+00, 1.360000000000e+00, 9.400000000000e-01, 8.682545517977e-01, 2.048618392968e-03
 4.500000000000e+00, 1.360000000000e+00, 1.010000000000e+00, 7.298047934758e-01, 7.035138181968e-04
 4.500000000000e+00, 1.360000000000e+00, 1.080000000000e+00, 6.978168374846e-01, 5.222483487289e-04
 4.500000000000e+00, 1.360000000000e+00, 1.150000000000e+00, 7.100943996292e-01, 6.649837357316e-04
 4.500000000000e+00, 1.360000000000e+00, 1.220000000000e+00, 7.361379082678e-01, 7.319660532034e-04
 4.500000000000e+00, 1.360000000000e+00, 1.290000000000e+00, 7.680817643929e-01, 8.076173319692e-04
 4.500000000000e+00, 1.360000000000e+00, 1.360000000000e+00, 8.009245127380e-01, 8.371098154638e-04
 4.500000000000e+00, 1.360000000000e+00, 1.430000000000e+00, 8.318225273954e-01, 8.231011001423e-04
 4.500000000000e+00, 1.430000000000e+00, 8.000000000000e-01, 2.351858113674e+00, 1.634642310371e-02
 4.500000000000e+00, 1.430000000000e+00, 8.700000000000e-01, 1.298765632646e+00, 5.492384823883e-03
 4.500000000000e+00, 1.430000000000e+00, 9.400000000000e-01, 9.090273422511e-01, 2.064960232753e-03
 4.500000000000e+00, 1.430000000000e+00, 1.010000000000e+00, 7.747794763626e-01, 7.014475761366e-04
 4.500000000000e+00, 1.430000000000e+00, 1.080000000000e+00, 7.409389261832e-01, 5.351513675852e-04
 4.500000000000e+00, 1.430000000000e+00, 1.150000000000e+00, 7.522364840770e-01, 6.981208258869e-04
 4.500000000000e+00, 1.430000000000e+00, 1.220000000000e+00, 7.786655340506e-01, 7.655392930642e-04
 4.500000000000e+00, 1.430000000000e+00, 1.290000000000e+00, 8.131069808005e-01, 7.828510313241e-04
 4.500000000000e+00, 1.430000000000e+00, 1.360000000000e+00, 8.432628217049e-01, 8.467636329419e-04
 4.500000000000e+00, 1.430000000000e+00, 1.430000000000e+00, 8.749684915674e-01, 8.047245170703e-04
 4.800000000000e+00, 8.000000000000e-01, 8.000000000000e-01, 5.349694838572e+00, 3.447563856909e-02
 4.800000000000e+00, 8.000000000000e-01, 8.700000000000e-01, 4.290172479107e+00, 3.198909378177e-02
 4.800000000000e+00, 8.000000000000e-01, 9.400000000000e-01, 3.798845635177e+00, 3.193883939419e-02
 4.800000000000e+00, 8.000000000000e-01, 1.010000000000e+00, 3.691719435104e+00, 3.199283368649e-02
 4.800000000000e+00, 8.000000000000e-01, 1.080000000000e+00, 3.733964536634e+00, 3.600922361941e-02
 4.800000000000e+00, 8.000000000000e-01, 1.150000000000e+00, 3.699023455857e+00, 3.575540990841e-02
 4.800000000000e+00, 8.000000000000e-01, 1.220000000000e+00, 3.646540130015e+00, 3.443452092956e-02
 4.800000000000e+00, 8.000000000000e-01, 1.290000000000e+00, 3.720084087199e+00, 3.439802132391e-02
 4.800000000000e+00, 8.000000000000e-01, 1.360000000000e+00, 3.747718754588e+00, 3.581818690809e-02
 4.800000000000e+00, 8.000000000000e-01, 1.430000000000e+00, 3.828839655218e+00, 3.915728354773e-02
 4.800000000000e+00, 8.700000000000e-01, 8.000000000000e-01, 3.318689547134e+00, 1.975992379825e-02
 4.800000000000e+00, 8.700000000000e-01, 8.700000000000e-01, 2.279019613192e+00, 1.426394645964e-02
 4.800000000000e+00, 8.700000000000e-01, 9.400000000000e-01, 1.851050085354e+00, 1.293152824039e-02
 4.800000000000e+00, 8.700000000000e-01, 1.010000000000e+00, 1.694172537774e+00, 1.284950646160e-02
 4.800000000000e+00, 8.700000000000e-01, 1.080000000000e+00, 1.675255352416e+00, 1.280381532960e-02
 4.800000000000e+00, 8.700000000000e-01, 1.150000000000e+00, 1.687809690940e+00, 1.241122847761e-02
 4.800000000000e+00, 8.700000000000e-01, 1.220000000000e+00, 1.720796340220e+00, 1.284952023152e-02
 4.800000000000e+00, 8.700000000000e-01, 1.290000000000e+00, 1.749950242652e+00, 1.305388149920e-02
 4.800000000000e+00, 8.700000000000e-01, 1.360000000000e+00, 1.781061773173e+00, 1.361516977300e-02
 4.800000000000e+00, 8.700000000000e-01, 1.430000000000e+00, 1.808309878066e+00, 1.371900885938e-02
 4.800000000000e+00, 9.400000000000e-01, 8.000000000000e-01, 2.521518212637e+00, 1.568269654750e-02
 4.800000000000e+00, 9.400000000000e-01, 8.700000000000e-01, 1.477375480456e+00, 7.139598167754e-03
 4.800000000000e+00, 9.400000000000e-01, 9.400000000000e-01, 1.088822535346e+00, 5.007805001666e-03
 4.800000000000e+00, 9.400000000000e-01, 1.010000000000e+00, 9.457444732538e-01, 4.697068229733e-03
 4.800000000000e+00, 9.400000000000e-01, 1.080000000000e+00, 9.176539978946e-01, 4.792681841400e-03
 4.800000000000e+00, 9.400000000000e-01, 1.150000000000e+00, 9.331178762905e-01, 5.024735632315e-03
 4.800000000000e+00, 9.400000000000e-01, 1.220000000000e+00, 9.601845709258e-01, 4.755056110082e-03
 4.800000000000e+00, 9.400000000000e-01, 1.290000000000e+00, 9.977835988162e-01, 5.351930115866e-03
 4.800000000000e+00, 9.400000000000e-01, 1.360000000000e+00, 1.020923791194e+00, 4.924708391278e-03
 4.800000000000e+00, 9.400000000000e-01, 1.430000000000e+00, 1.051703604262e+00, 5.168085983169e-03
 4.800000000000e+00, 1.010000000000e+00, 8.000000000000e-01, 2.254426702598e+00, 1.504276503248e-02
 4.800000000000e+00, 1.010000000000e+00, 8.700000000000e-01, 1.208407448703e+00, 5.619252030235e-03
 4.800000000000e+00, 1.010000000000e+00, 9.400000000000e-01, 8.140934585644e-01, 2.574580315089e-03
 4.800000000000e+00, 1.010000000000e+00, 1.010000000000e+00, 6.784867579780e-01, 1.682794432912e-03
 4.800000000000e+00, 1.010000000000e+00, 1.080000000000e+00, 6.483893869931e-01, 1.696917665950e-03
 4.800000000000e+00, 1.010000000000e+00, 1.150000000000e+00, 6.613753429361e-01, 1.788331476218e-03
 4.800000000000e+00, 1.010000000000e+00, 1.220000000000e+00, 6.907819436270e-01, 1.847137761498e-03
 4.800000000000e+00, 1.010000000000e+00, 1.290000000000e+00, 7.183376898418e-01, 1.843361036372e-03
 4.800000000000e+00, 1.010000000000e+00, 1.360000000000e+00, 7.572354156567e-01, 2.003136486907e-03
 4.800000000000e+00, 1.010000000000e+00, 1.430000000000e+00, 7.863836753174e-01, 1.982865414065e-03
 4.800000000000e+00, 1.080000000000e+00, 8.000000000000e-01, 2.162813744971e+00, 1.452745486188e-02
 4.800000000000e+00, 1.080000000000e+00, 8.700000000000e-01, 1.120852944710e+00, 5.524975215540e-03
 4.800000000000e+00, 1.080000000000e+00, 9.400000000000e-01, 7.307017214353e-01, 1.894442467280e-03
 4.800000000000e+00, 1.080000000000e+00, 1.010000000000e+00, 6.021420668652e-01, 6.594763648477e-04
 4.800000000000e+00, 1.080000000000e+00, 1.080000000000e+00, 5.726257625649e-01, 4.355187174691e-04
 4.800000000000e+00, 1.080000000000e+00, 1.150000000000e+00, 5.857439643573e-01, 5.640805037510e-04
 4.800000000000e+00, 1.080000000000e+00, 1.220000000000e+00, 6.124092795561e-01, 6.650091386181e-04
 4.800000000000e+00, 1.080000000000e+00, 1.290000000000e+00, 6.446507543726e-01, 7.062241848131e-04
 4.800000000000e+00, 1.080000000000e+00, 1.360000000000e+00, 6.768073309550e-01, 7.168083204363e-04
 4.800000000000e+00, 1.080000000000e+00, 1.430000000000e+00, 7.061612319055e-01, 6.957771977593e-04
 4.800000000000e+00, 1.150000000000e+00, 8.000000000000e-01, 2.138697417637e+00, 1.559939322483e-02
 4.800000000000e+00, 1.150000000000e+00, 8.700000000000e-01, 1.132839852998e+00, 5.850160136730e-03
 4.800000000000e+00, 1.150000000000e+00, 9.400000000000e-01, 7.412994558239e-01, 1.941842538427e-03
 4.800000000000e+00, 1.150000000000e+00, 1.010000000000e+00, 6.064720310249e-01, 4.980186168267e-04
 4.800000000000e+00, 1.150000000000e+00, 1.080000000000e+00, 5.763583510426e-01, 2.886884231473e-04
 4.800000000000e+00, 1.150000000000e+00, 1.150000000000e+00, 5.884532288372e-01, 4.658481923354e-04
 4.800000000000e+00, 1.150000000000e+00, 1.220000000000e+00, 6.157378922249e-01, 5.405321441059e-04
 4.800000000000e+00, 1.150000000000e+00, 1.290000000000e+00, 6.485095675391e-01, 5.847807960385e-04
 4.800000000000e+00, 1.150000000000e+00, 1.360000000000e+00, 6.798889812917e-01, 5.627957321110e-04
 4.800000000000e+00, 1.150000000000e+00, 1.430000000000e+00, 7.095020094207e-01, 6.039504058785e-04
 4.800000000000e+00, 1.220000000000e+00, 8.000000000000e-01, 2.152926610914e+00, 1.477984143859e-02
 4.800000000000e+00, 1.220000000000e+00, 8.700000000000e-01, 1.154185711260e+00, 5.441342588977e-03
 4.800000000000e+00, 1.220000000000e+00, 9.400000000000e-01, 7.732135687642e-01, 1.860809727823e-03
 4.800000000000e+00, 1.220000000000e+00, 1.010000000000e+00, 6.404263841277e-01, 5.718873133041e-04
 4.800000000000e+00, 1.220000000000e+00, 1.080000000000e+00, 6.116525135196e-01, 3.938753967304e-04
 4.800000000000e+00, 1.220000000000e+00, 1.150000000000e+00, 6.221330674185e-01, 6.052609009588e-04
 4.800000000000e+00, 1.220000000000e+00, 1.220000000000e+00, 6.501540255047e-01, 6.685211720904e-04
 4.800000000000e+00, 1.220000000000e+00, 1.290000000000e+00, 6.818194156303e-01, 6.637052842726e-04
 4.800000000000e+00, 1.220000000000e+00, 1.360000000000e+00, 7.129747626660e-01, 6.519760051460e-04
 4.800000000000e+00, 1.220000000000e+00, 1.430000000000e+00, 7.421240332206e-01, 6.740866108449e-04
 4.800000000000e+00, 1.290000000000e+00, 8.000000000000e-01, 2.176102303206e+00, 1.506929174751e-02
 4.800000000000e+00, 1.290000000000e+00, 8.700000000000e-01, 1.188535831193e+00, 5.548877762165e-03
 4.800000000000e+00, 1.290000000000e+00, 9.400000000000e-01, 8.177649131826e-01, 1.998959787066e-03
 4.800000000000e+00, 1.290000000000e+00, 1.010000000000e+00, 6.837248122582e-01, 6.261889635554e-04
 4.800000000000e+00, 1.290000000000e+00, 1.080000000000e+00, 6.544259618053e-01, 4.754258787583e-04
 4.800000000000e+00, 1.290000000000e+00, 1.150000000000e+00, 6.655863262099e-01, 6.215342856409e-04
 4.800000000000e+00, 1.290000000000e+00, 1.220000000000e+00, 6.917589387839e-01, 7.270591096628e-04
 4.800000000000e+00, 1.290000000000e+00, 1.290000000000e+00, 7.252904167296e-01, 7.230896641580e-04
 4.800000000000e+00, 1.290000000000e+00, 1.360000000000e+00, 7.556120223300e-01, 7.373111806521e-04
 4.800000000000e+00, 1.290000000000e+00, 1.430000000000e+00, 7.841773250727e-01, 7.369942366068e-04
 4.800000000000e+00, 1.360000000000e+00, 8.000000000000e-01, 2.160963354961e+00, 1.472528633702e-02
 4.800000000000e+00, 1.360000000000e+00, 8.700000000000e-01, 1.220053723862e+00, 5.505076146390e-03
 4.800000000000e+00, 1.360000000000e+00, 9.400000000000e-01, 8.535165690271e-01, 1.959341368892e-03
 4.800000000000e+00, 1.360000000000e+00, 1.010000000000e+00, 7.274846401830e-01, 6.643608257586e-04
 4.800000000000e+00, 1.360000000000e+00, 1.080000000000e+00, 6.976881121726e-01, 5.226572413794e-04
 4.800000000000e+00, 1.360000000000e+00, 1.150000000000e+00, 7.094922115446e-01, 6.345371383334e-04
 4.800000000000e+00, 1.360000000000e+00, 1.220000000000e+00, 7.349785552050e-01, 7.604560198173e-04
 4.800000000000e+00, 1.360000000000e+00, 1.290000000000e+00, 7.649762529603e-01, 8.013110650525e-04
 4.800000000000e+00, 1.360000000000e+00, 1.360000000000e+00, 7.978601657587e-01, 7.631450316973e-04
 4.800000000000e+00, 1.360000000000e+00, 1.430000000000e+00, 8.260506274336e-01, 7.772666748625e-04
 4.800000000000e+00, 1.430000000000e+00, 8.000000000000e-01, 2.206455376656e+00, 1.475094807929e-02
 4.800000000000e+00, 1.430000000000e+00, 8.700000000000e-01, 1.253064998857e+00, 5.345365116944e-03
 4.800000000000e+00, 1.430000000000e+00, 9.400000000000e-01, 8.944277761151e-01, 1.951436475719e-03
 4.800000000000e+00, 1.430000000000e+00, 1.010000000000e+00, 7.674541783677e-01, 6.698719441686e-04
 4.800000000000e+00, 1.430000000000e+00, 1.080000000000e+00, 7.396204809178e-01, 5.178847099121e-04
 4.800000000000e+00, 1.430000000000e+00, 1.150000000000e+00, 7.486557982418e-01, 6.835243112358e-04
 4.800000000000e+00, 1.430000000000e+00, 1.220000000000e+00, 7.769814914809e-01, 7.028314956993e-04
 4.800000000000e+00, 1.430000000000e+00, 1.290000000000e+00, 8.077276012575e-01, 7.409496350923e-04
 4.800000000000e+00, 1.430000000000e+00, 1.360000000000e+00, 8.395919073606e-01, 7.678199616556e-04
 4.800000000000e+00, 1.430000000000e+00, 1.430000000000e+00, 8.666765488018e-01, 7.659498576022e-04
 5.100000000000e+00, 8.000000000000e-01, 8.000000000000e-01, 4.936066364787e+00, 3.317796996565e-02
 5.100000000000e+00, 8.000000000000e-01, 8.700000000000e-01, 4.028861184547e+00, 3.362703381709e-02
 5.100000000000e+00, 8.000000000000e-01, 9.400000000000e-01, 3.509768808769e+00, 2.926518158167e-02
 5.100000000000e+00, 8.000000000000e-01, 1.010000000000e+00, 3.456852134714e+00, 3.000377659143e-02
 5.100000000000e+00, 8.000000000000e-01, 1.080000000000e+00, 3.423155170084e+00, 3.113942869088e-02
 5.100000000000e+00, 8.000000000000e-01, 1.150000000000e+00, 3.428912017817e+00, 3.126004263370e-02
 5.100000000000e+00, 8.000000000000e-01, 1.220000000000e+00, 3.440995384327e+00, 3.380620585147e-02
 5.100000000000e+00, 8.000000000000e-01, 1.290000000000e+00, 3.455833102998e+00, 3.361566243187e-02
 5.100000000000e+00, 8.000000000000e-01, 1.360000000000e+00, 3.446773935648e+00, 3.194768155549e-02
 5.100000000000e+00, 8.000000000000e-01, 1.430000000000e+00, 3.587976957819e+00, 3.337969824376e-02
 5.100000000000e+00, 8.700000000000e-01, 8.000000000000e-01, 3.124097596310e+00, 1.893769445737e-02
 5.100000000000e+00, 8.700000000000e-01, 8.700000000000e-01, 2.137247689924e+00, 1.324191111912e-02
 5.100000000000e+00, 8.700000000000e-01, 9.400000000000e-01, 1.761429628808e+00, 1.176301233183e-02
 5.100000000000e+00, 8.700000000000e-01, 1.010000000000e+00, 1.634943229480e+00, 1.225248228761e-02
 5.100000000000e+00, 8.700000000000e-01, 1.080000000000e+00, 1.580638922899e+00, 1.229120860007e-02
 5.100000000000e+00, 8.700000000000e-01, 1.150000000000e+00, 1.621796352668e+00, 1.231095826938e-02
 5.100000000000e+00, 8.700000000000e-01, 1.220000000000e+00, 1.643785895453e+00, 1.255368570131e-02
 5.100000000000e+00, 8.700000000000e-01, 1.290000000000e+00, 1.663335841812e+00, 1.297551105909e-02
 5.100000000000e+00, 8.700000000000e-01, 1.360000000000e+00, 1.695634016262e+00, 1.278925068103e-02
 5.100000000000e+00, 8.700000000000e-01, 1.430000000000e+00, 1.727894452955e+00, 1.308951028315e-02
 5.100000000000e+00, 9.400000000000e-01, 8.000000000000e-01, 2.384058430149e+00, 1.525691479412e-02
 5.100000000000e+00, 9.400000000000e-01, 8.700000000000e-01, 1.416831505473e+00, 6.993018522813e-03
 5.100000000000e+00, 9.400000000000e-01, 9.400000000000e-01, 1.056598711315e+00, 4.759969787566e-03
 5.100000000000e+00, 9.400000000000e-01, 1.010000000000e+00, 9.257228683305e-01, 4.346449068792e-03
 5.100000000000e+00, 9.400000000000e-01, 1.080000000000e+00, 9.004407194395e-01, 4.922125183053e-03
 5.100000000000e+00, 9.400000000000e-01, 1.150000000000e+00, 9.220424414258e-01, 4.879431764743e-03
 5.100000000000e+00, 9.400000000000e-01, 1.220000000000e+00, 9.360248204815e-01, 5.038420176386e-03
 5.100000000000e+00, 9.400000000000e-01, 1.290000000000e+00, 9.660600237505e-01, 4.853126412060e-03
 5.100000000000e+00, 9.400000000000e-01, 1.360000000000e+00, 9.893396205559e-01, 4.600692691186e-03
 5.100000000000e+00, 9.400000000000e-01, 1.430000000000e+00, 1.037747798293e+00, 5.227588869005e-03
 5.100000000000e+00, 1.010000000000e+00, 8.000000000000e-01, 2.122594066346e+00, 1.472574887076e-02
 5.100000000000e+00, 1.010000000000e+00, 8.700000000000e-01, 1.163509237458e+00, 5.519803121217e-03
 5.100000000000e+00, 1.010000000000e+00, 9.400000000000e-01, 7.998662972843e-01, 2.430622167100e-03
 5.100000000000e+00, 1.010000000000e+00, 1.010000000000e+00, 6.769361106829e-01, 1.690850803428e-03
 5.100000000000e+00, 1.010000000000e+00, 1.080000000000e+00, 6.493145405617e-01, 1.700223924603e-03
 5.100000000000e+00, 1.010000000000e+00, 1.150000000000e+00, 6.659782091474e-01, 1.756802402808e-03
 5.100000000000e+00, 1.010000000000e+00, 1.220000000000e+00, 6.887861026016e-01, 1.679936655388e-03
 5.100000000000e+00, 1.010000000000e+00, 1.290000000000e+00, 7.239914301238e-01, 1.759721068177e-03
 5.100000000000e+00, 1.010000000000e+00, 1.360000000000e+00, 7.532517307126e-01, 1.825013183110e-03
 5.100000000000e+00, 1.010000000000e+00, 1.430000000000e+00, 7.819700989920e-01, 1.874346462069e-03
 5.100000000000e+00, 1.080000000000e+00, 8.000000000000e-01, 2.023590516154e+00, 1.360835253736e-02
 5.100000000000e+00, 1.080000000000e+00, 8.700000000000e-01, 1.080003244716e+00, 5.137668518083e-03
 5.100000000000e+00, 1.080000000000e+00, 9.400000000000e-01, 7.310008368337e-01, 1.818910937778e-03
 5.100000000000e+00, 1.080000000000e+00, 1.010000000000e+00, 6.084893563476e-01, 6.555568175918e-04
 5.100000000000e+00, 1.080000000000e+00, 1.080000000000e+00, 5.823760175524e-01, 4.312510611251e-04
 5.100000000000e+00, 1.080000000000e+00, 1.150000000000e+00, 5.956101000058e-01, 5.751570394293e-04
 5.100000000000e+00, 1.080000000000e+00, 1.220000000000e+00, 6.201713102606e-01, 6.095477513811e-04
 5.100000000000e+00, 1.080000000000e+00, 1.290000000000e+00, 6.511379425020e-01, 6.613215099624e-04
 5.100000000000e+00, 1.080000000000e+00, 1.360000000000e+00, 6.833843122836e-01, 6.785276671658e-04
 5.100000000000e+00, 1.080000000000e+00, 1.430000000000e+00, 7.103957022214e-01, 7.029869812981e-04
 5.100000000000e+00, 1.150000000000e+00, 8.000000000000e-01, 2.015586068665e+00, 1.414200298709e-02
 5.100000000000e+00, 1.150000000000e+00, 8.700000000000e-01, 1.091210463485e+00, 5.264904214861e-03
 5.100000000000e+00, 1.150000000000e+00, 9.400000000000e-01, 7.335662934765e-01, 1.846222102270e-03
 5.100000000000e+00, 1.150000000000e+00, 1.010000000000e+00, 6.139291845933e-01, 4.875913299952e-04
 5.100000000000e+00, 1.150000000000e+00, 1.080000000000e+00, 5.872199391126e-01, 2.806353969500e-04
 5.100000000000e+00, 1.150000000000e+00, 1.150000000000e+00, 5.984984880380e-01, 4.607618644406e-04
 5.100000000000e+00, 1.150000000000e+00, 1.220000000000e+00, 6.252862731264e-01, 5.179828070273e-04
 5.100000000000e+00, 1.150000000000e+00, 1.290000000000e+00, 6.565978972890e-01, 5.272803989180e-04
 5.100000000000e+00, 1.150000000000e+00, 1.360000000000e+00, 6.849285218253e-01, 5.738443850051e-04
 5.100000000000e+00, 1.150000000000e+00, 1.430000000000e+00, 7.146547951706e-01, 5.229256086774e-04
 5.100000000000e+00, 1.220000000000e+00, 8.000000000000e-01, 2.044905125524e+00, 1.425587128421e-02
 5.100000000000e+00, 1.220000000000e+00, 8.700000000000e-01, 1.111505146010e+00, 5.185430240704e-03
 5.100000000000e+00, 1.220000000000e+00, 9.400000000000e-01, 7.677747597309e-01, 1.837812001222e-03
 5.100000000000e+00, 1.220000000000e+00, 1.010000000000e+00, 6.452777619512e-01, 5.563701157525e-04
 5.100000000000e+00, 1.220000000000e+00, 1.080000000000e+00, 6.189048972511e-01, 4.158363221623e-04
 5.100000000000e+00, 1.220000000000e+00, 1.150000000000e+00, 6.304543067061e-01, 5.888300524646e-04
 5.100000000000e+00, 1.220000000000e+00, 1.220000000000e+00, 6.573135771967e-01, 6.175715805265e-04
 5.100000000000e+00, 1.220000000000e+00, 1.290000000000e+00, 6.867983716786e-01, 6.271949037489e-04
 5.100000000000e+00, 1.220000000000e+00, 1.360000000000e+00, 7.166330434496e-01, 6.415748019906e-04
 5.100000000000e+00, 1.220000000000e+00, 1.430000000000e+00, 7.449229832879e-01, 6.634723562816e-04
 5.100000000000e+00, 1.290000000000e+00, 8.000000000000e-01, 2.066769311061e+00, 1.491576486514e-02
 5.100000000000e+00, 1.290000000000e+00, 8.700000000000e-01, 1.165270645644e+00, 5.838119754976e-03
 5.100000000000e+00, 1.290000000000e+00, 9.400000000000e-01, 8.076297503699e-01, 1.947653939869e-03
 5.100000000000e+00, 1.290000000000e+00, 1.010000000000e+00, 6.873739271582e-01, 6.129124242564e-04
 5.100000000000e+00, 1.290000000000e+00, 1.080000000000e+00, 6.608958355005e-01, 4.587908521185e-04
 5.100000000000e+00, 1.290000000000e+00, 1.150000000000e+00, 6.733691504901e-01, 5.607115051371e-04
 5.100000000000e+00, 1.290000000000e+00, 1.220000000000e+00, 6.965946961127e-01, 6.823699173896e-04
 5.100000000000e+00, 1.290000000000e+00, 1.290000000000e+00, 7.260742931458e-01, 7.315606563051e-04
 5.100000000000e+00, 1.290000000000e+00, 1.360000000000e+00, 7.577250371597e-01, 7.043479634979e-04
 5.100000000000e+00, 1.290000000000e+00, 1.430000000000e+00, 7.838842487715e-01, 7.041090690981e-04
 5.100000000000e+00, 1.360000000000e+00, 8.000000000000e-01, 2.044487935811e+00, 1.334676401175e-02
 5.100000000000e+00, 1.360000000000e+00, 8.700000000000e-01, 1.183019823892e+00, 5.068957969718e-03
 5.100000000000e+00, 1.360000000000e+00, 9.400000000000e-01, 8.462834897045e-01, 1.882768996364e-03
 5.100000000000e+00, 1.360000000000e+00, 1.010000000000e+00, 7.277741000944e-01, 6.259465945392e-04
 5.100000000000e+00, 1.360000000000e+00, 1.080000000000e+00, 7.014251061848e-01, 5.174693358916e-04
 5.100000000000e+00, 1.360000000000e+00, 1.150000000000e+00, 7.124923692929e-01, 6.343331267413e-04
 5.100000000000e+00, 1.360000000000e+00, 1.220000000000e+00, 7.377584476089e-01, 7.013269678972e-04
 5.100000000000e+00, 1.360000000000e+00, 1.290000000000e+00, 7.664392452361e-01, 7.513724020691e-04
 5.100000000000e+00, 1.360000000000e+00, 1.360000000000e+00, 7.968460254515e-01, 7.486394398744e-04
 5.100000000000e+00, 1.360000000000e+00, 1.430000000000e+00, 8.238864841632e-01, 7.531424528663e-04
 5.100000000000e+00, 1.430000000000e+00, 8.000000000000e-01, 2.087214193286e+00, 1.379982622227e-02
 5.100000000000e+00, 1.430000000000e+00, 8.700000000000e-01, 1.208459618153e+00, 5.136552573691e-03
 5.100000000000e+00, 1.430000000000e+00, 9.400000000000e-01, 8.812839072849e-01, 1.845310541738e-03
 5.100000000000e+00, 1.430000000000e+00, 1.010000000000e+00, 7.672442806582e-01, 6.385207141904e-04
 5.100000000000e+00, 1.430000000000e+00, 1.080000000000e+00, 7.406514135433e-01, 4.979786057195e-04
 5.100000000000e+00, 1.430000000000e+00, 1.150000000000e+00, 7.519432778626e-01, 6.061596127634e-04
 5.100000000000e+00, 1.430000000000e+00, 1.220000000000e+00, 7.766874098302e-01, 6.967434952574e-04
 5.100000000000e+00, 1.430000000000e+00, 1.290000000000e+00, 8.045342711082e-01, 7.239392000992e-04
 5.100000000000e+00, 1.430000000000e+00, 1.360000000000e+00, 8.329139981096e-01, 7.987146320975e-04
 5.100000000000e+00, 1.430000000000e+00, 1.430000000000e+00, 8.624762390963e-01, 7.395956284649e-04
 5.400000000000e+00, 8.000000000000e-01, 8.000000000000e-01, 4.594054408843e+00, 3.064385297921e-02
 5.400000000000e+00, 8.000000000000e-01, 8.700000000000e-01, 3.675100147106e+00, 2.874330208780e-02
 5.400000000000e+00, 8.000000000000e-01, 9.400000000000e-01, 3.373990810822e+00, 2.966948240238e-02
 5.400000000000e+00, 8.000000000000e-01, 1.010000000000e+00, 3.226579605695e+00, 3.124703527810e-02
 5.400000000000e+00, 8.000000000000e-01, 1.080000000000e+00, 3.170963750595e+00, 3.019009805519e-02
 5.400000000000e+00, 8.000000000000e-01, 1.150000000000e+00, 3.195689813876e+00, 2.950169914635e-02
 5.400000000000e+00, 8.000000000000e-01, 1.220000000000e+00, 3.197894681004e+00, 2.771614074472e-02
 5.400000000000e+00, 8.000000000000e-01, 1.290000000000e+00, 3.202062485086e+00, 2.862943717748e-02
 5.400000000000e+00, 8.000000000000e-01, 1.360000000000e+00, 3.230756888698e+00, 2.945228928918e-02
 5.400000000000e+00, 8.000000000000e-01, 1.430000000000e+00, 3.322741845910e+00, 3.339809834704e-02
 5.400000000000e+00, 8.700000000000e-01, 8.000000000000e-01, 2.921203652735e+00, 1.768949121421e-02
 5.400000000000e+00, 8.700000000000e-01, 8.700000000000e-01, 2.028545467138e+00, 1.273792543367e-02
 5.400000000000e+00, 8.700000000000e-01, 9.400000000000e-01, 1.668465300447e+00, 1.145738293241e-02
 5.400000000000e+00, 8.700000000000e-01, 1.010000000000e+00, 1.542998698885e+00, 1.095083143110e-02
 5.400000000000e+00, 8.700000000000e-01, 1.080000000000e+00, 1.531584053036e+00, 1.311904597318e-02
 5.400000000000e+00, 8.700000000000e-01, 1.150000000000e+00, 1.528695190443e+00, 1.101060246493e-02
 5.400000000000e+00, 8.700000000000e-01, 1.220000000000e+00, 1.562086454681e+00, 1.181214738802e-02
 5.400000000000e+00, 8.700000000000e-01, 1.290000000000e+00, 1.599022676306e+00, 1.292031762717e-02
 5.400000000000e+00, 8.700000000000e-01, 1.360000000000e+00, 1.629839628245e+00, 1.221787162026e-02
 5.400000000000e+00, 8.700000000000e-01, 1.430000000000e+00, 1.639131381263e+00, 1.206757642336e-02
 5.400000000000e+00, 9.400000000000e-01, 8.000000000000e-01, 2.255855167002e+00, 1.419735809035e-02
 5.400000000000e+00, 9.400000000000e-01, 8.700000000000e-01, 1.365913962887e+00, 6.790521336304e-03
 5.400000000000e+00, 9.400000000000e-01, 9.400000000000e-01, 1.021628540725e+00, 4.553050883798e-03
 5.400000000000e+00, 9.400000000000e-01, 1.010000000000e+00, 9.116435739161e-01, 4.368477626715e-03
 5.400000000000e+00, 9.400000000000e-01, 1.080000000000e+00, 8.791470849904e-01, 4.306499466742e-03
 5.400000000000e+00, 9.400000000000e-01, 1.150000000000e+00, 9.035623652557e-01, 4.555644470188e-03
 5.400000000000e+00, 9.400000000000e-01, 1.220000000000e+00, 9.224220321687e-01, 4.506719763979e-03
 5.400000000000e+00, 9.400000000000e-01, 1.290000000000e+00, 9.521996065064e-01, 4.825561550271e-03
 5.400000000000e+00, 9.400000000000e-01, 1.360000000000e+00, 9.887367924212e-01, 4.642026831468e-03
 5.400000000000e+00, 9.400000000000e-01, 1.430000000000e+00, 1.003824182795e+00, 4.658525593586e-03
 5.400000000000e+00, 1.010000000000e+00, 8.000000000000e-01, 2.016124817508e+00, 1.353162810367e-02
 5.400000000000e+00, 1.010000000000e+00, 8.700000000000e-01, 1.127468094833e+00, 5.430819358504e-03
 5.400000000000e+00, 1.010000000000e+00, 9.400000000000e-01, 7.970219640325e-01, 2.416704496549e-03
 5.400000000000e+00, 1.010000000000e+00, 1.010000000000e+00, 6.801964201574e-01, 1.515309445066e-03
 5.400000000000e+00, 1.010000000000e+00, 1.080000000000e+00, 6.554192805317e-01, 1.592845573960e-03
 5.400000000000e+00, 1.010000000000e+00, 1.150000000000e+00, 6.692919427821e-01, 1.613215345208e-03
 5.400000000000e+00, 1.010000000000e+00, 1.220000000000e+00, 6.935596949807e-01, 1.687456216571e-03
 5.400000000000e+00, 1.010000000000e+00, 1.290000000000e+00, 7.257593018538e-01, 1.700476770606e-03
 5.400000000000e+00, 1.010000000000e+00, 1.360000000000e+00, 7.521649811567e-01, 1.629828899477e-03
 5.400000000000e+00, 1.010000000000e+00, 1.430000000000e+00, 7.797171994872e-01, 1.660278905417e-03
 5.400000000000e+00, 1.080000000000e+00, 8.000000000000e-01, 1.951620251827e+00, 1.374175165378e-02
 5.400000000000e+00, 1.080000000000e+00, 8.700000000000e-01, 1.053208030185e+00, 4.877776205874e-03
 5.400000000000e+00, 1.080000000000e+00, 9.400000000000e-01, 7.317857509102e-01, 1.788507694818e-03
 5.400000000000e+00, 1.080000000000e+00, 1.010000000000e+00, 6.174905952810e-01, 5.988367084348e-04
 5.400000000000e+00, 1.080000000000e+00, 1.080000000000e+00, 5.942927249894e-01, 4.268664180159e-04
 5.400000000000e+00, 1.080000000000e+00, 1.150000000000e+00, 6.056711808475e-01, 5.418772879575e-04
 5.400000000000e+00, 1.080000000000e+00, 1.220000000000e+00, 6.310649843938e-01, 6.157325505118e-04
 5.400000000000e+00, 1.080000000000e+00, 1.290000000000e+00, 6.607941675386e-01, 6.581960951628e-04
 5.400000000000e+00, 1.080000000000e+00, 1.360000000000e+00, 6.899296785741e-01, 6.588161715375e-04
 5.400000000000e+00, 1.080000000000e+00, 1.430000000000e+00, 7.163332038057e-01, 6.410759110660e-04
 5.400000000000e+00, 1.150000000000e+00, 8.000000000000e-01, 1.911802915679e+00, 1.347961391121e-02
 5.400000000000e+00, 1.150000000000e+00, 8.700000000000e-01, 1.057920170366e+00, 4.962880000220e-03
 5.400000000000e+00, 1.150000000000e+00, 9.400000000000e-01, 7.359600264224e-01, 1.780601800595e-03
 5.400000000000e+00, 1.150000000000e+00, 1.010000000000e+00, 6.225920475557e-01, 4.649971478363e-04
 5.400000000000e+00, 1.150000000000e+00, 1.080000000000e+00, 5.991091976560e-01, 2.928840992702e-04
 5.400000000000e+00, 1.150000000000e+00, 1.150000000000e+00, 6.107634409008e-01, 4.386218357940e-04
 5.400000000000e+00, 1.150000000000e+00, 1.220000000000e+00, 6.363538642546e-01, 4.894689771220e-04
 5.400000000000e+00, 1.150000000000e+00, 1.290000000000e+00, 6.652663287789e-01, 5.200713308643e-04
 5.400000000000e+00, 1.150000000000e+00, 1.360000000000e+00, 6.936507625148e-01, 5.731108544913e-04
 5.400000000000e+00, 1.150000000000e+00, 1.430000000000e+00, 7.212517207937e-01, 5.023342547815e-04
 5.400000000000e+00, 1.220000000000e+00, 8.000000000000e-01, 1.937823071589e+00, 1.330521379070e-02
 5.400000000000e+00, 1.220000000000e+00, 8.700000000000e-01, 1.085077016275e+00, 5.083119418847e-03
 5.400000000000e+00, 1.220000000000e+00, 9.400000000000e-01, 7.646805999622e-01, 1.731404317081e-03
 5.400000000000e+00, 1.220000000000e+00, 1.010000000000e+00, 6.538706136471e-01, 5.252044018068e-04
 5.400000000000e+00, 1.220000000000e+00, 1.080000000000e+00, 6.304239762268e-01, 3.846315532642e-04
 5.400000000000e+00, 1.220000000000e+00, 1.150000000000e+00, 6.420400708430e-01, 5.251116561627e-04
 5.400000000000e+00, 1.220000000000e+00, 1.220000000000e+00, 6.658839126887e-01, 6.157842155445e-04
 5.400000000000e+00, 1.220000000000e+00, 1.290000000000e+00, 6.941138863470e-01, 6.417015787076e-04
 5.400000000000e+00, 1.220000000000e+00, 1.360000000000e+00, 7.235943526161e-01, 6.240628822000e-04
 5.400000000000e+00, 1.220000000000e+00, 1.430000000000e+00, 7.491312623225e-01, 6.498032479833e-04
 5.400000000000e+00, 1.290000000000e+00, 8.000000000000e-01, 1.958002438047e+00, 1.339805792387e-02
 5.400000000000e+00, 1.290000000000e+00, 8.700000000000e-01, 1.120314420546e+00, 4.973704025457e-03
 5.400000000000e+00, 1.290000000000e+00, 9.400000000000e-01, 8.003489421210e-01, 1.700303415063e-03
 5.400000000000e+00, 1.290000000000e+00, 1.010000000000e+00, 6.924277383820e-01, 5.736170421778e-04
 5.400000000000e+00, 1.290000000000e+00, 1.080000000000e+00, 6.678490910644e-01, 4.468079103585e-04
 5.400000000000e+00, 1.290000000000e+00, 1.150000000000e+00, 6.792636647870e-01, 5.777002167562e-04
 5.400000000000e+00, 1.290000000000e+00, 1.220000000000e+00, 7.037872625848e-01, 6.725345327470e-04
 5.400000000000e+00, 1.290000000000e+00, 1.290000000000e+00, 7.330208034093e-01, 6.607757904423e-04
 5.400000000000e+00, 1.290000000000e+00, 1.360000000000e+00, 7.599061617056e-01, 7.288997259578e-04
 5.400000000000e+00, 1.290000000000e+00, 1.430000000000e+00, 7.869797479199e-01, 7.253785731861e-04
 5.400000000000e+00, 1.360000000000e+00, 8.000000000000e-01, 1.959578102419e+00, 1.288646170888e-02
 5.400000000000e+00, 1.360000000000e+00, 8.700000000000e-01, 1.152457659452e+00, 5.103047813679e-03
 5.400000000000e+00, 1.360000000000e+00, 9.400000000000e-01, 8.390443201968e-01, 1.716523221474e-03
 5.400000000000e+00, 1.360000000000e+00, 1.010000000000e+00, 7.309199574132e-01, 5.935728671673e-04
 5.400000000000e+00, 1.360000000000e+00, 1.080000000000e+00, 7.086471974119e-01, 4.479511878857e-04
 5.400000000000e+00, 1.360000000000e+00, 1.150000000000e+00, 7.185751201784e-01, 6.166338227542e-04
 5.400000000000e+00, 1.360000000000e+00, 1.220000000000e+00, 7.422274325044e-01, 7.275325937370e-04
 5.400000000000e+00, 1.360000000000e+00, 1.290000000000e+00, 7.694098710635e-01, 6.960251520096e-04
 5.400000000000e+00, 1.360000000000e+00, 1.360000000000e+00, 7.979528657395e-01, 7.053947407297e-04
 5.400000000000e+00, 1.360000000000e+00, 1.430000000000e+00, 8.247677859361e-01, 7.537345389934e-04
 5.400000000000e+00, 1.430000000000e+00, 8.000000000000e-01, 1.951182514648e+00, 1.282468252331e-02
 5.400000000000e+00, 1.430000000000e+00, 8.700000000000e-01, 1.181797333406e+00, 5.103358314010e-03
 5.400000000000e+00, 1.430000000000e+00, 9.400000000000e-01, 8.698949565288e-01, 1.640296644035e-03
 5.400000000000e+00, 1.430000000000e+00, 1.010000000000e+00, 7.684399201737e-01, 5.967693444356e-04
 5.400000000000e+00, 1.430000000000e+00, 1.080000000000e+00, 7.442854620920e-01, 4.810219594646e-04
 5.400000000000e+00, 1.430000000000e+00, 1.150000000000e+00, 7.547423664219e-01, 5.979978290472e-04
 5.400000000000e+00, 1.430000000000e+00, 1.220000000000e+00, 7.796274685503e-01, 6.457480515109e-04
 5.400000000000e+00, 1.430000000000e+00, 1.290000000000e+00, 8.067043675445e-01, 6.794115158619e-04
 5.400000000000e+00, 1.430000000000e+00, 1.360000000000e+00, 8.343221879546e-01, 7.254416441302e-04
 5.400000000000e+00, 1.430000000000e+00, 1.430000000000e+00, 8.593488445455e-01, 7.246805103815e-04
 5.700000000000e+00, 8.000000000000e-01, 8.000000000000e-01, 4.329337669226e+00, 3.007314797255e-02
 5.700000000000e+00, 8.000000000000e-01, 8.700000000000e-01, 3.465306576069e+00, 2.779010316126e-02
 5.700000000000e+00, 8.000000000000e-01, 9.400000000000e-01, 3.218564055114e+00, 3.123008188696e-02
 5.700000000000e+00, 8.000000000000e-01, 1.010000000000e+00, 3.052485387168e+00, 2.890212823010e-02
 5.700000000000e+00, 8.000000000000e-01, 1.080000000000e+00, 3.011189603660e+00, 2.680181845355e-02
 5.700000000000e+00, 8.000000000000e-01, 1.150000000000e+00, 3.031690042352e+00, 2.809699327955e-02
 5.700000000000e+00, 8.000000000000e-01, 1.220000000000e+00, 3.016406582439e+00, 2.712242599302e-02
 5.700000000000e+00, 8.000000000000e-01, 1.290000000000e+00, 3.030955475227e+00, 2.902171119376e-02
 5.700000000000e+00, 8.000000000000e-01, 1.360000000000e+00, 3.101832832955e+00, 2.861064812030e-02
 5.700000000000e+00, 8.000000000000e-01, 1.430000000000e+00, 3.116132961379e+00, 2.777402460929e-02
 5.700000000000e+00, 8.700000000000e-01, 8.000000000000e-01, 2.752431364225e+00, 1.687389843695e-02
 5.700000000000e+00, 8.700000000000e-01, 8.700000000000e-01, 1.907274371196e+00, 1.237001387110e-02
 5.700000000000e+00, 8.700000000000e-01, 9.400000000000e-01, 1.595054149379e+00, 1.093441941020e-02
 5.700000000000e+00, 8.700000000000e-01, 1.010000000000e+00, 1.493410377097e+00, 1.082925953836e-02
 5.700000000000e+00, 8.700000000000e-01, 1.080000000000e+00, 1.459645820082e+00, 1.101476583331e-02
 5.700000000000e+00, 8.700000000000e-01, 1.150000000000e+00, 1.456747939488e+00, 1.071956481046e-02
 5.700000000000e+00, 8.700000000000e-01, 1.220000000000e+00, 1.501126859964e+00, 1.078332007530e-02
 5.700000000000e+00, 8.700000000000e-01, 1.290000000000e+00, 1.517680866154e+00, 1.059664300500e-02
 5.700000000000e+00, 8.700000000000e-01, 1.360000000000e+00, 1.535572590202e+00, 1.073545369794e-02
 5.700000000000e+00, 8.700000000000e-01, 1.430000000000e+00, 1.579539803101e+00, 1.080833286408e-02
 5.700000000000e+00, 9.400000000000e-01, 8.000000000000e-01, 2.145673735186e+00, 1.321904496919e-02
 5.700000000000e+00, 9.400000000000e-01, 8.700000000000e-01, 1.312082195728e+00, 6.192986184097e-03
 5.700000000000e+00, 9.400000000000e-01, 9.400000000000e-01, 1.012875822228e+00, 4.463623279082e-03
 5.700000000000e+00, 9.400000000000e-01, 1.010000000000e+00, 8.998537033866e-01, 4.387452688972e-03
 5.700000000000e+00, 9.400000000000e-01, 1.080000000000e+00, 8.768069951842e-01, 4.154581054468e-03
 5.700000000000e+00, 9.400000000000e-01, 1.150000000000e+00, 8.967311421238e-01, 4.637061416254e-03
 5.700000000000e+00, 9.400000000000e-01, 1.220000000000e+00, 9.142020474589e-01, 4.886509747338e-03
 5.700000000000e+00, 9.400000000000e-01, 1.290000000000e+00, 9.374311039509e-01, 4.621075885120e-03
 5.700000000000e+00, 9.400000000000e-01, 1.360000000000e+00, 9.728243982295e-01, 4.388504450777e-03
 5.700000000000e+00, 9.400000000000e-01, 1.430000000000e+00, 9.919321169234e-01, 4.318770922105e-03
 5.700000000000e+00, 1.010000000000e+00, 8.000000000000e-01, 1.916863875074e+00, 1.300263246301e-02
 5.700000000000e+00, 1.010000000000e+00, 8.700000000000e-01, 1.096641126718e+00, 4.899992629770e-03
 5.700000000000e+00, 1.010000000000e+00, 9.400000000000e-01, 7.886421967397e-01, 2.193611949200e-03
 5.700000000000e+00, 1.010000000000e+00, 1.010000000000e+00, 6.866783538156e-01, 1.489017735296e-03
 5.700000000000e+00, 1.010000000000e+00, 1.080000000000e+00, 6.619448748559e-01, 1.464369022740e-03
 5.700000000000e+00, 1.010000000000e+00, 1.150000000000e+00, 6.760093428843e-01, 1.573529244549e-03
 5.700000000000e+00, 1.010000000000e+00, 1.220000000000e+00, 6.996892602403e-01, 1.575314205858e-03
 5.700000000000e+00, 1.010000000000e+00, 1.290000000000e+00, 7.280720429738e-01, 1.641465302686e-03
 5.700000000000e+00, 1.010000000000e+00, 1.360000000000e+00, 7.569590626825e-01, 1.649948561530e-03
 5.700000000000e+00, 1.010000000000e+00, 1.430000000000e+00, 7.813366212440e-01, 1.594462249205e-03
 5.700000000000e+00, 1.080000000000e+00, 8.000000000000e-01, 1.834566101368e+00, 1.230264222715e-02
 5.700000000000e+00, 1.080000000000e+00, 8.700000000000e-01, 1.040467351582e+00, 4.835472054084e-03
 5.700000000000e+00, 1.080000000000e+00, 9.400000000000e-01, 7.335279225990e-01, 1.860958689296e-03
 5.700000000000e+00, 1.080000000000e+00, 1.010000000000e+00, 6.292704690318e-01, 5.860300481392e-04
 5.700000000000e+00, 1.080000000000e+00, 1.080000000000e+00, 6.064250362957e-01, 4.240991979571e-04
 5.700000000000e+00, 1.080000000000e+00, 1.150000000000e+00, 6.189304237623e-01, 5.104416712299e-04
 5.700000000000e+00, 1.080000000000e+00, 1.220000000000e+00, 6.426104073238e-01, 5.868934403083e-04
 5.700000000000e+00, 1.080000000000e+00, 1.290000000000e+00, 6.714433282215e-01, 5.994480891098e-04
 5.700000000000e+00, 1.080000000000e+00, 1.360000000000e+00, 6.981853130866e-01, 6.247881873832e-04
 5.700000000000e+00, 1.080000000000e+00, 1.430000000000e+00, 7.246897439750e-01, 6.314035141742e-04
 5.700000000000e+00, 1.150000000000e+00, 8.000000000000e-01, 1.827948145898e+00, 1.241004707966e-02
 5.700000000000e+00, 1.150000000000e+00, 8.700000000000e-01, 1.038155877102e+00, 4.705364320662e-03
 5.700000000000e+00, 1.150000000000e+00, 9.400000000000e-01, 7.361724166670e-01, 1.636376333910e-03
 5.700000000000e+00, 1.150000000000e+00, 1.010000000000e+00, 6.338833136281e-01, 4.573210934734e-04
 5.700000000000e+00, 1.150000000000e+00, 1.080000000000e+00, 6.117530245987e-01, 3.074608302405e-04
 5.700000000000e+00, 1.150000000000e+00, 1.150000000000e+00, 6.238265149514e-01, 4.331102226055e-04
 5.700000000000e+00, 1.150000000000e+00, 1.220000000000e+00, 6.480243684702e-01, 4.900921406471e-04
 5.700000000000e+00, 1.150000000000e+00, 1.290000000000e+00, 6.762498885648e-01, 5.244494160119e-04
 5.700000000000e+00, 1.150000000000e+00, 1.360000000000e+00, 7.030288846770e-01, 5.120318055449e-04
 5.700000000000e+00, 1.150000000000e+00, 1.430000000000e+00, 7.297197596994e-01, 4.876919706763e-04
 5.700000000000e+00, 1.220000000000e+00, 8.000000000000e-01, 1.856521281546e+00, 1.358057871442e-02
 5.700000000000e+00, 1.220000000000e+00, 8.700000000000e-01, 1.068413847064e+00, 4.955059818886e-03
 5.700000000000e+00, 1.220000000000e+00, 9.400000000000e-01, 7.637365238889e-01, 1.634512844786e-03
 5.700000000000e+00, 1.220000000000e+00, 1.010000000000e+00, 6.634562498867e-01, 5.229291852767e-04
 5.700000000000e+00, 1.220000000000e+00, 1.080000000000e+00, 6.411694954806e-01, 3.915174659064e-04
 5.700000000000e+00, 1.220000000000e+00, 1.150000000000e+00, 6.529541309039e-01, 5.469755880074e-04
 5.700000000000e+00, 1.220000000000e+00, 1.220000000000e+00, 6.757290279495e-01, 6.225825294637e-04
 5.700000000000e+00, 1.220000000000e+00, 1.290000000000e+00, 7.042095275366e-01, 6.166907660966e-04
 5.700000000000e+00, 1.220000000000e+00, 1.360000000000e+00, 7.311286609933e-01, 6.011810664757e-04
 5.700000000000e+00, 1.220000000000e+00, 1.430000000000e+00, 7.570993324256e-01, 5.931928962942e-04
 5.700000000000e+00, 1.290000000000e+00, 8.000000000000e-01, 1.884232570358e+00, 1.298066000468e-02
 5.700000000000e+00, 1.290000000000e+00, 8.700000000000e-01, 1.087428973916e+00, 4.646766360181e-03
 5.700000000000e+00, 1.290000000000e+00, 9.400000000000e-01, 8.040993240736e-01, 1.709026301269e-03
 5.700000000000e+00, 1.290000000000e+00, 1.010000000000e+00, 6.984455189889e-01, 5.676918687685e-04
 5.700000000000e+00, 1.290000000000e+00, 1.080000000000e+00, 6.780372112309e-01, 4.461802863545e-04
 5.700000000000e+00, 1.290000000000e+00, 1.150000000000e+00, 6.887142231389e-01, 5.953248191185e-04
 5.700000000000e+00, 1.290000000000e+00, 1.220000000000e+00, 7.124890186057e-01, 6.532578530925e-04
 5.700000000000e+00, 1.290000000000e+00, 1.290000000000e+00, 7.389011272361e-01, 6.630711841396e-04
 5.700000000000e+00, 1.290000000000e+00, 1.360000000000e+00, 7.662502691614e-01, 6.619121317448e-04
 5.700000000000e+00, 1.290000000000e+00, 1.430000000000e+00, 7.930699330051e-01, 6.443798895919e-04
 5.700000000000e+00, 1.360000000000e+00, 8.000000000000e-01, 1.894374114809e+00, 1.222157648646e-02
 5.700000000000e+00, 1.360000000000e+00, 8.700000000000e-01, 1.129326896145e+00, 5.692951878073e-03
 5.700000000000e+00, 1.360000000000e+00, 9.400000000000e-01, 8.346652229681e-01, 1.653874501764e-03
 5.700000000000e+00, 1.360000000000e+00, 1.010000000000e+00, 7.364270516354e-01, 5.652743119275e-04
 5.700000000000e+00, 1.360000000000e+00, 1.080000000000e+00, 7.151156199048e-01, 4.780801798172e-04
 5.700000000000e+00, 1.360000000000e+00, 1.150000000000e+00, 7.259640938899e-01, 5.625903017855e-04
 5.700000000000e+00, 1.360000000000e+00, 1.220000000000e+00, 7.496156739821e-01, 6.280447743295e-04
 5.700000000000e+00, 1.360000000000e+00, 1.290000000000e+00, 7.751743010098e-01, 6.895159950533e-04
 5.700000000000e+00, 1.360000000000e+00, 1.360000000000e+00, 8.036973708681e-01, 6.562602233168e-04
 5.700000000000e+00, 1.360000000000e+00, 1.430000000000e+00, 8.271227649468e-01, 6.962957864624e-04
 5.700000000000e+00, 1.430000000000e+00, 8.000000000000e-01, 1.907235507556e+00, 1.196768851948e-02
 5.700000000000e+00, 1.430000000000e+00, 8.700000000000e-01, 1.147952252664e+00, 4.606793774597e-03
 5.700000000000e+00, 1.430000000000e+00, 9.400000000000e-01, 8.689844628267e-01, 1.655328059687e-03
 5.700000000000e+00, 1.430000000000e+00, 1.010000000000e+00, 7.713281702248e-01, 5.714898992704e-04
 5.700000000000e+00, 1.430000000000e+00, 1.080000000000e+00, 7.504856581669e-01, 4.551053405256e-04
 5.700000000000e+00, 1.430000000000e+00, 1.150000000000e+00, 7.607842958110e-01, 5.804771485056e-04
 5.700000000000e+00, 1.430000000000e+00, 1.220000000000e+00, 7.838332205098e-01, 6.229763194961e-04
 5.700000000000e+00, 1.430000000000e+00, 1.290000000000e+00, 8.101610492104e-01, 6.500716164697e-04
 5.700000000000e+00, 1.430000000000e+00, 1.360000000000e+00, 8.358922354050e-01, 6.906188750833e-04
 5.700000000000e+00, 1.430000000000e+00, 1.430000000000e+00, 8.622224915160e-01, 6.888493624531e-04
