#                p[0],                 p[1],                 p[2],               energy,             variance,                error,             gradE[0],          gradVarE[0],             gradE[1],          gradVarE[1],             gradE[2],          gradVarE[2],         elapsed time,        accept. ratio,             MC steps
  2.0000000000000e+00,  1.1000000000000e+00,  1.1000000000000e+00, -1.0530755859536e-01,  2.4092991133470e+00,  2.1951305716731e-03, -1.3551697848524e-01, -1.7413534557091e+00, -2.1985552939565e+00, -2.3096359454426e+01, -2.6412442647110e+00, -2.2817068257726e+01,  8.2958165800000e-01,  9.0401400000000e-01,               500000
  2.0499999963340e+00,  1.1499999997738e+00,  1.1499999998115e+00, -1.5461433876191e-01,  5.6282743985265e-01,  1.0609688401199e-03,  4.0051060453071e-02, -5.7715080699621e-01,  9.2573351849701e-01, -5.7730149440345e+00,  1.0217010414975e+00, -5.3197853191390e+00,  6.9464431800000e-01,  9.0085400000000e-01,               500000
  2.0717440677353e+00,  1.1665711614052e+00,  1.1679240671290e+00, -1.0894304142471e-01,  1.1302188964678e+00,  1.5034752385509e-03,  3.9373549690975e-02, -6.3785538763646e-01,  1.5159148066837e+00, -1.0060369558241e+01,  1.8077926475584e+00, -1.1226316584690e+01,  6.9525480600000e-01,  9.0408800000000e-01,               500000
  2.0794758093760e+00,  1.1603491430727e+00,  1.1625035685466e+00, -1.2256099362762e-01,  1.2288807686220e+00,  1.5677249558657e-03,  5.2756760043534e-02, -6.8209944712473e-01,  1.4705216103012e+00, -2.2246017873197e+01,  1.5815592876383e+00, -1.1380894645603e+01,  7.4357574000000e-01,  9.1106800000000e-01,               500000
  2.0756907806589e+00,  1.1424966519536e+00,  1.1461483438331e+00, -1.6669684029879e-01,  3.9635754358988e-01,  8.9034548753827e-04,  5.0796607818876e-02, -4.0433494056115e-01,  6.2963050784329e-01, -3.2697672557999e+00,  8.6238163894493e-01, -3.7267986089539e+00,  7.3706851000000e-01,  9.0397200000000e-01,               500000
  2.0642385251750e+00,  1.1224106612777e+00,  1.1265197110517e+00, -1.6953740704095e-01,  4.7660823540084e-01,  9.7632805490864e-04, -7.3625893100873e-03, -5.4469313742915e-01, -5.6018338830514e-01, -4.2536157461938e+00, -3.0522907190649e-01, -3.7130753529841e+00,  6.9657870600000e-01,  9.0350200000000e-01,               500000
  2.0555927040643e+00,  1.1098166625043e+00,  1.1117562045916e+00, -1.3547018257467e-01,  1.2258584040954e+00,  1.5657959024697e-03, -6.2054727960270e-02, -1.1482365500144e+00, -1.3702533044018e+00, -9.6997295773043e+00, -1.5911075385339e+00, -1.2245436964168e+01,  8.1560021300000e-01,  9.0872400000000e-01,               500000
  2.0575654170647e+00,  1.1094395551705e+00,  1.1096352590650e+00, -1.3572702424807e-01,  1.4885319438558e+00,  1.7254170184948e-03, -8.5233027092274e-02, -1.7692184245872e+00, -1.5149109949019e+00, -1.3178854271956e+01, -1.7083623146899e+00, -1.9927431451388e+01,  8.0122187700000e-01,  9.0170800000000e-01,               500000
  2.0700425784657e+00,  1.1188708776544e+00,  1.1174189009533e+00, -1.5846748245141e-01,  6.6566993584536e-01,  1.1538370212862e-03, -2.4314871819354e-02, -6.2725008320793e-01, -7.6451538457656e-01, -5.0192547330843e+00, -9.2084643847144e-01, -5.7052638683118e+00,  7.9039066000000e-01,  9.0601200000000e-01,               500000
  2.0840871846856e+00,  1.1318332234335e+00,  1.1291247684104e+00, -1.7300037230663e-01,  3.7878508632918e-01,  8.7038507148179e-04,  1.5313249448960e-02, -3.5476998001845e-01,  1.5854890748854e-02, -2.6289952369240e+00, -1.7220078369944e-01, -3.3473918670049e+00,  7.6112227300000e-01,  9.0420400000000e-01,               500000
  2.0947284256195e+00,  1.1433124594021e+00,  1.1404856222744e+00, -1.6766066470033e-01,  3.4919459912745e-01,  8.3569683393854e-04,  4.3077208475266e-02, -2.7140949346079e-01,  6.2750277286288e-01, -2.9946187199382e+00,  5.8357801982242e-01, -2.8592126235714e+00,  7.7271407900000e-01,  9.0414800000000e-01,               500000
  2.0989225065513e+00,  1.1496925362925e+00,  1.1475388913275e+00, -1.4693245232622e-01,  4.5759140537615e-01,  9.5665187542403e-04,  5.1304914269650e-02, -4.1044182666561e-01,  8.7567804020337e-01, -3.8000220998795e+00,  9.3719019480262e-01, -4.0124058839590e+00,  8.0089733100000e-01,  9.0164400000000e-01,               500000
  2.0966722795507e+00,  1.1501469823031e+00,  1.1489622712388e+00, -1.4634886110101e-01,  4.5122455244834e-01,  9.4997321272585e-04,  5.1588613433616e-02, -3.9288063783715e-01,  8.5064451040789e-01, -3.2477162138632e+00,  9.6165519948856e-01, -4.1277859203695e+00,  7.9871966000000e-01,  9.0692000000000e-01,               500000
  2.0889265310203e+00,  1.1456412983792e+00,  1.1453943740435e+00, -1.5493602545029e-01,  4.2091376399658e-01,  9.1751159556332e-04,  3.3352382557162e-02, -3.8804891702998e-01,  6.7790013457966e-01, -3.7424234354465e+00,  8.0596724036870e-01, -4.7647444852070e+00,  8.0181257700000e-01,  9.0512400000000e-01,               500000
  2.0783141201524e+00,  1.1377520412695e+00,  1.1382153796679e+00, -1.6771763735173e-01,  3.3701301721247e-01,  8.2099088571368e-04,  4.2779777391887e-02, -2.8668251594930e-01,  3.3276149821320e-01, -2.4709046250077e+00,  4.0541217696651e-01, -3.1399216452792e+00,  1.1790238040000e+00,  9.0391800000000e-01,               500000
  2.0642004732347e+00,  1.1287312570283e+00,  1.1297264890019e+00, -1.8315757734590e-01,  3.2864211825583e-01,  8.1073068062807e-04,  1.5552649949618e-02, -3.5628898000231e-01, -5.3761732650296e-02, -2.2784282090637e+00, -3.6711919250103e-02, -2.4658750082153e+00,  1.2329721390000e+00,  9.0458600000000e-01,               500000
  2.0497419310501e+00,  1.1208741562182e+00,  1.1222242279087e+00, -1.7955528935584e-01,  5.5072186591004e-01,  1.0494968946215e-03, -1.5418987056312e-02, -5.8704625200785e-01, -5.7769754787430e-01, -4.6928076445865e+00, -5.9773486804024e-01, -4.7362807435938e+00,  1.1915437680000e+00,  9.0171400000000e-01,               500000
  2.0384026684917e+00,  1.1171599517617e+00,  1.1184843145157e+00, -1.6054105188176e-01,  7.4539423068942e-01,  1.2209784852236e-03, -3.5486893998833e-02, -7.1463617342521e-01, -9.4282499893649e-01, -6.0628151998434e+00, -9.8154359146243e-01, -6.7746645227130e+00,  1.2324121650000e+00,  9.0396600000000e-01,               500000
  2.0322044385803e+00,  1.1192458019340e+00,  1.1200509749018e+00, -1.6190315226300e-01,  6.5988374301076e-01,  1.1488113361303e-03, -2.9988802081183e-02, -5.9350887114212e-01, -7.7359020901931e-01, -5.3955864830936e+00, -8.9149842246108e-01, -6.0824121931157e+00,  1.2484929900000e+00,  8.9926600000000e-01,               500000
  2.0299765317093e+00,  1.1255015198027e+00,  1.1258730824565e+00, -1.6932922851763e-01,  4.3998660041687e-01,  9.3806886785233e-04, -1.8381542515967e-02, -4.6294501670282e-01, -4.0629754955543e-01, -3.1849354292822e+00, -4.1950709068128e-01, -3.6091175235150e+00,  1.2730286470000e+00,  9.0584000000000e-01,               500000
  2.0300335694604e+00,  1.1334871957021e+00,  1.1332461408894e+00, -1.6930881243581e-01,  3.4657053114486e-01,  8.3255093675386e-04, -2.3456630649363e-03, -3.9410211320401e-01,  5.4791138348880e-02, -2.4107356745291e+00,  1.4908662815644e-02, -2.9570658496894e+00,  1.3782903670000e+00,  9.0352400000000e-01,               500000
  2.0303721959222e+00,  1.1404443685223e+00,  1.1398870360974e+00, -1.7244505757446e-01,  3.9019064375041e-01,  8.8339192179962e-04,  2.2852948694767e-02, -4.2957982461725e-01,  5.2761345165288e-01, -3.4773179054575e+00,  4.9916616962335e-01, -3.3245801377758e+00,  1.3187034580000e+00,  9.0641400000000e-01,               500000
  2.0281098183200e+00,  1.1436955735398e+00,  1.1433838125123e+00, -1.6689780451539e-01,  4.1305971147969e-01,  9.0891111939473e-04,  2.5230360236704e-02, -3.8981530110043e-01,  6.4199171912344e-01, -3.4912728100235e+00,  6.9557603299197e-01, -3.7451967580125e+00,  1.3685450940000e+00,  9.0479800000000e-01,               500000
  2.0232050734837e+00,  1.1429222332506e+00,  1.1430172633489e+00, -1.6703391770739e-01,  4.1031681147535e-01,  9.0588830600174e-04,  2.5139267312838e-02, -3.6020251678145e-01,  5.6131303024918e-01, -3.1333512050864e+00,  6.5783521202181e-01, -3.8596478577435e+00,  1.4205320780000e+00,  9.0250000000000e-01,               500000
  2.0158989765291e+00,  1.1389713734882e+00,  1.1393438126670e+00, -1.6782371572977e-01,  3.8947847282260e-01,  8.8258537583918e-04,  1.0966830370686e-03, -3.7357101462487e-01,  2.7449663410572e-01, -2.8628256042002e+00,  4.9582311066660e-01, -4.0397653514015e+00,  1.4015502090000e+00,  9.0414600000000e-01,               500000
  2.0091382259415e+00,  1.1337762978667e+00,  1.1334774418172e+00, -1.7359225841761e-01,  3.5570186505804e-01,  8.4344752659314e-04, -1.7221244409786e-02, -3.8055857799490e-01,  6.5078884135619e-02, -2.4699379551660e+00,  5.9641578729715e-02, -3.3522996048305e+00,  1.4446501610000e+00,  9.0975600000000e-01,               500000
  2.0050386917659e+00,  1.1286647368480e+00,  1.1278322330363e+00, -1.7096743715377e-01,  4.5234239977530e-01,  9.5114919941647e-04, -4.0081772678732e-02, -5.7102571754477e-01, -2.6517882717661e-01, -3.4360198700532e+00, -3.9775916842349e-01, -4.6550200209624e+00,  1.4380149780000e+00,  9.0189400000000e-01,               500000
  2.0060804724688e+00,  1.1256179474400e+00,  1.1248026288796e+00, -1.7209636205527e-01,  4.5494783707324e-01,  9.5388451824447e-04, -2.2771352133398e-02, -4.7445435252124e-01, -3.8619408737304e-01, -3.1040560986506e+00, -5.2108482307167e-01, -4.2642559585641e+00,  1.4365345440000e+00,  9.0494200000000e-01,               500000
  2.0097361686020e+00,  1.1252000275548e+00,  1.1248205021468e+00, -1.7327203304299e-01,  4.7579961459220e-01,  9.7549947677300e-04, -2.8307206801193e-02, -5.1412691036063e-01, -3.9904935076181e-01, -3.3039038838814e+00, -5.2789688725180e-01, -4.6398429045152e+00,  1.4285571440000e+00,  8.9969800000000e-01,               500000
  2.0164251353194e+00,  1.1272679007045e+00,  1.1276584109721e+00, -1.6398981112506e-01,  4.4859220090303e-01,  9.4719818507325e-04, -3.7284188063856e-02, -5.3880104643294e-01, -3.6225740217934e-01, -4.1843903732967e+00, -3.8895581347977e-01, -4.4108126082786e+00,  1.4017036160000e+00,  9.0539200000000e-01,               500000
  2.0268906191960e+00,  1.1313916711026e+00,  1.1323385735710e+00, -1.7151767788054e-01,  3.8752078171982e-01,  8.8036444921387e-04, -1.1859272902143e-02, -4.5886852547107e-01, -8.6387094126505e-02, -3.1439189275500e+00,  1.6572661830808e-02, -4.1293022845368e+00,  1.4868640260000e+00,  9.0366200000000e-01,               500000
  2.0378603976734e+00,  1.1356967368399e+00,  1.1365236253447e+00, -1.6606390084389e-01,  3.1253130670353e-01,  7.9060901424602e-04,  2.4951672882164e-02, -2.5607251609764e-01,  2.1861670994709e-01, -1.9548373337639e+00,  3.2005461513013e-01, -2.8368006668890e+00,  1.3314891430000e+00,  9.0912400000000e-01,               500000
  2.0448091087299e+00,  1.1382416227426e+00,  1.1385783232227e+00, -1.7204470592657e-01,  3.6941781877584e-01,  8.5955548834947e-04,  2.4736305090533e-02, -3.8336951045922e-01,  3.4378254660166e-01, -2.6497771204775e+00,  3.8152529814762e-01, -3.5596474067006e+00,  1.4608743250000e+00,  9.0217800000000e-01,               500000
  2.0481276363963e+00,  1.1383732433069e+00,  1.1383384293943e+00, -1.6875282048932e-01,  3.5498447986170e-01,  8.4259655810085e-04,  2.5259623368777e-02, -3.8690326444024e-01,  3.5540006225262e-01, -2.4730537494243e+00,  4.1478365676702e-01, -3.4594854418432e+00,  1.4145922760000e+00,  9.0583400000000e-01,               500000
  2.0480718446310e+00,  1.1362174857207e+00,  1.1358083559193e+00, -1.6739196658724e-01,  3.4568550914574e-01,  8.3148723278922e-04,  3.0700801349986e-03, -2.7100974943025e-01,  1.7283653556893e-01, -2.9132159273263e+00,  2.5257550244845e-01, -2.9615876219299e+00,  1.3515836230000e+00,  9.0277000000000e-01,               500000
  2.0476582443276e+00,  1.1331420251042e+00,  1.1320858082241e+00, -1.6422804006724e-01,  3.4353446403597e-01,  8.2889621067535e-04,  2.8745300104911e-03, -3.7305508570780e-01,  2.0675643215963e-02, -2.6465037605729e+00, -3.3091985948663e-02, -3.0108125199481e+00,  1.3983098630000e+00,  9.0142200000000e-01,               500000
  2.0469453959942e+00,  1.1302141396900e+00,  1.1288939950224e+00, -1.7298627031456e-01,  3.5223406069193e-01,  8.3932599231995e-04,  6.0188531351953e-03, -3.9341863260338e-01, -4.1020404219882e-02, -2.3580860123077e+00, -1.9150781251199e-01, -3.1895308504606e+00,  1.3585394880000e+00,  9.0618400000000e-01,               500000
  2.0455599295270e+00,  1.1278289221676e+00,  1.1271074269794e+00, -1.7617219314392e-01,  4.2146395391612e-01,  9.1811105419346e-04, -3.9649147036851e-03, -4.7829314119529e-01, -1.9868603023817e-01, -3.3501000001033e+00, -2.8233902944944e-01, -3.5472080829622e+00,  1.3377194460000e+00,  9.0364000000000e-01,               500000
  2.0448366986313e+00,  1.1270060521100e+00,  1.1271445178151e+00, -1.6897843434529e-01,  4.3680120511407e-01,  9.3466700499597e-04, -2.3244643103556e-02, -5.6157487785958e-01, -2.8203566690168e-01, -3.4815138774632e+00, -4.1737001097439e-01, -4.2770004627641e+00,  1.4488838270000e+00,  9.0627000000000e-01,               500000
  2.0472119740916e+00,  1.1281839183151e+00,  1.1296515883685e+00, -1.7757648387037e-01,  3.5966297094038e-01,  8.4813085186235e-04,  3.9490608516112e-03, -3.7898843467527e-01, -1.5262611408559e-01, -2.4342668279752e+00, -1.2447599379740e-01, -3.1564065714388e+00,  1.3932338270000e+00,  9.0593200000000e-01,               500000
  2.0488839056396e+00,  1.1303104921346e+00,  1.1326842289331e+00, -1.6892900355087e-01,  3.5228947115022e-01,  8.3939200752713e-04, -3.0081265694617e-03, -4.0499223448122e-01, -9.2448725906501e-02, -2.7687948286719e+00, -8.1206297738931e-03, -3.1362223046058e+00,  1.4834011160000e+00,  9.0739800000000e-01,               500000
  2.0508281594559e+00,  1.1328959552192e+00,  1.1355024616605e+00, -1.7430319343126e-01,  3.3770543775733e-01,  8.2183384909278e-04,  2.3769949555075e-02, -3.9427250196571e-01,  7.9966830087512e-02, -2.5223102981425e+00,  2.7949472017089e-01, -3.3845464210035e+00,  1.4732485070000e+00,  9.1033800000000e-01,               500000
  2.0494647814855e+00,  1.1346965314737e+00,  1.1363727315970e+00, -1.7747024175450e-01,  3.3614562760535e-01,  8.1993368952051e-04,  2.6372216311704e-02, -3.1512508591764e-01,  1.8464050312254e-01, -2.5299695172003e+00,  3.4412118902996e-01, -2.6514425656505e+00,  1.3820268090000e+00,  9.0171400000000e-01,               500000
  2.0447392687875e+00,  1.1350351940827e+00,  1.1350584166958e+00, -1.7758403793518e-01,  3.1995740395570e-01,  7.9994675317262e-04,  3.7681599811686e-02, -3.2616383747293e-01,  2.7203666199141e-01, -2.2090714128432e+00,  2.7478415766159e-01, -2.7389057066181e+00,  1.4238226730000e+00,  9.0100000000000e-01,               500000
  2.0354959515647e+00,  1.1334074657008e+00,  1.1321701520826e+00, -1.7666204870692e-01,  3.4533627042152e-01,  8.3106710971079e-04,  5.8864978567799e-03, -3.9497878900804e-01,  8.9268610319276e-02, -2.5845450832968e+00,  4.4408283506073e-02, -3.0729185503537e+00,  1.4498939090000e+00,  9.0649800000000e-01,               500000
  2.0263262389090e+00,  1.1312923605209e+00,  1.1292748730746e+00, -1.7794552927512e-01,  3.4355373455009e-01,  8.2891945875349e-04,  2.6989800168825e-03, -4.2596454690918e-01, -1.5409364639937e-02, -2.5139028554383e+00, -1.3169937732689e-01, -3.0186115794142e+00,  1.3646686170000e+00,  9.0755600000000e-01,               500000
  2.0176501882487e+00,  1.1294904872496e+00,  1.1274853757919e+00, -1.6513168378936e-01,  4.5135393497302e-01,  9.5010939893574e-04, -3.3547907049284e-02, -5.7210038109790e-01, -2.3284847541675e-01, -3.3104595731576e+00, -4.2229592760305e-01, -4.6247050156039e+00,  1.4183294600000e+00,  9.0361000000000e-01,               500000
  2.0144354056011e+00,  1.1295796600154e+00,  1.1285681933532e+00, -1.7450542021675e-01,  4.1051826227999e-01,  9.0611065801037e-04, -1.1434848929879e-02, -4.4512682792949e-01, -1.1330138809237e-01, -2.8006490865303e+00, -3.0417105826913e-01, -4.7124581041057e+00,  1.4237041130000e+00,  9.0315800000000e-01,               500000
  2.0131158290054e+00,  1.1305129236954e+00,  1.1315201116018e+00, -1.7115774300312e-01,  3.5617381752783e-01,  8.4400689277734e-04, -1.2718127404795e-02, -4.1357667738739e-01, -9.8418564039203e-02, -2.4324296903645e+00, -7.7236672082229e-02, -3.1056226144704e+00,  1.3983492780000e+00,  9.0205400000000e-01,               500000
  2.0137070720276e+00,  1.1321085241337e+00,  1.1347141737457e+00, -1.7746745182774e-01,  3.5848562465281e-01,  8.4674154811585e-04,  1.1924788650820e-02, -4.2359743844944e-01,  2.8499525327482e-02, -2.3851290135509e+00,  1.8130374654516e-01, -3.4852795766691e+00,  1.4208111560000e+00,  8.9959000000000e-01,               500000
  2.0126083257948e+00,  1.1333517767907e+00,  1.1364397849894e+00, -1.7367730188558e-01,  3.5204728358010e-01,  8.3910343054966e-04, -1.5845337154711e-03, -3.8442374588050e-01,  2.5978495816952e-02, -2.5414996370765e+00,  2.7409199983443e-01, -2.9855588503506e+00,  1.3610146110000e+00,  9.0036000000000e-01,               500000
  2.0118603913017e+00,  1.1342925306395e+00,  1.1362060713637e+00, -1.7116418622702e-01,  3.4630092287182e-01,  8.3222703978159e-04, -2.4991632109705e-03, -4.3787056075946e-01,  1.0684021420918e-01, -2.4542753080256e+00,  2.2428035555270e-01, -3.2419034187336e+00,  1.3387596060000e+00,  9.0533200000000e-01,               500000
  2.0115677002516e+00,  1.1343317281637e+00,  1.1345110973132e+00, -1.7572062796157e-01,  3.6352618614660e-01,  8.5267366107626e-04,  5.6589151622876e-03, -4.3734181859059e-01,  1.0723029377459e-01, -2.8915114836217e+00,  7.7145743656085e-02, -3.4874737423109e+00,  1.3986163820000e+00,  9.0282600000000e-01,               500000
  2.0105205280067e+00,  1.1335432057559e+00,  1.1324646184860e+00, -1.7380151359539e-01,  3.3998027999343e-01,  8.2459721075618e-04, -1.0394589839751e-02, -3.3823275865647e-01,  5.0127025564095e-02, -2.3210381987399e+00,  2.6324650525681e-02, -3.0325847930559e+00,  1.4479422400000e+00,  8.9907600000000e-01,               500000
  2.0111000598694e+00,  1.1324420115210e+00,  1.1304374528982e+00, -1.7566151042393e-01,  3.7113801545188e-01,  8.6155442712795e-04,  4.1012208788954e-03, -4.5300642596257e-01,  6.1266740774984e-02, -2.5914523036342e+00, -1.4517617497130e-01, -3.6449201789841e+00,  1.4877940110000e+00,  9.0855000000000e-01,               500000
  2.0110601305248e+00,  1.1309661979768e+00,  1.1296029559982e+00, -1.7407961934206e-01,  3.7121185754692e-01,  8.6164013085153e-04, -1.4804161290803e-02, -4.5414709352567e-01, -7.1214847869241e-02, -2.2877708085075e+00, -2.3824711087836e-01, -3.7018042225542e+00,  1.4938361170000e+00,  9.0733400000000e-01,               500000
  2.0132362264808e+00,  1.1302053258819e+00,  1.1305020296872e+00, -1.7794640204329e-01,  3.5311893099442e-01,  8.4037959398646e-04, -8.4043715813226e-03, -4.4501232256815e-01, -1.1263904524948e-01, -2.7963742359162e+00, -5.4306252627396e-02, -2.8095547985254e+00,  1.3862600560000e+00,  9.0612000000000e-01,               500000
  2.0164911196806e+00,  1.1304352247732e+00,  1.1317059897297e+00, -1.7647472186246e-01,  3.7339949007333e-01,  8.6417531794576e-04,  6.3016889551110e-03, -4.2773099780255e-01, -1.5790392063972e-01, -2.9759797217273e+00,  8.9301668257425e-03, -3.1404160904179e+00,  1.3701733550000e+00,  9.0173400000000e-01,               500000
  2.0185342141714e+00,  1.1319409539281e+00,  1.1327473607857e+00, -1.6471993767657e-01,  3.5732258385572e-01,  8.4536688349583e-04, -1.4757653758710e-02, -4.8360403115129e-01, -3.6895615523497e-02, -2.5352276862180e+00, -4.9927285707441e-02, -3.5889661827771e+00,  1.4190307660000e+00,  9.0392800000000e-01,               500000
  2.0226455299026e+00,  1.1336209755261e+00,  1.1340587836583e+00, -1.7066334203023e-01,  3.5343561016199e-01,  8.4075633825977e-04, -4.1849166569106e-03, -3.6684934691588e-01,  9.6178970182144e-02, -2.5999528328070e+00,  8.1309150451358e-02, -3.1481576610416e+00,  1.3538377740000e+00,  9.0363400000000e-01,               500000
  2.0270402460674e+00,  1.1343603130594e+00,  1.1346797480092e+00, -1.7435183757248e-01,  3.1739014155406e-01,  7.9673099795861e-04,  1.6287311130404e-02, -3.3280955804402e-01,  1.6927268627127e-01, -2.1054019386409e+00,  1.7592822920906e-01, -2.9414462134158e+00,  1.4498957270000e+00,  9.0400400000000e-01,               500000
  2.0285557765051e+00,  1.1336279618540e+00,  1.1339878302609e+00, -1.7672170451473e-01,  3.1597266245553e-01,  7.9494988830182e-04,  1.9557472560748e-02, -3.3914948510019e-01,  1.0786155475744e-01, -2.2561557708053e+00,  1.5962153242160e-01, -2.4944320603759e+00,  1.3712060110000e+00,  9.0409000000000e-01,               500000
  2.0269471621833e+00,  1.1320663636064e+00,  1.1322118825764e+00, -1.7194775096423e-01,  3.9488499397803e-01,  8.8869004042808e-04, -1.7391285302436e-03, -5.7965135256997e-01, -1.5449025569117e-02, -3.8225012300818e+00, -2.4615601812025e-02, -3.9571164632714e+00,  1.4765739870000e+00,  9.0697400000000e-01,               500000
  2.0258020371468e+00,  1.1307966149207e+00,  1.1307949375717e+00, -1.7335333609501e-01,  3.4497150207736e-01,  8.3062807811603e-04,  5.3498613888384e-03, -3.5676823517761e-01, -2.5985772271744e-02, -2.3429820446538e+00, -1.0461499164082e-01, -2.7668017621675e+00,  1.3612498670000e+00,  9.0358600000000e-01,               500000
  2.0239558387632e+00,  1.1298766755475e+00,  1.1302905988925e+00, -1.6895499100575e-01,  3.5459835539600e-01,  8.4213817796844e-04, -2.4967193095881e-03, -4.1257964104006e-01, -1.7284841726240e-01, -2.3480380846431e+00, -7.8354754246030e-02, -2.9079783643702e+00,  1.3663245900000e+00,  9.0761000000000e-01,               500000
  2.0227065944277e+00,  1.1305400444194e+00,  1.1304256967365e+00, -1.7432767920336e-01,  3.7633841649708e-01,  8.6756949750102e-04, -9.6822510083355e-03, -4.0219145304416e-01, -1.0096790197211e-01, -2.7583154600624e+00, -1.2809465028240e-01, -3.3705673829230e+00,  1.4250015280000e+00,  8.9894800000000e-01,               500000
  2.0231407315861e+00,  1.1320288383296e+00,  1.1315189990555e+00, -1.7691567501061e-01,  3.4836211983829e-01,  8.3470008965890e-04,  1.0128267291233e-02, -4.0331486535198e-01,  3.3459264688290e-02, -2.2448972529620e+00, -6.9111973957303e-02, -3.0482062889712e+00,  1.4510081800000e+00,  9.0473600000000e-01,               500000
  2.0219500375124e+00,  1.1330965637028e+00,  1.1330428752975e+00, -1.7474437935366e-01,  3.3151185584829e-01,  8.1426267978864e-04, -4.6665246028510e-04, -3.2715709170442e-01,  1.6645490049399e-02, -2.2487970531768e+00,  3.4929369882066e-02, -2.8692141698984e+00,  1.4077407280000e+00,  9.0432800000000e-01,               500000
  2.0209716073121e+00,  1.1339282014312e+00,  1.1341703884158e+00, -1.7317247784306e-01,  3.4033080601891e-01,  8.2502218881544e-04,  1.3410022866963e-02, -2.9650501214700e-01,  1.1773377876518e-01, -2.3723695190287e+00,  1.5064435427291e-01, -2.4853031010991e+00,  1.4704634750000e+00,  9.0454600000000e-01,               500000
  2.0179401547037e+00,  1.1336488368601e+00,  1.1340496663657e+00, -1.7667826828309e-01,  3.1955785199433e-01,  7.9944712394796e-04, -3.2188645761727e-03, -3.5399234774506e-01,  1.1440330817072e-01, -2.1763128723530e+00,  1.0010616099597e-01, -2.8108334764404e+00,  1.4064023790000e+00,  9.0443400000000e-01,               500000
  2.0157452914233e+00,  1.1323839335502e+00,  1.1331798584823e+00, -1.7038097505807e-01,  3.5507694756962e-01,  8.4270629233396e-04, -1.2632210047346e-02, -3.9575869191647e-01,  6.4490173156016e-04, -2.5077175711452e+00,  1.3109612516605e-02, -3.2121776048717e+00,  1.4245325920000e+00,  9.0515400000000e-01,               500000
  2.0158614342371e+00,  1.1312426761864e+00,  1.1323020427682e+00, -1.6885106344517e-01,  3.5708939854212e-01,  8.4509099929193e-04, -6.9181814266658e-03, -3.9127709185553e-01, -6.3425222173112e-02, -2.6354930614973e+00,  2.5083672165197e-02, -2.9316723348578e+00,  1.4696973810000e+00,  9.0535800000000e-01,               500000
  2.0171408796010e+00,  1.1307946359893e+00,  1.1313217182013e+00, -1.7026340689550e-01,  3.4956902285700e-01,  8.3614475165129e-04, -1.6067454949790e-02, -4.1881601798243e-01, -1.3011604388658e-01, -2.6741673675517e+00, -8.4554495862506e-02, -2.8989256893290e+00,  1.4640540020000e+00,  9.0576600000000e-01,               500000
  2.0209983732450e+00,  1.1315873049358e+00,  1.1311101658555e+00, -1.7482879916946e-01,  3.4244597484510e-01,  8.2758198970869e-04,  1.8611650195003e-03, -3.0691824827321e-01, -2.2667322030616e-02, -2.3219300792319e+00, -3.0436507040801e-02, -2.6941588260723e+00,  1.4285488230000e+00,  9.0747400000000e-01,               500000
  2.0242091813224e+00,  1.1325245120973e+00,  1.1311703466484e+00, -1.7148407558981e-01,  3.9361659495340e-01,  8.8726162427257e-04,  1.7186891765798e-03, -4.7765214629516e-01,  4.7602293294585e-02, -2.4647732405523e+00, -1.4064523153956e-01, -4.6777055101794e+00,  1.4067859140000e+00,  9.0680200000000e-01,               500000
  2.0268700043252e+00,  1.1329451017065e+00,  1.1323656084234e+00, -1.7285820241600e-01,  3.5849571970126e-01,  8.4675347026305e-04,  1.6091553046729e-02, -4.2240359471592e-01,  6.6206027227213e-02, -2.8868931338246e+00,  5.6466739833338e-02, -3.2833864460596e+00,  1.3738855140000e+00,  9.0279400000000e-01,               500000
  2.0265921249434e+00,  1.1327233792809e+00,  1.1330082903436e+00, -1.7672607857166e-01,  3.2625570086807e-01,  8.0778177853684e-04,  1.7798314077410e-03, -3.6272609378389e-01,  1.0330535697113e-01, -2.4299095105910e+00,  1.1305856692065e-01, -2.7931732312652e+00,  1.4399211280000e+00,  9.0685800000000e-01,               500000
  2.0260683227774e+00,  1.1315660583174e+00,  1.1326876983376e+00, -1.6562950395836e-01,  3.6189294013453e-01,  8.5075606390379e-04, -1.7442882184155e-02, -4.8916848621068e-01, -5.2163548393914e-02, -2.7289293578679e+00, -2.3227734174218e-02, -3.1918959992022e+00,  1.4067909140000e+00,  9.0333200000000e-01,               500000
  2.0286176536810e+00,  1.1310223839564e+00,  1.1325992803220e+00, -1.7488862625494e-01,  3.3254376188189e-01,  8.1552898401208e-04, -5.2747949771431e-03, -3.7728234895804e-01,  6.7967546027689e-03, -2.1161317324863e+00,  3.8674613781373e-02, -2.7365009520066e+00,  1.3445781810000e+00,  9.0465800000000e-01,               500000
  2.0318663501164e+00,  1.1304753599861e+00,  1.1322135348855e+00, -1.7413762574743e-01,  3.7568735033790e-01,  8.6681872423004e-04,  3.1951926727705e-04, -4.0208098725504e-01, -8.9319125051414e-02, -2.6625709638714e+00, -1.5486336170089e-02, -3.7523130387334e+00,  1.3862973350000e+00,  9.0849400000000e-01,               500000
  2.0347887876321e+00,  1.1308459497025e+00,  1.1320072728244e+00, -1.7483730769316e-01,  3.5915408926801e-01,  8.4753063575072e-04,  1.1497434277321e-02, -3.5272672773266e-01, -4.1306554636456e-02, -2.6271691309477e+00,  3.8709592147002e-02, -3.1271348482668e+00,  1.3502779210000e+00,  9.0253400000000e-01,               500000
  2.0354628070879e+00,  1.1315914101601e+00,  1.1315121496130e+00, -1.7733605220777e-01,  3.4122926571625e-01,  8.2611048379287e-04,  2.4325043833075e-02, -3.5073120512526e-01, -1.6260033262844e-02, -2.4081416339352e+00,  4.0996603583715e-02, -2.7866507030865e+00,  1.3846436530000e+00,  9.0142400000000e-01,               500000
  2.0318593071806e+00,  1.1324355935333e+00,  1.1307329272984e+00, -1.6947415689200e-01,  3.4795906046405e-01,  8.3421707062856e-04,  1.0105094321015e-02, -2.9990695400080e-01,  3.4974469165846e-02, -2.4760474031450e+00, -1.0078260072338e-01, -2.9826333275539e+00,  1.4732020120000e+00,  9.0654400000000e-01,               500000
  2.0268525543949e+00,  1.1328716411519e+00,  1.1308867826582e+00, -1.7082212058231e-01,  3.5730844447064e-01,  8.4535015759227e-04, -9.9217522536502e-03, -4.3606669045928e-01,  1.1689243090691e-02, -2.6818463580100e+00, -1.0436241019914e-01, -3.1050688394102e+00,  1.4825488470000e+00,  9.0004600000000e-01,               500000
  2.0241096074141e+00,  1.1331651420605e+00,  1.1319215214926e+00, -1.6797921036619e-01,  3.3217509065785e-01,  8.1507679473514e-04, -5.1281911989997e-03, -3.5923401246045e-01,  3.3811454748834e-02, -2.1023755762516e+00, -8.4795243051491e-02, -2.8199774433740e+00,  1.4727893520000e+00,  9.0177600000000e-01,               500000
  2.0225676073999e+00,  1.1331079614984e+00,  1.1335916190088e+00, -1.7624772644397e-01,  3.4836150105830e-01,  8.3469934833843e-04,  1.8090706537690e-03, -4.4843924210439e-01,  3.6231217353776e-02, -2.5278780785383e+00,  1.1613546855354e-01, -3.1324471886587e+00,  1.4875365860000e+00,  9.0116400000000e-01,               500000
  2.0208885688225e+00,  1.1327093781079e+00,  1.1341233607010e+00, -1.7683635542161e-01,  3.5092356144829e-01,  8.3776316635227e-04,  1.7602526563075e-03, -4.0565826769670e-01,  2.8437431072015e-02, -2.4337998223197e+00,  1.4695140188445e-01, -3.4562396928161e+00,  1.4702105310000e+00,  9.0182800000000e-01,               500000
  2.0190887649982e+00,  1.1320768911824e+00,  1.1333551738940e+00, -1.6958466193116e-01,  3.2816795187870e-01,  8.1014560651613e-04,  8.1159962120367e-03, -3.3843121546989e-01, -1.2341269646290e-02, -2.2712913172843e+00,  5.3904441419491e-02, -2.4911005256644e+00,  1.4598250640000e+00,  8.9671400000000e-01,               500000
  2.0160257273998e+00,  1.1316395270218e+00,  1.1322039600412e+00, -1.7014097131663e-01,  3.8289195964296e-01,  8.7509080630865e-04, -1.6434726379097e-03, -4.2157570391482e-01, -8.0362890159774e-02, -2.6200918739153e+00, -5.3112766472210e-02, -4.1749816569559e+00,  1.4469882070000e+00,  9.0504800000000e-01,               500000
  2.0135894194165e+00,  1.1320681331686e+00,  1.1316423409005e+00, -1.7093600683246e-01,  3.6300667165121e-01,  8.5206416618845e-04, -1.3448933857847e-02, -3.9702224471784e-01, -4.9632653604200e-02, -2.4411090512254e+00, -9.4263082248168e-02, -3.3806164905496e+00,  1.3958306750000e+00,  9.0421400000000e-01,               500000
  2.0138757478367e+00,  1.1329724506810e+00,  1.1319740738681e+00, -1.7442327752640e-01,  3.6945766234436e-01,  8.5960184078951e-04, -1.9299203771901e-02, -4.2064722453993e-01, -9.2669203279879e-03, -2.8206384999007e+00, -3.7153600595788e-02, -3.4341528872349e+00,  1.3958864120000e+00,  9.0297200000000e-01,               500000
  2.0177019117016e+00,  1.1339000837673e+00,  1.1326166232320e+00, -1.7803929679715e-01,  3.3845234872596e-01,  8.2274218164132e-04,  1.7658050582706e-02, -3.3489676154696e-01,  1.1758945988991e-01, -2.2244341428917e+00,  6.3127819076665e-02, -3.2236514808524e+00,  1.4620759450000e+00,  9.0266600000000e-01,               500000
  2.0179477525971e+00,  1.1335435408755e+00,  1.1326534553737e+00, -1.6825925749946e-01,  3.5096773709662e-01,  8.3781589516625e-04, -5.7634938133705e-03, -4.2040228831921e-01,  2.8769002068246e-02, -2.3295752310143e+00,  5.3471230286209e-03, -3.2298419268038e+00,  1.3924342020000e+00,  9.0754000000000e-01,               500000
  2.0192722150358e+00,  1.1329358130991e+00,  1.1326535555270e+00, -1.8086809428385e-01,  3.3865145517314e-01,  8.2298414951096e-04,  1.1559570782489e-02, -3.5442773258261e-01,  8.8252933389704e-02, -2.1816504786192e+00,  6.9632008421323e-02, -2.7998954087600e+00,  1.5522650920000e+00,  9.0789200000000e-01,               500000
  2.0183602541315e+00,  1.1314810158312e+00,  1.1320426542978e+00, -1.7592823285755e-01,  3.5373035006107e-01,  8.4110683038609e-04, -3.2246219230355e-03, -3.6962179890946e-01, -5.0823595664741e-02, -2.3687218089338e+00, -1.1676969605514e-02, -3.0149945958082e+00,  1.4435472840000e+00,  9.0464400000000e-01,               500000
  2.0181703225676e+00,  1.1307073946739e+00,  1.1316085077904e+00, -1.7101290765030e-01,  3.7163667689010e-01,  8.6213302557099e-04, -3.5518208738666e-03, -4.3694429440015e-01, -1.0456969015968e-01, -2.7053054137291e+00, -7.0461661619311e-02, -3.4613305984801e+00,  1.4127137050000e+00,  9.0312000000000e-01,               500000
  2.0187048128581e+00,  1.1311189461288e+00,  1.1318692217960e+00, -1.6873948032786e-01,  4.0655057747704e-01,  9.0172121797930e-04, -2.5702148364045e-03, -4.1772252207440e-01, -1.8416360311550e-01, -3.7521553783296e+00, -4.9444495543800e-02, -3.4300027357156e+00,  1.3980157120000e+00,  9.0748800000000e-01,               500000
  2.0197118993573e+00,  1.1334521774004e+00,  1.1325707796623e+00, -1.7314003218935e-01,  3.6045423838133e-01,  8.4906329373178e-04, -1.2919800128651e-02, -3.3182690907046e-01,  7.2128884579462e-02, -2.4325388101282e+00, -6.4238887799239e-02, -3.2818777830044e+00,  1.3793782630000e+00,  9.0127600000000e-01,               500000
  2.0230967757663e+00,  1.1348116933307e+00,  1.1338083560494e+00, -1.7673802597699e-01,  3.5519047762426e-01,  8.4284100235365e-04,  6.2827618369434e-03, -3.4338321655358e-01,  1.4232143311851e-01, -2.7760501499292e+00,  1.5084533299012e-01, -3.2965519717011e+00,  1.4428191640000e+00,  9.0438600000000e-01,               500000
  2.0249969767960e+00,  1.1345404716295e+00,  1.1335557392723e+00, -1.7656446292022e-01,  3.2710804078503e-01,  8.0883625139460e-04,  7.5196730058731e-03, -3.5355506018186e-01,  1.3370637176020e-01, -2.3235297604451e+00,  1.3794106029285e-01, -2.5803108591054e+00,  1.3613429650000e+00,  9.0335600000000e-01,               500000
  2.0253129640894e+00,  1.1328769116564e+00,  1.1320644633990e+00, -1.6934888464648e-01,  3.5194532100793e-01,  8.3898190803846e-04,  9.0980457346090e-03, -3.2969775804721e-01,  1.2926514356764e-02, -2.4144392416679e+00, -4.1222546911909e-02, -2.9630401786018e+00,  1.3909185360000e+00,  9.0706400000000e-01,               500000
  2.0238844889669e+00,  1.1312458093276e+00,  1.1311120102047e+00, -1.7710915155838e-01,  3.2687060018576e-01,  8.0854263979800e-04, -1.5913265997728e-03, -3.5426786626639e-01, -6.2700992808187e-02, -2.2973207970131e+00, -1.9682765242236e-02, -2.3449757044422e+00,  1.4183340970000e+00,  9.0264600000000e-01,               500000
  2.0229333190404e+00,  1.1304606300322e+00,  1.1304450906152e+00, -1.7362920709897e-01,  3.6301406719006e-01,  8.5207284570048e-04, -4.1819460607171e-03, -4.4147355782069e-01, -1.1784016560071e-01, -3.0353638216032e+00, -1.1988944863225e-01, -2.8151606190484e+00,  1.4820301780000e+00,  8.9903800000000e-01,               500000
  2.0229264223258e+00,  1.1310471667478e+00,  1.1309800465167e+00, -1.7451706266871e-01,  3.7925718577467e-01,  8.7092730554814e-04,  8.3572769354881e-03, -4.1386349788562e-01, -3.6788898276514e-02, -2.5095425528470e+00, -5.7869095176361e-02, -3.8752762939839e+00,  1.3439434640000e+00,  9.0755200000000e-01,               500000
  2.0213330535760e+00,  1.1319930830998e+00,  1.1320279102586e+00, -1.7230548920467e-01,  3.5261771229541e-01,  8.3978296278909e-04,  1.6999376017727e-03, -3.4013101352990e-01, -2.3595205409123e-02, -2.1292648652913e+00, -5.3024837675009e-02, -3.0715357373138e+00,  1.4721609090000e+00,  9.0297800000000e-01,               500000
  2.0195923912686e+00,  1.1331192869015e+00,  1.1334927797260e+00, -1.7492442257936e-01,  3.3470259695400e-01,  8.1817186086298e-04,  9.6445271363510e-03, -3.4774640269147e-01,  1.0159252287208e-01, -2.0777840126049e+00,  1.2070132846688e-01, -2.8127570677614e+00,  1.4623989730000e+00,  9.0302000000000e-01,               500000
  2.0161575262673e+00,  1.1330290683578e+00,  1.1336814750475e+00, -1.7220205555807e-01,  3.5608683178960e-01,  8.4390382365480e-04,  4.1595150024623e-04, -3.9033814781550e-01,  7.0664403546098e-02, -2.7186384933954e+00,  7.8094151605905e-02, -2.8224887191330e+00,  1.4576522180000e+00,  9.0439800000000e-01,               500000
  2.0130072034784e+00,  1.1321796736041e+00,  1.1331183941048e+00, -1.6510869079614e-01,  3.4426852092458e-01,  8.2978132170420e-04, -3.2269772185866e-03, -3.5346061463945e-01, -3.4041448395600e-02, -2.5196535406163e+00,  1.2472571992834e-02, -3.0855563613174e+00,  1.4127755440000e+00,  9.0740600000000e-01,               500000
  2.0108338095199e+00,  1.1318044834172e+00,  1.1325040364191e+00, -1.7197186751684e-01,  3.2329035216866e-01,  8.0410242154673e-04,  5.1777784314190e-03, -3.3105753213084e-01,  2.4842668233978e-03, -2.0341106781194e+00,  1.5669558751132e-02, -2.5623464331796e+00,  1.3321047880000e+00,  8.9927000000000e-01,               500000
  2.0078690937839e+00,  1.1314487528570e+00,  1.1318093979772e+00, -1.7603813172139e-01,  3.7165458733807e-01,  8.6215379989659e-04, -6.6138400172997e-03, -4.0091941724949e-01, -5.7918605188478e-02, -2.8837303364716e+00, -3.0229353434103e-02, -3.2170184350940e+00,  1.4703759800000e+00,  9.0295000000000e-01,               500000
  2.0065538542940e+00,  1.1317942936870e+00,  1.1314903196241e+00, -1.7751751343916e-01,  3.2380885313743e-01,  8.0474698276842e-04, -1.5876248255646e-02, -3.7482746380202e-01,  1.3090342299362e-02, -1.9853512849998e+00, -3.9730025867033e-02, -2.6505151170916e+00,  1.3971915810000e+00,  9.0918800000000e-01,               500000
  2.0085934593280e+00,  1.1319701391254e+00,  1.1316022741797e+00, -1.6366686486796e-01,  4.1056811395375e-01,  9.0616567354292e-04, -3.3631774572618e-02, -5.3967001516971e-01, -7.9766033161557e-02, -3.1636998216398e+00, -2.2474534695197e-01, -4.3496093676022e+00,  1.3775603310000e+00,  9.0759800000000e-01,               500000
  2.0172041054144e+00,  1.1330520764201e+00,  1.1339254508619e+00, -1.7512656929687e-01,  3.3593572755846e-01,  8.1967765317649e-04,  1.3682010660845e-02, -4.0144594667139e-01,  6.0670444875109e-02, -2.3725565076455e+00,  1.4664768191415e-01, -2.8526567962927e+00,  1.4352108990000e+00,  9.0261000000000e-01,               500000
  2.0222734549016e+00,  1.1333523109447e+00,  1.1345971758298e+00, -1.7295467614891e-01,  3.5959899219822e-01,  8.4805541351756e-04, -1.3661706065045e-02, -5.1679764201794e-01,  5.3378375376710e-02, -2.5484379595002e+00,  1.6216473011223e-01, -4.0447926261461e+00,  1.4846316450000e+00,  9.0662800000000e-01,               500000
  2.0296535821084e+00,  1.1330271395848e+00,  1.1336227291344e+00, -1.7044694847798e-01,  3.4603948664182e-01,  8.3191283995599e-04,  7.5310827134578e-03, -3.7548250705794e-01,  1.2040648618924e-02, -2.7837940055367e+00,  8.8393138655636e-02, -2.7437807064962e+00,  1.4622572370000e+00,  9.0271200000000e-01,               500000
  2.0348387783716e+00,  1.1326106310716e+00,  1.1318785153246e+00, -1.6959868217540e-01,  3.4344388407841e-01,  8.2878692566716e-04, -5.0154727911710e-03, -3.6537149495948e-01, -5.2160995539681e-03, -2.3782076292514e+00, -1.7062024329889e-02, -2.8391085095414e+00,  1.4714508350000e+00,  9.0335800000000e-01,               500000
  2.0405817285495e+00,  1.1323080733910e+00,  1.1304857036855e+00, -1.7643660156241e-01,  3.9005859882215e-01,  8.8324243424118e-04,  4.4608429062162e-03, -4.7465797032388e-01,  1.8671617992144e-02, -3.4765772716644e+00, -1.0687333948199e-01, -4.0375704837595e+00,  1.4098975930000e+00,  9.0359800000000e-01,               500000
  2.0449116141854e+00,  1.1318379523811e+00,  1.1303166328701e+00, -1.7113874510535e-01,  3.8062959059159e-01,  8.7250167975951e-04,  1.4279956375813e-02, -3.4724313365317e-01, -8.2107445232063e-02, -3.5251468272766e+00, -2.7131515126135e-02, -2.9773389769308e+00,  1.4225584810000e+00,  9.0605000000000e-01,               500000
  2.0459338028473e+00,  1.1323908899390e+00,  1.1304515334614e+00, -1.7598638010271e-01,  3.1677773463567e-01,  7.9596197727739e-04, -4.4479989136365e-04, -3.3048878307582e-01,  2.4588965509939e-02, -2.1704205919377e+00, -6.9343625619765e-02, -2.6007669007337e+00,  1.3973721380000e+00,  9.0318800000000e-01,               500000
  2.0469832829447e+00,  1.1326154903531e+00,  1.1312868586275e+00, -1.6578501030072e-01,  3.3939025804926e-01,  8.2388137258863e-04, -4.6203025413040e-03, -3.3952771982243e-01,  5.8057476839376e-03, -2.3967745294436e+00, -7.1316847937998e-02, -2.6555004398628e+00,  1.4813825530000e+00,  9.0590600000000e-01,               500000
  2.0489206054921e+00,  1.1327643299976e+00,  1.1327786998799e+00, -1.7273245074695e-01,  3.4422955807032e-01,  8.2973436480637e-04,  3.6557771272725e-03, -4.1022053404970e-01,  3.8811222310090e-02, -2.8294381648632e+00,  8.3433693078932e-02, -2.6900463554923e+00,  1.3808192250000e+00,  9.0749000000000e-01,               500000
  2.0499563776935e+00,  1.1324570221033e+00,  1.1332909854395e+00, -1.6992496403933e-01,  3.3411758153898e-01,  8.1745652060397e-04, -6.2850724414379e-03, -3.7910818193783e-01,  8.7657379338463e-03, -2.4415607998435e+00,  7.3233098237864e-02, -2.8018174084614e+00,  1.3591882500000e+00,  9.0468400000000e-01,               500000
  2.0522400651995e+00,  1.1320896979469e+00,  1.1330192199058e+00, -1.7061780173724e-01,  3.3606732372572e-01,  8.1983818369935e-04,  2.0164015003678e-02, -3.2229741839048e-01,  2.8914240896487e-02, -2.2157808818634e+00,  7.0789030671902e-02, -2.9654991185224e+00,  1.3485386850000e+00,  9.0295400000000e-01,               500000
  2.0501289533137e+00,  1.1314262695980e+00,  1.1320616107637e+00, -1.7454412108991e-01,  3.0560788398198e-01,  7.8180289585289e-04,  2.1198191278519e-02, -3.0791698456027e-01,  5.5177996936557e-02, -1.8865724285343e+00,  5.6027744307810e-02, -2.4023716920974e+00,  1.3566115610000e+00,  9.0136400000000e-01,               500000
  2.0438365305429e+00,  1.1301775223899e+00,  1.1306304653070e+00, -1.7322953813761e-01,  3.5854514163445e-01,  8.4681183462969e-04,  1.5139715246643e-02, -3.6361742440499e-01, -9.9644981434840e-02, -2.6174351464519e+00, -6.1632158545026e-02, -3.0261549914135e+00,  1.4878708640000e+00,  9.0400000000000e-01,               500000
  2.0350297281749e+00,  1.1302622947910e+00,  1.1299912048519e+00, -1.7634952340872e-01,  3.7058890387931e-01,  8.6091684137239e-04, -8.3357158588057e-03, -3.5550329720797e-01, -1.1550600907056e-01, -2.5276481586668e+00, -1.1929964897644e-01, -3.1193811869817e+00,  1.4908146130000e+00,  9.0466200000000e-01,               500000
  2.0288616580458e+00,  1.1317476145588e+00,  1.1306706761522e+00, -1.7223604438056e-01,  3.5809335316487e-01,  8.4627814950508e-04, -1.2309116005723e-03, -3.6691389273925e-01, -6.5725611229456e-02, -2.6757402057901e+00, -5.4992973518365e-02, -2.9583696447143e+00,  1.4095010990000e+00,  9.0425200000000e-01,               500000
  2.0235852688478e+00,  1.1339022747294e+00,  1.1318745700600e+00, -1.7296386028520e-01,  3.5959731323069e-01,  8.4805343373008e-04, -4.9086579490283e-03, -4.7281379930534e-01,  9.2969294447172e-02, -2.6809430283395e+00, -8.7865305127312e-02, -3.0477075895426e+00,  1.5095952790000e+00,  9.0105200000000e-01,               500000
  2.0199066697343e+00,  1.1347348074395e+00,  1.1338998519363e+00, -1.7939895373576e-01,  3.3240375765329e-01,  8.1535729303574e-04,  1.6731944928542e-03, -4.0247287561592e-01,  1.8317237695423e-01, -2.4431522772732e+00,  1.4011971536279e-01, -2.8720963421862e+00,  1.6522869570000e+00,  9.1009400000000e-01,               500000
  2.0162693604470e+00,  1.1332663449432e+00,  1.1342696658773e+00, -1.6836931873124e-01,  3.5923913972733e-01,  8.4763098070720e-04, -1.3223994524938e-02, -3.8323720585472e-01,  4.3652128180839e-02, -2.5761786466438e+00,  4.7791015180982e-02, -3.3436211660239e+00,  1.4614560810000e+00,  9.0690600000000e-01,               500000
  2.0158461253098e+00,  1.1314202820529e+00,  1.1341163958590e+00, -1.8036987133550e-01,  3.3391005849925e-01,  8.1720261685735e-04,  2.8437527173242e-03, -4.2308367397068e-01, -1.8174246396861e-02, -2.6659403679432e+00,  1.8877137003798e-01, -2.8472643366932e+00,  1.4084849300000e+00,  9.0519000000000e-01,               500000
  2.0149003692678e+00,  1.1299920203573e+00,  1.1319909518474e+00, -1.7646125842189e-01,  3.3921902522753e-01,  8.2367350962323e-04,  1.1798496945797e-03, -3.2700671811945e-01, -9.6689476154523e-02, -2.3436324206976e+00,  3.6870604172875e-03, -2.7709985189531e+00,  1.4772328120000e+00,  9.0682000000000e-01,               500000
  2.0138273493762e+00,  1.1299101902610e+00,  1.1300457646825e+00, -1.6942604814711e-01,  3.6999879278123e-01,  8.6023112333980e-04, -9.4562098087454e-03, -3.9138548857804e-01, -1.6728309845788e-01, -3.0205265844187e+00, -1.4252114717204e-01, -2.8144629856339e+00,  1.4120342750000e+00,  9.0461600000000e-01,               500000
  2.0149392625551e+00,  1.1319277385631e+00,  1.1298270221463e+00, -1.6504382610873e-01,  3.6144776075649e-01,  8.5023262788074e-04, -2.3518501523290e-02, -4.2979426771304e-01, -4.7432997263395e-02, -2.3195042468721e+00, -2.8214283153626e-01, -3.1800945243125e+00,  1.4468094760000e+00,  9.1019000000000e-01,               500000
  2.0210555217432e+00,  1.1343551742126e+00,  1.1326698997099e+00, -1.7448813912716e-01,  3.0741301061955e-01,  7.8410842441534e-04,  1.0734829372388e-03, -3.1802345339226e-01,  1.0145803477845e-01, -2.1429324025746e+00,  7.9075120130233e-02, -2.4184146014572e+00,  1.4697742130000e+00,  9.0450800000000e-01,               500000
  2.0263841375332e+00,  1.1352946010753e+00,  1.1344008157302e+00, -1.7957484442077e-01,  3.3496781740310e-01,  8.1849595894311e-04,  1.2154536954836e-02, -3.2396028392189e-01,  2.1892849162671e-01, -2.4258260415283e+00,  1.7194998971457e-01, -2.9372883883648e+00,  1.3715511380000e+00,  9.0393400000000e-01,               500000
  2.0285909711922e+00,  1.1334165027347e+00,  1.1341238927589e+00, -1.7476697019709e-01,  3.6415179629989e-01,  8.5340704977155e-04,  4.2910540736807e-04, -4.2090678108978e-01,  7.6204085572480e-02, -2.7622930393593e+00,  1.5733295114600e-01, -3.2844108655280e+00,  1.6050621190000e+00,  9.0780000000000e-01,               500000
  2.0305372788620e+00,  1.1307794338977e+00,  1.1321875129146e+00, -1.7791887060500e-01,  3.6435442133142e-01,  8.5364444745036e-04, -3.3209492052684e-03, -4.2838567406970e-01, -8.8538355665554e-02, -3.1804863623244e+00,  5.1776289512454e-02, -2.8639180396962e+00,  1.3604647390000e+00,  9.0156600000000e-01,               500000
  2.0330688017760e+00,  1.1295342234606e+00,  1.1298906771435e+00, -1.7796158949426e-01,  3.6500618916391e-01,  8.5440761836949e-04, -3.8046485447293e-03, -4.0284090652335e-01, -1.4343165117773e-01, -2.7178283026264e+00, -1.1419114565800e-01, -2.8250624538983e+00,  1.4275859850000e+00,  9.0377000000000e-01,               500000
  2.0362351893482e+00,  1.1302423653257e+00,  1.1290775103445e+00, -1.6807244143318e-01,  4.0665036888309e-01,  9.0183187888108e-04, -1.1491308489981e-02, -4.8890274857080e-01, -1.4740965255537e-01, -2.8524689362694e+00, -2.9734542425730e-01, -3.9958961910803e+00,  1.3651252110000e+00,  9.0413000000000e-01,               500000
  2.0416766351465e+00,  1.1327718003320e+00,  1.1316177135380e+00, -1.7041310701794e-01,  3.0752459267941e-01,  7.8425071588034e-04,  9.7869098099624e-03, -3.0895281278464e-01,  7.9284708736871e-02, -1.9682275890821e+00, -1.8900816983683e-02, -2.3924345073164e+00,  1.3958442460000e+00,  9.0096000000000e-01,               500000
  2.0444620272241e+00,  1.1340586907658e+00,  1.1341332396497e+00, -1.7385673021784e-01,  3.5552785070892e-01,  8.4324118816495e-04,  2.1966683975066e-02, -4.4292324140971e-01,  1.0325369163993e-01, -2.7982137126476e+00,  1.6034883693417e-01, -3.6929014846694e+00,  1.4201002910000e+00,  9.0757600000000e-01,               500000
  2.0421659543876e+00,  1.1339182410129e+00,  1.1346589426944e+00, -1.7795212586624e-01,  3.0797964795970e-01,  7.8483074348512e-04,  1.5564774536267e-02, -3.6710434015888e-01,  1.6309433008445e-01, -1.8805132303240e+00,  2.4581064127007e-01, -2.7641573850543e+00,  1.4099423250000e+00,  9.0060200000000e-01,               500000
  2.0366906140991e+00,  1.1317109722143e+00,  1.1324338902537e+00, -1.7654933428718e-01,  3.1722691480042e-01,  7.9652610101668e-04,  1.9616264262923e-02, -3.6092249163497e-01, -5.9678238189006e-03, -2.5589292423163e+00,  1.3433909970696e-01, -2.3980616033244e+00,  1.4874540130000e+00,  9.0388600000000e-01,               500000
  2.0274516772202e+00,  1.1298103209914e+00,  1.1289490711123e+00, -1.6930949972154e-01,  3.9340046804163e-01,  8.8701800211904e-04, -1.6521767613939e-02, -4.7865357547794e-01, -1.9026223694953e-01, -2.7596161060056e+00, -2.1787474033320e-01, -3.1712449488930e+00,  1.4388170090000e+00,  9.0076400000000e-01,               500000
  2.0228427024349e+00,  1.1305698822733e+00,  1.1282427310472e+00, -1.8003343192924e-01,  3.5065565290600e-01,  8.3744331498437e-04,  6.1512950532394e-03, -4.0338721186865e-01, -4.5354376560742e-02, -2.4675762958237e+00, -1.7296933235371e-01, -2.6888075873878e+00,  1.5362198980000e+00,  9.0472400000000e-01,               500000
  2.0173553767892e+00,  1.1318598350437e+00,  1.1295482915557e+00, -1.8082112058423e-01,  3.4047533647156e-01,  8.2519735393608e-04,  1.6191775383718e-04, -3.6967785617992e-01,  1.2671589440605e-02, -2.1271988951896e+00, -1.2968250764443e-01, -3.0421962437165e+00,  1.4117946140000e+00,  9.0191200000000e-01,               500000
  2.0124037531086e+00,  1.1328740459793e+00,  1.1321948264147e+00, -1.7192363904847e-01,  3.5353357488739e-01,  8.4087284994509e-04, -1.4927851737101e-02, -4.0128106706680e-01,  5.7681514980060e-02, -2.3690091157625e+00, -7.6315341226770e-02, -3.3782710520243e+00,  1.3588589020000e+00,  9.1050400000000e-01,               500000
  2.0113266723324e+00,  1.1330524921900e+00,  1.1354607532814e+00, -1.7321977774521e-01,  3.2724095946743e-01,  8.0900056794471e-04, -1.6265984852076e-03, -3.5563401443767e-01,  2.5926907501382e-02, -2.2500299290442e+00,  2.0757784307432e-01, -2.6070264237410e+00,  1.4030320600000e+00,  9.0652800000000e-01,               500000
  2.0107593798855e+00,  1.1328886989504e+00,  1.1360864054432e+00, -1.7964341108861e-01,  3.2733697151495e-01,  8.0911923906796e-04, -2.0908831741058e-03, -3.7684232180791e-01,  4.2914145769193e-02, -2.1649170353062e+00,  2.3505091572148e-01, -2.9017492375759e+00,  1.4494310270000e+00,  9.0519000000000e-01,               500000
  2.0107611388696e+00,  1.1321906922643e+00,  1.1340144454839e+00, -1.7053487880056e-01,  3.7534359763792e-01,  8.6642206532142e-04, -5.3656293478446e-03, -4.1787437358844e-01, -4.7151155176544e-02, -2.8180428147819e+00,  5.2630782455801e-02, -3.1570157447677e+00,  1.3805736650000e+00,  8.9992600000000e-01,               500000
  2.0120244082426e+00,  1.1322010666626e+00,  1.1315648486293e+00, -1.7279468199858e-01,  3.3243490429337e-01,  8.1539549213050e-04, -8.6597524897245e-03, -3.8909560678626e-01,  1.2816008919075e-02, -2.2068438745504e+00, -5.8079581489106e-02, -2.8381921070540e+00,  1.4160312630000e+00,  9.0351000000000e-01,               500000
  2.0151747131018e+00,  1.1320553284526e+00,  1.1300287608042e+00, -1.7881529488933e-01,  3.5772604737156e-01,  8.4584401324542e-04, -3.0709958481217e-02, -4.3221652369771e-01,  4.7209095660961e-03, -2.2523150781477e+00, -1.6558717825879e-01, -3.4300270453638e+00,  1.3650050170000e+00,  9.1011400000000e-01,               500000
  2.0249967863233e+00,  1.1318759261465e+00,  1.1305494076202e+00, -1.7313733976951e-01,  3.5342269126131e-01,  8.4074097231110e-04,  6.5675029923560e-03, -3.2251329785069e-01,  3.7525441791214e-02, -2.3409833336732e+00, -8.9949347277878e-02, -3.4172804813607e+00,  1.4285188270000e+00,  9.0043800000000e-01,               500000
  2.0324111759824e+00,  1.1312290671614e+00,  1.1320680204566e+00, -1.7808022956567e-01,  3.4082625697169e-01,  8.2562250087033e-04,  1.6479846579559e-02, -4.0427612685518e-01, -3.3002436298560e-02, -2.4227067873004e+00,  5.9890058532933e-02, -2.9583140373860e+00,  1.4133276850000e+00,  9.0357600000000e-01,               500000
  2.0353944458342e+00,  1.1311027363936e+00,  1.1327690242360e+00, -1.7944765316503e-01,  3.2320790936296e-01,  8.0399988726736e-04,  4.2429272281906e-03, -3.5385914290437e-01, -3.2659553829452e-02, -2.1899734640864e+00,  9.0509297213570e-02, -2.6570466391106e+00,  1.3538614090000e+00,  9.0588800000000e-01,               500000
  2.0371610187222e+00,  1.1314419211079e+00,  1.1323749965889e+00, -1.6660643418530e-01,  3.3540815746028e-01,  8.1903376909658e-04, -1.0050613181276e-02, -3.6720425551210e-01, -6.9050211725592e-02, -2.5266090691763e+00,  1.5078952946225e-02, -2.6612546348261e+00,  1.4243391520000e+00,  9.0371000000000e-01,               500000
  2.0410957905054e+00,  1.1326955613111e+00,  1.1318602700456e+00, -1.7276926704324e-01,  3.4681892362164e-01,  8.3284923440157e-04,  3.8792155728091e-03, -4.4831295243181e-01,  2.6362631435191e-02, -2.6078697359005e+00,  2.8410282894080e-02, -3.1968255768382e+00,  1.5475741620000e+00,  9.0359800000000e-01,               500000
  2.0438102118888e+00,  1.1334889188887e+00,  1.1310845289684e+00, -1.7415253587211e-01,  3.3532443440160e-01,  8.1893154097471e-04,  7.8263295508076e-03, -3.7591138654344e-01,  7.4803181115478e-02, -2.3697025708436e+00, -1.0457497337019e-02, -2.7752288662487e+00,  1.5214524920000e+00,  9.0355200000000e-01,               500000
  2.0445025290839e+00,  1.1332067410918e+00,  1.1305217988316e+00, -1.7317469210078e-01,  3.2273574452915e-01,  8.0341240285316e-04,  1.0923291574532e-02, -3.5357839478461e-01,  6.8915698396898e-02, -2.1007755663078e+00, -7.7180753674439e-02, -2.7285946919524e+00,  1.4724782380000e+00,  9.0747600000000e-01,               500000
  2.0426475541457e+00,  1.1320284171904e+00,  1.1309305701898e+00, -1.7789693030176e-01,  3.6210557041565e-01,  8.5100595816440e-04,  3.1071937139411e-03, -3.6230326232290e-01,  4.5714249698361e-02, -2.8678248610363e+00, -8.3730906732582e-02, -3.1241472557459e+00,  1.4934145100000e+00,  9.0494800000000e-01,               500000
  2.0402951446830e+00,  1.1303598107442e+00,  1.1322985495801e+00, -1.7148299652001e-01,  3.6013332513849e-01,  8.4868524806137e-04, -3.7045773063210e-03, -3.8755231100226e-01, -1.2453602925671e-01, -2.7407862962434e+00,  2.1327361395125e-02, -3.2152204849131e+00,  1.3928040830000e+00,  9.0314000000000e-01,               500000
  2.0390765223994e+00,  1.1305777815479e+00,  1.1333021390920e+00, -1.6877837494924e-01,  3.4707587595964e-01,  8.3315769930984e-04, -1.7538048242856e-03, -3.7564869053596e-01, -1.5030605446582e-01, -2.7286348352823e+00,  5.7542147899835e-02, -2.5740787434982e+00,  1.4263667290000e+00,  9.1099400000000e-01,               500000
  2.0384285823513e+00,  1.1328572035311e+00,  1.1335451356958e+00, -1.7850740104619e-01,  3.6550620479588e-01,  8.5499263715647e-04,  2.6714091528278e-02, -3.8805503673467e-01,  1.3906870667258e-01, -2.2856334924253e+00,  1.6640288340519e-01, -3.5584405984584e+00,  1.3478614750000e+00,  9.0102000000000e-01,               500000
  2.0316772976843e+00,  1.1330151607299e+00,  1.1318182144151e+00, -1.8088482508784e-01,  3.0687826193245e-01,  7.8342614448645e-04,  9.6339803513747e-03, -3.2149820207486e-01,  1.0612772520149e-01, -1.9090198365860e+00,  8.2206876552790e-02, -2.3037002745767e+00,  1.4445688400000e+00,  9.0510600000000e-01,               500000
  2.0233754509997e+00,  1.1317050511148e+00,  1.1292977364332e+00, -1.6795476078470e-01,  3.8551212539779e-01,  8.7807986584113e-04, -2.7478111755198e-02, -5.2518263536010e-01, -8.8072748346771e-02, -3.2698065496575e+00, -2.3519580959681e-01, -3.5507396844421e+00,  1.3822592650000e+00,  9.0173000000000e-01,               500000
  2.0223762414030e+00,  1.1317652207154e+00,  1.1298409814193e+00, -1.7331871827426e-01,  3.4691236431321e-01,  8.3296142085118e-04,  4.4150214392844e-03, -3.1811741136169e-01, -3.3054601435284e-02, -2.2649011282215e+00, -1.4729418489068e-01, -3.0113005018063e+00,  1.4599494940000e+00,  9.0864600000000e-01,               500000
  2.0204805435484e+00,  1.1322947435186e+00,  1.1321050595882e+00, -1.6698289263221e-01,  3.6166213499715e-01,  8.5048472649090e-04,  5.0441360369028e-03, -4.2728419634351e-01, -4.4906041945479e-03, -2.4074430726124e+00, -4.4640434838940e-02, -3.2891466751460e+00,  1.3784446820000e+00,  9.0603600000000e-01,               500000
  2.0176379656612e+00,  1.1328522685419e+00,  1.1347027744065e+00, -1.6741707692809e-01,  3.4135010669803e-01,  8.2625674786719e-04, -4.3006756141715e-03, -3.5370804008057e-01,  2.6878609577180e-02, -2.4399987250238e+00,  1.2534514970458e-01, -3.0913756677285e+00,  1.4402806600000e+00,  9.0652600000000e-01,               500000
  2.0161235209713e+00,  1.1329966948606e+00,  1.1355627634991e+00, -1.7362202602323e-01,  3.8186651005574e-01,  8.7391819989715e-04, -1.1063039981193e-03, -5.0305270883586e-01,  4.1961506689339e-03, -3.0257066783379e+00,  2.1165335593641e-01, -3.6538521216694e+00,  1.4219624720000e+00,  9.0234200000000e-01,               500000
  2.0150761355267e+00,  1.1330894367285e+00,  1.1338159388313e+00, -1.6670934213942e-01,  3.4017048548072e-01,  8.2482784322636e-04, -1.3157767035724e-02, -3.1972922101836e-01,  3.2578635618255e-02, -2.2601885286707e+00,  6.5195372453198e-02, -3.0126499146747e+00,  1.3742165450000e+00,  9.0201200000000e-01,               500000
  2.0172760551224e+00,  1.1327303984068e+00,  1.1314707925648e+00, -1.6879076308901e-01,  3.6607102083342e-01,  8.5565299138544e-04, -2.5030002143549e-02, -4.4688045544036e-01,  8.1366697988420e-03, -2.5827662031153e+00, -9.4522381401193e-02, -3.1799826293007e+00,  1.4799315280000e+00,  9.0542800000000e-01,               500000
  2.0252079204633e+00,  1.1323095550840e+00,  1.1305164303434e+00, -1.7441623861465e-01,  3.4096616973014e-01,  8.2579194683666e-04,  6.6205716706262e-03, -3.6033353656710e-01,  4.4400750402343e-02, -2.2077166888098e+00, -6.7291246915864e-02, -3.1948984772479e+00,  1.4280075490000e+00,  9.0133600000000e-01,               500000
  2.0308441178470e+00,  1.1313161906032e+00,  1.1304907313688e+00, -1.6581816921422e-01,  3.5874465918745e-01,  8.4704741211747e-04, -1.2561701090865e-02, -3.6576227359920e-01, -1.0205092926181e-01, -2.6519038792157e+00, -1.0938361613491e-01, -2.8725187675059e+00,  1.3973318580000e+00,  9.0091200000000e-01,               500000
  2.0389465526890e+00,  1.1318884359222e+00,  1.1318160968456e+00, -1.7025683041399e-01,  3.8353457984228e-01,  8.7582484532272e-04, -4.6543139182715e-03, -5.2127295974709e-01, -5.7713791864041e-02, -3.5591038545552e+00, -2.5212132006205e-02, -3.4292982161630e+00,  1.3937643160000e+00,  9.0194200000000e-01,               500000
  2.0474283077986e+00,  1.1332529070435e+00,  1.1333413315623e+00, -1.7082778402283e-01,  3.1844033555943e-01,  7.9804803810225e-04,  2.4521378320521e-02, -3.3513527534131e-01,  6.6548664761494e-02, -2.2665316300066e+00,  1.2847563311428e-01, -2.5553639685696e+00,  1.5015188210000e+00,  9.0574000000000e-01,               500000
  2.0492724561986e+00,  1.1335495334450e+00,  1.1331608507925e+00, -1.7725946975505e-01,  3.2519676137881e-01,  8.0646979035648e-04,  2.2823136286486e-02, -3.3755477858981e-01,  1.3408494069570e-01, -2.1674752611423e+00,  1.3301996324799e-01, -2.6787366638902e+00,  1.4412437870000e+00,  9.0194800000000e-01,               500000
  2.0455560119279e+00,  1.1319109784571e+00,  1.1313815773646e+00, -1.6987809127546e-01,  3.2394901754718e-01,  8.0492113594709e-04,  6.7679401518899e-03, -3.5569227846165e-01,  4.2959203922235e-02, -2.2976497500992e+00, -5.8009317110860e-02, -2.5661767690796e+00,  1.4634525540000e+00,  9.0146000000000e-01,               500000
  2.0406338995387e+00,  1.1298307424527e+00,  1.1305054180967e+00, -1.6320982818131e-01,  4.3114303445781e-01,  9.2859359728334e-04, -4.5590371438610e-03, -4.8291307949214e-01, -1.7924991272073e-01, -3.2565103442682e+00, -2.3643057336859e-01, -4.5553657243870e+00,  1.3396889860000e+00,  9.0636000000000e-01,               500000
  2.0373366682175e+00,  1.1305604388786e+00,  1.1326601739485e+00, -1.6905973777827e-01,  3.5561748193028e-01,  8.4334747516108e-04,  4.6723107111488e-04, -4.0166046197303e-01, -9.7489115815550e-02, -2.4609001111347e+00,  4.8718653816570e-02, -3.0311112339307e+00,  1.3753319870000e+00,  8.9522800000000e-01,               500000
  2.0342963529969e+00,  1.1326453361078e+00,  1.1340212019682e+00, -1.7329772960663e-01,  3.3812512158778e-01,  8.2234435802500e-04,  7.3356827495097e-03, -3.3294445808206e-01,  3.3386307119961e-02, -2.6430132732016e+00,  1.1592439287233e-01, -2.5676524471937e+00,  1.4230699440000e+00,  9.0504800000000e-01,               500000
  2.0298321823780e+00,  1.1340627093259e+00,  1.1338270469106e+00, -1.7469107610702e-01,  3.5160632176880e-01,  8.3857775044274e-04, -2.3247169004315e-03, -3.2920208537989e-01,  1.0149780542882e-01, -2.3903988001698e+00,  1.4573339305885e-01, -3.0606158340680e+00,  1.4150750050000e+00,  9.0487400000000e-01,               500000
  2.0264016799859e+00,  1.1338842935916e+00,  1.1318578285645e+00, -1.7666047440982e-01,  3.1929352629637e-01,  7.9911641992437e-04,  1.4395461885725e-02, -3.5035421969268e-01,  1.3266057957546e-01, -2.0448860896178e+00, -1.6430310923783e-02, -2.6010499281879e+00,  1.4237716230000e+00,  9.0272400000000e-01,               500000
  2.0198809267187e+00,  1.1318054752641e+00,  1.1303014709419e+00, -1.7175000893699e-01,  3.5867345716191e-01,  8.4696334886689e-04, -2.1542028877236e-02, -5.0674542872865e-01, -7.5009536339282e-02, -2.4645417715910e+00, -1.6900363822763e-01, -3.3106626208740e+00,  1.3808908560000e+00,  9.0775400000000e-01,               500000
  2.0192671209537e+00,  1.1310431457756e+00,  1.1310320458299e+00, -1.7008517068890e-01,  3.9474325126909e-01,  8.8853052988525e-04, -1.0766131255153e-03, -5.2060893135433e-01, -4.4955433650463e-02, -3.5352043206862e+00, -8.5334300492471e-03, -3.6630392709322e+00,  1.4073826470000e+00,  9.0774400000000e-01,               500000
  2.0190362334928e+00,  1.1310396784936e+00,  1.1318215531923e+00, -1.8379293807283e-01,  3.2062293384731e-01,  8.0077828872580e-04,  1.1968782908764e-02, -3.8861266632022e-01,  2.5207994855128e-02, -1.9753048482892e+00,  2.8562901227235e-02, -2.7389975550102e+00,  1.3738485850000e+00,  9.0061000000000e-01,               500000
  2.0159760958803e+00,  1.1306806049205e+00,  1.1321920332404e+00, -1.6237174470055e-01,  6.1896480641498e-01,  1.1126228529156e-03, -1.0966901887635e-02, -3.0458244728641e-01, -1.6911387970203e-01, -2.9477451272322e+00, -2.8841946794982e-01, -1.5796452496527e+01,  1.5225752600000e+00,  9.0912800000000e-01,               500000
  2.0159150512034e+00,  1.1328692143793e+00,  1.1362592568699e+00, -1.7119479977537e-01,  3.8803215784844e-01,  8.8094512638239e-04,  1.9061377199824e-03, -4.3997984473155e-01,  8.2533953060042e-03, -3.2176747127900e+00,  2.0016140421606e-01, -3.3856740571925e+00,  1.6138668660000e+00,  9.0665800000000e-01,               500000
  2.0154495024984e+00,  1.1347465795398e+00,  1.1374217638112e+00, -1.7476528447472e-01,  3.1597521974575e-01,  7.9495310521534e-04, -6.4063405863302e-03, -3.3400386135488e-01,  1.4927697841825e-01, -2.0438318024444e+00,  3.2702208762939e-01, -2.6536814047648e+00,  1.4450205120000e+00,  9.0721400000000e-01,               500000
  2.0166337059935e+00,  1.1342450758179e+00,  1.1343526448087e+00, -1.7279023715249e-01,  3.8080947361537e-01,  8.7270782466455e-04,  2.9888351035610e-03, -4.5562759600955e-01,  1.0146273040073e-01, -3.5500719452212e+00,  6.5095660659872e-02, -3.3942673051772e+00,  1.3807280670000e+00,  8.9243400000000e-01,               500000
  2.0170267491424e+00,  1.1323126147890e+00,  1.1307790936625e+00, -1.7445358735905e-01,  3.8124421506452e-01,  8.7320583491467e-04,  1.9898657271650e-03, -3.8668743295960e-01,  2.8767578748783e-02, -2.6433334244447e+00, -1.3213618424268e-01, -3.6645280204274e+00,  1.4269393190000e+00,  9.0639400000000e-01,               500000
  2.0169405330592e+00,  1.1301597958932e+00,  1.1292569915970e+00, -1.7521777808180e-01,  4.4891794550903e-01,  9.4754202599044e-04, -1.1174657758373e-02, -6.5447821500889e-01, -1.1407251997932e-01, -3.7021388064189e+00, -2.6686108488051e-01, -6.6171047193079e+00,  1.3844553120000e+00,  9.0617000000000e-01,               500000
  2.0196915213822e+00,  1.1299476013680e+00,  1.1313232054254e+00, -1.7305070721189e-01,  3.6252927097351e-01,  8.5150369461736e-04, -1.3557136062742e-02, -5.1056477754142e-01, -1.3200156686982e-01, -2.9104598692226e+00, -5.7898131140249e-02, -3.1727740151838e+00,  1.3977597790000e+00,  9.0514400000000e-01,               500000
  2.0255734110715e+00,  1.1317528955078e+00,  1.1339471088213e+00, -1.7281865896017e-01,  3.4767006709713e-01,  8.3387057400670e-04, -1.2958153973163e-02, -4.1161710336472e-01, -6.3331825421675e-02, -2.7824590536589e+00,  1.2512570259041e-01, -2.7472407335756e+00,  1.3967064450000e+00,  8.9888600000000e-01,               500000
  2.0341236365459e+00,  1.1343531238663e+00,  1.1347313549964e+00, -1.6768624007789e-01,  3.3301240831914e-01,  8.1610343501193e-04, -2.7837756425153e-03, -3.6983246669959e-01,  1.0389105960125e-01, -2.3583297359790e+00,  1.4631431727621e-01, -2.6262258214283e+00,  1.4286013340000e+00,  9.0601400000000e-01,               500000
  2.0425746349427e+00,  1.1351544334535e+00,  1.1335791886637e+00, -1.6727968153121e-01,  3.3991645630380e-01,  8.2451980728640e-04,  1.9551851974477e-02, -3.9754155401776e-01,  1.9668396548272e-01, -2.5359699031370e+00,  7.9848897509152e-02, -2.7626185270135e+00,  1.3954772060000e+00,  9.0416000000000e-01,               500000
  2.0453931675273e+00,  1.1329322657810e+00,  1.1315303264727e+00, -1.7060361082193e-01,  3.2517239584538e-01,  8.0643957721007e-04, -5.4470822105885e-04, -3.6293072213944e-01,  4.9197960064907e-02, -2.1652011263768e+00, -6.0198267415548e-02, -2.6858973245495e+00,  1.5341096640000e+00,  9.0838000000000e-01,               500000
  2.0481171611176e+00,  1.1301997894354e+00,  1.1304749017841e+00, -1.6953193482647e-01,  3.7166862821467e-01,  8.6217008555699e-04,  1.1283128487596e-02, -3.4457413407387e-01, -9.5530001509847e-02, -2.3927798177371e+00, -9.1325783849038e-02, -3.4451907848653e+00,  1.5853313250000e+00,  9.0021200000000e-01,               500000
  2.0478109511565e+00,  1.1291995631530e+00,  1.1307255709089e+00, -1.6427956230228e-01,  3.5525248067488e-01,  8.4291456349369e-04, -4.6395488273737e-03, -4.0549527485475e-01, -1.4133582734452e-01, -2.6357486588776e+00, -1.0672316388521e-01, -2.9501643183663e+00,  1.3529302530000e+00,  9.0458000000000e-01,               500000
  2.0487417672858e+00,  1.1304632340879e+00,  1.1323542653401e+00, -1.7272081283785e-01,  3.2471325221471e-01,  8.0587002948951e-04,  1.2403866756345e-02, -3.5593440150831e-01, -5.7123729396509e-02, -2.1831168326961e+00,  6.0101440182113e-02, -2.7295190323648e+00,  1.3932586920000e+00,  9.0357400000000e-01,               500000
  2.0465278911658e+00,  1.1324898398944e+00,  1.1330606240861e+00, -1.7532236450138e-01,  3.3008099318987e-01,  8.1250353007218e-04,  3.1073807270905e-02, -2.9987069735855e-01,  8.1179745148717e-02, -2.7082305605111e+00,  1.5899342141041e-01, -2.5212520648748e+00,  1.4119377180000e+00,  9.0429200000000e-01,               500000
  2.0368497880819e+00,  1.1331001217892e+00,  1.1316429745486e+00, -1.7410919857347e-01,  3.1946084407858e-01,  7.9932577098274e-04, -2.6105415094152e-04, -3.6139754718134e-01,  8.0740088926193e-02, -2.2785852945391e+00, -2.3029861881340e-02, -2.4782278365234e+00,  1.3851666960000e+00,  9.0648200000000e-01,               500000
  2.0282258080403e+00,  1.1324326968496e+00,  1.1306806260451e+00, -1.6727406574740e-01,  3.4798140080569e-01,  8.3424385020890e-04, -3.6949873950201e-03, -3.4274273095785e-01,  5.4660251434166e-02, -2.0917238245951e+00, -1.8661972335184e-01, -2.9397599260104e+00,  1.4618105190000e+00,  9.0186600000000e-01,               500000
  2.0214108526979e+00,  1.1310078000082e+00,  1.1322747965178e+00, -1.7621848182361e-01,  3.4572454789846e-01,  8.3153418197746e-04, -8.5559890137032e-03, -4.3333025356376e-01, -8.3500760984809e-02, -2.2760233116282e+00, -7.3629790229783e-03, -3.1464217947278e+00,  1.4713225930000e+00,  9.0701800000000e-01,               500000
  2.0174629242109e+00,  1.1310240663240e+00,  1.1338307412058e+00, -1.7015073942596e-01,  3.3438270428604e-01,  8.1778078271141e-04, -3.1409521620812e-03, -3.3645995669641e-01, -6.8246727036217e-02, -2.3113570723383e+00,  6.4784134954844e-02, -2.7113897133508e+00,  1.4314773280000e+00,  9.0329000000000e-01,               500000
  2.0147321110491e+00,  1.1321090585718e+00,  1.1344000565176e+00, -1.6580876542150e-01,  4.4403426104160e-01,  9.4237387595540e-04, -9.3775066903628e-03, -5.1505644559767e-01, -1.5127945368042e-01, -4.5908646669361e+00,  6.8018077880907e-02, -4.3832765832280e+00,  1.4190980460000e+00,  9.0468600000000e-01,               500000
  2.0146958176929e+00,  1.1354609498365e+00,  1.1340452368415e+00, -1.7011420603715e-01,  3.3417614503818e-01,  8.1752815858315e-04, -2.7024971850955e-03, -3.3530785312067e-01,  1.2676081184408e-01, -2.1974600073753e+00,  1.0569072336114e-01, -2.9522201023695e+00,  1.4804668400000e+00,  9.0737800000000e-01,               500000
  2.0153877909570e+00,  1.1365381076452e+00,  1.1323466438569e+00, -1.6456213410670e-01,  3.7021966090968e-01,  8.6048783943724e-04,  2.6520131473255e-03, -4.8036721679711e-01,  2.4560827792458e-01, -2.8384462280795e+00, -8.4061179037815e-02, -3.6599680124370e+00,  1.3362927460000e+00,  8.9965400000000e-01,               500000
  2.0154016078497e+00,  1.1337220304069e+00,  1.1319530115618e+00, -1.7161362731630e-01,  3.1253336676501e-01,  7.9061161990577e-04, -5.4016483958630e-03, -3.2635862566906e-01,  8.7729243644709e-02, -2.0032262540403e+00, -1.1611975797473e-02, -2.3752350791203e+00,  1.3419828080000e+00,  9.0574400000000e-01,               500000
  2.0168263598131e+00,  1.1298331095155e+00,  1.1317679833082e+00, -1.7320884757703e-01,  3.6701546058329e-01,  8.5675604530496e-04, -1.7079212281419e-03, -4.1436390715921e-01, -1.2379623078771e-01, -2.7815020010883e+00,  2.0781910770088e-02, -2.9630204507576e+00,  1.4034113040000e+00,  9.0425800000000e-01,               500000
  2.0185993065280e+00,  1.1282756464012e+00,  1.1313437235690e+00, -1.7648856982730e-01,  3.8004665482229e-01,  8.7183330381706e-04, -3.0293315488483e-03, -3.7309688172703e-01, -2.6050445166911e-01, -3.1402338090205e+00,  3.8749668692781e-03, -2.8916330008512e+00,  1.3782942640000e+00,  9.0273600000000e-01,               500000
  2.0210194476870e+00,  1.1309594322700e+00,  1.1309284141884e+00, -1.7084675189382e-01,  3.6117787065911e-01,  8.4991513771565e-04,  1.0126650766758e-02, -4.4044412468703e-01, -8.4113367524084e-02, -2.5589794716142e+00, -8.6716878472675e-02, -2.9278431735628e+00,  1.4495629270000e+00,  9.0710600000000e-01,               500000
  2.0206696935755e+00,  1.1347155770587e+00,  1.1317352738403e+00, -1.7335379273622e-01,  3.5282206914483e-01,  8.4002627238061e-04,  1.0989946138705e-02, -3.8273397584030e-01,  1.7634185136242e-01, -2.3567479345444e+00, -7.0178479666144e-02, -3.0746516451227e+00,  1.5618518140000e+00,  8.9937200000000e-01,               500000
  2.0175891557042e+00,  1.1353591595743e+00,  1.1334266412144e+00, -1.6870762735503e-01,  3.3797320388679e-01,  8.2215959994005e-04,  4.7058167361724e-03, -2.9378762936954e-01,  1.7508509079421e-01, -2.5647900345751e+00,  8.1547216424498e-02, -2.8164524523853e+00,  1.4463246350000e+00,  9.0462800000000e-01,               500000
  2.0136395708484e+00,  1.1332126419468e+00,  1.1338734643216e+00, -1.7352618127723e-01,  3.2871161140270e-01,  8.1081639278285e-04, -1.7284463963692e-02, -3.6210511897254e-01,  3.3492211759256e-02, -2.2256372020989e+00,  8.3225553639256e-02, -2.6102435559864e+00,  1.4258536300000e+00,  9.0238800000000e-01,               500000
  2.0145688125596e+00,  1.1307665115591e+00,  1.1331706987038e+00, -1.7463095183134e-01,  3.4076810281222e-01,  8.2555206112300e-04, -5.9197994902840e-03, -4.1564001976608e-01, -8.7296457531344e-02, -2.3697877824144e+00,  9.3684989500171e-02, -2.9096561778154e+00,  1.4148520820000e+00,  9.0457800000000e-01,               500000
  2.0169844922754e+00,  1.1299548182204e+00,  1.1312885861017e+00, -1.7156018271909e-01,  4.4003821319317e-01,  9.3812388648106e-04, -1.1202927850352e-02, -4.8337161016362e-01, -1.7454074239201e-01, -2.9842711249574e+00, -1.5072300890882e-01, -4.5709760537466e+00,  1.4341018770000e+00,  9.0104800000000e-01,               500000
  2.0221133461254e+00,  1.1320034036020e+00,  1.1316660528721e+00, -1.7887829678848e-01,  3.7068633771766e-01,  8.6103000844066e-04,  3.8846635704602e-03, -4.2824488923603e-01,  2.4352741004569e-02, -3.2421582358570e+00, -7.0921963816951e-02, -3.5493572842376e+00,  1.4491727900000e+00,  9.0388600000000e-01,               500000
  2.0257918931789e+00,  1.1334918709854e+00,  1.1329948876800e+00, -1.7025715381670e-01,  3.5405656297346e-01,  8.4149457867945e-04,  1.0512172747061e-02, -3.4924104976622e-01,  7.5865774315993e-02, -2.4204498580512e+00,  6.9929466988258e-03, -3.0078752232433e+00,  1.4235842470000e+00,  9.0466000000000e-01,               500000
  2.0264315347720e+00,  1.1336496950877e+00,  1.1341190780335e+00, -1.7266704671613e-01,  3.3158221625041e-01,  8.1434908515993e-04,  7.9219633915782e-03, -3.5948112215924e-01,  1.0961980935488e-01, -2.2839560392854e+00,  1.3528151087849e-01, -2.5184559315605e+00,  1.3853431070000e+00,  9.0296200000000e-01,               500000
  2.0249991926314e+00,  1.1320663113467e+00,  1.1333024366655e+00, -1.7487226274063e-01,  3.0717664863396e-01,  7.8380692601426e-04,  1.8460599013352e-02, -3.6582549617759e-01,  4.2973644195696e-02, -1.9640621895901e+00,  1.2173575531820e-01, -2.6219690078821e+00,  1.4359442370000e+00,  8.9972000000000e-01,               500000
  2.0189651750596e+00,  1.1299680324201e+00,  1.1309171844882e+00, -1.7251411928165e-01,  3.4217048845361e-01,  8.2724904164781e-04,  5.5938084523280e-03, -3.7125615388287e-01, -9.6507650297288e-02, -2.4219214411575e+00, -4.1349729544857e-02, -2.7659487634744e+00,  1.3673760990000e+00,  9.0674200000000e-01,               500000
  2.0121148256411e+00,  1.1296372715379e+00,  1.1293515877924e+00, -1.7254625828152e-01,  3.5975648402244e-01,  8.4824110254390e-04, -9.1099668925519e-03, -3.7497751800714e-01, -1.3522137107291e-01, -2.5370836334849e+00, -1.6274805773291e-01, -2.7854603293369e+00,  1.4570560820000e+00,  9.0651600000000e-01,               500000
  2.0083613821781e+00,  1.1315251376601e+00,  1.1301969119790e+00, -1.7178842148766e-01,  3.6008037687915e-01,  8.4862285719765e-04,  1.8124989460340e-03, -3.8997765944454e-01, -3.9721899474240e-02, -2.6704759241863e+00, -1.1414982481904e-01, -2.7208728537675e+00,  1.4079552950000e+00,  9.0584400000000e-01,               500000
  2.0045521911660e+00,  1.1338876169970e+00,  1.1325514176442e+00, -1.7494732122350e-01,  3.5879802683505e-01,  8.4711041409613e-04, -7.8814321474119e-03, -3.9385182933039e-01,  3.6164557402237e-02, -2.7497736593640e+00,  5.2600270823497e-04, -2.9896406990166e+00,  1.4834856340000e+00,  9.0382800000000e-01,               500000
  2.0032323637858e+00,  1.1354591085816e+00,  1.1346891344669e+00, -1.7602237831416e-01,  3.3569807218721e-01,  8.1938766428011e-04,  3.0870140793751e-03, -3.9452926071376e-01,  1.5583495788493e-01, -2.5827505440665e+00,  1.9289841143911e-01, -2.7098659233826e+00,  1.4763298900000e+00,  9.0505000000000e-01,               500000
  2.0012830782560e+00,  1.1343839489284e+00,  1.1339652960265e+00, -1.6488871298761e-01,  3.6811511642545e-01,  8.5803859636435e-04, -1.1214741494805e-02, -3.8696202324123e-01,  6.5319441802354e-02, -2.8468336369650e+00,  1.7522631203283e-02, -3.1127320024201e+00,  1.4763132930000e+00,  9.0301600000000e-01,               500000
  2.0025253561951e+00,  1.1323812056899e+00,  1.1330906964248e+00, -1.6875222310747e-01,  3.9599012529021e-01,  8.8993272250233e-04, -1.5022354427365e-02, -6.1192954854552e-01, -7.6166550579543e-02, -3.5201406372614e+00,  2.1514383072279e-02, -3.6812930388366e+00,  1.4374273530000e+00,  9.0696000000000e-01,               500000
  2.0076779017159e+00,  1.1318370870123e+00,  1.1320279744339e+00, -1.7111325037610e-01,  3.5690694474625e-01,  8.4487507330522e-04, -1.2867389844113e-02, -4.0507935380358e-01, -8.8319821984448e-02, -2.8166688186561e+00, -3.4380992784512e-02, -3.0108590862528e+00,  1.5729872960000e+00,  9.0416200000000e-01,               500000
  2.0157648587506e+00,  1.1328032437933e+00,  1.1315695765779e+00, -1.6887508624458e-01,  3.6829793410879e-01,  8.5825163455573e-04, -1.9297145529069e-02, -3.9256080127920e-01, -2.2403272996643e-02, -2.8365421110345e+00, -7.9816161282881e-02, -3.2521444247569e+00,  1.4275438370000e+00,  9.0344800000000e-01,               500000
  2.0281776163058e+00,  1.1340626362058e+00,  1.1322942599136e+00, -1.7693179228125e-01,  4.5394304195538e-01,  9.5283056411450e-04,  1.2152672513403e-02, -6.0613730951205e-01,  6.9628060431967e-02, -3.9444701255404e+00,  2.5723363500391e-02, -6.9008901571503e+00,  1.3853711020000e+00,  9.0063200000000e-01,               500000
  2.0362392904397e+00,  1.1340949358467e+00,  1.1326360255011e+00, -1.7117088467170e-01,  3.3149573828901e-01,  8.1424288549425e-04, -1.1856401246598e-02, -3.7049507591401e-01,  4.7507604526240e-02, -2.4259915962856e+00,  7.2601342160005e-03, -2.6988674741715e+00,  1.4078069070000e+00,  9.0530200000000e-01,               500000
  2.0466868745140e+00,  1.1333670098564e+00,  1.1328613537891e+00, -1.8077944357031e-01,  3.5299911530066e-01,  8.4023700858825e-04,  2.0186613871195e-02, -4.3138085392428e-01,  1.5531434599646e-01, -2.7991319582723e+00,  1.2032730975562e-01, -2.9455110428634e+00,  1.4752508050000e+00,  9.0463600000000e-01,               500000
  2.0508119079219e+00,  1.1301891689771e+00,  1.1313918972971e+00, -1.7087216789777e-01,  3.2654115284398e-01,  8.0813507886241e-04,  4.8074344689785e-03, -3.3805250936128e-01, -8.2048668220537e-02, -2.2310519367466e+00,  1.5445430958317e-02, -2.5786310731252e+00,  1.4475431890000e+00,  8.9899200000000e-01,               500000
  2.0533048445089e+00,  1.1286882279013e+00,  1.1298665093730e+00, -1.6900380260204e-01,  3.7357115532990e-01,  8.6437394145116e-04, -6.8118213241907e-03, -3.8435397575053e-01, -1.5539986019433e-01, -2.4421610932264e+00, -2.2248630725746e-01, -3.4200400027588e+00,  1.4775112690000e+00,  9.0485800000000e-01,               500000
  2.0574111994803e+00,  1.1299111003259e+00,  1.1316590039523e+00, -1.7318915361493e-01,  3.3676838821078e-01,  8.2069286363509e-04,  1.4106703478721e-02, -3.9376488688576e-01, -9.4299112024644e-02, -2.3837080872328e+00,  2.6734838847617e-02, -2.7425875991186e+00,  1.3951793520000e+00,  9.0896800000000e-01,               500000
  2.0574168100600e+00,  1.1325880604851e+00,  1.1329169066217e+00, -1.7282760768895e-01,  3.4387826316768e-01,  8.2931087436217e-04,  1.6973421680736e-02, -3.8519075545798e-01,  2.9096505445245e-02, -2.4970034603446e+00,  9.0142455232926e-02, -2.8070066677641e+00,  1.4656111880000e+00,  9.0311200000000e-01,               500000
  2.0529631044013e+00,  1.1345428932621e+00,  1.1327921146422e+00, -1.7958064673803e-01,  3.1029787979103e-01,  7.8777900427853e-04,  1.8315276931439e-02, -3.5811929317981e-01,  2.1049405617697e-01, -2.2098104847314e+00,  7.6181873640686e-02, -2.4081446823726e+00,  1.3870342940000e+00,  9.0132400000000e-01,               500000
  2.0441343948613e+00,  1.1328405827936e+00,  1.1316130224484e+00, -1.7699126622556e-01,  3.2968572523269e-01,  8.1201690281999e-04,  1.0038999782300e-02, -4.3035384193720e-01,  7.5157895984563e-02, -2.1794925452040e+00, -5.2678117216776e-02, -3.2519303333971e+00,  1.4171589890000e+00,  8.9712800000000e-01,               500000
  2.0335597760706e+00,  1.1300771147777e+00,  1.1313236257603e+00, -1.7649875517346e-01,  3.8001190895997e-01,  8.7179344911507e-04,  8.8389355264516e-03, -3.6484194015337e-01, -1.2590642087217e-01, -2.6677832517867e+00, -5.4717583188393e-02, -3.4957912615815e+00,  1.4086398130000e+00,  9.0175800000000e-01,               500000
  2.0217163371887e+00,  1.1296988089840e+00,  1.1318694611697e+00, -1.6830919858208e-01,  3.4947772432673e-01,  8.3603555465869e-04, -2.7448064492273e-03, -3.4540397752659e-01, -1.7298607974460e-01, -2.4659413893300e+00, -3.7867884036461e-02, -2.7488335952759e+00,  1.3694865810000e+00,  9.0275800000000e-01,               500000
  2.0118127584183e+00,  1.1322562981709e+00,  1.1329239160734e+00, -1.7366435951646e-01,  3.3751527804856e-01,  8.2160243189581e-04, -7.4671063438933e-03, -3.9929155749387e-01, -2.3157457710355e-02, -2.2960192890518e+00,  8.5662631662671e-02, -2.7426697226616e+00,  1.4717829710000e+00,  9.0438000000000e-01,               500000
  2.0049356012582e+00,  1.1349686828617e+00,  1.1326650546257e+00, -1.7637717469182e-01,  3.4343456547210e-01,  8.2877568192135e-04, -1.3330611747202e-02, -3.6589181347537e-01,  1.5518503425385e-01, -2.5056640057754e+00,  4.7335646005777e-03, -2.8371611987383e+00,  1.4773237520000e+00,  9.0348000000000e-01,               500000
  2.0023626051186e+00,  1.1348426972735e+00,  1.1323838423500e+00, -1.7783213161473e-01,  3.6225970872966e-01,  8.5118706372884e-04, -3.1086255738179e-03, -4.1034376130865e-01,  1.2913094019583e-01, -2.2637545953478e+00, -8.2217491480863e-02, -3.6293134193544e+00,  1.4409616560000e+00,  9.0553600000000e-01,               500000
  2.0009322095585e+00,  1.1325869351930e+00,  1.1333418754145e+00, -1.7208899061002e-01,  3.8503655773164e-01,  8.7753809915198e-04, -1.5133152151910e-02, -4.6678645592478e-01, -1.7100456323863e-02, -3.2724765464559e+00, -3.4075058197639e-02, -3.7198612244987e+00,  1.3906299410000e+00,  9.0377600000000e-01,               500000
  2.0037762845493e+00,  1.1308663757486e+00,  1.1347254103432e+00, -1.7474236779662e-01,  3.2792261947761e-01,  8.0984272482699e-04, -7.1457409304873e-03, -3.3408271304423e-01, -9.2676442544520e-02, -2.6450987312483e+00,  2.0041524618456e-01, -2.2915013339243e+00,  1.4562213290000e+00,  8.9986200000000e-01,               500000
  2.0083113003101e+00,  1.1308946909938e+00,  1.1330882167149e+00, -1.6891580128053e-01,  3.4006532514268e-01,  8.2470033969034e-04, -7.8489487806194e-03, -4.0121998094574e-01, -9.8023941335042e-02, -2.2108231118635e+00, -3.1479407273690e-02, -3.0023499284714e+00,  1.3746065460000e+00,  9.0355400000000e-01,               500000
  2.0145733284500e+00,  1.1325898799090e+00,  1.1320898516717e+00, -1.6735523891487e-01,  3.6483444278052e-01,  8.5420658248519e-04, -4.3730647582540e-03, -4.1928652346498e-01, -1.9026285361880e-03, -2.5939206661059e+00, -2.9036362895306e-02, -2.9775674771112e+00,  1.3917969470000e+00,  9.0770000000000e-01,               500000
  2.0214609549103e+00,  1.1341730472810e+00,  1.1316331241390e+00, -1.7607984344588e-01,  3.2588892915956e-01,  8.0732760284727e-04,  7.1818896999423e-03, -3.3637150426761e-01,  1.3026175755235e-01, -2.2745052019173e+00,  2.3842503529542e-02, -2.6108070965312e+00,  1.3527952180000e+00,  9.0149600000000e-01,               500000
  2.0257708305422e+00,  1.1334166754499e+00,  1.1308927058417e+00, -1.7816120065914e-01,  3.4665356302645e-01,  8.3265066267487e-04, -6.1130631971266e-03, -3.6485765946624e-01,  9.8751352356255e-02, -2.2401079528301e+00, -9.9798694953081e-02, -3.5410335020575e+00,  1.3792285280000e+00,  9.0570600000000e-01,               500000
  2.0313672860578e+00,  1.1310800217495e+00,  1.1317081765713e+00, -1.6579997907125e-01,  3.9119177571074e-01,  8.8452447757057e-04, -2.6570461712283e-03, -4.2276025210547e-01, -1.2785905187411e-01, -3.2108397000813e+00, -5.3728730976342e-02, -3.3975219303142e+00,  1.3656554130000e+00,  9.0229400000000e-01,               500000
  2.0371959543658e+00,  1.1311712164810e+00,  1.1332549082263e+00, -1.7252133011307e-01,  3.3434232591489e-01,  8.1773140567657e-04,  9.2128836978509e-03, -3.9262467346342e-01, -1.9700996374870e-02, -2.5932684984327e+00,  8.7240822870537e-02, -3.0158545761178e+00,  1.4481014270000e+00,  9.0467600000000e-01,               500000
  2.0399923024259e+00,  1.1316107667371e+00,  1.1333925365258e+00, -1.7032210109589e-01,  3.4264039875929e-01,  8.2781688646619e-04,  1.2207855624694e-02, -3.4687200295369e-01, -4.4509753723384e-03, -2.3415678975005e+00,  4.2939437689287e-02, -2.9035312147731e+00,  1.4592282290000e+00,  9.0498000000000e-01,               500000
  2.0392267998957e+00,  1.1321031222703e+00,  1.1329068692515e+00, -1.6675338034311e-01,  3.6656419352415e-01,  8.5622916736602e-04,  4.1573051963611e-03, -4.3680459947937e-01,  1.7819966463771e-02, -3.3165732721910e+00,  6.4725946511133e-02, -3.4557659755531e+00,  1.4520507840000e+00,  9.0381000000000e-01,               500000
  2.0374587564783e+00,  1.1322709951886e+00,  1.1315408493512e+00, -1.6675582124879e-01,  3.4089944190915e-01,  8.2571113824285e-04, -9.2841623441655e-03, -3.9712344574752e-01, -2.4111214543547e-02, -2.2987699255105e+00, -4.4935977734042e-02, -3.0095440752598e+00,  1.4761991020000e+00,  8.9852000000000e-01,               500000
  2.0384634744448e+00,  1.1328551225477e+00,  1.1309943221440e+00, -1.7324314267675e-01,  3.2994117794755e-01,  8.1233143229541e-04,  4.0522170958504e-03, -3.5806099477989e-01,  5.0961619450968e-02, -2.1852362351311e+00, -6.9192114597557e-02, -2.7207301558253e+00,  1.3749978780000e+00,  9.0667800000000e-01,               500000
  2.0383060204817e+00,  1.1325258858072e+00,  1.1315451407538e+00, -1.7417344685000e-01,  3.5703904095284e-01,  8.4503140882791e-04,  2.1510166174461e-02, -3.8264652916690e-01,  9.2277156218980e-02, -2.7002819385431e+00,  3.9725267429103e-02, -3.1696547653076e+00,  1.4692255400000e+00,  9.0230200000000e-01,               500000
  2.0323148368658e+00,  1.1306649516910e+00,  1.1314764867254e+00, -1.7251040817690e-01,  3.1758681861378e-01,  7.9697781476497e-04,  4.8993245274602e-03, -3.7786964444028e-01, -4.3175979046166e-02, -2.4565867128289e+00, -3.0217323162617e-02, -2.3892397098611e+00,  1.3845790530000e+00,  9.0611800000000e-01,               500000
  2.0256165552226e+00,  1.1297519440582e+00,  1.1318812973323e+00, -1.7274402787250e-01,  3.7630740897304e-01,  8.6753375608449e-04, -9.6060388872713e-03, -4.4024636605907e-01, -1.7890453053015e-01, -3.2049309429900e+00, -4.6235550056370e-02, -3.0164848765206e+00,  1.3835697040000e+00,  9.0532800000000e-01,               500000
  2.0222846379412e+00,  1.1320448914230e+00,  1.1329573398423e+00, -1.6762356023599e-01,  3.6817389284109e-01,  8.5810709452969e-04, -1.8121550426667e-02, -4.2390587186077e-01, -5.8700450205943e-02, -2.9114973932003e+00,  4.2455692211486e-02, -3.1911691298373e+00,  1.4808792470000e+00,  9.0465000000000e-01,               500000
  2.0243344649475e+00,  1.1351534093802e+00,  1.1333181277981e+00, -1.5768399794959e-01,  3.5621753738567e-01,  8.4405869154422e-04,  8.4591522306110e-03, -3.9356821529961e-01,  1.3108753098005e-01, -2.4318314593465e+00, -5.3836040185831e-03, -3.2403060014542e+00,  1.5246709430000e+00,  9.0229000000000e-01,               500000
  2.0239033891907e+00,  1.1357056039043e+00,  1.1337482878252e+00, -1.7133139369816e-01,  3.8425068856758e-01,  8.7664210321838e-04,  9.6485752116773e-03, -4.4151668165275e-01,  1.6441915980101e-01, -3.3412616910837e+00,  5.4038192773716e-02, -3.4194431272393e+00,  1.4229144860000e+00,  8.9817000000000e-01,               500000
  2.0209100915315e+00,  1.1333791214697e+00,  1.1333520112358e+00, -1.7675763040243e-01,  3.7308643349048e-01,  8.6381298148439e-04,  4.9466285066315e-04, -4.6013085445330e-01,  6.4035721095814e-02, -2.8988445740774e+00,  9.8350152739321e-02, -3.5124209275810e+00,  1.4509051310000e+00,  8.9964400000000e-01,               500000
  2.0181370225473e+00,  1.1301926517593e+00,  1.1315441344168e+00, -1.7675146302226e-01,  3.5227736496667e-01,  8.3937758484090e-04,  3.8831563446980e-04, -4.5305171159351e-01, -1.1720298204195e-01, -2.6008305025661e+00,  2.0459709331459e-02, -3.0665507198639e+00,  1.4291774800000e+00,  9.0499400000000e-01,               500000
  2.0155909747126e+00,  1.1293840325300e+00,  1.1296287163379e+00, -1.7437366314311e-01,  4.0666858059267e-01,  9.0185207278430e-04, -8.6635815387877e-03, -4.8429205217999e-01, -1.3736082967511e-01, -3.5115406020069e+00, -2.0598178318852e-01, -3.7337782848597e+00,  1.4014064830000e+00,  9.0272400000000e-01,               500000
  2.0157709572672e+00,  1.1310824974494e+00,  1.1310345967704e+00, -1.6996762908466e-01,  3.6222525750235e-01,  8.5114658843510e-04,  3.1909130187881e-03, -3.1539195740230e-01, -8.8256803886386e-02, -2.5117742157895e+00, -4.9992397723433e-02, -3.0318685279512e+00,  1.4894522400000e+00,  9.0774200000000e-01,               500000
  2.0150885048246e+00,  1.1341789919388e+00,  1.1330803303706e+00, -1.6767621508793e-01,  3.6453262872186e-01,  8.5385318260443e-04, -1.0355132568600e-02, -3.7362321477130e-01,  8.4900768260352e-02, -2.7743605702202e+00, -2.4929521078439e-02, -3.4656224712054e+00,  1.4452466550000e+00,  9.0854400000000e-01,               500000
  2.0174135625125e+00,  1.1355083974690e+00,  1.1353288692375e+00, -1.7336796019379e-01,  3.0858609218010e-01,  7.8560307048802e-04,  4.2427718575391e-03, -3.3482233602469e-01,  1.7797611059645e-01, -1.8637534162327e+00,  1.9278890561656e-01, -2.4148886807001e+00,  1.4670121390000e+00,  9.0145400000000e-01,               500000
  2.0183714383845e+00,  1.1336011139114e+00,  1.1344522313348e+00, -1.6966203067728e-01,  3.2718676843013e-01,  8.0893358000535e-04, -4.8223120053363e-03, -3.4632922339210e-01,  2.9300862631439e-02, -2.3656140893436e+00,  7.8850102462649e-02, -2.6844862989443e+00,  1.4393583420000e+00,  9.0714200000000e-01,               500000
  2.0206339963542e+00,  1.1313867227009e+00,  1.1324847766435e+00, -1.6888068432900e-01,  3.5253784816426e-01,  8.3968785648508e-04, -5.9364145443203e-03, -3.7313722350848e-01, -7.9626532997287e-02, -2.4081397350876e+00, -3.0412513767801e-02, -3.0624753324665e+00,  1.4373672710000e+00,  9.0599000000000e-01,               500000
  2.0243918017291e+00,  1.1308133915890e+00,  1.1311964098428e+00, -1.7377640500319e-01,  3.6222504105907e-01,  8.5114633413893e-04,  4.6303548167084e-03, -3.7931234518260e-01, -6.4264057165524e-02, -2.4464348931784e+00, -7.6164080167193e-02, -3.2717399282569e+00,  1.4043278730000e+00,  9.0191800000000e-01,               500000
  2.0265322961741e+00,  1.1314519593857e+00,  1.1312207389976e+00, -1.6890339752608e-01,  3.9212986123064e-01,  8.8558439601275e-04, -2.1285414483298e-03, -4.2204663455980e-01, -5.1543703629573e-02, -2.6509748972996e+00, -1.7312959112539e-01, -4.3088072293301e+00,  1.4452778040000e+00,  9.0315000000000e-01,               500000
  2.0291217113418e+00,  1.1329626705886e+00,  1.1339191365200e+00, -1.6995180072042e-01,  3.2796511572717e-01,  8.0989519782151e-04, -3.0227903645496e-03, -3.3487174505811e-01,  7.3954452497191e-02, -2.2884765582859e+00,  6.0413423943746e-02, -2.5891007368737e+00,  1.4947636590000e+00,  9.0499400000000e-01,               500000
  2.0323573323232e+00,  1.1330350226418e+00,  1.1354480863343e+00, -1.6895436311567e-01,  3.5803860684566e-01,  8.4621345634025e-04,  1.0238407430360e-02, -3.5326044763384e-01,  3.0612782363216e-02, -2.9300284259100e+00,  1.8551858501347e-01, -3.2929880993093e+00,  1.4051978490000e+00,  9.0322200000000e-01,               500000
  2.0324296393525e+00,  1.1325828053707e+00,  1.1340087864562e+00, -1.7836928952694e-01,  3.0799496899250e-01,  7.8485026469066e-04,  1.0567156886647e-02, -3.6829556536935e-01,  9.7218332787992e-02, -2.1200769813039e+00,  1.5698817568051e-01, -2.4513593665070e+00,  1.4118388660000e+00,  9.0081600000000e-01,               500000
  2.0295561299029e+00,  1.1304647903190e+00,  1.1303208724041e+00, -1.7304090098498e-01,  4.1385932108137e-01,  9.0979043859712e-04, -1.1117642299936e-02, -6.0745918036649e-01, -8.3679482323269e-02, -3.6532347487677e+00, -1.7842603523692e-01, -4.2218473147488e+00,  1.5016348230000e+00,  9.0025600000000e-01,               500000
  2.0302033120130e+00,  1.1300786602368e+00,  1.1297716298440e+00, -1.6852784277200e-01,  4.1684420379773e-01,  9.1306539064596e-04, -1.0402978960748e-02, -5.0533849112181e-01, -1.6253545598008e-01, -4.2886598300826e+00, -1.8587051675015e-01, -3.6312918968714e+00,  1.4925431560000e+00,  9.0119400000000e-01,               500000
  2.0338099950236e+00,  1.1326691692445e+00,  1.1321651442430e+00, -1.7398625948263e-01,  3.3033366784832e-01,  8.1281445342504e-04, -1.0493072446063e-03, -3.7933900131699e-01,  9.4860156510145e-02, -2.1326650609150e+00,  2.0505002053309e-02, -2.8048224912691e+00,  1.4033824790000e+00,  9.1079200000000e-01,               500000
  2.0374149536140e+00,  1.1333282041224e+00,  1.1340291448309e+00, -1.7277532345836e-01,  3.5549316312812e-01,  8.4320005114815e-04,  2.3236593566624e-02, -3.4663471459297e-01,  8.4404028431188e-02, -2.3815049479097e+00,  1.5190723198641e-01, -3.4883633297246e+00,  1.4539157560000e+00,  9.0368000000000e-01,               500000
  2.0341068355905e+00,  1.1324321014996e+00,  1.1333899270458e+00, -1.7619382081284e-01,  3.5473596537370e-01,  8.4230156757981e-04, -8.5688719365847e-03, -4.0754587021439e-01,  7.4286957894380e-02, -2.9562676506626e+00,  1.2145770695024e-01, -3.1681658854776e+00,  1.4495744830000e+00,  9.0228400000000e-01,               500000
  2.0336193827194e+00,  1.1303175686906e+00,  1.1309586771173e+00, -1.6709374562396e-01,  3.7997868463433e-01,  8.7175533796396e-04,  1.2004641983445e-02, -3.6713257827736e-01, -1.1886449906730e-01, -2.8937968243763e+00, -7.2172188062118e-02, -3.2340614253315e+00,  1.5123406200000e+00,  9.0579200000000e-01,               500000
  2.0298151721711e+00,  1.1305738094547e+00,  1.1299103440603e+00, -1.6994682437960e-01,  3.5980651875426e-01,  8.4830008694360e-04, -2.1156426085610e-03, -3.9527351158828e-01, -8.0937319842908e-02, -2.3363919464385e+00, -1.5382746912692e-01, -3.0691417232174e+00,  1.5255293000000e+00,  9.0529800000000e-01,               500000
  2.0270443421210e+00,  1.1322833745563e+00,  1.1313778870317e+00, -1.7843337763822e-01,  3.3720370254313e-01,  8.2122311528979e-04,  1.8697829675853e-03, -3.5591321694131e-01,  5.6008053291062e-02, -2.2098760777999e+00,  8.6151475791695e-03, -2.8174744614413e+00,  1.4571013990000e+00,  9.0257000000000e-01,               500000
  2.0240620340209e+00,  1.1328343873003e+00,  1.1325892293537e+00, -1.7656617090752e-01,  3.4368977312564e-01,  8.2908355806352e-04,  1.2316144815428e-02, -4.0435302047573e-01,  7.6914994347651e-02, -2.4526244101057e+00,  1.2304690364413e-01, -3.1725959926817e+00,  1.4787894110000e+00,  9.0368600000000e-01,               500000
  2.0179092175251e+00,  1.1319630362177e+00,  1.1317881283844e+00, -1.7628046304458e-01,  3.3011750595184e-01,  8.1254846741821e-04,  4.0309490041035e-03, -3.5429696401984e-01,  5.3789964288426e-03, -2.3112564001856e+00, -3.9183380753966e-03, -2.5802708525677e+00,  1.5712517990000e+00,  9.0298200000000e-01,               500000
  2.0112563088931e+00,  1.1311007369665e+00,  1.1311470288207e+00, -1.6900282800425e-01,  4.3138230778030e-01,  9.2885123435381e-04, -7.3447707752079e-03, -4.5818257411628e-01, -1.1598578592491e-01, -2.8248134687077e+00, -2.1604020421377e-01, -5.5681062678708e+00,  1.4871273390000e+00,  9.0634800000000e-01,               500000
  2.0074335672050e+00,  1.1324533429547e+00,  1.1339907855624e+00, -1.7036117758825e-01,  3.4181801230856e-01,  8.2682284959785e-04, -9.4570319656286e-03, -3.5520629201475e-01, -4.7136631313330e-02, -2.6235564625490e+00,  9.8263409995251e-02, -2.6376078760466e+00,  1.5560696810000e+00,  9.0660600000000e-01,               500000
  2.0067585273099e+00,  1.1345537695689e+00,  1.1350363202702e+00, -1.7254238556003e-01,  3.4628589605380e-01,  8.3220898343360e-04,  2.6172726431457e-03, -4.6829008092029e-01,  1.3440081321271e-01, -2.6418656377262e+00,  1.7439586891161e-01, -3.4633967523621e+00,  1.5518824940000e+00,  9.0374800000000e-01,               500000
  2.0054632364246e+00,  1.1340241731297e+00,  1.1332702380573e+00, -1.7662476441944e-01,  3.2596344318825e-01,  8.0741989471185e-04, -5.1608003944675e-03, -3.6665862763274e-01,  6.9160715730566e-02, -2.1252026366778e+00,  5.3302476419378e-02, -2.7415232586136e+00,  1.4801293160000e+00,  9.0293600000000e-01,               500000
  2.0058377532574e+00,  1.1323045117585e+00,  1.1308614938434e+00, -1.8147197991697e-01,  3.5183920985128e-01,  8.3885542240756e-04, -7.2667325521752e-03, -4.0614029604358e-01,  1.1028153960077e-02, -2.6672796077534e+00, -6.4455279506302e-02, -2.8087194174169e+00,  1.4220384420000e+00,  9.0575600000000e-01,               500000
  2.0083347399529e+00,  1.1305765557888e+00,  1.1297265424469e+00, -1.7300685315382e-01,  3.5462399326899e-01,  8.4216862120242e-04, -1.2601316227213e-02, -4.1689589398284e-01, -5.8902511820583e-02, -2.4856150559741e+00, -1.5489582404354e-01, -2.9847712331262e+00,  1.4249137650000e+00,  9.0496800000000e-01,               500000
  2.0142904080435e+00,  1.1301197857752e+00,  1.1311697970330e+00, -1.7346283041515e-01,  3.3155613651609e-01,  8.1431705927861e-04,  2.7863897696582e-03, -3.7293708674144e-01, -9.8909526166328e-02, -2.3228600103259e+00,  1.1239843661956e-02, -2.5792487377224e+00,  1.4295724490000e+00,  9.0399000000000e-01,               500000
  2.0189071638972e+00,  1.1315435388557e+00,  1.1323140693378e+00, -1.8304796376856e-01,  3.2979130207919e-01,  8.1214691045301e-04,  1.6350845890965e-02, -3.6705574159423e-01,  3.1264229140518e-02, -2.2368548156787e+00,  1.0677885504603e-01, -2.7252280721620e+00,  1.5361625750000e+00,  9.0351000000000e-01,               500000
  2.0183752262368e+00,  1.1322733876675e+00,  1.1316770949790e+00, -1.8155442528407e-01,  3.6328688234177e-01,  8.5239296376938e-04,  1.6816938178887e-03, -3.5140290457849e-01, -8.1567626843770e-04, -2.6278487421754e+00, -5.2063841348117e-05, -3.2219963228868e+00,  1.5222187800000e+00,  9.0461800000000e-01,               500000
  2.0174580045809e+00,  1.1329707594730e+00,  1.1311290662437e+00, -1.7409949481180e-01,  3.4613913243503e-01,  8.3203261046071e-04, -7.2900647443164e-03, -4.2281441493074e-01,  7.2988507046503e-02, -2.4069030793208e+00, -6.1598479876190e-02, -3.0937943718664e+00,  1.4457641250000e+00,  9.0578600000000e-01,               500000
  2.0188140927571e+00,  1.1322752480188e+00,  1.1316382878636e+00, -1.7061930983595e-01,  3.5501404393883e-01,  8.4263164424182e-04, -8.9535805121504e-03, -3.7253773701219e-01,  3.5417628421647e-02, -2.4652077809812e+00, -9.2139328377529e-02, -3.2773023287539e+00,  1.4750732260000e+00,  9.0447800000000e-01,               500000
  2.0226996710698e+00,  1.1310162229235e+00,  1.1335901862833e+00, -1.7222703260031e-01,  3.1578048516816e-01,  7.9470810385721e-04,  1.7487929323739e-03, -3.3304425412827e-01, -3.5731611751382e-02, -2.1813153833604e+00,  9.1367596995201e-02, -2.3544742896781e+00,  1.3682920560000e+00,  9.0796400000000e-01,               500000
  2.0257414833274e+00,  1.1305628392871e+00,  1.1339117958015e+00, -1.7380553555415e-01,  3.3328287043812e-01,  8.1643477441633e-04,  1.7446697960748e-02, -3.3334066073776e-01, -5.5898526680703e-02, -2.3904442338207e+00,  1.1306257238650e-01, -2.6888918400864e+00,  1.4561899920000e+00,  9.0685400000000e-01,               500000
  2.0234339882751e+00,  1.1312133142308e+00,  1.1324171711263e+00, -1.7172622606874e-01,  3.7042940116463e-01,  8.6073155067608e-04,  1.3141726597593e-03, -3.5831933255004e-01, -5.2230639018274e-02, -2.8529636908521e+00, -2.2925499413327e-02, -3.2146415825637e+00,  1.4418598840000e+00,  9.0801600000000e-01,               500000
  2.0210212175151e+00,  1.1327972034634e+00,  1.1314620541532e+00, -1.7688957023574e-01,  3.4618536814641e-01,  8.3208817819557e-04,  9.8652434657514e-03, -3.0335544233505e-01,  5.0594724867603e-02, -2.4409166224909e+00, -9.5513398701217e-03, -2.7119299186318e+00,  1.4659108330000e+00,  9.0121600000000e-01,               500000
  2.0185114808206e+00,  1.1330515468097e+00,  1.1311188734696e+00, -1.6598367515551e-01,  3.4622857272992e-01,  8.3214009965860e-04,  9.2728359760258e-03, -3.5121007220188e-01,  3.9915367015198e-02, -2.2790394355853e+00, -6.8576355126483e-02, -2.7580581778782e+00,  1.4137632370000e+00,  9.0133000000000e-01,               500000
  2.0149154574418e+00,  1.1329191527555e+00,  1.1313713577285e+00, -1.7315259239598e-01,  3.3602881107143e-01,  8.1979120643177e-04, -9.9289675367461e-03, -3.7574850197102e-01,  3.9048514841973e-02, -2.1664934163433e+00, -6.7487701299124e-02, -2.7082502344029e+00,  1.4825792520000e+00,  9.0827400000000e-01,               500000
  2.0131605294137e+00,  1.1324449327987e+00,  1.1321529880524e+00, -1.6801952663182e-01,  3.7176480664233e-01,  8.6228163223198e-04, -8.4973834164174e-03, -4.9818103376161e-01, -5.8239680246917e-02, -3.1708536659258e+00, -5.3727597592206e-02, -3.3859944509150e+00,  1.4778003100000e+00,  9.1076600000000e-01,               500000
  2.0128649784477e+00,  1.1325775287622e+00,  1.1333045656227e+00, -1.6755234573201e-01,  3.3727140430900e-01,  8.2130555131328e-04,  9.6348763281492e-04, -3.5865315753353e-01,  3.0788774253631e-02, -2.1545066363034e+00,  1.9086878748632e-02, -2.9177674981707e+00,  1.4936074070000e+00,  9.0805400000000e-01,               500000
  2.0124829493144e+00,  1.1324183618874e+00,  1.1342005717850e+00, -1.7291485035162e-01,  3.5503497019743e-01,  8.4265647828452e-04, -7.8424036986379e-03, -3.7637001766016e-01, -3.5335652503872e-02, -2.3665723224771e+00,  1.4867341201236e-01, -3.1863311287937e+00,  1.4185645350000e+00,  9.0932200000000e-01,               500000
  2.0133234627026e+00,  1.1326180746867e+00,  1.1338183839320e+00, -1.7118641482321e-01,  3.5696744779343e-01,  8.4494668209707e-04,  1.1238245454305e-02, -3.3424522336143e-01,  4.9853262534178e-02, -2.4272842672035e+00,  7.1679696714354e-02, -3.2140221453490e+00,  1.4450112910000e+00,  9.0271800000000e-01,               500000
  2.0124455162217e+00,  1.1323401566863e+00,  1.1329059302191e+00, -1.7659390286012e-01,  3.2832370899961e-01,  8.1033784189017e-04, -1.2873022478443e-02, -3.3975287995094e-01,  2.1753721641059e-02, -2.0889331205794e+00,  8.5994041117504e-02, -2.7698740755083e+00,  1.4508067540000e+00,  9.0218400000000e-01,               500000
  2.0135827059586e+00,  1.1318941936967e+00,  1.1313964137829e+00, -1.7760807407687e-01,  3.3929898732273e-01,  8.2377058374615e-04, -2.1595640331747e-03, -3.1351342618734e-01, -1.7297147226219e-03, -2.2269422211063e+00, -4.6434238599180e-02, -2.7970226047425e+00,  1.4801218420000e+00,  9.0209600000000e-01,               500000
  2.0149510998779e+00,  1.1315189407601e+00,  1.1304243718199e+00, -1.7576235986305e-01,  3.3881326715288e-01,  8.2318074218592e-04,  5.0698333938983e-04, -3.3397750359706e-01, -2.6744675109796e-02, -2.2181656392049e+00, -1.1561506836853e-01, -2.7667569941482e+00,  1.3984983100000e+00,  9.0598600000000e-01,               500000
  2.0161345307797e+00,  1.1314443357588e+00,  1.1305012198090e+00, -1.7809771368072e-01,  3.6044633336821e-01,  8.4905398340530e-04,  5.8925855120939e-03, -3.3103316738297e-01,  5.6647042406338e-03, -2.0849829316476e+00, -1.3443237330150e-01, -3.3444525320532e+00,  1.5302611670000e+00,  9.0791200000000e-01,               500000
  2.0163502552768e+00,  1.1313332141923e+00,  1.1316808999154e+00, -1.6912478489730e-01,  3.7749005474879e-01,  8.6889591407578e-04, -1.3101258650640e-02, -4.7364052753227e-01, -6.9601130372507e-02, -3.0147667675856e+00, -7.8143715073705e-02, -3.6096015144255e+00,  1.4730398720000e+00,  9.0413000000000e-01,               500000
  2.0185281718385e+00,  1.1319088088060e+00,  1.1333978683713e+00, -1.6826898402486e-01,  3.7124344783961e-01,  8.6167679304901e-04,  7.2828521202643e-03, -3.6955860285658e-01, -2.7791674608038e-02, -3.3332221603144e+00,  5.9366449488851e-02, -2.9986487537524e+00,  1.4400115140000e+00,  9.0637400000000e-01,               500000
  2.0194340655637e+00,  1.1327082734532e+00,  1.1344721381594e+00, -1.7122747270316e-01,  3.6999643338143e-01,  8.6022838058440e-04, -1.5652913329794e-03, -5.2772215750193e-01, -7.4743920469840e-03, -3.0887961241533e+00,  1.4251461975149e-01, -4.1776703565849e+00,  1.5146384610000e+00,  9.0557800000000e-01,               500000
  2.0205238223066e+00,  1.1335151598956e+00,  1.1342889744476e+00, -1.7137228301977e-01,  3.5011857344168e-01,  8.3680173690269e-04, -4.6631879022358e-03, -3.7565058746505e-01,  1.1813993058307e-02, -2.5775676247967e+00,  1.5296144091913e-01, -2.9828903391311e+00,  1.4808460090000e+00,  9.0565000000000e-01,               500000
  2.0222313858486e+00,  1.1341421222784e+00,  1.1328801729123e+00, -1.7815055997459e-01,  3.5054761814289e-01,  8.3731429958277e-04,  1.6994920021903e-02, -3.5932709418628e-01,  1.8463674279203e-01, -2.1977638781932e+00,  1.2356017935501e-01, -3.7217362738300e+00,  1.5151135330000e+00,  9.0706000000000e-01,               500000
  2.0212547294560e+00,  1.1329512959467e+00,  1.1306094441314e+00, -1.7532077347411e-01,  3.9709694111247e-01,  8.9117556195452e-04, -3.8372108698579e-03, -4.8454114927669e-01,  5.3342818153755e-02, -3.3760254824341e+00, -1.1394809143739e-01, -3.8623339698128e+00,  1.4910261740000e+00,  8.9896400000000e-01,               500000
  2.0209850442065e+00,  1.1313826675309e+00,  1.1295170338545e+00, -1.7299331222676e-01,  4.0144708095864e-01,  8.9604361607975e-04,  2.0490456913433e-04, -4.3681928348534e-01, -4.4983528899534e-02, -3.1926356193961e+00, -1.6395220708708e-01, -3.5320625885585e+00,  1.3948849450000e+00,  9.0606800000000e-01,               500000
  2.0207439056130e+00,  1.1304155272243e+00,  1.1298993480472e+00, -1.7550032407304e-01,  3.3360455656489e-01,  8.1682869264600e-04,  5.0346635009135e-03, -3.7679900009767e-01, -8.0639068959085e-02, -2.2392045249662e+00, -1.0194363894615e-01, -2.5639451915734e+00,  1.4304554960000e+00,  8.9904400000000e-01,               500000
  2.0197983052641e+00,  1.1303298070168e+00,  1.1310967241995e+00, -1.7572153537801e-01,  3.4162935442267e-01,  8.2659464602993e-04, -1.2350640799341e-03, -4.0361191144999e-01, -8.5946078567843e-02, -2.2829922440960e+00, -6.2150435386388e-02, -2.7442565019228e+00,  1.4515281000000e+00,  9.0205600000000e-01,               500000
  2.0191620154614e+00,  1.1310912862021e+00,  1.1327019251066e+00, -1.7184991868063e-01,  3.5014097728867e-01,  8.3682850965855e-04,  3.3715509185479e-03, -4.2391299051235e-01, -9.7155502367646e-02, -2.6892202322824e+00,  2.6070195470207e-02, -2.7785334910661e+00,  1.5186745890000e+00,  9.0575600000000e-01,               500000
  2.0181118736563e+00,  1.1327278449765e+00,  1.1339446171219e+00, -1.7638896444683e-01,  3.3801192253336e-01,  8.2220669242395e-04, -1.1305193813380e-02, -4.3906457925745e-01,  4.2219176898585e-02, -2.2152331567522e+00,  1.4809923303249e-01, -2.9230426558867e+00,  1.4502562120000e+00,  9.0527400000000e-01,               500000
  2.0189054367211e+00,  1.1338060914253e+00,  1.1338472181853e+00, -1.7340234957758e-01,  3.6149118999827e-01,  8.5028370559275e-04,  2.0705410991531e-04, -3.2357486654846e-01,  7.4176476845356e-02, -2.4254584692182e+00,  1.1564478612729e-01, -3.3168772750000e+00,  1.5344698190000e+00,  9.0587800000000e-01,               500000
  2.0196140984524e+00,  1.1340718807361e+00,  1.1328116379521e+00, -1.7540933267057e-01,  3.2598493494453e-01,  8.0744651209170e-04, -5.4561866478807e-03, -3.9369891777487e-01,  1.4318137787020e-01, -2.2755201920281e+00,  7.6442584772540e-02, -2.8764294463873e+00,  1.4690840730000e+00,  9.0453800000000e-01,               500000
  2.0211091279655e+00,  1.1329347319617e+00,  1.1312533140176e+00, -1.7223129185380e-01,  3.4373073924361e-01,  8.2913296791722e-04,  4.0439566568179e-03, -3.5090264480754e-01,  6.0836110238961e-02, -2.5027623386095e+00, -1.3505382527822e-02, -2.9233396071212e+00,  1.4069085920000e+00,  9.0353800000000e-01,               500000
  2.0218700285148e+00,  1.1313310694077e+00,  1.1299731756387e+00, -1.7151341224882e-01,  3.5858064886636e-01,  8.4685376407779e-04, -2.6667913330152e-03, -3.9794969007932e-01, -4.7407374783783e-02, -2.5685351644717e+00, -9.6445073019341e-02, -3.1496115455704e+00,  1.5000768240000e+00,  9.0560200000000e-01,               500000
  2.0229915928930e+00,  1.1303588026912e+00,  1.1296383993442e+00, -1.7557308144087e-01,  3.5719825591679e-01,  8.4521980090009e-04,  2.0727464185143e-03, -3.7900641002667e-01, -9.1136299774758e-02, -2.5375145675872e+00, -1.2854417250263e-01, -2.8653389410089e+00,  1.4751242870000e+00,  9.0391800000000e-01,               500000
  2.0237160610162e+00,  1.1303824704772e+00,  1.1304245348862e+00, -1.7454992417140e-01,  3.7425901652619e-01,  8.6516936668631e-04, -2.4645833841768e-03, -3.4841122045712e-01, -1.3403567007249e-01, -2.8165855868222e+00, -8.5249603723952e-02, -3.2225927958392e+00,  1.4778810160000e+00,  9.0612400000000e-01,               500000
  2.0247716969848e+00,  1.1317248124649e+00,  1.1318614202377e+00, -1.6898958861503e-01,  3.8351768896967e-01,  8.7580555943620e-04,  6.7433113032412e-03, -4.3567242171438e-01, -1.0911207415190e-01, -3.1606707012962e+00, -1.2275120524678e-02, -3.4648705936195e+00,  1.4021813950000e+00,  9.0588600000000e-01,               500000
  2.0247264224128e+00,  1.1340158600906e+00,  1.1332745720204e+00, -1.7475797612004e-01,  3.3690980013042e-01,  8.2086515351844e-04,  7.0996570533795e-03, -3.8381591204436e-01,  1.1394298963936e-01, -2.7856122345509e+00,  1.1851760769672e-01, -2.6904384973486e+00,  1.4565480520000e+00,  9.0436600000000e-01,               500000
  2.0236288939220e+00,  1.1349798650692e+00,  1.1335627698035e+00, -1.6718414090588e-01,  3.4101286907355e-01,  8.2584849587991e-04,  1.2331143404994e-02, -3.6252566663743e-01,  1.4660203671698e-01, -2.6289503672040e+00,  6.3493935628955e-02, -2.6995604651732e+00,  1.4605035380000e+00,  9.0416600000000e-01,               500000
  2.0207802086566e+00,  1.1344256722389e+00,  1.1332989926429e+00, -1.7290529058782e-01,  3.5664230065577e-01,  8.4456178063629e-04,  1.8584086948897e-02, -3.9163126876405e-01,  1.7546880953076e-01, -2.5648511198011e+00,  5.6396730687709e-02, -3.3250008113526e+00,  1.4488613590000e+00,  9.0561600000000e-01,               500000
  2.0154037388869e+00,  1.1322189481332e+00,  1.1325992285006e+00, -1.7665234369282e-01,  3.2204169120876e-01,  8.0254805614214e-04, -1.9212971350886e-04, -3.5330769234446e-01,  4.7769217766070e-02, -2.0750008368447e+00,  2.9231881124068e-02, -2.6118705305820e+00,  1.4786438550000e+00,  9.0561000000000e-01,               500000
  2.0106128706806e+00,  1.1297706152569e+00,  1.1317322242705e+00, -1.7186995366012e-01,  3.7481109711174e-01,  8.6580725004096e-04, -1.5792093322454e-02, -4.1661734027867e-01, -1.9524789330645e-01, -2.9564025672357e+00, -1.3165232546611e-02, -3.2271098536155e+00,  1.4724226610000e+00,  9.0011400000000e-01,               500000
  2.0087537740960e+00,  1.1294986523105e+00,  1.1310757161113e+00, -1.6466796447014e-01,  3.8295695728211e-01,  8.7516507846475e-04, -2.4753413764472e-02, -4.7771232861481e-01, -2.1112106078974e-01, -3.1524165041982e+00, -1.6281913699261e-01, -3.0621111886433e+00,  1.4704003400000e+00,  9.0388400000000e-01,               500000
  2.0109069644379e+00,  1.1313449082253e+00,  1.1318778400998e+00, -1.6535166166115e-01,  4.0917878523160e-01,  9.0463117924556e-04, -2.0105086728601e-02, -5.1925708676808e-01, -1.5361760540000e-01, -4.1476837298833e+00, -8.6305907878519e-02, -3.5610857587779e+00,  1.4422853680000e+00,  9.0120400000000e-01,               500000
  2.0159546065072e+00,  1.1345407425181e+00,  1.1333490848435e+00, -1.7203281357951e-01,  3.2589513301964e-01,  8.0733528725015e-04,  1.9840492562257e-03, -3.5979948259008e-01,  1.4133005029435e-01, -2.1326805927774e+00,  7.5391634431687e-02, -2.8999722199145e+00,  1.4225776710000e+00,  9.0479400000000e-01,               500000
  2.0202292192092e+00,  1.1360382860999e+00,  1.1340463151143e+00, -1.6811219408781e-01,  3.4976185710053e-01,  8.3637534289400e-04,  7.6188701574977e-03, -3.6698201475332e-01,  1.7034120397519e-01, -2.5034307798247e+00,  1.1577310733830e-01, -2.9999111004524e+00,  1.4379741550000e+00,  9.0655600000000e-01,               500000
  2.0229420636597e+00,  1.1357194899636e+00,  1.1337011167382e+00, -1.7380280901150e-01,  3.1883848542348e-01,  7.9854678688663e-04,  2.8936857124557e-03, -3.3781883895882e-01,  1.8147507386593e-01, -2.3087474709635e+00,  9.6605114331443e-02, -2.5850770120659e+00,  1.4576723170000e+00,  9.0733000000000e-01,               500000
  2.0249694250611e+00,  1.1336521133522e+00,  1.1325765950855e+00, -1.7624845521191e-01,  3.2638628669990e-01,  8.0794342215269e-04,  1.6836733020592e-02, -3.3953411208964e-01,  1.1468980827042e-01, -2.1842774319805e+00,  5.8564342188093e-02, -2.8594993590757e+00,  1.4783193390000e+00,  9.0476000000000e-01,               500000
  2.0242351695643e+00,  1.1306658341732e+00,  1.1310744488895e+00, -1.6524797441482e-01,  3.6034125385604e-01,  8.4893021368783e-04, -5.8774883337753e-04, -3.8474408114424e-01, -1.2548857215980e-01, -2.6155521723997e+00, -1.1253006528755e-01, -3.0496891960555e+00,  1.4013731050000e+00,  8.9993400000000e-01,               500000
  2.0236931660732e+00,  1.1292298541298e+00,  1.1306968903647e+00, -1.7606431584618e-01,  3.6302338885315e-01,  8.5208378561400e-04, -1.4623607384069e-03, -4.1005389145937e-01, -1.1776019410675e-01, -2.4083188844140e+00, -1.3087148217011e-01, -3.1626803583345e+00,  1.3982795350000e+00,  9.0285600000000e-01,               500000
  2.0234613889399e+00,  1.1291149545414e+00,  1.1314920411326e+00, -1.7286347935346e-01,  3.5447148413538e-01,  8.4198751075699e-04, -5.7160998707249e-03, -3.3816937714206e-01, -2.0922435508854e-01, -2.4089463092962e+00, -9.8546040284439e-02, -2.9166943039520e+00,  1.4435157800000e+00,  9.0301000000000e-01,               500000
  2.0241604575591e+00,  1.1310984454631e+00,  1.1330673417426e+00, -1.7283982534151e-01,  3.4751863775935e-01,  8.3368895609735e-04,  1.0119241290236e-02, -3.3813550744023e-01, -7.9114318499609e-02, -2.5352244441106e+00,  5.2217626395251e-02, -2.9825281825170e+00,  1.4588583720000e+00,  9.0764000000000e-01,               500000
  2.0232535080785e+00,  1.1336847875784e+00,  1.1340512522026e+00, -1.6622109688897e-01,  3.5303857712318e-01,  8.4028397238455e-04, -6.6649118490794e-03, -3.4376097635245e-01,  5.5104747075103e-02, -2.8894170786781e+00,  3.4493870693581e-02, -2.9389682529789e+00,  1.5037219470000e+00,  9.0198400000000e-01,               500000
  2.0234935230300e+00,  1.1354824392071e+00,  1.1346537933763e+00, -1.6775424124140e-01,  3.8286643101531e-01,  8.7506163327541e-04, -1.6914073088961e-02, -4.1667668732306e-01,  8.5531292483680e-02, -2.8740536258279e+00,  8.3004079418263e-02, -3.5827224271955e+00,  1.4328937290000e+00,  9.0091800000000e-01,               500000
  2.0263572027113e+00,  1.1362648359554e+00,  1.1344962383800e+00, -1.6920920539820e-01,  3.7957395498639e-01,  8.7129094450292e-04,  4.7032351580627e-03, -4.5429546385710e-01,  2.0485022105102e-01, -2.8002243778495e+00,  9.7971092913499e-02, -3.7454403053457e+00,  1.4314833840000e+00,  9.0323200000000e-01,               500000
  2.0282453393750e+00,  1.1349409421634e+00,  1.1335238258158e+00, -1.7064648387589e-01,  3.5836907180177e-01,  8.4660388825208e-04, -6.1241227265562e-05, -4.3013148476422e-01,  1.4124877307078e-01, -2.4954100214148e+00,  7.3945322163243e-02, -3.2697436155616e+00,  1.4138932770000e+00,  9.0239000000000e-01,               500000
  2.0299904328866e+00,  1.1323505410150e+00,  1.1320214087030e+00, -1.7866488841745e-01,  3.5321860274637e-01,  8.4049818886940e-04,  2.4451303003769e-03, -3.7391442648992e-01,  3.8829172892899e-02, -2.5692371615605e+00,  3.2170389656142e-02, -3.3268080640736e+00,  1.4684637280000e+00,  9.0396800000000e-01,               500000
  2.0312127157580e+00,  1.1296398989886e+00,  1.1304024720225e+00, -1.7203330369681e-01,  3.8239846904610e-01,  8.7452669375623e-04,  4.7354763776915e-03, -3.9757958497545e-01, -1.5703366163242e-01, -3.0822382785110e+00, -1.5182475559562e-01, -3.4362047154590e+00,  1.4585977430000e+00,  9.0239400000000e-01,               500000
  2.0316083752213e+00,  1.1287849915651e+00,  1.1302764227326e+00, -1.7136096875764e-01,  3.7252646888366e-01,  8.6316449056210e-04, -5.3586932517936e-04, -4.4766199216567e-01, -1.5236437571210e-01, -2.2571299419681e+00, -1.7582697459038e-01, -3.9039281629142e+00,  1.4493626510000e+00,  9.0311200000000e-01,               500000
  2.0320835160414e+00,  1.1295526687826e+00,  1.1317076181705e+00, -1.7222041154714e-01,  3.6419400943442e-01,  8.5345651258212e-04, -2.4191963825622e-03, -4.4468592490958e-01, -1.5374422975061e-01, -3.1691306992769e+00, -1.3136562388843e-02, -2.8596005562296e+00,  1.4056616350000e+00,  9.0782400000000e-01,               500000
  2.0329243660389e+00,  1.1318022054600e+00,  1.1331246526624e+00, -1.6942073985105e-01,  3.7160593325916e-01,  8.6209736487147e-04,  1.7466844022956e-03, -4.4859214351695e-01, -2.7388593245782e-02, -2.8734422170596e+00,  9.9241327164810e-02, -3.9275414169997e+00,  1.4583467760000e+00,  9.0602800000000e-01,               500000
  2.0334442539603e+00,  1.1341197543047e+00,  1.1335539319517e+00, -1.7285945436433e-01,  3.3129422695670e-01,  8.1399536479847e-04,  1.0706467649031e-02, -3.8142032828170e-01,  1.3742021072454e-01, -2.2108551955051e+00,  8.9743087202450e-02, -3.0823447276540e+00,  1.4307913110000e+00,  9.0007600000000e-01,               500000
  2.0322660761950e+00,  1.1348369089583e+00,  1.1331708536228e+00, -1.7420604899300e-01,  3.4162963220481e-01,  8.2659498208592e-04,  1.5535648652117e-02, -3.4843082539608e-01,  2.0194294446770e-01, -3.3223977794898e+00,  9.0257178597267e-02, -2.8611431149579e+00,  1.4404503520000e+00,  9.0438600000000e-01,               500000
  2.0288000403882e+00,  1.1334670459123e+00,  1.1320489093920e+00, -1.7747588421644e-01,  3.5475303770699e-01,  8.4232183600687e-04,  7.9074114246678e-03, -3.2915391014907e-01,  1.0459833303102e-01, -2.7502991132721e+00,  6.7546152741758e-02, -2.8891287869907e+00,  1.4522825060000e+00,  9.0770200000000e-01,               500000
  2.0244625573274e+00,  1.1311921571004e+00,  1.1304586847469e+00, -1.7003219189385e-01,  3.6366933526234e-01,  8.5284152720461e-04, -6.7353578602479e-03, -4.2846421951860e-01, -8.0038067783432e-02, -2.6097746095969e+00, -1.2129542804860e-01, -3.3284023617832e+00,  1.4623787570000e+00,  9.0496400000000e-01,               500000
  2.0216446861361e+00,  1.1299627144835e+00,  1.1301037962054e+00, -1.7465446215162e-01,  3.6047463605817e-01,  8.4908731713314e-04, -4.1854875685483e-03, -4.2254827336360e-01, -8.9273681405469e-02, -2.5794498857989e+00, -1.0324757128560e-01, -3.0384630957206e+00,  1.4451859650000e+00,  9.0094200000000e-01,               500000
  2.0197960898127e+00,  1.1297700152374e+00,  1.1307039867449e+00, -1.7550256668284e-01,  3.9362802691737e-01,  8.8727450872588e-04, -1.6539238633794e-02, -4.8926678974733e-01, -1.2125299004286e-01, -2.7004567196608e+00, -1.3454381691892e-01, -3.9135113179898e+00,  1.4267841530000e+00,  9.0464400000000e-01,               500000
  2.0207714540746e+00,  1.1308371744989e+00,  1.1324451203271e+00, -1.6876949326559e-01,  3.6129831953207e-01,  8.5005684460754e-04,  3.4832445932331e-03, -3.8414238907626e-01, -6.5868786488642e-02, -2.3689889728103e+00, -1.7737034374256e-02, -3.3626285683120e+00,  1.4803170630000e+00,  9.0438600000000e-01,               500000
  2.0211324118200e+00,  1.1324787523736e+00,  1.1341857621384e+00, -1.8620024323005e-01,  3.2812281839616e-01,  8.1008989426626e-04,  1.4251650401988e-02, -3.5955755802059e-01,  9.7908671028985e-02, -2.1122903419418e+00,  2.1319861527520e-01, -2.9734222910376e+00,  1.4034489690000e+00,  9.0338000000000e-01,               500000
  2.0192406861154e+00,  1.1329751627844e+00,  1.1338874286107e+00, -1.7482052981124e-01,  3.5476543974081e-01,  8.4233655950672e-04, -4.4757776077574e-04, -4.6032850981103e-01,  3.0122967860435e-04, -2.9328239495773e+00,  1.1507124584915e-01, -2.7514377451730e+00,  1.4352969770000e+00,  9.0628200000000e-01,               500000
  2.0176422620531e+00,  1.1334345173279e+00,  1.1326150358428e+00, -1.7099634236144e-01,  3.2916289317681e-01,  8.1137277890845e-04,  5.6308980145510e-03, -3.6123455579834e-01,  4.8763525350733e-02, -2.2468784889306e+00,  3.9602586486148e-02, -2.5823407574955e+00,  1.4074582850000e+00,  8.9919200000000e-01,               500000
  2.0153403536351e+00,  1.1333634642638e+00,  1.1311293291026e+00, -1.7709461144251e-01,  3.2100414386265e-01,  8.0125419669747e-04,  6.7496867279808e-03, -3.3209807951386e-01,  9.1117033451963e-02, -2.0718302209467e+00, -1.1631088209482e-02, -2.4527908987416e+00,  1.4338572970000e+00,  9.0504000000000e-01,               500000
  2.0122240785048e+00,  1.1323808053940e+00,  1.1299038523717e+00, -1.7245906722552e-01,  4.1483503046712e-01,  9.1086226232853e-04, -9.0301824562556e-03, -4.9199536597322e-01, -1.1001419392697e-02, -3.2512190876455e+00, -1.0903916789715e-01, -4.9399008595993e+00,  1.3937539590000e+00,  9.0484800000000e-01,               500000
  2.0108857782310e+00,  1.1316239415157e+00,  1.1297881983719e+00, -1.7275393104217e-01,  3.7324329318770e-01,  8.6399455228340e-04,  4.1071845516271e-04, -3.9899825866027e-01, -6.7288859108748e-02, -2.3760490822924e+00, -2.2732819152396e-01, -3.7147286489337e+00,  1.4906347930000e+00,  9.0279800000000e-01,               500000
  2.0096458226544e+00,  1.1316422418614e+00,  1.1317174741036e+00, -1.7162340201763e-01,  3.6266581057640e-01,  8.5166403067924e-04, -1.7287256294647e-02, -4.3175213313524e-01, -7.0188426001754e-02, -2.7146516465736e+00, -7.0391666771527e-02, -3.0903441982105e+00,  1.5649467870000e+00,  9.0631600000000e-01,               500000
  2.0113062970350e+00,  1.1323917306983e+00,  1.1340957015458e+00, -1.7887703541383e-01,  3.1645976773429e-01,  7.9556240199533e-04,  4.2981398814685e-03, -2.8640140843753e-01,  2.5039054532798e-02, -2.1378589778673e+00,  2.1210161576776e-01, -2.5155469202637e+00,  1.5010176560000e+00,  9.0541400000000e-01,               500000
  2.0121430154420e+00,  1.1328213870012e+00,  1.1343627512419e+00, -1.7874783365910e-01,  3.4323863386451e-01,  8.2853923728996e-04,  1.0789950625420e-02, -3.8882987104695e-01,  1.1783748872152e-01, -2.2956757638324e+00,  2.0170942193479e-01, -3.2931941296091e+00,  1.4328566040000e+00,  9.0063600000000e-01,               500000
  2.0112122262356e+00,  1.1320096326418e+00,  1.1328228461887e+00, -1.6884919808474e-01,  3.3614320680708e-01,  8.1993073708342e-04, -2.0953493712113e-02, -3.5999427712597e-01, -4.1776307948486e-02, -2.5109521050138e+00,  5.9412505782453e-03, -2.6382114247553e+00,  1.5188986070000e+00,  9.0557000000000e-01,               500000
  2.0137310849436e+00,  1.1317207308108e+00,  1.1313934808742e+00, -1.7410834226020e-01,  3.4529881924164e-01,  8.3102204452306e-04, -1.4530753376506e-03, -3.8458187581676e-01, -3.9617169985542e-02, -2.6249515173177e+00, -3.9702159345083e-02, -2.6610104744364e+00,  1.4810098440000e+00,  9.0727600000000e-01,               500000
  2.0162633522362e+00,  1.1318821665206e+00,  1.1304713521611e+00, -1.7001021943063e-01,  4.0513681716880e-01,  9.0015200623984e-04, -8.8385292909623e-03, -6.6415515774306e-01,  2.3789501416051e-02, -2.5793433451092e+00, -1.9683155601513e-01, -5.9209800213238e+00,  1.4514694230000e+00,  9.1059400000000e-01,               500000
  2.0200047740326e+00,  1.1317954170223e+00,  1.1314259343443e+00, -1.7128897506500e-01,  3.7331986557883e-01,  8.6408317374988e-04, -8.3793665256980e-03, -3.7317666112862e-01, -3.0451636689249e-02, -3.0129917173453e+00, -1.1476175017196e-01, -3.2402124167810e+00,  1.4337457760000e+00,  9.0334400000000e-01,               500000
  2.0247411024988e+00,  1.1320476577304e+00,  1.1333274699754e+00, -1.7094256902580e-01,  3.6288001863318e-01,  8.5191551063844e-04, -6.5484057027333e-03, -4.1066580394476e-01, -2.2322304583776e-02, -2.5474392479095e+00,  4.6409882961097e-02, -3.5786130137281e+00,  1.4661974130000e+00,  9.0442400000000e-01,               500000
  2.0300872007527e+00,  1.1325194019542e+00,  1.1346416901420e+00, -1.7330192493527e-01,  3.0732168432982e-01,  7.8399194425685e-04,  5.5675937414845e-03, -3.1061829264511e-01,  3.9263706527207e-02, -2.0452689933055e+00,  1.7714559142150e-01, -2.4917707411425e+00,  1.4319543360000e+00,  9.0697600000000e-01,               500000
  2.0340405326564e+00,  1.1325479832397e+00,  1.1342478688878e+00, -1.6554836780691e-01,  4.5594032091919e-01,  9.5492441681967e-04, -7.8947620251663e-03, -8.1016904970553e-01, -2.6105335222284e-02, -4.2559797875275e+00,  4.5849326593745e-02, -7.0330776685647e+00,  1.4511675350000e+00,  9.0405200000000e-01,               500000
  2.0389305802946e+00,  1.1328670581224e+00,  1.1335125695895e+00, -1.7159371388063e-01,  4.0235713738942e-01,  8.9705867967421e-04, -1.6126857510711e-02, -5.6022721112794e-01, -3.0374133810590e-03, -3.5740037835590e+00, -2.9108402497026e-03, -4.1443421852537e+00,  2.0252071500000e+00,  9.1048200000000e-01,               500000
  2.0459555512971e+00,  1.1332048844894e+00,  1.1328945801301e+00, -1.6912577437452e-01,  3.2097209848851e-01,  8.0121420168206e-04,  6.3562235843239e-03, -3.0698460043983e-01,  6.5813345421643e-02, -2.5317569953070e+00,  8.0111264255143e-02, -2.2640579353722e+00,  1.8875269420000e+00,  9.0623600000000e-01,               500000
  2.0512929250220e+00,  1.1328367403914e+00,  1.1316258721802e+00, -1.7619458550051e-01,  3.3173278201898e-01,  8.1453395511664e-04,  2.2030124129454e-02, -3.4663857618390e-01,  5.8822680426697e-02, -2.5786439635736e+00,  1.5882958763801e-02, -2.5164700585687e+00,  1.4231488890000e+00,  9.0325000000000e-01,               500000
  2.0525934151501e+00,  1.1319044695834e+00,  1.1303502264383e+00, -1.7620446908968e-01,  3.6823545131103e-01,  8.5817882904559e-04,  6.1623165664748e-03, -4.2471344066374e-01, -9.4915970905036e-03, -2.5906890293528e+00, -9.4251912537033e-02, -3.3888979002377e+00,  1.6568849470000e+00,  9.0665800000000e-01,               500000
  2.0528125021457e+00,  1.1311768518777e+00,  1.1300677206007e+00, -1.7250640682061e-01,  3.9048242557753e-01,  8.8372215721631e-04,  1.5020836576065e-03, -3.9408339400467e-01, -6.5802243535295e-03, -3.1871324448430e+00, -1.2922783172629e-01, -3.4894981858541e+00,  1.4544540290000e+00,  9.0544600000000e-01,               500000
  2.0528006468489e+00,  1.1306065352299e+00,  1.1309983597599e+00, -1.7629210110112e-01,  3.2512577104717e-01,  8.0638175952481e-04,  5.0588238265792e-03, -3.6428142781475e-01, -4.9547118479907e-02, -2.1088117505531e+00, -9.4747337412890e-03, -2.7127676681314e+00,  1.3529939600000e+00,  9.0113600000000e-01,               500000
  2.0520065697084e+00,  1.1306230497759e+00,  1.1319354258951e+00, -1.7212480013449e-01,  3.3655677956960e-01,  8.2043498166472e-04,  1.1837580459163e-02, -3.1461267824454e-01, -6.8600301343634e-02, -2.3793815016409e+00, -1.0505658132295e-02, -2.6255698308279e+00,  1.4309404890000e+00,  9.0149200000000e-01,               500000
  2.0494137938126e+00,  1.1313707622168e+00,  1.1328873995627e+00, -1.7290479597070e-01,  3.3810970747946e-01,  8.2232561370720e-04,  1.5573400268802e-02, -3.6735262958908e-01, -3.6639626719499e-02, -2.6917110125003e+00,  1.2240514794823e-01, -2.7539418959012e+00,  1.4484410850000e+00,  9.0654200000000e-01,               500000
  2.0446062266257e+00,  1.1324442134058e+00,  1.1326451947083e+00, -1.7242862429034e-01,  3.3738950998040e-01,  8.2144934108002e-04,  1.6366000871954e-02, -3.0291291212968e-01,  4.5148366828331e-02, -2.3467039829092e+00,  9.0431340210604e-02, -2.9185178223595e+00,  1.4248077360000e+00,  9.0750600000000e-01,               500000
  2.0376737746532e+00,  1.1329486166817e+00,  1.1316170668731e+00, -1.6942562731220e-01,  3.4618874425862e-01,  8.3209223558283e-04,  2.5391486804636e-02, -3.2652473130961e-01,  7.0294004935816e-02, -2.4696323014085e+00, -2.6778819835143e-02, -2.8161364527641e+00,  1.3953953770000e+00,  9.0374200000000e-01,               500000
  2.0274056885128e+00,  1.1326748187299e+00,  1.1309472756361e+00, -1.6756122204366e-01,  3.7305722525050e-01,  8.6377916767019e-04, -3.0917723764312e-03, -4.5787431705352e-01,  2.0497614303481e-02, -2.6999227108960e+00, -9.2896582032126e-02, -3.4126035172976e+00,  1.4340803540000e+00,  9.0747600000000e-01,               500000
  2.0186838013207e+00,  1.1322257409522e+00,  1.1312072462362e+00, -1.6763799692458e-01,  3.8998413499826e-01,  8.8315812287298e-04, -6.2695292750126e-03, -5.0879078640944e-01, -6.9468577693133e-02, -3.1145408188753e+00, -7.6659216024632e-02, -3.6102093514635e+00,  1.4517617900000e+00,  9.0863000000000e-01,               500000
  2.0118728670627e+00,  1.1325723827167e+00,  1.1321588683322e+00, -1.7491372736179e-01,  3.2730185820826e-01,  8.0907584095468e-04, -3.0071596697160e-03, -4.0958059086942e-01,  4.1591710792217e-02, -2.1392123655633e+00, -7.2099506380839e-03, -2.8306942445205e+00,  1.4053024050000e+00,  9.0227400000000e-01,               500000
  2.0062510464035e+00,  1.1324554986265e+00,  1.1330956354285e+00, -1.7244875938904e-01,  3.7393026755638e-01,  8.6478930099346e-04, -8.1258654737170e-03, -4.4134590994477e-01, -7.6565866519271e-02, -3.3716251571937e+00,  4.0533312391720e-02, -3.1178254085678e+00,  1.4380069930000e+00,  9.0713800000000e-01,               500000
  2.0025311920209e+00,  1.1331803839343e+00,  1.1335826114941e+00, -1.6909072034580e-01,  3.7622761272818e-01,  8.6744177064305e-04, -3.8240587984970e-03, -3.8835000751714e-01, -3.9569688421557e-02, -2.8807500463997e+00,  6.7577684580523e-02, -3.4571648637743e+00,  1.4104549260000e+00,  9.0564400000000e-01,               500000
  1.9998271126249e+00,  1.1342695207488e+00,  1.1334168069887e+00, -1.7528351498252e-01,  3.4516561103957e-01,  8.3086173463407e-04, -7.2420027978289e-04, -3.9436525588596e-01,  1.3521330510057e-01, -2.4294383263976e+00,  5.4574688590242e-02, -3.1330355322869e+00,  1.3915685090000e+00,  9.0211600000000e-01,               500000
  1.9975386486536e+00,  1.1338254576737e+00,  1.1327798369879e+00, -1.7809815964876e-01,  3.1547592132770e-01,  7.9432477152322e-04, -5.6497223906523e-04, -2.9611216548632e-01,  8.3031698913123e-02, -2.0218059769079e+00,  8.3786312472907e-02, -2.5595396484418e+00,  1.4198708070000e+00,  8.9972600000000e-01,               500000
  1.9955913103554e+00,  1.1325516402333e+00,  1.1314458717448e+00, -1.7738279520679e-01,  3.3919903870976e-01,  8.2364924416861e-04, -1.8555200548997e-02, -4.0599745449074e-01, -3.9181485257013e-02, -2.6170188909753e+00,  1.6791850212172e-02, -2.6432492401612e+00,  1.4429921460000e+00,  9.0620200000000e-01,               500000
  1.9968751078184e+00,  1.1318354013758e+00,  1.1301007580443e+00, -1.6840843744045e-01,  3.6478881789009e-01,  8.5415316880533e-04, -3.5609088516144e-04, -3.5698034547162e-01, -2.1506919942881e-02, -2.2917219438286e+00, -1.7092575246944e-01, -3.3905454606000e+00,  1.3840404240000e+00,  9.0166600000000e-01,               500000
  1.9981189301642e+00,  1.1314318120990e+00,  1.1304827934717e+00, -1.7195222337109e-01,  3.4379191236336e-01,  8.2920674426027e-04, -2.7738251610866e-02, -3.7963055092784e-01, -9.2273643816329e-02, -2.2790781216173e+00, -1.8546541091991e-01, -2.7344868662140e+00,  1.4836108680000e+00,  9.0312000000000e-01,               500000
  2.0037445522578e+00,  1.1320673681724e+00,  1.1325532415243e+00, -1.8259302712769e-01,  3.2587153049354e-01,  8.0730605162297e-04,  2.3350686395815e-03, -3.0990897195953e-01,  4.6623627864120e-02, -2.0380421036852e+00,  2.4735331626135e-02, -2.8067547210979e+00,  1.4635114780000e+00,  9.0625400000000e-01,               500000
  2.0084626220950e+00,  1.1321516532449e+00,  1.1342035623330e+00, -1.7507943651327e-01,  3.6254790755601e-01,  8.5152558100859e-04,  6.6218649917992e-04, -4.0495827407934e-01, -7.0220292811849e-02, -3.7016724204732e+00,  1.4985000259718e-01, -2.7824104138632e+00,  1.4259541970000e+00,  9.0710000000000e-01,               500000
  2.0126409084068e+00,  1.1330007740926e+00,  1.1343151198399e+00, -1.6679976306819e-01,  3.5034562119172e-01,  8.3707302093870e-04, -1.0650500126410e-02, -3.9366107003813e-01,  6.6003918943438e-03, -2.4793713342467e+00,  5.0277711534598e-02, -3.0450446966496e+00,  1.3685497120000e+00,  9.0463200000000e-01,               500000
  2.0181626520547e+00,  1.1337085522936e+00,  1.1339633374962e+00, -1.7024655903820e-01,  3.3744102487012e-01,  8.2151205087950e-04,  2.3424061798090e-03, -4.1591644485843e-01,  5.0441405627547e-02, -2.4482572417402e+00,  7.9701511574172e-02, -3.0112883024704e+00,  1.4724950460000e+00,  9.0224800000000e-01,               500000
  2.0227931252548e+00,  1.1338169154086e+00,  1.1329198088589e+00, -1.7366638833272e-01,  3.5623903019950e-01,  8.4408415480863e-04,  8.0408001555905e-05, -3.9402331375106e-01,  9.7704783688053e-02, -2.7339298008173e+00,  5.4755221379212e-02, -2.9976926384299e+00,  1.4355351580000e+00,  9.0438200000000e-01,               500000
  2.0269858418130e+00,  1.1328766940904e+00,  1.1314837583906e+00, -1.7791700355582e-01,  3.3154924889352e-01,  8.1430860107643e-04,  3.6900850593514e-03, -3.5899682363478e-01,  6.0199788659216e-02, -2.3604938631174e+00, -1.8093513468166e-02, -2.5160180459446e+00,  1.4965481680000e+00,  9.0282000000000e-01,               500000
  2.0301930967077e+00,  1.1313925613708e+00,  1.1303696838054e+00, -1.7436750291330e-01,  3.4780122459791e-01,  8.3402784677481e-04, -5.2427101342455e-03, -3.6725963630736e-01, -2.9886722379342e-02, -2.7332175605131e+00, -7.1968921227313e-02, -2.7853722894651e+00,  1.5219518970000e+00,  9.0498600000000e-01,               500000
  2.0339681638657e+00,  1.1303925355920e+00,  1.1300501648009e+00, -1.7551958243620e-01,  3.9132160265313e-01,  8.8467124136950e-04, -1.1110146331324e-02, -4.7350028488422e-01, -4.6637101275630e-02, -2.3861775824069e+00, -2.0884993020213e-01, -3.9430879326743e+00,  1.4764963740000e+00,  9.0301400000000e-01,               500000
  2.0392193152454e+00,  1.1300087420474e+00,  1.1317307795052e+00, -1.7069659467819e-01,  3.6235501544447e-01,  8.5129902554210e-04, -1.5062132214611e-03, -3.5606422640589e-01, -1.4744672879722e-01, -2.6810038995641e+00, -5.0013694803136e-02, -2.9330192649902e+00,  1.4784612620000e+00,  9.0898200000000e-01,               500000
  2.0442275860085e+00,  1.1312743451931e+00,  1.1337268735328e+00, -1.7127426926307e-01,  3.3070638017974e-01,  8.1327286955823e-04,  4.0126835699471e-03, -3.8644561869261e-01, -5.9021098227846e-02, -2.3830350367970e+00,  1.0867351702287e-01, -3.1301096933531e+00,  1.4315713300000e+00,  9.0465200000000e-01,               500000
  2.0481164244279e+00,  1.1330679833587e+00,  1.1345228859347e+00, -1.6636706745696e-01,  3.3024727321145e-01,  8.1270815575020e-04,  8.7533361210270e-03, -3.3094001755999e-01,  4.5300501092993e-02, -2.2014311619613e+00,  1.7262720806727e-01, -2.7028174371108e+00,  1.4557681590000e+00,  9.0320800000000e-01,               500000
  2.0502133331821e+00,  1.1342045571173e+00,  1.1336350450446e+00, -1.7398504900089e-01,  3.9311668551782e-01,  8.8669801569398e-04,  2.5993142804941e-02, -3.7426592258919e-01,  5.4204029037335e-02, -4.4909737098568e+00,  1.3575439984270e-01, -3.9290843334558e+00,  1.4815527360000e+00,  9.0363000000000e-01,               500000
  2.0478801654458e+00,  1.1346638264310e+00,  1.1315800529625e+00, -1.6882903516538e-01,  3.3452452213617e-01,  8.1795418225738e-04,  1.7584524087714e-02, -3.2019945526010e-01,  1.4293350419827e-01, -2.2801866578811e+00, -6.0107306903098e-02, -2.7913544403229e+00,  1.5127568910000e+00,  9.0431600000000e-01,               500000
  2.0429363849567e+00,  1.1335339784260e+00,  1.1303056986774e+00, -1.6587046690742e-01,  3.6069649909721e-01,  8.4934857284534e-04, -6.2527750710962e-03, -4.0774227976747e-01,  4.3169972059190e-02, -2.4172822392233e+00, -1.4449017529474e-01, -3.2223928701066e+00,  1.4229598350000e+00,  9.0364400000000e-01,               500000
  2.0395369842967e+00,  1.1320581958148e+00,  1.1305314846742e+00, -1.6759794755767e-01,  3.4400283987565e-01,  8.2946107790017e-04,  1.5935592131569e-02, -4.0727257197877e-01,  1.9803519675053e-02, -2.4393903465527e+00, -1.1751157795624e-01, -2.8452667411708e+00,  1.4975542810000e+00,  9.0315400000000e-01,               500000
  2.0339063304116e+00,  1.1305251301122e+00,  1.1318546924100e+00, -1.7422351850883e-01,  3.6051741855990e-01,  8.4913770209537e-04,  7.5226701649459e-03, -3.7302352016141e-01, -5.6616772986996e-02, -2.7875250458826e+00,  4.1069203769636e-02, -2.8104288785864e+00,  1.3717700990000e+00,  9.0076400000000e-01,               500000
  2.0276324466088e+00,  1.1297776861017e+00,  1.1326733331539e+00, -1.7505654259066e-01,  3.8428867316578e-01,  8.7668543180069e-04,  4.4790662836774e-03, -3.8471057545134e-01, -8.9117042478094e-02, -2.1343350235028e+00, -1.2940978085238e-02, -4.7758063726252e+00,  1.5847355630000e+00,  9.0644200000000e-01,               500000
  2.0212757941913e+00,  1.1300913702612e+00,  1.1335559429789e+00, -1.7030238140861e-01,  3.4549974785731e-01,  8.3126379430035e-04, -5.4405772591346e-03, -3.5919023680305e-01, -1.2434076780301e-01, -2.3069268478988e+00,  7.4936789251080e-02, -3.0903164770173e+00,  1.4168198540000e+00,  9.0535800000000e-01,               500000
  2.0164696161820e+00,  1.1317491532946e+00,  1.1336574254470e+00, -1.7839937043369e-01,  3.3761853422184e-01,  8.2172809885246e-04,  5.9179216090274e-03, -3.3552932259301e-01, -8.2652558308928e-03, -2.2002484157561e+00,  9.9516671058594e-02, -2.9961794877970e+00,  1.4756842140000e+00,  9.0336000000000e-01,               500000
  2.0111939267328e+00,  1.1333461368543e+00,  1.1328208840837e+00, -1.7624170078460e-01,  3.6232682865486e-01,  8.5126591457060e-04, -5.1512765903398e-03, -4.1727096617902e-01,  4.4646676683131e-02, -2.6850986875008e+00,  2.5791250402823e-02, -3.4429853535970e+00,  1.4510642070000e+00,  9.0221800000000e-01,               500000
  2.0073213509482e+00,  1.1343095594067e+00,  1.1318386818529e+00, -1.6935811207549e-01,  3.9926342476710e-01,  8.9360329539131e-04, -3.0183811138163e-02, -5.1759139644767e-01,  3.6597372451251e-02, -2.8937903628771e+00, -1.5305164569693e-01, -3.8524999028199e+00,  1.4360679170000e+00,  9.0679800000000e-01,               500000
  2.0088369867127e+00,  1.1347910322417e+00,  1.1324246640456e+00, -1.6887865848270e-01,  3.6641267480262e-01,  8.5605218859906e-04, -7.2588212641768e-03, -4.5447889006320e-01,  1.2903995084367e-01, -2.4748541083166e+00, -5.7606012509106e-02, -3.3846404824483e+00,  1.4324996050000e+00,  9.0147400000000e-01,               500000
  2.0114299519603e+00,  1.1338168340767e+00,  1.1335163379907e+00, -1.7462756490667e-01,  3.3154664974397e-01,  8.1430540922183e-04,  1.5102633297111e-03, -3.6910426192833e-01,  5.9615063229550e-02, -2.3100862194969e+00,  9.6072670763654e-02, -2.6180438115545e+00,  1.4867060140000e+00,  9.0278400000000e-01,               500000
  2.0135493439731e+00,  1.1322939393825e+00,  1.1335983420912e+00, -1.7561180468746e-01,  3.1452010374585e-01,  7.9312055041569e-04, -1.3433902085311e-02, -3.1513306142823e-01,  4.0307949633116e-02, -1.9790587200064e+00,  8.7158895647120e-02, -2.4921256658426e+00,  1.5200450450000e+00,  9.0259000000000e-01,               500000
  2.0176896475894e+00,  1.1304870224331e+00,  1.1328536413395e+00, -1.7211968116215e-01,  3.6856306236499e-01,  8.5856049567284e-04, -1.1873392795717e-02, -4.7275678335380e-01, -8.0708873310226e-02, -3.0235161832911e+00, -4.9997927915259e-03, -3.2862443948718e+00,  1.4738827510000e+00,  9.0178000000000e-01,               500000
  2.0234079088857e+00,  1.1297682120594e+00,  1.1322458202876e+00, -1.7158064082974e-01,  3.6745212172922e-01,  8.5726556180593e-04, -6.3684876458319e-03, -3.6809031101612e-01, -1.4897891476280e-01, -2.6289118968854e+00,  4.0169167241779e-03, -3.4290203280695e+00,  1.3962926750000e+00,  9.0818600000000e-01,               500000
  2.0296385046134e+00,  1.1307845638691e+00,  1.1316759819639e+00, -1.7330945627849e-01,  3.3254830281846e-01,  8.1553455208037e-04,  8.8239534334711e-03, -3.6693686320850e-01, -2.0142954371692e-02, -2.2701464001690e+00,  2.5391570835547e-02, -2.6158535022093e+00,  1.4922197330000e+00,  9.0148800000000e-01,               500000
  2.0338285868999e+00,  1.1319364953243e+00,  1.1309319101875e+00, -1.7206511520264e-01,  4.1836122738916e-01,  9.1472534390292e-04,  1.3319309291523e-02, -5.6063413472630e-01,  6.5149866112789e-03, -3.3121595930468e+00, -1.4994547134427e-01, -5.1616058543837e+00,  1.4324258760000e+00,  8.9929000000000e-01,               500000
  2.0354529331852e+00,  1.1329207927022e+00,  1.1317226584176e+00, -1.7732977297776e-01,  3.2503732837419e-01,  8.0627207365032e-04,  1.9318342233545e-02, -2.8903366538436e-01,  9.5864428166199e-02, -2.1992984216983e+00, -4.3574954882724e-05, -2.6773996770582e+00,  1.4224478820000e+00,  8.9987000000000e-01,               500000
  2.0337574376855e+00,  1.1327543410568e+00,  1.1324486233505e+00, -1.7349471721691e-01,  3.5157538113616e-01,  8.3854085307296e-04, -1.2757230311011e-03, -3.8294077297667e-01,  4.5814575979627e-02, -2.4220737909527e+00,  1.3104198197167e-02, -3.1457181801029e+00,  1.4023671880000e+00,  9.0264000000000e-01,               500000
  2.0324711613777e+00,  1.1321078384978e+00,  1.1329921563267e+00, -1.7779941095629e-01,  3.2996836689972e-01,  8.1236490187565e-04,  1.3508434329809e-02, -3.8255107531182e-01,  3.8159043006103e-02, -1.9886344253039e+00,  8.3984549269901e-02, -3.3305366558115e+00,  1.4086179730000e+00,  9.0199200000000e-01,               500000
  2.0291171658617e+00,  1.1311109026512e+00,  1.1326901224264e+00, -1.7882854291213e-01,  3.2386494665687e-01,  8.0481668304884e-04,  2.0041530962792e-02, -3.3848685568514e-01, -1.2300693969938e-02, -2.1270549495567e+00,  9.4168472365239e-02, -2.6074637767249e+00,  1.4288373580000e+00,  9.0469000000000e-01,               500000
  2.0228281726979e+00,  1.1303615536145e+00,  1.1315235390643e+00, -1.6913264701030e-01,  3.5823847218930e-01,  8.4644961124606e-04, -4.1135402743986e-03, -3.6877070603606e-01, -1.0690483797946e-01, -2.4364052469319e+00, -9.2234491852129e-02, -3.0272902999872e+00,  1.4470433520000e+00,  9.0333400000000e-01,               500000
  2.0178695135522e+00,  1.1308946795558e+00,  1.1313763496839e+00, -1.7564825886498e-01,  3.9807673199331e-01,  8.9227432103957e-04, -1.3906941169587e-02, -4.8247497007285e-01, -7.1344060614178e-02, -3.5821878901036e+00, -1.1695553377855e-01, -3.9932267404878e+00,  1.4642718320000e+00,  9.0520800000000e-01,               500000
  2.0157400032764e+00,  1.1321934471791e+00,  1.1323921292195e+00, -1.7557454366764e-01,  3.5709644936459e-01,  8.4509934252085e-04, -4.5978979553640e-03, -3.6097241197260e-01, -1.8894157621500e-02, -2.5629149446924e+00,  4.8545357103915e-02, -2.9483709904324e+00,  1.4203780060000e+00,  9.0583200000000e-01,               500000
  2.0146103054373e+00,  1.1335900736452e+00,  1.1328525285415e+00, -1.6878257123183e-01,  3.8917346700230e-01,  8.8223972592749e-04, -3.8874288484254e-03, -5.2133285421188e-01, -2.4327883553328e-02, -3.7840421519703e+00,  3.4219564482621e-03, -3.3323714152358e+00,  1.4426178910000e+00,  9.0583000000000e-01,               500000
  2.0142783568257e+00,  1.1351430273664e+00,  1.1332504821285e+00, -1.7501614034224e-01,  3.4310640885170e-01,  8.2837963380530e-04,  2.4234894401834e-03, -2.8620080459262e-01,  1.4292218197653e-01, -2.4944302908109e+00,  4.4029010837220e-02, -2.5611814704877e+00,  1.4288757200000e+00,  9.0294400000000e-01,               500000
  2.0136014674311e+00,  1.1349507705780e+00,  1.1331946937454e+00, -1.7558703450715e-01,  3.7148948289325e-01,  8.6196227631289e-04, -1.7279974858731e-03, -2.7420720520498e-01,  1.8885391103192e-01, -2.6188913966926e+00,  7.0752017690530e-02, -3.5304732302155e+00,  1.4845963090000e+00,  8.9639600000000e-01,               500000
  2.0133007769727e+00,  1.1326705509194e+00,  1.1324747092751e+00, -1.7945432311436e-01,  3.3960766447573e-01,  8.2414521108325e-04,  6.1581330391385e-03, -3.9123883454012e-01,  7.7490578510375e-02, -2.5417626054654e+00,  5.0408911284933e-02, -3.0909714121207e+00,  1.4677685970000e+00,  9.0203200000000e-01,               500000
  2.0120396404841e+00,  1.1297583513660e+00,  1.1313508288604e+00, -1.7988754455775e-01,  3.5847879468201e-01,  8.4673348189618e-04, -2.8899922612976e-04, -3.9457325539339e-01, -1.0666272329450e-01, -2.6695312098895e+00, -5.0958145587624e-02, -3.1326709495096e+00,  1.5200785970000e+00,  9.0542000000000e-01,               500000
  2.0109838793611e+00,  1.1283507541675e+00,  1.1308492502712e+00, -1.7668439560969e-01,  3.4688622363197e-01,  8.3293003743648e-04, -9.8501444579113e-03, -3.4241032057513e-01, -2.0774823899505e-01, -2.5231958416710e+00, -4.7846001012956e-02, -2.5677977270558e+00,  1.4413376100000e+00,  9.0627000000000e-01,               500000
  2.0117008571294e+00,  1.1294378749167e+00,  1.1308761122491e+00, -1.7367480430374e-01,  3.4588698238010e-01,  8.3172950215813e-04,  8.9138973819291e-03, -3.5475950561101e-01, -8.6936757833123e-02, -2.2607301328554e+00, -8.6451355759064e-02, -2.5995925678787e+00,  1.5624678650000e+00,  9.0157400000000e-01,               500000
  2.0108913121163e+00,  1.1314105668793e+00,  1.1317567503540e+00, -1.7542110303306e-01,  3.6581403312136e-01,  8.5535259761266e-04, -2.4338315347445e-03, -4.8669035059880e-01, -3.9561312172168e-02, -2.9467296988360e+00, -2.5961754817225e-02, -3.3838126833899e+00,  1.5295957060000e+00,  9.0837600000000e-01,               500000
  2.0106083298590e+00,  1.1336517826062e+00,  1.1328207012193e+00, -1.7192617755058e-01,  3.5920232346374e-01,  8.4758754528809e-04, -5.8919660441785e-03, -4.3683331142642e-01,  8.1061543731375e-02, -2.4728465918598e+00,  3.3567596570683e-02, -3.5765462285043e+00,  1.4029234560000e+00,  9.0346400000000e-01,               500000
  2.0113738729940e+00,  1.1347688432700e+00,  1.1334685626948e+00, -1.7661960985501e-01,  3.2096287345757e-01,  8.0120268778577e-04, -1.4494411132672e-02, -3.4187828060993e-01,  1.4381263603748e-01, -2.0994898047038e+00,  7.6365383370650e-02, -2.7408151159749e+00,  1.3718571040000e+00,  9.0733400000000e-01,               500000
  2.0145123740469e+00,  1.1341596150451e+00,  1.1333174706695e+00, -1.7385408503761e-01,  3.3901926973144e-01,  8.2343095609947e-04,  1.9312344075542e-02, -3.1895899107064e-01,  1.4586376376314e-01, -2.5548555945850e+00,  9.3403994982641e-02, -2.8099292411262e+00,  1.4910213500000e+00,  9.0476200000000e-01,               500000
  2.0141383605163e+00,  1.1319735173092e+00,  1.1322786715147e+00, -1.7324126858989e-01,  3.7820910251333e-01,  8.6972306225986e-04,  2.8110178663695e-03, -4.2087554292534e-01,  1.1567631049269e-02, -2.7414213227443e+00,  1.2668191259491e-02, -3.3787626842010e+00,  1.4207731280000e+00,  9.0293600000000e-01,               500000
  2.0133667274264e+00,  1.1298876414209e+00,  1.1312345744517e+00, -1.7893770401513e-01,  3.8409123555633e-01,  8.7646019368404e-04,  2.2709765952752e-03, -5.2849451402018e-01, -1.2120461959046e-01, -3.3437043283828e+00, -4.2080712006882e-02, -3.4565849336940e+00,  1.4056042490000e+00,  9.0261400000000e-01,               500000
  2.0123355131413e+00,  1.1294033347529e+00,  1.1307246299595e+00, -1.7794778311225e-01,  3.8205336437045e-01,  8.7413198588137e-04, -1.7153585168206e-02, -4.1966416916318e-01, -1.4110390454079e-01, -2.7170356941779e+00, -1.3170656904848e-01, -3.4797333585167e+00,  1.5001667070000e+00,  9.0347200000000e-01,               500000
  2.0143119107698e+00,  1.1305855324337e+00,  1.1315794681373e+00, -1.7080192254855e-01,  3.3686242338221e-01,  8.2080743586083e-04, -9.7479045904960e-03, -3.4488081653030e-01, -8.0004227783908e-02, -2.1927965175042e+00, -5.9895900457580e-02, -2.9016659942971e+00,  1.4264343070000e+00,  9.0613600000000e-01,               500000
  2.0177525294784e+00,  1.1325732361282e+00,  1.1329548013292e+00, -1.6732512927942e-01,  3.1849409752802e-01,  7.9811540209172e-04, -1.3011731495155e-02, -3.7122388501464e-01, -2.2959802028898e-02, -2.0632941700385e+00,  2.9809451901512e-02, -2.5636668195972e+00,  1.4415508170000e+00,  9.0565400000000e-01,               500000
  2.0230596834963e+00,  1.1346378854904e+00,  1.1339125914990e+00, -1.7236535948876e-01,  3.3438364830714e-01,  8.1778193707997e-04, -1.0833478069018e-02, -3.6356399601165e-01,  4.2988001463568e-02, -2.5550647893314e+00,  9.2404396467861e-02, -2.6368240754273e+00,  1.4266778470000e+00,  9.0825400000000e-01,               500000
  2.0296846138165e+00,  1.1360228520024e+00,  1.1338750814614e+00, -1.7822735512599e-01,  3.2383735106095e-01,  8.0478239426686e-04,  1.6919251857400e-02, -2.7238709201243e-01,  2.2380331025388e-01, -2.2430390416612e+00,  1.6867637861352e-01, -2.4518797370416e+00,  1.4372980990000e+00,  9.0342200000000e-01,               500000
  2.0328341026776e+00,  1.1347297013772e+00,  1.1321844320731e+00, -1.8039100351898e-01,  3.5253838986523e-01,  8.3968850160668e-04,  5.7484128304436e-03, -3.5124804306838e-01,  1.7656466406106e-01, -2.4684926354216e+00,  2.4014872621147e-02, -3.0279722566243e+00,  1.3885449330000e+00,  9.0242200000000e-01,               500000
  2.0347375980207e+00,  1.1315647413760e+00,  1.1304378133671e+00, -1.7415702381291e-01,  3.5582932659698e-01,  8.4359863275966e-04,  3.2989854410797e-03, -4.1381021865743e-01, -4.0169280402037e-02, -2.6860009540760e+00, -4.8886284892357e-02, -2.8418372337998e+00,  1.4464775800000e+00,  9.0314400000000e-01,               500000
  2.0359338571231e+00,  1.1291867741325e+00,  1.1293628880017e+00, -1.7363750439979e-01,  3.7164956357886e-01,  8.6214797288964e-04, -4.8609333926189e-03, -3.7611616526652e-01, -1.2657635017455e-01, -2.6556853434622e+00, -2.1945334434942e-01, -3.4510681539699e+00,  1.4087754770000e+00,  9.0339000000000e-01,               500000
  2.0378605523025e+00,  1.1285073367798e+00,  1.1305902457484e+00, -1.7699339194139e-01,  3.8337739077014e-01,  8.7564535146387e-04,  1.8866021669466e-02, -3.9714279796228e-01, -1.8064867192460e-01, -3.2489134880131e+00, -3.9449788861431e-02, -3.0771494188249e+00,  1.4875723570000e+00,  9.0023200000000e-01,               500000
  2.0364576437843e+00,  1.1299808838219e+00,  1.1321036843563e+00, -1.7632435362588e-01,  4.2406332973606e-01,  9.2093792378863e-04,  6.1923200091140e-03, -4.6395142113440e-01, -1.6081129136005e-01, -3.8352792889837e+00,  1.7589822635332e-02, -3.9633191120273e+00,  1.3596944110000e+00,  9.0365600000000e-01,               500000
  2.0341912571457e+00,  1.1331707277681e+00,  1.1333123207559e+00, -1.6815267183015e-01,  3.5746296723787e-01,  8.4553292926754e-04,  1.3872819054571e-02, -3.6361647959468e-01,  1.1449823083567e-02, -2.8896131307279e+00,  8.6575025967368e-02, -3.0308598623981e+00,  1.3582090580000e+00,  9.0468600000000e-01,               500000
  2.0298482783017e+00,  1.1359308298094e+00,  1.1335539206352e+00, -1.7453070207812e-01,  3.2256617346358e-01,  8.0320131158207e-04,  7.5400266088084e-03, -3.4827776789459e-01,  2.5057171074677e-01, -2.2506386523276e+00,  1.0992348246158e-01, -2.4918685879379e+00,  1.4571240010000e+00,  9.0371000000000e-01,               500000
  2.0246953488317e+00,  1.1355556299390e+00,  1.1326875850513e+00, -1.6675372856833e-01,  3.4245830218514e-01,  8.2759688518643e-04, -2.8430149492613e-03, -3.8219214670168e-01,  1.4231596376445e-01, -2.4191486520568e+00, -1.2494972635919e-02, -2.8081385942345e+00,  1.3966973070000e+00,  9.0544400000000e-01,               500000
  2.0205631642077e+00,  1.1335995491142e+00,  1.1320456466337e+00, -1.6093691723230e-01,  3.4925740840189e-01,  8.3577198852544e-04, -1.0601913229901e-02, -3.4241116347085e-01,  2.1788410500390e-02, -2.6179243037103e+00, -1.2013036800820e-01, -2.9302579543959e+00,  1.4916780070000e+00,  9.0286200000000e-01,               500000
  2.0186592432980e+00,  1.1316015288625e+00,  1.1326830887197e+00, -1.6890019388615e-01,  4.0136188328820e-01,  8.9594852897719e-04, -8.5382803599776e-03, -4.6407417654023e-01, -5.5706116710060e-02, -2.9686470743321e+00, -3.5668612616204e-02, -4.1235999039081e+00,  1.4407555360000e+00,  9.0275800000000e-01,               500000
  2.0184250722615e+00,  1.1304585792137e+00,  1.1336353057660e+00, -1.7624304770768e-01,  3.3431509303898e-01,  8.1769810203887e-04,  2.7451903439071e-03, -3.2821898203210e-01, -6.5829812616061e-02, -2.3460543749478e+00,  1.1106101759993e-01, -2.7793355438455e+00,  1.4219204900000e+00,  9.0883000000000e-01,               500000
  2.0177776480969e+00,  1.1301999751437e+00,  1.1333940122355e+00, -1.7038960725064e-01,  3.4381715184171e-01,  8.2923718180230e-04, -1.0890616620076e-02, -4.1098453819567e-01, -1.5486721794309e-01, -2.6841862815449e+00,  1.1046186254913e-01, -2.6030036631457e+00,  1.4176382940000e+00,  9.0269800000000e-01,               500000
  2.0190717901939e+00,  1.1317664924834e+00,  1.1320813006773e+00, -1.6647949541315e-01,  3.3005940583369e-01,  8.1247696069943e-04,  4.2216901570572e-03, -3.5225304627783e-01, -4.1432805891149e-02, -2.0814418007470e+00, -2.0383584172388e-02, -2.6434358167163e+00,  1.4071988420000e+00,  9.0659600000000e-01,               500000
  2.0195527177257e+00,  1.1336680973927e+00,  1.1311163533366e+00, -1.7888062360871e-01,  3.2893132402859e-01,  8.1108732455709e-04,  1.1178519016976e-02, -3.7088611990577e-01,  1.2442841918424e-01, -2.2737801749456e+00, -3.1424435503464e-02, -2.6623011066807e+00,  1.4891013620000e+00,  9.0582600000000e-01,               500000
  2.0181226209695e+00,  1.1339577293313e+00,  1.1305762933324e+00, -1.7180913305207e-01,  3.6773702194873e-01,  8.5759783342629e-04, -1.2500930750573e-02, -4.3246328256152e-01,  9.8388918305984e-02, -2.6737848605525e+00, -1.7382647495437e-01, -3.7081203175722e+00,  1.4192488690000e+00,  9.0210000000000e-01,               500000
  2.0189912383133e+00,  1.1330970217900e+00,  1.1318585932367e+00, -1.7186777189751e-01,  3.7518868732000e-01,  8.6624325373419e-04, -2.7392626513132e-03, -4.7677279699787e-01,  3.1218089606857e-02, -3.2378644387400e+00, -6.1320121517856e-02, -3.1537899419533e+00,  1.4018934060000e+00,  9.0394800000000e-01,               500000
  2.0202795086245e+00,  1.1319788209358e+00,  1.1336481415765e+00, -1.7068268583006e-01,  3.0658146275197e-01,  7.8304720515684e-04,  1.5602151649279e-02, -2.8340033672271e-01,  2.8842457914521e-02, -2.0026785040099e+00,  1.0942386177819e-01, -2.1671306101986e+00,  1.4242543170000e+00,  9.0722000000000e-01,               500000
  2.0188144962220e+00,  1.1306484870656e+00,  1.1341671958085e+00, -1.6573216476928e-01,  3.4197542379710e-01,  8.2701320883901e-04, -1.0861871027201e-03, -3.5101189407507e-01, -1.5264855738064e-01, -2.6024475648017e+00,  8.5878523118049e-02, -2.6740026705268e+00,  1.4608968560000e+00,  9.0345600000000e-01,               500000
  2.0177086741896e+00,  1.1312355290991e+00,  1.1337807528781e+00, -1.6835328840716e-01,  3.8363570560919e-01,  8.7594030117262e-04,  8.1509392554443e-03, -3.6993139574378e-01, -6.9920928756549e-02, -2.2723559106115e+00,  5.8850491702060e-02, -4.1885923316397e+00,  1.4646680480000e+00,  9.0285800000000e-01,               500000
  2.0153572381416e+00,  1.1325894304383e+00,  1.1328583592783e+00, -1.7128295929463e-01,  3.5691095392022e-01,  8.4487981857803e-04,  2.3481552220241e-03, -3.3853557498220e-01,  6.0364018809609e-03, -2.7013420230156e+00,  6.6447433694397e-03, -3.4506399970760e+00,  1.4789483470000e+00,  9.0180000000000e-01,               500000
  2.0128669920480e+00,  1.1337551021783e+00,  1.1319772609417e+00, -1.7220044328053e-01,  3.5631768995554e-01,  8.4417733913620e-04, -8.1131634227257e-03, -4.2706465431939e-01,  6.7350217924051e-02, -2.5193921154710e+00, -4.9501646047958e-02, -3.0664702233407e+00,  1.3859565050000e+00,  9.0899800000000e-01,               500000
  2.0120435036855e+00,  1.1340362468300e+00,  1.1317008857517e+00, -1.7367541991053e-01,  4.0481784343984e-01,  8.9979758105903e-04, -3.7144844076220e-03, -4.4463869791858e-01,  4.4906596277898e-02, -3.6040106159008e+00, -5.0261991380874e-02, -3.7437820371697e+00,  1.3950989790000e+00,  9.0537200000000e-01,               500000
  2.0119735324522e+00,  1.1337872620629e+00,  1.1319812807495e+00, -1.7496017076553e-01,  3.3087464118940e-01,  8.1347973691962e-04, -1.8978809512918e-02, -2.4502766074180e-01,  8.0585086130624e-02, -2.0352842326355e+00,  6.3620025525684e-03, -2.9066475602841e+00,  1.3973773610000e+00,  9.0419200000000e-01,               500000
  2.0151685336651e+00,  1.1326345763345e+00,  1.1321840556384e+00, -1.6816415796097e-01,  3.7259889432687e-01,  8.6324839336876e-04, -9.0395593930598e-03, -3.6951196703974e-01, -3.6793399655028e-02, -3.0451134092223e+00, -3.7476594550840e-02, -3.3319906684691e+00,  1.3921815170000e+00,  9.0370400000000e-01,               500000
  2.0196209050802e+00,  1.1320434445174e+00,  1.1327653517424e+00, -1.7485045275761e-01,  3.4115442300522e-01,  8.2601988233361e-04,  5.6076487650361e-03, -4.0095281037152e-01,  5.2250051409623e-02, -2.4381096253701e+00,  3.6101480096278e-02, -3.2076668137063e+00,  1.5805163150000e+00,  9.0685400000000e-01,               500000
  2.0227085914280e+00,  1.1309138481041e+00,  1.1329374764344e+00, -1.7063356608258e-01,  3.6389618017156e-01,  8.5310747291483e-04,  8.6870242055958e-03, -3.8382799527344e-01, -6.9012742680486e-02, -2.7910514964061e+00,  6.7285200914158e-02, -3.0963222519627e+00,  1.4896104690000e+00,  9.0039200000000e-01,               500000
  2.0240369238761e+00,  1.1307205506556e+00,  1.1324215274914e+00, -1.7024801478263e-01,  3.3969205206577e-01,  8.2424759880240e-04, -4.1876064893211e-03, -3.8053625418287e-01, -7.4766796660449e-02, -2.4805806108459e+00,  5.8777576671884e-02, -2.6928236940479e+00,  1.4615847300000e+00,  9.0685200000000e-01,               500000
  2.0259835705335e+00,  1.1314375194029e+00,  1.1313695941314e+00, -1.7266704119030e-01,  3.5589521295884e-01,  8.4367673069587e-04,  5.7314815032285e-03, -3.9978890899504e-01, -6.3118609216748e-02, -3.0615598621680e+00, -1.7262718726563e-02, -2.9069479905440e+00,  1.4516544570000e+00,  9.0210400000000e-01,               500000
  2.0267891851401e+00,  1.1328424512870e+00,  1.1306131573880e+00, -1.7963727249381e-01,  3.3682617323554e-01,  8.2076327066401e-04, -1.2036870055944e-03, -3.4395453287988e-01,  9.9249020954731e-02, -2.0705376713648e+00, -1.0516590422768e-01, -2.7901151474444e+00,  1.4008442640000e+00,  9.0588000000000e-01,               500000
  2.0277513432197e+00,  1.1329541260351e+00,  1.1310233827956e+00, -1.6838231644261e-01,  4.1599115803355e-01,  9.1213064638083e-04, -6.7493329914751e-03, -5.3146481683956e-01, -4.6087899173121e-02, -3.7769536669443e+00, -1.0541538069480e-01, -4.0884650118830e+00,  1.4892371160000e+00,  9.0215800000000e-01,               500000
  2.0298236358991e+00,  1.1336192188483e+00,  1.1324950997194e+00, -1.7093083061715e-01,  3.4083975649264e-01,  8.2563885142674e-04, -8.6251484669676e-03, -4.0473947686972e-01,  4.4545873122933e-02, -2.7321237885327e+00,  3.8618403822423e-03, -2.8600006615031e+00,  1.3874035750000e+00,  9.0537800000000e-01,               500000
  2.0332084365986e+00,  1.1337098901415e+00,  1.1337964134863e+00, -1.7843470897716e-01,  3.1074637291684e-01,  7.8834811208861e-04,  6.4315446168257e-03, -3.2388782119888e-01,  1.0440545331423e-01, -2.1658274753694e+00,  1.4150712418537e-01, -2.4423350199328e+00,  1.3764513890000e+00,  9.0573200000000e-01,               500000
  2.0351785927158e+00,  1.1325731954159e+00,  1.1335266726779e+00, -1.7341615484213e-01,  3.5467004654277e-01,  8.4222330357545e-04, -5.8652579873340e-05, -4.3644941579324e-01,  3.9891709838026e-02, -3.0889702577846e+00,  1.1332122366253e-01, -3.1704458292232e+00,  1.4317883960000e+00,  9.0337200000000e-01,               500000
  2.0370017896357e+00,  1.1310961078505e+00,  1.1321339718094e+00, -1.7764407643697e-01,  3.4068866366818e-01,  8.2545583003354e-04,  1.1372172682935e-02, -4.0255639845586e-01, -3.3646995161959e-04, -2.6755971029374e+00,  6.3589761906568e-02, -3.0049152273141e+00,  1.4308773560000e+00,  9.0454800000000e-01,               500000
  2.0367167302456e+00,  1.1297847823725e+00,  1.1302393916825e+00, -1.7829117107591e-01,  3.4537662436275e-01,  8.3111566507045e-04,  3.6115624516902e-03, -3.7838189794152e-01, -4.8340697622903e-02, -2.4454376970755e+00, -7.8788728085764e-02, -2.8193278726688e+00,  1.4064147870000e+00,  9.0611200000000e-01,               500000
  2.0358688245521e+00,  1.1291898153807e+00,  1.1293594398237e+00, -1.7324449587126e-01,  3.8749090658006e-01,  8.8033051359142e-04, -3.2335068336869e-03, -4.4357919344403e-01, -1.7370207633995e-01, -2.8990930570977e+00, -1.4801795374880e-01, -3.4254034102397e+00,  1.4417019800000e+00,  9.0163000000000e-01,               500000
  2.0357022262927e+00,  1.1307282468076e+00,  1.1301123918886e+00, -1.7285621789949e-01,  3.6991530545385e-01,  8.6013406565936e-04,  3.2196133934679e-03, -3.4249635732519e-01, -9.6384185874146e-02, -2.6374886535806e+00, -1.3657249466916e-01, -3.2506815476929e+00,  1.4429519330000e+00,  9.0313600000000e-01,               500000
  2.0350243514505e+00,  1.1332724202432e+00,  1.1322184003543e+00, -1.7723125137983e-01,  3.2617350611518e-01,  8.0768001846669e-04,  1.4760218492135e-02, -3.5978846319973e-01,  7.4050992282034e-02, -2.1235542800071e+00,  2.6143125641760e-02, -2.7137768362597e+00,  1.4132580110000e+00,  9.0624800000000e-01,               500000
  2.0318901175482e+00,  1.1346985951049e+00,  1.1338598455166e+00, -1.7946930337362e-01,  3.0717427533979e-01,  7.8380389810181e-04,  1.3126671731209e-02, -3.5837781727029e-01,  1.3899334835945e-01, -2.3076714929843e+00,  2.3081720353403e-01, -2.6428569555787e+00,  1.3685737940000e+00,  9.0318600000000e-01,               500000
  2.0268265368127e+00,  1.1343460744139e+00,  1.1329630013840e+00, -1.7324678931859e-01,  3.2272880644214e-01,  8.0340376703391e-04,  1.2661785439760e-02, -4.0340806584125e-01,  1.6117494547339e-01, -2.6939071163206e+00,  8.3173302022288e-02, -2.8576167736522e+00,  1.4042349210000e+00,  9.0921800000000e-01,               500000
  2.0201094438536e+00,  1.1321294167224e+00,  1.1313082261151e+00, -1.6821281095300e-01,  3.6221038141674e-01,  8.5112911055461e-04,  5.8804813950315e-03, -3.8614740074241e-01, -1.5428877110660e-02, -2.3978534102014e+00, -1.2293653461542e-01, -3.0247256905747e+00,  1.4313653600000e+00,  9.0252400000000e-01,               500000
  2.0130711868543e+00,  1.1303296980934e+00,  1.1311077482618e+00, -1.6910575560076e-01,  3.4295289665118e-01,  8.2819429683037e-04, -2.8868721070605e-02, -3.3188349458829e-01, -1.4696552596773e-01, -2.3349378759264e+00, -1.0743078723285e-01, -2.7455200175135e+00,  1.4343443820000e+00,  9.0075600000000e-01,               500000
  2.0117768013718e+00,  1.1304725538610e+00,  1.1320563237264e+00, -1.6760167680611e-01,  3.9566472566117e-01,  8.8956700215461e-04, -1.1674068881654e-02, -3.3376111050853e-01, -1.7172178097712e-01, -3.1700768953506e+00, -4.4399742545782e-02, -3.3242189845628e+00,  1.3932009250000e+00,  9.0288000000000e-01,               500000
  2.0126575404253e+00,  1.1326653962010e+00,  1.1333897393401e+00, -1.7755054621028e-01,  3.7097071668890e-01,  8.6136022277430e-04, -5.2694973378360e-03, -4.0625398524662e-01,  9.1248803167258e-02, -3.2807872958512e+00,  2.1099126747106e-02, -3.5664240538681e+00,  1.5183115830000e+00,  9.0639200000000e-01,               500000
  2.0143978248638e+00,  1.1335726029616e+00,  1.1343903781178e+00, -1.7083055358763e-01,  3.5791396760622e-01,  8.4606615297650e-04,  7.8251525111410e-03, -1.7652691370788e-01,  1.0627044451159e-01, -2.4790122030591e+00,  1.7805365476925e-01, -4.5296205456324e+00,  1.5908667930000e+00,  9.0737200000000e-01,               500000
  2.0146258359975e+00,  1.1331363510229e+00,  1.1334614093144e+00, -1.7451531873895e-01,  3.5254422640047e-01,  8.3969545241173e-04, -1.4191858410631e-02, -4.4664159397946e-01,  3.1723525507364e-02, -3.0599756010458e+00,  4.2335311607255e-02, -3.1420605949200e+00,  1.4409341690000e+00,  9.0496000000000e-01,               500000
  2.0173271184304e+00,  1.1323824229061e+00,  1.1321993809787e+00, -1.7620262955413e-01,  3.7395816451651e-01,  8.6482155907043e-04,  8.2321010049379e-03, -3.1464574053480e-01,  1.2297988926409e-02, -2.7072617782988e+00,  2.8971661929448e-03, -3.4976902333270e+00,  1.4248371900000e+00,  9.0442400000000e-01,               500000
  2.0183609880453e+00,  1.1315720692424e+00,  1.1310501136169e+00, -1.7218980649782e-01,  3.4274516131408e-01,  8.2794342960625e-04, -1.4457334171822e-02, -3.5785828016275e-01, -4.8325580465037e-02, -2.3184586178017e+00, -1.4145551705872e-01, -2.7352746610736e+00,  1.4780426400000e+00,  9.0163000000000e-01,               500000
  2.0218279261075e+00,  1.1314346762802e+00,  1.1315068000869e+00, -1.7344069379343e-01,  3.5411707521043e-01,  8.4156648603712e-04, -1.2100049418892e-02, -3.9675248543492e-01, -3.9510341760093e-02, -2.4967112732429e+00, -3.4582958008158e-02, -3.0689094317137e+00,  1.4732799370000e+00,  9.0581400000000e-01,               500000
  2.0270813412062e+00,  1.1317997427392e+00,  1.1322960725530e+00, -1.6958442596304e-01,  3.6789818455108e-01,  8.5778573612654e-04,  5.9440674039645e-03, -4.4582026534026e-01, -4.6376193150207e-02, -2.6570806938877e+00, -2.9094702507053e-02, -3.3639502644501e+00,  1.3669575880000e+00,  9.0830000000000e-01,               500000
  2.0308216000505e+00,  1.1327015771774e+00,  1.1333295976267e+00, -1.7552902933586e-01,  3.1588450856637e-01,  7.9483898818109e-04,  4.3010670929288e-03, -3.3115823450528e-01,  7.2670130082842e-02, -2.1578848235564e+00,  1.2933189407246e-01, -2.7668814472077e+00,  1.5059403560000e+00,  8.9632400000000e-01,               500000
  2.0334732218512e+00,  1.1326534490214e+00,  1.1329195440203e+00, -1.6978674098149e-01,  3.2547886396366e-01,  8.0681951384886e-04,  1.2159237364073e-02, -2.6614250119412e-01,  6.0540230779711e-02, -2.1641821693603e+00,  7.4470509874011e-02, -2.6609225391962e+00,  1.5271649330000e+00,  9.0262800000000e-01,               500000
  2.0337702295214e+00,  1.1318944238806e+00,  1.1317825811231e+00, -1.7300866193873e-01,  3.2153143638291e-01,  8.0191201061327e-04,  5.2457380458176e-03, -3.5902780912023e-01,  2.8596432684315e-02, -2.1257978688287e+00,  4.0898662576352e-03, -2.6380649524979e+00,  1.4253648080000e+00,  9.0423000000000e-01,               500000
  2.0331562521705e+00,  1.1308786314248e+00,  1.1307289019421e+00, -1.6728548059265e-01,  3.9295764112495e-01,  8.8651863051483e-04, -1.1789546216608e-02, -4.3773274361367e-01, -1.3162800744107e-01, -3.6538011635816e+00, -1.5421902941201e-01, -3.1282471676255e+00,  1.4294135210000e+00,  9.0140400000000e-01,               500000
  2.0346938624330e+00,  1.1315732496761e+00,  1.1314178642867e+00, -1.7135560947858e-01,  4.3827389535975e-01,  9.3624131009024e-04, -1.3839440207349e-02, -5.2288757924045e-01, -1.6083253767516e-01, -8.7946863501098e+00, -5.0865783400409e-02, -3.4442481318124e+00,  1.4987935730000e+00,  9.0799600000000e-01,               500000
  2.0385325403457e+00,  1.1341923415394e+00,  1.1325922718581e+00, -1.7320277825477e-01,  3.5956011514980e-01,  8.4800956969812e-04,  2.4695777606501e-02, -4.1232551953890e-01,  1.3078794760091e-01, -2.6442569956867e+00,  7.0322342591941e-02, -3.3795580718358e+00,  1.5524922920000e+00,  9.0401400000000e-01,               500000
  2.0377259932403e+00,  1.1349880153228e+00,  1.1329271293360e+00, -1.7370629725636e-01,  3.3275661465699e-01,  8.1578994190538e-04,  1.7049837679343e-02, -3.9314995391636e-01,  1.7822661712785e-01, -2.4955884791456e+00,  8.5848959388466e-02, -2.9316982796776e+00,  1.3471448060000e+00,  9.0064800000000e-01,               500000
  2.0340749324216e+00,  1.1335665853618e+00,  1.1323385195544e+00, -1.7127514971026e-01,  3.4924044956989e-01,  8.3575169706067e-04, -1.0972208499362e-03, -4.2682411681214e-01,  3.4476176313958e-02, -2.5165792073523e+00, -2.1105198658853e-02, -3.1090886582585e+00,  1.3875824170000e+00,  9.0658000000000e-01,               500000
  2.0310126617220e+00,  1.1318839851938e+00,  1.1320474872081e+00, -1.7037346004556e-01,  3.3733518628675e-01,  8.2138320689767e-04,  9.7214222708831e-03, -3.8063443237339e-01,  6.8117316031371e-03, -2.3992452877943e+00, -1.7103040846488e-02, -2.8619394370674e+00,  1.4801467510000e+00,  9.0915200000000e-01,               500000
  2.0265969591338e+00,  1.1302997807131e+00,  1.1319812693129e+00, -1.6921573289142e-01,  3.5375816582422e-01,  8.4113990016432e-04,  6.2292489451327e-03, -3.8472813748799e-01, -1.0755478771090e-01, -2.4424657826477e+00, -1.0548900964512e-02, -2.9300721352635e+00,  1.4725047090000e+00,  9.0223200000000e-01,               500000
  2.0215676506241e+00,  1.1301911052340e+00,  1.1320488323198e+00, -1.7319827756549e-01,  4.1813721465578e-01,  9.1448041494149e-04, -1.1727066579190e-02, -6.8275812789666e-01, -8.8784304484700e-02, -3.2405023228501e+00, -6.0547896893237e-02, -5.1465113278262e+00,  1.5042139750000e+00,  9.1207800000000e-01,               500000
  2.0191415784510e+00,  1.1311900433057e+00,  1.1327789747916e+00, -1.7592529539026e-01,  3.7830307086062e-01,  8.6983109953671e-04, -4.9246289320690e-03, -4.3010056248649e-01, -7.6073334484158e-02, -2.6688072254460e+00,  6.2952925055061e-02, -3.4234838619454e+00,  1.4255486950000e+00,  9.0318600000000e-01,               500000
  2.0178518884251e+00,  1.1330302255004e+00,  1.1327867802841e+00, -1.7862481409198e-01,  3.0829426801714e-01,  7.8523151747384e-04,  1.4355812278340e-02, -3.4895523916724e-01,  1.0938982149318e-01, -2.1097700020163e+00,  1.1881072084295e-01, -2.3114548513881e+00,  1.5025656540000e+00,  9.0481200000000e-01,               500000
  2.0142183952405e+00,  1.1333708948155e+00,  1.1315437017171e+00, -1.7514499627502e-01,  3.2647004815716e-01,  8.0804708793135e-04,  1.1440002991519e-02, -3.6096248096401e-01,  2.7845113418660e-02, -2.6515119887412e+00,  9.3894716578591e-03, -2.5507627889950e+00,  1.4316610500000e+00,  9.0377200000000e-01,               500000
  2.0089824713588e+00,  1.1333550906317e+00,  1.1303372129866e+00, -1.7056343585058e-01,  3.4541458702880e-01,  8.3116134056968e-04, -7.3142847215755e-03, -3.6816559934351e-01,  6.0465032627252e-02, -2.0991729462972e+00, -1.5788905654437e-01, -2.9720633737693e+00,  1.4041159530000e+00,  9.0723600000000e-01,               500000
  2.0055751414194e+00,  1.1326168420940e+00,  1.1309472925214e+00, -1.6982593322950e-01,  3.5391218319372e-01,  8.4132298577148e-04, -7.7329511999342e-03, -4.1943531851104e-01, -1.3777955669383e-02, -2.4810742129507e+00, -1.0187167301243e-01, -2.8605101415014e+00,  1.4058907780000e+00,  9.0303000000000e-01,               500000
  2.0038939443384e+00,  1.1321348300646e+00,  1.1325977358410e+00, -1.7039489062354e-01,  3.6436180258868e-01,  8.5365309416494e-04, -1.0309312951046e-02, -3.7822791050523e-01,  5.0000750030423e-03, -2.3741633942721e+00, -5.9268552523317e-02, -3.2070464182723e+00,  1.4162069310000e+00,  9.0480800000000e-01,               500000
  2.0042157333802e+00,  1.1316539009624e+00,  1.1347342841129e+00, -1.6484053737431e-01,  3.3017361293057e-01,  8.1261751510852e-04, -2.0078417488419e-02, -3.7217522274827e-01, -7.7760119701045e-02, -2.1994139879882e+00,  1.3225445611003e-01, -2.6120085295444e+00,  1.3983153750000e+00,  9.0721200000000e-01,               500000
  2.0080439686508e+00,  1.1321849617159e+00,  1.1352605766894e+00, -1.7182097720208e-01,  3.2382236145876e-01,  8.0476376839264e-04, -1.8240440454567e-02, -3.2601904500234e-01,  7.6266540824840e-03, -2.2331106761856e+00,  1.5118928248072e-01, -2.6978903628656e+00,  1.4356741150000e+00,  9.0165000000000e-01,               500000
  2.0146979777838e+00,  1.1325837998281e+00,  1.1341334491696e+00, -1.7515922002787e-01,  3.3586354225765e-01,  8.1958958297144e-04, -2.3492510280205e-03, -3.5430058992674e-01,  3.6231753735815e-02, -2.5334905891818e+00,  1.4009445401396e-01, -2.9138672106414e+00,  1.4969210160000e+00,  9.0922200000000e-01,               500000
  2.0211351550137e+00,  1.1325145639038e+00,  1.1316356015411e+00, -1.7235881576366e-01,  3.2672406385643e-01,  8.0836138435285e-04, -8.6848481438884e-03, -3.7543860444908e-01,  4.0355102063240e-02, -2.1358127632290e+00, -1.0378912372474e-02, -2.5707015217837e+00,  1.3918752870000e+00,  9.0360400000000e-01,               500000
  2.0284843104794e+00,  1.1319699982162e+00,  1.1295096592578e+00, -1.6957325776494e-01,  3.5522237868334e-01,  8.4287885094281e-04,  2.9397120366284e-03, -4.1708755446354e-01,  1.5038933933106e-02, -2.3269715622207e+00, -2.1803510518423e-01, -3.3254460033707e+00,  1.5698885430000e+00,  9.0379200000000e-01,               500000
  2.0346283315386e+00,  1.1313087813499e+00,  1.1299487654549e+00, -1.6729183983447e-01,  3.8607924619126e-01,  8.7872549319029e-04, -5.3576295252228e-03, -5.3935749398302e-01, -1.0836263891410e-01, -3.4705261963110e+00, -1.1718798779765e-01, -3.3495380435687e+00,  1.5023735520000e+00,  9.0360800000000e-01,               500000
  2.0411497895760e+00,  1.1320672598504e+00,  1.1316183747361e+00, -1.6958861307116e-01,  3.1678038708624e-01,  7.9596530965394e-04, -1.5313512466665e-03, -3.5115812584462e-01, -2.1023755358279e-02, -2.1233636540168e+00, -3.2487789741325e-02, -2.5480940665867e+00,  1.4428358110000e+00,  9.0038200000000e-01,               500000
  2.0473256957835e+00,  1.1330226800258e+00,  1.1334851533283e+00, -1.7357409277984e-01,  3.2497409832796e-01,  8.0619364711955e-04, -8.5577487150805e-04, -3.5251938179596e-01,  4.3861073458450e-02, -2.3826412831234e+00,  8.6888990271255e-02, -2.6849053693042e+00,  1.4815348140000e+00,  9.0184800000000e-01,               500000
  2.0530720951938e+00,  1.1333575180520e+00,  1.1342480124087e+00, -1.7744444595029e-01,  3.2996987828970e-01,  8.1236676235516e-04,  3.1996061807990e-02, -3.5049661269165e-01,  1.5605745543396e-01, -2.5091775958221e+00,  2.0098684907727e-01, -2.7601917605243e+00,  1.4554503710000e+00,  9.0165600000000e-01,               500000
  2.0526562885496e+00,  1.1317495753521e+00,  1.1327897334749e+00, -1.7203468983453e-01,  3.2817614614624e-01,  8.1015572101447e-04,  1.8529580821218e-02, -3.2920616611240e-01,  9.9743554233566e-03, -2.0625858796665e+00,  9.1561539531624e-02, -2.8211363632895e+00,  1.4724556470000e+00,  9.0151800000000e-01,               500000
  2.0490746337058e+00,  1.1301902110576e+00,  1.1305060987149e+00, -1.7314313299836e-01,  3.4896364379551e-01,  8.3542042564868e-04, -3.2727224180582e-03, -4.6914057815604e-01, -1.1901681709560e-01, -2.9438211764535e+00, -7.9332387004096e-02, -2.9516671081829e+00,  1.4395835350000e+00,  9.0465600000000e-01,               500000
  2.0464607430225e+00,  1.1302748640318e+00,  1.1293188617082e+00, -1.7164371296929e-01,  3.7296724767580e-01,  8.6367499405251e-04,  7.1738522032320e-03, -3.9007157239054e-01, -1.0007335466704e-01, -2.7143061375176e+00, -1.5020602059254e-01, -3.1441027745438e+00,  1.4448709760000e+00,  9.0076200000000e-01,               500000
  2.0428845560813e+00,  1.1316059059577e+00,  1.1298852833023e+00, -1.6787321515513e-01,  3.7873707838524e-01,  8.7032991260239e-04,  4.9456925972911e-03, -4.2113211311166e-01, -8.7413273565868e-03, -2.4812325151890e+00, -1.4222859533667e-01, -3.6825996797683e+00,  1.4691489700000e+00,  9.0885000000000e-01,               500000
  2.0388328064789e+00,  1.1329289381457e+00,  1.1319492207387e+00, -1.7693086170100e-01,  3.5907455408961e-01,  8.4743678712883e-04,  2.1474642257684e-02, -3.2424288735305e-01,  5.6577306869514e-02, -2.3329980382401e+00, -1.5534999380198e-02, -3.5747485430607e+00,  1.5015570010000e+00,  9.0429000000000e-01,               500000
  2.0314629009577e+00,  1.1334339204289e+00,  1.1339960619885e+00, -1.7707769147674e-01,  3.1436814569468e-01,  7.9292893211772e-04,  9.4784897614722e-03, -3.1593445492408e-01,  7.9662270573955e-02, -1.9954746968232e+00,  1.5605538786536e-01, -2.4640434536580e+00,  1.4812911790000e+00,  9.0834200000000e-01,               500000
  2.0231935182942e+00,  1.1329124347472e+00,  1.1341665589468e+00, -1.7556121320658e-01,  3.5386118722025e-01,  8.4126236956166e-04,  6.0161124517478e-03, -4.8944634795238e-01,  2.9564219699233e-02, -2.8281511658830e+00,  1.0493454452097e-01, -3.0982357591492e+00,  1.4092865730000e+00,  9.0967200000000e-01,               500000
  2.0147320288799e+00,  1.1320927029496e+00,  1.1332019681436e+00, -1.7277612433041e-01,  3.5017781030375e-01,  8.3687252351090e-04,  7.0649425763725e-03, -3.9639566160658e-01,  8.9067916974238e-03, -2.4673138151576e+00,  5.6431724626044e-02, -3.1748882648432e+00,  1.4458693950000e+00,  9.0508600000000e-01,               500000
  2.0059050202722e+00,  1.1312585769393e+00,  1.1317389828166e+00, -1.7491489754787e-01,  3.5925553906164e-01,  8.4765032774328e-04, -1.9411249324539e-03, -3.9105995331682e-01, -3.6931259412946e-02, -2.6087799693397e+00, -1.6576718217088e-02, -3.0979581151390e+00,  1.4762842370000e+00,  8.9917000000000e-01,               500000
  1.9983265592825e+00,  1.1309832910945e+00,  1.1306172134144e+00, -1.7301496094004e-01,  3.8506925891594e-01,  8.7757536304974e-04, -9.9416065035022e-03, -4.2697812778190e-01, -1.0072649028711e-01, -3.0051684594917e+00, -1.4239154287000e-01, -3.1597624750325e+00,  1.4623909830000e+00,  9.0217200000000e-01,               500000
  1.9932864799430e+00,  1.1320099279384e+00,  1.1311688425127e+00, -1.7608884826372e-01,  3.5372682319204e-01,  8.4110263724713e-04, -2.8669290220758e-02, -3.8721592441943e-01, -6.2130869472189e-02, -2.6291321697815e+00, -6.5225358369140e-02, -2.8360808004579e+00,  1.4717373530000e+00,  9.0530800000000e-01,               500000
  1.9938205672867e+00,  1.1337268183931e+00,  1.1323896827597e+00, -1.6453380190681e-01,  3.7972975706308e-01,  8.7146974366650e-04, -8.9320007788813e-03, -3.7038494566120e-01, -5.0298363836707e-02, -3.3349012325169e+00, -6.8428773241097e-02, -3.0872555941175e+00,  1.4050867770000e+00,  9.0360600000000e-01,               500000
  1.9958989316064e+00,  1.1359231152009e+00,  1.1342504556164e+00, -1.7485398997007e-01,  3.8781766875562e-01,  8.8070161661668e-04, -2.9879047121975e-03, -3.4444292739948e-01,  1.6668448333711e-01, -2.9588860155256e+00,  1.3715496606164e-01, -3.7232409023880e+00,  1.5149576720000e+00,  9.0695200000000e-01,               500000
  1.9983258949277e+00,  1.1358353733096e+00,  1.1344542602362e+00, -1.7194521826802e-01,  3.2911270889563e-01,  8.1131092547263e-04, -1.8501439605350e-02, -3.6098625573242e-01,  1.6594536369345e-01, -2.2087109337932e+00,  5.2973539092438e-02, -2.8051792365028e+00,  1.4063234500000e+00,  9.0459600000000e-01,               500000
  2.0037823035574e+00,  1.1336949658282e+00,  1.1340760777603e+00, -1.6559719226305e-01,  3.7610071009822e-01,  8.6729546303231e-04, -4.8919276099499e-03, -3.4239671116402e-01,  7.9874968327795e-03, -2.8383566873223e+00,  2.8977473195736e-02, -3.6101855055626e+00,  1.4534857400000e+00,  9.0323000000000e-01,               500000
  2.0095864765386e+00,  1.1316840483619e+00,  1.1334389424064e+00, -1.6182054857718e-01,  3.8343274756328e-01,  8.7570856746212e-04, -2.6514645648674e-02, -4.6289801469547e-01, -2.0570143583816e-01, -3.2562997404631e+00, -3.0955151326734e-02, -3.4616229191137e+00,  1.3917150970000e+00,  9.0317200000000e-01,               500000
  2.0194725989208e+00,  1.1324700091146e+00,  1.1332217698169e+00, -1.8032794593287e-01,  3.5642293405150e-01,  8.4430200053240e-04,  1.3058136621946e-02, -3.9320896520301e-01,  6.4268401525040e-02, -2.5103082481206e+00,  1.2938894460984e-01, -3.7806276869965e+00,  1.4446008860000e+00,  9.0256200000000e-01,               500000
  2.0261220501672e+00,  1.1323884053873e+00,  1.1316327464250e+00, -1.7445227827755e-01,  3.6635020798716e-01,  8.5597921468592e-04,  2.2318200136972e-03, -3.5855344118169e-01,  4.2589445446774e-02, -2.8866486558675e+00, -3.8116549992787e-02, -3.1941503951784e+00,  1.4180287540000e+00,  9.1007000000000e-01,               500000
  2.0317540629027e+00,  1.1317986115726e+00,  1.1306354914751e+00, -1.6742595220588e-01,  3.4161798768393e-01,  8.2658089463031e-04,  1.0742982303147e-02, -3.5341645578336e-01, -3.9987420825044e-02, -2.3782102230632e+00, -7.2600803175453e-02, -2.5402267260732e+00,  1.4809307770000e+00,  9.0631400000000e-01,               500000
  2.0349739076682e+00,  1.1317844287458e+00,  1.1305461236428e+00, -1.7048708917129e-01,  3.5698367527104e-01,  8.4496588720616e-04, -7.5601137259299e-03, -4.5043496833495e-01, -6.2249040051545e-02, -3.0597622647381e+00, -1.3693521051698e-01, -2.8862928131387e+00,  1.4065896000000e+00,  9.0764000000000e-01,               500000
  2.0392396890082e+00,  1.1325736669776e+00,  1.1319824589834e+00, -1.7307162783497e-01,  3.3090647905360e-01,  8.1351887384817e-04,  5.2294471960946e-03, -3.2010898691629e-01,  3.6234450365738e-02, -2.2000517709411e+00,  8.7078082848432e-03, -2.6092148336643e+00,  1.4517164870000e+00,  9.0717800000000e-01,               500000
  2.0421928254511e+00,  1.1328424778859e+00,  1.1331954532858e+00, -1.7541045375086e-01,  3.3005510870101e-01,  8.1247167175356e-04,  2.3103468896073e-02, -3.7581876361465e-01,  7.0559574896456e-02, -2.4161983423672e+00,  1.9580523565809e-01, -2.7114023674459e+00,  1.4736821740000e+00,  9.0401200000000e-01,               500000
  2.0408298042660e+00,  1.1322106505590e+00,  1.1321528262963e+00, -1.7590549760885e-01,  3.2325176900003e-01,  8.0405443721184e-04,  3.1270678358757e-03, -3.4139508007775e-01,  5.2610944155675e-02, -2.1322932523245e+00,  2.8788871495283e-02, -2.6613174226553e+00,  1.4249025900000e+00,  9.0332600000000e-01,               500000
  2.0390830116465e+00,  1.1309910568948e+00,  1.1309115728073e+00, -1.5936832582591e-01,  3.9707711481382e-01,  8.9115331432231e-04, -1.2988667064759e-02, -4.9315427578499e-01, -1.4316189931022e-01, -2.9358733617284e+00, -2.1700164502486e-01, -3.9586862238738e+00,  1.4781872920000e+00,  9.0511600000000e-01,               500000
  2.0398330688548e+00,  1.1317185590894e+00,  1.1322013529730e+00, -1.7013314816935e-01,  3.2362298133216e-01,  8.0451598036603e-04,  8.7596430169542e-03, -3.2448110386812e-01, -3.7291089743026e-02, -2.5636940555742e+00,  2.8321580885560e-02, -2.5106602639778e+00,  1.4519732540000e+00,  9.0317000000000e-01,               500000
  2.0389988816695e+00,  1.1328615408245e+00,  1.1330656557122e+00, -1.7127641008171e-01,  4.6531835873607e-01,  9.6469514224553e-04,  6.8387981139766e-03, -5.4400268321365e-01,  2.2703135317052e-02, -4.6263707274511e+00, -2.9157718563812e-02, -6.5122640711889e+00,  1.4640304130000e+00,  9.0039600000000e-01,               500000
  2.0370931774276e+00,  1.1336334397991e+00,  1.1342015479216e+00, -1.7415084083345e-01,  3.2446310942784e-01,  8.0555956878166e-04,  1.9223432267772e-02, -4.0588722644171e-01,  9.1301094718706e-02, -2.3942873243804e+00,  1.6537610366939e-01, -2.6808754272392e+00,  1.3886865190000e+00,  9.0559800000000e-01,               500000
  2.0320395375722e+00,  1.1331876685296e+00,  1.1334161541928e+00, -1.6968733410912e-01,  3.5767055075764e-01,  8.4577839976868e-04, -7.6186164994360e-03, -4.1620070571336e-01,  1.7549096623062e-02, -2.5995385883611e+00,  1.5837524390229e-02, -3.3245577111963e+00,  1.5395314050000e+00,  9.0209800000000e-01,               500000
  2.0288630623102e+00,  1.1325799715873e+00,  1.1325520220091e+00, -1.7666830097342e-01,  3.2021850885374e-01,  8.0027308945601e-04,  1.0014437460710e-02, -3.0054414238565e-01,  7.6226965702713e-02, -2.3214840024951e+00,  9.2623031321273e-02, -2.6155745591853e+00,  1.3985312300000e+00,  9.0688400000000e-01,               500000
  2.0242678010178e+00,  1.1310797360465e+00,  1.1307647294317e+00, -1.7780147709634e-01,  3.7656642017821e-01,  8.6783226510451e-04,  1.7399927458694e-03, -4.1427337638989e-01, -2.5455586796478e-03, -2.2707538131526e+00, -1.3554104795799e-01, -4.1238443505763e+00,  1.4382694660000e+00,  9.0569400000000e-01,               500000
  2.0198573766890e+00,  1.1297747094713e+00,  1.1306762707955e+00, -1.7254425440283e-01,  3.5923529931211e-01,  8.4762644993193e-04, -9.5149498466626e-03, -3.5849352401208e-01, -1.3539632354512e-01, -2.6076339291335e+00, -1.0228141615245e-01, -2.9054342651186e+00,  1.4143193750000e+00,  8.9915800000000e-01,               500000
  2.0175933547389e+00,  1.1303375975077e+00,  1.1317445017688e+00, -1.7583710664159e-01,  3.5094912314684e-01,  8.3779367764007e-04, -1.4738925000464e-03, -3.6154456765850e-01, -1.1699157634045e-01, -2.4414171795865e+00, -1.5168543091868e-02, -2.7862972440945e+00,  1.4124489150000e+00,  9.0078400000000e-01,               500000
  2.0158452191923e+00,  1.1323487568883e+00,  1.1328905172040e+00, -1.7813593286719e-01,  3.2916023190411e-01,  8.1136949893881e-04, -2.8498545643062e-03, -3.4861626485357e-01,  2.1364901143008e-02, -2.1467363723677e+00,  1.0542420204617e-01, -3.0674751245544e+00,  1.5010126770000e+00,  9.0272800000000e-01,               500000
  2.0148041243169e+00,  1.1339024026148e+00,  1.1327708307296e+00, -1.8152866108172e-01,  4.6602556273015e-01,  9.6542794938840e-04,  1.6131004209751e-02, -9.4243580314932e-01,  2.6329535179826e-01, -7.9014040917681e+00,  1.2097312602271e-01, -4.4439353103364e+00,  1.4937102260000e+00,  9.0574200000000e-01,               500000
  2.0111029987758e+00,  1.1319985109296e+00,  1.1313450635717e+00, -1.7949804235054e-01,  3.3475117330162e-01,  8.1823123052303e-04, -9.6950805073793e-03, -3.4108644224116e-01, -1.1527731372987e-02, -2.3052651463529e+00, -7.4810900540816e-02, -2.7765469137877e+00,  1.4157514110000e+00,  8.9990000000000e-01,               500000
  2.0095125849895e+00,  1.1304445976569e+00,  1.1309071158038e+00, -1.7508595835776e-01,  3.8199736804390e-01,  8.7406792418427e-04, -6.4654543912170e-03, -3.9335804205200e-01, -1.3745059252210e-01, -3.0520945436818e+00, -1.2711672055240e-01, -3.0374959400306e+00,  1.5073348330000e+00,  9.0583600000000e-01,               500000
  2.0092577388916e+00,  1.1308172549767e+00,  1.1319429130403e+00, -1.7053451648459e-01,  3.4006607868571e-01,  8.2470125340721e-04, -2.2462320056743e-02, -3.5153325837925e-01, -1.1673583827716e-01, -2.4417022710653e+00, -4.5830068253638e-02, -2.5009734544988e+00,  1.4139596180000e+00,  9.0369200000000e-01,               500000
  2.0130238152294e+00,  1.1326579960469e+00,  1.1334002283418e+00, -1.6623466092503e-01,  3.8477366213621e-01,  8.7723846488422e-04, -2.1580575528918e-02, -4.6152638293266e-01, -4.6655691360301e-02, -2.9274431738888e+00, -6.3255214922218e-03, -3.3962136899001e+00,  1.4868768900000e+00,  8.9842400000000e-01,               500000
  2.0202509008560e+00,  1.1349311401745e+00,  1.1348027532950e+00, -1.7399248264419e-01,  3.2049534426530e-01,  8.0061894090173e-04,  3.6383081207990e-04, -3.9048671051096e-01,  1.3980202471444e-01, -2.4569699625637e+00,  2.0568651731405e-01, -2.4767727333493e+00,  1.4879075580000e+00,  9.0415200000000e-01,               500000
  2.0267331031522e+00,  1.1352070285948e+00,  1.1337864459767e+00, -1.6795105143480e-01,  3.5164892823723e-01,  8.3862855691568e-04, -1.4133195359764e-03, -3.6178253738397e-01,  1.3902837901657e-01, -2.4247833146957e+00,  4.0633214964999e-02, -3.0828080071973e+00,  1.4295523650000e+00,  9.0390600000000e-01,               500000
  2.0328553132910e+00,  1.1336929994975e+00,  1.1324345218872e+00, -1.8099811168655e-01,  3.3226606029065e-01,  8.1518839575971e-04,  1.9619284711456e-02, -3.3529546653868e-01,  1.2831088485489e-01, -2.1315700444583e+00,  6.2621731773453e-02, -2.9338091670417e+00,  1.4194559110000e+00,  8.9770400000000e-01,               500000
  2.0349280102906e+00,  1.1307010891336e+00,  1.1305333376011e+00, -1.7618304098211e-01,  3.3582763191684e-01,  8.1954576677187e-04,  1.1233870802182e-02, -3.4362480530030e-01, -5.5504402315732e-02, -2.3910430271347e+00, -5.8198163753026e-02, -2.7388349939591e+00,  1.4696960010000e+00,  9.0428000000000e-01,               500000
  2.0348418433736e+00,  1.1287318804212e+00,  1.1294865622020e+00, -1.6567628885549e-01,  4.0130141578718e-01,  8.9588103650784e-04, -1.4831844074914e-02, -5.2748405978543e-01, -2.3657720542573e-01, -3.2966093739942e+00, -2.0990281211906e-01, -3.1756096428243e+00,  1.5093633430000e+00,  9.0431200000000e-01,               500000
  2.0374282368512e+00,  1.1300107087232e+00,  1.1309096928837e+00, -1.7211909588259e-01,  3.5528619406599e-01,  8.4295455875865e-04, -3.1899398554912e-03, -4.2102790642220e-01, -1.2018146559856e-01, -2.6013543940660e+00, -3.1380016524291e-02, -3.1494829230629e+00,  1.4849159480000e+00,  9.0385800000000e-01,               500000
  2.0403592596743e+00,  1.1327189626547e+00,  1.1325609456652e+00, -1.7936128516336e-01,  3.3917006225006e-01,  8.2361406283533e-04,  1.9490948508888e-02, -4.0756840573212e-01,  9.0169596181653e-02, -2.8670971226472e+00,  1.3948099687713e-01, -2.8605132938835e+00,  1.4669936710000e+00,  9.0814800000000e-01,               500000
  2.0395906104832e+00,  1.1340206475015e+00,  1.1325013054224e+00, -1.7234772451085e-01,  3.5516658298886e-01,  8.4281265176653e-04,  1.1507337608830e-02, -2.9685968822605e-01,  1.6445770981421e-01, -2.7360616091058e+00,  5.8335625690317e-02, -3.0051469572311e+00,  1.4641736450000e+00,  9.0257600000000e-01,               500000
  2.0368929986207e+00,  1.1331003424299e+00,  1.1318100841407e+00, -1.7412425828032e-01,  3.2251780185600e-01,  8.0314108580746e-04,  1.5887373545720e-02, -3.0870522394715e-01,  7.6427960483038e-02, -2.0551911236109e+00,  1.7153008343433e-02, -2.5450037325898e+00,  1.5459704940000e+00,  9.0702800000000e-01,               500000
  2.0316887082707e+00,  1.1313030236902e+00,  1.1310089396129e+00, -1.6399957153950e-01,  3.7601989816265e-01,  8.6720228108862e-04, -9.9263562330548e-03, -4.3945939241335e-01, -8.6926879449131e-02, -2.8827596865409e+00, -9.1832170603869e-02, -3.1719392919044e+00,  1.4360050290000e+00,  9.0754400000000e-01,               500000
  2.0287941529340e+00,  1.1308197539932e+00,  1.1313372761946e+00, -1.7376979800887e-01,  3.4000364412389e-01,  8.2462554426102e-04,  7.2476248052332e-03, -3.9186767650941e-01, -6.5941114411559e-02, -2.2406418577018e+00, -1.9711356323246e-02, -2.6760072572586e+00,  1.4537783740000e+00,  9.0264000000000e-01,               500000
  2.0249403155050e+00,  1.1312471803347e+00,  1.1318699858604e+00, -1.7336531221360e-01,  3.3540811141842e-01,  8.1903371288173e-04, -7.9518705537720e-03, -3.9610960667397e-01, -1.0720583171543e-01, -2.6605162474076e+00,  1.0279626171123e-02, -2.5997798251572e+00,  1.4695406430000e+00,  9.0828800000000e-01,               500000
  2.0229109293791e+00,  1.1330296877254e+00,  1.1322488077571e+00, -1.7183281030030e-01,  3.3495295035116e-01,  8.1847779487432e-04,  8.1771592084450e-03, -3.8482086938811e-01,  2.1779468176016e-02, -2.7040155596690e+00,  1.4799741330061e-02, -2.5734299898980e+00,  1.4272212600000e+00,  9.0442800000000e-01,               500000
  2.0196694564786e+00,  1.1343724371558e+00,  1.1324377252172e+00, -1.7423121213695e-01,  3.4357320348175e-01,  8.2894294554179e-04,  9.0860276753259e-03, -4.0126739928648e-01,  1.5845586845041e-01, -2.6090408258299e+00,  3.7220105930962e-02, -2.8252340031628e+00,  1.4342670870000e+00,  9.0764000000000e-01,               500000
  2.0151759804509e+00,  1.1335548051461e+00,  1.1322036238911e+00, -1.7316655950888e-01,  3.7149991315455e-01,  8.6197437682862e-04, -5.3616718501683e-03, -4.3407433200462e-01,  4.9006922678693e-02, -2.9593528079966e+00,  9.7092168846606e-03, -2.9698943163132e+00,  1.4376812610000e+00,  9.0325800000000e-01,               500000
  2.0121172327613e+00,  1.1322045905109e+00,  1.1318997230708e+00, -1.7171983671629e-01,  3.4224112559144e-01,  8.2733442523739e-04,  2.7614751945662e-03, -3.8790856688616e-01, -3.9327088295106e-02, -2.3086543591169e+00, -4.0293569473764e-02, -2.9069198435035e+00,  1.3779603930000e+00,  9.0168200000000e-01,               500000
  2.0089055221575e+00,  1.1315112394384e+00,  1.1320983501693e+00, -1.7087358720367e-01,  3.6971787602690e-01,  8.5990450170574e-04, -2.1478678050597e-02, -4.5023736910766e-01, -6.5622088394123e-02, -2.4786017831862e+00, -8.4100477716582e-02, -3.4391887328254e+00,  1.4498401410000e+00,  8.9576000000000e-01,               500000
  2.0098664737964e+00,  1.1317515570100e+00,  1.1332494265761e+00, -1.7877045482831e-01,  3.3557265384019e-01,  8.1923458647715e-04,  3.3715353882763e-03, -3.4787834152972e-01,  1.2668603538383e-02, -2.1001626389733e+00,  9.4684871967081e-02, -2.8534788225280e+00,  1.5097227670000e+00,  9.0325200000000e-01,               500000
  2.0101648804492e+00,  1.1318176133977e+00,  1.1332289813963e+00, -1.7418548579988e-01,  3.0085065512007e-01,  7.7569408289617e-04, -8.8168139495699e-03, -2.9423513143647e-01, -3.0536711106679e-02, -2.0105523160009e+00,  8.8487246482474e-02, -2.2827465746763e+00,  1.3988712000000e+00,  9.0168000000000e-01,               500000
  2.0120252672692e+00,  1.1322860903183e+00,  1.1322192675106e+00, -1.6892739299663e-01,  3.6723077445942e-01,  8.5700732139162e-04, -1.8228995499696e-02, -4.4756114921046e-01, -5.0297455215120e-02, -2.9129968277073e+00, -5.3382779182739e-02, -3.2352330611453e+00,  1.4507447920000e+00,  9.0751600000000e-01,               500000
  2.0169720779118e+00,  1.1333798904195e+00,  1.1319344263793e+00, -1.7448058215855e-01,  3.7587408395131e-01,  8.6703412153306e-04, -4.0613294521452e-03, -4.2339141574720e-01,  3.0413064661593e-02, -2.7920167394148e+00, -3.7261376403948e-02, -3.3077568903125e+00,  1.3876751980000e+00,  9.0641200000000e-01,               500000
  2.0221876724354e+00,  1.1339883643463e+00,  1.1321203956317e+00, -1.7276339299085e-01,  3.1767017999358e-01,  7.9708240476576e-04, -6.2030994363326e-04, -3.6064028171130e-01,  1.2071026403234e-01, -2.1161235357019e+00,  3.2493609837808e-02, -2.5239408053847e+00,  1.4491510680000e+00,  9.0753400000000e-01,               500000
  2.0270293546375e+00,  1.1329805777141e+00,  1.1319323425429e+00, -1.6861617200827e-01,  3.2837037088560e-01,  8.1039542309369e-04, -1.9188028428150e-03, -3.5572654261711e-01,  2.0375094602145e-02, -2.0639994708519e+00, -3.2988134920905e-02, -2.8572743946006e+00,  1.4798610220000e+00,  9.0312000000000e-01,               500000
  2.0317648822698e+00,  1.1318207623296e+00,  1.1321552179594e+00, -1.7055847138842e-01,  3.6930871190214e-01,  8.5942854490893e-04,  6.6941210000202e-03, -3.8276739237256e-01,  1.8203105394505e-02, -2.9686622072102e+00, -1.7492887876632e-03, -3.1553277912406e+00,  1.4707375400000e+00,  9.0746200000000e-01,               500000
  2.0348721508378e+00,  1.1305578838324e+00,  1.1323939983143e+00, -1.7204928464201e-01,  3.6581722133674e-01,  8.5535632497426e-04, -2.7212199395282e-03, -3.5153977307587e-01, -8.8704657395595e-02, -2.7620274025323e+00,  3.2599250910866e-03, -2.9538495845936e+00,  1.5901178290000e+00,  8.9825400000000e-01,               500000
  2.0381883772690e+00,  1.1305953010872e+00,  1.1325887729993e+00, -1.7690683893765e-01,  3.4638649432231e-01,  8.3232985567299e-04,  9.6110813322932e-03, -3.6367789962607e-01, -3.7474478365256e-03, -2.3406251484191e+00,  4.7710193698940e-02, -3.1760050136716e+00,  1.4510323030000e+00,  9.0167000000000e-01,               500000
  2.0394921181026e+00,  1.1306932300991e+00,  1.1322367674476e+00, -1.7045709203478e-01,  3.3992662520089e-01,  8.2453214030854e-04,  4.6710037506990e-04, -2.9163427065688e-01, -6.9278638040486e-02, -2.1124273965280e+00, -2.7103025095999e-02, -3.1537841013584e+00,  1.5725353170000e+00,  9.0353800000000e-01,               500000
  2.0406094046610e+00,  1.1317007702245e+00,  1.1322479820099e+00, -1.6219627285762e-01,  3.9868971704643e-01,  8.9296104847460e-04,  9.4198685367171e-03, -3.8624402787096e-01, -8.9040879207702e-02, -3.2079271189507e+00, -3.1513463843465e-02, -3.7550753065688e+00,  1.4034989740000e+00,  9.0151200000000e-01,               500000
  2.0399661382751e+00,  1.1337941594833e+00,  1.1326408147591e+00, -1.6825438122032e-01,  3.4974774339003e-01,  8.3635846787132e-04,  5.5628410122183e-03, -3.4648250572562e-01,  9.2333204627187e-02, -2.5006815347419e+00, -8.0784919765780e-03, -2.8959192058825e+00,  1.5042368510000e+00,  9.0700600000000e-01,               500000
  2.0384222284536e+00,  1.1344872663166e+00,  1.1331040748768e+00, -1.6968806465303e-01,  3.4772447570732e-01,  8.3393581972155e-04,  1.9596716189501e-02, -3.7225166935582e-01,  1.5456021511233e-01, -2.5651317178550e+00,  8.8701170571679e-02, -3.0153080433333e+00,  1.4472134180000e+00,  9.0521000000000e-01,               500000
  2.0335644236346e+00,  1.1331035995556e+00,  1.1325199262559e+00, -1.7127422038936e-01,  3.4328474532311e-01,  8.2859488934353e-04,  1.2972224969493e-02, -3.5059010895798e-01,  1.1599484431199e-01, -2.4529971325763e+00,  3.0516569415849e-02, -2.8838508193172e+00,  1.4918175320000e+00,  9.0266800000000e-01,               500000
  2.0269036794208e+00,  1.1303530406470e+00,  1.1316593060959e+00, -1.6993569085885e-01,  3.7479274461030e-01,  8.6578605279861e-04, -2.2437231602636e-03, -4.8466145008168e-01, -9.8866763019921e-02, -2.6102141880354e+00, -3.4302792291888e-02, -3.4695980228371e+00,  1.5106630870000e+00,  9.0464200000000e-01,               500000
  2.0213474760269e+00,  1.1291896378320e+00,  1.1312987268672e+00, -1.6937451277622e-01,  3.7054023795060e-01,  8.6086031149148e-04, -6.1475553395716e-03, -3.8683178102445e-01, -1.9854268012698e-01, -2.6845772492784e+00, -6.7191137438206e-02, -2.9416756222010e+00,  1.4825353350000e+00,  9.0812000000000e-01,               500000
  2.0174783780472e+00,  1.1307645873623e+00,  1.1317650267004e+00, -1.7172274940158e-01,  3.5018286212881e-01,  8.3687856004179e-04, -1.4224471053240e-02, -3.1881648052512e-01, -7.8340939651243e-02, -2.5924978556136e+00, -2.2003624446343e-02, -2.6880543063790e+00,  1.4197714410000e+00,  9.0428400000000e-01,               500000
  2.0165729678288e+00,  1.1332289099537e+00,  1.1324544753492e+00, -1.7756639662106e-01,  3.3572921440237e-01,  8.1942567009140e-04,  6.0210377729585e-03, -3.1780533253976e-01,  7.0270339514820e-02, -2.5320800601894e+00,  4.2124824638111e-02, -2.5235541411661e+00,  1.5259245630000e+00,  9.0303800000000e-01,               500000
  2.0147063238312e+00,  1.1345421055918e+00,  1.1326037821362e+00, -1.7728417538528e-01,  3.6204104273170e-01,  8.5093012960136e-04,  4.9486674955230e-03, -2.9357639592134e-01,  1.2436643630789e-01, -2.9134423622650e+00,  2.2520220985295e-02, -3.0061735027723e+00,  1.4364821390000e+00,  9.0419800000000e-01,               500000
  2.0121629201956e+00,  1.1341084475497e+00,  1.1324953448729e+00, -1.7334894428551e-01,  3.2978423741541e-01,  8.1213821165539e-04,  1.5922362574387e-03, -3.4325973955901e-01,  1.4370187668261e-01, -2.4541411442827e+00,  7.7680783374023e-02, -2.5837739279515e+00,  1.4893916630000e+00,  9.0375000000000e-01,               500000
  2.0096161085282e+00,  1.1318434676273e+00,  1.1315137301198e+00, -1.7859832051901e-01,  3.5683418849155e-01,  8.4478895410812e-04, -1.3233425235131e-02, -3.8628639686699e-01, -8.7846706102996e-02, -2.4293742700439e+00, -4.5625703138694e-02, -2.8200862668823e+00,  1.5059190330000e+00,  9.0206200000000e-01,               500000
  2.0096761831890e+00,  1.1314097284296e+00,  1.1313439589062e+00, -1.7287844624941e-01,  3.6336922818090e-01,  8.5248956378469e-04,  6.7537201624378e-03, -3.8715874584956e-01, -3.3134804997330e-02, -2.7279812612224e+00, -6.3771574574605e-02, -3.0232897853523e+00,  1.5123970300000e+00,  9.0197200000000e-01,               500000
  2.0091404336847e+00,  1.1312463297616e+00,  1.1315694999251e+00, -1.8118817896352e-01,  3.3640273539254e-01,  8.2024720102240e-04,  7.9738118634660e-03, -3.6853372166034e-01, -4.6062487131323e-02, -2.4139399459829e+00, -1.0104008221705e-02, -2.7609040560183e+00,  1.4205481660000e+00,  9.1020200000000e-01,               500000
  2.0079569548520e+00,  1.1314109993310e+00,  1.1318393672125e+00, -1.7502262240268e-01,  3.5349209832207e-01,  8.4082352288940e-04, -6.7911120888044e-03, -4.0850595119851e-01, -3.3303542738255e-02, -2.4034074889296e+00, -5.1743972101918e-02, -2.8467983132656e+00,  1.4447528600000e+00,  9.0669600000000e-01,               500000
  2.0075209389669e+00,  1.1317872672249e+00,  1.1323914060326e+00, -1.7177829499298e-01,  3.4866669368704e-01,  8.3506490009704e-04, -1.5348476586894e-04, -2.4939460454514e-01, -2.7371316431458e-02, -2.3416226877987e+00, -5.6237032658587e-02, -2.7253336236730e+00,  1.4119901030000e+00,  9.0776800000000e-01,               500000
  2.0071531718958e+00,  1.1323149977109e+00,  1.1332237514976e+00, -1.6837157215598e-01,  3.9946261504823e-01,  8.9382617443016e-04,  4.3757754507821e-03, -5.7658212366156e-01, -3.3630835793572e-02, -3.4745945868946e+00,  4.5424802195436e-02, -4.1098107648504e+00,  1.4183865210000e+00,  9.0574400000000e-01,               500000
  2.0064529572224e+00,  1.1330245678278e+00,  1.1337211476808e+00, -1.6992495668598e-01,  3.5585070011889e-01,  8.4362396850598e-04,  1.3082047776542e-03, -3.3317098099054e-01,  5.0029962799548e-03, -2.6669988324406e+00,  4.7279549522783e-02, -2.8978549088634e+00,  1.5077416820000e+00,  9.0868800000000e-01,               500000
  2.0057189318955e+00,  1.1336395684410e+00,  1.1339021603177e+00, -1.7075430422204e-01,  3.4753445907656e-01,  8.3370793336343e-04, -4.9126579717502e-03, -3.7687664026063e-01,  4.0959960508662e-02, -2.7977105715679e+00,  6.1300871800499e-02, -3.1872209347654e+00,  1.4702363790000e+00,  9.0851400000000e-01,               500000
  2.0055189913332e+00,  1.1339312259409e+00,  1.1337168921008e+00, -1.7042781051953e-01,  3.5966266972020e-01,  8.4813049670460e-04, -1.3236713727248e-02, -3.7597077397232e-01,  4.0759301593789e-02, -2.3212637590449e+00,  4.6471924858648e-02, -3.4268121875055e+00,  1.3987536760000e+00,  9.0482400000000e-01,               500000
  2.0065531521048e+00,  1.1339310430911e+00,  1.1332885702807e+00, -1.7336110123009e-01,  3.6774301100436e-01,  8.5760481692252e-04,  8.5280755329513e-03, -4.0562053041222e-01,  1.3948981068156e-01, -2.8085871292315e+00,  4.3949982638698e-02, -3.4513731845915e+00,  1.5276665800000e+00,  9.0381400000000e-01,               500000
  2.0067310911140e+00,  1.1330134733291e+00,  1.1326558094170e+00, -1.7119457279173e-01,  3.4564029696892e-01,  8.3143285594078e-04, -2.0532628797217e-02, -4.1929054113812e-01,  2.8476006629472e-02, -2.4344602989945e+00,  2.2982537554646e-04, -2.8020127080048e+00,  1.4018804970000e+00,  9.0307000000000e-01,               500000
  2.0087656676029e+00,  1.1320054794481e+00,  1.1320925551352e+00, -1.6894172031956e-01,  3.6131362270644e-01,  8.5007484694753e-04, -2.4926643115536e-02, -4.1681505040797e-01, -4.8097085671792e-02, -2.6064510913547e+00, -6.7820330848145e-02, -3.0457030744013e+00,  1.3882929510000e+00,  9.0716200000000e-01,               500000
  2.0128581595504e+00,  1.1314262505499e+00,  1.1319913870650e+00, -1.7036680990202e-01,  3.5855792264238e-01,  8.4682692758601e-04, -5.0103198281466e-03, -3.8390994356254e-01, -8.4241819247808e-02, -2.8921345630787e+00, -1.2594984675515e-02, -2.8878994968917e+00,  1.5003404840000e+00,  9.0654400000000e-01,               500000
  2.0170142970006e+00,  1.1314754675557e+00,  1.1319825753881e+00, -1.7944133671000e-01,  3.4027099805179e-01,  8.2494969307443e-04, -4.7286843563159e-03, -4.4907328377944e-01, -2.0612393065932e-02, -2.3658708141710e+00, -2.0988841123475e-03, -2.9684049146429e+00,  1.4676630390000e+00,  9.0159400000000e-01,               500000
  2.0212057699613e+00,  1.1316651985077e+00,  1.1319956740709e+00, -1.6247473750527e-01,  3.8486343338471e-01,  8.7734079283333e-04, -2.1294730284895e-03, -3.8171509167372e-01, -6.3774671016101e-02, -2.8692006554666e+00, -9.8312740823486e-02, -3.3369744028632e+00,  1.4802021800000e+00,  9.0466600000000e-01,               500000
  2.0251918956558e+00,  1.1322715221092e+00,  1.1325950050887e+00, -1.7307801531690e-01,  3.4879743920566e-01,  8.3522145471206e-04,  1.5795829962128e-02, -3.6845513677880e-01,  3.4410056539480e-02, -2.3478515962567e+00,  5.2881251707724e-02, -3.2114293466220e+00,  1.4912458090000e+00,  9.0070200000000e-01,               500000
  2.0273671867822e+00,  1.1325956375797e+00,  1.1328333305349e+00, -1.7411130383100e-01,  3.4175080222701e-01,  8.2674155844135e-04,  4.8951927474309e-03, -4.0254168404880e-01,  3.7603706751673e-03, -2.5172719541070e+00,  6.3443523477861e-02, -2.7594564347397e+00,  1.4686547210000e+00,  9.0687200000000e-01,               500000
  2.0289021372585e+00,  1.1328709190864e+00,  1.1326825859210e+00, -1.7162477820858e-01,  3.9486278173477e-01,  8.8866504571157e-04,  5.6769880237922e-03, -4.2053605131543e-01,  4.2076352626002e-02, -2.7745244792159e+00,  5.0243751537531e-02, -3.7282838692384e+00,  1.4549436190000e+00,  9.0437400000000e-01,               500000
  2.0297897876930e+00,  1.1328463834304e+00,  1.1322616080078e+00, -1.6954619486494e-01,  3.5892649789992e-01,  8.4726205851546e-04,  3.1249359694635e-03, -4.0969033664754e-01,  2.2915045966759e-02, -2.6646668242065e+00, -9.3483373571451e-03, -3.1732488694433e+00,  1.4607460190000e+00,  9.0878000000000e-01,               500000
  2.0303247811844e+00,  1.1326795564321e+00,  1.1319468421685e+00, -1.7297597614939e-01,  3.5696773629536e-01,  8.4494702354096e-04, -9.0329722546820e-03, -4.5212461683803e-01,  1.4247285995863e-02, -2.7882625130485e+00, -4.9135809257691e-02, -3.1325310125667e+00,  1.4567047300000e+00,  9.0695400000000e-01,               500000
  2.0316464385838e+00,  1.1324429711369e+00,  1.1319627502829e+00, -1.7412105057514e-01,  3.2713284408864e-01,  8.0886691623361e-04,  7.1470134256242e-03, -3.9893358071748e-01,  3.8995461068825e-02, -2.2356188059098e+00, -1.2801149633984e-02, -2.7841146695402e+00,  1.4305911860000e+00,  9.0555200000000e-01,               500000
  2.0322061778168e+00,  1.1319752992260e+00,  1.1320610098965e+00, -1.7556787360883e-01,  3.4612838679752e-01,  8.3201969543697e-04,  3.4650758278743e-03, -4.0812357616493e-01,  3.1050354764617e-02, -2.7584341835500e+00,  3.5157517581590e-02, -3.0552924307217e+00,  1.4448656770000e+00,  9.0764800000000e-01,               500000
  2.0324141134266e+00,  1.1313543611022e+00,  1.1319504678734e+00, -1.6942790304391e-01,  3.2012948975926e-01,  8.0016184582778e-04,  5.6066034030216e-03, -3.0735400586723e-01, -3.0282280883282e-02, -2.0990652746376e+00,  9.8628860820808e-03, -2.4592537955215e+00,  1.4486361460000e+00,  9.0557000000000e-01,               500000
  2.0321054405384e+00,  1.1310059116375e+00,  1.1317997137502e+00, -1.7743140671170e-01,  3.5364911764754e-01,  8.4101024684309e-04,  1.1906147439203e-02, -3.4534606321248e-01, -4.8362190529998e-02, -2.3849952854405e+00,  1.2104932107211e-02, -2.8749234800014e+00,  1.4778611520000e+00,  9.0681400000000e-01,               500000
  2.0307599924847e+00,  1.1310260179450e+00,  1.1316006075810e+00, -1.8560431573184e-01,  3.0971184119120e-01,  7.8703474026399e-04,  3.2524357158653e-02, -2.8705204801909e-01,  3.7606891430658e-03, -1.9181695874854e+00,  8.8088405018169e-02, -2.3016038814919e+00,  1.4288578290000e+00,  9.0934200000000e-01,               500000
  2.0266231836066e+00,  1.1310252284506e+00,  1.1309050609382e+00, -1.6723675145581e-01,  3.2565519501511e-01,  8.0703803505797e-04,  8.9524634938460e-03, -3.2197709881051e-01, -4.3084996869912e-02, -2.0077004496018e+00, -8.4972544763970e-02, -2.7158400954979e+00,  1.5401749290000e+00,  9.0093800000000e-01,               500000
  2.0221011722396e+00,  1.1313223224624e+00,  1.1307915532664e+00, -1.7438514619661e-01,  3.4413346689089e-01,  8.2961854715392e-04,  3.6736744117542e-03, -3.9926353034811e-01, -4.1722874223659e-02, -2.4668279407812e+00, -8.6124122443979e-02, -2.8457154495626e+00,  1.4677748160000e+00,  9.0197200000000e-01,               500000
  2.0177121983628e+00,  1.1318804298295e+00,  1.1312100428156e+00, -1.6987793514066e-01,  3.6084021804279e-01,  8.4951776678630e-04, -3.3717500423048e-03, -4.2036923295222e-01, -4.0261690664928e-02, -2.5349393100829e+00, -1.4669093725706e-01, -3.2126446737778e+00,  1.4850200380000e+00,  9.0581400000000e-01,               500000
  2.0140833366389e+00,  1.1326643265564e+00,  1.1324694474471e+00, -1.6797987088660e-01,  3.2740220393801e-01,  8.0919985657193e-04, -2.0575882919287e-03, -2.7923240785953e-01,  2.9778580381215e-02, -2.1673185831528e+00,  8.9475094026115e-03, -2.7738865415956e+00,  1.4673446250000e+00,  9.0733800000000e-01,               500000
  2.0110136183428e+00,  1.1331761494253e+00,  1.1335590834155e+00, -1.7088772975923e-01,  3.3355272341534e-01,  8.1676523360797e-04, -6.2704103552046e-03, -3.5966646685168e-01,  5.2435373246243e-02, -2.2597042426749e+00,  6.9339929634204e-02, -2.9123041589082e+00,  1.4392552960000e+00,  9.0598800000000e-01,               500000
  2.0088352264050e+00,  1.1332892798076e+00,  1.1341358792798e+00, -1.6972194932282e-01,  3.4472335782609e-01,  8.3032928146139e-04,  1.4231229701599e-03, -3.8304306741235e-01,  7.0710640600925e-02, -2.1927852564130e+00,  7.0184984356965e-02, -3.1292744322410e+00,  1.5671356170000e+00,  9.0401600000000e-01,               500000
  2.0067604546397e+00,  1.1329186172866e+00,  1.1342458903510e+00, -1.7450213819354e-01,  3.6095981323149e-01,  8.4965853521458e-04, -1.1838399697332e-03, -3.5868347232302e-01,  2.5127653394075e-02, -2.7163861683466e+00,  1.4735188213386e-01, -2.8852923431871e+00,  1.4666764260000e+00,  9.0665800000000e-01,               500000
  2.0050154298260e+00,  1.1324231423696e+00,  1.1334735292710e+00, -1.6829351718389e-01,  3.6433562522751e-01,  8.5362242850983e-04, -8.2815598721363e-03, -4.1446441853864e-01, -2.9455592066432e-02, -2.6494706347297e+00,  3.9612496052370e-02, -3.3322820975875e+00,  1.3853796300000e+00,  9.0450400000000e-01,               500000
  2.0042180970076e+00,  1.1321861397822e+00,  1.1325508216378e+00, -1.6860596425437e-01,  3.5493526164547e-01,  8.4253814352285e-04, -9.2534923721636e-03, -4.5211777039373e-01, -9.3169724572268e-03, -2.6093056427248e+00, -4.0823181614072e-02, -3.2091735800902e+00,  1.3937633920000e+00,  9.0243600000000e-01,               500000
  2.0043651660677e+00,  1.1320449426731e+00,  1.1319734511499e+00, -1.7780187646954e-01,  3.3191657238656e-01,  8.1475956255396e-04, -9.5910295030916e-04, -2.8682690553277e-01,  1.0085626947401e-02, -2.2903558413315e+00,  2.1956344108527e-03, -2.4164728042716e+00,  1.5954842000000e+00,  9.0169000000000e-01,               500000
  2.0045983864643e+00,  1.1318567818381e+00,  1.1314473481340e+00, -1.7274079315887e-01,  3.4529129507445e-01,  8.3101299036110e-04, -1.6543221282466e-02, -3.0368811767134e-01, -4.3885677634008e-02, -2.2105770893556e+00, -8.6283592008556e-02, -2.7647281005887e+00,  1.4934801230000e+00,  9.0238600000000e-01,               500000
  2.0063325260344e+00,  1.1319942841511e+00,  1.1314991120623e+00, -1.7784559919755e-01,  3.8030446887613e-01,  8.7212896853175e-04, -2.7445966332842e-03, -4.0568440249740e-01, -9.3427049933044e-03, -2.7013267177516e+00, -4.1161349611339e-02, -3.4078184555482e+00,  1.4225515500000e+00,  9.0843600000000e-01,               500000
  2.0081642250545e+00,  1.1321912159081e+00,  1.1318030420587e+00, -1.7047164117532e-01,  3.3324622787052e-01,  8.1638989198853e-04, -1.4320955009234e-02, -3.4170173036876e-01,  1.7150072716031e-03, -1.7696629497227e+00, -6.2783754756346e-02, -3.1718193742682e+00,  1.3654733390000e+00,  9.0383600000000e-01,               500000
  2.0111368898304e+00,  1.1323629657020e+00,  1.1324635865165e+00, -1.6871780715509e-01,  3.4373005141387e-01,  8.2913213833969e-04, -8.8258654661277e-03, -3.5368382046475e-01, -5.1585806215925e-02, -2.4871849879034e+00,  8.0976977008654e-03, -3.0755161772760e+00,  1.5517419170000e+00,  9.0993200000000e-01,               500000
  2.0146371139630e+00,  1.1328793136015e+00,  1.1330192518012e+00, -1.7747999117275e-01,  3.1402448797060e-01,  7.9249541067516e-04,  4.4096596162901e-03, -3.1333520135557e-01,  6.0422662500410e-02, -1.9773028292860e+00,  8.5227673233200e-02, -2.5092951898003e+00,  1.4412897750000e+00,  9.0585800000000e-01,               500000
  2.0174010612583e+00,  1.1329372495658e+00,  1.1330142860245e+00, -1.6928240992784e-01,  3.5017713880580e-01,  8.3687172112075e-04,  2.2877889729180e-02, -3.0666044038743e-01,  1.6321579089804e-02, -2.3281500464708e+00,  2.5633782040040e-02, -3.2965220135901e+00,  1.4276448390000e+00,  9.0328800000000e-01,               500000
  2.0178079055501e+00,  1.1328854845190e+00,  1.1328652711730e+00, -1.6916899670537e-01,  3.4335837615455e-01,  8.2868374685950e-04, -5.9029694107047e-03, -3.6959056245614e-01,  1.8651766009136e-03, -2.4192285369356e+00,  4.5721340160507e-02, -2.9176785235457e+00,  1.4079609930000e+00,  9.0006800000000e-01,               500000
  2.0187310133667e+00,  1.1328343455675e+00,  1.1324640194633e+00, -1.6798046908438e-01,  3.9910048544488e-01,  8.9342093712301e-04,  1.3428675315354e-03, -5.3513066613005e-01,  6.5815047116446e-03, -3.2096178817987e+00, -4.7327716943401e-02, -4.5440443704767e+00,  1.5033184420000e+00,  9.0636600000000e-01,               500000
  2.0194642588785e+00,  1.1327540655758e+00,  1.1324020297935e+00, -1.7430077205030e-01,  3.5799577514984e-01,  8.4616283911531e-04,  5.1118153084909e-03, -3.9871687226334e-01,  2.4466757254586e-02, -2.3561766332073e+00, -1.2070738859491e-02, -3.0975865881394e+00,  1.4728440030000e+00,  9.0077200000000e-01,               500000
  2.0196747287275e+00,  1.1325215023147e+00,  1.1324285052846e+00, -1.7879477838372e-01,  4.4193605466501e-01,  9.4014472786375e-04,  1.3979020557394e-02, -7.0446667495195e-01,  9.1764621609184e-02, -4.5885194438882e+00,  8.9518990324275e-02, -5.0219151769332e+00,  1.5131849670000e+00,  9.0313600000000e-01,               500000
  2.0186157232660e+00,  1.1316959415055e+00,  1.1319259676326e+00, -1.7972759881033e-01,  3.1835022858319e-01,  7.9793512090042e-04,  6.0535231457511e-03, -3.1790697660254e-01,  5.1950784134865e-02, -2.0065505974582e+00,  1.5820197151981e-02, -2.5665335195045e+00,  1.5472868270000e+00,  9.0379000000000e-01,               500000
  2.0171213040728e+00,  1.1306010546090e+00,  1.1313851712437e+00, -1.7808914993019e-01,  3.6201471718820e-01,  8.5089919166515e-04,  2.8203867192644e-03, -3.6257147735421e-01, -8.5893998261746e-02, -2.4968190653666e+00, -4.2730497614963e-02, -3.0524327922073e+00,  1.4565903290000e+00,  9.0400000000000e-01,               500000
  2.0155327295991e+00,  1.1302159839625e+00,  1.1311662624550e+00, -1.7770179750342e-01,  3.4463110683992e-01,  8.3021817233776e-04,  1.0637341766811e-02, -3.4243894315540e-01, -9.4738103389209e-02, -2.3190449696998e+00, -1.0415142729719e-02, -2.5911739621678e+00,  1.4889163190000e+00,  9.0406800000000e-01,               500000
  2.0131413303830e+00,  1.1305311782427e+00,  1.1310401062159e+00, -1.7227666001871e-01,  3.4632500684119e-01,  8.3225597845998e-04,  6.8643227599234e-03, -3.8119666012905e-01, -8.6740742020648e-02, -2.5187912933955e+00, -6.2750188861941e-02, -2.4712720499147e+00,  1.4311524480000e+00,  9.0440800000000e-01,               500000
  2.0103740420858e+00,  1.1314230677326e+00,  1.1313151321864e+00, -1.7050637836501e-01,  3.3339341355115e-01,  8.1657016055101e-04, -1.3596331070714e-02, -3.8672870437537e-01, -4.7597698548053e-02, -2.1129104256682e+00, -1.0335091206340e-01, -2.7907176635356e+00,  1.4552174270000e+00,  9.0747400000000e-01,               500000
  2.0091507874885e+00,  1.1325630243391e+00,  1.1321996105842e+00, -1.7471964123225e-01,  3.4444202697788e-01,  8.2999039389366e-04, -1.4285602337100e-02, -3.8556250008770e-01,  2.8721878356943e-02, -2.3885735298993e+00, -3.4056573481528e-02, -2.9963553540958e+00,  1.4470101010000e+00,  8.9781600000000e-01,               500000
  2.0093803471674e+00,  1.1333994688148e+00,  1.1332128103463e+00, -1.7493540244794e-01,  3.2526670910747e-01,  8.0655651892161e-04,  5.7587145170301e-03, -3.4572100793748e-01,  7.5162940017249e-02, -1.9498236377458e+00,  3.3926028480406e-02, -2.8448702464067e+00,  1.4794506620000e+00,  9.0004000000000e-01,               500000
  2.0090734320750e+00,  1.1336388930980e+00,  1.1339276252340e+00, -1.7021209278740e-01,  3.3602412207546e-01,  8.1978548666766e-04, -4.0649247915494e-03, -4.1219125986956e-01,  6.5324146598535e-02, -2.2376880108228e+00,  7.2650589330113e-02, -3.3189640464654e+00,  1.4916904450000e+00,  9.0024800000000e-01,               500000
  2.0091900991445e+00,  1.1334093031984e+00,  1.1341387116215e+00, -1.7338346014822e-01,  3.3522900713387e-01,  8.1881500613248e-04,  2.2245039266333e-03, -3.5397562336812e-01,  8.9178251928132e-02, -2.1592019375468e+00,  6.7609339301199e-02, -3.0001121068982e+00,  1.4654682240000e+00,  9.0534200000000e-01,               500000
  2.0091065388746e+00,  1.1325910524064e+00,  1.1339254161749e+00, -1.7647986744282e-01,  3.3966152080239e-01,  8.2421055659630e-04, -2.1150499665471e-03, -4.3759826225119e-01,  2.5206508927301e-02, -2.2453112976591e+00,  7.6163978111684e-02, -3.1812198343506e+00,  1.4289287730000e+00,  9.0661000000000e-01,               500000
  2.0092465279683e+00,  1.1316865453580e+00,  1.1332777596653e+00, -1.7376510314167e-01,  3.5690755898338e-01,  8.4487580032023e-04, -4.2884803327720e-03, -4.1063750566802e-01, -5.1673016668711e-02, -2.4015456991629e+00,  1.4467725585993e-02, -3.5350871279942e+00,  1.5506209560000e+00,  9.0752800000000e-01,               500000
  2.0097875179709e+00,  1.1312394145467e+00,  1.1326166068378e+00, -1.7015995851042e-01,  3.7700699964041e-01,  8.6833979482735e-04, -5.0067111933178e-03, -4.5357486020097e-01, -6.6016029769185e-02, -2.9730299937702e+00, -3.9126034328750e-02, -3.5395503281999e+00,  1.5202238720000e+00,  9.0317400000000e-01,               500000
  2.0107584420238e+00,  1.1313064896608e+00,  1.1322712880646e+00, -1.7522489191109e-01,  3.9362650060426e-01,  8.8727278849772e-04, -2.1604078060242e-03, -4.9644787958738e-01, -8.4991216265165e-02, -4.0237451123595e+00,  3.0562717431141e-02, -3.4036503315244e+00,  1.4583782990000e+00,  9.0408400000000e-01,               500000
  2.0118559471220e+00,  1.1319729731134e+00,  1.1317833542393e+00, -1.6431267756036e-01,  3.9345960586813e-01,  8.8708466999281e-04, -1.1002627201818e-02, -4.7182850420070e-01, -8.6996229552853e-02, -3.1519111453369e+00, -1.2566373837277e-01, -3.9663269059557e+00,  1.4585976610000e+00,  9.0659200000000e-01,               500000
  2.0138838944274e+00,  1.1331907617648e+00,  1.1321265213915e+00, -1.7234795222277e-01,  3.5628546661697e-01,  8.4413916698252e-04, -4.6473444984662e-03, -3.9720209119129e-01,  3.8613001556932e-02, -2.5733286059291e+00,  3.9026516851504e-03, -3.0937542289358e+00,  1.4186463930000e+00,  9.0616200000000e-01,               500000
  2.0161594857041e+00,  1.1340273795791e+00,  1.1324212342396e+00, -1.7259381864986e-01,  3.5235813460613e-01,  8.3947380495895e-04,  2.4933886198467e-03, -3.1201044761874e-01,  6.2204963852200e-02, -2.5329138400186e+00, -3.6633529800255e-03, -2.9016324910507e+00,  1.4743933600000e+00,  9.0722000000000e-01,               500000
  2.0179928903656e+00,  1.1343553803387e+00,  1.1327181697092e+00, -1.7250401896867e-01,  3.5193053694327e-01,  8.3896428641900e-04,  1.1270157019786e-02, -3.8296688192871e-01,  5.7414497658167e-02, -3.0742845179606e+00, -3.5151113583826e-02, -3.1913919550319e+00,  1.5000012230000e+00,  9.0505200000000e-01,               500000
  2.0186161219041e+00,  1.1342601984746e+00,  1.1332116618264e+00, -1.7065390232781e-01,  3.4037344672912e-01,  8.2507387151590e-04,  1.7017821862531e-04, -4.0555075539875e-01,  1.1524091279883e-01, -2.4459768632696e+00, -2.1193263322398e-02, -3.0749500486802e+00,  1.4599794560000e+00,  9.0413400000000e-01,               500000
  2.0191806362536e+00,  1.1333768541562e+00,  1.1337961886025e+00, -1.6531949740359e-01,  3.3717123002388e-01,  8.2118357268503e-04, -1.3846588771495e-02, -3.6288758376752e-01,  1.3370855914245e-02, -2.0811789681037e+00,  5.9311878674682e-03, -2.7653697417385e+00,  1.4473149370000e+00,  9.0315200000000e-01,               500000
  2.0209907823166e+00,  1.1324946803506e+00,  1.1342947762729e+00, -1.7423050062888e-01,  3.7508461844207e-01,  8.6612310723369e-04,  7.5183078659815e-03, -3.1402089279043e-01, -2.1134162659881e-02, -3.9196161225443e+00,  1.5003358314322e-01, -2.6228199455741e+00,  1.4075715220000e+00,  8.9875000000000e-01,               500000
  2.0219372979919e+00,  1.1318618057005e+00,  1.1338268034415e+00, -1.7358090188147e-01,  3.7375627348819e-01,  8.6458807936287e-04, -2.8166502954149e-03, -4.5863192526067e-01, -2.8997638034013e-02, -2.7934125635574e+00,  8.9423538797270e-02, -3.2190607507087e+00,  1.4669724500000e+00,  9.0582200000000e-01,               500000
  2.0230732126250e+00,  1.1315049240672e+00,  1.1328634231657e+00, -1.6495874255669e-01,  3.3592508125894e-01,  8.1966466467568e-04, -8.9264567463822e-04, -3.8954766257781e-01, -8.0936616507594e-02, -2.6921568175062e+00,  3.5366691808566e-02, -2.6586875033536e+00,  1.3846576560000e+00,  9.0394800000000e-01,               500000
  2.0241977943976e+00,  1.1317613112926e+00,  1.1317852775547e+00, -1.7435607246300e-01,  3.6540816052968e-01,  8.5487795682154e-04,  4.2036113085940e-03, -4.7883598573061e-01, -2.4904636752487e-02, -3.3633609763238e+00, -3.5689471140357e-02, -3.1485683027507e+00,  1.4484028220000e+00,  8.9785800000000e-01,               500000
  2.0248415492349e+00,  1.1321791853369e+00,  1.1310443754079e+00, -1.7980740523271e-01,  3.4428296065850e-01,  8.2979872337634e-04, -2.0799941983865e-03, -3.7940761701579e-01,  8.4069246374651e-02, -2.3540916160999e+00, -4.1038194351061e-02, -3.2047700662781e+00,  1.4282322330000e+00,  9.0463800000000e-01,               500000
  2.0256331711872e+00,  1.1319723995248e+00,  1.1306408042926e+00, -1.7184965923873e-01,  3.5240522514242e-01,  8.3952989838650e-04,  2.2770557881240e-03, -2.8717232779408e-01, -1.8112702665567e-02, -2.4425857931250e+00, -1.0146064251619e-01, -3.1278644140746e+00,  1.4037575280000e+00,  9.0649000000000e-01,               500000
  2.0261471843337e+00,  1.1319222627216e+00,  1.1309154002404e+00, -1.7287187410438e-01,  3.6790625590140e-01,  8.5779514559293e-04,  4.7938736268853e-03, -4.4111659476080e-01,  2.6696784323522e-02, -2.5343829358847e+00, -6.6878422963031e-02, -3.7831958630598e+00,  1.4297919450000e+00,  9.0400600000000e-01,               500000
  2.0261829098291e+00,  1.1316978272211e+00,  1.1315890754572e+00, -1.6624029484063e-01,  3.5162382593455e-01,  8.3859862381779e-04, -1.0561300234258e-02, -3.8018098898294e-01, -9.6165928626385e-02, -2.4614662832476e+00, -3.9991026823394e-02, -2.8016162165668e+00,  1.4856992310000e+00,  9.0303400000000e-01,               500000
  2.0272199887062e+00,  1.1321827838568e+00,  1.1324528233357e+00, -1.7541936868103e-01,  3.4356387687284e-01,  8.2893169425815e-04, -5.1137580849403e-04, -4.0941967775571e-01,  9.8032423212137e-04, -2.3927487870726e+00,  3.0632866118184e-02, -2.7774702707629e+00,  1.3993804260000e+00,  9.0026400000000e-01,               500000
  2.0282213114266e+00,  1.1326212170524e+00,  1.1330493269245e+00, -1.7072838889342e-01,  3.1690628783456e-01,  7.9612346760356e-04,  1.2095332581184e-02, -3.3745974682375e-01,  2.0005205887496e-02, -2.1852314461324e+00,  1.0466686443785e-01, -2.5742605097322e+00,  1.4827206000000e+00,  9.0709800000000e-01,               500000
  2.0280065608428e+00,  1.1328825136901e+00,  1.1329439645289e+00, -1.7316014458454e-01,  3.7873790146887e-01,  8.7033085831639e-04, -7.1066623384989e-04, -4.9053718088864e-01,  1.0542671929064e-01, -2.7303886249448e+00,  3.2819441070057e-02, -4.0442449340720e+00,  1.4485882600000e+00,  9.0590800000000e-01,               500000
  2.0279026391666e+00,  1.1323817426011e+00,  1.1326574136051e+00, -1.6768856597481e-01,  3.4763514142945e-01,  8.3382868915557e-04,  1.8011432398305e-02, -3.8298194631114e-01,  4.0922258642763e-04, -2.5021825501106e+00,  6.8603360543887e-02, -2.8965515727963e+00,  1.5741589970000e+00,  9.0253200000000e-01,               500000
  2.0261411762273e+00,  1.1319365501472e+00,  1.1319810464682e+00, -1.7397609485373e-01,  3.5050150883739e-01,  8.3725922967428e-04, -1.0726342355457e-02, -3.8112039192935e-01, -8.0415434532936e-02, -2.7755794036798e+00,  1.9663450285105e-02, -2.7509579060660e+00,  1.4769258590000e+00,  9.0229600000000e-01,               500000
  2.0255775290777e+00,  1.1321152573397e+00,  1.1312576895998e+00, -1.7201701546143e-01,  3.3435365672058e-01,  8.1774526194969e-04, -9.3464042881897e-03, -3.9068450735266e-01, -1.1650765741675e-02, -2.2955556351104e+00, -4.6678522979534e-02, -2.8289372940848e+00,  1.4411350110000e+00,  9.0418600000000e-01,               500000
  2.0259638806292e+00,  1.1323670456985e+00,  1.1309061543766e+00, -1.6533780351325e-01,  3.6304744250811e-01,  8.5211201435974e-04, -2.0074465206957e-02, -4.2411315041409e-01,  1.6475073493170e-02, -2.3566752562564e+00, -1.8408578023781e-01, -3.7967345026359e+00,  1.4302564060000e+00,  9.0630800000000e-01,               500000
  2.0282090840245e+00,  1.1324852638947e+00,  1.1317504710220e+00, -1.7599279289012e-01,  3.6767166413368e-01,  8.5752161970842e-04,  9.2010821195015e-03, -4.0466951542595e-01,  1.4054463247922e-02, -2.7469170136374e+00, -8.4588710862221e-03, -3.1766476059968e+00,  1.4789042970000e+00,  9.0434400000000e-01,               500000
  2.0293885236614e+00,  1.1325016307515e+00,  1.1325738947426e+00, -1.7637700545870e-01,  3.0840654534868e-01,  7.8537449073506e-04,  1.4480934478020e-02, -3.5431461461252e-01,  6.7198498111820e-02, -2.1071266270421e+00,  5.6748224662384e-02, -2.4336182488459e+00,  1.4980793830000e+00,  9.0957000000000e-01,               500000
  2.0291110981314e+00,  1.1320458038225e+00,  1.1329684178188e+00, -1.6637976814178e-01,  3.6617695727040e-01,  8.5577679013911e-04,  1.2731814498041e-03, -4.1430770194034e-01, -5.1205161283322e-02, -2.8653899319866e+00,  2.5845697801998e-02, -3.3199920137221e+00,  1.4211071460000e+00,  9.0973200000000e-01,               500000
  2.0287612883137e+00,  1.1320100041294e+00,  1.1331724527616e+00, -1.7334702770983e-01,  3.1549670588502e-01,  7.9435093741370e-04,  6.1606987874358e-03, -3.2669888768369e-01,  1.5953366823656e-02, -2.0311020283185e+00,  1.0070025769284e-01, -2.5021424430761e+00,  1.4064063630000e+00,  9.0780600000000e-01,               500000
  2.0278838638629e+00,  1.1318712760900e+00,  1.1327332478536e+00, -1.7460958335915e-01,  3.3683548871493e-01,  8.2077462036168e-04, -3.8724410922839e-03, -4.6055020282801e-01, -1.9902027742120e-02, -2.3534298173197e+00,  2.3271277031797e-02, -2.8182558702728e+00,  1.5274400760000e+00,  9.0469800000000e-01,               500000
  2.0274785021632e+00,  1.1318966942851e+00,  1.1322004812515e+00, -1.7233077368248e-01,  3.4641068447438e-01,  8.3235891834518e-04, -1.9243829461432e-02, -3.9133318699871e-01, -7.5712896039651e-02, -2.7030297743034e+00, -2.9553268025816e-02, -2.8487215030962e+00,  1.4450806380000e+00,  9.0431600000000e-01,               500000
  2.0289364278355e+00,  1.1324698957221e+00,  1.1319149560716e+00, -1.6941192751499e-01,  3.7204562624142e-01,  8.6260724114908e-04, -2.5311502949884e-02, -4.5557079359576e-01, -2.4875825169479e-02, -2.8354601954717e+00, -6.3518144237106e-02, -3.3645867271602e+00,  1.4118582730000e+00,  9.0243400000000e-01,               500000
  2.0326327875168e+00,  1.1331742299210e+00,  1.1320673647603e+00, -1.6875944421622e-01,  3.4858004750306e-01,  8.3496113382966e-04,  6.4880683107842e-04, -4.0445872687647e-01,  2.0069542599789e-02, -2.3282223781236e+00, -3.9551634239103e-02, -3.1974172837717e+00,  1.4309469260000e+00,  9.0670400000000e-01,               500000
  2.0359210682728e+00,  1.1336734934722e+00,  1.1324634359467e+00, -1.7929280311898e-01,  3.5468059793366e-01,  8.4223583150286e-04,  2.9557258791870e-02, -3.3430934187264e-01,  1.3938328191975e-01, -2.4460531357145e+00,  8.6604978323503e-02, -3.4279202072827e+00,  1.5214764940000e+00,  9.0218800000000e-01,               500000
  2.0361291852501e+00,  1.1331340863250e+00,  1.1322859229043e+00, -1.7361686902097e-01,  3.0605111289579e-01,  7.8236962223208e-04,  8.6174510143119e-03, -3.0999469997714e-01,  9.7093292316158e-02, -2.0386328890783e+00,  3.2344436512941e-02, -2.4058193193673e+00,  1.4459064220000e+00,  9.0212600000000e-01,               500000
  2.0355271933054e+00,  1.1319601254496e+00,  1.1319298194628e+00, -1.7518941712789e-01,  3.8181717221965e-01,  8.7386174217624e-04,  6.4997301805862e-03, -4.5690204077799e-01, -8.2977438642980e-02, -3.8435355341058e+00,  1.1489771852778e-02, -3.2902016612907e+00,  1.5146248370000e+00,  9.0208400000000e-01,               500000
  2.0343995068613e+00,  1.1315113284638e+00,  1.1315469234606e+00, -1.7184237837729e-01,  3.5453341924607e-01,  8.4206106577382e-04,  2.8576721111446e-02, -3.5011322275845e-01, -9.5591059394917e-03, -2.6791995352020e+00, -1.0211027449042e-02, -3.0357287754943e+00,  1.3880268960000e+00,  9.0218600000000e-01,               500000
  2.0307458912769e+00,  1.1311852098492e+00,  1.1312760097814e+00, -1.7617964423046e-01,  3.2988138032255e-01,  8.1225781661064e-04, -3.6958463891611e-03, -3.7346904313594e-01, -2.3769246448291e-02, -2.2241841063638e+00, -5.2817507577179e-02, -2.7902117851274e+00,  1.3759420510000e+00,  9.0742200000000e-01,               500000
  2.0278161471991e+00,  1.1310701240587e+00,  1.1313744911679e+00, -1.7277845750511e-01,  3.7615279296218e-01,  8.6735551299589e-04,  1.5639952329726e-02, -3.5648927075364e-01, -2.9754980757899e-02, -2.7911145498319e+00, -6.9576915839956e-02, -3.1934158786286e+00,  1.4762310240000e+00,  9.0227200000000e-01,               500000
  2.0237409657873e+00,  1.1311904011740e+00,  1.1319132882826e+00, -1.7240368758271e-01,  3.7471259287450e-01,  8.6569347100980e-04, -5.3183062777609e-03, -3.8995831278419e-01, -6.6018695028000e-02, -2.9008275180759e+00,  6.5725440372394e-03, -3.2001972689509e+00,  1.4720093040000e+00,  9.0413200000000e-01,               500000
  2.0205838884326e+00,  1.1317842199571e+00,  1.1323672147963e+00, -1.7502754562319e-01,  4.5550433160226e-01,  9.5446773816851e-04,  2.8130011793470e-03, -5.8686521188375e-01, -2.0613489513998e-02, -4.8210045342519e+00,  3.4370118579500e-02, -5.0623476868709e+00,  1.3915992650000e+00,  9.0268400000000e-01,               500000
  2.0175048179122e+00,  1.1324850151391e+00,  1.1325744062704e+00, -1.7684456122592e-01,  3.5413515261485e-01,  8.4158796642400e-04,  7.9050979084192e-06, -3.9013770496479e-01,  2.3441550990418e-02, -2.3641445804316e+00,  3.1334065035165e-02, -3.1909301679497e+00,  1.4682973330000e+00,  9.0223800000000e-01,               500000
  2.0147483569034e+00,  1.1329558665335e+00,  1.1325724446458e+00, -1.7194808386478e-01,  3.3334334158609e-01,  8.1650883839196e-04, -2.6953512495973e-03, -3.9137625044842e-01,  8.3245256846230e-02, -2.4284175207788e+00,  4.7169877389632e-02, -2.5793414359799e+00,  1.3810558480000e+00,  9.0017600000000e-01,               500000
  2.0125353072517e+00,  1.1327880836902e+00,  1.1322794091404e+00, -1.7041200318990e-01,  3.2641678275155e-01,  8.0798116655223e-04, -4.5394057238905e-03, -3.4150532852218e-01,  1.9581461452013e-02, -2.3129163487645e+00, -1.9993060157853e-02, -2.4334398148001e+00,  1.5123681940000e+00,  9.0517800000000e-01,               500000
  2.0109823040735e+00,  1.1325038575183e+00,  1.1321501992562e+00, -1.6448261429002e-01,  3.5255369938572e-01,  8.3970673378950e-04,  2.1136495346757e-04, -4.0328098714185e-01,  9.3997099933249e-03, -2.3605738039484e+00, -3.9519471395605e-02, -3.0997656514530e+00,  1.5277349560000e+00,  9.0492600000000e-01,               500000
  2.0095822983368e+00,  1.1321883767128e+00,  1.1322950321371e+00, -1.6731656932712e-01,  3.6989465002709e-01,  8.6011005112961e-04, -5.2607198285770e-03, -4.0555137943333e-01, -5.8857358390651e-02, -3.1983655126992e+00, -5.0110551420459e-02, -2.9248894604089e+00,  1.4932824890000e+00,  9.1031800000000e-01,               500000
  2.0088331134497e+00,  1.1323416530546e+00,  1.1327538503155e+00, -1.6282258935946e-01,  3.7520992150926e-01,  8.6626776635087e-04, -2.1508722038576e-02, -4.3458750309412e-01, -8.6504139926116e-02, -2.9935336478472e+00, -3.6231903794779e-02, -3.1976970139626e+00,  1.3745602050000e+00,  9.0510800000000e-01,               500000
  2.0101920882566e+00,  1.1331169371456e+00,  1.1334082681876e+00, -1.7165095073009e-01,  3.4687612249709e-01,  8.3291791011730e-04, -9.3324703381592e-03, -4.3255620967039e-01, -1.1169089654848e-02, -2.4947083578967e+00,  5.0975234344163e-02, -2.9776608126421e+00,  1.4230863580000e+00,  9.0704200000000e-01,               500000
  2.0123093339045e+00,  1.1339053814109e+00,  1.1336821339440e+00, -1.7316165788446e-01,  3.6989857031596e-01,  8.6011460900971e-04,  1.3615142741348e-02, -3.7342432545978e-01,  1.2134681803437e-01, -2.9625451272834e+00,  1.1277294287858e-01, -4.0405288154423e+00,  1.4293004710000e+00,  9.0358400000000e-01,               500000
  2.0129582125148e+00,  1.1337460691964e+00,  1.1332218463116e+00, -1.7676736482832e-01,  3.3152978767794e-01,  8.1428470165900e-04, -1.0385706729980e-02, -4.2234859991338e-01,  1.1781437942684e-01, -2.4833540685512e+00,  3.7265125037290e-02, -2.8204666863234e+00,  1.4389660180000e+00,  9.0523600000000e-01,               500000
  2.0145344298211e+00,  1.1327567608724e+00,  1.1325781098377e+00, -1.7516568979787e-01,  3.3678716463203e-01,  8.2071574205937e-04, -3.6962102858114e-03, -3.4501134108098e-01,  3.0785367484667e-02, -2.2298684931827e+00,  6.6724717311707e-03, -2.7717986655697e+00,  1.4500628780000e+00,  9.0026800000000e-01,               500000
  2.0163168053106e+00,  1.1316500324668e+00,  1.1319643637026e+00, -1.8164066190451e-01,  3.2268409206517e-01,  8.0334810893556e-04,  2.8749030169013e-03, -2.9499104779210e-01,  2.0598391181802e-02, -1.9077219639815e+00, -2.2067586046998e-02, -2.6471735858797e+00,  1.4588314450000e+00,  9.0271600000000e-01,               500000
  2.0176666677390e+00,  1.1305101873674e+00,  1.1315611959444e+00, -1.7189858662746e-01,  3.5966279816248e-01,  8.4813064814624e-04, -1.5229096080050e-02, -4.1402381349882e-01, -1.6337371505157e-01, -2.6376949125888e+00, -5.9608475878293e-02, -3.2680349805660e+00,  1.4688260290000e+00,  9.0691200000000e-01,               500000
  2.0203283590042e+00,  1.1306816647395e+00,  1.1315904249966e+00, -1.6995515792800e-01,  4.0214431630506e-01,  8.9682140508026e-04, -9.0332465415250e-03, -5.1483302431551e-01, -8.3030713915531e-02, -2.3799577123298e+00, -1.5452856701827e-01, -5.5352741035024e+00,  1.4609345570000e+00,  9.0396400000000e-01,               500000
  2.0235965926684e+00,  1.1314489085466e+00,  1.1326249433169e+00, -1.7233161653160e-01,  3.4500630509413e-01,  8.3066997669848e-04, -4.2499416586328e-03, -4.2127258494851e-01, -4.4698860753679e-02, -2.6250636351655e+00,  5.6398349370442e-02, -2.7939461287760e+00,  1.4408373270000e+00,  9.0489200000000e-01,               500000
  2.0269593630635e+00,  1.1324751504680e+00,  1.1332039992244e+00, -1.7231536110871e-01,  3.3236186041819e-01,  8.1530590629308e-04,  1.0006252159323e-04, -3.4652579545425e-01,  3.9929562761681e-02, -2.2544961795355e+00,  4.3680429724353e-02, -2.6140732760101e+00,  1.4432703400000e+00,  9.0341600000000e-01,               500000
  2.0299957185671e+00,  1.1331167795326e+00,  1.1334535412332e+00, -1.6545299000058e-01,  3.5806384193659e-01,  8.4624327700324e-04, -3.7974046085072e-03, -4.5181586225104e-01, -1.2152799156008e-02, -2.9522647390559e+00,  3.2744299718244e-02, -3.0922886033422e+00,  1.4773128620000e+00,  9.0110600000000e-01,               500000
  2.0331093241484e+00,  1.1337942570516e+00,  1.1334778156343e+00, -1.7180128901178e-01,  3.1175511751430e-01,  7.8962664280570e-04,  5.2138864902352e-03, -3.7946933979469e-01,  1.3321436393032e-01, -2.5701609483465e+00,  1.3963463037514e-01, -2.4088526057139e+00,  1.4167449600000e+00,  9.0041600000000e-01,               500000
  2.0354409505568e+00,  1.1334411961518e+00,  1.1326094695080e+00, -1.7729612136489e-01,  3.1189078698052e-01,  7.8979843881907e-04,  2.9463325254304e-03, -3.6367916957171e-01,  1.2951018598628e-01, -2.0406523794803e+00,  5.5446809988036e-02, -2.6049602923646e+00,  1.4117252260000e+00,  9.0567000000000e-01,               500000
  2.0372808891875e+00,  1.1321849745086e+00,  1.1314787478502e+00, -1.6888582163952e-01,  3.4074097233285e-01,  8.2551919703039e-04,  1.1084154724025e-02, -3.2581554735522e-01,  4.5099678303919e-02, -2.2197333950486e+00, -2.7457139230427e-02, -2.6763328621464e+00,  1.4880539200000e+00,  9.0737000000000e-01,               500000
  2.0379079238943e+00,  1.1307317968482e+00,  1.1306456411014e+00, -1.7867500070275e-01,  3.3739174382943e-01,  8.2145206047514e-04, -2.0727307508126e-03, -4.0339934859162e-01, -1.4653010556145e-02, -2.1970366888009e+00, -4.6920288058317e-02, -2.9438598134603e+00,  1.4987788480000e+00,  9.0949400000000e-01,               500000
  2.0386873835770e+00,  1.1295379120567e+00,  1.1302072193407e+00, -1.7078983423394e-01,  3.7697132251917e-01,  8.6829870726516e-04, -1.5668318320190e-02, -3.5191027089450e-01, -1.5014212885945e-01, -2.4652139848643e+00, -1.8725373759637e-01, -3.6279958776808e+00,  1.4605432480000e+00,  9.0424000000000e-01,               500000
  2.0408828713675e+00,  1.1295709655945e+00,  1.1310319086340e+00, -1.8132605166300e-01,  3.1932033671763e-01,  7.9914996930192e-04,  7.1929855386707e-03, -3.6702130778156e-01, -5.0055848339491e-02, -2.0577572219441e+00,  3.8177029445641e-02, -2.5249982917530e+00,  1.3960051490000e+00,  9.0573000000000e-01,               500000
  2.0421986755341e+00,  1.1299749168033e+00,  1.1315365448272e+00, -1.7675725458799e-01,  3.4369329929358e-01,  8.2908781114377e-04,  7.8575735028600e-03, -3.8981772216791e-01, -4.5522902769640e-02, -2.3799080563787e+00, -2.5091227958362e-02, -2.9000506384742e+00,  1.4622422170000e+00,  9.0449400000000e-01,               500000
  2.0426600258718e+00,  1.1306812655371e+00,  1.1321626422704e+00, -1.7003172853905e-01,  3.4331489303381e-01,  8.2863127268263e-04,  2.0123086225363e-02, -2.9090664596426e-01, -2.3756989709226e-02, -2.2999437977368e+00,  2.5807615510162e-02, -2.9032036387334e+00,  1.4389772820000e+00,  9.0779600000000e-01,               500000
  2.0411904330016e+00,  1.1315003611353e+00,  1.1325691508158e+00, -1.6569964319072e-01,  4.0618943306033e-01,  9.0132062337475e-04,  7.5582976475977e-03, -4.0173047529067e-01, -1.1543732543492e-01, -3.0634243792424e+00, -5.0379825264760e-02, -3.5201302522120e+00,  1.4392702380000e+00,  9.0518400000000e-01,               500000
  2.0391724847545e+00,  1.1330967192868e+00,  1.1332728563634e+00, -1.6472385250917e-01,  3.1213759436855e-01,  7.9011087116753e-04,  2.8613679668674e-04, -3.0608137516611e-01,  5.4968835465399e-03, -2.0184528040370e+00,  5.9439910591543e-02, -2.5670342259876e+00,  1.4556918420000e+00,  9.0776800000000e-01,               500000
  2.0373419858969e+00,  1.1345018611583e+00,  1.1335299558132e+00, -1.7199020327381e-01,  3.2592165622740e-01,  8.0736813936072e-04,  1.2424028715002e-02, -3.5535193323935e-01,  1.4179917729666e-01, -2.2495227069261e+00,  1.1161988762700e-01, -2.5921788096155e+00,  1.5623958410000e+00,  9.0498600000000e-01,               500000
  2.0345371623695e+00,  1.1347327151681e+00,  1.1330462370839e+00, -1.6885577564102e-01,  3.4435896957039e-01,  8.2989031753647e-04, -5.0241444309760e-03, -3.9259440852943e-01,  1.6515983942811e-01, -2.4865832137204e+00,  4.5598514179263e-02, -2.9810432003704e+00,  1.4925364510000e+00,  9.0281000000000e-01,               500000
  2.0325044263247e+00,  1.1337353890348e+00,  1.1323242604835e+00, -1.7630313092702e-01,  3.8770192912206e-01,  8.8057018927745e-04,  2.0504919025877e-02, -5.3359780210647e-01,  1.5591624109525e-01, -4.1523308161772e+00,  1.0561115281549e-01, -3.4714074832290e+00,  1.4816622360000e+00,  9.0183800000000e-01,               500000
  2.0287659910235e+00,  1.1317064111405e+00,  1.1309994942031e+00, -1.7870186435567e-01,  3.6804347002406e-01,  8.5795509209289e-04,  2.4865626003469e-02, -3.2280142034635e-01,  3.6339845502723e-02, -2.5193624439241e+00, -5.1725389110960e-02, -3.1629765571984e+00,  1.4122174940000e+00,  9.0207400000000e-01,               500000
  2.0230819301386e+00,  1.1296204389219e+00,  1.1301526061839e+00, -1.7416506639067e-01,  3.6923527201797e-01,  8.5934308866479e-04, -1.6678405259167e-03, -4.2481770174798e-01, -1.6533966145350e-01, -3.1208727057282e+00, -9.4005470761013e-02, -2.5963591130111e+00,  1.4922467000000e+00,  9.0105000000000e-01,               500000
  2.0181387287381e+00,  1.1289714439893e+00,  1.1300097339820e+00, -1.7576234441572e-01,  4.0091137154562e-01,  8.9544555562649e-04, -1.4548412328316e-02, -4.2241488510492e-01, -1.6884967835011e-01, -2.7298539852701e+00, -2.5216609587991e-01, -3.9591235957076e+00,  1.3939734520000e+00,  9.0593400000000e-01,               500000
  2.0150824814401e+00,  1.1296401839340e+00,  1.1315330882318e+00, -1.7011606846839e-01,  3.8920188073804e-01,  8.8227193170591e-04, -3.4642269697770e-02, -4.3357415126458e-01, -2.7269431520919e-01, -3.8406400869528e+00, -6.9355288666710e-02, -3.2591921953781e+00,  1.4039555230000e+00,  9.0365600000000e-01,               500000
  2.0156154802405e+00,  1.1322592115175e+00,  1.1333670138578e+00, -1.7737207518092e-01,  3.3436259944521e-01,  8.1775619770835e-04,  1.0221984390698e-02, -3.4145330695542e-01,  6.4334058966903e-02, -2.2606424734364e+00,  1.4304285031702e-01, -2.9328185755902e+00,  1.4181365050000e+00,  9.0479800000000e-01,               500000
  2.0151526856620e+00,  1.1341534407843e+00,  1.1340969088125e+00, -1.6866274728850e-01,  3.6731207096966e-01,  8.5710217707069e-04,  4.8744452290559e-04, -4.9163626179869e-01,  8.0603242042175e-02, -3.2458178904335e+00,  9.1673067430981e-02, -2.9826045716149e+00,  1.5751048080000e+00,  9.0378400000000e-01,               500000
  2.0147130841633e+00,  1.1352782008531e+00,  1.1341669714603e+00, -1.7417217367201e-01,  3.3381039316775e-01,  8.1708064861156e-04, -4.9309179115213e-03, -3.6532311214037e-01,  2.0709063833488e-01, -2.3672112845700e+00,  1.0045116761665e-01, -2.8761787443569e+00,  1.5006352350000e+00,  9.0590800000000e-01,               500000
  2.0147975716366e+00,  1.1347751246110e+00,  1.1335847608399e+00, -1.6886649594890e-01,  3.4135566268948e-01,  8.2626347213159e-04, -5.4166774511467e-03, -3.2374844213903e-01,  1.7217032831557e-01, -2.7985697780266e+00,  5.0547170226174e-02, -2.6447599376437e+00,  1.5292583620000e+00,  9.0687800000000e-01,               500000
  2.0153982295453e+00,  1.1330659742675e+00,  1.1327391900486e+00, -1.7716354941499e-01,  3.5052175269760e-01,  8.3728340804963e-04,  1.4071937817823e-02, -3.4821020600940e-01,  6.9605703235293e-03, -3.1026944676784e+00,  5.8942514777439e-02, -2.7518023818207e+00,  1.4878041590000e+00,  9.0444400000000e-01,               500000
  2.0146320583980e+00,  1.1314864223132e+00,  1.1316016542025e+00, -1.6466473807814e-01,  3.6564238536044e-01,  8.5515189920907e-04, -1.1006761828768e-02, -4.3918237050389e-01, -3.5761913403115e-02, -2.3666426055893e+00, -1.5478657215559e-01, -3.5564550965302e+00,  1.5082324860000e+00,  9.0825400000000e-01,               500000
  2.0149981399670e+00,  1.1303358436338e+00,  1.1316000888580e+00, -1.7253492153880e-01,  3.2810362183826e-01,  8.1006619709534e-04, -6.3502328578586e-03, -3.6310211003395e-01, -1.2015604449852e-01, -2.3179836557546e+00, -1.0267221768601e-02, -2.3362021509660e+00,  1.4372895360000e+00,  9.0575000000000e-01,               500000
  2.0159426092115e+00,  1.1301944677365e+00,  1.1316734357840e+00, -1.7606800667983e-01,  3.5151626259764e-01,  8.3847034842937e-04, -7.9077990972809e-03, -4.4595771206595e-01, -1.3604663223963e-01, -2.5892187498572e+00, -4.0578486054509e-02, -2.9533688769037e+00,  1.3520423810000e+00,  9.0061400000000e-01,               500000
  2.0175588509389e+00,  1.1310803372975e+00,  1.1320146907785e+00, -1.6355728930357e-01,  3.4503254303427e-01,  8.3070156257740e-04, -6.2603904787039e-03, -3.8505909714960e-01, -7.8317976603600e-02, -2.3746475995770e+00, -3.3982653748634e-02, -3.0363324078758e+00,  1.4154669440000e+00,  9.0923400000000e-01,               500000
  2.0196226789884e+00,  1.1324651574756e+00,  1.1325546154702e+00, -1.7174184142611e-01,  3.5192277819644e-01,  8.3895503836193e-04, -1.1426640390140e-02, -4.1331998544478e-01, -1.4378410328391e-02, -2.4712631379374e+00,  1.3371124435568e-02, -2.9895664200390e+00,  1.4366371280000e+00,  9.0774200000000e-01,               500000
  2.0225771366935e+00,  1.1338280607245e+00,  1.1329631546375e+00, -1.7740798202179e-01,  3.9169911297366e-01,  8.8509786235609e-04,  1.2339201587328e-02, -4.2385602368680e-01,  1.3639230376209e-01, -3.4681001833598e+00,  4.2682741126418e-02, -3.4002517466631e+00,  1.4654204300000e+00,  9.0282000000000e-01,               500000
  2.0240932207741e+00,  1.1340597069529e+00,  1.1330622608259e+00, -1.7633810219154e-01,  3.2842912521495e-01,  8.1046792066676e-04,  2.1601118833045e-03, -3.8911294569666e-01,  1.0353896125254e-01, -2.2547647348408e+00,  1.1346166352490e-01, -2.8084489415821e+00,  2.0145727500000e+00,  9.0441400000000e-01,               500000
  2.0252734912292e+00,  1.1335108269236e+00,  1.1324157651386e+00, -1.8008379695703e-01,  3.3331227238109e-01,  8.1647078622703e-04,  1.6747755581070e-02, -3.6037985909936e-01,  1.4138561425097e-01, -2.3408844215221e+00,  1.3618135339305e-01, -2.7415118588761e+00,  1.7065316360000e+00,  9.0683800000000e-01,               500000
  2.0247725711680e+00,  1.1319792759626e+00,  1.1309480794755e+00, -1.7518196712814e-01,  3.5646576392387e-01,  8.4435272715124e-04,  5.3298333282061e-03, -3.6213924598645e-01, -1.8870434372097e-02, -2.2060738346455e+00, -6.2815877840439e-02, -3.7850352236980e+00,  1.6311805910000e+00,  9.0832200000000e-01,               500000
  2.0238353706816e+00,  1.1307474975656e+00,  1.1300514700199e+00, -1.6361906497859e-01,  3.6821184238688e-01,  8.5815131810990e-04, -7.5541119497301e-03, -3.9527617339834e-01, -1.4818223363092e-01, -2.5727383368663e+00, -1.5105362045383e-01, -3.0986537904072e+00,  1.4661839890000e+00,  8.9988800000000e-01,               500000
  2.0237235297466e+00,  1.1307458147126e+00,  1.1302478747619e+00, -1.7467398508985e-01,  3.6554366242356e-01,  8.5503644650221e-04, -1.0711080146769e-02, -3.9269286992780e-01, -1.0141278250342e-01, -2.8166712230073e+00, -1.0063125725974e-01, -2.9495094785383e+00,  1.5206466090000e+00,  9.0041400000000e-01,               500000
  2.0246533865599e+00,  1.1315063742888e+00,  1.1310967378758e+00, -1.7547019450449e-01,  4.5511118695487e-01,  9.5405574989606e-04, -1.3820483707332e-02, -7.0435792437772e-01, -2.0846473584166e-03, -2.6548680915100e+00, -2.0460418661694e-01, -7.3010920312777e+00,  1.4128245470000e+00,  9.0130800000000e-01,               500000
  2.0268289991420e+00,  1.1322168438155e+00,  1.1332308672289e+00, -1.7711728215673e-01,  3.4863714738142e-01,  8.3502951730034e-04,  1.3499871176707e-03, -4.4202641525357e-01,  9.1468125132096e-03, -2.5210237867960e+00,  1.2208023254530e-01, -3.0162116919883e+00,  1.6029544340000e+00,  9.0482600000000e-01,               500000
  2.0286821502904e+00,  1.1327983124555e+00,  1.1343588697871e+00, -1.6872380846685e-01,  3.2887134352414e-01,  8.1101337044975e-04,  4.1688780604737e-04, -4.2382211013737e-01,  2.7729582485842e-02, -2.3735895096262e+00,  1.1904533472798e-01, -2.9848177513620e+00,  1.4714606480000e+00,  9.0057400000000e-01,               500000
  2.0303321733989e+00,  1.1331248362020e+00,  1.1346002848097e+00, -1.7401463917034e-01,  3.3896050114842e-01,  8.2335958262283e-04,  2.1280693652754e-02, -3.6239464542630e-01,  8.1118738020094e-02, -2.6372089863135e+00,  1.6454528430726e-01, -2.7141676510950e+00,  1.4773672110000e+00,  9.0570000000000e-01,               500000
  2.0298209416805e+00,  1.1328253587625e+00,  1.1337423395429e+00, -1.7273283798786e-01,  3.1746800513040e-01,  7.9682872078057e-04,  1.2321054449185e-02, -3.1582731627434e-01,  5.3993205424712e-02, -2.2481588056654e+00,  1.0750269382454e-01, -2.3653418929031e+00,  1.4228919280000e+00,  9.0308400000000e-01,               500000
  2.0282110852853e+00,  1.1321620131340e+00,  1.1322686700023e+00, -1.7295118059147e-01,  3.2698102383143e-01,  8.0867919947459e-04,  4.2007926134946e-03, -3.6133058903754e-01,  1.8407473607845e-02, -2.1810476068170e+00,  1.4736475092763e-02, -2.6499120806395e+00,  1.4268639030000e+00,  9.0012000000000e-01,               500000
  2.0263806495208e+00,  1.1314354037890e+00,  1.1308526026751e+00, -1.7573523326554e-01,  3.2302466388088e-01,  8.0377193765505e-04,  6.9034295265775e-03, -4.0996688410876e-01, -1.6789679197711e-02, -2.3156232531623e+00, -3.8082524074079e-02, -2.6780690327296e+00,  1.4532981540000e+00,  9.0510000000000e-01,               500000
  2.0240979561987e+00,  1.1309147034654e+00,  1.1298373912238e+00, -1.7014453857870e-01,  3.3352751365698e-01,  8.1673436765815e-04, -1.5587779823392e-02, -3.7904239394931e-01, -1.0821880386534e-01, -2.1400601673274e+00, -1.8470559022371e-01, -2.7473579618111e+00,  1.4263265550000e+00,  9.0566400000000e-01,               500000
  2.0235373927044e+00,  1.1312613925190e+00,  1.1301528886322e+00, -1.7892838681861e-01,  3.5725404209055e-01,  8.4528580029543e-04,  1.2751473102240e-02, -4.4885599153860e-01, -2.4393916836993e-02, -2.9427466745379e+00, -8.5879448345243e-02, -2.8144866068518e+00,  1.4024928520000e+00,  9.0314200000000e-01,               500000
  2.0218472720866e+00,  1.1317669007827e+00,  1.1310140825417e+00, -1.7816761927542e-01,  3.2561784930062e-01,  8.0699175869475e-04,  1.6253162861049e-02, -3.0315034209117e-01,  6.0069188823989e-03, -2.0875925816354e+00, -5.1008845748860e-02, -2.4913337922480e+00,  1.4557835740000e+00,  9.0441400000000e-01,               500000
  2.0188036993527e+00,  1.1321851814047e+00,  1.1321355801262e+00, -1.6799597848353e-01,  3.6122099119727e-01,  8.4996587131163e-04,  1.2918255212980e-02, -3.9403442286687e-01, -4.4642959367500e-02, -2.9611925427043e+00, -3.7025121727066e-02, -2.7665495869592e+00,  1.3747089870000e+00,  9.0531600000000e-01,               500000
  2.0148608201650e+00,  1.1329071074590e+00,  1.1334002048407e+00, -1.7576938194296e-01,  3.4473782047528e-01,  8.3034669924711e-04,  8.6328727465873e-03, -3.7744170308099e-01,  1.7123171733527e-02, -2.7710529631737e+00,  1.3005412529261e-01, -2.6976779670682e+00,  1.5866210270000e+00,  9.0679000000000e-01,               500000
  2.0105109544671e+00,  1.1334395733033e+00,  1.1336861517288e+00, -1.7385517688486e-01,  3.3543409642814e-01,  8.1906543868991e-04, -1.3140442822870e-02, -3.7334312372724e-01,  6.2819650376837e-02, -2.2986618901665e+00,  6.1354325420223e-02, -2.7633219851018e+00,  1.5298455800000e+00,  9.0531600000000e-01,               500000
  2.0078576181017e+00,  1.1334568927593e+00,  1.1335460114885e+00, -1.7275274185576e-01,  3.2476607878399e-01,  8.0593557904338e-04,  8.4171337263861e-03, -3.0869964454021e-01,  8.3565950562352e-02, -2.5886514084432e+00,  8.0952133283786e-02, -2.7318762509649e+00,  1.4061120500000e+00,  9.0196400000000e-01,               500000
  2.0046856860504e+00,  1.1328553309288e+00,  1.1328916003424e+00, -1.7783792786884e-01,  3.4769298987883e-01,  8.3389806316939e-04, -7.5957654323403e-04, -3.9358370420515e-01,  1.3196263988458e-02, -2.4458739131675e+00,  4.4932325853628e-02, -3.0146208274205e+00,  1.4990553560000e+00,  9.0492200000000e-01,               500000
  2.0019189339571e+00,  1.1322235158943e+00,  1.1320136505995e+00, -1.7102184254898e-01,  3.4987163962143e-01,  8.3650659246826e-04, -1.4764455634692e-02, -3.4974600643303e-01, -4.3743752232919e-02, -2.3400163098766e+00, -3.3554461625916e-02, -2.9494519779308e+00,  1.4389057720000e+00,  9.0331000000000e-01,               500000
  2.0008453580112e+00,  1.1319919166792e+00,  1.1314556738493e+00, -1.7218354182304e-01,  3.6118883430950e-01,  8.4992803731787e-04, -1.3854747932174e-02, -4.2987993227390e-01, -5.5564799863893e-02, -2.2167418585435e+00, -8.4240117016853e-02, -3.3477387282998e+00,  1.4186061240000e+00,  9.0819400000000e-01,               500000
  2.0012125115755e+00,  1.1322095614459e+00,  1.1315247557410e+00, -1.6862357761178e-01,  3.5321001591432e-01,  8.4048797244734e-04, -1.0439483419301e-02, -3.8201702788532e-01, -5.1605265935535e-02, -2.3622531462978e+00, -8.7780874820701e-02, -3.0401329733546e+00,  1.4287333930000e+00,  9.0297200000000e-01,               500000
  2.0025507377763e+00,  1.1328029660249e+00,  1.1321815763443e+00, -1.6589854746972e-01,  3.7193489468567e-01,  8.6247886314468e-04, -9.5386295091364e-03, -3.7987972254896e-01, -4.3733346904829e-02, -2.6635680423750e+00, -7.3425542206109e-02, -3.2621340097100e+00,  1.4371261400000e+00,  9.0461000000000e-01,               500000
  2.0046782350818e+00,  1.1336770250962e+00,  1.1332733321537e+00, -1.6953995856177e-01,  3.5808668423416e-01,  8.4627026916247e-04, -1.3754889361696e-02, -4.3076631509191e-01,  5.1382990070591e-02, -2.2991482994887e+00, -9.6162871038171e-03, -3.6197520107812e+00,  1.4292514150000e+00,  9.0511400000000e-01,               500000
  2.0079174364143e+00,  1.1340855562849e+00,  1.1343330415488e+00, -1.6910149595549e-01,  4.8887527650529e-01,  9.8881269864954e-04, -1.6207154611573e-02, -7.8131104006211e-01,  5.6531242663289e-03, -5.4807820262903e+00,  3.6059641213021e-02, -6.8780132003866e+00,  1.4588630630000e+00,  9.0471000000000e-01,               500000
  2.0124040820107e+00,  1.1344315943167e+00,  1.1350698731613e+00, -1.7370612277066e-01,  3.2317096545795e-01,  8.0395393581715e-04, -9.2673590347734e-03, -3.5138064150019e-01,  9.4333153072906e-02, -2.2348889206313e+00,  1.9593254433433e-01, -2.4565546130615e+00,  1.3892785240000e+00,  9.0218800000000e-01,               500000
  2.0173392216857e+00,  1.1340392135753e+00,  1.1344332362002e+00, -1.6847394012538e-01,  3.4202270206254e-01,  8.2707037434856e-04,  1.1538569318979e-03, -3.7430014222700e-01,  9.5349017605331e-02, -2.4535819441427e+00,  6.1439134996620e-02, -3.0009647037285e+00,  1.4087226720000e+00,  9.0440800000000e-01,               500000
  2.0216932385197e+00,  1.1329745372860e+00,  1.1334593297584e+00, -1.7819325263071e-01,  3.6859022072447e-01,  8.5859212752560e-04, -1.0815825475674e-02, -4.8970918760746e-01, -1.1341543456158e-02, -3.3007366482460e+00,  1.0380088298193e-01, -3.0858626196566e+00,  1.4232791220000e+00,  9.0071200000000e-01,               500000
  2.0266628855407e+00,  1.1321137136865e+00,  1.1318986032607e+00, -1.7410570531135e-01,  3.8797129892436e-01,  8.8087604000150e-04,  6.2529287920432e-04, -3.8782533817566e-01,  2.5779012812190e-02, -2.7786990689053e+00, -3.6817283458976e-02, -4.3497606812464e+00,  1.4319955830000e+00,  9.0461400000000e-01,               500000
  2.0310987519676e+00,  1.1311536050442e+00,  1.1307536064320e+00, -1.6964766312788e-01,  4.0804061556787e-01,  9.0337214432134e-04, -5.8218657715156e-03, -5.0417100283453e-01, -6.1164331525197e-02, -3.0722574565237e+00, -1.8005818951295e-01, -4.2341489735794e+00,  1.5207951740000e+00,  9.0179800000000e-01,               500000
  2.0356715025070e+00,  1.1307639161590e+00,  1.1309421221873e+00, -1.7592951058277e-01,  3.2371262864870e-01,  8.0462740277560e-04, -2.1859311619513e-03, -3.4975045638909e-01, -4.0564105521517e-02, -2.1252851922321e+00,  8.2541907191704e-03, -2.5082828167135e+00,  1.3966595220000e+00,  9.0415600000000e-01,               500000
  2.0400153697306e+00,  1.1307285826645e+00,  1.1310650585482e+00, -1.7567663097610e-01,  3.9236218027215e-01,  8.8584669133225e-04, -7.9875126701612e-03, -4.5350521617055e-01, -9.3188711528835e-02, -3.0317955908339e+00, -4.6266623214175e-02, -3.3212525403686e+00,  1.4115970310000e+00,  9.0556000000000e-01,               500000
  2.0447092660570e+00,  1.1314154396391e+00,  1.1314970894256e+00, -1.7031349875981e-01,  3.2889582710083e-01,  8.1104355875727e-04,  3.2837283636421e-02, -3.3204017762855e-01,  2.4607867443593e-03, -2.2070695148398e+00,  2.0964285645630e-02, -2.5931304419499e+00,  1.4227482550000e+00,  9.0849600000000e-01,               500000
  2.0458173288881e+00,  1.1320238768431e+00,  1.1317543063506e+00, -1.7158607926885e-01,  4.0878473491855e-01,  9.0419548209283e-04,  8.7050251468071e-03, -5.3184137314933e-01, -9.3321716692866e-03, -3.2773960059057e+00, -3.7557153594642e-02, -4.8929326610530e+00,  1.4925916820000e+00,  9.0712000000000e-01,               500000
  2.0460149344582e+00,  1.1326553854772e+00,  1.1322546656041e+00, -1.8015157116357e-01,  3.0726098620012e-01,  7.8391451855432e-04,  6.3794249714415e-03, -3.1779033140532e-01,  9.2142020662077e-02, -2.0815382164718e+00,  9.0895946246007e-02, -2.4000851343417e+00,  1.4376842430000e+00,  9.0274600000000e-01,               500000
  2.0456026496675e+00,  1.1325310471250e+00,  1.1321024953329e+00, -1.7257810975191e-01,  3.5726827207511e-01,  8.4530263465236e-04,  1.1586488243913e-02, -4.2996680736759e-01,  7.0034265674128e-02, -2.3570285185319e+00, -2.3477044028451e-02, -3.6379621462739e+00,  1.4758611440000e+00,  8.9970800000000e-01,               500000
  2.0441522230571e+00,  1.1318948293359e+00,  1.1321355778957e+00, -1.7729671107945e-01,  3.5903268334413e-01,  8.4738737699370e-04,  1.1370143438162e-02, -4.1091919780837e-01,  3.3253348161429e-02, -2.3714716986810e+00,  2.6355165700666e-03, -3.2586877613730e+00,  1.3814476810000e+00,  9.0296800000000e-01,               500000
  2.0417865696398e+00,  1.1310773607112e+00,  1.1321586052427e+00, -1.6991735425340e-01,  3.4135397638360e-01,  8.2626143124752e-04,  7.9111023660694e-03, -3.7702654977364e-01, -1.9762490316848e-02, -2.1996762944096e+00,  2.3365195596493e-03, -2.9362529028184e+00,  1.3603950410000e+00,  9.0851200000000e-01,               500000
  2.0389225918498e+00,  1.1305000885363e+00,  1.1321734967413e+00, -1.7873456885160e-01,  3.5609241299152e-01,  8.4391043718101e-04,  1.2982693418533e-02, -4.4035139946256e-01, -7.1410855943381e-02, -2.9685850666834e+00,  5.5445561414449e-02, -3.2712350494919e+00,  1.4683521240000e+00,  8.9654200000000e-01,               500000
  2.0351324469185e+00,  1.1305365532444e+00,  1.1318239645456e+00, -1.7539941232647e-01,  3.2607720396320e-01,  8.0756077661462e-04,  2.5015105467229e-03, -3.4909165603205e-01, -1.2593456850839e-02, -1.8501427681695e+00, -1.7554437165326e-02, -2.7989439771094e+00,  1.4647385130000e+00,  9.0318600000000e-01,               500000
  2.0314970032685e+00,  1.1306726808809e+00,  1.1316370580101e+00, -1.6806635794757e-01,  3.6082883024711e-01,  8.4950436166875e-04, -1.4329340267006e-02, -3.9621861292449e-01, -9.9100680045628e-02, -2.5925267596262e+00, -6.8388412153340e-02, -3.0530103022218e+00,  1.4591549540000e+00,  9.0664000000000e-01,               500000
  2.0296068162194e+00,  1.1315627235680e+00,  1.1319410877249e+00, -1.7157537407100e-01,  3.4504507738804e-01,  8.3071665131746e-04,  5.8110068409610e-03, -3.9295902741486e-01,  2.2163750052104e-02, -2.4947138133965e+00,  5.6798781935132e-02, -3.0046294489203e+00,  1.3774288420000e+00,  9.0546800000000e-01,               500000
  2.0273702186745e+00,  1.1322044546138e+00,  1.1318410208295e+00, -1.7282749329747e-01,  3.2652204785983e-01,  8.0811143768644e-04,  9.9479009404499e-03, -3.3905049879186e-01,  1.8096978184524e-02, -2.3978007020361e+00, -1.3063017113083e-02, -2.5736525469441e+00,  1.4240556020000e+00,  9.0274800000000e-01,               500000
  2.0244257923582e+00,  1.1326531315974e+00,  1.1318480029953e+00, -1.8209104910465e-01,  3.5160246592226e-01,  8.3857315235138e-04,  1.2788723603898e-02, -3.8907965760744e-01,  4.5915077017041e-02, -2.5269975808936e+00,  2.6744256415953e-02, -3.1977516014054e+00,  1.4655441100000e+00,  9.0996600000000e-01,               500000
  2.0205768673492e+00,  1.1327150448945e+00,  1.1316839455673e+00, -1.7212000818950e-01,  3.3855823431739e-01,  8.2287086996367e-04, -2.7655047736492e-03, -3.4330497102171e-01,  1.6521455242647e-02, -2.2814127122208e+00, -3.4777950330165e-02, -2.8145071934284e+00,  1.5258211880000e+00,  9.0149000000000e-01,               500000
  2.0173896144319e+00,  1.1326528214970e+00,  1.1317815164191e+00, -1.8004417614418e-01,  3.4144668342131e-01,  8.2637362424186e-04, -6.7876140855087e-03, -3.7384725706343e-01,  2.6470758723907e-02, -2.7895159036917e+00,  3.2798305451289e-02, -2.8512775804525e+00,  1.4276794150000e+00,  9.0388600000000e-01,               500000
  2.0151840663607e+00,  1.1324042221523e+00,  1.1316564966173e+00, -1.6985440968377e-01,  3.3142334123938e-01,  8.1415396730518e-04,  1.6711688564045e-04, -3.4649859651241e-01, -2.4577751870385e-02, -2.3654329707946e+00, -4.4094685278066e-02, -2.5663380789070e+00,  1.5320612350000e+00,  9.0300200000000e-01,               500000
  2.0131978330000e+00,  1.1323782632003e+00,  1.1318521064705e+00, -1.6567500852323e-01,  4.0679332497251e-01,  9.0199038240162e-04, -1.4781790967338e-02, -5.7477614033757e-01, -1.2251126065070e-01, -4.6171289909173e+00, -1.0952878139464e-01, -3.3528989358172e+00,  1.4672444340000e+00,  9.0990200000000e-01,               500000
  2.0128481710272e+00,  1.1333145509893e+00,  1.1327840494857e+00, -1.7408081085663e-01,  3.1622591813249e-01,  7.9526840517210e-04, -1.0870667709441e-03, -3.6343109747848e-01,  8.9530111121660e-02, -2.1146687849601e+00,  6.6795669005811e-02, -2.4787498015272e+00,  1.4514346670000e+00,  9.0519800000000e-01,               500000
  2.0126543256995e+00,  1.1334771044279e+00,  1.1331775686314e+00, -1.7939650244484e-01,  3.1845955660784e-01,  7.9807212281578e-04,  3.8165930542966e-03, -3.4021772766821e-01,  1.0635014146174e-01, -2.0606520478765e+00,  1.1552949839439e-01, -2.4030445295496e+00,  1.4447807970000e+00,  9.0228000000000e-01,               500000
  2.0121312757863e+00,  1.1328127900400e+00,  1.1327538605093e+00, -1.6399050193478e-01,  3.5960416532941e-01,  8.4806151348757e-04, -1.2620196806029e-02, -4.1827166721652e-01, -1.8616685592159e-02, -2.4346519424515e+00, -3.5096566585282e-02, -3.1411986289586e+00,  1.4856893010000e+00,  9.0541600000000e-01,               500000
  2.0128864702199e+00,  1.1323671757736e+00,  1.1326219505511e+00, -1.7252055039250e-01,  3.5222596617575e-01,  8.3931634819745e-04,  4.6223596006982e-03, -3.5500808662076e-01, -1.9273826840910e-02, -2.3614117495921e+00, -4.7842205516295e-03, -2.9589408012980e+00,  1.4087056610000e+00,  9.0251200000000e-01,               500000
  2.0131416065391e+00,  1.1321234926927e+00,  1.1325458279255e+00, -1.7420701721308e-01,  3.7577499046195e-01,  8.6691982381527e-04, -1.4276701628816e-02, -4.6255609837347e-01, -4.2969739287220e-02, -3.0196025551167e+00, -6.2201402948069e-02, -3.5575586963855e+00,  1.3780065300000e+00,  9.0725000000000e-01,               500000
  2.0147583744736e+00,  1.1322472778783e+00,  1.1329138203904e+00, -1.7139140943473e-01,  3.6754577346939e-01,  8.5737479957063e-04, -6.1283370265270e-03, -4.3236133769359e-01, -4.4974590981635e-02, -2.7066907513582e+00,  1.8222943946201e-02, -3.1751191800137e+00,  1.4498849200000e+00,  9.0435800000000e-01,               500000
  2.0168215429461e+00,  1.1327166292229e+00,  1.1331317022569e+00, -1.7124415133746e-01,  3.3287218826070e-01,  8.1593160039393e-04, -7.7347551330172e-04, -3.5861399159095e-01,  5.2201047430314e-02, -2.3062850836466e+00,  7.4482134068649e-02, -2.7235447561112e+00,  1.4548146050000e+00,  9.0191800000000e-01,               500000
  2.0187713292687e+00,  1.1327447588888e+00,  1.1328281865187e+00, -1.7489444719390e-01,  3.5806968920902e-01,  8.4625018665761e-04, -1.7004949327848e-03, -4.3586007945874e-01,  6.6442829958535e-02, -2.5128077669017e+00,  4.2263611860013e-02, -3.3867888113523e+00,  1.5015711220000e+00,  9.1244800000000e-01,               500000
  2.0207115948176e+00,  1.1322657758187e+00,  1.1322772571487e+00, -1.7305864217716e-01,  3.4553410408405e-01,  8.3130512338617e-04, -5.8391269364949e-03, -3.5155209696820e-01, -1.0324968996326e-03, -2.3412182403788e+00, -4.5750488591831e-02, -2.9161271192853e+00,  1.4280691460000e+00,  9.0096600000000e-01,               500000
  2.0230360604385e+00,  1.1318513580345e+00,  1.1321042125426e+00, -1.8112785866267e-01,  3.2603542809206e-01,  8.0750904402620e-04,  7.3881426855351e-03, -4.1588090337813e-01, -1.4868439311712e-03, -2.3575626283460e+00,  5.9629171737706e-02, -2.7542339928627e+00,  1.4553793690000e+00,  9.0565600000000e-01,               500000
  2.0244402160451e+00,  1.1314987026726e+00,  1.1315491953976e+00, -1.7682204326617e-01,  3.2916218765454e-01,  8.1137190936653e-04,  1.3126090336265e-02, -3.6811203926548e-01,  1.7067831118485e-02, -2.1423998386843e+00,  6.1239365378446e-02, -2.8451657655496e+00,  1.4708845740000e+00,  8.9966400000000e-01,               500000
  2.0244617176312e+00,  1.1310569303000e+00,  1.1306390699254e+00, -1.6653682045938e-01,  3.8108393934776e-01,  8.7302226701014e-04, -8.2007917293978e-03, -4.4400629942531e-01, -8.4436325211348e-02, -2.7471372226463e+00, -1.9006584947827e-01, -3.4565745781278e+00,  1.4968571760000e+00,  9.0604400000000e-01,               500000
  2.0252899763009e+00,  1.1313251938480e+00,  1.1311351711384e+00, -1.7477737399590e-01,  4.0189359061933e-01,  8.9654179001241e-04, -1.2012823407045e-03, -5.0908117273392e-01, -3.9569311582775e-02, -3.0719808781399e+00, -8.8675162067602e-02, -4.4999930788149e+00,  1.4549368060000e+00,  9.0869000000000e-01,               500000
  2.0261760160021e+00,  1.1318861959904e+00,  1.1322058673291e+00, -1.6700147387081e-01,  3.9373947804538e-01,  8.8740011048611e-04, -4.2653292158123e-03, -3.7089835338703e-01, -6.6405308816955e-02, -3.0932081801097e+00, -3.1941728640250e-02, -3.7520320689901e+00,  1.5335655800000e+00,  9.0985200000000e-01,               500000
  2.0274022554754e+00,  1.1329198078690e+00,  1.1334025892330e+00, -1.7366751008405e-01,  3.3293273673980e-01,  8.1600580480754e-04,  7.2499156090360e-03, -3.4706882118150e-01,  1.8677834912152e-02, -2.4163568674349e+00,  7.4914311736164e-02, -2.7162698454586e+00,  1.5610695400000e+00,  9.0390200000000e-01,               500000
  2.0278253936072e+00,  1.1337149425066e+00,  1.1339749107357e+00, -1.7730185546978e-01,  3.2242921891934e-01,  8.0303078262211e-04,  4.6992091121314e-03, -3.7826965905531e-01,  1.1099121965921e-01, -2.1303311090279e+00,  1.4050674287439e-01, -2.7106174258140e+00,  1.4267376340000e+00,  9.0582000000000e-01,               500000
  2.0277720298674e+00,  1.1335750432364e+00,  1.1335334575572e+00, -1.7176588077893e-01,  3.5871498337521e-01,  8.4701237697594e-04, -6.5778539406247e-03, -3.8697535767580e-01,  5.7542603762735e-02, -2.4751254156509e+00,  1.2439086421429e-01, -3.6904073657754e+00,  1.4225400440000e+00,  9.0357800000000e-01,               500000
  2.0283767384152e+00,  1.1330103043336e+00,  1.1322929741651e+00, -1.7556463173988e-01,  3.4884531226843e-01,  8.3527877055320e-04, -7.0033302964457e-03, -4.4634781012111e-01,  2.2289993572243e-02, -3.1498340679883e+00,  6.1200990788878e-03, -3.0969484778999e+00,  1.4334303510000e+00,  9.0570000000000e-01,               500000
  2.0296183961000e+00,  1.1323400311091e+00,  1.1311440529193e+00, -1.7299328530876e-01,  3.6386215639443e-01,  8.5306758981271e-04,  3.6466429677081e-04, -3.7176774968900e-01, -2.9286862123745e-03, -2.6190447910518e+00, -7.0855275176191e-02, -2.9129145852075e+00,  1.3937950660000e+00,  8.9855600000000e-01,               500000
  2.0307196375497e+00,  1.1317693233932e+00,  1.1306074909861e+00, -1.8240604055050e-01,  3.3912950444054e-01,  8.2356481765619e-04,  3.2926372954203e-03, -3.3173731269673e-01,  2.3479564709369e-02, -2.2697808826469e+00, -3.1149894856500e-02, -3.0893306401219e+00,  1.3857202630000e+00,  9.0536000000000e-01,               500000
  2.0314094553755e+00,  1.1310806542680e+00,  1.1303496372964e+00, -1.6764103598176e-01,  3.7870062199306e-01,  8.7028802357962e-04, -1.5197023160974e-03, -4.1701328773348e-01, -6.6224130411156e-02, -2.5657615223115e+00, -2.3461198623150e-01, -3.8829504644653e+00,  1.4332374780000e+00,  9.0207400000000e-01,               500000
  2.0321979887870e+00,  1.1309882099799e+00,  1.1317480462426e+00, -1.6567605212717e-01,  3.6687831479888e-01,  8.5659595469379e-04,  9.8048055403568e-03, -3.5567462542290e-01, -1.1624483718832e-01, -2.7831812874166e+00, -7.5980417385066e-02, -3.2079321709600e+00,  1.3981981840000e+00,  9.0345600000000e-01,               500000
  2.0319764909582e+00,  1.1318251213723e+00,  1.1335426487927e+00, -1.7216523235277e-01,  3.5026175016647e-01,  8.3697281935135e-04, -9.6280190252445e-03, -3.5665810248114e-01, -1.8915798860752e-02, -2.3048582384149e+00, -9.8427304107816e-03, -3.1304859627494e+00,  1.3967062270000e+00,  9.0533800000000e-01,               500000
  2.0327262478321e+00,  1.1327361218664e+00,  1.1352379940561e+00, -1.6984810813800e-01,  3.2466910289228e-01,  8.0581524295869e-04,  1.0475994851101e-02, -3.5360261569038e-01,  1.3627648290468e-02, -2.4339305581510e+00,  1.6236790489068e-01, -2.6294436643438e+00,  1.4242400790000e+00,  9.0492200000000e-01,               500000
  2.0324040387053e+00,  1.1334595076487e+00,  1.1356520859197e+00, -1.7802541305799e-01,  3.0255017848085e-01,  7.7788196852845e-04,  9.0451400978819e-03, -3.2566371437059e-01,  8.8560753816342e-02, -2.1078724401221e+00,  2.5959894849025e-01, -2.3950102505010e+00,  1.4489877800000e+00,  9.0416000000000e-01,               500000
  2.0312534831102e+00,  1.1334248387444e+00,  1.1342419276096e+00, -1.7710777464421e-01,  3.1811664679829e-01,  7.9764233438088e-04,  7.4920471006237e-03, -3.4049147838049e-01,  4.1598749779249e-02, -2.3055744847795e+00,  1.4794416686019e-01, -2.5006162101730e+00,  1.4069250770000e+00,  9.0541800000000e-01,               500000
  2.0295076559235e+00,  1.1330762139090e+00,  1.1319601612306e+00, -1.7309433354686e-01,  3.4291210065874e-01,  8.2814503640213e-04,  7.5391644639292e-03, -3.9475265546357e-01,  6.1647514039836e-02, -2.2910390155670e+00, -2.8160586923822e-02, -3.4835911093352e+00,  1.5707130470000e+00,  9.0345800000000e-01,               500000
  2.0272233921445e+00,  1.1322870605073e+00,  1.1301112918676e+00, -1.7292275239039e-01,  3.5856845414043e-01,  8.4683936391790e-04,  6.3534204823703e-03, -3.0675808004130e-01,  2.3444063409689e-02, -2.1833673296976e+00, -1.2654461363160e-01, -3.3077889778786e+00,  1.4189892100000e+00,  9.0313600000000e-01,               500000
  2.0245643918001e+00,  1.1314004992731e+00,  1.1293323420454e+00, -1.6685540480329e-01,  4.2998842364769e-01,  9.2734936636382e-04, -4.5975870455877e-03, -5.0539764252251e-01, -4.6707450652408e-02, -2.5394134180684e+00, -2.8147455528520e-01, -6.5119045187220e+00,  1.4598222700000e+00,  9.0458400000000e-01,               500000
  2.0226405555669e+00,  1.1309793692043e+00,  1.1305969358204e+00, -1.7265109570180e-01,  3.4870196634929e-01,  8.3510713845505e-04, -1.8054342420361e-02, -4.1866178330119e-01, -4.5799849875476e-02, -2.2998021043548e+00, -1.1256218273582e-01, -3.0742670080008e+00,  1.4674166770000e+00,  9.0457800000000e-01,               500000
  2.0226830083264e+00,  1.1309696875954e+00,  1.1325234292948e+00, -1.7404885220241e-01,  3.7706422372245e-01,  8.6840569289066e-04,  6.3766276424541e-03, -3.3518494485598e-01, -8.2557746877260e-02, -2.9540592510796e+00,  3.7607884571349e-02, -3.2161246416802e+00,  1.4669539790000e+00,  8.9828200000000e-01,               500000
  2.0221182933264e+00,  1.1316230190544e+00,  1.1340100079406e+00, -1.7707105557745e-01,  3.2067520187415e-01,  8.0084355759930e-04, -1.1180179280591e-03, -3.3779713460724e-01, -2.5359120871299e-03, -2.2467298185170e+00,  1.4885653984560e-01, -2.5159111359815e+00,  1.4419131570000e+00,  9.0869600000000e-01,               500000
  2.0217346804216e+00,  1.1322403980869e+00,  1.1343281236574e+00, -1.6790121620185e-01,  3.3409006859457e-01,  8.1742286314315e-04, -1.1380967120969e-02, -3.6273744057555e-01, -6.1772993876486e-02, -2.3592257594498e+00,  1.2941436384787e-01, -2.6386460617823e+00,  1.4619316170000e+00,  9.0234000000000e-01,               500000
  2.0225133558008e+00,  1.1332932344106e+00,  1.1337287648901e+00, -1.7177374386977e-01,  3.4098329944805e-01,  8.2581268995826e-04,  2.1244219929827e-03, -3.5518744663636e-01,  5.0761179394639e-02, -2.0162698417913e+00,  4.4126523560092e-02, -3.3000284582829e+00,  1.5368680240000e+00,  9.0809600000000e-01,               500000
  2.0230253572431e+00,  1.1338486188694e+00,  1.1328949090893e+00, -1.6908361919177e-01,  3.2109989891989e-01,  8.0137369425242e-04, -2.8464331027932e-03, -3.7413571489670e-01,  6.2733175674353e-02, -2.3796428835720e+00, -4.7869611088028e-03, -2.4868244387781e+00,  1.3854557470000e+00,  9.0429000000000e-01,               500000
  2.0237819431019e+00,  1.1338624282980e+00,  1.1321855425034e+00, -1.7902209886048e-01,  3.4013762859274e-01,  8.2478800742099e-04, -5.1189559866769e-03, -3.7436481455155e-01,  1.3359883410646e-01, -2.4717132685586e+00, -4.0069070506926e-02, -2.8989985101760e+00,  1.4360224170000e+00,  9.0560600000000e-01,               500000
  2.0249804569892e+00,  1.1328284337786e+00,  1.1318344200500e+00, -1.7434972332054e-01,  3.5513741082670e-01,  8.4277803818882e-04, -5.9367123057096e-03, -4.1709853977828e-01,  2.2428224314734e-02, -2.3414406110674e+00, -4.0620293360738e-02, -3.1347965243679e+00,  1.4268422470000e+00,  9.0724200000000e-01,               500000
  2.0266591270249e+00,  1.1317288206820e+00,  1.1318108759974e+00, -1.6704315356665e-01,  3.9718652079209e-01,  8.9127607484111e-04, -1.0003931044521e-02, -4.4951526524469e-01, -3.9634688463927e-02, -2.7820395497069e+00, -1.1500810635815e-01, -4.1559212298700e+00,  1.4412487910000e+00,  9.0879800000000e-01,               500000
  2.0291682108963e+00,  1.1310632386416e+00,  1.1326025315423e+00, -1.7541591202551e-01,  3.2668716415688e-01,  8.0831573553517e-04,  1.5098978518563e-02, -4.0820271265324e-01, -9.6130092006662e-03, -2.4692618560767e+00,  8.4579743131042e-02, -2.5921963660169e+00,  1.4204867050000e+00,  9.0686000000000e-01,               500000
  2.0299731635426e+00,  1.1305496650929e+00,  1.1327369286929e+00, -1.7125246676117e-01,  3.7119743232005e-01,  8.6162338909764e-04, -1.3246744817132e-02, -5.3451415334958e-01, -1.5890583701270e-01, -3.3050628892781e+00,  3.3440140007277e-03, -3.5957183513309e+00,  1.4711268190000e+00,  9.0417200000000e-01,               500000
  2.0320152766831e+00,  1.1313600475520e+00,  1.1328472426603e+00, -1.7156488504120e-01,  3.5409971435882e-01,  8.4154585657446e-04, -4.1838609924975e-03, -3.2874518412561e-01, -4.6875169418902e-02, -2.6042739620262e+00,  2.5627428102347e-02, -2.7321232143833e+00,  1.3788714280000e+00,  9.0517000000000e-01,               500000
  2.0342789463801e+00,  1.1324721399344e+00,  1.1327777652454e+00, -1.6768109758085e-01,  3.4063284662845e-01,  8.2538820760712e-04,  3.2363982791131e-03, -3.2506159403613e-01,  5.1412430076203e-03, -2.2541001519095e+00,  1.3671679569710e-02, -2.6994782674510e+00,  1.4370785280000e+00,  9.0387600000000e-01,               500000
  2.0360177398508e+00,  1.1334420411254e+00,  1.1326293501244e+00, -1.6839352946317e-01,  3.6214394904856e-01,  8.5105105492979e-04,  2.2397569867224e-02, -3.6582482145447e-01,  3.6074403091337e-02, -3.2000041591869e+00,  8.5920321754066e-02, -2.9391806441137e+00,  1.4668871580000e+00,  9.0779400000000e-01,               500000
  2.0354140980393e+00,  1.1340417518661e+00,  1.1319070247300e+00, -1.6614909956321e-01,  3.3788226737286e-01,  8.2204898561200e-04,  9.7505526369646e-04, -3.7070402444536e-01,  7.2729825727587e-02, -2.3161307470702e+00, -3.2859286040298e-02, -2.9508291161675e+00,  1.4553362090000e+00,  9.0395800000000e-01,               500000
  2.0347932819634e+00,  1.1340127531154e+00,  1.1314959092559e+00, -1.7786420959312e-01,  3.3261338072608e-01,  8.1561434603135e-04,  2.1534098043042e-03, -4.3367404432972e-01,  1.7201055689951e-01, -2.8309483951504e+00, -3.8093439084386e-02, -3.1322609482319e+00,  1.3976098670000e+00,  9.0250800000000e-01,               500000
  2.0340449311697e+00,  1.1326303489940e+00,  1.1314025078551e+00, -1.6669804197879e-01,  3.3308166656361e-01,  8.1618829514226e-04, -8.2443303323618e-04, -3.4914956904518e-01,  1.3641505860010e-02, -2.4117791417474e+00, -8.8023193628298e-02, -2.5988738143011e+00,  1.4436525360000e+00,  9.0751600000000e-01,               500000
  2.0334684752317e+00,  1.1312861346855e+00,  1.1319424811575e+00, -1.7132007656152e-01,  3.5382859123656e-01,  8.4122362215591e-04,  1.1248451462121e-02, -4.1921203856333e-01, -6.5390554063245e-02, -2.5929349897807e+00, -2.4041812890934e-02, -3.1434833503928e+00,  1.4418620480000e+00,  9.0521200000000e-01,               500000
  2.0318702635411e+00,  1.1306065083441e+00,  1.1326079933303e+00, -1.7464952422999e-01,  3.2914427986588e-01,  8.1134983806725e-04, -6.5299492988648e-03, -3.9055355588967e-01, -5.2791357728461e-02, -2.2450881925900e+00,  6.1434074441738e-02, -2.6628389297291e+00,  1.5172746510000e+00,  9.0314400000000e-01,               500000
  2.0310889093322e+00,  1.1304240310407e+00,  1.1327867977525e+00, -1.7045085387511e-01,  3.9707523745942e-01,  8.9115120766278e-04,  2.3743692892936e-03, -4.9809248616876e-01, -1.3745274581740e-01, -3.0827201235696e+00,  3.6474392293801e-02, -3.7461348002516e+00,  1.4132408620000e+00,  9.0559400000000e-01,               500000
  2.0301769790795e+00,  1.1313676846382e+00,  1.1327054966211e+00, -1.7149649936560e-01,  3.5110945912196e-01,  8.3798503461811e-04, -1.7059605852102e-04, -3.8723552058146e-01, -7.3484136017159e-02, -2.5726903291548e+00,  1.8119611351346e-02, -2.9427899950111e+00,  1.4047022110000e+00,  9.0506200000000e-01,               500000
  2.0293912125077e+00,  1.1328139496928e+00,  1.1325155485720e+00, -1.7453619303216e-01,  3.2777216819136e-01,  8.0965692511256e-04,  7.3737794205604e-03, -3.3774620177274e-01,  1.9058424169206e-02, -2.1218926741455e+00,  5.5122009565198e-02, -2.6723194594052e+00,  1.4540023750000e+00,  9.0334400000000e-01,               500000
  2.0279770616423e+00,  1.1339730415367e+00,  1.1319670880749e+00, -1.7463302383947e-01,  4.1023411266939e-01,  9.0579701111164e-04,  2.0216872579618e-02, -3.6780357677839e-01,  1.0813607725891e-01, -2.7446547808405e+00, -6.3131421725186e-02, -4.1989961776217e+00,  1.4456494640000e+00,  9.0812600000000e-01,               500000
  2.0247440084174e+00,  1.1341639847402e+00,  1.1319311168565e+00, -1.6818206903505e-01,  3.6243613525733e-01,  8.5139430965603e-04,  1.5149395699216e-02, -3.1111694840861e-01,  7.0457318749831e-02, -2.6614461291703e+00, -2.5529621005042e-02, -2.9492000442245e+00,  1.4028043470000e+00,  9.0304200000000e-01,               500000
  2.0203672779128e+00,  1.1337834441466e+00,  1.1320884886020e+00, -1.7109320330314e-01,  3.7839989664777e-01,  8.6994240803374e-04, -1.1064326079997e-02, -4.3033212260526e-01,  4.2594656114806e-02, -3.1938293257388e+00, -8.4273267327577e-02, -3.5051286994461e+00,  1.4097413510000e+00,  9.0260000000000e-01,               500000
  2.0175319793723e+00,  1.1331127239094e+00,  1.1328351775123e+00, -1.7033582303164e-01,  3.7458848023761e-01,  8.6555009125712e-04, -7.1791527688563e-03, -4.2925553702850e-01, -4.2509413332689e-02, -3.5431430176343e+00, -2.4189361739074e-03, -2.8225901602690e+00,  1.4556263510000e+00,  9.0561400000000e-01,               500000
  2.0157031625804e+00,  1.1328630906567e+00,  1.1335347472015e+00, -1.6837483832825e-01,  3.6442750621463e-01,  8.5373005829083e-04, -2.5405189718907e-02, -4.2956302893399e-01, -3.1128076705122e-02, -2.9167533189583e+00, -1.0567994988350e-02, -3.0522814814901e+00,  1.4316775800000e+00,  9.0450400000000e-01,               500000
  2.0165651801868e+00,  1.1328993306174e+00,  1.1342501093196e+00, -1.7169660210795e-01,  3.2456665333296e-01,  8.0568809514968e-04, -9.0521323181965e-03, -3.4457356977714e-01,  3.4280476728469e-02, -2.1828048072100e+00,  1.3547289022835e-01, -2.6810883592511e+00,  1.5404285620000e+00,  9.0530400000000e-01,               500000
  2.0182431147509e+00,  1.1326658238125e+00,  1.1339489091883e+00, -1.7477329472417e-01,  3.5356553534767e-01,  8.4091085775802e-04,  1.9203654503120e-03, -3.6355688644660e-01,  6.6700705289428e-02, -2.3257769997487e+00,  1.3432267657929e-01, -3.0381240740767e+00,  1.4136957920000e+00,  9.0491400000000e-01,               500000
  2.0195844432678e+00,  1.1319295749906e+00,  1.1327414598904e+00, -1.7431104788396e-01,  3.5524726067759e-01,  8.4290837067572e-04, -6.8860933477334e-03, -4.6100708618311e-01, -3.6272423363482e-02, -2.7939644151442e+00,  5.5671567306408e-02, -3.1321158488087e+00,  1.3875757920000e+00,  9.0690400000000e-01,               500000
  2.0214891169381e+00,  1.1315689505988e+00,  1.1312721448206e+00, -1.7321257982545e-01,  3.2071622456386e-01,  8.0089478030995e-04,  5.4395958588300e-03, -3.1491410775166e-01, -3.2182158968671e-02, -2.0997789238240e+00, -1.4988243930762e-02, -2.5753306423764e+00,  1.3641844860000e+00,  9.0421800000000e-01,               500000
  2.0226870459812e+00,  1.1315112477313e+00,  1.1300635485963e+00, -1.7118065386186e-01,  3.7970952225030e-01,  8.7144652417724e-04, -7.2429279929605e-03, -4.2573046216225e-01, -6.5871116599042e-02, -2.5382784768854e+00, -1.8119950314892e-01, -3.6731971757498e+00,  1.4426570700000e+00,  9.0426800000000e-01,               500000
  2.0244967114200e+00,  1.1319993585418e+00,  1.1302683507728e+00, -1.8378956498621e-01,  3.2776425685380e-01,  8.0964715383160e-04,  1.8049289398062e-02, -3.5729427836279e-01,  9.6708793410397e-02, -2.0037058339925e+00, -4.5448680485285e-02, -2.4430367956230e+00,  1.4280677440000e+00,  9.0869000000000e-01,               500000
  2.0243736149228e+00,  1.1316686063341e+00,  1.1307826432672e+00, -1.7268509122322e-01,  3.5902302624318e-01,  8.4737598059324e-04, -2.6722691162815e-03, -4.2659104046089e-01, -3.9659806636094e-02, -2.8014413971809e+00, -7.2446427693062e-02, -2.7906535035804e+00,  1.4367684410000e+00,  9.0477800000000e-01,               500000
  2.0245456109685e+00,  1.1317014286667e+00,  1.1317680602673e+00, -1.6931801625146e-01,  3.4940030172776e-01,  8.3594294270334e-04, -6.8419849013188e-03, -3.9528724199239e-01, -7.0876742428413e-02, -2.4367834036817e+00, -7.4733986578919e-02, -2.8099099199350e+00,  1.4210786980000e+00,  9.0532200000000e-01,               500000
  2.0253910220425e+00,  1.1323121107674e+00,  1.1331944150623e+00, -1.7110434890272e-01,  3.1399754713262e-01,  7.9246141500091e-04,  1.0798747645445e-02, -3.2192647311790e-01,  1.9010951283924e-02, -2.1078145536041e+00,  6.2634768347631e-02, -2.5383738176088e+00,  1.4155433430000e+00,  9.0888000000000e-01,               500000
  2.0251083517246e+00,  1.1327173307938e+00,  1.1340444910843e+00, -1.7409467877136e-01,  3.1548837488743e-01,  7.9434044953966e-04,  1.7053240652444e-02, -3.3890878855587e-01,  4.1362738724968e-02, -2.2195892985595e+00,  1.4931510981840e-01, -2.5949408394797e+00,  1.4276351720000e+00,  9.0285200000000e-01,               500000
  2.0231986292566e+00,  1.1327573236627e+00,  1.1337611354740e+00, -1.7308359377345e-01,  3.3381981749537e-01,  8.1709218267631e-04, -7.3616151115292e-03, -3.6802393016473e-01,  5.3721779554699e-02, -2.0710313788364e+00,  3.8276137248427e-02, -2.8592531385010e+00,  1.4668508890000e+00,  9.0303800000000e-01,               500000
  2.0222191878116e+00,  1.1323676290434e+00,  1.1332446485042e+00, -1.7958706985730e-01,  3.1386790937554e-01,  7.9229780938173e-04,  1.0564512443497e-02, -3.0806245905041e-01,  6.1346996117803e-02, -2.0521619373936e+00,  1.2336129924884e-01, -2.3150959389571e+00,  1.4766785730000e+00,  9.0566400000000e-01,               500000
  2.0203157954956e+00,  1.1315288795949e+00,  1.1319127418704e+00, -1.6808565846698e-01,  3.3109223659007e-01,  8.1374718013653e-04, -2.7629824456858e-04, -3.5777997513923e-01, -6.4500686151458e-02, -2.1288531949500e+00, -5.0171822467515e-02, -3.1491616331009e+00,  1.3588108040000e+00,  9.0596600000000e-01,               500000
  2.0186459626501e+00,  1.1313040156040e+00,  1.1310804302728e+00, -1.6811961061998e-01,  4.2077846255383e-01,  9.1736411806200e-04,  2.2148496887416e-03, -4.8296355636289e-01, -7.7958536068442e-02, -3.2128775351742e+00, -1.7879541165453e-01, -4.6217060890986e+00,  1.4357589050000e+00,  9.1123400000000e-01,               500000
  2.0169478470447e+00,  1.1317457551434e+00,  1.1316170302668e+00, -1.7191929355513e-01,  3.1005620278731e-01,  7.8747216177756e-04,  2.1966833014362e-03, -3.3491098830975e-01,  9.8133325827043e-03, -1.9652486211300e+00,  1.1363769462755e-03, -2.3947799452379e+00,  1.4746481260000e+00,  9.0217200000000e-01,               500000
  2.0152185980164e+00,  1.1320720999055e+00,  1.1321008233982e+00, -1.6928649610293e-01,  3.9013520107201e-01,  8.8332915843643e-04, -8.0928216899084e-03, -4.3630563709521e-01, -5.5780266833161e-02, -3.3785906461878e+00, -2.1250716185890e-02, -3.5685703517208e+00,  1.4310329670000e+00,  9.0685400000000e-01,               500000
  2.0144796040766e+00,  1.1328321183710e+00,  1.1327004121253e+00, -1.7549430337960e-01,  3.6029544005792e-01,  8.4887624546564e-04, -9.7611370754073e-03, -3.7038180608875e-01,  1.6116830804345e-02, -2.3142378325723e+00,  4.0773063048161e-02, -3.0861072777331e+00,  1.4109342820000e+00,  9.0285200000000e-01,               500000
  2.0147936959520e+00,  1.1333952926191e+00,  1.1329612898168e+00, -1.7099631808240e-01,  3.2989780061672e-01,  8.1227803197763e-04, -1.0323308430267e-02, -3.8492751205820e-01,  8.1745831271886e-02, -2.1434725069487e+00,  2.0067869694466e-02, -2.7335538452150e+00,  1.4301863460000e+00,  9.0550800000000e-01,               500000
  2.0161122190491e+00,  1.1332472124715e+00,  1.1330630726403e+00, -1.6982641473026e-01,  3.6678219366657e-01,  8.5648373442415e-04, -1.5709212066024e-02, -4.6015909905400e-01,  1.8978862860345e-02, -2.4525152651448e+00,  1.0129482129300e-02, -3.4058741895979e+00,  1.4890660240000e+00,  9.0317400000000e-01,               500000
  2.0188674731433e+00,  1.1329695119378e+00,  1.1330946819882e+00, -1.7656718003345e-01,  3.1505947308845e-01,  7.9380031883144e-04,  5.5324784217211e-03, -3.4920149481125e-01,  7.6504771240395e-02, -2.1129988073431e+00,  6.6827599920228e-02, -2.6716620515026e+00,  1.5260960430000e+00,  9.0678000000000e-01,               500000
  2.0208211236156e+00,  1.1321056801225e+00,  1.1326559010832e+00, -1.7278824810844e-01,  3.5942276289095e-01,  8.4784758405146e-04, -1.2094246159367e-02, -4.2296004791857e-01,  7.6743824588219e-03, -2.2875785354167e+00, -4.7654669762039e-02, -3.4042297100312e+00,  1.4469800350000e+00,  9.0431600000000e-01,               500000
  2.0237918853826e+00,  1.1312743908678e+00,  1.1326130997994e+00, -1.7363024137555e-01,  3.6029543628657e-01,  8.4887624102288e-04, -7.1956306066186e-03, -4.1482810539534e-01, -7.8398455102301e-02, -2.7307042181213e+00,  4.6603843392003e-02, -3.0980522089995e+00,  1.4666586420000e+00,  8.9861000000000e-01,               500000
  2.0271968739941e+00,  1.1311755705409e+00,  1.1322525886630e+00, -1.7614780565224e-01,  3.2166158853525e-01,  8.0207429647789e-04,  1.2854828400495e-03, -3.4278563548774e-01, -1.5004229933777e-02, -2.1281024407855e+00,  1.4666173874809e-02, -2.5501399514811e+00,  1.4942696740000e+00,  9.0820800000000e-01,               500000
  2.0301540713564e+00,  1.1312175716138e+00,  1.1318320758344e+00, -1.7302330659981e-01,  3.3589037467651e-01,  8.1962232116568e-04,  2.9651786884506e-04, -3.7395878097510e-01, -2.2173515173919e-03, -2.3575965247158e+00, -1.5603082634515e-02, -2.6933172473994e+00,  1.5666988090000e+00,  9.0318600000000e-01,               500000
  2.0328070295713e+00,  1.1312831201477e+00,  1.1315746201287e+00, -1.7298413540334e-01,  3.6284705631780e-01,  8.5187681775924e-04,  7.2362810534056e-03, -4.1051326784949e-01, -6.9693460639653e-03, -2.7150194775996e+00, -3.9551350073855e-02, -3.3830598052273e+00,  1.3926364950000e+00,  9.0553400000000e-01,               500000
  2.0345014025634e+00,  1.1314101759660e+00,  1.1316381860758e+00, -1.7660238115653e-01,  3.3957944372624e-01,  8.2411096792391e-04, -2.5627904230282e-03, -3.5308552870481e-01, -1.7580156389181e-02, -2.1723931455724e+00,  3.1745579548163e-02, -3.0248347330673e+00,  1.4696512740000e+00,  9.0939800000000e-01,               500000
  2.0362984781088e+00,  1.1316772142478e+00,  1.1314786712137e+00, -1.7274659561199e-01,  3.4544728132891e-01,  8.3120067532325e-04, -5.3534822399960e-03, -3.6039736027642e-01, -4.7631022406697e-02, -2.3797300164664e+00, -2.5831820789139e-02, -2.8573333468980e+00,  1.4795078890000e+00,  9.0101400000000e-01,               500000
  2.0384645673583e+00,  1.1323171370491e+00,  1.1315306093839e+00, -1.7545968222258e-01,  3.4320554221563e-01,  8.2849929657862e-04,  1.0981748723951e-02, -4.1235679811766e-01,  4.9803562423621e-02, -2.6965782412664e+00, -2.2092970319693e-02, -2.8926230292454e+00,  1.4864041860000e+00,  9.0195000000000e-01,               500000
  2.0393479384486e+00,  1.1324967951492e+00,  1.1317464546520e+00, -1.7338109569983e-01,  3.7788760616193e-01,  8.6935332996651e-04,  1.7553810705866e-03, -4.4127027408128e-01, -3.4818422165707e-02, -3.0216291702044e+00, -1.7590950266865e-02, -3.6274016297765e+00,  1.4609683520000e+00,  9.0334200000000e-01,               500000
  2.0399916082911e+00,  1.1329562985963e+00,  1.1320803648742e+00, -1.7413655728139e-01,  3.1780975902938e-01,  7.9725749796334e-04,  1.7341940791670e-02, -3.2513538945448e-01,  4.9177133810999e-02, -2.1964453264586e+00,  2.1223226169566e-02, -2.4488830181220e+00,  1.4766306560000e+00,  9.0287000000000e-01,               500000
  2.0388698779010e+00,  1.1329759106499e+00,  1.1322372618042e+00, -1.6604644136893e-01,  3.5648979705714e-01,  8.4438119005239e-04,  4.3451853451571e-03, -3.4827215267903e-01,  1.8260966870061e-02, -2.4080829434427e+00, -1.0850197108548e-02, -3.0185579699565e+00,  1.4900473550000e+00,  9.0593800000000e-01,               500000
  2.0374463345154e+00,  1.1328535860583e+00,  1.1324675833994e+00, -1.7200268895185e-01,  2.9858996725754e-01,  7.7277418080256e-04,  8.4295004142867e-03, -3.3488723811056e-01,  4.9434785861054e-02, -2.1013629944654e+00,  4.4459933717419e-02, -2.3593183068219e+00,  1.4564444580000e+00,  9.0312000000000e-01,               500000
  2.0353456187902e+00,  1.1323460022790e+00,  1.1323631517373e+00, -1.7339148387847e-01,  3.2884575083246e-01,  8.1098181339961e-04,  1.2291228808615e-03, -4.1338590289572e-01,  2.6580033375079e-02, -2.3281809449659e+00,  4.1474114133079e-02, -2.6346911695474e+00,  1.5323764640000e+00,  9.0535600000000e-01,               500000
  2.0333519386761e+00,  1.1316798661046e+00,  1.1319794728785e+00, -1.7256986677979e-01,  3.5840244215095e-01,  8.4664330405544e-04,  3.1071781894342e-02, -3.3616510621616e-01,  2.5225788449894e-02, -2.1868902244089e+00, -3.6385568723455e-03, -3.4186565401299e+00,  1.4971377210000e+00,  9.0219600000000e-01,               500000
  2.0285127050892e+00,  1.1308812987799e+00,  1.1316724686754e+00, -1.7174705825740e-01,  3.5544258093440e-01,  8.4314006064757e-04,  4.0974416271259e-03, -3.3689576463514e-01, -6.8976279022756e-02, -2.4131566960260e+00, -6.3827902360274e-02, -3.2458971664313e+00,  1.4067938390000e+00,  9.0630400000000e-01,               500000
  2.0237656303737e+00,  1.1307399081044e+00,  1.1318687502010e+00, -1.7646396941950e-01,  3.3317246893878e-01,  8.1629953930991e-04, -4.8393509403929e-03, -3.5304386853755e-01, -2.9566162641146e-02, -2.2757152250991e+00,  5.1144952133692e-02, -2.3367001505965e+00,  1.4011769530000e+00,  9.0454000000000e-01,               500000
  2.0199863763565e+00,  1.1308655406975e+00,  1.1316842500257e+00, -1.7955329528162e-01,  3.3916370098904e-01,  8.2360633920465e-04,  7.9211492663019e-03, -3.9697870314041e-01, -5.1334339256142e-02, -2.4465992393802e+00,  2.1924323171950e-02, -2.8026893541790e+00,  1.5088609570000e+00,  9.0546800000000e-01,               500000
  2.0158188554592e+00,  1.1314120745434e+00,  1.1313695695370e+00, -1.7856197375009e-01,  3.4635379528256e-01,  8.3229056859075e-04, -3.8906491264397e-03, -4.2084206749238e-01, -2.6897638601561e-02, -2.6824538939153e+00,  9.7998197429745e-04, -2.5641900589644e+00,  1.3938021640000e+00,  9.0643200000000e-01,               500000
  2.0124714442418e+00,  1.1321374046988e+00,  1.1310883028153e+00, -1.7624082343334e-01,  3.5938633355047e-01,  8.4780461611207e-04,  1.6571157869490e-03, -4.3142768325895e-01,  2.4822162940886e-02, -2.4393824936464e+00, -5.1329455004543e-02, -3.1868322191545e+00,  1.4210773080000e+00,  9.0281200000000e-01,               500000
  2.0093133389414e+00,  1.1325958018240e+00,  1.1312185045875e+00, -1.7340395957348e-01,  3.5900505614900e-01,  8.4735477357362e-04,  7.1519148763905e-04, -4.2851739524666e-01, -8.3265280000528e-04, -2.2807921737808e+00, -6.2092192030131e-02, -3.2583412673147e+00,  1.4569353270000e+00,  9.0293400000000e-01,               500000
  2.0064189192024e+00,  1.1330250214997e+00,  1.1317979082430e+00, -1.7174049291412e-01,  3.7932431631246e-01,  8.7100438151878e-04, -6.5204535821237e-03, -4.2118684556926e-01,  4.2630483182576e-02, -2.4169343412380e+00, -9.5359986149958e-02, -3.5980149581325e+00,  1.4430816690000e+00,  9.0362800000000e-01,               500000
  2.0044806245644e+00,  1.1330689379230e+00,  1.1330247249178e+00, -1.7054998056977e-01,  3.7855801554484e-01,  8.7012414694093e-04, -1.1321958778584e-02, -3.6969434986201e-01,  2.9183280382275e-02, -2.8785750749344e+00,  1.5606435533900e-02, -3.4885408136850e+00,  1.5344605630000e+00,  9.0213400000000e-01,               500000
  2.0038784904033e+00,  1.1328787791058e+00,  1.1340291165283e+00, -1.7511941607019e-01,  3.5173530883636e-01,  8.3873155280622e-04,  1.1538520534044e-03, -3.2858425732411e-01,  4.4144261068651e-02, -2.6645158961797e+00,  1.6099119954989e-01, -2.8322347046409e+00,  1.4843742190000e+00,  9.0200800000000e-01,               500000
  2.0032377688713e+00,  1.1323527475587e+00,  1.1337740754311e+00, -1.6829185317158e-01,  3.5464920445042e-01,  8.4219855669601e-04, -5.7267613805212e-03, -4.6107376879941e-01, -4.9449385521072e-03, -2.2233559138238e+00,  4.4181102390793e-02, -3.6300283447560e+00,  1.4676869360000e+00,  9.0402800000000e-01,               500000
  2.0032531640096e+00,  1.1319291467223e+00,  1.1332363754904e+00, -1.7143408436627e-01,  3.3931552167514e-01,  8.2379065505156e-04, -5.3131663004662e-03, -3.5001925836689e-01, -3.1404613649906e-02, -2.1965648702247e+00,  3.9661957442915e-02, -2.7530538229453e+00,  1.4454634410000e+00,  8.9988800000000e-01,               500000
  2.0038131777896e+00,  1.1318173741329e+00,  1.1324735142932e+00, -1.7478409386319e-01,  3.1552608375330e-01,  7.9438792004071e-04,  8.2654079814323e-04, -3.4893980810822e-01, -1.4594274989699e-02, -2.0610513858042e+00,  1.0739616653897e-02, -2.4571063386897e+00,  1.4741208440000e+00,  9.0438400000000e-01,               500000
  2.0042526723767e+00,  1.1318464906619e+00,  1.1317171025498e+00, -1.7273770667911e-01,  3.6341870636935e-01,  8.5254760145032e-04, -1.2645274498754e-02, -4.0802434629238e-01, -7.2529226613911e-02, -2.6438799258111e+00, -5.5620866120614e-02, -3.0016355247959e+00,  1.4259832850000e+00,  9.0143400000000e-01,               500000
  2.0059279126305e+00,  1.1324865951374e+00,  1.1314520646774e+00, -1.7121220937921e-01,  3.6983664372421e-01,  8.6004260792615e-04, -2.3464550414457e-02, -4.1890541942394e-01, -3.2228005138423e-02, -2.6654616722781e+00, -1.4783349806061e-01, -3.2513639491562e+00,  1.4877231120000e+00,  9.0860000000000e-01,               500000
  2.0097850635572e+00,  1.1333423499055e+00,  1.1323028160096e+00, -1.7491112562165e-01,  3.3493738685541e-01,  8.1845877948179e-04, -9.9865718922212e-03, -3.6400857105710e-01,  5.7698455380851e-02, -2.2368007268626e+00, -4.6423033383709e-02, -2.6807901999902e+00,  1.3938306650000e+00,  9.0444400000000e-01,               500000
  2.0142683553914e+00,  1.1336420501051e+00,  1.1334174874385e+00, -1.7860089099579e-01,  3.4458776521369e-01,  8.3016596559205e-04,  3.5731300959121e-03, -3.1161312474084e-01,  6.3489917888615e-02, -2.6851750740984e+00,  1.3170840925608e-01, -2.7158934812938e+00,  1.3970534480000e+00,  9.0053200000000e-01,               500000
  2.0179665089999e+00,  1.1333942182778e+00,  1.1334699071795e+00, -1.7281235897059e-01,  3.1584720279658e-01,  7.9479205179290e-04,  1.8923618441144e-02, -3.1944146193331e-01,  1.1533373027386e-01, -1.8884158837838e+00,  1.0535749513196e-01, -2.5800787594744e+00,  1.4417143510000e+00,  9.0561600000000e-01,               500000
  2.0194265849912e+00,  1.1322177701260e+00,  1.1327573441293e+00, -1.7729106310732e-01,  3.8821335026344e-01,  8.8115078194761e-04,  3.2005847832785e-03, -5.3422995636028e-01,  1.4326546116347e-02, -3.2524469676842e+00,  4.5423671601665e-02, -4.2168995791967e+00,  1.4679633740000e+00,  9.0282800000000e-01,               500000
  2.0204499358142e+00,  1.1310521439669e+00,  1.1317990472211e+00, -1.7674916713202e-01,  3.3177856111981e-01,  8.1459015599234e-04, -2.6253760892032e-02, -3.9224804626203e-01, -7.7573778267327e-02, -2.2803717420849e+00, -1.7002531749574e-02, -2.6090851685542e+00,  1.4587299250000e+00,  9.0374400000000e-01,               500000
  2.0239914693444e+00,  1.1306593922403e+00,  1.1310697312582e+00, -1.7384539386923e-01,  3.5692533046352e-01,  8.4489683448752e-04, -5.5072885219424e-03, -3.7307787269229e-01, -1.1465392216663e-01, -2.4921520715276e+00, -6.8065702793702e-02, -3.0389857475603e+00,  1.4653173520000e+00,  8.9896000000000e-01,               500000
  2.0277460594230e+00,  1.1312734357266e+00,  1.1309220914394e+00, -1.7530416372145e-01,  3.7326121888878e-01,  8.6401529950433e-04,  1.1192194723934e-02, -3.8320602515994e-01, -3.7028981366211e-02, -3.0770164856340e+00, -4.0263358626876e-02, -2.8771296746582e+00,  1.4295570760000e+00,  9.0221600000000e-01,               500000
  2.0300339281923e+00,  1.1321487613193e+00,  1.1310945167779e+00, -1.7261134890494e-01,  3.4162347097307e-01,  8.2658752830305e-04,  1.1414443623381e-02, -3.8179071842406e-01,  4.3042105055149e-02, -2.4073037071482e+00, -5.6563512602144e-02, -2.9510912117012e+00,  1.4576403310000e+00,  9.0360200000000e-01,               500000
  2.0309791042770e+00,  1.1325873139323e+00,  1.1316751853280e+00, -1.6986038039823e-01,  3.9007253071353e-01,  8.8325820767602e-04, -9.8238778966535e-04, -5.3730958813541e-01,  2.5852210906535e-03, -3.0060379071170e+00, -7.3927305374831e-02, -4.3661007105484e+00,  1.4589959260000e+00,  9.0417200000000e-01,               500000
  2.0314669416716e+00,  1.1327803005325e+00,  1.1322157584511e+00, -1.6753525822139e-01,  3.4416488254225e-01,  8.2965641387535e-04, -1.2932637046290e-02, -3.8286506841713e-01,  1.1690111936993e-02, -2.6810348744483e+00, -3.5017942312660e-02, -3.2103348178692e+00,  1.4343263960000e+00,  9.0560200000000e-01,               500000
  2.0325579305822e+00,  1.1329107896721e+00,  1.1328370698264e+00, -1.7207093950461e-01,  3.2612106454761e-01,  8.0761508721372e-04,  1.2675659854443e-02, -3.6534016593488e-01,  9.5655213053201e-02, -2.4123949787119e+00,  1.0129036293319e-01, -2.5759149543688e+00,  1.4443830010000e+00,  9.0388800000000e-01,               500000
  2.0329192072750e+00,  1.1326325336395e+00,  1.1330293535784e+00, -1.8312192548234e-01,  2.9862567587976e-01,  7.7282038777424e-04, -4.0770108975123e-03, -3.3008040971781e-01,  5.3998506276752e-02, -2.0089145787794e+00,  1.4103347136923e-01, -2.3076103628866e+00,  1.4733701240000e+00,  9.1177000000000e-01,               500000
  2.0334554919616e+00,  1.1321597028006e+00,  1.1326886833332e+00, -1.7242905958207e-01,  3.5292009868453e-01,  8.4014296245881e-04,  5.8287529362116e-03, -3.2465808748960e-01, -1.5955999108919e-02, -3.1089536479058e+00,  5.2189850926083e-02, -2.7706078377327e+00,  1.4159625320000e+00,  9.0766600000000e-01,               500000
  2.0336565771150e+00,  1.1318072884465e+00,  1.1321950990846e+00, -1.8076954678163e-01,  3.7130396166131e-01,  8.6174701816869e-04,  7.7704736964717e-03, -4.0676616381416e-01, -1.8402992079549e-02, -3.1387832794437e+00,  7.6484844816236e-02, -3.5736641842974e+00,  1.5100495760000e+00,  9.0192000000000e-01,               500000
  2.0334609998866e+00,  1.1315737412046e+00,  1.1314758126225e+00, -1.7025546354395e-01,  3.4654501879041e-01,  8.3252029259401e-04, -9.3839349480344e-03, -3.7913350091984e-01, -3.3212443085822e-02, -2.5287641759861e+00, -4.3737481624365e-02, -2.7672006920767e+00,  1.4591084330000e+00,  9.0229800000000e-01,               500000
  2.0337616055256e+00,  1.1315083053341e+00,  1.1309940465116e+00, -1.7019348390632e-01,  3.5497016852570e-01,  8.4257957312731e-04, -1.7271500002193e-03, -4.2972300314869e-01, -5.4770567675943e-02, -2.4114627084934e+00, -1.0004980087868e-01, -3.2327857618934e+00,  1.4827469700000e+00,  9.0490600000000e-01,               500000
  2.0341291487442e+00,  1.1316848370792e+00,  1.1309346726302e+00, -1.6543706526307e-01,  3.8416043364359e-01,  8.7653914190250e-04,  4.7396197670574e-04, -3.5172050602288e-01, -6.6036441502519e-02, -2.6705681785595e+00, -7.0728806661692e-02, -3.3774452853330e+00,  1.3997094920000e+00,  9.0584400000000e-01,               500000
  2.0344453471492e+00,  1.1321274120177e+00,  1.1311481049894e+00, -1.7094896684620e-01,  3.2834053680405e-01,  8.1035860802987e-04,  2.4074943887361e-03, -3.9285814009930e-01,  3.6749922515022e-03, -2.1305053194082e+00, -6.0124029400555e-02, -2.8336364656411e+00,  1.4354583840000e+00,  9.0433600000000e-01,               500000
  2.0346197905967e+00,  1.1325150687468e+00,  1.1315673168365e+00, -1.7538693783555e-01,  3.7549305780770e-01,  8.6659455088028e-04,  9.3280312394919e-04, -4.0027418854420e-01,  3.7046265064935e-02, -2.7538480062794e+00, -4.9882399376691e-02, -3.4850964276960e+00,  1.4680505970000e+00,  9.0680400000000e-01,               500000
  2.0347403189087e+00,  1.1327138463330e+00,  1.1321354486767e+00, -1.7726946351611e-01,  3.4020984541637e-01,  8.2487556081674e-04,  2.4070719450441e-02, -3.4462091793021e-01,  7.9261904593259e-02, -2.5207157208964e+00,  1.0309657830479e-01, -2.7943994599889e+00,  1.4715404920000e+00,  9.0737200000000e-01,               500000
  2.0336572957006e+00,  1.1325637858865e+00,  1.1322714541867e+00, -1.7107548800897e-01,  3.3187571472993e-01,  8.1470941412253e-04,  1.0656309841421e-03, -3.9266369054570e-01,  4.5784884695702e-02, -2.3186999753869e+00, -4.9367734196684e-02, -3.0148203856336e+00,  1.5244517630000e+00,  9.0511800000000e-01,               500000
  2.0326383955079e+00,  1.1322402219007e+00,  1.1325819825538e+00, -1.6821426064149e-01,  3.3846803893690e-01,  8.2276125204934e-04,  2.2914230618473e-03, -3.6369124638890e-01, -9.6981380313323e-05, -2.4274720522730e+00, -1.9249530057136e-02, -3.1360138990046e+00,  1.5178083510000e+00,  9.0614200000000e-01,               500000
  2.0316153118033e+00,  1.1319543093066e+00,  1.1329386913878e+00, -1.6827583532770e-01,  3.6795161438155e-01,  8.5784802194975e-04, -3.2473218093922e-03, -4.0872743450268e-01, -6.9960673046337e-02, -2.9744929452469e+00,  3.8291553717144e-02, -3.1369810661001e+00,  1.4721699470000e+00,  9.0501400000000e-01,               500000
  2.0308662974035e+00,  1.1319989183581e+00,  1.1331240396291e+00, -1.6990897118721e-01,  3.4008123797550e-01,  8.2471963475536e-04,  7.1123745113871e-03, -3.8026116949485e-01, -2.9829207306014e-02, -2.7891589510717e+00,  6.8312441508060e-02, -2.6144648805951e+00,  1.4246030240000e+00,  9.0535200000000e-01,               500000
  2.0298457077176e+00,  1.1321712238178e+00,  1.1330427491327e+00, -1.7726912133880e-01,  3.2010715943995e-01,  8.0013393808780e-04, -5.7557440000994e-03, -3.4754487477400e-01,  4.5498856806948e-02, -2.2423546883332e+00,  9.6252148776109e-02, -2.4297578182286e+00,  1.4707419000000e+00,  9.0458200000000e-01,               500000
  2.0292232286684e+00,  1.1321384871419e+00,  1.1326172794290e+00, -1.7734675799837e-01,  3.4160162011826e-01,  8.2656109286400e-04,  1.2861641132988e-02, -3.7118379774805e-01,  3.6338107016727e-02, -2.2941688052882e+00,  9.3212231793033e-02, -2.8761988557172e+00,  1.4844022140000e+00,  9.0886600000000e-01,               500000
  2.0280288619115e+00,  1.1319598579003e+00,  1.1318937611702e+00, -1.6361350452178e-01,  3.8678981398264e-01,  8.7953375601240e-04, -2.8485647340204e-02, -5.1944605603583e-01, -1.0386365114263e-01, -3.0587978532880e+00, -7.4522275258666e-02, -3.5761714694089e+00,  1.4859919600000e+00,  9.0480800000000e-01,               500000
  2.0283906964620e+00,  1.1322458743192e+00,  1.1315253700246e+00, -1.7460994048499e-01,  3.1941649434776e-01,  7.9927028513233e-04,  2.5142078781205e-03, -3.4629226512487e-01,  1.6384657996595e-02, -2.1178017403215e+00, -1.1844962013949e-02, -2.5260788216859e+00,  1.4982799540000e+00,  9.0598800000000e-01,               500000
  2.0285998145590e+00,  1.1324384690396e+00,  1.1312422308779e+00, -1.7615158933269e-01,  3.5532817169654e-01,  8.4300435550066e-04,  4.9652046159291e-03, -4.7471404912737e-01,  1.0572110379185e-02, -2.7653293345231e+00, -7.7127187548874e-02, -3.2136077749635e+00,  1.4933522930000e+00,  9.0351400000000e-01,               500000
  2.0285521163304e+00,  1.1325729218902e+00,  1.1312798730505e+00, -1.7516235465392e-01,  3.5030743563065e-01,  8.3702740173862e-04,  8.4478540987088e-03, -4.0669411382345e-01,  4.9807582908167e-02, -2.3361332732261e+00, -3.6009106507454e-02, -3.1220805772229e+00,  1.4517144680000e+00,  9.0350000000000e-01,               500000
  2.0280973652601e+00,  1.1324873020827e+00,  1.1314535261588e+00, -1.6930240130918e-01,  3.4751544134235e-01,  8.3368512202432e-04,  3.6263097128594e-03, -3.4072316711595e-01,  3.0602118458345e-02, -2.2586434090472e+00, -1.1287899937322e-01, -3.1842917234100e+00,  1.4822591390000e+00,  9.0458000000000e-01,               500000
  2.0275150225515e+00,  1.1322848240908e+00,  1.1320358674071e+00, -1.7029005717320e-01,  3.6004965302002e-01,  8.4858665205154e-04,  5.5279306430659e-03, -4.0440074082149e-01,  7.6545534741680e-03, -2.6785549585248e+00,  1.6180301351856e-02, -3.0828910656631e+00,  1.4619594340000e+00,  9.0531000000000e-01,               500000
  2.0267241595063e+00,  1.1320755593813e+00,  1.1325058856689e+00, -1.7928953329434e-01,  3.4056419342067e-01,  8.2530502654555e-04,  1.1289151391470e-02, -3.7025849724043e-01,  4.7821532031073e-02, -2.2239123705364e+00,  9.5479642751648e-02, -2.9719656931710e+00,  1.5151758330000e+00,  9.0696400000000e-01,               500000
  2.0254567274731e+00,  1.1316880946125e+00,  1.1325788747816e+00, -1.7449861202064e-01,  3.0958299532933e-01,  7.8687101271978e-04,  8.4344763656153e-03, -3.2878195009260e-01, -1.2799048883698e-02, -1.9929963011814e+00,  5.9486324925643e-02, -2.3114100002542e+00,  1.4216904600000e+00,  9.0094000000000e-01,               500000
  2.0239015647147e+00,  1.1313979079875e+00,  1.1324270848905e+00, -1.7428433787129e-01,  3.3088784278221e-01,  8.1349596530310e-04,  1.3116892314912e-02, -3.5088450365871e-01, -1.4189091186855e-03, -2.2911189538330e+00,  6.7558783454043e-02, -2.5045263966081e+00,  1.4149311360000e+00,  9.0658600000000e-01,               500000
  2.0218542851581e+00,  1.1311474664962e+00,  1.1320429337903e+00, -1.6976475953506e-01,  3.4940708976165e-01,  8.3595106287587e-04, -3.5477765270146e-03, -3.7902977430852e-01, -1.2626721318041e-01, -2.5712572111572e+00, -1.6737565587007e-02, -2.8650503631033e+00,  1.4658441900000e+00,  9.0731200000000e-01,               500000
  2.0201975366318e+00,  1.1314664141937e+00,  1.1317647780289e+00, -1.8564354477342e-01,  3.3915374896350e-01,  8.2359425564230e-04,  1.4299745771730e-02, -4.0359406969811e-01,  2.9443210480570e-02, -2.3821220237992e+00,  3.7422619974466e-02, -2.8857188183375e+00,  1.6440712440000e+00,  8.9901600000000e-01,               500000
  2.0180008312905e+00,  1.1316330208036e+00,  1.1313797538742e+00, -1.7270132637672e-01,  3.4433725486106e-01,  8.2986415136582e-04, -1.5497167529378e-02, -3.5317816444142e-01, -5.3582639555135e-02, -2.2845323904632e+00, -6.3304353661008e-02, -2.8464804149863e+00,  1.3958049600000e+00,  9.0531600000000e-01,               500000
  2.0168092473011e+00,  1.1320169893708e+00,  1.1312750995774e+00, -1.6993747241924e-01,  3.5004470553820e-01,  8.3671345816618e-04, -1.9517490419712e-02, -3.8654781074749e-01, -6.0690921261837e-02, -2.7383928764481e+00, -9.3398316711244e-02, -3.1425944531266e+00,  1.4298025530000e+00,  9.0348600000000e-01,               500000
  2.0167234981126e+00,  1.1326282445212e+00,  1.1315362869082e+00, -1.7236751853204e-01,  3.8620050311415e-01,  8.7886347416894e-04, -1.3216673042569e-02, -4.2139544131204e-01,  1.0282236848462e-02, -2.5801619798310e+00, -1.4003620570047e-01, -4.2069872584651e+00,  1.5297382800000e+00,  9.0836200000000e-01,               500000
  2.0173174944840e+00,  1.1331403331442e+00,  1.1323034954085e+00, -1.7213535240652e-01,  3.2680971921479e-01,  8.0846733912360e-04, -2.9062662931050e-04, -3.9525665017662e-01,  6.6690645612896e-02, -2.1643409190250e+00, -3.4922171004199e-02, -2.8929498108352e+00,  1.3801801510000e+00,  9.0483800000000e-01,               500000
  2.0178769571853e+00,  1.1333204738794e+00,  1.1331307756189e+00, -1.7072969812045e-01,  3.4163734714508e-01,  8.2660431543161e-04, -1.3763781140475e-02, -4.2480500373059e-01,  3.1466594138161e-02, -2.5959775834798e+00,  6.7609132204702e-02, -2.7355645711688e+00,  1.4912786580000e+00,  9.0453400000000e-01,               500000
  2.0190793933945e+00,  1.1333533953022e+00,  1.1336275095235e+00, -1.7257348499293e-01,  3.3315915846442e-01,  8.1628323327681e-04, -7.0584648587816e-03, -3.6551826348452e-01,  6.1481131954453e-02, -2.3660187846732e+00,  6.4872597536625e-02, -2.7389281129109e+00,  1.4526497400000e+00,  9.1009000000000e-01,               500000
  2.0205245491386e+00,  1.1331243692357e+00,  1.1338366471594e+00, -1.7233368196348e-01,  3.7945148059702e-01,  8.7115036658090e-04, -4.6657396838558e-03, -4.5338021151326e-01, -5.9276312269919e-02, -3.2683686886691e+00,  8.8467957543087e-02, -3.3670322173777e+00,  1.4136014670000e+00,  9.0160400000000e-01,               500000
  2.0220710977150e+00,  1.1331795859275e+00,  1.1336992086736e+00, -1.7539821368463e-01,  3.5350084690241e-01,  8.4083392760094e-04,  1.2499646619714e-02, -3.9609458063279e-01,  5.8349927200912e-02, -2.6848799155862e+00,  1.1776546368134e-01, -3.1304266997262e+00,  1.3764039630000e+00,  9.0002600000000e-01,               500000
  2.0228469744179e+00,  1.1329844198174e+00,  1.1331390800196e+00, -1.7369850702190e-01,  3.2607144120918e-01,  8.0755364058270e-04,  1.3736969534074e-02, -3.4764876412259e-01,  1.1684174280454e-01, -2.1855779764762e+00,  9.1426751924842e-02, -2.7625421380342e+00,  1.4240799290000e+00,  9.0474200000000e-01,               500000
  2.0228660342673e+00,  1.1323113267825e+00,  1.1322963147967e+00, -1.7603577846177e-01,  3.5410193692715e-01,  8.4154849762464e-04,  2.7474506376986e-03, -3.9366182528009e-01, -4.2510161757894e-03, -2.4017895231061e+00, -2.8112702886244e-03, -3.2457198640095e+00,  1.4899168710000e+00,  9.0744400000000e-01,               500000
  2.0227553879838e+00,  1.1317284925070e+00,  1.1315538782484e+00, -1.6908817805613e-01,  3.4798248145902e-01,  8.3424514557655e-04, -7.6361944319901e-03, -4.4265021610514e-01, -6.3011265018428e-02, -2.6939266243613e+00, -5.0407302185942e-02, -2.9178894723574e+00,  1.4744699470000e+00,  9.0544200000000e-01,               500000
  2.0230496988607e+00,  1.1314805620285e+00,  1.1310803879254e+00, -1.7109265965927e-01,  3.6798612306637e-01,  8.5788824804442e-04, -6.7454411165955e-03, -4.6764410733396e-01, -8.6010784324486e-02, -2.6007809637588e+00, -1.3373888957679e-01, -3.2942768054998e+00,  1.4294246530000e+00,  9.0234400000000e-01,               500000
  2.0236648350791e+00,  1.1316332498469e+00,  1.1311637936811e+00, -1.6204671244443e-01,  4.0683025791490e-01,  9.0203132752128e-04, -2.9088777971563e-02, -5.0727785316547e-01, -1.2784789389210e-01, -3.5987097818808e+00, -1.3520853559128e-01, -3.7589299273748e+00,  1.4275125920000e+00,  9.0128400000000e-01,               500000
  2.0256828809057e+00,  1.1323290160462e+00,  1.1317550845635e+00, -1.7457569969906e-01,  3.4450236084981e-01,  8.3006308296395e-04, -6.6371161250206e-03, -3.9893662311370e-01, -4.5608962412091e-02, -2.6003228058023e+00,  4.1574340763231e-03, -2.7519689627792e+00,  1.4344973600000e+00,  9.0658600000000e-01,               500000
  2.0278420414527e+00,  1.1331578274915e+00,  1.1322772005672e+00, -1.7038172458447e-01,  3.4298607426693e-01,  8.2823435604536e-04, -1.9321881670483e-03, -4.0944419153767e-01,  6.6790039861934e-02, -2.5155767756939e+00,  8.2935205721856e-03, -3.0476380449273e+00,  1.4949260280000e+00,  9.0218200000000e-01,               500000
  2.0298937771199e+00,  1.1336216389254e+00,  1.1327219563573e+00, -1.7212783121425e-01,  3.1807097126478e-01,  7.9758506914909e-04,  5.8651930223914e-03, -3.3560444551738e-01,  1.1302246645801e-01, -2.0517382606822e+00,  3.9369685102738e-02, -2.5968623923689e+00,  1.4488441140000e+00,  9.0261800000000e-01,               500000
  2.0314562172826e+00,  1.1335560665434e+00,  1.1329788431127e+00, -1.7334009573662e-01,  3.2897151259648e-01,  8.1113687204624e-04,  1.1854217195071e-02, -3.6597165031894e-01,  5.2796606199774e-02, -2.6857778191635e+00,  8.5240072973083e-02, -2.4188909724542e+00,  1.5135783190000e+00,  9.0657400000000e-01,               500000
  2.0322780144806e+00,  1.1332748850532e+00,  1.1328928063335e+00, -1.7121400689491e-01,  3.3758895410941e-01,  8.2169210061848e-04,  1.2713834264782e-02, -3.9899591086098e-01,  4.2341473388430e-02, -2.4762164925675e+00,  6.2182964275764e-02, -2.7099919008600e+00,  1.4220632580000e+00,  9.0388800000000e-01,               500000
  2.0323908620663e+00,  1.1328440559424e+00,  1.1325854147144e+00, -1.7052564488358e-01,  3.3796571349173e-01,  8.2215048925574e-04, -6.2523172990217e-03, -3.3439598834604e-01, -1.3730827624419e-02, -2.2384010536634e+00,  5.0842199185857e-02, -2.8857192336481e+00,  1.4701533310000e+00,  9.0825600000000e-01,               500000
  2.0328141933931e+00,  1.1325202032957e+00,  1.1321217088500e+00, -1.7070035410630e-01,  3.8334210841308e-01,  8.7560505756086e-04, -9.4100655208545e-03, -4.5201083922650e-01, -2.5097526701740e-02, -2.9612586656404e+00, -2.3435131073063e-02, -3.3000115983021e+00,  1.5432489500000e+00,  9.0337200000000e-01,               500000
  2.0336783777269e+00,  1.1323435128153e+00,  1.1317989978692e+00, -1.7792138841385e-01,  3.3275564924577e-01,  8.1578875849789e-04, -1.2856644958130e-02, -4.0685815645210e-01,  3.8820448607605e-02, -2.4353269086972e+00,  3.1257294606327e-02, -2.6142637532704e+00,  1.5708790880000e+00,  9.0520600000000e-01,               500000
  2.0351107375842e+00,  1.1320215345409e+00,  1.1313948655678e+00, -1.7484328792870e-01,  3.3531865689661e-01,  8.1892448601395e-04,  1.0950562395705e-02, -3.9272675946067e-01, -2.4001020249680e-03, -2.3603340529927e+00,  5.8410710519555e-02, -2.8309973504003e+00,  1.5252137330000e+00,  9.0193200000000e-01,               500000
  2.0358609477906e+00,  1.1317470344666e+00,  1.1308148095806e+00, -1.7104442279259e-01,  3.3061194337852e-01,  8.1315674181367e-04,  1.1563269715415e-02, -3.2232078329445e-01, -1.2036979718807e-02, -1.9560124901965e+00, -8.3301521049286e-02, -2.8812176504892e+00,  1.4367831930000e+00,  9.0100600000000e-01,               500000
  2.0359644836947e+00,  1.1315562364896e+00,  1.1306139061416e+00, -1.7114930992981e-01,  3.4647820243483e-01,  8.3244003079480e-04, -2.7963332865667e-05, -3.6829862973454e-01,  2.9123901642896e-03, -2.4129137681651e+00, -7.1336194279222e-02, -2.5198049564871e+00,  1.4828090950000e+00,  9.0448400000000e-01,               500000
  2.0360683866984e+00,  1.1313769729318e+00,  1.1307085405961e+00, -1.7296860589212e-01,  3.5207006155424e-01,  8.3913057572018e-04, -1.2804908559133e-03, -3.9377957600358e-01, -4.2140284072888e-02, -2.3415583517773e+00, -1.0857190765416e-01, -3.3993939387522e+00,  1.4676495170000e+00,  9.0374200000000e-01,               500000
  2.0362361756279e+00,  1.1314036684152e+00,  1.1312125158547e+00, -1.7424638238895e-01,  3.4393777663734e-01,  8.2938263381546e-04,  1.1277926765461e-02, -2.9683502105469e-01, -3.2429332396414e-02, -2.3177556765647e+00, -4.2718664900002e-02, -2.8687864328325e+00,  1.5099958170000e+00,  9.0703000000000e-01,               500000
  2.0358281420242e+00,  1.1315737392508e+00,  1.1318342379392e+00, -1.6717284412702e-01,  3.4508232302658e-01,  8.3076148565828e-04,  1.2095741955612e-02, -3.5725485770423e-01, -3.9755457360820e-02, -2.5524261765037e+00, -1.9852926554359e-02, -2.7477740306589e+00,  1.3978856620000e+00,  9.0439600000000e-01,               500000
  2.0348622149938e+00,  1.1319054378732e+00,  1.1324749715152e+00, -1.7412469095163e-01,  3.4721563439281e-01,  8.3332542790054e-04,  5.2620416402768e-03, -3.7177206087989e-01, -1.0702486840847e-02, -2.3366810881750e+00,  5.0082894231213e-02, -3.1238826361139e+00,  1.4352606780000e+00,  9.0157600000000e-01,               500000
  2.0337371114582e+00,  1.1322558969515e+00,  1.1328673734583e+00, -1.8151893173895e-01,  3.3820824023050e-01,  8.2244542704121e-04, -4.0516561686637e-03, -3.3835506781557e-01, -2.1224770698358e-02, -2.5895131767873e+00,  1.2143762199569e-01, -2.6318303611254e+00,  1.4853662340000e+00,  9.0459600000000e-01,               500000
  2.0329361258539e+00,  1.1326696948084e+00,  1.1327632745141e+00, -1.7045356948259e-01,  3.3534868357550e-01,  8.1896115118545e-04, -2.2051911574710e-03, -3.6725597276912e-01,  3.2946753644095e-02, -2.1117413113513e+00,  2.4800777585587e-02, -3.2135011639252e+00,  1.5271238420000e+00,  9.0343400000000e-01,               500000
  2.0323349422265e+00,  1.1329033201856e+00,  1.1325811234689e+00, -1.7993047937355e-01,  3.4526873231404e-01,  8.3098583900575e-04,  1.2708266211650e-02, -3.6636131581613e-01,  8.3466297339360e-02, -2.3624254745461e+00,  5.9241543116014e-02, -2.7915708008637e+00,  1.4480958740000e+00,  9.0053200000000e-01,               500000
  2.0311633080931e+00,  1.1327546466984e+00,  1.1321964767332e+00, -1.6950131277411e-01,  3.7398811370435e-01,  8.6485618885956e-04,  5.4752395625534e-03, -5.4185899245130e-01, -9.5606847693343e-03, -3.2084533236818e+00, -4.1911002936913e-02, -3.8905706717605e+00,  1.4602518190000e+00,  9.0050800000000e-01,               500000
  2.0298459460221e+00,  1.1326694900242e+00,  1.1320174055623e+00, -1.7678563067366e-01,  3.5152528148153e-01,  8.3848110471439e-04,  2.2629776054203e-03, -4.1593563288644e-01,  5.2263778012732e-02, -2.4223908071583e+00, -1.0117364343155e-02, -3.2217294455224e+00,  1.4565672130000e+00,  9.0463000000000e-01,               500000
  2.0285557752104e+00,  1.1323696898269e+00,  1.1319009068279e+00, -1.7913761589155e-01,  3.4684594417471e-01,  8.3288167728040e-04,  1.3140970349600e-04, -3.8306522990490e-01,  8.2581385017378e-02, -2.4360708574766e+00, -5.5120986383118e-03, -3.0605686733197e+00,  1.4750150560000e+00,  9.0187600000000e-01,               500000
  2.0273967147615e+00,  1.1317439610574e+00,  1.1318228929058e+00, -1.6966252534845e-01,  3.5633217372658e-01,  8.4419449622297e-04,  2.4122698380830e-03, -3.7242806276807e-01, -2.2723822884482e-02, -2.5413519455671e+00, -4.9589903752106e-03, -2.9023766466708e+00,  1.4735545710000e+00,  9.0455000000000e-01,               500000
  2.0262403300686e+00,  1.1312853605235e+00,  1.1317771465197e+00, -1.7461383047469e-01,  3.1991229473692e-01,  7.9989036090820e-04,  1.8163388409087e-03, -3.5776757358729e-01, -7.4194776234366e-02, -2.1992646326675e+00,  1.4133589730018e-02, -2.4402576928789e+00,  1.4789441050000e+00,  9.0598600000000e-01,               500000
  2.0251160013975e+00,  1.1312020548267e+00,  1.1316864999981e+00, -1.6183737246073e-01,  4.2644239535128e-01,  9.2351761797085e-04, -3.1113175602864e-02, -7.0045373000288e-01, -2.0198895932428e-01, -4.9868814031220e+00, -1.2289800860850e-01, -3.8764529798495e+00,  1.4786695520000e+00,  9.0254400000000e-01,               500000
  2.0256916945119e+00,  1.1320217077558e+00,  1.1320830106869e+00, -1.6497950545579e-01,  3.6549587258543e-01,  8.5498055251033e-04, -2.0719863642705e-03, -4.1373964113022e-01, -5.8531267186317e-02, -2.5540646973791e+00, -5.2709866138051e-02, -3.3007835841244e+00,  1.4567442670000e+00,  9.0482400000000e-01,               500000
  2.0263249777402e+00,  1.1330217090181e+00,  1.1326484746858e+00, -1.7134566600194e-01,  3.3411506673475e-01,  8.1745344422144e-04,  5.3492474753916e-03, -3.7652113681476e-01,  3.4044133995077e-02, -2.3733221047655e+00,  1.8348654786980e-02, -2.6161267961931e+00,  1.5284939380000e+00,  9.0479800000000e-01,               500000
  2.0266352511686e+00,  1.1337784485508e+00,  1.1330924346207e+00, -1.7165466544182e-01,  3.9293886757140e-01,  8.8649745354559e-04,  1.0447972409272e-03, -4.0570728358848e-01,  6.1592169524458e-02, -3.9968936656947e+00,  3.4805655007458e-02, -3.9809458408742e+00,  1.5538692480000e+00,  8.9994000000000e-01,               500000
  2.0268722619581e+00,  1.1341987115569e+00,  1.1333663383477e+00, -1.6573933908484e-01,  3.6179085885103e-01,  8.5063606654201e-04, -1.4410888396003e-02, -4.2414503019068e-01,  2.8281410915308e-02, -2.6329809085119e+00, -9.3924464515541e-05, -3.2130292257670e+00,  1.4673776740000e+00,  9.0647000000000e-01,               500000
  2.0278227141033e+00,  1.1344589374685e+00,  1.1336195833294e+00, -1.6948311399378e-01,  3.1043571931670e-01,  7.8795395717859e-04,  1.6352203121002e-02, -3.0686152246974e-01,  1.3300128782839e-01, -2.1566786494799e+00,  1.0445204581256e-01, -2.3960768338657e+00,  1.4247455680000e+00,  9.0062000000000e-01,               500000
  2.0278614453936e+00,  1.1341143073324e+00,  1.1334507357849e+00, -1.7901741670175e-01,  3.2932706093866e-01,  8.1157508702357e-04,  1.5808265340367e-03, -3.9211162410180e-01,  1.3639781095355e-01, -2.3362164802997e+00,  9.7004308808742e-02, -2.7712853207770e+00,  1.5645538140000e+00,  8.9802600000000e-01,               500000
  2.0278265029267e+00,  1.1332106985821e+00,  1.1329309696625e+00, -1.7479132108241e-01,  3.2111677075871e-01,  8.0139474762281e-04,  1.2487628544544e-02, -3.3133533378348e-01,  1.3315818502734e-01, -2.2810547081847e+00,  5.8186078678395e-02, -2.7448983481482e+00,  1.5690437080000e+00,  9.0475200000000e-01,               500000
  2.0271737022101e+00,  1.1318179711342e+00,  1.1322442055665e+00, -1.7036145217648e-01,  3.4046809608994e-01,  8.2518857976821e-04, -4.8127024532305e-03, -3.4207239711417e-01, -3.1717733454448e-02, -2.4183705947936e+00,  4.6507795494248e-03, -2.7329002177826e+00,  1.4523385200000e+00,  9.0894200000000e-01,               500000
  2.0268372668842e+00,  1.1307081787675e+00,  1.1316129710951e+00, -1.7381198881570e-01,  3.4147357575267e-01,  8.2640616618303e-04,  8.1047567891794e-04, -4.4144240811282e-01, -6.7295712241276e-02, -2.3415403582284e+00, -6.4565222699670e-02, -2.8412996589104e+00,  1.4069286270000e+00,  9.0698800000000e-01,               500000
  2.0265044490635e+00,  1.1300096428672e+00,  1.1312987965794e+00, -1.6646811718937e-01,  3.7896532114650e-01,  8.7059212165801e-04, -1.1159005776367e-02, -4.2874701629389e-01, -1.7192105468560e-01, -2.9528043116066e+00, -1.0570690412693e-01, -3.2993164489715e+00,  1.4646016690000e+00,  9.0087000000000e-01,               500000
  2.0267793130860e+00,  1.1301429499135e+00,  1.1314298640372e+00, -1.7513109468922e-01,  3.6995380470998e-01,  8.6017882409413e-04,  2.1932579749090e-03, -4.0844069784011e-01, -8.3821477203011e-02, -2.7370544753508e+00,  7.1359655268141e-04, -3.3507167984792e+00,  1.4657559720000e+00,  9.0174000000000e-01,               500000
  2.0269263449337e+00,  1.1306374248134e+00,  1.1315516308743e+00, -1.7525194940068e-01,  3.4584329130967e-01,  8.3167697011481e-04,  4.5361828583513e-03, -3.6478271286640e-01, -3.5385727384142e-02, -2.4084104975624e+00,  3.0261303879717e-03, -3.0326856139083e+00,  1.5120893890000e+00,  9.0667000000000e-01,               500000
  2.0268385421149e+00,  1.1312437304601e+00,  1.1316554780914e+00, -1.6839258412899e-01,  4.0600952926243e-01,  9.0112100104529e-04,  5.1550877090570e-06, -4.6720770175266e-01, -6.5601419586048e-02, -3.4639558177753e+00, -6.1854695366703e-02, -3.5881526417209e+00,  1.4772977420000e+00,  9.0721400000000e-01,               500000
  2.0267710209308e+00,  1.1320861021815e+00,  1.1319949856461e+00, -1.7680089192813e-01,  3.3443719749985e-01,  8.1784741547534e-04, -2.5356228905257e-04, -3.6540196408235e-01,  3.2861688489893e-02, -2.2442210529660e+00,  2.4376104759409e-02, -2.8414294253552e+00,  1.4899340370000e+00,  9.0343200000000e-01,               500000
  2.0267323057595e+00,  1.1327050109300e+00,  1.1322119976802e+00, -1.7200293657075e-01,  3.2966464049674e-01,  8.1199093652175e-04, -9.2300619363608e-03, -3.3952698093200e-01,  1.2862419807035e-02, -2.2395277863594e+00, -1.7966381715466e-02, -2.5920679893570e+00,  1.4083183130000e+00,  9.0641200000000e-01,               500000
  2.0271738366817e+00,  1.1332107080254e+00,  1.1324820230009e+00, -1.7829321134519e-01,  3.8593123254473e-01,  8.7855703576345e-04,  1.4646469493779e-02, -3.6794711408727e-01,  5.8823983664753e-02, -3.2037976878036e+00, -1.8706407736012e-02, -3.5809884538137e+00,  1.4490856290000e+00,  9.0362000000000e-01,               500000
  2.0268383510907e+00,  1.1334137250486e+00,  1.1328046383737e+00, -1.7650735259039e-01,  3.2687570606415e-01,  8.0854895468877e-04,  1.2539308411132e-02, -3.5601450179490e-01,  9.3279791212369e-02, -2.4076289827797e+00,  1.1364613867969e-01, -2.5094277947270e+00,  1.4700856320000e+00,  9.0674200000000e-01,               500000
  2.0259101302153e+00,  1.1331901759617e+00,  1.1326595492394e+00, -1.7689596120634e-01,  3.1411972852487e-01,  7.9261557961583e-04, -3.4727918923550e-03, -3.8847506653400e-01,  1.2082542608950e-01, -2.0395389269006e+00,  2.6653443301821e-02, -2.6083213689052e+00,  1.4850456100000e+00,  9.0316800000000e-01,               500000
  2.0252600478028e+00,  1.1324600907659e+00,  1.1324305517805e+00, -1.6663620008650e-01,  3.4476974600291e-01,  8.3038514678781e-04, -6.3785393031390e-04, -3.5024821744230e-01,  1.5693638934077e-03, -2.6590766443688e+00, -1.3492550620439e-02, -2.8822952122376e+00,  1.4403947040000e+00,  9.0674800000000e-01,               500000
  2.0247157603982e+00,  1.1318014294692e+00,  1.1322822559520e+00, -1.6818981205746e-01,  3.6909244416462e-01,  8.5917686673306e-04,  1.1546964708923e-02, -3.9563325360015e-01, -2.9640246176031e-02, -2.6403675514581e+00, -3.5085017774876e-02, -3.2155629996778e+00,  1.4315784630000e+00,  9.0398600000000e-01,               500000
  2.0236498921603e+00,  1.1313450620696e+00,  1.1322912196703e+00, -1.6776468834323e-01,  4.4627758869637e-01,  9.4475138390624e-04, -1.6503325699120e-02, -6.9342211885815e-01, -6.7379112117173e-02, -3.7022461019410e+00, -8.0849441316764e-02, -5.9297297154317e+00,  1.4920930220000e+00,  9.0344600000000e-01,               500000
  2.0235457946691e+00,  1.1312403403530e+00,  1.1326250527668e+00, -1.7412980376169e-01,  3.3114030374173e-01,  8.1380624689386e-04,  1.8572118989304e-03, -3.5849641293961e-01, -4.3039863787449e-02, -2.2481778299090e+00,  7.2528800189009e-02, -2.5341965078435e+00,  1.5081118990000e+00,  9.0612000000000e-01,               500000
  2.0233668721901e+00,  1.1313415344207e+00,  1.1326485447483e+00, -1.7813859557056e-01,  3.5307299611133e-01,  8.4032493252471e-04,  1.5930387948206e-02, -3.9652796239275e-01, -4.0818298721239e-03, -2.8906835818837e+00,  9.4843383526009e-02, -2.7277011372339e+00,  1.4227879640000e+00,  9.0578600000000e-01,               500000
  2.0224078749505e+00,  1.1314571695555e+00,  1.1323059472016e+00, -1.6394999739180e-01,  3.9524374308843e-01,  8.8909363183911e-04, -9.8468549293009e-03, -4.5204767017445e-01, -8.7002177249868e-02, -2.9461115461108e+00, -3.6965074591673e-02, -3.6473022832946e+00,  1.4636225560000e+00,  9.0797400000000e-01,               500000
  2.0220556542975e+00,  1.1319534677682e+00,  1.1321484276265e+00, -1.6192075014980e-01,  3.6241297694862e-01,  8.5136710877109e-04, -2.0546300496245e-02, -4.5873492721672e-01, -1.0610417999885e-01, -2.7223465948949e+00, -8.1035721659483e-02, -3.1074055744992e+00,  1.4489122090000e+00,  9.0999200000000e-01,               500000
  2.0227917479037e+00,  1.1328767961399e+00,  1.1323283818361e+00, -1.7316194911954e-01,  3.3933681640667e-01,  8.2381650433415e-04, -1.1212799328954e-02, -3.8791786013478e-01,  5.5131699633811e-02, -2.7007639081902e+00, -1.9100659344494e-03, -2.8155141052690e+00,  1.4965087340000e+00,  9.0561200000000e-01,               500000
  2.0240323143107e+00,  1.1334697233525e+00,  1.1325034074562e+00, -1.6773984313361e-01,  4.0140214848087e-01,  8.9599346926288e-04, -9.3401248175644e-03, -4.2383988667388e-01,  1.1114108439239e-02, -3.0845956068378e+00, -2.6822979271602e-02, -3.8186668366696e+00,  1.4680636230000e+00,  9.0490000000000e-01,               500000
  2.0256333566287e+00,  1.1339612755957e+00,  1.1327731808536e+00, -1.7683066481150e-01,  3.7109266937583e-01,  8.6150179265726e-04, -2.1135461835292e-02, -4.5373314160006e-01,  7.1700663862554e-02, -2.8395087689998e+00, -3.2045883761685e-02, -3.7078927362893e+00,  1.5056447190000e+00,  9.0869800000000e-01,               500000
  2.0281531143808e+00,  1.1340916597222e+00,  1.1331485572457e+00, -1.7008765050326e-01,  3.3307348008939e-01,  8.1617826495122e-04,  5.1360786001540e-03, -3.2147000006967e-01,  1.0466265210544e-01, -2.3343264969590e+00,  4.4773922222580e-02, -2.7650039546454e+00,  1.4785375980000e+00,  9.0313600000000e-01,               500000
  2.0301704457240e+00,  1.1337490226790e+00,  1.1333170544814e+00, -1.7290361735750e-01,  3.2079688235474e-01,  8.0099548357620e-04,  1.4186805201542e-02, -3.0800126258318e-01,  8.0435038147839e-02, -2.1438551352308e+00,  7.6765650464444e-02, -2.6734056621993e+00,  1.4692086120000e+00,  9.0419000000000e-01,               500000
  2.0312751429634e+00,  1.1330875319014e+00,  1.1331738086299e+00, -1.6754399570664e-01,  3.2976470146994e-01,  8.1211415634742e-04,  1.6626189865339e-02, -3.6762040323859e-01,  6.3268143127873e-02, -2.2114391782228e+00,  5.8994273879260e-02, -2.9126219016036e+00,  1.4742468110000e+00,  9.0196400000000e-01,               500000
  2.0314367953299e+00,  1.1322151796403e+00,  1.1328196239076e+00, -1.7243692173038e-01,  3.4549588510718e-01,  8.3125914744702e-04,  2.6601711292318e-03, -4.3259642339405e-01, -1.8000182314729e-02, -2.3087032080349e+00,  5.9286337087012e-02, -3.1764234177304e+00,  1.4391601100000e+00,  9.0483400000000e-01,               500000
  2.0314586419091e+00,  1.1315147579792e+00,  1.1322746809795e+00, -1.6992374055757e-01,  3.3188656134185e-01,  8.1472272748690e-04,  4.2383378411154e-03, -3.3983435980755e-01,  3.5902525732321e-03, -2.0148964953648e+00, -3.2710718152868e-02, -2.6999944047586e+00,  1.4119612120000e+00,  9.0142400000000e-01,               500000
  2.0312721578752e+00,  1.1308723671351e+00,  1.1319173505158e+00, -1.7675366463286e-01,  3.5434805194725e-01,  8.4184090177093e-04, -3.4391813286770e-03, -4.0453305910642e-01, -6.6558765672573e-02, -2.5259472441234e+00,  2.5320847324313e-02, -3.0715455067123e+00,  1.4784145720000e+00,  9.0388400000000e-01,               500000
  2.0312888580823e+00,  1.1305963375738e+00,  1.1315022144499e+00, -1.7072144703477e-01,  4.0759510974418e-01,  9.0287885094754e-04, -1.4252746038151e-02, -3.9818310497539e-01, -1.3970056209244e-01, -4.8584829021582e+00, -3.3214266518058e-02, -3.1819070854749e+00,  1.4435372860000e+00,  9.0389000000000e-01,               500000
