#                p[0],                 p[1],                 p[2],               energy,             variance,                error,             gradE[0],          gradVarE[0],             gradE[1],          gradVarE[1],             gradE[2],          gradVarE[2],         elapsed time,        accept. ratio,             MC steps
  4.8000000000000e+00,  1.1000000000000e+00,  1.0000000000000e+00,  5.2271035492033e-01,  3.7326653304678e-01,  8.6402145001936e-04, -7.9248514869774e-04, -9.3044425093476e-02, -3.8931745063343e-02, -9.7499052643935e-01,  2.0829628837135e-02, -6.8765474430120e+00,  1.0239173630000e+00,  8.9484400000000e-01,               500000
  4.8499994040648e+00,  1.1499999873158e+00,  9.5000002874990e-01,  5.2447483318575e-01,  2.5876903297987e-01,  7.1940118568136e-04,  1.9771219343578e-03, -9.3990802233772e-02,  1.7795935843388e-01, -3.5648221049785e-01, -4.9354122090988e-02, -4.5694766491926e+00,  7.2461933100000e-01,  9.0322000000000e-01,               500000
  4.8499994040648e+00,  1.1499999873158e+00,  9.5000002874990e-01,  5.2708842188944e-01,  2.5381514681598e-01,  6.5040390888531e-04,  7.8997798749889e-04, -4.3611253883457e-02,  1.6316982970164e-01, -2.2787211699497e-01, -6.3900892175343e-02, -4.6538017275936e+00,  8.3973936600000e-01,  9.0490500000000e-01,               600000
  4.8495719410271e+00,  1.1217028848589e+00,  9.7748256937889e-01,  5.2114103881995e-01,  2.8339050559952e-01,  6.8725359899569e-04,  1.2279416199318e-03, -7.2143213088401e-02,  6.9923403208561e-02, -7.1153463695199e-02,  1.6674076260760e-03, -5.6292648264901e+00,  8.8971978300000e-01,  9.0504333333333e-01,               600000
  4.8262297778534e+00,  1.0892239088425e+00,  9.9925902307837e-01,  5.2251495649600e-01,  5.8285095257191e-01,  9.8560552671265e-04,  2.3996505070476e-03, -3.4268918558487e-01, -1.4060360248600e-01, -3.1255339482872e+00,  8.2467787719478e-02, -1.2019052398012e+01,  8.5894616200000e-01,  9.1318000000000e-01,               600000
  4.7914979267619e+00,  1.0861907697310e+00,  9.8949973654428e-01,  5.2781434413552e-01,  3.7439820174284e-01,  7.8993480927526e-04, -2.8125697225216e-03, -8.3683543539881e-02, -1.5242779529509e-01, -4.4059833321601e+00, -6.3859933230290e-02, -3.3961272989626e+00,  7.8955257400000e-01,  8.9928166666667e-01,               600000
  4.7906337574448e+00,  1.0992574280357e+00,  9.9724090152127e-01,  5.2198713705365e-01,  3.4551075768550e-01,  7.5884864288550e-04,  2.7825195732171e-04, -9.6588260882934e-02, -4.8825086769663e-02, -1.4197018709045e+00,  1.1478906753665e-02, -5.8010896889384e+00,  8.1821537900000e-01,  8.9927500000000e-01,               600000
  4.7883824177402e+00,  1.1149328316276e+00,  1.0020599076198e+00,  5.2297380258091e-01,  3.7309935867724e-01,  7.8856341816119e-04, -1.7048557600121e-03, -6.3191329284072e-02,  4.1594157444488e-02, -1.2860688624393e-01,  2.4991471706820e-02, -8.6315886948902e+00,  8.2769121100000e-01,  9.0316500000000e-01,               600000
  4.7967061936425e+00,  1.1247824602121e+00,  1.0019748708124e+00,  5.2286259911226e-01,  4.0867218120436e-01,  8.2530012844254e-04, -1.5299216633838e-03,  5.9581211290450e-02,  8.0193146098668e-02, -6.4103564897382e-02,  5.3158715700790e-02, -1.0072781097656e+01,  8.0508987300000e-01,  9.0531500000000e-01,               600000
  4.8117397464773e+00,  1.1264189753676e+00,  9.9290986564124e-01,  5.2490747834043e-01,  1.8229004088648e-01,  5.5119573185104e-04,  2.5426470421689e-04, -6.9145606698443e-02,  9.4577514256729e-02, -8.7704490907240e-02, -6.8687724680391e-02, -2.6209996555531e+00,  8.1468610300000e-01,  8.9710833333333e-01,               600000
  4.8239018164561e+00,  1.1203561781925e+00,  9.9720615778619e-01,  5.2625296011471e-01,  1.9399216470827e-01,  5.6861258736840e-04,  1.2412514215391e-03, -7.4093333389608e-02,  6.5789160593996e-02, -9.6889113379939e-02, -6.3454604623408e-02, -3.0225003572465e+00,  8.2464490200000e-01,  9.0835333333333e-01,               600000
  4.8282575967354e+00,  1.1100394136393e+00,  1.0103602341649e+00,  5.2164960981588e-01,  3.7801269970419e-01,  7.9373872664350e-04,  2.4004762142376e-03, -1.3770687316237e-01,  7.5144956360899e-03, -7.3719654363281e-01,  6.6742693825529e-02, -7.5724990391805e+00,  8.3577539000000e-01,  9.0307333333333e-01,               600000
  4.8211300540080e+00,  1.1002524086818e+00,  1.0126832906372e+00,  5.2516913120517e-01,  3.0028738115559e-01,  7.0744538205621e-04, -2.3697935262187e-05, -6.0407066423901e-02, -4.6638256651611e-02, -1.1703497096406e+00, -1.1686996762324e-02, -4.4147824655535e+00,  8.2310335400000e-01,  9.0782666666667e-01,               600000
  4.8149672784808e+00,  1.0950984170722e+00,  1.0166723101447e+00,  5.2101301756878e-01,  4.3877251760026e-01,  8.5515351214491e-04,  1.5558927432226e-03, -1.7877866074943e-01, -4.7646685904037e-02, -8.6985299812981e-01,  7.2871411977245e-02, -8.6309222303391e+00,  8.3391690900000e-01,  8.9649000000000e-01,               600000
  4.8031669751459e+00,  1.0940836542202e+00,  1.0112444787597e+00,  5.2538767794697e-01,  2.8663848756582e-01,  6.9118073801988e-04, -1.0700888884646e-03, -4.1389256672911e-02, -5.5061187393756e-02, -8.2731896809128e-01, -2.3060471326855e-02, -4.0560853196216e+00,  8.4485071200000e-01,  9.1112500000000e-01,               600000
  4.7974324141203e+00,  1.0972666265994e+00,  1.0095798022180e+00,  5.2241087589234e-01,  4.9483775257188e-01,  9.0814623691331e-04,  1.3040085369413e-03, -1.7968535503244e-01, -7.2459055807310e-02, -1.1129295878136e+00,  8.0073337113476e-02, -1.0496309025966e+01,  8.1190992000000e-01,  9.0525333333333e-01,               600000
  4.7871979844892e+00,  1.1053575963595e+00,  9.9926245149482e-01,  5.1945402024389e-01,  3.8134784823521e-01,  7.9723255519245e-04,  8.3477038653942e-04, -1.0620156992753e-01,  7.9278928747783e-03, -2.8024465472061e-01,  4.4442379006849e-02, -8.2834880327791e+00,  8.0511263400000e-01,  9.1196333333333e-01,               600000
  4.7746924166881e+00,  1.1121212485018e+00,  9.8534625979627e-01,  5.2107801247173e-01,  5.0736011837669e-01,  9.1956522188178e-04, -1.3862293671620e-03, -1.5840058386061e-01,  2.0900795039839e-02, -1.0702595323401e-01,  7.5905775314534e-02, -1.2793729363798e+01,  8.6096647800000e-01,  9.0228333333333e-01,               600000
  4.7697703901708e+00,  1.1167193413643e+00,  9.6555152594321e-01,  5.2443430295729e-01,  2.7904986901392e-01,  6.8197002501811e-04, -3.0957196012771e-04, -9.8340380091806e-02,  3.5461100807333e-02, -3.4437900606432e-01, -5.0900303494254e-02, -5.7403728960881e+00,  8.6390667700000e-01,  9.0976000000000e-01,               600000
  4.7668062911794e+00,  1.1182787546613e+00,  9.5402300520212e-01,  5.2457414744988e-01,  2.2853213753916e-01,  6.1716034861177e-04, -8.2122034328804e-04, -7.3678560948014e-02,  4.4215024014220e-02, -2.1277946680802e-01, -1.1098642958541e-01, -4.6065876437202e+00,  8.3479680300000e-01,  9.1007833333333e-01,               600000
  4.7677204284647e+00,  1.1164380322886e+00,  9.5593224771632e-01,  5.2547443550461e-01,  2.6869535984499e-01,  6.6919772843432e-04, -2.2355031234534e-03, -7.7954289113828e-02,  2.7291713290314e-02, -4.8885471570284e-01, -9.0913264766339e-02, -5.3963212294346e+00,  8.2308171100000e-01,  9.0536666666667e-01,               600000
  4.7774668862115e+00,  1.1127643321351e+00,  9.6638085184441e-01,  5.2496898164857e-01,  2.1568533319627e-01,  5.9956280348861e-04, -1.4661290585213e-03, -5.1935806715844e-02,  2.5514036528352e-02, -2.5780313654239e-01, -1.0309014138067e-01, -4.2298578635067e+00,  8.1244711100000e-01,  9.0844166666667e-01,               600000
  4.7918986568993e+00,  1.1075337935890e+00,  9.8456584605696e-01,  5.2416925724651e-01,  3.0413424219048e-01,  7.1196236111946e-04, -1.3977690548347e-03, -4.0303927994950e-02,  4.5969477295849e-03, -3.4297318968432e-01, -1.4735311479605e-02, -5.8164968796469e+00,  8.0990625400000e-01,  9.0704500000000e-01,               600000
  4.8101847444229e+00,  1.1024387441092e+00,  1.0026673818963e+00,  5.2030531458748e-01,  3.8949530775242e-01,  8.0570394454417e-04,  1.5770710023785e-03, -1.4169922760177e-01, -7.3987758128124e-03, -6.7740862364781e-01,  5.1606400321139e-02, -8.3954887366761e+00,  8.2346183500000e-01,  9.1214333333333e-01,               600000
  4.8207238321380e+00,  1.0983922869973e+00,  1.0146932309478e+00,  5.2364420823933e-01,  4.5652636311088e-01,  8.7228279350877e-04,  1.0945581014134e-03, -1.5602238087052e-01, -4.5488476488885e-02, -1.0228897354051e+00,  4.8868302524708e-02, -9.8307602545786e+00,  8.3108411800000e-01,  8.9910833333333e-01,               600000
  4.8263619952181e+00,  1.0982664074129e+00,  1.0215920060330e+00,  5.2424565871004e-01,  3.1500084564708e-01,  7.2456980989537e-04,  1.9171523180424e-03, -1.1530943458791e-01, -1.8263379269032e-02, -6.5933414748710e-01,  7.4127904748832e-03, -5.4936807230143e+00,  8.2208167400000e-01,  9.0738833333333e-01,               600000
  4.8244236890413e+00,  1.0995924731025e+00,  1.0274528625920e+00,  5.2431823481172e-01,  4.3609488564838e-01,  8.5254020985170e-04, -2.6665414533413e-04, -2.3099402683058e-01, -7.8427369794944e-02, -6.0128002185601e+00,  4.2323416730292e-02, -6.0937610257324e+00,  8.4053562100000e-01,  9.0041333333333e-01,               600000
  4.8240938382940e+00,  1.1069843816196e+00,  1.0291777643890e+00,  5.2674478377766e-01,  4.0455667119221e-01,  8.2113404426664e-04,  1.7546477257293e-03, -1.2722318457813e-01, -7.8960898832497e-03, -5.8543003342767e-01,  4.4483607069873e-02, -9.1954609576762e+00,  8.6162118300000e-01,  9.0674166666667e-01,               600000
  4.8175492098977e+00,  1.1143498245136e+00,  1.0270999862886e+00,  5.2592044681230e-01,  3.3623861498641e-01,  7.4859714910225e-04,  1.0686165504672e-03, -1.2307628593495e-01,  2.8786621821956e-02, -3.3655611750389e-01,  2.8628022782038e-02, -6.4762008735571e+00,  8.6501774800000e-01,  9.1165500000000e-01,               600000
  4.8079056103730e+00,  1.1188079791133e+00,  1.0228791461944e+00,  5.2646629628703e-01,  2.6843466435573e-01,  6.6887301280553e-04, -1.0562419711471e-03, -6.0738670953978e-02,  6.0429168184312e-02, -1.3021681899276e-01,  1.1552589805274e-02, -4.8290975233773e+00,  9.8079164800000e-01,  9.0887000000000e-01,               600000
  4.8032478119013e+00,  1.1181160595991e+00,  1.0181849942160e+00,  5.2275416451140e-01,  3.5477611539413e-01,  7.6895612726402e-04, -3.2295649863010e-05, -1.0997640060800e-01,  6.1724171001963e-02, -1.9322287749050e-01,  6.5763605777961e-02, -7.2776027808618e+00,  8.1927880300000e-01,  9.0595500000000e-01,               600000
  4.7993326067645e+00,  1.1127100013297e+00,  1.0082652121743e+00,  5.1827353004158e-01,  5.4289097916999e-01,  9.5121937460118e-04,  7.2044507224164e-04, -6.5651662148368e-02,  3.4984441973399e-02, -3.8794820435930e-02,  1.4452211595002e-01, -1.3535954563820e+01,  8.1565926800000e-01,  9.0839833333333e-01,               600000
  4.7931730292287e+00,  1.1050715236992e+00,  9.8827620783621e-01,  5.2097771264169e-01,  3.5756231030903e-01,  7.7196967806280e-04, -7.4974492997132e-04, -6.6178591976847e-02, -1.9512060008422e-02, -7.4547044400766e-01,  2.5962875111693e-02, -6.6746616252798e+00,  1.0295367370000e+00,  9.0190333333333e-01,               600000
  4.7905799898890e+00,  1.0996953836959e+00,  9.6815924853716e-01,  5.1960971583449e-01,  3.7285394029619e-01,  7.8830402372878e-04, -4.9501605403966e-04, -6.4713073632257e-02, -3.0715337741167e-02, -6.8046244823269e-01,  7.8670336229641e-03, -8.2468738221028e+00,  8.4227412400000e-01,  9.0095666666667e-01,               600000
  4.7902565311038e+00,  1.0972922704766e+00,  9.4950879107781e-01,  5.2267378679570e-01,  2.6465803906875e-01,  6.6415113624931e-04, -1.4633669970358e-03, -7.4336472275210e-02, -5.4292284075833e-02, -1.0343698697562e+00, -1.0030942038582e-01, -3.9049382601691e+00,  8.5805230900000e-01,  9.0662000000000e-01,               600000
  4.7957115524530e+00,  1.0995031434597e+00,  9.4188015773249e-01,  5.2459206603535e-01,  2.7238692882020e-01,  6.7377905480977e-04, -6.7924981376009e-04, -6.2310605117138e-02, -5.9818648836026e-02, -1.5857995002469e+00, -1.2592850230468e-01, -4.0900271478173e+00,  8.9832456800000e-01,  9.0504666666667e-01,               600000
  4.8033996640755e+00,  1.1063240089769e+00,  9.4562055174233e-01,  5.2324738083819e-01,  3.0996021792680e-01,  7.1874916571174e-04, -1.2700029337591e-03, -6.7248651492659e-02, -3.9316691845143e-04, -4.8428743197144e-01, -8.4226578271673e-02, -7.1221895352519e+00,  1.0059690820000e+00,  9.0015500000000e-01,               600000
  4.8153238462153e+00,  1.1125867399860e+00,  9.5587798681362e-01,  5.1791545280694e-01,  6.4798534747023e-01,  1.0392187349721e-03,  4.0423425596935e-03, -5.2684077159101e-01,  2.9798753301055e-02, -6.2791380575868e-01,  6.2683561148389e-02, -2.3061205379549e+01,  9.8376091400000e-01,  8.9983333333333e-01,               600000
  4.8118404799955e+00,  1.1158722316699e+00,  9.6108017679486e-01,  5.1924400569328e-01,  2.8836268232702e-01,  6.9325642481339e-04,  1.2494262559662e-03, -6.4369656895575e-02,  4.8600348053025e-02, -1.9351104139845e-01, -1.5349105144958e-02, -5.7563404441317e+00,  9.0207428300000e-01,  9.0549500000000e-01,               600000
  4.8044141505206e+00,  1.1148783612387e+00,  9.6727161861341e-01,  5.2258035011588e-01,  2.6389699289064e-01,  6.6319553789542e-04, -3.2231639876839e-04, -7.6005415724399e-02,  3.2838034925843e-02, -1.7321242634118e-01, -6.7614734848646e-02, -5.4267667809898e+00,  9.3480651900000e-01,  9.0156166666667e-01,               600000
  4.7989414959745e+00,  1.1112818763358e+00,  9.7842550904903e-01,  5.2376032191727e-01,  2.5300405240493e-01,  6.4936385846063e-04, -4.0607856558469e-04, -8.8535154895448e-02,  2.5910468687740e-02, -5.1334720343873e-01, -5.2598248647115e-02, -4.9758867918475e+00,  9.8115757400000e-01,  8.9841500000000e-01,               600000
  4.7955851238086e+00,  1.1058857037345e+00,  9.9287941431212e-01,  5.2244109895880e-01,  5.0428778008042e-01,  9.1677676315850e-04,  6.0693541554531e-04, -1.9247858413351e-01, -6.5259857836152e-03, -4.2367597241284e-01,  6.3155731441439e-02, -1.2869185563155e+01,  9.2506630000000e-01,  9.0503500000000e-01,               600000
  4.7906832645116e+00,  1.1015413214112e+00,  1.0013665030630e+00,  5.2243871662954e-01,  5.2454242767506e-01,  9.3500662000782e-04,  1.5697995301589e-03, -1.8109798443108e-01, -3.8961989211599e-02, -1.2535037221360e+00,  5.4904306541435e-02, -1.5018083768834e+01,  9.3309470600000e-01,  9.0417333333333e-01,               600000
  4.7809332932962e+00,  1.1009513932729e+00,  1.0052311710414e+00,  5.2455371189888e-01,  4.0117469695426e-01,  8.1769462204650e-04, -9.6319100635789e-04, -9.4234273986964e-02, -4.4038884468191e-02, -9.8157647181451e-01,  1.0326470814479e-02, -8.8474128948881e+00,  9.8104326900000e-01,  8.9779333333333e-01,               600000
  4.7757896746119e+00,  1.1041930347539e+00,  1.0082678501970e+00,  5.2547986515555e-01,  2.6202617377185e-01,  6.6084059319911e-04, -2.2170834138490e-03, -4.9764772987165e-02, -1.7942559956910e-02, -6.9748039455257e-01, -3.5639796953781e-02, -4.1516145388513e+00,  8.1902237800000e-01,  9.0036000000000e-01,               600000
  4.7792393847787e+00,  1.1087038973770e+00,  1.0140977489905e+00,  5.2031711965208e-01,  4.0725912439558e-01,  8.2387208189497e-04,  2.2399838732604e-03, -1.3020432448232e-01,  1.9706594201706e-02, -2.6951824466698e-01,  7.8674353417689e-02, -1.0224467753772e+01,  8.2890018300000e-01,  9.0456166666667e-01,               600000
  4.7746672139644e+00,  1.1111107836053e+00,  1.0133424502982e+00,  5.2105385279847e-01,  3.8476063243528e-01,  8.0079193347927e-04,  4.3898128128293e-04, -1.3694934042648e-01,  3.1105514242943e-02, -1.9668567238849e-01,  6.5307133248411e-02, -7.8922903353524e+00,  8.3311774900000e-01,  9.0391333333333e-01,               600000
  4.7692006531136e+00,  1.1105950109320e+00,  1.0076842094381e+00,  5.2271119424356e-01,  3.7745310437810e-01,  7.9315099905177e-04,  6.0877785602593e-04, -1.7376118817727e-01,  1.6184162625437e-02, -2.8133318492884e-01,  1.3607530057257e-02, -9.7619521355760e+00,  8.2325651200000e-01,  9.0774166666667e-01,               600000
  4.7623735530140e+00,  1.1087175772459e+00,  1.0018254507561e+00,  5.1998905037328e-01,  3.8991082646817e-01,  8.0613359776587e-04,  1.6815876043214e-03, -2.0051775873940e-01,  1.3073326144141e-03, -5.8536644662032e-01,  5.4667686970457e-02, -8.3600003364206e+00,  8.2758577800000e-01,  9.0352666666667e-01,               600000
  4.7506216806527e+00,  1.1069207931444e+00,  9.9238875910430e-01,  5.2320516900715e-01,  4.3826718844480e-01,  8.5466093515187e-04, -8.1734883155474e-04, -2.0992510584693e-01, -2.6395010176905e-02, -9.0333754692743e-01,  1.2762348927550e-03, -1.1737110027179e+01,  8.2927333200000e-01,  9.1352166666667e-01,               600000
  4.7432884468992e+00,  1.1076908778060e+00,  9.8419271700906e-01,  5.2110844581069e-01,  3.4137412890534e-01,  7.5429230508397e-04, -1.7905440762377e-03, -8.8799807687601e-02, -2.0315227570491e-02, -8.0023721034695e-01,  1.1666037463169e-02, -6.0236987550316e+00,  8.5117475600000e-01,  9.1386166666667e-01,               600000
  4.7432555678369e+00,  1.1102567554742e+00,  9.7602021354097e-01,  5.2247889775973e-01,  2.8569318467131e-01,  6.9004007694157e-04, -1.3645734728614e-03, -9.1828214907138e-02,  1.2858412731772e-02, -4.6057851587047e-01, -3.2490035944596e-02, -5.0070100517396e+00,  8.7682869700000e-01,  9.0837500000000e-01,               600000
  4.7482325255852e+00,  1.1114386469121e+00,  9.7156992450857e-01,  5.2213059362856e-01,  2.5047303365134e-01,  6.4610761958482e-04, -2.6502582750328e-03, -3.3683339515251e-02,  2.6032460152880e-02, -2.2669039888885e-01, -5.3575449201164e-02, -4.5402159080581e+00,  8.2389822600000e-01,  9.0900000000000e-01,               600000
  4.7618340727132e+00,  1.1101355390371e+00,  9.7227364495436e-01,  5.2260220587508e-01,  3.0365325864332e-01,  7.1139915968852e-04, -1.8375435937684e-03, -3.9574418759543e-02,  1.3519854496224e-02, -4.5360884545860e-01, -3.0693193052782e-02, -6.1864385713488e+00,  8.6403771100000e-01,  9.0887500000000e-01,               600000
  4.7803827928339e+00,  1.1077238208309e+00,  9.7577930639959e-01,  5.2067097687313e-01,  3.0967941425261e-01,  7.1842352208686e-04,  1.3772848208882e-03, -1.2304081897400e-01,  4.7571624189760e-03, -6.4102285830975e-01, -1.0894698164556e-02, -5.8684351621248e+00,  8.2141925300000e-01,  9.1302666666667e-01,               600000
  4.7925686886447e+00,  1.1051194880465e+00,  9.8014623274196e-01,  5.2249891866968e-01,  3.9489960835551e-01,  8.1127431484415e-04, -1.0892857007614e-03, -9.4970795399064e-02, -2.6174012227723e-02, -1.0675005397916e+00,  4.0745768621197e-04, -9.0962804887296e+00,  8.3143457500000e-01,  9.0151500000000e-01,               600000
  4.8075005518853e+00,  1.1052677005800e+00,  9.8446998025839e-01,  5.2312815872284e-01,  3.0464550382338e-01,  7.1256052821658e-04, -1.3082048627405e-03, -1.0030241990500e-01, -1.5895528622096e-02, -8.4017670868141e-01, -3.4553174818157e-02, -5.8087203098420e+00,  8.2634473200000e-01,  9.0534666666667e-01,               600000
  4.8256480633978e+00,  1.1069467219958e+00,  9.9163458231659e-01,  5.2245180312422e-01,  3.3212235852402e-01,  7.4400084960079e-04, -6.3212032461395e-04, -2.3300909524689e-02, -1.8677607930217e-04, -4.6289923123905e-01,  8.5989365534558e-03, -6.5472029911206e+00,  8.1165825500000e-01,  9.0645000000000e-01,               600000
  4.8443379151775e+00,  1.1085111822179e+00,  9.9767278635852e-01,  5.2106495573284e-01,  4.6915400359260e-01,  8.8426429268687e-04,  3.4732645430254e-03, -2.1097267706780e-01,  1.0054558919907e-02, -2.2641865220929e-01,  6.6542521365384e-02, -1.2505036930426e+01,  8.2102463100000e-01,  8.9956333333333e-01,               600000
  4.8492378978565e+00,  1.1089735941879e+00,  9.9782440261521e-01,  5.1924644132140e-01,  3.3414963387607e-01,  7.4626808618627e-04,  2.7843360189790e-03, -1.2140466730689e-01, -4.5510067007164e-03, -1.2088886424123e+00,  4.5047367881417e-02, -5.6655177488821e+00,  8.3904282800000e-01,  9.0374833333333e-01,               600000
  4.8446137275539e+00,  1.1098940663628e+00,  9.9425311493113e-01,  5.2403974412584e-01,  2.5417081382609e-01,  6.5085944953077e-04,  6.7369254057614e-04, -5.4183147831835e-02,  2.0174046671249e-02, -2.6054475496910e-01, -2.1145911040890e-02, -4.4023703213714e+00,  8.3377451800000e-01,  9.0977500000000e-01,               600000
  4.8382845535472e+00,  1.1087676105345e+00,  9.9308166955122e-01,  5.2004690779883e-01,  4.8725176137735e-01,  9.0115829295537e-04,  3.2510113397456e-03, -2.5912914039809e-01,  1.0772405410203e-02, -3.7901754125781e-01,  7.1549145828447e-02, -1.3326621311568e+01,  8.4702285500000e-01,  9.0841500000000e-01,               600000
  4.8226890257206e+00,  1.1067021128823e+00,  9.8630670304647e-01,  5.2192736397370e-01,  4.6417707221835e-01,  8.7956151217368e-04,  2.5384194798631e-03, -2.5230628240749e-01, -8.4886263248730e-03, -7.2771447851336e-01,  5.7054861909294e-02, -1.1331478470962e+01,  8.3021511300000e-01,  9.0458666666667e-01,               600000
  4.8011398894730e+00,  1.1057082202266e+00,  9.7566187652486e-01,  5.2290497851411e-01,  2.6072185647821e-01,  6.5919377080164e-04,  1.5743446814962e-04, -7.1715588371182e-02, -1.0145002928777e-02, -6.0730015202032e-01, -5.4582177208698e-02, -4.5084712234190e+00,  8.2962306900000e-01,  9.0041166666667e-01,               600000
  4.7811987447553e+00,  1.1058534130793e+00,  9.7110271245929e-01,  5.2009783268361e-01,  5.3456343421398e-01,  9.4389568121870e-04,  2.2044073512342e-03, -1.7367375671890e-01, -5.5402861106065e-05, -3.1111760019570e-01,  4.1495683296927e-02, -1.6247607946578e+01,  8.1928748500000e-01,  8.9978166666667e-01,               600000
  4.7566277384377e+00,  1.1060064375963e+00,  9.6401579827375e-01,  5.2135806092211e-01,  4.7189184861124e-01,  8.8684069276960e-04, -1.6519386231224e-03, -1.2545957082189e-01, -3.1207649707225e-02, -1.2081990673905e+00,  3.2243975202023e-02, -1.0874919821855e+01,  8.2533987100000e-01,  9.0433000000000e-01,               600000
  4.7400040913899e+00,  1.1093717263608e+00,  9.5520466932526e-01,  5.2180164936099e-01,  2.4370460376747e-01,  6.3731808354420e-04, -1.7349166280363e-03, -8.3410533221446e-02,  9.2337432747745e-03, -3.3875941861333e-01, -9.5729530002322e-02, -4.4775697061225e+00,  8.0889560000000e-01,  9.0632000000000e-01,               600000
  4.7307149998073e+00,  1.1114969161121e+00,  9.5601125752240e-01,  5.2393883706823e-01,  2.4375601974640e-01,  6.3738530961316e-04, -1.9357223333958e-03, -6.0555585648029e-02,  8.1371394983679e-03, -4.8750512294977e-01, -1.1240040521393e-01, -4.7127022424997e+00,  8.2932105100000e-01,  9.0773500000000e-01,               600000
  4.7286036063909e+00,  1.1126111515888e+00,  9.6657643465524e-01,  5.2430171977735e-01,  2.1167083548211e-01,  5.9395683833383e-04, -2.3109080670188e-03, -4.8490724442236e-02,  2.3731597895960e-02, -3.5285541016448e-01, -9.3155882348700e-02, -3.5256808930080e+00,  8.1204523900000e-01,  9.0879666666667e-01,               600000
  4.7340336142861e+00,  1.1111802640040e+00,  9.8401775746510e-01,  5.2318785832381e-01,  2.3384434101281e-01,  6.2429205373342e-04, -1.3381924983412e-03, -6.6149806242195e-02,  2.6316042538281e-02, -2.4735707941452e-01, -4.9947021116338e-02, -3.8373544997196e+00,  7.8852178600000e-01,  8.9929333333333e-01,               600000
  4.7432326994879e+00,  1.1071588149951e+00,  1.0041468233830e+00,  5.2416405505498e-01,  2.5523596698164e-01,  6.5222180146230e-04, -1.0726419422748e-03, -1.0168596040899e-01, -3.5461465808123e-03, -4.8806422124828e-01, -2.7722489110675e-02, -4.1361090426728e+00,  8.4961969200000e-01,  9.0481166666667e-01,               600000
  4.7550805256794e+00,  1.1039103779208e+00,  1.0249069444166e+00,  5.2321312467882e-01,  3.9337799162628e-01,  8.0970981594877e-04, -1.7576814884321e-03, -7.0359915302932e-02, -2.0789165037719e-02, -6.1749754215964e-01,  6.8071048325517e-02, -7.2713854697258e+00,  8.3860309000000e-01,  9.0356333333333e-01,               600000
  4.7713564313590e+00,  1.1031952820876e+00,  1.0380659117226e+00,  5.2223728846474e-01,  5.6615168760206e-01,  9.7138362452917e-04,  6.0447128584607e-04, -1.7911110934274e-01, -2.2284509852744e-02, -6.9136649446606e-01,  1.6206257737334e-01, -1.2663532795379e+01,  8.2274011000000e-01,  8.9938833333333e-01,               600000
  4.7844704374936e+00,  1.1049486196979e+00,  1.0366862962788e+00,  5.2630151715294e-01,  4.1006068119143e-01,  8.2670095479102e-04, -1.3522013114142e-03, -8.1678807805178e-02, -3.4337093012439e-02, -1.0337822074006e+00,  5.5362914889325e-02, -8.0596533191416e+00,  8.6958149200000e-01,  9.0545666666667e-01,               600000
  4.8007044529759e+00,  1.1102405606121e+00,  1.0312346396966e+00,  5.2682754539392e-01,  3.0813202348488e-01,  7.1662638276496e-04,  8.3687421486768e-04, -1.1836012119262e-01,  1.9118484320263e-02, -2.9299670974488e-01,  2.5639573048345e-02, -5.5736328052302e+00,  9.2458339000000e-01,  9.0260166666667e-01,               600000
  4.8129157333812e+00,  1.1130005561229e+00,  1.0244141490795e+00,  5.1986122938319e-01,  3.6770811516907e-01,  7.8284536060139e-04,  1.7072248961777e-03, -1.2120209078539e-01,  4.2727599690609e-02, -1.4396644476352e-01,  7.4850607211176e-02, -7.8129873126889e+00,  9.5663758600000e-01,  9.0398333333333e-01,               600000
  4.8186575025520e+00,  1.1109164781134e+00,  1.0124566477508e+00,  5.2399976760172e-01,  2.7032983883467e-01,  6.7123001377405e-04,  1.1589696104459e-03, -7.5911798287053e-02,  2.4035863885862e-02, -3.0715862532115e-01,  5.2916809925773e-04, -4.6173472708568e+00,  9.1673305700000e-01,  9.0969500000000e-01,               600000
  4.8202627900182e+00,  1.1064592943039e+00,  1.0017684708603e+00,  5.1902387691692e-01,  8.9215713697705e-01,  1.2193968023693e-03,  6.2265495516777e-03, -5.6700921724725e-01, -7.1043579140551e-03, -5.8525287024380e-01,  1.7199948126805e-01, -3.3861600213344e+01,  9.1949097200000e-01,  9.0799500000000e-01,               600000
  4.8041282314503e+00,  1.1032232315561e+00,  9.8011044183308e-01,  5.1938141437078e-01,  3.6713579621178e-01,  7.8223589388771e-04, -3.6783797555843e-04, -1.0287704596196e-01, -1.2626295777712e-03, -4.6953085110040e-01,  1.6038726938882e-02, -7.7525306691123e+00,  9.3190425300000e-01,  9.0400666666667e-01,               600000
  4.7907556840726e+00,  1.1004547063865e+00,  9.5951522100425e-01,  5.2295186587155e-01,  3.5220403631139e-01,  7.6616364256316e-04, -1.6655364134572e-03, -9.7503078885045e-02, -5.6517159462971e-02, -1.1563400062967e+00, -3.4091414438881e-02, -6.4876352066289e+00,  8.7545735700000e-01,  9.0963500000000e-01,               600000
  4.7837910775271e+00,  1.1041804504236e+00,  9.4391456064559e-01,  5.2145499554672e-01,  3.0704094773281e-01,  7.1535649356668e-04, -3.2952876136509e-04, -5.4989884038112e-02, -1.2117848350746e-02, -5.1769535565101e-01, -7.0155182859680e-02, -6.5601064642535e+00,  9.5819071700000e-01,  9.0225333333333e-01,               600000
  4.7785459012070e+00,  1.1089078952746e+00,  9.3582189650231e-01,  5.2198198171440e-01,  4.1439820067425e-01,  8.3106177134459e-04, -5.5247360024827e-04, -1.5863785865183e-01,  3.3340670054638e-03, -3.9349792131406e-01, -1.8009152296996e-02, -1.0617121964740e+01,  9.2679230900000e-01,  9.0536666666667e-01,               600000
  4.7756890262333e+00,  1.1128445493058e+00,  9.3038538719179e-01,  5.2002701007765e-01,  3.5063926494328e-01,  7.6445979286387e-04, -1.3300536153318e-03, -9.5566499421564e-02,  3.3171219499503e-02, -4.2977499225721e-01, -6.5032254275186e-02, -9.1969581665037e+00,  1.0842683800000e+00,  9.0363500000000e-01,               600000
  4.7772426179053e+00,  1.1127588160318e+00,  9.3112692259149e-01,  5.2383594797922e-01,  2.5800470588127e-01,  6.5574983273765e-04, -1.3340961682414e-03, -6.9740882897198e-02,  3.6600684549485e-02, -1.7387232231888e-01, -1.3127067737198e-01, -5.5741211712819e+00,  9.1763257800000e-01,  9.0800666666667e-01,               600000
  4.7827554574170e+00,  1.1086404825481e+00,  9.4236812582444e-01,  5.2336860026612e-01,  2.9631988032801e-01,  7.0275633559105e-04,  1.2563609008740e-03, -1.2693066464624e-01,  6.9671361001831e-03, -4.9313695401821e-01, -6.1749701122429e-02, -5.6807282531393e+00,  9.1323036000000e-01,  9.0234166666667e-01,               600000
  4.7841382527917e+00,  1.1041630412031e+00,  9.5758287108558e-01,  5.2231032752885e-01,  2.8960942914368e-01,  6.9475346843764e-04, -5.6118040561376e-04, -8.4001138557736e-02, -1.7284930879693e-02, -7.6045901202438e-01, -5.6639174232484e-02, -5.1296909091025e+00,  9.4110232800000e-01,  9.1251833333333e-01,               600000
  4.7872163011051e+00,  1.1020895495865e+00,  9.7596515936592e-01,  5.2490914591535e-01,  4.0816444234592e-01,  8.2478728807890e-04, -1.4024004377174e-03, -1.5727009560337e-01, -4.3759328132859e-02, -8.5451915030887e-01, -3.1654897091851e-02, -1.1217248442148e+01,  8.2285343800000e-01,  9.0429500000000e-01,               600000
  4.7944807192374e+00,  1.1051694315989e+00,  9.9553139840520e-01,  5.1872641269640e-01,  3.2470859418117e-01,  7.3565004608302e-04,  8.8815766355265e-04, -1.0139997224290e-01,  1.0389538733965e-02, -2.7965933912436e-01,  4.0493704214978e-02, -6.0454221270911e+00,  8.1267833500000e-01,  9.0526000000000e-01,               600000
  4.7984971556883e+00,  1.1068032639640e+00,  1.0102250131915e+00,  5.2327949085264e-01,  2.6710030040187e-01,  6.6720848865737e-04,  1.1639471148067e-03, -9.7553478220905e-02,  1.1035266356747e-02, -3.4687417989089e-01, -1.3652032120593e-03, -4.5942886586608e+00,  9.1504908600000e-01,  9.0916000000000e-01,               600000
  4.7987160184299e+00,  1.1070522758699e+00,  1.0238214507427e+00,  5.2310174229737e-01,  3.2977018806423e-01,  7.4136157177659e-04, -1.3326121535946e-04, -5.7545287919002e-02,  5.3121499246785e-03, -4.6675121391551e-01,  5.6093549906556e-02, -5.6528710465542e+00,  8.5780363000000e-01,  9.0092833333333e-01,               600000
  4.7994121539669e+00,  1.1066993602173e+00,  1.0318030245730e+00,  5.2307408068649e-01,  3.9520964284035e-01,  8.1159271686435e-04,  1.2767108167962e-03, -1.6338728018365e-01, -1.1895816024947e-02, -4.5627678160230e-01,  9.0121594346913e-02, -7.4925105075173e+00,  8.5065096900000e-01,  9.0689500000000e-01,               600000
  4.7963576744356e+00,  1.1077680618960e+00,  1.0320535346229e+00,  5.2593624935431e-01,  3.3145953250960e-01,  7.4325806701486e-04,  7.7366591578066e-04, -1.3731208401245e-01,  9.2925761820886e-04, -8.3942650594784e-01,  4.8455545954858e-02, -5.5628882187770e+00,  8.3939582100000e-01,  9.0485166666667e-01,               600000
  4.7914129545875e+00,  1.1086767855779e+00,  1.0286239469914e+00,  5.2095747649111e-01,  5.7125333303121e-01,  9.7575042320532e-04,  9.6614460475961e-04, -2.3974059995297e-01,  7.9477026407772e-03, -6.3637829002922e-01,  1.3537595124170e-01, -1.4808288622203e+01,  8.8533508200000e-01,  8.9857333333333e-01,               600000
  4.7843132306691e+00,  1.1086157616559e+00,  1.0155306275803e+00,  5.2096744674641e-01,  3.5900032154581e-01,  7.7352043880108e-04,  3.2854651631189e-03, -1.5700159241021e-01,  6.8772746605548e-03, -4.3274335806313e-01,  8.2156509547220e-02, -6.6438572857560e+00,  8.2978175500000e-01,  8.9917000000000e-01,               600000
  4.7682205217800e+00,  1.1077850093527e+00,  9.9760271229359e-01,  5.2218162309851e-01,  4.4632646584281e-01,  8.6248330016955e-04, -5.7893857691346e-04, -1.1622164601000e-01, -6.6506015504745e-03, -5.2464308221904e-01,  5.2578662139001e-02, -1.0403015006036e+01,  8.1323480000000e-01,  9.0624833333333e-01,               600000
  4.7556256990998e+00,  1.1078425143492e+00,  9.7770429484655e-01,  5.2068311565473e-01,  2.5519228699590e-01,  6.5216598985726e-04, -1.0684880129903e-03, -6.9507554686836e-02,  1.6655944749498e-02, -3.1314049390893e-01, -2.8989896062593e-02, -4.3072439601878e+00,  8.1661479400000e-01,  9.0404833333333e-01,               600000
  4.7476565338490e+00,  1.1059538809981e+00,  9.6217782715076e-01,  5.2399413523246e-01,  2.4261385975048e-01,  6.3589026798456e-04, -8.5136011638851e-04, -6.9634239530256e-02, -3.1051069435222e-03, -5.3070049697342e-01, -8.5606000851010e-02, -4.3192790951888e+00,  8.3660485000000e-01,  9.0560500000000e-01,               600000
  4.7431982764268e+00,  1.1046434158509e+00,  9.5516487018952e-01,  5.2444224664739e-01,  2.0596929783517e-01,  5.8590286145283e-04, -7.0453345022386e-04, -6.4321653447270e-02, -1.8041363074806e-02, -9.7816036979371e-01, -1.3473518353883e-01, -2.7677028427129e+00,  8.0533075300000e-01,  9.1367166666667e-01,               600000
  4.7414575142152e+00,  1.1056598779604e+00,  9.5945902569482e-01,  5.2531727731332e-01,  2.1476919397951e-01,  5.9828810504014e-04, -1.5165509870742e-03, -6.0179519698714e-02, -1.5063369222503e-02, -5.7419328812198e-01, -1.0983332088548e-01, -2.8905332982071e+00,  9.4171265700000e-01,  8.9977666666667e-01,               600000
  4.7446976377728e+00,  1.1084108236525e+00,  9.7177008654083e-01,  5.2441188762841e-01,  2.3044678868489e-01,  6.1974025296206e-04, -2.6000514485846e-03, -5.1266079142469e-02, -4.8525549097663e-03, -5.6279227111284e-01, -6.6193740130646e-02, -3.3519779428365e+00,  8.8995065600000e-01,  8.9913166666667e-01,               600000
  4.7556786919998e+00,  1.1115155849627e+00,  9.8801943338127e-01,  5.2072847565376e-01,  4.2335381941874e-01,  8.3999386844859e-04,  7.4132962275917e-04, -1.0331465197985e-01, -4.9746966657946e-04, -5.8576669170318e-01,  7.4057361329394e-02, -9.0503200516275e+00,  9.2389051200000e-01,  8.9728333333333e-01,               600000
  4.7634701759142e+00,  1.1144199625920e+00,  9.9733741886985e-01,  5.2356458956135e-01,  3.5376303600980e-01,  7.6785744771822e-04, -6.8891043101338e-04, -1.0404458803560e-01,  3.5795855796118e-02, -1.8828381314175e-01,  1.2850313902486e-02, -7.8140589820876e+00,  8.4738399200000e-01,  9.1371166666667e-01,               600000
  4.7728138201618e+00,  1.1127260794564e+00,  1.0050819371026e+00,  5.1900263224220e-01,  5.3957687910641e-01,  9.4831155139579e-04,  2.9584528657931e-03, -2.3384914451869e-01,  2.8431281563184e-02, -2.5295675753443e-01,  1.2778167195072e-01, -1.4010507473791e+01,  8.3514959600000e-01,  8.9299666666667e-01,               600000
  4.7723979828022e+00,  1.1077698833847e+00,  1.0028319668483e+00,  5.2195904382662e-01,  2.9120335589334e-01,  6.9666270640024e-04, -1.6104722734134e-03, -7.1430937534824e-02, -2.0713125778280e-02, -8.7795622331387e-01,  1.6678964402312e-02, -4.3098132920619e+00,  8.5745970500000e-01,  9.0596833333333e-01,               600000
  4.7770834662546e+00,  1.1058634806919e+00,  9.9969321487170e-01,  5.2322084431057e-01,  3.6397454305855e-01,  7.7886085948064e-04, -6.1007953791011e-04, -7.4644235885292e-02,  3.9925757446486e-04, -4.3988579800679e-01,  3.5992606682086e-02, -7.5114770888365e+00,  8.1482946200000e-01,  9.0664333333333e-01,               600000
  4.7833168303895e+00,  1.1041170672639e+00,  9.9439785555888e-01,  5.1982372198251e-01,  4.0882380120871e-01,  8.2545321006979e-04,  2.6303562575298e-03, -2.1668555949705e-01, -1.0131063050633e-03, -5.2399555652574e-01,  4.8687699876713e-02, -8.9105982380552e+00,  8.3541878600000e-01,  9.0443333333333e-01,               600000
  4.7811574094906e+00,  1.1026939312298e+00,  9.8623495006909e-01,  5.2304993412989e-01,  3.3396232184575e-01,  7.4605889160503e-04,  2.8705605880633e-04, -1.5744584502753e-01, -1.9992942551884e-02, -5.9818731430506e-01, -6.5142210087492e-03, -6.4422026665559e+00,  8.1166354100000e-01,  9.1012000000000e-01,               600000
  4.7785626932344e+00,  1.1039092499177e+00,  9.7960083993510e-01,  5.2322348255571e-01,  3.1484278675261e-01,  7.2438800233094e-04, -1.0767794496497e-03, -6.4047071165813e-02, -2.6665557148825e-02, -7.6967699358786e-01, -1.9963356836451e-02, -5.3840176543721e+00,  8.5884218400000e-01,  9.0653833333333e-01,               600000
  4.7796454330385e+00,  1.1083490955644e+00,  9.7535347019183e-01,  5.2151170688739e-01,  2.9019269995140e-01,  6.9545273018300e-04,  1.3684325633790e-03, -1.3520512445822e-01,  1.8659031645364e-02, -5.9382609503569e-01, -1.9440151209568e-02, -5.5956202029223e+00,  8.4426154300000e-01,  9.1407333333333e-01,               600000
  4.7765974755483e+00,  1.1100823813789e+00,  9.7323881221246e-01,  5.2308639567178e-01,  3.1023707292475e-01,  7.1907008574124e-04, -1.9342333894362e-04, -1.0078499678783e-01, -5.0766085669822e-03, -7.0689862352283e-01, -4.0646279074230e-02, -6.6437541377883e+00,  8.1369377500000e-01,  9.0751666666667e-01,               600000
  4.7745990861471e+00,  1.1123267215480e+00,  9.7474923198882e-01,  5.2264761534257e-01,  2.6653416858558e-01,  6.6650102348706e-04, -7.7255885137918e-04, -5.6788280591211e-02,  1.1477100169916e-02, -3.7655123095231e-01, -4.2417007533199e-02, -4.7640763990425e+00,  8.2325769800000e-01,  9.0370666666667e-01,               600000
  4.7752925858941e+00,  1.1129420695060e+00,  9.7960376630407e-01,  5.2247332383104e-01,  2.8697430408443e-01,  6.9158550216686e-04,  4.7021010023900e-04, -9.0965494278592e-02,  2.2745062464830e-02, -3.4332011381986e-01, -3.9728913822475e-02, -5.9480216226960e+00,  8.0322360400000e-01,  8.9957166666667e-01,               600000
  4.7745886788493e+00,  1.1106619463566e+00,  9.8732172173211e-01,  5.1960147340484e-01,  4.0734070604440e-01,  8.2395459628590e-04,  8.6810267446305e-04, -2.0285814034462e-01,  2.7260249100264e-02, -4.9399457842171e-01,  4.3680262366014e-02, -9.9918378565171e+00,  8.2142204600000e-01,  9.1117833333333e-01,               600000
  4.7715418060072e+00,  1.1052024488577e+00,  9.9125646591838e-01,  5.2056241527751e-01,  3.9041002032364e-01,  8.0664946984801e-04, -3.7602437747717e-04, -1.0778879093493e-01, -3.2541227689262e-02, -1.4384212809849e+00,  6.1930943168695e-02, -7.0338204249665e+00,  8.1610300000000e-01,  9.0326500000000e-01,               600000
  4.7701455699768e+00,  1.1044768302425e+00,  9.9021814300896e-01,  5.2176767875526e-01,  3.2676857085361e-01,  7.3797986744627e-04,  2.0966020179838e-04, -1.0227441812201e-01, -6.4890649957031e-03, -4.6367647277702e-01, -1.0617621943075e-02, -6.6373735914580e+00,  8.0193836200000e-01,  9.0286666666667e-01,               600000
  4.7683801327954e+00,  1.1046722931858e+00,  9.9037758643226e-01,  5.2000739024965e-01,  3.3871644201719e-01,  7.5135038654544e-04, -2.0814510147949e-05, -9.9670941002737e-02,  4.6414520248206e-04, -3.8233221746048e-01,  3.3168662444908e-02, -6.2637347798056e+00,  8.0415367600000e-01,  8.9899333333333e-01,               600000
  4.7670091131508e+00,  1.1048142802943e+00,  9.8814640833242e-01,  5.2115730324795e-01,  3.5269964125412e-01,  7.6670250777178e-04, -1.8802635370320e-03, -5.2290135673819e-02, -1.6294700885626e-02, -7.5461707468467e-01,  2.2998312839155e-02, -6.7293346881887e+00,  7.9162827600000e-01,  9.0623166666667e-01,               600000
  4.7718419367831e+00,  1.1070725168754e+00,  9.8457102611504e-01,  5.2468320356982e-01,  2.9646263624515e-01,  7.0292559616358e-04, -2.3249060208827e-03, -6.4610873834712e-02, -1.2087467822165e-02, -5.3974662693831e-01, -3.0398127285587e-02, -5.2571329175940e+00,  7.9222290900000e-01,  9.0055000000000e-01,               600000
  4.7836230804142e+00,  1.1106984719954e+00,  9.8397367431900e-01,  5.2421784106807e-01,  2.5715651928343e-01,  6.5467106153068e-04,  5.1232879301421e-06, -7.9378041604905e-02,  2.1403591691780e-02, -3.9804019476091e-01, -3.8306242240817e-02, -4.2934792915412e+00,  1.1303528200000e+00,  8.9878833333333e-01,               600000
  4.7943838403604e+00,  1.1112434164110e+00,  9.8666585499829e-01,  5.2294040536407e-01,  2.8546826635695e-01,  6.8976839876023e-04, -1.4392068116252e-03, -3.8122512758437e-02,  2.8249992296407e-02, -2.3342728100984e-01, -2.6181301817828e-02, -5.4783114906574e+00,  9.6967891900000e-01,  9.0833000000000e-01,               600000
  4.8087109537867e+00,  1.1081067918089e+00,  9.9141553078341e-01,  5.2010701729253e-01,  7.1099488361980e-01,  1.0885731361281e-03, -6.9136454841438e-04, -4.8241293760852e-02, -6.2790345691366e-03, -4.4167248784567e-01,  1.2210622032852e-01, -2.1307458442906e+01,  1.1172315190000e+00,  9.1146500000000e-01,               600000
  4.8239335686745e+00,  1.1061134846667e+00,  9.8680103073533e-01,  5.2118018477841e-01,  3.3747585009712e-01,  7.4997316629455e-04, -1.0089283693858e-03, -2.7943050186961e-02, -9.8952266905383e-03, -5.8014460181158e-01,  2.1136064442567e-02, -6.0948414270733e+00,  8.4553310500000e-01,  9.0540500000000e-01,               600000
  4.8409403811596e+00,  1.1056367515596e+00,  9.8118927390120e-01,  5.2128193972021e-01,  2.9739873533745e-01,  7.0403448700739e-04,  2.0629045051770e-03, -8.5734729662547e-02, -1.0050385520079e-02, -6.1270813461937e-01,  8.3464626548357e-03, -4.9634859677286e+00,  8.8736519400000e-01,  9.0902000000000e-01,               600000
  4.8497595410421e+00,  1.1065583213267e+00,  9.7564724442963e-01,  5.1963782522152e-01,  4.6151246400582e-01,  8.7703331750264e-04,  2.1792407036276e-03, -1.9216605892736e-01,  1.4683762050095e-03, -3.2919557771107e-01,  5.9373892916746e-02, -1.1347575635301e+01,  8.6669682000000e-01,  9.1786333333333e-01,               600000
  4.8510486771577e+00,  1.1072203496079e+00,  9.6634977823636e-01,  5.1963022761235e-01,  6.8837483542687e-01,  1.0711168901563e-03,  2.0781676812049e-03, -1.5283880449964e-01, -1.8456912710754e-03, -2.7403946365321e-01,  7.8087413830121e-02, -2.4040076770108e+01,  8.2205407600000e-01,  9.0983166666667e-01,               600000
  4.8458594545034e+00,  1.1080798802937e+00,  9.5269393223678e-01,  5.2198047380881e-01,  2.9508646761058e-01,  7.0129222108260e-04,  1.7185468251213e-03, -1.0463350462420e-01, -2.8153238654728e-05, -6.3842098936171e-01, -6.9876430062927e-02, -6.2626245838800e+00,  8.1077220800000e-01,  9.0057500000000e-01,               600000
  4.8359114303982e+00,  1.1089027158180e+00,  9.4626219525716e-01,  5.2248648517579e-01,  2.0395177326811e-01,  5.8302626194154e-04,  3.4356802951250e-04, -4.5635475947944e-02,  1.9920775928875e-02, -2.9719645523049e-01, -9.6283745587963e-02, -2.9677002045299e+00,  8.1082248200000e-01,  9.0620333333333e-01,               600000
  4.8259012070536e+00,  1.1070221569794e+00,  9.4828101585788e-01,  5.2157085461991e-01,  2.3240735487339e-01,  6.2237094361453e-04, -6.9944130893063e-04, -4.3405536310491e-02,  2.5252351420632e-03, -4.1517275175475e-01, -8.0374354968009e-02, -3.6085343170230e+00,  8.0087279600000e-01,  8.9762833333333e-01,               600000
  4.8191641865299e+00,  1.1050137447863e+00,  9.5660638847132e-01,  5.2270271134366e-01,  2.9020950205044e-01,  6.9547286317828e-04, -1.7124619260868e-03,  2.3891909404529e-02, -7.8283437620532e-03, -4.6997933909838e-01, -7.1202504964605e-02, -6.0826685429288e+00,  8.4822351300000e-01,  9.0349833333333e-01,               600000
  4.8185299453767e+00,  1.1042775924625e+00,  9.6996268869609e-01,  5.2202288793269e-01,  2.9366762689578e-01,  6.9960420583806e-04,  3.6522880565910e-04, -7.4607443104559e-02, -1.9106052751144e-02, -6.2101045091728e-01, -3.6647113631781e-02, -5.4624738442084e+00,  8.6226713800000e-01,  9.1098833333333e-01,               600000
  4.8169066392869e+00,  1.1062182704279e+00,  9.8513801799849e-01,  5.2090373869080e-01,  3.1015165095381e-01,  7.1897108304601e-04,  7.6941618575093e-04, -8.9093842591946e-02,  3.9021725807907e-03, -5.0309615436211e-01,  1.4982742051080e-02, -5.5449472173153e+00,  1.1064623480000e+00,  9.0866666666667e-01,               600000
  4.8131119555467e+00,  1.1074801911840e+00,  9.9787744400740e-01,  5.1928451573738e-01,  3.8174432123154e-01,  7.9764687386456e-04,  2.5251240141090e-03, -1.4944921724581e-01,  1.6524801767767e-02, -2.8402916389025e-01,  5.0977815717271e-02, -8.3315551151109e+00,  8.4082923000000e-01,  9.0582666666667e-01,               600000
  4.8018910352726e+00,  1.1064052470430e+00,  1.0056282405266e+00,  5.2229676336227e-01,  3.7278024942247e-01,  7.8822611965357e-04, -1.0785509630742e-03, -8.2217331219172e-02, -1.2026015887391e-02, -6.0369259146578e-01,  4.8441677339639e-02, -7.0357163457836e+00,  8.2747230300000e-01,  8.9978833333333e-01,               600000
  4.7953552614394e+00,  1.1071066424623e+00,  1.0090258540550e+00,  5.2176056798435e-01,  3.4379590632280e-01,  7.5696312803509e-04,  7.3506992232574e-04, -1.0721908420249e-01, -2.9127589030320e-03, -3.9271763200863e-01,  4.4704348625395e-02, -6.1213538396642e+00,  9.0985465100000e-01,  9.1016333333333e-01,               600000
  4.7872659777572e+00,  1.1081638874958e+00,  1.0087535147318e+00,  5.2067255702007e-01,  3.8332537839553e-01,  7.9929696024645e-04,  2.4806841595517e-03, -1.7876396808831e-01, -9.2017138759584e-03, -8.8387840984805e-01,  6.9602922887548e-02, -7.7879052501464e+00,  8.0459360600000e-01,  9.0153333333333e-01,               600000
  4.7723884520897e+00,  1.1104373143652e+00,  1.0032453269341e+00,  5.2205597806653e-01,  4.6045434280315e-01,  8.7602734242255e-04, -2.2284567799813e-03, -8.8569889798260e-02,  1.4636558517360e-02, -2.1851901095913e-01,  7.4434062300192e-02, -1.1357433592016e+01,  1.0648596660000e+00,  9.0364666666667e-01,               600000
  4.7662830093733e+00,  1.1104976140425e+00,  9.9278957666074e-01,  5.2133465470129e-01,  3.2158274980787e-01,  7.3210057347319e-04,  8.0735890960048e-04, -9.4228289458882e-02,  2.2290516453170e-02, -2.5435614303914e-01,  2.1019325774558e-02, -6.5095940225549e+00,  1.1045938470000e+00,  9.0451166666667e-01,               600000
  4.7583470185961e+00,  1.1075044228523e+00,  9.8191834543364e-01,  5.2376907954226e-01,  2.9410188350486e-01,  7.0012127938053e-04, -1.3303886535324e-03, -1.0478056184183e-01, -3.7106080495688e-03, -5.4246751267417e-01, -4.8079581355577e-02, -5.7235390724921e+00,  8.8388354600000e-01,  8.9916333333333e-01,               600000
  4.7556120233562e+00,  1.1053497527152e+00,  9.7621857822358e-01,  5.2319587659273e-01,  3.5784769477860e-01,  7.7227768621850e-04, -2.9455948074202e-03, -8.0519358767889e-02, -3.8770865706761e-02, -1.0407127399205e+00, -1.3958220714702e-02, -6.9013551512100e+00,  8.1779885400000e-01,  9.0425500000000e-01,               600000
  4.7626097933521e+00,  1.1088319084751e+00,  9.7247550786415e-01,  5.2203563509835e-01,  3.1452561575670e-01,  7.2402303802745e-04, -1.5926396146565e-04, -1.2021057751379e-01,  1.0114299206187e-02, -6.0988340977763e-01, -2.5271302430703e-02, -6.1990450069790e+00,  8.0057054600000e-01,  9.0868833333333e-01,               600000
  4.7696274917837e+00,  1.1106190856766e+00,  9.7139337909196e-01,  5.2234561574486e-01,  2.6954174119159e-01,  6.7025087491127e-04,  5.3946447275191e-04, -1.1349413039568e-01,  1.0067211502070e-02, -5.3967625802255e-01, -2.1971965738867e-02, -4.2918689560443e+00,  8.0926847400000e-01,  9.0326166666667e-01,               600000
  4.7744290410965e+00,  1.1108720942021e+00,  9.7237526383473e-01,  5.2110798778739e-01,  3.3567754682282e-01,  7.4797231101026e-04, -1.0816485717466e-03, -6.9344279578425e-02,  3.1170577995342e-02, -3.9036292477733e-01,  4.2867050774372e-03, -6.9974775683418e+00,  8.0814294700000e-01,  9.0995666666667e-01,               600000
  4.7823183077415e+00,  1.1067922665601e+00,  9.7319808995888e-01,  5.2307009753616e-01,  2.8619390176608e-01,  6.9064450788868e-04, -1.9676318181664e-03, -5.0629345488656e-02,  3.5952332988221e-03, -5.4544097226911e-01, -5.1817351579156e-02, -5.7008757410491e+00,  8.0592457900000e-01,  9.0228500000000e-01,               600000
  4.7957425905255e+00,  1.1026427979255e+00,  9.7840001907914e-01,  5.2101241405658e-01,  2.8754719197982e-01,  6.9227546537947e-04, -2.1887651572380e-04, -7.2554253120173e-02, -1.1219784819574e-02, -4.9945753408066e-01, -3.2770402594630e-02, -5.0712623734765e+00,  8.2894875300000e-01,  9.0480000000000e-01,               600000
  4.8086835383721e+00,  1.1005021319146e+00,  9.8598169528281e-01,  5.1914456052629e-01,  3.7480815321835e-01,  7.9036716490750e-04,  8.7295220957229e-04, -5.3247469417246e-02, -5.0603856685021e-02, -8.6961098586505e-01,  3.1184005931326e-02, -7.1652889241812e+00,  8.1705511300000e-01,  9.0825166666667e-01,               600000
  4.8176516725280e+00,  1.1057041172090e+00,  9.9056091385360e-01,  5.2426396501524e-01,  3.0422897237750e-01,  7.1207323169449e-04,  9.3717680471936e-04, -1.0986940242662e-01, -1.0905137719883e-02, -7.7588914687195e-01, -2.4879338847171e-02, -5.5578086042969e+00,  8.0619681700000e-01,  9.0237333333333e-01,               600000
  4.8229117274880e+00,  1.1119825356035e+00,  9.9697037113605e-01,  5.2072857803632e-01,  2.6180147388954e-01,  6.6055718133702e-04,  2.6675348530696e-03, -9.1443594264061e-02,  2.6272572561779e-02, -2.9234433454836e-01,  1.5427595415491e-02, -4.2870570560336e+00,  8.1528619700000e-01,  9.0502833333333e-01,               600000
  4.8192552383558e+00,  1.1139790457356e+00,  1.0016622048502e+00,  5.2341345745632e-01,  2.7922036913139e-01,  6.8217833583722e-04,  1.0695435145185e-03, -9.3887256301660e-02,  4.0505033792784e-02, -1.6106476374688e-01, -4.6090724881265e-03, -5.2769177884763e+00,  8.0691141300000e-01,  9.0308166666667e-01,               600000
  4.8126903057491e+00,  1.1101111320498e+00,  1.0065008201900e+00,  5.2250278425965e-01,  2.5961803966594e-01,  6.5779687805322e-04, -4.9544508323347e-05, -6.6096274492701e-02,  2.2097874355922e-02, -2.3650325107066e-01,  1.1411622433051e-03, -4.2022229026313e+00,  8.0504126000000e-01,  9.0661666666667e-01,               600000
  4.8070251854354e+00,  1.1035361308512e+00,  1.0109513267295e+00,  5.1989253876729e-01,  4.8796048051069e-01,  9.0181343276635e-04,  4.7297822723376e-04, -1.1121588927951e-01, -7.6110165999015e-03, -3.5824449810106e-01,  1.0802046723551e-01, -1.1687659985360e+01,  7.9308156500000e-01,  9.0765500000000e-01,               600000
  4.8005665601728e+00,  1.0986957200365e+00,  1.0064879282498e+00,  5.2259973615568e-01,  3.5789398070336e-01,  7.7232762985597e-04, -3.5379188839977e-04, -1.1841585831922e-01, -6.3021800472453e-02, -1.1339581927882e+00,  4.1185325896444e-02, -5.8268641506629e+00,  8.1675760200000e-01,  9.1383833333333e-01,               600000
  4.7960675514361e+00,  1.1032621709388e+00,  9.9929334894793e-01,  5.2206379663790e-01,  4.1517755519099e-01,  8.3184288900308e-04,  5.9643014641605e-04, -1.5315860538358e-01, -2.3187290872089e-02, -8.3117091378745e-01,  3.6655704387600e-02, -9.1485052572544e+00,  8.0593942300000e-01,  9.0720500000000e-01,               600000
  4.7903220677189e+00,  1.1106862359965e+00,  9.9013847942440e-01,  5.2617030359535e-01,  1.9598787696112e-01,  5.7152993062645e-04, -2.1061341365405e-03, -5.8075346713427e-02,  1.7202890706032e-02, -4.0301883289058e-01, -7.7358429440466e-02, -2.6926586335845e+00,  8.1442966000000e-01,  9.0694000000000e-01,               600000
  4.7920601336839e+00,  1.1149984119330e+00,  9.8843671393553e-01,  5.1821131931073e-01,  3.6688117540219e-01,  7.8196459361681e-04,  1.4594688142591e-03, -1.0987640873583e-01,  5.2301540005437e-02, -2.9782137804003e-01,  6.6463205892396e-02, -7.8369641418559e+00,  7.9404648500000e-01,  9.1052500000000e-01,               600000
  4.7890886909342e+00,  1.1115682830232e+00,  9.8172791828727e-01,  5.2394673256125e-01,  3.1168245058482e-01,  7.2074319349869e-04,  7.1655415654728e-04, -1.1410439452222e-01,  2.3931092293644e-02, -3.2083124874918e-01, -1.0479899550573e-02, -6.5557958483784e+00,  1.0073604930000e+00,  8.9522166666667e-01,               600000
  4.7842703493667e+00,  1.1051433824513e+00,  9.7681255961051e-01,  5.1976884277125e-01,  4.3324662441629e-01,  8.4975155625658e-04, -1.5899054115606e-03, -7.3900316231260e-02, -4.5014821127888e-03, -4.6875590964804e-01,  3.0632849383118e-02, -1.1546871166972e+01,  8.1521243800000e-01,  8.9691666666667e-01,               600000
  4.7852034067158e+00,  1.1000071656916e+00,  9.7030513510240e-01,  5.2076348566793e-01,  4.1815502439943e-01,  8.3482036430942e-04,  5.5327706489170e-04, -1.2763730900935e-01, -6.3217253971857e-02, -3.1247775068471e+00, -9.0942359774251e-03, -7.8261415359039e+00,  9.9357775800000e-01,  8.9400666666667e-01,               600000
  4.7844559217801e+00,  1.1044597961402e+00,  9.6551613584288e-01,  5.2585520014290e-01,  2.3251383985568e-01,  6.2251350702305e-04, -1.3040207171004e-03, -6.3941158848401e-02, -1.4441251457231e-02, -7.3981420709870e-01, -1.0771459093477e-01, -3.3748729906008e+00,  9.5079981700000e-01,  9.0567500000000e-01,               600000
  4.7881258777294e+00,  1.1105511282717e+00,  9.7031085647943e-01,  5.2236188984501e-01,  2.4183539523399e-01,  6.3486927162735e-04,  3.8664930479210e-04, -7.9159317831877e-02,  2.6776589783193e-02, -3.4282825047744e-01, -4.2238516907451e-02, -3.9760391154140e+00,  8.0343607900000e-01,  9.0023833333333e-01,               600000
  4.7903076181497e+00,  1.1123132224057e+00,  9.7830555697933e-01,  5.2348916394090e-01,  2.5391474472698e-01,  6.5053150670174e-04, -6.0297501954709e-04, -7.4738068692570e-02,  1.7417846720812e-02, -3.9109653833295e-01, -3.5922898892655e-02, -4.1360457844282e+00,  8.6020711800000e-01,  8.9953166666667e-01,               600000
  4.7943711315301e+00,  1.1114833889847e+00,  9.8867683531804e-01,  5.2046565332337e-01,  3.8671032459848e-01,  8.0281829056402e-04,  1.0633498563096e-03, -1.2858753008563e-01,  1.2177704088674e-02, -4.1663059165989e-01,  6.3658757162414e-02, -8.2914782974079e+00,  8.0936847500000e-01,  9.0944500000000e-01,               600000
  4.7947613753630e+00,  1.1090474315655e+00,  9.9305910382283e-01,  5.2484423076813e-01,  2.9180594251413e-01,  6.9738313538797e-04,  9.8279276646914e-04, -9.7962067127397e-02,  7.3895307125057e-03, -4.5273665512595e-01, -9.0970625147971e-03, -4.9411180771345e+00,  8.3860635000000e-01,  9.0378166666667e-01,               600000
  4.7920466756896e+00,  1.1058351857748e+00,  9.9798172220948e-01,  5.2376764479810e-01,  2.9956839293626e-01,  7.0659794430338e-04, -8.7297518237715e-04, -6.7342015229830e-02, -1.4219378093186e-02, -5.8797800199528e-01, -6.4469706215938e-03, -5.2034147952132e+00,  8.1308659000000e-01,  9.0336666666667e-01,               600000
  4.7925820492004e+00,  1.1049938331161e+00,  1.0031845463179e+00,  5.2107765180892e-01,  4.9814712487777e-01,  9.1117792342089e-04,  3.0190882222123e-03, -2.6612377241978e-01, -1.3270990432722e-02, -6.3178489012208e-01,  9.5660370837949e-02, -1.1918753725359e+01,  8.2431756300000e-01,  9.0477000000000e-01,               600000
  4.7836427547649e+00,  1.1061663148482e+00,  1.0003653700873e+00,  5.2607885404502e-01,  2.7724897605178e-01,  6.7976586171488e-04, -1.1893896338854e-03, -1.0254429378573e-01, -9.3693856629739e-03, -5.4104533467533e-01, -3.1570516191809e-02, -4.6794055040365e+00,  8.3552247600000e-01,  9.1141166666667e-01,               600000
  4.7796410707070e+00,  1.1085996458371e+00,  1.0006573349627e+00,  5.2322392638724e-01,  2.5466382717985e-01,  6.5149037749334e-04, -1.1838054898804e-03, -5.8215752069812e-02,  9.5065022189515e-03, -3.6351528186041e-01, -3.2125587445067e-02, -4.2903917347223e+00,  8.3408306900000e-01,  9.0393500000000e-01,               600000
  4.7800022045947e+00,  1.1094623729690e+00,  1.0037921157381e+00,  5.2236114422637e-01,  3.3726410681078e-01,  7.4973785064157e-04,  1.3545832176855e-04, -6.8554851083063e-02, -9.9875946385255e-03, -8.4353550547704e-01,  4.6717589079296e-02, -5.8083446218347e+00,  8.2681499200000e-01,  9.0688666666667e-01,               600000
  4.7799962747334e+00,  1.1117347561241e+00,  1.0029411609165e+00,  5.2220711592162e-01,  3.7980526036220e-01,  7.9561848097585e-04, -4.9868692456204e-04, -1.1526255454111e-01,  1.5518332634205e-03, -7.6719123152080e-01,  5.1097171456153e-02, -8.0828535093161e+00,  8.1867963200000e-01,  9.0170333333333e-01,               600000
  4.7818215766444e+00,  1.1136183981648e+00,  9.9822093555634e-01,  5.1977216435901e-01,  5.3446175315427e-01,  9.4380590620659e-04, -1.2579184101825e-03,  2.4191110148935e-02,  2.8013434530446e-02, -1.2824432692558e-01,  8.8408252648744e-02, -1.6171695600217e+01,  8.2923568100000e-01,  9.1175666666667e-01,               600000
  4.7875700188956e+00,  1.1112875807216e+00,  9.8725346111823e-01,  5.2304889186613e-01,  3.5284440193735e-01,  7.6685983284360e-04,  2.4188364538643e-04, -1.0529339574078e-01,  7.6563526089706e-03, -8.6415474957466e-01,  2.7200758401089e-03, -7.1641925409690e+00,  8.0424910000000e-01,  9.0191666666667e-01,               600000
  4.7921347082757e+00,  1.1081389928724e+00,  9.7742332620362e-01,  5.1594224624257e-01,  1.6342598240970e+00,  1.6503837049289e-03,  2.8318933562476e-03, -7.3468922841837e-01,  5.9689024034031e-03,  2.8710613225229e-01,  2.7011588005726e-01, -8.3175678748572e+01,  8.2202983200000e-01,  8.9789500000000e-01,               600000
  4.7881196876895e+00,  1.1044100548119e+00,  9.5052370169334e-01,  5.2066999148537e-01,  2.8488819612236e-01,  6.8906723924733e-04,  5.4370165455371e-04, -1.1023684287759e-01,  6.9403626842782e-03, -6.4813052179450e-01, -7.4669791537659e-02, -5.9256194835530e+00,  8.3883540900000e-01,  9.0715666666667e-01,               600000
  4.7828851040105e+00,  1.1000812767682e+00,  9.3260291130060e-01,  5.2113434530077e-01,  5.0742387639924e-01,  9.1962299920424e-04,  5.6903368287239e-04, -2.0874247110312e-01, -4.1901414669995e-02, -9.7134734452665e-01, -3.4524319284545e-02, -1.5661889919655e+01,  8.0724421500000e-01,  9.0692833333333e-01,               600000
  4.7766241533001e+00,  1.1023472849480e+00,  9.1986001755014e-01,  5.2529973264280e-01,  3.0861103867778e-01,  7.1718319216894e-04, -2.0259206730030e-03, -6.5114025580081e-02, -1.9618425535151e-02, -6.7854574655036e-01, -1.4770562365975e-01, -6.9916230086183e+00,  8.1569956800000e-01,  9.0343166666667e-01,               600000
  4.7777919033769e+00,  1.1072953226695e+00,  9.2056513872354e-01,  5.2674154156473e-01,  3.3577125521036e-01,  7.4807670641715e-04, -2.2255008075357e-03, -1.2959908508097e-01, -1.8756746174071e-02, -9.4175672036751e-01, -1.4789376639006e-01, -8.8544988437413e+00,  8.2005938600000e-01,  9.0645166666667e-01,               600000
  4.7863605430884e+00,  1.1145623049326e+00,  9.3309955751710e-01,  5.2467887724668e-01,  2.1577281857035e-01,  5.9968438722708e-04, -1.9340645589740e-04, -9.3573227287051e-02,  3.7632412624333e-02, -1.8205756837017e-01, -1.4052877754740e-01, -4.0980934647629e+00,  8.1275069800000e-01,  9.0580166666667e-01,               600000
  4.7948870877645e+00,  1.1156269153396e+00,  9.5525578972179e-01,  5.2275064109487e-01,  2.8431103238276e-01,  6.8836888412967e-04,  1.7262305722419e-04, -1.2994843850519e-01,  4.6503779213355e-02, -1.5201379855125e-01, -3.8713168537613e-02, -5.6404704422952e+00,  7.9787382800000e-01,  9.0236000000000e-01,               600000
  4.8022290143299e+00,  1.1098331573588e+00,  9.7844657334605e-01,  5.2179159713835e-01,  2.6246159411189e-01,  6.6138943912531e-04, -6.7504653953725e-04, -4.5144765757221e-02,  2.1290880474559e-02, -2.4406819765712e-01, -2.5470097774278e-02, -4.6801137267474e+00,  8.0390470600000e-01,  9.0375833333333e-01,               600000
  4.8111636849214e+00,  1.1015254346667e+00,  1.0015281641638e+00,  5.2274271798285e-01,  5.0246764262025e-01,  9.1512079587001e-04,  1.6553141467681e-03, -2.5309053291021e-01, -4.3404040619028e-02, -1.6284658517324e+00,  5.4995878561609e-02, -1.2785390500492e+01,  8.2411514400000e-01,  9.0355833333333e-01,               600000
  4.8141406378774e+00,  1.1004911522555e+00,  1.0185538659555e+00,  5.2450450142538e-01,  3.4947700982145e-01,  7.6319177343296e-04,  1.2878203905609e-03, -1.1432348993863e-01, -4.9356044570635e-02, -1.2557239407209e+00,  3.8416134818785e-02, -5.6975590642031e+00,  8.1041386900000e-01,  9.1014000000000e-01,               600000
  4.8127422555191e+00,  1.1068046364364e+00,  1.0311409958876e+00,  5.2369849716306e-01,  3.7816281962340e-01,  7.9389631945173e-04,  1.3713361164588e-03, -1.3639524198165e-01,  2.0469377391528e-03, -6.7813526476147e-01,  7.6083582291009e-02, -7.3040985673297e+00,  8.0375562200000e-01,  9.0530333333333e-01,               600000
  4.8071587206050e+00,  1.1122558750020e+00,  1.0368266553264e+00,  5.2688380302145e-01,  3.6822224640339e-01,  7.8339245848147e-04,  7.3661765417230e-04, -1.2381552235608e-01,  3.0514033821653e-02, -2.1489385152799e-01,  5.1870896749186e-02, -7.6178587309899e+00,  8.2016330200000e-01,  9.0242666666667e-01,               600000
  4.7998771490465e+00,  1.1127438993999e+00,  1.0382075194475e+00,  5.2448130969960e-01,  4.6623624801104e-01,  8.8151030246489e-04, -1.1386807439879e-03, -1.2165021208685e-01,  3.4327349310773e-02, -1.7049491827137e-01,  9.3516777901473e-02, -1.1841944009773e+01,  8.0953959600000e-01,  9.0601833333333e-01,               600000
  4.7973107265757e+00,  1.1082039572644e+00,  1.0326427351905e+00,  5.2212932903785e-01,  3.3024037898670e-01,  7.4188990533939e-04,  2.7002903221758e-03, -1.4939257575274e-01,  1.5226265984199e-02, -3.8521314319261e-01,  5.8687167524086e-02, -5.9794378105259e+00,  7.9483776500000e-01,  9.0728833333333e-01,               600000
  4.7863254975041e+00,  1.1019167351779e+00,  1.0233008877881e+00,  5.2555948633081e-01,  2.9352602153709e-01,  6.9943551232058e-04, -1.5799641363375e-03, -8.1980232669576e-02, -3.9957506686000e-02, -8.8699067870986e-01,  5.0091625127763e-03, -4.1473974102633e+00,  8.1883515100000e-01,  9.0252333333333e-01,               600000
  4.7818054439285e+00,  1.1021469690727e+00,  1.0146392881169e+00,  5.2622680823577e-01,  2.8905296382307e-01,  6.9408568614049e-04, -7.8599557508245e-04, -9.5559380983146e-02, -4.5135894162257e-02, -1.1268705274881e+00, -1.0985536652333e-02, -4.0406324096845e+00,  8.6898059700000e-01,  9.0889833333333e-01,               600000
  4.7804928678998e+00,  1.1089922290130e+00,  1.0078385803485e+00,  5.2061185409893e-01,  3.3216974945213e-01,  7.4405392888344e-04,  6.3035325331930e-04, -1.0107021160267e-01,  1.3429771891814e-02, -4.3875250987283e-01,  5.0273792404888e-02, -6.0773723185457e+00,  8.5235358200000e-01,  9.1377000000000e-01,               600000
  4.7773816994899e+00,  1.1132446432230e+00,  9.9801141127793e-01,  5.2091456927947e-01,  3.8854282282001e-01,  8.0471819375896e-04,  9.9718625248828e-04, -1.3451431458617e-01,  2.3011524474853e-02, -2.3720743965881e-01,  6.7920998008906e-02, -8.1016513157461e+00,  8.8023809700000e-01,  8.9621833333333e-01,               600000
  4.7714805756514e+00,  1.1137386954387e+00,  9.8416618349503e-01,  5.2239346928042e-01,  5.0931795762584e-01,  9.2133775712804e-04,  6.1841816973435e-04, -2.5910266612321e-01,  1.5409914641812e-02, -5.8517256168063e-01,  5.6500373648482e-02, -1.4324108917863e+01,  8.8826019900000e-01,  9.0917000000000e-01,               600000
  4.7645238324935e+00,  1.1119740450770e+00,  9.6782326030179e-01,  5.2046232232886e-01,  3.1400056362945e-01,  7.2341846307359e-04, -9.3513192579129e-04, -8.2481016448849e-02,  2.0023150440833e-02, -3.3050654264553e-01, -1.7447192023429e-02, -6.6242697274666e+00,  8.4682620800000e-01,  9.0941000000000e-01,               600000
  4.7615168592542e+00,  1.1074737183548e+00,  9.5470784283649e-01,  5.2194822698382e-01,  4.3823863882690e-01,  8.5463309752090e-04, -1.6025373457435e-03, -1.1307572034541e-01, -1.5350417280488e-02, -1.3798865701071e+00, -1.0883323811057e-02, -1.1922980662289e+01,  8.6720157300000e-01,  9.0047166666667e-01,               600000
  4.7643559283918e+00,  1.1057694134930e+00,  9.4419958239715e-01,  5.2422670231698e-01,  2.4919867454675e-01,  6.4446188734834e-04, -4.0971170145776e-03, -5.2053248504167e-02,  6.6258472199237e-03, -3.4887533104048e-01, -1.1109717460780e-01, -4.7124165765197e+00,  8.6279718200000e-01,  9.0827500000000e-01,               600000
  4.7803869917679e+00,  1.1032814029688e+00,  9.4368600588263e-01,  5.2416101173841e-01,  2.4439033291701e-01,  6.3821408753517e-04, -1.3237925158157e-03, -5.7331711309609e-02, -6.6551064599005e-03, -5.2855240033281e-01, -1.1043196004585e-01, -4.1322405949476e+00,  9.0482207600000e-01,  9.0405666666667e-01,               600000
  4.7992622108397e+00,  1.1020576023107e+00,  9.5198384760557e-01,  5.2286637666460e-01,  2.5815356679069e-01,  6.5593897936558e-04, -1.6359543701498e-03, -6.1637074824291e-02, -2.5126479307391e-02, -8.2976782835041e-01, -9.1905149086118e-02, -4.1194812488143e+00,  9.5353238000000e-01,  9.0918500000000e-01,               600000
  4.8217073052358e+00,  1.1047303799377e+00,  9.6671875092808e-01,  5.2393019991757e-01,  2.7881975858318e-01,  6.8168878356522e-04,  1.3853892396392e-03, -8.7924979632733e-02, -2.9055010881826e-02, -1.6080246927801e+00, -6.4132717066794e-02, -4.1019234934949e+00,  9.8786504900000e-01,  9.0269000000000e-01,               600000
  4.8375182096715e+00,  1.1115539443350e+00,  9.8511266212428e-01,  5.2190849094974e-01,  3.0995870297308e-01,  7.1874740923948e-04, -1.0772832986278e-03, -1.1842053157943e-02,  2.9231823507153e-02, -2.1259514973417e-01,  1.5173414105745e-03, -6.0867320022616e+00,  8.8081677600000e-01,  9.1373500000000e-01,               600000
  4.8553279982883e+00,  1.1133884219958e+00,  1.0018327785933e+00,  5.2107973666105e-01,  2.8776276722465e-01,  6.9253491756090e-04,  1.3436542275433e-03, -7.1394711914792e-02,  3.0198696660106e-02, -2.1152875957412e-01,  2.1489135066435e-02, -5.5199347609937e+00,  8.2440264800000e-01,  9.0022333333333e-01,               600000
  4.8670666451361e+00,  1.1105834313262e+00,  1.0154588082909e+00,  5.2261517938793e-01,  3.0499587950705e-01,  7.1297017177795e-04,  2.3066929482827e-03, -8.3627941231136e-02,  3.0658453814102e-02, -3.6787102905031e-01,  4.1642432827607e-02, -5.4055944588153e+00,  8.7346365600000e-01,  8.9609833333333e-01,               600000
  4.8701715968535e+00,  1.1035418015105e+00,  1.0247012270254e+00,  5.2524474996630e-01,  3.2263213092882e-01,  7.3329408712650e-04,  1.6298576405929e-03, -5.6412425091557e-02, -5.6281046423834e-03, -4.0220723649333e-01,  3.5156559292731e-02, -5.8015432910397e+00,  9.3673789300000e-01,  9.0887500000000e-01,               600000
  4.8677167348270e+00,  1.0980532944676e+00,  1.0305110473546e+00,  5.2686835636464e-01,  2.9490450342301e-01,  7.0107596286353e-04, -6.0626827928750e-04, -6.5996949190784e-02, -6.1306523814142e-02, -1.1306095661145e+00,  3.9615392356308e-03, -4.0871291485119e+00,  8.3684322600000e-01,  9.0714833333333e-01,               600000
  4.8676019378420e+00,  1.1022791194573e+00,  1.0356038173189e+00,  5.2667031851392e-01,  3.4312424992156e-01,  7.5622334655132e-04,  1.5239433284148e-03, -1.4621835287124e-01, -2.2150683041318e-02, -1.0784352325574e+00,  3.3236810553667e-02, -6.1165450725990e+00,  8.4246231600000e-01,  8.9847333333333e-01,               600000
  4.8627321937079e+00,  1.1094426352831e+00,  1.0378224711764e+00,  5.2450491084885e-01,  3.1499292446553e-01,  7.2456069962603e-04,  2.3414129574699e-03, -9.3230418125124e-02,  1.2318876319766e-02, -3.4486805791886e-01,  6.9745343810649e-02, -5.1236249599963e+00,  8.3382664200000e-01,  9.1485500000000e-01,               600000
  4.8508518185765e+00,  1.1141052270184e+00,  1.0345338288711e+00,  5.2539351571896e-01,  3.1867146205797e-01,  7.2877918701754e-04,  2.8179603161461e-03, -1.3793622071512e-01,  3.3525653873676e-02, -2.0578937092847e-01,  4.7160675317237e-02, -5.8304544108841e+00,  8.1586836900000e-01,  9.0074000000000e-01,               600000
  4.8312790944115e+00,  1.1133484379526e+00,  1.0280845292256e+00,  5.2511155955014e-01,  3.1093955700389e-01,  7.1988373714544e-04,  1.7124102805514e-04, -7.4056160956328e-02,  3.4504237635522e-02, -2.9219197293501e-01,  3.1019194092062e-02, -6.0605737753663e+00,  8.0646850200000e-01,  9.1040833333333e-01,               600000
  4.8131779829290e+00,  1.1075759488968e+00,  1.0200577823540e+00,  5.2681414322351e-01,  3.2848294324962e-01,  7.3991321929176e-04,  3.2136819299540e-04, -8.1237469179769e-02,  1.0108447647504e-02, -3.9523457502902e-01,  9.0918881998400e-03, -6.3424338721768e+00,  8.2473687900000e-01,  9.0187500000000e-01,               600000
  4.7959257323187e+00,  1.1008954955401e+00,  1.0123455641288e+00,  5.2374853809910e-01,  2.8883902137429e-01,  6.9382877495614e-04, -9.3752913324446e-04, -7.4703199755133e-02, -2.4033952657579e-02, -7.4513249556862e-01,  1.8260893356121e-03, -4.3924397975347e+00,  8.2259077000000e-01,  8.9444333333333e-01,               600000
  4.7835681499073e+00,  1.0985057549712e+00,  1.0054151554781e+00,  5.2679609403013e-01,  2.7503525861912e-01,  6.7704659935527e-04, -8.4515872115876e-06, -8.4424711439922e-02, -4.7080895380784e-02, -1.2323808343156e+00, -5.6485967953002e-02, -3.8277448086342e+00,  8.2307798600000e-01,  9.0067500000000e-01,               600000
  4.7725828358139e+00,  1.1034363376934e+00,  1.0038125664827e+00,  5.2243765649885e-01,  3.7673120325756e-01,  7.9239216222941e-04, -9.5216482781244e-04, -6.7927780773355e-02, -9.8219169334193e-03, -4.4473639494621e-01,  2.7172748735584e-02, -8.3218749311808e+00,  8.3463185100000e-01,  9.0889833333333e-01,               600000
  4.7659256135240e+00,  1.1093783495431e+00,  1.0005354269361e+00,  5.1868357350698e-01,  4.0708477176452e-01,  8.2369570813956e-04, -5.0047222869049e-04, -7.1486437681563e-02,  1.0607859987430e-02, -2.8173029820063e-01,  8.0963803698207e-02, -8.3246418399492e+00,  8.6166958400000e-01,  9.1081666666667e-01,               600000
  4.7616886853175e+00,  1.1131788058974e+00,  9.9148544851834e-01,  5.2354375498638e-01,  3.5255988598347e-01,  7.6655059191971e-04, -3.1076769474851e-04, -7.1220170180440e-02,  3.7861073735535e-02, -1.2150567809374e-01,  2.0544435263455e-02, -7.8327845513360e+00,  8.0546322800000e-01,  9.0269833333333e-01,               600000
  4.7590111623371e+00,  1.1109661259339e+00,  9.8199539901079e-01,  5.2250766172259e-01,  2.4393328153877e-01,  6.3761702395034e-04, -1.3726906738410e-03, -8.1195428202798e-02,  1.5182870426772e-02, -3.9639338174782e-01, -4.6108537615119e-02, -4.0133762354262e+00,  8.2347731500000e-01,  9.1150833333333e-01,               600000
  4.7612752971701e+00,  1.1067336811530e+00,  9.7728304043286e-01,  5.1993081135246e-01,  3.4926012283718e-01,  7.6295491657675e-04, -4.9823656714917e-05, -1.0471248223812e-01, -7.1299728294101e-03, -5.1338700405312e-01,  2.7373983482991e-02, -6.4893269128334e+00,  8.5740638700000e-01,  9.0412166666667e-01,               600000
  4.7636572347595e+00,  1.1040203226152e+00,  9.7110335872175e-01,  5.2047760290648e-01,  4.8278977204176e-01,  8.9702264189350e-04, -8.3266705251791e-04, -3.8089197922449e-02, -1.4934420744042e-02, -3.8553586508719e-01,  2.7267424990364e-02, -1.3357976165742e+01,  8.1546606800000e-01,  9.0692333333333e-01,               600000
  4.7686344408438e+00,  1.1038416792135e+00,  9.6387881609574e-01,  5.2264120560184e-01,  1.8958884395504e-01,  5.6212223456445e-04, -1.9596038402318e-03, -4.9086769650481e-02, -1.2435951807954e-02, -5.3039228918889e-01, -1.1345925208106e-01, -2.3001812097997e+00,  8.2158691300000e-01,  9.0666166666667e-01,               600000
  4.7796846110523e+00,  1.1055894620120e+00,  9.6654426789563e-01,  5.2127979035829e-01,  2.3591760441406e-01,  6.2705343261700e-04, -6.4171200254043e-04, -5.2104988421726e-02, -7.4456399255537e-04, -5.7802299652080e-01, -6.6382782072026e-02, -3.4549348731902e+00,  8.1992728600000e-01,  8.9322833333333e-01,               600000
  4.7918694549613e+00,  1.1073223047551e+00,  9.7436401144171e-01,  5.2084400439643e-01,  4.2213026947076e-01,  8.3877914203796e-04,  1.4161058932659e-03, -1.7651750960519e-01,  4.0581526700963e-04, -3.7765250138490e-01,  9.8273953374079e-03, -1.0796439971808e+01,  8.0470669500000e-01,  9.0444666666667e-01,               600000
  4.7984273180925e+00,  1.1088531256067e+00,  9.8106644574900e-01,  5.2203517331420e-01,  2.7802338348977e-01,  6.8071455531397e-04,  4.3249857188923e-04, -9.9558882043647e-02,  3.5564150330018e-03, -4.6171015611808e-01,  1.6676423173596e-03, -4.6499076254781e+00,  8.2262958000000e-01,  8.9741333333333e-01,               600000
  4.8030681257411e+00,  1.1097306865317e+00,  9.8716680977138e-01,  5.2258177067844e-01,  3.4283889413295e-01,  7.5590882842327e-04, -2.3203565329723e-05, -9.7334550114969e-02,  2.5941905532517e-02, -4.1893751093293e-01,  1.0325446302779e-02, -7.5484828776653e+00,  8.1965027400000e-01,  8.9934833333333e-01,               600000
  4.8074957148149e+00,  1.1066198452723e+00,  9.9214556230422e-01,  5.2242422205365e-01,  3.1400063106663e-01,  7.2341854075704e-04,  3.7866019775349e-04, -1.3846894197397e-01,  1.4645748018425e-03, -6.3928579792032e-01,  3.6259346850320e-04, -6.4317266394043e+00,  8.4366085400000e-01,  9.0441000000000e-01,               600000
  4.8104538828128e+00,  1.1036388920221e+00,  9.9686736774067e-01,  5.2380606496103e-01,  3.2247185207244e-01,  7.3311191968716e-04,  4.5269385861832e-05, -1.0026239719675e-01, -2.3659531942307e-02, -7.0125347711889e-01,  1.7820825812431e-03, -5.7409921008091e+00,  8.3180054100000e-01,  9.1282666666667e-01,               600000
  4.8131393513740e+00,  1.1046068135110e+00,  1.0012155885923e+00,  5.2322624695135e-01,  2.6745722126270e-01,  6.6765412860090e-04,  4.5173186858435e-04, -7.4436053454383e-02, -1.1155058816738e-02, -5.7422773682864e-01, -1.7859962786365e-02, -4.2295132688733e+00,  8.1641125000000e-01,  9.0632833333333e-01,               600000
  4.8141667065712e+00,  1.1072250914104e+00,  1.0067521306504e+00,  5.2323125112400e-01,  2.9185828030000e-01,  6.9744567327260e-04,  9.7922790427904e-04, -1.0006212341037e-01,  9.7797876815849e-03, -4.6747815986534e-01,  1.7727593099419e-02, -4.8755466389263e+00,  8.4086074600000e-01,  9.0033000000000e-01,               600000
  4.8119603172893e+00,  1.1081276252727e+00,  1.0105082870056e+00,  5.2258801105750e-01,  4.1848352278705e-01,  8.3514821318040e-04,  2.3239121715621e-03, -1.1797787518319e-01,  9.7879195561093e-03, -4.9659934700929e-01,  7.9230212192200e-02, -8.8325763781086e+00,  8.2522690300000e-01,  9.0330500000000e-01,               600000
  4.8023712561262e+00,  1.1074800284916e+00,  1.0078316072110e+00,  5.2170326369446e-01,  3.7934747565772e-01,  7.9513885124729e-04, -3.3809619054595e-04, -9.2388597686408e-02,  6.2774914726351e-03, -4.2490112309440e-01,  7.3015328253104e-02, -7.2712775779981e+00,  8.0597774000000e-01,  9.0159333333333e-01,               600000
  4.7950150928344e+00,  1.1059641857846e+00,  9.9981425663057e-01,  5.2047055637143e-01,  3.7208571226004e-01,  7.8749149440913e-04,  1.4496420875308e-03, -1.2856086120325e-01, -3.2146759403387e-03, -4.6928668227578e-01,  6.2306313684450e-02, -7.2098065782100e+00,  8.2381319500000e-01,  9.0745166666667e-01,               600000
  4.7837253325087e+00,  1.1051276823072e+00,  9.8784921429536e-01,  5.2032699774700e-01,  5.0158826611153e-01,  9.1431966156220e-04,  4.6807755458728e-04, -1.7134219111620e-01, -2.6793902188374e-02, -9.7481143817515e-01,  8.7937619450415e-02, -1.1351678146083e+01,  8.3131197800000e-01,  9.1110500000000e-01,               600000
  4.7722496706532e+00,  1.1085781279003e+00,  9.7046071653327e-01,  5.2049048021388e-01,  2.8813547626141e-01,  6.9298325648533e-04,  1.5653883636374e-03, -1.1801884163812e-01,  2.9448570673796e-03, -5.1351282041261e-01, -2.1821334514430e-02, -5.3281733591919e+00,  8.1069752900000e-01,  9.0505500000000e-01,               600000
  4.7568363420234e+00,  1.1112759402915e+00,  9.5675903262038e-01,  5.2490596975106e-01,  2.1521091031114e-01,  5.9890303932987e-04, -1.9964513585055e-03, -4.1123862043328e-02,  1.3213280648072e-02, -4.4611469165408e-01, -1.0436965262872e-01, -3.4920199751241e+00,  8.1339185600000e-01,  9.0646833333333e-01,               600000
  4.7497893874202e+00,  1.1116982166590e+00,  9.5302932217554e-01,  5.2144902303759e-01,  2.9500482745847e-01,  7.0119520280075e-04, -1.4456908070391e-03, -9.6177634356671e-02,  2.7284588953982e-02, -2.4576565699727e-01, -6.1064028111327e-02, -6.4558993115136e+00,  8.6781484200000e-01,  9.0989833333333e-01,               600000
  4.7484801736138e+00,  1.1078711001094e+00,  9.5484826248486e-01,  5.2125436644959e-01,  4.1131889601315e-01,  8.2796829248181e-04, -1.1553359367172e-03, -3.2790480081143e-01, -2.1423299765994e-02, -1.1221245378354e+00, -3.4457363872215e-02, -1.1234338878999e+01,  8.1889077900000e-01,  9.0867666666667e-01,               600000
  4.7517484986131e+00,  1.1078320947954e+00,  9.5971799756503e-01,  5.2438798005454e-01,  3.6696958562039e-01,  7.8205880599478e-04, -1.9601770616491e-03, -1.7035573296256e-01, -3.1178993252877e-07, -7.2159281475105e-01, -6.3533797987810e-02, -9.5088582630430e+00,  8.8299906200000e-01,  8.9525833333333e-01,               600000
  4.7615632291848e+00,  1.1078530512739e+00,  9.6960027890965e-01,  5.2060437930658e-01,  2.8556809766182e-01,  6.8988899790935e-04, -1.8128850040634e-04, -9.2315921423701e-02, -8.7964683681511e-03, -8.6032429413919e-01, -2.9296596434315e-02, -4.7852551020814e+00,  8.1607586500000e-01,  9.1012666666667e-01,               600000
  4.7711843091102e+00,  1.1093097585724e+00,  9.8106799844098e-01,  5.1707068936367e-01,  6.6270566311421e-01,  1.0509564398793e-03,  6.1082518393377e-04, -2.2873288085836e-01,  1.5263968635936e-02, -6.2499755652268e-02,  1.0132630489439e-01, -2.2031109948218e+01,  8.2918330700000e-01,  8.9977166666667e-01,               600000
  4.7781844675267e+00,  1.1082450573761e+00,  9.8409160887462e-01,  5.2375128462775e-01,  4.5694466066085e-01,  8.7268232160091e-04, -2.3685160541587e-03, -3.3837327688974e-03, -5.2437432963130e-03, -4.3196330084170e-01, -1.3841492737485e-03, -1.4916588593180e+01,  8.1385897900000e-01,  8.9957500000000e-01,               600000
  4.7924394956367e+00,  1.1081389734971e+00,  9.8753273275494e-01,  5.2015741535714e-01,  4.5298968672003e-01,  8.6889746874994e-04,  1.1976931147101e-03, -1.6553482232965e-01, -2.0848751964258e-03, -4.8089304119134e-01,  7.2545898140696e-02, -1.0474172156354e+01,  8.1535553800000e-01,  8.9755833333333e-01,               600000
  4.8015255249077e+00,  1.1084080293976e+00,  9.8520002508077e-01,  5.2464435553157e-01,  3.2275929099578e-01,  7.3343858070027e-04, -1.5461976922228e-03, -7.4702325566582e-02, -2.7824750643568e-03, -7.4675217558391e-01, -4.0019696835128e-02, -6.9228395173159e+00,  8.3551153200000e-01,  9.0857000000000e-01,               600000
  4.8150345136128e+00,  1.1091469679059e+00,  9.8660900525371e-01,  5.1872445312928e-01,  3.1040946464410e-01,  7.1926984348029e-04,  2.0409215006677e-03, -9.2750181139194e-02, -4.0176088467962e-04, -8.1262283485876e-01,  3.7239120464427e-02, -4.9782031439339e+00,  8.1808957300000e-01,  9.0615000000000e-01,               600000
  4.8204634739375e+00,  1.1099409594342e+00,  9.8506861862148e-01,  5.2078957822376e-01,  2.6211194178456e-01,  6.6094873954611e-04,  2.8074624102904e-03, -9.7679861740798e-02,  1.9455053410641e-02, -3.5399760904391e-01, -1.3443872932076e-02, -4.4696424614029e+00,  8.5411809900000e-01,  9.0718333333333e-01,               600000
  4.8160998682347e+00,  1.1076136373983e+00,  9.8495008132357e-01,  5.2116330126374e-01,  3.8298011958341e-01,  7.9893691822677e-04,  2.4882503816076e-03, -1.9424163505278e-01,  1.0217538585617e-02, -3.8633746959639e-01,  2.9382623192832e-02, -8.3381978017646e+00,  8.8744151800000e-01,  8.9786500000000e-01,               600000
  4.8042229521753e+00,  1.1039288977963e+00,  9.8279538517035e-01,  5.1955172928947e-01,  5.3663594985095e-01,  9.4572366458263e-04, -2.8251418405614e-04, -9.6889014423870e-02, -2.2165130843590e-02, -6.9064765921339e-01,  8.3977989542293e-02, -1.3695740915597e+01,  8.5512671600000e-01,  8.9553500000000e-01,               600000
  4.7946145192533e+00,  1.1041736940461e+00,  9.7460273864170e-01,  5.2443742121411e-01,  2.1931008596099e-01,  6.0457986233002e-04, -1.1033712585967e-03, -6.9214282362411e-02, -2.8094496860781e-02, -9.9343330486836e-01, -9.1563098054958e-02, -2.6639486958669e+00,  8.4900633700000e-01,  9.0512000000000e-01,               600000
  4.7897608311506e+00,  1.1089239148286e+00,  9.7476358369214e-01,  5.2339249538818e-01,  2.2012438637906e-01,  6.0570122775047e-04, -7.8279066875195e-04, -6.8294174754037e-02,  1.0789428959478e-03, -5.2902920095904e-01, -6.4139474759873e-02, -3.1185696021816e+00,  8.2284792300000e-01,  8.9397666666667e-01,               600000
  4.7881195633015e+00,  1.1130797840277e+00,  9.8021972450060e-01,  5.1813474097051e-01,  5.4536831066084e-01,  9.5338721642087e-04,  1.2954310711791e-03, -1.9073727945987e-01,  2.0459436434664e-02, -2.7534879219844e-01,  1.2865926937157e-01, -1.3939085999608e+01,  8.2008077800000e-01,  8.9783166666667e-01,               600000
  4.7826213737366e+00,  1.1135935771271e+00,  9.7532480428170e-01,  5.2296410207164e-01,  2.8533253084472e-01,  6.8960439244144e-04, -1.0929376731997e-03, -5.7564508048192e-02,  3.6059508131520e-02, -2.6591199310757e-01, -2.7872620687743e-02, -5.4427852300818e+00,  8.3602575300000e-01,  9.0684500000000e-01,               600000
  4.7814292065675e+00,  1.1083466516771e+00,  9.7337296950263e-01,  5.2119907459476e-01,  2.5257206373386e-01,  6.4880924743443e-04,  3.3742893924643e-04, -5.5091653666293e-02,  1.7587059776124e-02, -3.1844335795028e-01, -4.2804490830120e-02, -4.3443839774586e+00,  8.3787950200000e-01,  9.0217166666667e-01,               600000
  4.7793125174913e+00,  1.1008429813182e+00,  9.7523684109637e-01,  5.2256506948756e-01,  3.6886248319896e-01,  7.8407321426739e-04, -2.5717337048353e-03, -6.8156302158306e-02, -3.7244614836914e-02, -1.3469021233058e+00, -3.7079917580570e-02, -7.9195323336251e+00,  8.4574343700000e-01,  9.0381333333333e-01,               600000
  4.7861319696801e+00,  1.1001255759036e+00,  9.8022615847756e-01,  5.2065433884389e-01,  3.3395578696311e-01,  7.4605159223197e-04,  2.4712806477263e-04, -8.8763623692693e-02, -5.1840730554214e-02, -9.4625463319157e-01, -5.0035205676932e-03, -5.6543613712720e+00,  8.4328815300000e-01,  9.0233333333333e-01,               600000
  4.7916036882425e+00,  1.1077667062428e+00,  9.8535964325057e-01,  5.2650110532660e-01,  2.1981413400791e-01,  6.0527422711791e-04, -3.0514205972645e-04, -7.8996807910669e-02,  2.7447056578066e-03, -4.0056886615132e-01, -7.7935627521676e-02, -3.3017537891301e+00,  8.2545206600000e-01,  8.9528833333333e-01,               600000
  4.7976967170660e+00,  1.1142555382103e+00,  9.9639607751563e-01,  5.1526481334149e-01,  1.4132516554233e+00,  1.5347375755176e-03,  6.2858141652184e-03, -9.1197614447158e-01,  5.1634581732758e-02, -1.0904390681738e+00,  3.3031908809391e-01, -5.8087003753826e+01,  8.4873457900000e-01,  9.1016500000000e-01,               600000
  4.7840342834608e+00,  1.1119951480374e+00,  9.8270221968582e-01,  5.2256442884043e-01,  2.8815364159419e-01,  6.9300510050334e-04, -9.5326391840398e-04, -8.8987022725954e-02,  1.4975413289479e-02, -2.9928983359171e-01, -1.4526905931560e-02, -5.2269464282497e+00,  8.2031367000000e-01,  9.1367833333333e-01,               600000
  4.7749738091463e+00,  1.1076086211538e+00,  9.7167158197620e-01,  5.2075339350924e-01,  3.0426527289120e-01,  7.1211571261418e-04, -3.0877930598319e-04, -8.1767991226983e-02,  1.5192413404761e-02, -3.5403184428783e-01, -1.2080232036487e-02, -5.5535481028191e+00,  8.3270070100000e-01,  8.9947000000000e-01,               600000
  4.7679439216985e+00,  1.1012710517326e+00,  9.6286922843237e-01,  5.2478000170887e-01,  3.4967814957305e-01,  7.6341136745209e-04, -5.8237647608076e-04, -1.4855184566708e-01, -5.2114381036237e-02, -1.5219562097261e+00, -5.4948409431618e-02, -6.4586758108616e+00,  8.0909181200000e-01,  9.0584833333333e-01,               600000
  4.7637540621587e+00,  1.1039470480631e+00,  9.5943530578443e-01,  5.2146329133520e-01,  2.9901558127331e-01,  7.0594567929989e-04, -1.9261472308305e-03, -8.9864748455463e-02, -1.8115493277727e-02, -4.8830064799249e-01, -5.1786263426528e-02, -5.9109361195340e+00,  8.1247370700000e-01,  9.1239833333333e-01,               600000
  4.7664289646203e+00,  1.1092649933816e+00,  9.6057187658890e-01,  5.2211683122469e-01,  2.7917047279493e-01,  6.8211738089927e-04, -2.4497946022540e-03, -5.5117656581748e-02,  9.4577787760292e-03, -5.0229751306002e-01, -5.5641368485265e-02, -5.3166000683485e+00,  8.1267086100000e-01,  9.0684000000000e-01,               600000
  4.7768928623312e+00,  1.1126007542439e+00,  9.6610107397545e-01,  5.2301652606724e-01,  2.3696317896713e-01,  6.2844143053421e-04,  6.0502861415452e-04, -9.1880353673570e-02,  2.4828331241295e-02, -3.0211429502590e-01, -5.7500775121530e-02, -4.0757402148453e+00,  8.0808201100000e-01,  9.0348666666667e-01,               600000
  4.7845049537468e+00,  1.1116882267296e+00,  9.7568222840362e-01,  5.2188070858956e-01,  3.0683583819071e-01,  7.1511751737122e-04,  1.3972388249297e-03, -1.3657799118245e-01,  3.4377270398488e-02, -2.1570959558258e-01, -1.0705985122226e-02, -6.3538720817348e+00,  8.3248029400000e-01,  9.0792833333333e-01,               600000
  4.7870223677508e+00,  1.1054295284410e+00,  9.8539921694730e-01,  5.1908222833313e-01,  4.5931326994115e-01,  8.7494120749258e-04,  1.1068405474587e-03, -1.5772655155598e-01, -1.5848334713564e-02, -8.3036225257456e-01,  8.9986846904366e-02, -9.9418521628451e+00,  8.1673858500000e-01,  9.0915666666667e-01,               600000
  4.7859317376412e+00,  1.1023723744493e+00,  9.8755410270544e-01,  5.2403677033880e-01,  3.1842201887749e-01,  7.2849390168746e-04, -7.4736714108233e-04, -1.1370209329841e-01, -3.4322414594997e-02, -1.0670655789477e+00, -2.5562202815818e-02, -5.4279485164352e+00,  8.2397008700000e-01,  8.9656500000000e-01,               600000
  4.7875807033957e+00,  1.1051593650991e+00,  9.9168811532537e-01,  5.2096184645839e-01,  5.5674972725420e-01,  9.6328407652693e-04,  1.7100037481440e-03, -1.4936543844999e-01, -5.6342172776298e-03, -9.4436063729320e-01,  7.8716536122011e-02, -1.6014264584489e+01,  8.3853890800000e-01,  9.0875833333333e-01,               600000
  4.7837138153591e+00,  1.1086450700575e+00,  9.8993016419090e-01,  5.2009561875945e-01,  5.3931151112701e-01,  9.4807832932992e-04, -1.8509001042257e-03, -1.2311443038803e-01, -1.9068770608053e-04, -2.0093456167241e-01,  7.8575889302877e-02, -1.4522393447884e+01,  8.2449819700000e-01,  9.1013833333333e-01,               600000
  4.7864874017300e+00,  1.1118355493875e+00,  9.8282763327138e-01,  5.2211643451933e-01,  3.3960942094289e-01,  7.5234015017909e-04,  4.8537692300354e-04, -8.9521247260525e-02,  2.9577705661912e-02, -3.2682214352204e-01,  1.2158130794400e-02, -7.0095574483308e+00,  8.3230482900000e-01,  9.0174666666667e-01,               600000
  4.7875459161860e+00,  1.1100136892939e+00,  9.7575022989683e-01,  5.2148804333632e-01,  3.1283557079131e-01,  7.2207521629365e-04, -5.9190645986550e-04, -6.8717782125383e-02,  1.3382067669269e-02, -3.3110305699913e-01, -1.5072209692688e-03, -5.8639887473597e+00,  8.2534084900000e-01,  9.1154166666667e-01,               600000
  4.7905546317100e+00,  1.1062581535454e+00,  9.6971189829651e-01,  5.1850964754064e-01,  3.8391876053091e-01,  7.9991537107674e-04, -1.9134128575607e-03,  1.0209344759747e-02, -2.4506739383421e-02, -7.9558787546184e-01,  3.0527500994869e-02, -7.6280297316856e+00,  8.2752910700000e-01,  9.0551833333333e-01,               600000
  4.7995112421495e+00,  1.1068601308884e+00,  9.6218679501610e-01,  5.2285610266500e-01,  2.5845650502566e-01,  6.5632373239845e-04, -7.6099257413279e-05, -8.2443978833743e-02, -4.5242928801499e-03, -5.0299001544284e-01, -5.2246261390363e-02, -4.1438844917933e+00,  8.3591043800000e-01,  9.0440166666667e-01,               600000
  4.8079747673408e+00,  1.1081687861117e+00,  9.5964371940919e-01,  5.1947424697744e-01,  2.4615540992733e-01,  6.4051464975093e-04,  1.1318106849477e-03, -5.7185339058438e-02,  9.0202279644871e-03, -6.4870673341241e-01, -4.5825638897717e-02, -3.7451566292595e+00,  8.3240507200000e-01,  9.0921666666667e-01,               600000
  4.8119738286449e+00,  1.1079518868844e+00,  9.6107403051522e-01,  5.2113905522873e-01,  3.4733886306990e-01,  7.6085353723072e-04,  1.6564133954906e-03, -1.0605339405731e-01,  6.8316562591104e-03, -5.7165346870067e-01, -9.3463326158214e-03, -7.4460711376962e+00,  8.3781285800000e-01,  9.0240166666667e-01,               600000
  4.8103035694002e+00,  1.1067024911549e+00,  9.6338570892329e-01,  5.2438342015107e-01,  2.0261446576034e-01,  5.8111167280243e-04,  4.7216012810586e-05, -7.4889512267532e-02, -1.1929222787150e-03, -5.2526838289432e-01, -1.1046526692138e-01, -2.8686361782051e+00,  8.0919051200000e-01,  9.0078666666667e-01,               600000
  4.8087649329690e+00,  1.1058104520448e+00,  9.7416689610216e-01,  5.2008389146646e-01,  4.2038402297510e-01,  8.3704243517986e-04, -2.0090007043996e-03, -5.1091597873087e-02, -1.0236927897297e-03, -5.2046772469535e-01,  5.6371285132008e-02, -9.1911481682827e+00,  8.4729250800000e-01,  9.0316833333333e-01,               600000
  4.8140708204922e+00,  1.1052134809383e+00,  9.7984420522401e-01,  5.2349412667903e-01,  2.5598242583998e-01,  6.5317484366743e-04, -3.2545916562174e-04, -7.3648112211008e-02, -3.3843361574789e-02, -8.0516570463191e-01, -5.2860018208786e-02, -3.7963697647933e+00,  8.1871331400000e-01,  8.9889333333333e-01,               600000
  4.8200490800687e+00,  1.1102105204434e+00,  9.8922455119646e-01,  5.2167352144842e-01,  3.4481843001334e-01,  7.5808797863808e-04, -8.3083989386936e-04, -3.8373826787413e-02,  9.4626657375010e-03, -4.5477724008188e-01,  3.3283935935813e-02, -6.5838148309155e+00,  8.1094961000000e-01,  8.9715166666667e-01,               600000
  4.8282414150217e+00,  1.1132212763526e+00,  9.9533944328995e-01,  5.2053721404699e-01,  3.1997900761218e-01,  7.3027278877163e-04,  4.5323805896628e-04, -7.0827505916261e-02,  2.5619439649308e-02, -3.5760847178618e-01,  4.4813291065868e-02, -5.7935447012482e+00,  8.2638096700000e-01,  9.0229000000000e-01,               600000
  4.8342479366294e+00,  1.1118109003375e+00,  9.9757318417673e-01,  5.2459032726012e-01,  3.3968570105278e-01,  7.5242463748070e-04,  9.6776346138374e-04, -9.1658659514903e-02, -1.8010061920283e-02, -1.7048181077075e+00,  1.3507080426333e-02, -6.1395570127730e+00,  8.0913422400000e-01,  8.9730500000000e-01,               600000
  4.8366097152216e+00,  1.1136000246348e+00,  9.9877019615601e-01,  5.2228650731583e-01,  3.7593394423232e-01,  7.9155326650866e-04,  1.8014076800987e-03, -1.1655597484790e-01,  2.9510862388285e-02, -2.7663479142702e-01,  3.8673088062807e-02, -8.3462543571658e+00,  8.3678011700000e-01,  9.0518666666667e-01,               600000
  4.8329687357583e+00,  1.1104443944151e+00,  9.9714292514637e-01,  5.1943164950897e-01,  4.6585227588956e-01,  8.8114724071289e-04,  2.5437327678956e-03, -1.2155146119925e-01,  8.7476810957191e-03, -4.4670166923846e-01,  8.4535058224238e-02, -1.1471566253629e+01,  8.1623201000000e-01,  9.0982166666667e-01,               600000
  4.8215204791200e+00,  1.1062129396467e+00,  9.8950577985109e-01,  5.2223241071882e-01,  2.9340267468040e-01,  6.9928853687206e-04,  1.3825612390831e-03, -1.2952254953636e-01, -7.6208602590092e-03, -6.4207430990652e-01, -8.3610184770214e-03, -5.2179462894003e+00,  8.4267016500000e-01,  8.9745666666667e-01,               600000
  4.8068665401207e+00,  1.1036909102057e+00,  9.8347968153088e-01,  5.2085469424646e-01,  3.9112259273873e-01,  8.0738527847483e-04,  8.6565865021121e-04, -1.1064260561405e-01, -2.5323567136232e-02, -9.5247268206249e-01,  2.0129185532576e-02, -8.1343363641636e+00,  8.9681773200000e-01,  9.0145000000000e-01,               600000
  4.7909824341876e+00,  1.1056249817751e+00,  9.7678206994541e-01,  5.1856508660319e-01,  4.2063906580316e-01,  8.3729630936242e-04,  2.7921941883656e-03, -2.3529873116828e-01,  3.4986088725810e-03, -3.8266406897263e-01,  5.3577465873640e-02, -9.8365668357523e+00,  9.7994458800000e-01,  8.9460666666667e-01,               600000
  4.7679556860527e+00,  1.1068290393644e+00,  9.6691792993142e-01,  5.2167309029267e-01,  3.1123356437916e-01,  7.2022399800242e-04, -7.7683030790620e-04, -7.0305462503693e-02, -1.9245813221499e-02, -6.6413156841782e-01, -3.8395685286077e-02, -6.2062740273242e+00,  8.5339905300000e-01,  9.0967666666667e-01,               600000
  4.7498745535160e+00,  1.1111156139640e+00,  9.6130090363116e-01,  5.2460253089016e-01,  2.0342027326677e-01,  5.8226608073796e-04, -6.8939553461892e-04, -6.5629129378420e-02,  2.4393454845576e-02, -2.7445113628646e-01, -1.0742072761696e-01, -3.0063329741481e+00,  9.5496166900000e-01,  8.9729000000000e-01,               600000
  4.7359573590528e+00,  1.1110067935628e+00,  9.6481763422769e-01,  5.1818881011608e-01,  4.6344934060744e-01,  8.7887175838063e-04, -1.3582098657582e-03, -1.0292110482565e-01,  1.8384909108759e-02, -5.2462553691002e-01,  3.9884330017797e-02, -1.2757735789333e+01,  8.4192643700000e-01,  9.0730500000000e-01,               600000
  4.7280787233331e+00,  1.1079388930675e+00,  9.6535288928420e-01,  5.2444386119824e-01,  2.8623303782020e-01,  6.9069172793199e-04, -3.2431047196604e-03, -9.7259358166431e-02,  3.0859993501861e-03, -3.7382161817794e-01, -6.2197307648581e-02, -5.5561509968144e+00,  8.5135054500000e-01,  9.0174833333333e-01,               600000
  4.7318186251242e+00,  1.1046961128670e+00,  9.7094308520689e-01,  5.2223355012914e-01,  3.6405008059604e-01,  7.7894167581837e-04, -1.0646056418442e-03, -8.1671859810641e-02, -1.0867894912951e-02, -5.4052891958944e-01, -3.5855826599596e-02, -8.5481625571140e+00,  8.2340660100000e-01,  9.0910000000000e-01,               600000
  4.7388106162199e+00,  1.1036046534924e+00,  9.7913943422013e-01,  5.2325453539968e-01,  3.1156367283949e-01,  7.2060584792646e-04,  4.7854973045587e-04, -1.1898565608409e-01, -3.3425137349617e-02, -9.1280016440511e-01, -1.1465506151946e-02, -4.9897425062489e+00,  8.3015800900000e-01,  9.0731666666667e-01,               600000
  4.7437393318300e+00,  1.1081935496794e+00,  9.8763154821685e-01,  5.1849156611014e-01,  4.2737650505601e-01,  8.4397522184798e-04, -8.9002536342431e-04, -1.4133161107991e-01, -1.1769157165898e-02, -5.8253697276237e-01,  8.3497308034619e-02, -8.8649883743140e+00,  8.4560510800000e-01,  9.0328833333333e-01,               600000
  4.7513388179626e+00,  1.1143169764586e+00,  9.8903688765380e-01,  5.2251547137916e-01,  3.5336518976290e-01,  7.6742555530695e-04, -1.8429367674726e-03, -8.1931577748255e-02,  2.1240275306372e-02, -2.6944721892099e-01,  2.4508392863663e-02, -7.2452703467206e+00,  8.2047230200000e-01,  9.0804166666667e-01,               600000
  4.7643575252626e+00,  1.1163541176825e+00,  9.8865556100918e-01,  5.2405367038877e-01,  3.5368243662903e-01,  7.6776997057390e-04, -2.1563888135317e-03, -9.7405829811374e-02,  4.9485004284484e-02, -5.2571378481222e-02, -2.7543908851570e-03, -9.3923343955879e+00,  8.9291255000000e-01,  9.0758000000000e-01,               600000
  4.7832738655595e+00,  1.1100542399590e+00,  9.8890089390774e-01,  5.1912228461864e-01,  7.9852598516052e-01,  1.1536362693389e-03, -1.8994345490633e-03,  2.7793578720364e-01,  1.9471993641203e-02, -1.8770113229595e-01,  1.3640940336171e-01, -2.9629110517227e+01,  8.3596311600000e-01,  9.0536166666667e-01,               600000
  4.8060518760121e+00,  1.1011894823824e+00,  9.7955616768773e-01,  5.1997655684599e-01,  3.7461620949448e-01,  7.9016476076668e-04,  4.7024900650196e-04, -1.2634547623695e-01, -4.3615353752255e-02, -8.7022419658702e-01,  4.2341869441701e-02, -6.6725799227570e+00,  8.5446198300000e-01,  9.0588666666667e-01,               600000
  4.8252548887953e+00,  1.1004599709767e+00,  9.6806347247667e-01,  5.2043385957709e-01,  2.9704709533705e-01,  7.0361814376010e-04,  6.4752999348836e-04, -8.1058556013688e-02, -5.0052070281657e-02, -8.9234539884764e-01, -2.0179917762181e-02, -4.7878781303811e+00,  8.3751871600000e-01,  9.0442333333333e-01,               600000
  4.8405720394929e+00,  1.1080665774833e+00,  9.5948288628828e-01,  5.2290891957459e-01,  2.0883349816724e-01,  5.8996256684533e-04,  1.4724278134822e-03, -7.9539261600778e-02,  1.8314351042384e-03, -6.5060628707143e-01, -8.8437173036066e-02, -2.9105070428083e+00,  8.2222007400000e-01,  8.9668333333333e-01,               600000
  4.8496516407760e+00,  1.1146792876332e+00,  9.5885356461203e-01,  5.2089464038230e-01,  2.2379034832741e-01,  6.1072408981390e-04,  2.0167270308070e-03, -7.4599756523057e-02,  3.5103374704227e-02, -2.3270355937031e-01, -5.6699929074078e-02, -3.6636968237659e+00,  8.1211727800000e-01,  9.0758333333333e-01,               600000
  4.8513148918362e+00,  1.1148957454317e+00,  9.6289689115733e-01,  5.2187431597436e-01,  4.1218616950800e-01,  8.2884072606261e-04,  1.7412535362651e-03, -1.8066851404741e-01,  3.3769644168850e-02, -8.7349767000487e-02, -1.2707678103649e-02, -1.1768019126681e+01,  8.1872251600000e-01,  9.0119166666667e-01,               600000
  4.8473942821878e+00,  1.1095682041622e+00,  9.6800940228330e-01,  5.2178195282554e-01,  2.8739304187537e-01,  6.9208988081434e-04,  1.5999662350545e-03, -6.9292522581134e-02,  1.8959674040313e-02, -2.7885116680573e-01, -2.5585194359906e-02, -5.7028523420595e+00,  8.3419918100000e-01,  8.9751333333333e-01,               600000
  4.8387305286173e+00,  1.1016821438891e+00,  9.7486517162376e-01,  5.1973198985164e-01,  4.8324882944840e-01,  8.9744900453860e-04,  2.6358398373224e-03, -2.4703851858676e-01, -4.3220514561223e-02, -1.4583001946693e+00,  5.2843210002400e-02, -1.2375510967867e+01,  8.2202633800000e-01,  9.0324500000000e-01,               600000
  4.8227445297893e+00,  1.1017895756607e+00,  9.7735059062781e-01,  5.2503223134676e-01,  2.2236723013355e-01,  6.0877914732896e-04, -1.4268782690615e-03, -7.7348603246182e-02, -3.2619090670714e-02, -8.5417354637156e-01, -8.9009359634662e-02, -2.8167134011466e+00,  8.2718742600000e-01,  9.0187500000000e-01,               600000
  4.8131476945878e+00,  1.1072905935540e+00,  9.8672005677892e-01,  5.2123056711381e-01,  4.0500283687410e-01,  8.2158671369704e-04,  9.6227657848292e-04, -9.0054004610415e-02, -1.2535030706625e-02, -6.3186227528094e-01,  4.0208211994460e-02, -9.3608195713853e+00,  8.3433677900000e-01,  9.0663833333333e-01,               600000
  4.8014962213990e+00,  1.1143545389992e+00,  9.9235573433112e-01,  5.1999435952844e-01,  3.9556367741451e-01,  8.1195615379826e-04,  1.2270554416854e-03, -1.2220123299920e-01,  3.6943264121213e-02, -2.2213569521558e-01,  7.9024950101834e-02, -8.3186792837555e+00,  8.3775021200000e-01,  9.0185666666667e-01,               600000
  4.7871803890523e+00,  1.1146785505033e+00,  9.9151101138603e-01,  5.2214622364158e-01,  4.2014450366693e-01,  8.3680394325366e-04,  1.5724393980858e-04, -7.1634502599312e-02,  4.6740002419515e-02, -1.1502593323185e-01,  2.4942960495511e-02, -1.0871563537697e+01,  8.1181702800000e-01,  8.9824666666667e-01,               600000
  4.7738724658024e+00,  1.1073491911040e+00,  9.8920602592627e-01,  5.2048571009451e-01,  2.7556080566874e-01,  6.7769315287076e-04, -8.7118979199388e-04, -5.4304137250558e-02,  6.4853432603529e-03, -5.0679894419606e-01, -3.6459321616024e-03, -4.3579127751564e+00,  8.1601659700000e-01,  9.0625333333333e-01,               600000
  4.7648335738295e+00,  1.0997213018702e+00,  9.8758928782244e-01,  5.1980301922344e-01,  9.3642432470663e-01,  1.2492826773170e-03,  1.3783075509350e-03, -4.4310748373301e-01, -5.4334070736643e-02, -8.8189066541515e-01,  1.4289317317836e-01, -3.6341139684310e+01,  8.2978638600000e-01,  9.0232666666667e-01,               600000
  4.7528858547030e+00,  1.1018051839779e+00,  9.7631053264325e-01,  5.1666756679433e-01,  4.8253792463963e-01,  8.9678864533366e-04,  1.2356907277194e-03, -1.7414202743279e-01, -2.0299748222310e-02, -7.6357480059537e-01,  8.3026455371072e-02, -1.1231137970820e+01,  8.4522487100000e-01,  8.9782666666667e-01,               600000
  4.7456137105869e+00,  1.1044296384529e+00,  9.6819162494279e-01,  5.2091277394242e-01,  4.3871049605346e-01,  8.5509307100988e-04, -4.9428316414009e-04, -1.8959985018868e-01, -2.9192819006772e-02, -1.0614585901541e+00,  3.6594541009910e-02, -9.3643554248212e+00,  8.5970885900000e-01,  9.1294000000000e-01,               600000
  4.7400295871879e+00,  1.1092149253543e+00,  9.5961564437639e-01,  5.1987664773723e-01,  4.1150402544625e-01,  8.2815460054897e-04, -2.1915346085798e-03, -1.2068009882634e-01,  1.1191907486796e-02, -6.1854818853402e-01,  2.5393785972006e-02, -9.6329390679553e+00,  8.2694411100000e-01,  9.0857833333333e-01,               600000
  4.7387207200948e+00,  1.1126402996225e+00,  9.5107114084802e-01,  5.2141106790013e-01,  1.9578425306589e-01,  5.7123295461935e-04, -2.6884963183445e-03, -6.2645606012666e-02,  2.6515915390240e-02, -3.0012968479398e-01, -1.0710421619046e-01, -2.7759630001750e+00,  8.3541826200000e-01,  9.0585833333333e-01,               600000
  4.7420041450823e+00,  1.1135706962053e+00,  9.4767930538508e-01,  5.2404324277082e-01,  2.4007820436659e-01,  6.3255856694142e-04, -1.8025917372785e-03, -6.1890694873739e-02,  6.4470782658137e-03, -9.5644602560920e-01, -1.0200188377578e-01, -4.0782963937180e+00,  8.1990194900000e-01,  9.0587000000000e-01,               600000
  4.7479584706541e+00,  1.1139210692561e+00,  9.4871801467875e-01,  5.2380778114280e-01,  2.2499675747503e-01,  6.1236802316231e-04, -1.7952307519346e-03, -7.1833343201955e-02,  3.4941031764799e-02, -2.1094974357274e-01, -9.0670630840304e-02, -3.6224139986704e+00,  9.0785907000000e-01,  9.0946000000000e-01,               600000
  4.7563082444536e+00,  1.1113867201129e+00,  9.5327142551022e-01,  5.2129522625012e-01,  3.0412969954835e-01,  7.1195704405574e-04, -1.6043491618080e-03, -6.3694631766052e-02,  2.4470898223830e-02, -2.8500613573845e-01, -4.7036684657713e-02, -6.2662791589364e+00,  8.1782445000000e-01,  9.1081000000000e-01,               600000
  4.7664966602680e+00,  1.1071128040620e+00,  9.5933797667334e-01,  5.2338883960953e-01,  2.6673115352517e-01,  6.6674727036708e-04, -4.4894442566730e-04, -8.8228905237806e-02, -4.3676459581909e-03, -4.9529252856204e-01, -5.9184370341840e-02, -4.7467645241986e+00,  8.4450371500000e-01,  8.9548666666667e-01,               600000
  4.7764894840174e+00,  1.1036376410792e+00,  9.6721055540157e-01,  5.2000070183641e-01,  4.1041185011949e-01,  8.2705486528957e-04, -3.4203386288167e-04, -8.7958909128986e-02, -8.6913373948395e-03, -5.2773640457489e-01, -5.5898422952455e-04, -1.0517248795496e+01,  8.3023230500000e-01,  8.9832000000000e-01,               600000
  4.7861323841759e+00,  1.1012402527961e+00,  9.7453753489581e-01,  5.2469576696464e-01,  2.0270053420254e-01,  5.8123508468682e-04, -2.1857499419252e-03, -3.3854403087223e-02, -2.3375439389354e-02, -6.6758888176641e-01, -1.1533602474625e-01, -2.5790312343571e+00,  7.9028101500000e-01,  9.0609000000000e-01,               600000
  4.7984004459438e+00,  1.1010301355808e+00,  9.8566091067767e-01,  5.2296176771141e-01,  4.2302871165105e-01,  8.3967127660279e-04, -2.0933769390328e-04, -9.7679036972719e-02, -5.6422351751527e-02, -1.6790539428753e+00,  1.1547166353996e-02, -8.5266521567730e+00,  8.3997457300000e-01,  8.9987000000000e-01,               600000
  4.8098854400127e+00,  1.1055270971891e+00,  9.9540532470238e-01,  5.2195755033325e-01,  3.3474737642410e-01,  7.4693526763714e-04,  8.9628013818808e-06, -8.5694143915218e-02, -1.4816139198084e-02, -6.1554385035265e-01,  2.9070609241621e-02, -5.8438249963333e+00,  8.6941958500000e-01,  8.9345833333333e-01,               600000
  4.8202970028231e+00,  1.1108192785563e+00,  1.0031635125774e+00,  5.1995202085798e-01,  5.1471164249789e-01,  9.2620339963556e-04,  1.7956607106491e-03, -7.7803667274434e-02,  2.2428190256691e-02, -1.9606957465324e-01,  9.4611292928359e-02, -1.4704573256365e+01,  8.4681178600000e-01,  9.0773833333333e-01,               600000
  4.8267757808358e+00,  1.1137551455725e+00,  1.0067180881689e+00,  5.2355450630469e-01,  4.3647548903429e-01,  8.5291215748780e-04,  8.9466149755501e-04, -2.0622928777725e-01,  3.9989113151676e-02, -1.4965315394237e-01,  3.1694872357827e-02, -1.1344322557805e+01,  8.1038293900000e-01,  9.0657666666667e-01,               600000
  4.8313125803348e+00,  1.1131250166601e+00,  1.0089017296464e+00,  5.2451489419375e-01,  2.7366306047096e-01,  6.7535553657679e-04,  1.7586822735834e-03, -8.3942738695890e-02,  1.4216029102771e-02, -4.2592768814058e-01, -2.5088180259040e-03, -4.5974445554621e+00,  8.4305346500000e-01,  9.0683333333333e-01,               600000
  4.8325712131026e+00,  1.1114085600725e+00,  1.0110595116853e+00,  5.2364954614678e-01,  2.6324014956020e-01,  6.6236967216225e-04,  1.1982086255824e-03, -8.6109261840319e-02,  3.2129582439503e-02, -3.1796898289075e-01, -1.0599102688261e-02, -4.5811743088064e+00,  8.1617654500000e-01,  9.0294166666667e-01,               600000
  4.8318042240681e+00,  1.1072423450305e+00,  1.0135122582516e+00,  5.2245541498732e-01,  3.4368326793605e-01,  7.5683911537399e-04,  8.8862297626818e-04, -7.7963080875870e-02,  9.1734517865756e-03, -3.7539633940207e-01,  3.8869467308453e-02, -6.5370050331097e+00,  8.3367519300000e-01,  9.1156166666667e-01,               600000
  4.8297133142530e+00,  1.1027483152101e+00,  1.0143196343635e+00,  5.2273549739691e-01,  3.4272430953967e-01,  7.5578249686409e-04,  1.1165689225737e-03, -9.1803150184882e-02, -2.7621316850684e-02, -7.7086000125223e-01,  4.3411308082204e-02, -5.7313961427832e+00,  9.0513341200000e-01,  9.0647000000000e-01,               600000
  4.8260642503113e+00,  1.1010037165941e+00,  1.0134475801981e+00,  5.2421527578802e-01,  4.0115835924761e-01,  8.1767797170567e-04,  4.7683867873078e-04, -6.6630823897313e-03, -3.4065265392545e-02, -7.8790126303588e-01,  3.3202919215449e-02, -8.4466122259315e+00,  1.0897231650000e+00,  9.0953833333333e-01,               600000
  4.8219925436553e+00,  1.1022642589415e+00,  1.0115167100693e+00,  5.2275352132448e-01,  2.9628421128226e-01,  7.0271403771646e-04,  1.6390114766891e-03, -9.8892600657358e-02, -1.5852120386836e-02, -8.0123982428845e-01,  1.2284360218042e-02, -4.8366174963783e+00,  8.7343255800000e-01,  9.0589666666667e-01,               600000
  4.8157036873772e+00,  1.1047366950920e+00,  1.0093853460808e+00,  5.2410289627716e-01,  3.2871158482437e-01,  7.4017068394658e-04,  3.1308029598934e-03, -1.6435592148325e-01, -1.5148381094210e-02, -6.6726609566607e-01,  1.1552700007355e-02, -6.1620276940301e+00,  1.1546163960000e+00,  9.0694166666667e-01,               600000
  4.8050683537936e+00,  1.1082397102365e+00,  1.0071277839112e+00,  5.1801808224344e-01,  4.0676501860027e-01,  8.2337215016487e-04,  9.7725016922832e-05, -4.6150134887984e-02,  1.3463859623553e-02, -3.2297009768266e-01,  9.7413905177717e-02, -8.2389794141040e+00,  1.2286219260000e+00,  9.1044000000000e-01,               600000
  4.7953563068571e+00,  1.1103001222732e+00,  1.0014093829363e+00,  5.2527183168818e-01,  2.4592821523941e-01,  6.4021899279258e-04,  6.7353962556061e-04, -9.9557733287469e-02,  4.4502117470093e-04, -4.9917709772119e-01, -1.9794075522753e-02, -3.5614641009625e+00,  9.8523778800000e-01,  9.0706833333333e-01,               600000
  4.7855744395771e+00,  1.1121417233941e+00,  9.9710947793236e-01,  5.2152930984540e-01,  4.7453886931835e-01,  8.8932452767850e-04,  1.1585268917734e-03, -2.3160365474380e-01,  2.9058607941787e-02, -4.0173460513761e-01,  6.6329528899299e-02, -1.2781261023688e+01,  1.2178220500000e+00,  9.0171833333333e-01,               600000
  4.7750425431379e+00,  1.1114150280503e+00,  9.9086330517251e-01,  5.1970749540537e-01,  4.7812507413400e-01,  8.9267862277343e-04,  3.2710207844939e-03, -2.8376318303662e-01,  2.6552708625620e-02, -3.3553303679896e-01,  7.8531707094254e-02, -1.1949982427062e+01,  9.2887360100000e-01,  9.0546833333333e-01,               600000
  4.7604883479442e+00,  1.1085796851545e+00,  9.8237104221883e-01,  5.2189884959744e-01,  2.8032541326210e-01,  6.8352689932694e-04, -2.8726042876448e-03, -9.4414479752112e-02,  1.0214279289942e-03, -6.5292637060854e-01, -2.2966127291427e-02, -4.7979810349576e+00,  9.0347490800000e-01,  9.0552666666667e-01,               600000
  4.7522168184767e+00,  1.1059657192480e+00,  9.7572267392996e-01,  5.2238272856000e-01,  2.9591013491816e-01,  7.0227028856199e-04, -2.0424182130717e-03, -6.5625038519161e-02, -1.5299920583305e-02, -5.0405714982744e-01, -3.8414317054066e-02, -5.6046145890474e+00,  1.1994216130000e+00,  9.0430000000000e-01,               600000
  4.7481650286623e+00,  1.1048996189301e+00,  9.7136973441810e-01,  5.2298808473366e-01,  3.4986527075894e-01,  7.6361560002283e-04, -2.1429786908600e-04, -1.9224383382582e-01,  2.0189784438586e-03, -4.1898078647995e-01, -3.8837532898451e-02, -9.4174615367926e+00,  1.0549914870000e+00,  8.9948333333333e-01,               600000
  4.7450188138408e+00,  1.1037880981247e+00,  9.6917930603585e-01,  5.2533748982994e-01,  3.1297303801106e-01,  7.2223384718416e-04, -2.2722340157986e-03, -1.0829346704312e-01, -3.0663126471202e-02, -7.7230069905191e-01, -5.6397190909122e-02, -5.8374433598848e+00,  1.0970164620000e+00,  8.9833166666667e-01,               600000
  4.7459821801942e+00,  1.1053667876829e+00,  9.6956569484896e-01,  5.1903558354882e-01,  3.1768229059252e-01,  7.2764722518598e-04, -1.1016489458546e-03, -9.0321018992207e-02, -6.3030908348909e-04, -7.5048360829348e-01,  4.6136767173929e-03, -5.7003106645189e+00,  1.1106779120000e+00,  9.0105500000000e-01,               600000
  4.7487188757576e+00,  1.1068738149783e+00,  9.6984383008256e-01,  5.2263859394513e-01,  2.0677215552254e-01,  5.8704366039012e-04, -2.8633451182004e-03, -3.1719561214400e-02,  3.1781293225171e-03, -4.3928054934128e-01, -9.0924213777871e-02, -2.8823422524774e+00,  1.0150373040000e+00,  9.1176833333333e-01,               600000
  4.7558423243259e+00,  1.1079859296624e+00,  9.7376467478804e-01,  5.1646770612224e-01,  4.6957766693894e-01,  8.8466346420446e-04,  1.2089761521175e-03, -1.5237702597336e-01,  9.8415146675576e-03, -6.2874516106801e-01,  1.0618973795809e-01, -1.0490324346427e+01,  8.8744834400000e-01,  9.0218833333333e-01,               600000
  4.7604192559857e+00,  1.1081930294744e+00,  9.7328276178002e-01,  5.2105661524421e-01,  4.9335758627121e-01,  9.0678698920163e-04,  6.0533013677055e-04, -2.2401865788013e-01,  5.5932063361043e-03, -4.1206639129935e-01,  4.9991509928952e-02, -1.3208687044365e+01,  1.0429155430000e+00,  9.0314833333333e-01,               600000
  4.7637427275663e+00,  1.1079292022666e+00,  9.7112741582486e-01,  5.1911190259110e-01,  3.5662437221461e-01,  7.7095651867730e-04, -6.9409830182243e-04, -7.7011948433795e-02,  1.1986966341958e-02, -3.0263313377573e-01,  1.8045295669124e-02, -7.4606547972486e+00,  1.0349063440000e+00,  8.9842500000000e-01,               600000
  4.7679310525924e+00,  1.1067000953578e+00,  9.6861550566476e-01,  5.1903843804615e-01,  3.4685754844918e-01,  7.6032618926482e-04,  2.3165942562942e-04, -1.1471191627152e-01, -1.2509769150736e-02, -8.0116684987804e-01,  3.7236977268390e-02, -6.1730901187292e+00,  1.0274533560000e+00,  9.1460333333333e-01,               600000
  4.7714227479147e+00,  1.1066751847451e+00,  9.6499322619261e-01,  5.2211991734234e-01,  2.7740255259324e-01,  6.7995410702149e-04, -2.3719106476483e-06, -9.3747847341661e-02, -9.8829233179031e-03, -8.2334838528155e-01, -5.3936112319070e-02, -4.7298726790268e+00,  1.2210562140000e+00,  8.9577833333333e-01,               600000
  4.7746512822750e+00,  1.1075175408500e+00,  9.6397287972756e-01,  5.2161298411763e-01,  3.1439542285451e-01,  7.2387317357682e-04, -8.1369614995268e-04, -1.2500294751014e-01,  6.8310097304993e-03, -5.2620130913176e-01, -4.9261903991266e-02, -6.9466552078111e+00,  1.1774633890000e+00,  9.0166666666667e-01,               600000
  4.7789940438812e+00,  1.1077242607028e+00,  9.6515408981153e-01,  5.2132745198003e-01,  2.8897925510912e-01,  6.9399718432321e-04, -6.2025148014377e-05, -1.0837930268689e-01,  7.5084734655070e-03, -3.5963443137218e-01, -3.5299912974039e-02, -5.5360037616417e+00,  1.1513480490000e+00,  9.0061666666667e-01,               600000
  4.7830998200366e+00,  1.1072929192006e+00,  9.6773595459182e-01,  5.2487946013058e-01,  3.7115578329422e-01,  7.8650681634493e-04, -5.8505543215993e-04, -6.5758504838057e-02, -4.0115077293955e-02, -8.0343568031658e-01, -2.6089128404225e-02, -8.7374939990020e+00,  9.8518035700000e-01,  9.0394000000000e-01,               600000
  4.7878147313410e+00,  1.1103151106802e+00,  9.7127857399940e-01,  5.2314368689057e-01,  3.1057917795134e-01,  7.1946644345114e-04, -1.9910101874368e-03, -4.7185413593269e-02,  2.4830996986234e-02, -2.1253549264237e-01, -3.9891234783731e-02, -6.9420180964036e+00,  1.0952286900000e+00,  9.0636666666667e-01,               600000
  4.7953552326640e+00,  1.1109546397342e+00,  9.7620235660286e-01,  5.2026558773279e-01,  3.4400680538644e-01,  7.5719526916382e-04,  8.0115877835547e-04, -1.3601569883536e-01,  3.1662406362510e-02, -1.6951654598704e-01,  6.6425044744341e-03, -7.4955208580356e+00,  8.9963641400000e-01,  9.1136333333333e-01,               600000
  4.8009472673842e+00,  1.1088717559341e+00,  9.8052558853652e-01,  5.2293590023160e-01,  2.2466972172732e-01,  6.1192281883601e-04, -6.9060529926900e-04, -5.7964609713909e-02,  1.3755790899508e-02, -3.2539488269225e-01, -5.2543119432457e-02, -3.3684406683652e+00,  9.8819240200000e-01,  9.0684166666667e-01,               600000
  4.8071696824375e+00,  1.1058487047873e+00,  9.8658949000470e-01,  5.1285116718323e-01,  9.5554599996067e-01,  1.2619733224602e-03, -9.2305054187599e-05,  8.3843184242648e-02,  3.4619558251337e-03, -3.9588868886961e-01,  2.4502543963543e-01, -3.1353892574495e+01,  9.5204874200000e-01,  8.9438833333333e-01,               600000
  4.8128624933225e+00,  1.1028476852516e+00,  9.8294139983046e-01,  5.2258060066037e-01,  3.9442815931640e-01,  8.1078990221100e-04,  2.9895591043415e-04, -1.5030174552015e-01, -3.6870919514651e-02, -5.9137778588036e-01,  3.0869435271742e-02, -8.8332024495608e+00,  8.8009533500000e-01,  8.9547333333333e-01,               600000
  4.8176255392570e+00,  1.1032848052259e+00,  9.7861486352681e-01,  5.2117624281060e-01,  2.9892279381848e-01,  7.0583613988243e-04,  1.2856463262271e-03, -7.4968688899558e-02,  1.2684225125810e-03, -3.8099961157888e-01, -4.9390189990276e-03, -5.5507689033053e+00,  9.4632234600000e-01,  9.0558833333333e-01,               600000
  4.8198548562548e+00,  1.1035877999955e+00,  9.7501776551077e-01,  5.2065115154699e-01,  3.2775366557396e-01,  7.3909140793946e-04,  7.9032975767007e-04, -1.3234395464704e-01, -1.0908326332775e-02, -9.9765365871296e-01, -1.3714470738252e-02, -6.1949850007420e+00,  1.0252473440000e+00,  9.0883500000000e-01,               600000
  4.8206672649705e+00,  1.1048262609427e+00,  9.7243743834263e-01,  5.2286532708034e-01,  3.6446041337422e-01,  7.7938053753630e-04, -1.5902000025039e-03,  2.0465519038822e-05, -1.4456550088299e-02, -5.0332963497658e-01, -1.4983491997078e-02, -7.9092307807261e+00,  9.0013105900000e-01,  8.9265500000000e-01,               600000
  4.8240255378503e+00,  1.1071886439208e+00,  9.7085866509251e-01,  5.2297296029346e-01,  2.3927956686692e-01,  6.3150556459270e-04,  6.7677599299596e-04, -7.0731033352610e-02, -2.2720752863973e-03, -5.8806208435681e-01, -7.1103203177996e-02, -3.7708204685763e+00,  8.9046963100000e-01,  9.0506500000000e-01,               600000
  4.8259910258994e+00,  1.1095362080948e+00,  9.7231649805343e-01,  5.2043209509499e-01,  3.8527523302953e-01,  8.0132726671601e-04,  5.9925954301887e-05, -5.0891795716137e-02,  1.2605313274844e-02, -5.9846874439753e-01,  2.1286926187379e-02, -8.6922919484964e+00,  8.9548209200000e-01,  8.9573833333333e-01,               600000
  4.8277058360567e+00,  1.1106059672616e+00,  9.7296159288988e-01,  5.2221094698191e-01,  4.3808050925598e-01,  8.5447889505435e-04,  7.4160648986849e-04, -7.2524984417821e-02,  9.2883326091179e-03, -3.9195052001673e-01,  3.0543620040138e-03, -1.3121778972239e+01,  1.1033065900000e+00,  8.9967500000000e-01,               600000
  4.8280807051569e+00,  1.1107961893986e+00,  9.7368187856734e-01,  5.1894460811212e-01,  5.7481341183317e-01,  9.7878616308941e-04,  1.7764491458391e-03, -1.5836183975090e-01,  7.9924626949897e-03, -2.4756933759146e-01,  9.8296933687855e-02, -1.6165964852974e+01,  9.4917637100000e-01,  9.0685000000000e-01,               600000
  4.8256026204480e+00,  1.1102967354336e+00,  9.7076644776124e-01,  5.1941663512458e-01,  3.1643410103718e-01,  7.2621633718562e-04,  2.4362116806471e-03, -7.8513384835768e-02,  2.6973680345517e-02, -3.2205798412373e-01,  4.6664663842610e-03, -6.3364392506376e+00,  9.4556224300000e-01,  9.0388333333333e-01,               600000
  4.8194124007948e+00,  1.1075602873890e+00,  9.6807885521675e-01,  5.2158545768469e-01,  3.5983158780088e-01,  7.7441546536822e-04,  4.7089258978387e-04, -1.0017160268441e-01,  1.0673446895172e-02, -4.0810019305363e-01, -1.6638027397868e-02, -8.7716521070432e+00,  9.0192121600000e-01,  9.1128833333333e-01,               600000
  4.8131352319943e+00,  1.1041996211343e+00,  9.6648927624395e-01,  5.1907113907663e-01,  4.0976127885276e-01,  8.2639909532538e-04,  4.2264162946930e-04, -1.6417271420474e-01, -6.9105178070879e-03, -4.6660826922789e-01,  1.7573203462958e-02, -9.4832766921043e+00,  8.5301181400000e-01,  9.1350833333333e-01,               600000
  4.8069115322421e+00,  1.1017813812790e+00,  9.6454718579775e-01,  5.2351676177934e-01,  3.3243690309649e-01,  7.4435307829069e-04,  5.3336607413518e-04, -1.6356278417013e-01, -5.4290570041789e-02, -1.1034457841574e+00, -4.2179724445462e-02, -6.2017592938410e+00,  8.9181275100000e-01,  9.1539833333333e-01,               600000
  4.8005509992348e+00,  1.1042861323988e+00,  9.6459608777746e-01,  5.2341095737814e-01,  3.1532187997528e-01,  7.2493893992906e-04, -7.4580113517202e-04, -5.9875693612999e-02,  9.9693393433319e-04, -4.5478429738316e-01, -6.5808762188455e-02, -7.0778323212366e+00,  8.8757348000000e-01,  9.0632000000000e-01,               600000
  4.7961105213585e+00,  1.1064785183689e+00,  9.6739306428795e-01,  5.2070422622568e-01,  4.0739961355195e-01,  8.2401417215963e-04,  6.1360789527375e-05, -1.7070454731628e-01, -7.9686531919332e-03, -6.0685388145087e-01,  2.0186776436453e-02, -9.8262336064193e+00,  8.8268062100000e-01,  9.0313333333333e-01,               600000
  4.7921474030065e+00,  1.1091616696010e+00,  9.6930701394089e-01,  5.2200715338978e-01,  2.2500737384510e-01,  6.1238247014576e-04,  1.7421532948614e-04, -8.4901147115789e-02,  1.2477683511610e-02, -5.8565436495773e-01, -7.3448839402083e-02, -3.4831532175341e+00,  9.3519867200000e-01,  9.1625833333333e-01,               600000
  4.7883546669407e+00,  1.1105370299765e+00,  9.7401582424630e-01,  5.2040845990063e-01,  3.8238189479157e-01,  7.9831269436603e-04, -1.5763568764907e-03, -4.7779522668825e-02,  1.7188838177179e-02, -4.8509089475675e-01,  2.5711264988131e-02, -8.4949493197588e+00,  8.9913246900000e-01,  9.1173500000000e-01,               600000
  4.7876134995637e+00,  1.1103243211822e+00,  9.7740592685070e-01,  5.2574203650281e-01,  2.3944313721636e-01,  6.3172137478527e-04, -6.2077174446569e-04, -6.1247682376861e-02,  2.0627679834337e-02, -3.5019452911893e-01, -6.0228679476175e-02, -3.9844427174991e+00,  8.9530207300000e-01,  9.0491500000000e-01,               600000
  4.7880344693274e+00,  1.1083789367030e+00,  9.8293301061223e-01,  5.2147758616591e-01,  4.0014655147319e-01,  8.1664614070109e-04,  2.1053628754290e-03, -1.3160650874720e-01, -1.7051527533635e-04, -5.6030529426096e-01,  2.7437311407424e-02, -8.6589779804864e+00,  1.0467787690000e+00,  9.0753166666667e-01,               600000
  4.7850081709562e+00,  1.1066638980005e+00,  9.8699368855144e-01,  5.2323384780096e-01,  2.9909803648496e-01,  7.0604300681682e-04, -1.1008678633512e-04, -8.1809620307967e-02, -7.6411007796553e-03, -7.6994626658346e-01, -2.7417133145689e-02, -5.4340252137195e+00,  9.0085814300000e-01,  8.9681166666667e-01,               600000
  4.7825325074124e+00,  1.1058084252175e+00,  9.9185528693114e-01,  5.2333342839884e-01,  3.0280858969719e-01,  7.1040902501915e-04, -1.8901190083223e-03, -5.5315453984008e-02, -4.5969705730782e-03, -5.2000235922229e-01, -4.7883386721786e-03, -5.0735027369140e+00,  8.6072419800000e-01,  9.0728500000000e-01,               600000
  4.7835099540664e+00,  1.1054557420006e+00,  9.9653058871724e-01,  5.2469961927922e-01,  2.2060141707341e-01,  6.0635717894297e-04, -1.6025148092181e-03, -6.1330367963357e-02, -1.4798741580495e-02, -5.8960168745574e-01, -4.0475341121541e-02, -2.8184619493349e+00,  8.6871492000000e-01,  8.9904833333333e-01,               600000
  4.7871163598509e+00,  1.1064399665701e+00,  1.0024175945068e+00,  5.1904459487314e-01,  3.6585765469370e-01,  7.8087307407979e-04,  1.5707108065581e-03, -1.2110360288298e-01, -2.2885674413425e-03, -7.3853492923268e-01,  6.4840564600951e-02, -7.2772999550737e+00,  1.0053812290000e+00,  9.0306666666667e-01,               600000
  4.7878405380895e+00,  1.1075568582009e+00,  1.0052679640136e+00,  5.1425806756878e-01,  1.2890225595567e+00,  1.4657322172193e-03,  4.1639874300888e-03, -6.3174445367775e-01, -4.6535550473201e-04, -1.9316139760994e-01,  2.7714745216032e-01, -5.4489433361044e+01,  9.2830186800000e-01,  9.0364666666667e-01,               600000
  4.7821193200016e+00,  1.1086123399222e+00,  9.9801195090460e-01,  5.2381772143684e-01,  2.4584296166749e-01,  6.4010801388970e-04,  3.9714977413174e-04, -7.6264496391940e-02,  1.0573417969381e-02, -4.1397966156777e-01, -2.9037103858760e-02, -3.8402184608426e+00,  1.0844201330000e+00,  9.0226500000000e-01,               600000
  4.7763673368715e+00,  1.1086651822606e+00,  9.9268400775432e-01,  5.2066035546771e-01,  8.0094578667254e-01,  1.1553828994988e-03,  2.0674498966199e-04, -4.4514877206849e-01,  1.2677789891283e-04, -3.1729393163165e-01,  1.2128806827794e-01, -2.9716038663789e+01,  8.9456743700000e-01,  9.0215333333333e-01,               600000
  4.7712083843740e+00,  1.1087155844821e+00,  9.8375241482937e-01,  5.1958171352789e-01,  3.2118685229400e-01,  7.3164979361031e-04,  1.1950240565320e-03, -1.2647352515347e-01,  2.2717556363730e-03, -4.2278840406245e-01,  2.7505223880015e-02, -6.2642703521138e+00,  9.4923596200000e-01,  8.9751833333333e-01,               600000
  4.7646821126448e+00,  1.1085818705159e+00,  9.7475105110524e-01,  5.2297684971522e-01,  3.1957824137342e-01,  7.2981532067300e-04, -4.9567964540403e-04, -1.3871224602027e-01,  1.4049955300052e-02, -3.2391080641182e-01, -1.8589682414972e-02, -6.9236218472606e+00,  9.0080952100000e-01,  9.1250166666667e-01,               600000
  4.7597401270005e+00,  1.1072523077109e+00,  9.6750055391700e-01,  5.2043445819804e-01,  3.5079531908351e-01,  7.6462988768369e-04, -1.4388867604662e-03, -9.6340723105849e-02, -3.4546422997411e-03, -5.4710998282497e-01,  4.7223212424311e-03, -7.3005140657261e+00,  8.9202897700000e-01,  9.0624500000000e-01,               600000
  4.7577657594744e+00,  1.1063788841870e+00,  9.6092254747380e-01,  5.2229727000613e-01,  2.9491867741658e-01,  7.0109281056622e-04, -9.5491676058103e-04, -1.1245950037874e-01, -1.2729081533593e-02, -6.9913478109607e-01, -4.7691836946162e-02, -5.6486964183233e+00,  9.1379082900000e-01,  9.0136666666667e-01,               600000
  4.7576706860627e+00,  1.1067336792401e+00,  9.5697859076270e-01,  5.2020781338428e-01,  3.0101692693803e-01,  7.0830422717223e-04, -1.5610908442531e-04, -8.3214527803285e-02,  1.5084005540396e-02, -6.8549764243329e-01, -6.0910223579307e-02, -7.1507836648093e+00,  8.9048977200000e-01,  8.9841000000000e-01,               600000
  4.7579146781150e+00,  1.1057648061353e+00,  9.5595637137539e-01,  5.1979966314495e-01,  3.2920224356633e-01,  7.4072289416750e-04, -5.1975012666813e-04, -1.1835163784864e-01, -1.1595554003920e-03, -5.3327987230637e-01, -3.2257197963744e-02, -7.3275641328865e+00,  8.7323237400000e-01,  9.1083333333333e-01,               600000
  4.7591012569002e+00,  1.1050162877430e+00,  9.5644466664925e-01,  5.2309584034071e-01,  2.3845105321406e-01,  6.3041131178257e-04, -1.3017099582094e-03, -6.9976571470013e-02, -1.9649636253192e-03, -4.2334505479318e-01, -8.8485918272218e-02, -3.9492036753303e+00,  8.7207568300000e-01,  9.0732000000000e-01,               600000
  4.7624022575494e+00,  1.1045324201741e+00,  9.6042673710581e-01,  5.2281294785199e-01,  2.1411928559850e-01,  5.9738218587225e-04, -4.7393054057221e-04, -7.7013215694832e-02, -4.1311832489593e-03, -5.7445476448323e-01, -1.0466047526034e-01, -3.0939639120386e+00,  9.6146723900000e-01,  9.1028166666667e-01,               600000
  4.7662345100650e+00,  1.1044843251184e+00,  9.6814891904259e-01,  5.2293027974567e-01,  2.0841874962766e-01,  5.8937643549158e-04, -9.5398434823739e-04, -4.6988537638934e-02, -8.2680524263299e-03, -5.5991915107600e-01, -8.7909083327086e-02, -2.7583895723192e+00,  8.7363312200000e-01,  8.9847500000000e-01,               600000
  4.7713232077420e+00,  1.1051928356447e+00,  9.7857072479206e-01,  5.2136340510953e-01,  2.8633665715396e-01,  6.9081673541053e-04,  1.6196680890683e-04, -1.0606656763363e-01, -1.7507208773593e-02, -5.2503276409832e-01, -1.0040561601026e-02, -4.7504839626437e+00,  9.1222609200000e-01,  8.9773000000000e-01,               600000
  4.7757276333320e+00,  1.1073956061990e+00,  9.8844971689867e-01,  5.2053009077028e-01,  4.8756246635412e-01,  9.0144556718096e-04,  5.3289634447089e-04, -2.0964857674318e-01,  7.0821915814784e-03, -3.7693524813444e-01,  8.1146956132251e-02, -1.2616164358640e+01,  1.1262191870000e+00,  9.0726500000000e-01,               600000
  4.7789785303216e+00,  1.1087732185934e+00,  9.9441408453051e-01,  5.1797014347713e-01,  5.7284275401368e-01,  9.7710691500784e-04,  1.5764808893903e-03, -1.0999526841250e-01,  1.1762285242396e-02, -3.0339430048062e-01,  1.3230044582690e-01, -1.4216963212970e+01,  1.0030622800000e+00,  9.0810166666667e-01,               600000
  4.7793492405741e+00,  1.1089895985066e+00,  9.9489266179252e-01,  5.2111630787732e-01,  7.1716105711137e-01,  1.0932833249067e-03, -2.2469157363555e-03,  3.2949875132229e-02,  1.7435680227686e-02, -2.3359966915739e-01,  1.1165730547541e-01, -2.5776712879200e+01,  1.1823582420000e+00,  9.0290000000000e-01,               600000
  4.7834202575812e+00,  1.1076539183213e+00,  9.9149207142957e-01,  5.2452899091604e-01,  3.0617794971572e-01,  7.1435046220993e-04, -4.7218308442327e-04, -1.0550823375829e-01, -4.9226665372733e-03, -4.5501498696527e-01, -1.4183104161855e-02, -5.5221937494904e+00,  1.1061290650000e+00,  9.0860500000000e-01,               600000
  4.7879702168714e+00,  1.1069058284581e+00,  9.8908512098963e-01,  5.1995194440637e-01,  4.3546937204502e-01,  8.5192856903716e-04, -2.7678575429995e-04, -8.9399603049614e-02,  9.4103438146083e-03, -3.7648703660247e-01,  4.2160539282393e-02, -1.0604062982950e+01,  1.1745272440000e+00,  9.0202666666667e-01,               600000
  4.7926116805461e+00,  1.1054141678447e+00,  9.8548352837350e-01,  5.1986548759519e-01,  3.9508525757718e-01,  8.1146498956843e-04,  8.4368228805198e-04, -8.3518857526970e-02, -1.1945705670284e-02, -4.2237012236885e-01,  2.1887947270268e-02, -9.9416342433124e+00,  1.1543187610000e+00,  8.9916333333333e-01,               600000
  4.7954443142152e+00,  1.1051488994123e+00,  9.8157865161124e-01,  5.2153124687106e-01,  3.4914972536766e-01,  7.6283432601457e-04, -1.0220097920857e-03, -1.1812790648110e-01, -1.2852873899683e-03, -6.2457521559391e-01, -1.1267380285395e-02, -7.6486890480836e+00,  1.2871862530000e+00,  9.0770666666667e-01,               600000
  4.7998159655321e+00,  1.1050517937063e+00,  9.7864753789926e-01,  5.2351957601755e-01,  3.2934518741903e-01,  7.4088369242303e-04,  1.0540270688807e-03, -1.1614871867358e-01, -2.5825792328927e-02, -8.5127918334899e-01,  1.1238289383791e-03, -5.8637608976914e+00,  9.9550054900000e-01,  8.9982333333333e-01,               600000
  4.8020753310550e+00,  1.1072983624750e+00,  9.7607601727951e-01,  5.2117580186179e-01,  2.9920156729774e-01,  7.0616519230954e-04, -1.3167428807570e-04, -7.3862121629113e-02, -6.4071562656409e-03, -6.6839423998410e-01, -1.1471859634901e-03, -5.1261781994802e+00,  1.1038499320000e+00,  9.1124666666667e-01,               600000
  4.8043964944329e+00,  1.1099235040544e+00,  9.7390317241595e-01,  5.2167136281535e-01,  2.6357970619942e-01,  6.6279673379730e-04,  9.1070027132916e-04, -8.0203933196494e-02,  8.6992713718744e-04, -7.2938488926399e-01, -4.3302650947751e-02, -4.4783671208532e+00,  1.2397339950000e+00,  9.0141500000000e-01,               600000
  4.8050166624068e+00,  1.1122447623339e+00,  9.7372890492700e-01,  5.2337369960053e-01,  2.4252212333751e-01,  6.3577003617334e-04,  1.0141505709314e-03, -9.0179231843937e-02,  2.4328431551828e-02, -3.8853655866486e-01, -5.6545953019210e-02, -4.3877201944472e+00,  1.0347328050000e+00,  9.0166000000000e-01,               600000
  4.8039364748109e+00,  1.1121816145812e+00,  9.7587202291103e-01,  5.2438853037182e-01,  2.3682879599295e-01,  6.2826320916336e-04, -3.4300246357239e-04, -4.9384502913499e-02,  1.7425788568342e-02, -5.1921029570792e-01, -6.6193092433058e-02, -3.7906918704496e+00,  8.9729543600000e-01,  9.0706000000000e-01,               600000
  4.8035856248457e+00,  1.1105917652768e+00,  9.8046589924461e-01,  5.2190758776774e-01,  2.8821756644007e-01,  6.9308196537888e-04,  2.6638887218147e-04, -9.0966126012302e-02,  2.3485390217913e-02, -3.4646660593340e-01, -1.7561553542979e-02, -5.1906444174195e+00,  8.9918429800000e-01,  9.0678500000000e-01,               600000
  4.8028946824602e+00,  1.1070774289521e+00,  9.8539635091591e-01,  5.2234002529125e-01,  4.0982556663786e-01,  8.2646392000081e-04, -1.3057616578574e-03, -9.8688656833679e-02, -2.8357558758829e-03, -5.0953415522453e-01,  3.4311646598596e-02, -1.0353128077542e+01,  9.0832781600000e-01,  9.0402166666667e-01,               600000
  4.8045717544556e+00,  1.1041862307392e+00,  9.8869563842077e-01,  5.2109320872306e-01,  3.4260029339852e-01,  7.5564574305526e-04, -2.9485546599409e-04, -8.8347987287755e-02, -3.4432124324484e-02, -9.4930687167112e-01,  1.8943222492415e-02, -5.8803641165468e+00,  9.1484493600000e-01,  9.0343000000000e-01,               600000
  4.8066593648697e+00,  1.1047071688329e+00,  9.9104026584044e-01,  5.1939030982412e-01,  4.7536574052980e-01,  8.9009900248024e-04,  1.1921142671679e-03, -1.7759864334192e-01, -2.4151302007588e-02, -1.8244466290987e+00,  8.9404535017990e-02, -9.9611829752712e+00,  9.6407909400000e-01,  9.0334333333333e-01,               600000
  4.8066635981214e+00,  1.1074175866811e+00,  9.8983341017877e-01,  5.2264798957351e-01,  3.9427799584642e-01,  8.1063554886112e-04,  5.0736227511018e-04, -1.3086315740852e-01, -1.4007163878975e-02, -5.9062263380929e-01,  2.2812912963041e-02, -9.3146639005800e+00,  9.3803455700000e-01,  9.0517000000000e-01,               600000
  4.8059149810985e+00,  1.1111402537594e+00,  9.8803189540687e-01,  5.1720461912369e-01,  5.6527659578932e-01,  9.7063260796702e-04,  1.2658122434836e-03, -1.7612988510885e-01,  2.2592353261109e-02, -2.9753682613597e-01,  1.3671142149300e-01, -1.4132708093163e+01,  8.3775827300000e-01,  9.0235833333333e-01,               600000
  4.8032345258236e+00,  1.1124819733422e+00,  9.8134562235998e-01,  5.2207387715907e-01,  3.0298599405543e-01,  7.1061709574077e-04,  7.3973273740572e-04, -8.9207315856182e-02,  2.5117514590161e-02, -3.2436721210718e-01, -1.4151564283509e-02, -5.7671307479455e+00,  8.8294738900000e-01,  9.0159166666667e-01,               600000
  4.7996336692005e+00,  1.1114537048329e+00,  9.7598690563288e-01,  5.2137168962682e-01,  3.5958097826482e-01,  7.7414574237760e-04,  1.1068705120024e-03, -1.3038826671755e-01,  1.8973014408991e-02, -2.0761131150262e-01, -5.1537421168428e-04, -8.4071675032827e+00,  9.7754444500000e-01,  9.1353000000000e-01,               600000
  4.7946124681601e+00,  1.1088352715874e+00,  9.7134191282170e-01,  5.2020038659636e-01,  4.4990065882050e-01,  8.6592980741369e-04, -6.2747529321141e-04, -1.0194813833122e-01, -7.8509791639329e-03, -6.5919129657891e-01,  3.0449723886875e-02, -1.1459805049114e+01,  8.7558710900000e-01,  8.9802833333333e-01,               600000
  4.7912473697648e+00,  1.1072100679831e+00,  9.6618467182281e-01,  5.2101866990229e-01,  5.7115427736020e-01,  9.7566582168299e-04, -2.6547730424190e-04, -3.4325133697316e-01,  8.3173955396220e-03, -4.3229937402141e-01,  2.1705005126426e-02, -1.9981401839820e+01,  1.1684574860000e+00,  9.0702833333333e-01,               600000
  4.7889625789007e+00,  1.1050167858205e+00,  9.6107535343310e-01,  5.2278389244835e-01,  2.6946111263550e-01,  6.7015062067606e-04, -2.3626346755945e-04, -6.7223029325579e-02, -1.7701118712288e-02, -5.8877427260672e-01, -7.5831289481083e-02, -5.0288207278134e+00,  8.9187717000000e-01,  8.9751166666667e-01,               600000
  4.7873657532171e+00,  1.1046608893547e+00,  9.5956117692099e-01,  5.2209172155641e-01,  3.9374675833675e-01,  8.1008925263079e-04, -1.2453474372465e-03, -1.0530924052023e-01, -5.8118837348394e-02, -1.4480469947193e+00, -6.8562903303155e-03, -7.8183689121465e+00,  8.5841445400000e-01,  9.0581833333333e-01,               600000
  4.7881533355299e+00,  1.1096110452440e+00,  9.5862033713269e-01,  5.2251645566597e-01,  2.9991202125250e-01,  7.0700308963551e-04, -6.2092336813023e-04, -1.0816375129076e-01,  1.9392590295200e-02, -2.1958112108485e-01, -4.9387258006124e-02, -6.1397095876456e+00,  8.7866054100000e-01,  9.0613500000000e-01,               600000
  4.7900215458542e+00,  1.1123417623812e+00,  9.5983983784732e-01,  5.2086762018259e-01,  2.6309170579081e-01,  6.6218288736422e-04,  8.0153628801470e-04, -1.1275688388063e-01,  3.7904366205847e-02, -2.4665236079019e-01, -3.3727962266896e-02, -4.8119395079770e+00,  9.2731803900000e-01,  9.0156333333333e-01,               600000
  4.7904244335097e+00,  1.1114149854674e+00,  9.6236353464603e-01,  5.2183365833535e-01,  2.6897499515701e-01,  6.6954585996406e-04, -5.7687763596039e-04, -9.2781153321669e-02,  2.0691968073465e-02, -3.7761581948300e-01, -5.1597187038444e-02, -5.1051617683513e+00,  9.7090748500000e-01,  8.9755500000000e-01,               600000
  4.7918597328960e+00,  1.1087440344791e+00,  9.6677217819356e-01,  5.2143580031059e-01,  2.8572907637468e-01,  6.9008342053054e-04,  1.7494436036873e-03, -1.0370011052376e-01,  2.0740540875045e-02, -3.0531745295335e-01, -3.0903525757202e-02, -5.6761481874772e+00,  8.6258285100000e-01,  9.0262333333333e-01,               600000
  4.7902318971843e+00,  1.1044934081023e+00,  9.7207688521984e-01,  5.2193853397735e-01,  3.2810103718310e-01,  7.3948296935889e-04, -4.5068981180509e-04, -8.5715967832573e-02, -1.5084884794546e-02, -5.2477463435441e-01, -1.8623147290581e-02, -6.3576093443218e+00,  8.5641484000000e-01,  8.9800833333333e-01,               600000
  4.7896146489902e+00,  1.1020407319751e+00,  9.7771966303563e-01,  5.2013215329924e-01,  4.6185414073882e-01,  8.7735790942543e-04,  2.5720700167442e-03, -2.3084077468305e-01, -1.8279900700582e-02, -5.5056513797170e-01,  5.1365391278951e-02, -1.1494700101703e+01,  8.7327665400000e-01,  9.0654500000000e-01,               600000
  4.7848427382348e+00,  1.1014975602774e+00,  9.8099640281189e-01,  5.2056150235619e-01,  3.5190056668945e-01,  7.6583349657900e-04, -1.8570435007604e-04, -9.7687330421925e-02, -3.4052798991198e-02, -1.0640642548924e+00,  1.6891135522760e-02, -6.2296289214687e+00,  9.1890470900000e-01,  8.9885333333333e-01,               600000
  4.7809450562235e+00,  1.1041119718048e+00,  9.8340367298946e-01,  5.2256658360530e-01,  3.6187720909489e-01,  7.7661359878953e-04,  4.5610619226837e-04, -1.0909811914365e-01, -1.7351502589277e-02, -6.7704875777812e-01,  3.2190068058144e-03, -7.7010386800614e+00,  8.7291153200000e-01,  9.0946833333333e-01,               600000
  4.7767409016558e+00,  1.1080555569517e+00,  9.8559851476574e-01,  5.2311190725635e-01,  6.4100537921087e-01,  1.0336064525170e-03, -2.2249606552677e-03,  6.0265303028730e-02, -2.4753680215675e-03, -1.0976389767620e+00,  3.2465956406690e-02, -2.3250943077942e+01,  8.8449986700000e-01,  9.1153333333333e-01,               600000
  4.7767362549672e+00,  1.1118819710163e+00,  9.8674819451011e-01,  5.2232765054890e-01,  3.6290954491388e-01,  7.7772054204781e-04,  7.0359128136456e-04, -1.5816638136238e-01,  1.7117999310282e-02, -3.1444755049310e-01,  2.6703786112366e-02, -7.7202460302931e+00,  1.1994057420000e+00,  9.1528500000000e-01,               600000
  4.7756575284543e+00,  1.1138022552587e+00,  9.8687515733025e-01,  5.2411500271052e-01,  2.2728981048025e-01,  6.1548058523435e-04, -4.6611807224512e-04, -8.8495608456850e-02,  4.0134201000994e-02, -1.4173815451851e-01, -6.5090680999053e-02, -4.3222120361866e+00,  1.2419503440000e+00,  9.0138500000000e-01,               600000
  4.7755646984257e+00,  1.1119272667999e+00,  9.8966516476734e-01,  5.2195592652429e-01,  3.5790295392468e-01,  7.7233731180605e-04, -4.7841803895350e-04, -7.1351043572212e-02,  1.9714723734935e-02, -4.1584656667632e-01,  2.1321510013800e-02, -7.6954704642649e+00,  1.2387481790000e+00,  8.9597500000000e-01,               600000
  4.7763678978471e+00,  1.1084841174711e+00,  9.9148341743636e-01,  5.2069972144487e-01,  3.6148061577590e-01,  7.7618792374001e-04,  8.6295740193307e-04, -1.4738196859859e-01,  8.2621951260170e-03, -6.5385979364761e-01,  3.3312092455339e-02, -8.4692634849860e+00,  1.0758829720000e+00,  9.0308333333333e-01,               600000
  4.7757285631035e+00,  1.1046664324524e+00,  9.9196190601855e-01,  5.2464894117942e-01,  2.8103052697852e-01,  6.8438601069197e-04, -2.5658148721085e-03, -5.9624434797632e-02, -3.8477534318093e-02, -8.6161079896337e-01, -3.6474284525896e-02, -4.5841286488868e+00,  1.1789668850000e+00,  8.9896666666667e-01,               600000
  4.7796228174842e+00,  1.1047344833914e+00,  9.9394064965720e-01,  5.2377512154335e-01,  2.8230299933375e-01,  6.8593366945323e-04, -5.8583913474668e-04, -4.2769719269821e-02, -3.3048839287333e-03, -5.2766732868616e-01, -2.2111598137750e-02, -4.8779339721170e+00,  1.0874380980000e+00,  9.0995333333333e-01,               600000
  4.7841783705287e+00,  1.1051172240482e+00,  9.9670511649679e-01,  5.1952830131371e-01,  4.1773517594065e-01,  8.3440115845702e-04,  1.0671597266082e-03, -1.6039593301074e-01, -5.8496945877380e-03, -5.5424422986872e-01,  5.1172115479594e-02, -1.0248879996576e+01,  9.6500876900000e-01,  9.0590000000000e-01,               600000
  4.7865793634426e+00,  1.1060147368763e+00,  9.9735286972870e-01,  5.2097904087738e-01,  3.4106159554848e-01,  7.5394694281548e-04, -7.5701677528068e-04, -1.1850737298478e-01,  2.9057121748106e-03, -3.8519434097980e-01,  2.4624169998939e-02, -6.5489786534669e+00,  9.7703621700000e-01,  9.0230833333333e-01,               600000
  4.7901516686928e+00,  1.1065786258255e+00,  9.9708149491843e-01,  5.2191940827530e-01,  4.7401000602976e-01,  8.8882882306790e-04,  7.3020478523718e-04, -1.5929340906983e-01, -1.3924308367417e-02, -9.5621225499273e-01,  7.4567246986767e-02, -1.0508945900025e+01,  8.6320225800000e-01,  9.1314500000000e-01,               600000
  4.7922460300331e+00,  1.1083888645991e+00,  9.9406213709429e-01,  5.2004810901448e-01,  3.6513610530990e-01,  7.8010266985603e-04,  2.2063043900982e-03, -1.2799873119076e-01,  7.4930392020176e-03, -3.6306883440601e-01,  2.9762858274862e-02, -8.6649526580809e+00,  9.0770793300000e-01,  9.0590666666667e-01,               600000
  4.7904312108485e+00,  1.1093583231226e+00,  9.9032196255462e-01,  5.2101980489816e-01,  4.5436628932309e-01,  8.7021672523103e-04, -7.8812587242173e-04, -1.0184766810370e-01,  6.2413349702789e-03, -2.5315692458687e-01,  7.9112768427659e-02, -1.0164068468668e+01,  9.0815303700000e-01,  9.0529666666667e-01,               600000
  4.7902454452381e+00,  1.1096776598629e+00,  9.8399185678696e-01,  5.2332928476815e-01,  2.6649341272911e-01,  6.6645006405720e-04, -1.5832019222809e-03, -4.5719575909905e-02,  1.3827945418665e-02, -3.7951113910690e-01, -4.8613455111282e-02, -5.0282610139205e+00,  9.6682549100000e-01,  9.0104500000000e-01,               600000
  4.7928512689881e+00,  1.1087275341759e+00,  9.8034138315175e-01,  5.2093501290070e-01,  2.6355273322317e-01,  6.6276281984731e-04, -9.4012962566796e-04, -6.8860357437861e-02,  9.0080212164596e-03, -5.2334241692415e-01, -1.5029521053649e-02, -4.1548043415724e+00,  8.9206455500000e-01,  9.0438833333333e-01,               600000
  4.7968823394923e+00,  1.1070764225133e+00,  9.7773816128619e-01,  5.2236299310858e-01,  3.4001068099315e-01,  7.5278447667438e-04,  2.1250214578005e-04, -7.3049131162794e-02, -9.1688451082485e-03, -5.5820501834439e-01,  5.7462138393149e-03, -6.4670779612480e+00,  8.5062360800000e-01,  8.8928166666667e-01,               600000
  4.8002109728159e+00,  1.1064482647123e+00,  9.7529087482687e-01,  5.2338547230172e-01,  2.9878619734761e-01,  7.0567485117393e-04, -1.0889882849923e-03, -7.7982592965575e-02, -3.1807928938466e-02, -1.2700470541011e+00, -3.0888444078300e-02, -4.8805724731889e+00,  8.9432806800000e-01,  8.9513333333333e-01,               600000
  4.8051613830469e+00,  1.1088338002061e+00,  9.7442706933750e-01,  5.1968242283668e-01,  4.3338383393295e-01,  8.4988610406822e-04,  1.4926228161353e-04, -2.5538520548077e-02,  1.6453731374011e-02, -2.2089939534958e-01,  3.2144640739294e-02, -1.1678413258995e+01,  9.3304836700000e-01,  9.1081500000000e-01,               600000
  4.8093864697846e+00,  1.1094950427709e+00,  9.7258903810040e-01,  5.2108151647051e-01,  4.5342284925410e-01,  8.6931280259572e-04,  2.0691317882451e-03, -4.5831410558435e-02,  7.2009592049391e-03, -6.1879593840023e-01,  3.3205955642601e-02, -1.2551831819211e+01,  8.8831610400000e-01,  9.0445333333333e-01,               600000
  4.8096408496810e+00,  1.1094627731754e+00,  9.6984676015214e-01,  5.2275888823022e-01,  3.5058882717875e-01,  7.6440480896223e-04,  8.9876393951943e-04, -2.0845975702721e-01,  1.7262676588390e-02, -5.2783466656778e-01, -2.3720515027976e-02, -8.8721853450120e+00,  9.5702660700000e-01,  8.9875166666667e-01,               600000
  4.8084930454538e+00,  1.1078828329962e+00,  9.6851277352504e-01,  5.2329649363814e-01,  2.3100356607034e-01,  6.2048847165001e-04, -8.1395520312610e-04, -6.4961026284542e-02,  7.1394295767531e-03, -5.2419777088139e-01, -7.1792604289779e-02, -3.6999050712973e+00,  1.1285474240000e+00,  9.0146833333333e-01,               600000
  4.8089273541663e+00,  1.1058306807408e+00,  9.7028460071936e-01,  5.2121355681860e-01,  4.4527304597030e-01,  8.6146488221159e-04,  1.9483931352592e-03, -2.2569414242151e-01, -2.4065381141798e-02, -8.0474513670481e-01,  3.7238025675562e-02, -1.0525172057212e+01,  9.5633054500000e-01,  9.0994833333333e-01,               600000
  4.8061366089346e+00,  1.1062191592134e+00,  9.7058925813660e-01,  5.2169820294016e-01,  3.5682680499319e-01,  7.7117529891415e-04,  9.9537916331504e-04, -1.0816013603428e-01, -6.3826814410640e-03, -3.5879849670169e-01, -1.3486760226626e-02, -8.0284464129184e+00,  1.0439319130000e+00,  9.0720833333333e-01,               600000
  4.8019901265056e+00,  1.1071697344550e+00,  9.7157170120794e-01,  5.1969639285593e-01,  3.8722032807419e-01,  8.0334750479290e-04,  1.0286674866198e-03, -7.8021753355447e-02,  7.2143318470813e-03, -3.5568073361269e-01,  4.1799540832484e-02, -8.3977484364804e+00,  9.9154107000000e-01,  8.9771833333333e-01,               600000
  4.7965375547025e+00,  1.1073816492650e+00,  9.7093443278175e-01,  5.2219595178806e-01,  3.5620149995508e-01,  7.7049929694439e-04,  7.9085519597956e-04, -1.4760314268927e-01,  3.5819073538033e-03, -3.3705561908314e-01, -2.5534343610207e-02, -8.6116541926127e+00,  1.0819351150000e+00,  9.0396666666667e-01,               600000
  4.7903789307765e+00,  1.1072594384996e+00,  9.7156966238538e-01,  5.2363962747736e-01,  3.1053946627791e-01,  7.1942044530987e-04,  2.1214570788349e-04, -8.5423360175844e-02, -6.1208206090397e-03, -5.4112013661518e-01, -3.4648812541966e-02, -6.2289968684387e+00,  8.4221102300000e-01,  9.0336333333333e-01,               600000
  4.7845335488364e+00,  1.1077365434948e+00,  9.7367375295199e-01,  5.2198568155865e-01,  3.8011861439537e-01,  7.9594662132098e-04,  2.8445697045550e-03, -2.1593455184115e-01,  4.0333207883772e-03, -5.8566066299669e-01, -4.1510860637273e-03, -9.2122795234714e+00,  8.5415311100000e-01,  8.9908166666667e-01,               600000
  4.7745476567563e+00,  1.1078223796917e+00,  9.7592580171862e-01,  5.2238453629485e-01,  2.9856615705419e-01,  7.0541495714011e-04, -1.0516901628861e-03, -1.3147674836828e-01,  1.7122975805454e-03, -6.9140887525594e-01, -4.2494019693963e-02, -5.8189432040589e+00,  8.7338896100000e-01,  9.1572333333333e-01,               600000
  4.7674936882147e+00,  1.1077738257008e+00,  9.7979950679836e-01,  5.1858739858961e-01,  4.3603717415283e-01,  8.5248379667185e-04,  1.1816928817232e-03, -1.4470666851067e-01,  4.7592603303610e-03, -4.2108827947733e-01,  5.6876436784590e-02, -1.0275777130800e+01,  8.7647242000000e-01,  9.0711333333333e-01,               600000
  4.7592159691305e+00,  1.1073103790971e+00,  9.8118335277837e-01,  5.1733349126026e-01,  4.9424627695068e-01,  9.0760332465114e-04,  8.3655088354356e-04, -1.8004169930216e-01, -6.6440089190823e-03, -3.7287744139796e-01,  1.1456901141727e-01, -1.1226118843062e+01,  8.7508163200000e-01,  9.0823666666667e-01,               600000
  4.7504612346007e+00,  1.1075237711383e+00,  9.7800772813525e-01,  5.2106161068624e-01,  3.3428400183718e-01,  7.4641811544333e-04, -7.3961967671126e-04, -1.6750552915814e-01,  3.5906113389420e-03, -3.6093046500529e-01, -1.5366918736276e-03, -7.0173453635598e+00,  8.5977351400000e-01,  9.0605666666667e-01,               600000
  4.7440064758011e+00,  1.1074005997192e+00,  9.7535050229882e-01,  5.2128722968173e-01,  3.0546741668264e-01,  7.1352110069552e-04, -2.9321356851729e-03, -3.6989373384558e-02,  6.0690398168528e-03, -2.4875337287468e-01, -3.3703517851455e-02, -6.3459419733317e+00,  9.3742479400000e-01,  9.0827166666667e-01,               600000
  4.7433318131134e+00,  1.1067388884701e+00,  9.7445535051986e-01,  5.2549225232474e-01,  3.0108314601939e-01,  7.0838213089098e-04, -2.4383216531825e-03, -4.5332345856831e-02, -2.9218878585358e-02, -9.1093479665031e-01, -4.0956447419503e-02, -5.0227609076782e+00,  1.0763199310000e+00,  9.0769833333333e-01,               600000
  4.7469757430621e+00,  1.1088917237282e+00,  9.7541674170011e-01,  5.2056444327309e-01,  3.0720895418487e-01,  7.1555218093543e-04, -5.9670612831704e-04, -5.1253084308692e-02,  1.3232039226346e-02, -3.7403924598608e-01,  2.2831159804053e-03, -5.9058172188997e+00,  1.1105453550000e+00,  8.9868166666667e-01,               600000
  4.7513348677297e+00,  1.1096219333688e+00,  9.7631048157753e-01,  5.2280202279535e-01,  2.4873537849026e-01,  6.4386253513497e-04, -2.6995955074489e-03, -3.6456044437157e-02,  1.2802518288323e-02, -3.9296241838200e-01, -5.8717933340789e-02, -4.2623808385530e+00,  9.4023656900000e-01,  8.9776000000000e-01,               600000
  4.7599261200274e+00,  1.1091098385176e+00,  9.7959279098526e-01,  5.2306304880766e-01,  5.9250542863636e-01,  9.9373489811281e-04, -2.2950277531067e-03,  4.0009068503161e-02,  8.2569863865243e-03, -2.6046371847467e-01,  5.7565565688132e-02, -1.9596875127565e+01,  1.1083540330000e+00,  9.0614333333333e-01,               600000
  4.7715536994912e+00,  1.1078931434405e+00,  9.8060223170696e-01,  5.2089227295519e-01,  4.4983316082799e-01,  8.6586484783326e-04, -4.5213934025590e-04, -7.5027223833369e-02,  1.3639298757815e-02, -3.7829739452439e-01,  3.6669422275617e-02, -1.1890696087224e+01,  9.1300155700000e-01,  9.1151166666667e-01,               600000
  4.7828742849526e+00,  1.1055457354240e+00,  9.8025852229475e-01,  5.2425752114209e-01,  3.2279586532580e-01,  7.3348013529770e-04, -1.8965480700045e-03, -2.7638685324252e-02, -1.8249315023553e-02, -7.7851081403389e-01, -3.1472864180234e-02, -6.2786017731770e+00,  8.7673297600000e-01,  9.0150166666667e-01,               600000
  4.7963374402462e+00,  1.1051666999764e+00,  9.8136196812223e-01,  5.1727967395746e-01,  3.4416314673354e-01,  7.5736731151793e-04,  2.9530314088016e-03, -1.1604439862875e-01,  8.6150014218820e-03, -4.7189268376058e-01,  5.6455683289637e-02, -6.2671025467617e+00,  9.0111549500000e-01,  9.0807833333333e-01,               600000
  4.8034470392000e+00,  1.1040441146425e+00,  9.8017774122926e-01,  5.2386464638819e-01,  3.1562290659040e-01,  7.2528489412828e-04,  4.7072229593244e-04, -8.0049514135849e-02, -2.2275578128638e-02, -9.0287986798528e-01, -1.3635210910554e-02, -5.3270072597147e+00,  8.8554640800000e-01,  9.0171000000000e-01,               600000
  4.8091152717910e+00,  1.1051526437403e+00,  9.7977705643041e-01,  5.2234044313461e-01,  3.0648620670855e-01,  7.1470997230642e-04, -9.0280980532294e-04, -7.3949920624356e-02, -5.2037801675051e-03, -5.5204454518580e-01, -1.6368455963620e-02, -5.7063364521944e+00,  8.4178047000000e-01,  8.9879666666667e-01,               600000
  4.8158335369473e+00,  1.1066633022769e+00,  9.8020298808798e-01,  5.2085214919305e-01,  3.5600170339747e-01,  7.7028317671432e-04,  7.8720432117307e-04, -1.2354388463285e-01, -9.9619703661415e-03, -6.2788814608665e-01,  1.7502000553686e-02, -6.9189245283547e+00,  8.8680663800000e-01,  9.0425000000000e-01,               600000
  4.8206400753078e+00,  1.1089851075093e+00,  9.8001112712943e-01,  5.2142528146265e-01,  3.5768094511508e-01,  7.7209773249578e-04, -9.2874852185677e-04, -5.2668920333621e-02,  1.7536778798695e-02, -6.8869839529930e-01,  2.5125580824816e-02, -7.6694737884570e+00,  9.1826247700000e-01,  8.9354333333333e-01,               600000
  4.8266113282820e+00,  1.1094679435878e+00,  9.7896432633873e-01,  5.1878049663419e-01,  3.2653245624429e-01,  7.3771319657924e-04,  1.9737614423325e-03, -8.7357182373174e-02,  1.3075087572726e-02, -4.3908761057467e-01,  3.7407337151181e-02, -6.2141282044500e+00,  8.5865144200000e-01,  9.0676833333333e-01,               600000
  4.8286651185535e+00,  1.1086989523232e+00,  9.7661208733355e-01,  5.1970595786920e-01,  4.1105889025981e-01,  8.2770656058353e-04,  1.8429624594721e-03, -1.6218192368790e-01,  1.6744928176185e-02, -4.4098869443205e-01,  4.1281563032806e-02, -9.5723709124176e+00,  9.9512122400000e-01,  8.9932166666667e-01,               600000
  4.8274884457398e+00,  1.1064573440659e+00,  9.7299247197568e-01,  5.2136913978382e-01,  2.5188059755646e-01,  6.4792051667426e-04,  2.5796198719273e-03, -9.4800677132817e-02,  5.3767625243919e-03, -8.4478712700554e-01, -4.2962327329817e-02, -3.8936896833973e+00,  8.2185958600000e-01,  9.0937333333333e-01,               600000
  4.8220982910204e+00,  1.1039722068466e+00,  9.7158066372946e-01,  5.1900137839581e-01,  3.7864316456301e-01,  7.9440036564590e-04,  1.1215666129717e-03, -7.8830849670665e-02, -1.8712060631112e-02, -1.2002251304105e+00,  2.7454936781714e-02, -7.2969313103696e+00,  8.6693393500000e-01,  8.9830500000000e-01,               600000
  4.8153908364356e+00,  1.1035479471611e+00,  9.6932786430076e-01,  5.2144788129702e-01,  4.1752319976337e-01,  8.3418942669253e-04, -2.9328380367872e-05, -7.4714063634502e-02, -3.0409679939380e-02, -1.0571037882098e+00,  2.6709509436526e-02, -9.2475070614193e+00,  9.0058577200000e-01,  9.1001000000000e-01,               600000
  4.8094602513597e+00,  1.1060706502683e+00,  9.6638704581329e-01,  5.2033263180963e-01,  4.0803754756444e-01,  8.2465906850896e-04,  1.0277859656962e-03, -1.3941991467101e-01, -5.7985925785597e-03, -4.9295714206408e-01,  7.9231374384732e-03, -1.1332636962154e+01,  8.6408221600000e-01,  9.0704833333333e-01,               600000
  4.8024742501377e+00,  1.1089122441344e+00,  9.6364349452725e-01,  5.2287036847188e-01,  3.0828657496259e-01,  7.1680608135742e-04,  9.4114773580957e-04, -1.1415233263278e-01,  4.3674138301402e-03, -8.6714258192310e-01, -4.4978117926373e-02, -7.0612008518567e+00,  8.0484071200000e-01,  9.1136166666667e-01,               600000
  4.7946628096655e+00,  1.1111028238162e+00,  9.6317746865525e-01,  5.2205874947558e-01,  3.2557302189375e-01,  7.3662860598557e-04,  3.7731776295613e-04, -6.7774083908652e-02,  1.7529697298109e-02, -6.4704034639413e-01, -3.8819486860351e-02, -7.3565035407372e+00,  8.7733364500000e-01,  9.1340666666667e-01,               600000
  4.7870327888957e+00,  1.1114551305477e+00,  9.6451496595293e-01,  5.1840062034650e-01,  2.7059500135418e-01,  6.7155913285699e-04,  1.1948081752464e-03, -7.9857003875469e-02,  2.5702847370631e-02, -3.2188267749608e-01, -1.1769430766238e-02, -4.8382448870416e+00,  8.8962104400000e-01,  9.0260166666667e-01,               600000
  4.7781749772176e+00,  1.1093660263823e+00,  9.6630768384945e-01,  5.2113923383231e-01,  3.5515464146869e-01,  7.6936623427846e-04, -1.3543868562833e-05, -1.2956739892587e-01, -1.1170156054121e-04, -8.3883348402207e-01, -3.3461841264472e-03, -7.6703022149919e+00,  9.7057180200000e-01,  9.0498666666667e-01,               600000
  4.7703271396539e+00,  1.1075333867717e+00,  9.6822100125689e-01,  5.2397910562432e-01,  3.2390376902204e-01,  7.3473778658562e-04, -8.0131425043296e-04, -1.1753043446718e-01, -2.3937491905196e-02, -1.2735926390565e+00, -4.9059883107944e-02, -6.5373387159546e+00,  1.1602577040000e+00,  9.0416666666667e-01,               600000
  4.7647412464991e+00,  1.1082023317766e+00,  9.7211365575262e-01,  5.2306404527405e-01,  2.4650246963571e-01,  6.4096602826737e-04, -1.7704423118017e-03, -5.2741286304742e-02,  8.8645160681486e-03, -4.5379065863651e-01, -5.7497081263689e-02, -4.0878624679801e+00,  1.0056037310000e+00,  9.1002833333333e-01,               600000
  4.7628142536126e+00,  1.1079891484612e+00,  9.7808644068519e-01,  5.1944210659842e-01,  3.9874493976986e-01,  8.1521463407892e-04, -1.4065873835946e-03, -4.0547498431326e-02,  2.6642432197869e-03, -8.3706302175888e-01,  2.8454064236821e-02, -9.4675011388192e+00,  1.0369587290000e+00,  9.1002500000000e-01,               600000
  4.7635390836713e+00,  1.1075845991644e+00,  9.8248322593567e-01,  5.2065213680805e-01,  2.5595577532418e-01,  6.5314084152933e-04, -1.1739271202699e-04, -7.2080207368224e-02,  1.5776393124943e-02, -3.7319165767592e-01, -2.0537676808684e-02, -4.1817479871987e+00,  1.0140713780000e+00,  9.0701166666667e-01,               600000
  4.7644570934852e+00,  1.1057442142622e+00,  9.8738551339915e-01,  5.1979345791600e-01,  4.9779933623550e-01,  9.1085979184093e-04,  1.9197424675640e-03, -2.0486638337815e-01, -1.4061681318170e-02, -7.7314798542550e-01,  9.6057639994617e-02, -1.1295100720153e+01,  1.0028790340000e+00,  8.9864000000000e-01,               600000
  4.7621487701095e+00,  1.1054554913306e+00,  9.8803837553791e-01,  5.2214263838219e-01,  3.0174387124442e-01,  7.0915897517696e-04,  4.8331317278831e-05, -8.8827696601619e-02, -8.3606685587914e-03, -6.7584475505614e-01,  9.7900721715919e-03, -5.0374995051252e+00,  8.9128275100000e-01,  9.1220666666667e-01,               600000
  4.7600617260256e+00,  1.1060206340855e+00,  9.8832459062054e-01,  5.2291193687572e-01,  3.0508367625030e-01,  7.1307278292647e-04, -1.1919746445155e-03, -1.3917718461636e-01, -1.8347265066090e-02, -9.3928172895033e-01, -1.6399174287186e-02, -5.4753201193569e+00,  9.3533011100000e-01,  9.0130500000000e-01,               600000
  4.7603619319593e+00,  1.1083160760978e+00,  9.8937862563684e-01,  5.2054191344158e-01,  2.5193004916189e-01,  6.4798411652588e-04,  9.0928211834102e-04, -8.9805750499731e-02,  1.4171094631713e-02, -3.1610368064475e-01, -1.4267211057525e-02, -3.9527852239513e+00,  9.0770044500000e-01,  9.0226166666667e-01,               600000
  4.7591379875779e+00,  1.1090522783628e+00,  9.9100503805458e-01,  5.2223444758676e-01,  4.0759327951223e-01,  8.2421000510816e-04, -9.9302524931570e-04, -1.2137585222060e-01,  3.4073383426129e-03, -2.3313083725692e-01,  1.8538718316556e-02, -1.0594000975935e+01,  1.0335745980000e+00,  9.1080833333333e-01,               600000
  4.7598585758894e+00,  1.1094025944134e+00,  9.9191840266306e-01,  5.2281135360890e-01,  6.1034641657782e-01,  1.0085851613174e-03, -1.9232916895196e-03, -3.1861064366160e-01, -7.8686273820492e-03, -5.9332401084158e-01,  6.3532482935105e-02, -1.8835344087025e+01,  9.5222984000000e-01,  9.0254166666667e-01,               600000
  4.7641037301748e+00,  1.1104961709807e+00,  9.9048313656429e-01,  5.1974964315921e-01,  3.5864672088648e-01,  7.7313940192620e-04,  8.2068321136450e-04, -9.7808731023302e-02,  2.3202380185526e-02, -3.9914673454520e-01,  4.0254694242195e-02, -7.1523193020483e+00,  9.5513441500000e-01,  8.9954333333333e-01,               600000
  4.7665935388244e+00,  1.1092885259369e+00,  9.8765893877058e-01,  5.2109594698684e-01,  3.6999735646842e-01,  7.8527846066265e-04,  7.5332298081906e-05, -1.4890192033471e-01,  1.7827490761718e-02, -2.3081192689337e-01,  2.2226523364382e-02, -8.4495304845206e+00,  9.2816314800000e-01,  9.0333166666667e-01,               600000
  4.7688358183666e+00,  1.1065116796501e+00,  9.8436158025654e-01,  5.2239068215528e-01,  2.4697285463070e-01,  6.4157729416221e-04, -1.0057709756098e-03, -6.2521602360141e-02, -3.8807447369009e-03, -3.9632014998582e-01, -3.8243360606008e-02, -3.7593276626625e+00,  9.1569353200000e-01,  9.0358166666667e-01,               600000
  4.7726518106099e+00,  1.1043987867942e+00,  9.8307023797842e-01,  5.2178902157019e-01,  3.6482864335814e-01,  7.7977415892695e-04, -1.5790104160607e-04, -9.7598299415276e-02, -1.8610994827863e-02, -5.5292857494755e-01,  2.1098736027988e-02, -7.1938246187001e+00,  9.4100783400000e-01,  9.0047166666667e-01,               600000
  4.7764492290603e+00,  1.1043007273772e+00,  9.8117359277677e-01,  5.2120460329969e-01,  3.4403430521901e-01,  7.5722553357526e-04, -1.1668851270953e-03, -9.2664851305101e-02, -2.8577274383960e-02, -7.7587671253819e-01,  2.3906708696890e-02, -5.9985690410719e+00,  9.9540582800000e-01,  9.0125333333333e-01,               600000
  4.7819736418202e+00,  1.1069793851621e+00,  9.7858794969548e-01,  5.2251045089183e-01,  2.7230867368696e-01,  6.7368226151373e-04, -4.1732381340465e-05, -5.9057229441533e-02, -3.6234674015615e-03, -4.5873373227796e-01, -3.3288261915615e-02, -4.8073365741245e+00,  1.0559524200000e+00,  8.9416500000000e-01,               600000
  4.7870759901453e+00,  1.1097618056208e+00,  9.7775678936566e-01,  5.1975231423859e-01,  4.6709097183347e-01,  8.8231794329243e-04, -8.4053514660909e-05, -1.2605697061810e-01,  1.4433384116483e-02, -3.5581566535326e-01,  4.4384440336049e-02, -1.1825036090343e+01,  9.0830452200000e-01,  9.0959166666667e-01,               600000
  4.7919300084293e+00,  1.1109035349236e+00,  9.7539237507804e-01,  5.2236558419833e-01,  2.7965365177827e-01,  6.8270741876037e-04, -3.9348810195116e-04, -9.1965048360162e-02,  2.6339670363646e-02, -2.7989256158965e-01, -4.2534337503563e-02, -5.5090439045348e+00,  9.6726167200000e-01,  9.0244666666667e-01,               600000
  4.7970694051831e+00,  1.1094228398277e+00,  9.7516637992060e-01,  5.2075676252597e-01,  3.9077073468479e-01,  8.0702203055925e-04, -2.1416963690315e-04, -8.0017636790329e-02, -1.8930992152770e-03, -5.3253282953399e-01,  4.1110849471088e-02, -8.4246260271218e+00,  9.1937768700000e-01,  9.0520833333333e-01,               600000
  4.8021440973066e+00,  1.1082954731780e+00,  9.7341099526090e-01,  5.2561584889885e-01,  2.3398474547735e-01,  6.2447944385350e-04, -5.8712293332790e-04, -7.9175193169722e-02, -3.4369660798366e-03, -4.9608560527401e-01, -8.3193337484404e-02, -3.6953225596077e+00,  8.8011344200000e-01,  9.0510000000000e-01,               600000
  4.8078104596550e+00,  1.1076332393920e+00,  9.7540494925172e-01,  5.2257603938648e-01,  3.0117420900023e-01,  7.0848924833083e-04, -8.8069936468288e-04, -8.5049867605378e-02,  1.8123608865616e-03, -5.3874877147500e-01, -4.0122868197695e-02, -6.2241547727112e+00,  9.2361141000000e-01,  9.0644500000000e-01,               600000
  4.8145273537084e+00,  1.1068881567159e+00,  9.7901756514887e-01,  5.2169903776208e-01,  2.8526131592894e-01,  6.8951832937800e-04,  1.6905253593424e-04, -9.6307733887190e-02, -7.5337762681778e-03, -5.1665633129754e-01, -2.5765678435541e-02, -5.1965865552158e+00,  1.0023030130000e+00,  9.1363333333333e-01,               600000
  4.8203688684326e+00,  1.1069665653470e+00,  9.8346540140150e-01,  5.1869601597471e-01,  5.2609243404784e-01,  9.3638705854634e-04,  6.2483696324990e-04, -1.3795836118096e-01,  1.3870105707504e-02, -6.0107069937860e-01,  8.6702065371066e-02, -1.3875515914060e+01,  9.1887962200000e-01,  9.0114333333333e-01,               600000
  4.8246583928918e+00,  1.1057302545222e+00,  9.8411230006709e-01,  5.1758906954936e-01,  4.4932369997703e-01,  8.6537438909125e-04,  6.4159253330905e-04, -1.7158166630650e-02, -2.6975561722802e-03, -6.1377965889177e-01,  9.0438306022748e-02, -9.7444315363833e+00,  8.8864430600000e-01,  9.0545500000000e-01,               600000
  4.8274130352259e+00,  1.1049058878602e+00,  9.8110289615552e-01,  5.2006542697043e-01,  4.0030970156450e-01,  8.1681260760399e-04,  1.6869277417404e-03, -1.4583846553411e-01, -3.9550502450375e-03, -5.2534533234962e-01,  3.7770220635629e-02, -8.8040223022945e+00,  1.1841511350000e+00,  8.9993500000000e-01,               600000
  4.8270622284050e+00,  1.1045702832151e+00,  9.7699046010356e-01,  5.2273186731629e-01,  5.1124007649284e-01,  9.2307464170279e-04,  1.5814620326726e-03, -1.7419378516161e-01, -8.9373308373651e-03, -6.7173623601210e-01,  3.3709972612420e-02, -1.4074281609020e+01,  1.3987161660000e+00,  9.0543500000000e-01,               600000
  4.8241275094168e+00,  1.1051643345370e+00,  9.7216393283232e-01,  5.2201703154437e-01,  4.0928173858969e-01,  8.2591538972392e-04,  1.8419358982559e-03, -1.2246841643561e-01, -2.0708602479709e-02, -6.0323089121113e-01,  2.2592107970376e-02, -9.5144295449074e+00,  9.9485691600000e-01,  9.0400166666667e-01,               600000
  4.8183695544223e+00,  1.1077311620786e+00,  9.6706415631350e-01,  5.1872068717618e-01,  9.7867584820970e-01,  1.2771555949385e-03, -5.9595863098280e-04, -9.7343130813160e-02,  1.5306898613488e-02,  1.5068072961122e-01,  9.8588040263175e-02, -4.7044509378362e+01,  1.1634969080000e+00,  9.1129166666667e-01,               600000
  4.8143121856984e+00,  1.1085543429607e+00,  9.5932037231112e-01,  5.2191983385527e-01,  3.1077740695874e-01,  7.1969600869480e-04,  5.8228062957495e-04, -1.0233091900850e-01, -4.7380776589408e-03, -4.4872292778650e-01, -1.8233217189858e-02, -6.0177137332247e+00,  8.2717619400000e-01,  9.0553833333333e-01,               600000
  4.8097243309205e+00,  1.1097770559218e+00,  9.5323763209319e-01,  5.1977605692805e-01,  2.9770012864353e-01,  7.0439114210256e-04, -1.8313733665254e-04, -8.0422906792809e-02,  1.2957694278036e-02, -2.7049554241527e-01, -3.4915667646893e-02, -5.9884389881774e+00,  8.3095896700000e-01,  9.0940333333333e-01,               600000
  4.8059825556563e+00,  1.1096346899813e+00,  9.4935662220769e-01,  5.1957977051486e-01,  3.9084335122162e-01,  8.0709701112652e-04,  1.8417710834230e-04, -1.5331804258324e-01,  1.6766041552761e-02, -5.1996073995841e-01, -1.8664454942609e-02, -1.0047419971877e+01,  8.2463513300000e-01,  8.9587333333333e-01,               600000
  4.8024214588304e+00,  1.1079040317082e+00,  9.4685930315240e-01,  5.2190057740728e-01,  3.2220563545719e-01,  7.3280924695902e-04, -2.9883078507547e-04, -1.1284458668883e-01, -4.6333429833473e-03, -4.4103741785962e-01, -6.4647805266466e-02, -7.3014348681429e+00,  1.0343032870000e+00,  9.0509333333333e-01,               600000
  4.7998384483848e+00,  1.1068163109610e+00,  9.4749287259076e-01,  5.2300571641925e-01,  3.2899752068845e-01,  7.4049253956229e-04, -2.0800371937305e-03, -4.6436808444463e-02, -5.9038945227896e-03, -5.5087371431032e-01, -5.9778834107114e-02, -7.2431951503670e+00,  1.0916272020000e+00,  9.0920666666667e-01,               600000
  4.8012168879214e+00,  1.1064375469679e+00,  9.5073613983537e-01,  5.2259890897897e-01,  2.7343705419203e-01,  6.7507660576662e-04, -8.5276271016283e-04, -1.0452249239860e-01, -4.3778947151699e-03, -5.3656574414239e-01, -9.2335791784980e-02, -5.3950411465009e+00,  8.8233917500000e-01,  9.0088000000000e-01,               600000
  4.8040515632430e+00,  1.1065489611704e+00,  9.5764811328216e-01,  5.2329388928100e-01,  3.5464314287661e-01,  7.6881200874749e-04, -1.1880542356252e-03, -1.0929992158588e-01, -3.2722083995981e-03, -5.8720547516961e-01, -6.2703268515862e-02, -8.5837798191563e+00,  8.4270644600000e-01,  9.0825000000000e-01,               600000
  4.8087917516905e+00,  1.1069972497376e+00,  9.6668482221520e-01,  5.2240578610241e-01,  6.2814135664477e-01,  1.0231824182787e-03, -9.2440051305664e-04, -5.5030567817153e-02, -1.7535602168437e-02, -5.2221499770731e-01,  3.2479806926283e-02, -2.1476500142645e+01,  8.4715099100000e-01,  8.9765333333333e-01,               600000
  4.8147382813989e+00,  1.1091384179112e+00,  9.7391131381983e-01,  5.2108270960548e-01,  2.5488419521359e-01,  6.5177219334876e-04,  3.3300163344196e-04, -5.7904910903414e-02,  9.8237559249374e-03, -3.8564351294872e-01, -4.4151874441275e-02, -4.2501036123735e+00,  8.5358292400000e-01,  9.0236333333333e-01,               600000
  4.8195602619744e+00,  1.1101263101166e+00,  9.8236813782070e-01,  5.1800158090749e-01,  4.6336688082649e-01,  8.7879356774548e-04,  3.1909387104763e-03, -1.7703540311762e-01,  2.3450812466728e-02, -6.6887597089375e-01,  8.2485280676833e-02, -1.0972023788312e+01,  8.1261527400000e-01,  9.0691500000000e-01,               600000
  4.8184320771370e+00,  1.1087558352783e+00,  9.8673137165731e-01,  5.2159185730316e-01,  2.5474520999936e-01,  6.5159446744040e-04,  7.1784863384258e-04, -7.2079801803527e-02,  1.5021402574815e-02, -5.6632391067905e-01, -2.2666609811700e-02, -4.0168873279673e+00,  8.8211352800000e-01,  9.0283500000000e-01,               600000
  4.8162174342869e+00,  1.1060793715261e+00,  9.9170220872567e-01,  5.2079813121609e-01,  2.6054169482361e-01,  6.5896597638980e-04,  1.5183291508683e-03, -8.5984689854513e-02,  3.9642619985455e-03, -4.2751619037614e-01, -1.9491564257837e-02, -4.4820039897902e+00,  8.5703968600000e-01,  9.0417000000000e-01,               600000
  4.8116317870069e+00,  1.1033001539592e+00,  9.9709768839283e-01,  5.2223427139333e-01,  3.1327827285132e-01,  7.2258594973345e-04, -9.2424008794405e-04, -7.6630980986233e-02, -1.4549814235038e-02, -6.0974992236667e-01,  3.6033073079578e-03, -5.4499127939862e+00,  8.7789272500000e-01,  9.0615333333333e-01,               600000
  4.8116317870069e+00,  1.1033001539592e+00,  9.9709768839283e-01,  5.2323146604336e-01,  2.6915376351659e-01,  6.1141203091763e-04,  6.4316934803792e-05, -3.6888457783872e-03, -1.4606195606142e-02, -5.5462227595734e-01, -3.7625618583487e-02, -4.7468972556671e+00,  9.8647945400000e-01,  9.0617361111111e-01,               720000
  4.8116317870069e+00,  1.1033001539592e+00,  9.9709768839283e-01,  5.2077614248429e-01,  3.1977899807126e-01,  6.0837043082401e-04,  3.5423848301123e-04, -7.9924605348055e-02, -2.6173040412173e-02, -7.6622835161792e-01,  3.4907294763285e-02, -5.3602663016887e+00,  1.2026907460000e+00,  9.0305324074074e-01,               864000
  4.8116317870069e+00,  1.1033001539592e+00,  9.9709768839283e-01,  5.1865211592504e-01,  5.4279799302198e-01,  7.2355512220881e-04,  1.4317484206830e-03, -1.9672259876955e-01, -1.9546372301676e-02, -6.4308669944647e-01,  1.1579755981892e-01, -1.3371713554115e+01,  1.4120408430000e+00,  9.1364679783951e-01,              1036800
  4.8116317870069e+00,  1.1033001539592e+00,  9.9709768839283e-01,  5.2187562297720e-01,  2.9947733704428e-01,  4.9061843643571e-04,  1.5915650765675e-03, -9.5201997938409e-02, -2.2362172273905e-02, -6.5975125821089e-01,  1.2175925490871e-02, -4.8397662566675e+00,  1.8224740650000e+00,  9.0980661651235e-01,              1244160
  4.8116317870069e+00,  1.1033001539592e+00,  9.9709768839283e-01,  5.2161538571587e-01,  3.8037466435094e-01,  5.0475084045816e-04,  1.2496921082184e-03, -1.2664672375266e-01, -2.6141086458802e-02, -7.9684475259199e-01,  3.1336648437574e-02, -7.6793714607017e+00,  2.1402241090000e+00,  9.0211668917181e-01,              1492992
  4.8054174608393e+00,  1.1033987004532e+00,  1.0007973171749e+00,  5.2269485149557e-01,  3.3618415565829e-01,  4.7452585497940e-04,  1.2017543093048e-03, -1.3813232472122e-01, -2.4470911583793e-02, -7.4657453004643e-01,  8.8522594228673e-03, -6.4702528262747e+00,  2.0824351440000e+00,  9.1103100351509e-01,              1492992
  4.7978297793949e+00,  1.1059210857846e+00,  1.0038936663178e+00,  5.2029823997928e-01,  6.4380624595838e-01,  6.5667253505177e-04, -7.1720923421305e-05,  9.5165986392377e-02, -1.5345097262917e-02, -1.0230799095607e+00,  1.1228393962605e-01, -2.1218171543208e+01,  2.0313098810000e+00,  9.0265721450617e-01,              1492992
  4.7910347389547e+00,  1.1097474838804e+00,  1.0023852096525e+00,  5.2167080651589e-01,  4.4567921321729e-01,  5.4636446947981e-04,  5.7275030988636e-05, -7.5000482640735e-02,  7.2774978418566e-03, -5.1663814012687e-01,  6.5969453941054e-02, -1.0845373671932e+01,  2.1857085060000e+00,  9.0259827246228e-01,              1492992
  4.7848766121032e+00,  1.1125063401067e+00,  9.9847414866669e-01,  5.2333678250403e-01,  3.4030042088036e-01,  4.7742208247276e-04,  2.9919035759795e-05, -9.5959612139423e-02,  2.4217837917652e-02, -3.6249525522686e-01,  1.8912829872540e-02, -7.2146006301603e+00,  2.0089776640000e+00,  9.0956548996914e-01,              1492992
  4.7793591963050e+00,  1.1126301744886e+00,  9.9430379011351e-01,  5.2345377729788e-01,  2.6109525249278e-01,  4.1818721114038e-04, -3.6518229121823e-05, -7.1820243788798e-02,  3.0701868332397e-02, -2.3077039959193e-01, -2.1668716745464e-02, -4.5900727021144e+00,  2.0852911280000e+00,  9.0254200960219e-01,              1492992
  4.7745153187280e+00,  1.1097408024441e+00,  9.9155942845010e-01,  5.2107973832952e-01,  3.2429321846590e-01,  4.6605824253069e-04,  3.8595857058005e-05, -1.0505408667385e-01,  2.4149525433788e-02, -4.7895259480048e-01,  1.7880300730513e-02, -6.4256558639591e+00,  2.6653367640000e+00,  9.0582333997771e-01,              1492992
  4.7701750059778e+00,  1.1047938718376e+00,  9.8846588576773e-01,  5.2165296510635e-01,  3.5005188919046e-01,  4.8421414564845e-04, -5.3698540369089e-04, -8.4144789905893e-02, -1.3033141373809e-02, -5.4826574098786e-01,  1.3500817345734e-02, -7.0026706999751e+00,  2.4256304140000e+00,  9.0811873070988e-01,              1492992
  4.7672906114930e+00,  1.1016445017766e+00,  9.8525462509353e-01,  5.2035835562626e-01,  4.9450717129302e-01,  5.7551620501941e-04,  1.1269081562238e-03, -2.0193787301490e-01, -4.2840550868426e-02, -1.2075015177216e+00,  8.0257601150730e-02, -1.0764951639810e+01,  2.3660521880000e+00,  9.0242814429012e-01,              1492992
  4.7628743092600e+00,  1.1030733911299e+00,  9.7919665900320e-01,  5.2154781066101e-01,  3.6888419257358e-01,  4.9706854602212e-04, -2.2817484418706e-03, -9.2367557292249e-02, -2.0829627425679e-02, -7.0725778532636e-01,  9.2938696936452e-03, -7.3906231803820e+00,  2.3401623940000e+00,  9.1028351123114e-01,              1492992
  4.7630263364571e+00,  1.1064361796288e+00,  9.7350040367935e-01,  5.2071576159562e-01,  2.7588764813113e-01,  4.2987024821503e-04, -4.6353992563931e-04, -9.1187722337360e-02, -1.0241242869001e-03, -4.9586640974299e-01, -2.5338645724917e-02, -4.7147926925142e+00,  2.2522699840000e+00,  9.0328548311043e-01,              1492992
  4.7640649572379e+00,  1.1095912988089e+00,  9.6954396463918e-01,  5.2297020078545e-01,  3.3113859531663e-01,  4.7095147429926e-04, -1.1387062988832e-03, -8.4162652643385e-02,  1.0239475469663e-02, -5.3338150584936e-01, -3.0608437217848e-02, -7.2572088357854e+00,  2.2024921760000e+00,  9.0467129093793e-01,              1492992
  4.7670919575256e+00,  1.1114541651857e+00,  9.6743415461963e-01,  5.2166142975295e-01,  3.4064407334302e-01,  4.7766308404720e-04, -3.3759417348838e-05, -1.0609570696712e-01,  1.6613929086476e-02, -4.0046147709255e-01, -2.8102912945718e-02, -7.7426110233304e+00,  2.3176049100000e+00,  9.0250182184499e-01,              1492992
  4.7699736184495e+00,  1.1115182869589e+00,  9.6689268265804e-01,  5.2357445164448e-01,  2.5810186966769e-01,  4.1578310193930e-04, -7.8094112601469e-04, -6.8902204132295e-02,  2.6655994808568e-02, -3.1818218113056e-01, -5.9398869714114e-02, -4.6889018245597e+00,  2.1913205510000e+00,  9.0136383852023e-01,              1492992
  4.7740168024623e+00,  1.1089712825744e+00,  9.6902940985782e-01,  5.2212268699770e-01,  2.6867114399783e-01,  4.2421084973696e-04, -2.9977172984912e-04, -9.9917586255708e-02,  8.4123003698522e-03, -4.1977743130776e-01, -4.8492771193284e-02, -5.1020265154012e+00,  2.0141579640000e+00,  8.9480050797325e-01,              1492992
  4.7782814999114e+00,  1.1058692141735e+00,  9.7312299610850e-01,  5.2161421033824e-01,  2.4467244892607e-01,  4.0482170913817e-04, -1.2373910610911e-03, -6.8884087536579e-02, -5.7755735380681e-03, -5.8623738610767e-01, -4.4947863523790e-02, -3.5823862225761e+00,  2.0235941840000e+00,  9.0331227494856e-01,              1492992
  4.7843815882086e+00,  1.1036720165813e+00,  9.7879675408636e-01,  5.2197214586728e-01,  2.5776508824967e-01,  4.1551174836256e-04, -9.4204649493068e-04, -6.3307416478600e-02, -7.1689072564404e-03, -5.2725346160049e-01, -4.1617514727698e-02, -3.9852886866184e+00,  2.0446485070000e+00,  8.9936650698731e-01,              1492992
  4.7916073089471e+00,  1.1024254330779e+00,  9.8576178302919e-01,  5.2218455986772e-01,  3.4136956649101e-01,  4.7817146949206e-04, -1.2533197533697e-03, -6.5847738153631e-02, -2.4683285537973e-02, -9.0018748580579e-01, -3.7510082786307e-03, -6.4923447418800e+00,  1.9995803110000e+00,  8.9911868248457e-01,              1492992
  4.8004003044888e+00,  1.1037826514127e+00,  9.9233607562272e-01,  5.2265952806808e-01,  4.6303140758092e-01,  5.5689906004288e-04,  1.6617141831880e-04, -8.7461336511287e-02, -1.9084745120581e-02, -6.0612875907479e-01,  3.4764229235065e-02, -1.2262237251111e+01,  2.3844372110000e+00,  9.1178586355453e-01,              1492992
  4.8081055797078e+00,  1.1069181728394e+00,  9.9703740434297e-01,  5.2365564723660e-01,  2.8324277061446e-01,  4.3556269534506e-04,  2.4172279137311e-04, -7.7605714859842e-02, -1.0134539742980e-02, -5.7363544181943e-01, -1.6751778067243e-02, -4.8048160177785e+00,  2.2660817200000e+00,  8.9755872770919e-01,              1492992
  4.8146867762691e+00,  1.1107725782150e+00,  1.0020910164080e+00,  5.2117068211286e-01,  3.2543937400193e-01,  4.6688111524322e-04,  1.3137712336376e-03, -1.1644985907136e-01,  2.8026446403799e-02, -2.9849056032773e-01,  3.0979463072398e-02, -6.4875364408784e+00,  2.4070368730000e+00,  9.0205640753601e-01,              1492992
  4.8183713850300e+00,  1.1114873126370e+00,  1.0054583487969e+00,  5.2176371999953e-01,  3.2528627582997e-01,  4.6677128364404e-04,  2.4020250456083e-03, -1.5008183317890e-01,  1.1596467790570e-02, -5.9270263361233e-01,  3.6636392453367e-02, -6.1937769040249e+00,  2.2381739970000e+00,  8.9591772762346e-01,              1492992
  4.8175379652339e+00,  1.1110140407703e+00,  1.0070569843044e+00,  5.2224543826015e-01,  2.9972307674633e-01,  4.4805502333255e-04,  1.5191276922178e-03, -9.0321760590351e-02,  2.3676882404824e-02, -3.0414675152433e-01,  3.3805053712695e-02, -5.2353168518880e+00,  2.2362301290000e+00,  9.0159424832819e-01,              1492992
  4.8141643889296e+00,  1.1082619039218e+00,  1.0071619830144e+00,  5.2336380529858e-01,  2.9857876881433e-01,  4.4719889435382e-04,  4.9467660941280e-04, -8.2817547790075e-02, -8.5185262476955e-04, -5.7477807996259e-01,  1.2961625457043e-02, -5.2327026634883e+00,  2.3781676530000e+00,  9.0306846922154e-01,              1492992
  4.8103171549496e+00,  1.1058947358654e+00,  1.0068132189601e+00,  5.2219545247498e-01,  3.3500363449875e-01,  4.7369196610077e-04,  7.9456677968257e-04, -8.9365530280633e-02, -2.0310183659628e-04, -5.3007525636690e-01,  3.4118853819905e-02, -6.2704474982075e+00,  2.2490349350000e+00,  9.1491983882030e-01,              1492992
  4.8055142263463e+00,  1.1038080802427e+00,  1.0051700008101e+00,  5.2113571165362e-01,  3.8414795589642e-01,  5.0724820980585e-04,  1.5749685644785e-04, -1.1001146719022e-01, -2.2756222614066e-02, -6.8500920595258e-01,  5.3014693591462e-02, -7.5073578261441e+00,  2.1382972530000e+00,  8.9916288901749e-01,              1492992
  4.8010033233894e+00,  1.1042197551222e+00,  1.0015767818620e+00,  5.2241874960772e-01,  3.7194208793923e-01,  4.9912453895421e-04, -3.2360595479301e-04, -1.2045790618445e-01, -1.4489173317935e-02, -7.3773122577456e-01,  2.8171773829714e-02, -7.5734880601172e+00,  2.1796069510000e+00,  9.0785081232853e-01,              1492992
  4.7976250903442e+00,  1.1060647738001e+00,  9.9729220683285e-01,  5.2371322260417e-01,  3.5749996523607e-01,  4.8933835946279e-04,  4.6253281814153e-04, -8.9708274525734e-02, -5.4360042543093e-03, -5.2224179047381e-01, -4.8873491057446e-04, -7.8740463767041e+00,  2.3337379720000e+00,  9.1515091842421e-01,              1492992
  4.7938338142600e+00,  1.1082931340140e+00,  9.9362174868670e-01,  5.2131308082507e-01,  3.3093285333973e-01,  4.7080514653207e-04,  3.6682176985085e-04, -1.0537934757994e-01,  9.4409085616240e-03, -5.5226776745838e-01,  3.3647363542406e-02, -5.9639795041709e+00,  2.7752630540000e+00,  8.9799342528292e-01,              1492992
  4.7898548923658e+00,  1.1093894325667e+00,  9.8899549581873e-01,  5.2132248533398e-01,  3.4208196996965e-01,  4.7867015700099e-04,  1.0051118973170e-03, -1.3911785638469e-01,  1.2844002560921e-02, -5.8968326461202e-01,  1.8972262036706e-02, -6.9765997128511e+00,  2.6386211330000e+00,  9.0913280178326e-01,              1492992
  4.7845941173370e+00,  1.1091279782215e+00,  9.8415993421657e-01,  5.2328526338457e-01,  3.0723342149661e-01,  4.5363388592081e-04, -1.5741320468957e-03, -5.6824571851437e-02,  4.6228088059905e-03, -4.3815041717882e-01, -1.9338034281673e-02, -5.9817122270456e+00,  2.2380956000000e+00,  9.0611135223765e-01,              1492992
  4.7827333424770e+00,  1.1084535715687e+00,  9.8076662008591e-01,  5.2358339259508e-01,  3.1765295808028e-01,  4.6126203604378e-04, -5.5692735533487e-04, -6.7798679487561e-02, -4.4400908733654e-03, -5.4655648808647e-01, -2.2973944369028e-02, -7.8929811884065e+00,  2.0314577600000e+00,  9.0726340127743e-01,              1492992
  4.7821169137158e+00,  1.1083161204275e+00,  9.7887209171365e-01,  5.2153054928342e-01,  3.1287951897112e-01,  4.5778317541858e-04,  1.9197664351373e-05, -9.2864530974635e-02,  9.5466154152454e-03, -4.5686774601110e-01, -5.1707229407767e-03, -5.8088580681006e+00,  2.0224387120000e+00,  8.9818967549726e-01,              1492992
  4.7816103742260e+00,  1.1072616973616e+00,  9.7751407112562e-01,  5.2311405707357e-01,  2.9538621729485e-01,  4.4480163334079e-04, -6.5726457684283e-04, -8.9910982214282e-02,  4.8074397879361e-03, -4.7203519507034e-01, -2.8071460914267e-02, -5.5252463824735e+00,  2.2868241630000e+00,  9.0235580632716e-01,              1492992
  4.7824165093992e+00,  1.1058545360358e+00,  9.7762486535168e-01,  5.2103369711265e-01,  3.5301403659127e-01,  4.8625854561990e-04, -1.0266864212478e-04, -1.0579764012745e-01, -3.4364552337077e-03, -5.8693273804414e-01,  6.9693528021169e-03, -7.1529542795836e+00,  2.3899512710000e+00,  9.0809662744342e-01,              1492992
  4.7834229036463e+00,  1.1049599715016e+00,  9.7757772716659e-01,  5.2299119555512e-01,  3.7334654846547e-01,  5.0006600300699e-04, -1.6594384977894e-03, -8.5172089555094e-02, -1.8146210102391e-02, -6.9757533129925e-01, -8.8255632838055e-03, -7.9310876194785e+00,  2.5523653670000e+00,  9.0524530606996e-01,              1492992
  4.7873897630419e+00,  1.1060068299393e+00,  9.7808997543872e-01,  5.2058950494819e-01,  3.5352941229053e-01,  4.8661336782523e-04,  2.8643067265836e-04, -1.3570034628162e-01, -4.2137012982786e-03, -5.6198256368132e-01,  9.8699989917480e-03, -7.3990921232359e+00,  2.9452315020000e+00,  8.9374959812243e-01,              1492992
  4.7905704760154e+00,  1.1074007987479e+00,  9.7828363045619e-01,  5.2237811548690e-01,  3.7353595561002e-01,  5.0019283431726e-04,  7.9848869326650e-04, -1.4731745391607e-01, -1.0881818231771e-02, -9.8770514262669e-01, -1.5912170550626e-03, -8.1630464031603e+00,  2.1663248720000e+00,  9.1245097093621e-01,              1492992
  4.7921291030653e+00,  1.1097983290251e+00,  9.7870472699617e-01,  5.1986455677208e-01,  3.1564491293364e-01,  4.5980178923300e-04, -6.6653760099798e-05, -8.6879307609972e-02,  1.1259992176146e-02, -4.4140645289612e-01,  1.7049353120819e-02, -5.7016280186118e+00,  2.1030161080000e+00,  9.1348848486797e-01,              1492992
  4.7937322215756e+00,  1.1108491155015e+00,  9.7846622094202e-01,  5.2120233313242e-01,  3.4408975924784e-01,  4.8007283649159e-04,  1.8935537008168e-04, -9.8531546370175e-02,  1.5597838006507e-02, -2.8748805989476e-01,  7.7231646583224e-03, -7.1923144102930e+00,  2.3138027720000e+00,  9.0600150570130e-01,              1492992
  4.7949236251968e+00,  1.1102417692418e+00,  9.7807148824181e-01,  5.2190678513993e-01,  3.3350264159675e-01,  4.7262957987903e-04,  1.3214686990449e-03, -1.0148336567703e-01,  1.2129504078031e-02, -4.0625355834867e-01, -2.5730786771308e-03, -7.1367866238652e+00,  2.2422176210000e+00,  9.0572688936043e-01,              1492992
  4.7936997062358e+00,  1.1084944755650e+00,  9.7798372040674e-01,  5.2148897506158e-01,  3.7083715181849e-01,  4.9838260768596e-04,  1.0973802482494e-03, -1.2584049384751e-01,  6.4838822292764e-03, -5.6699150086145e-01,  9.8784270629941e-03, -8.4480000910639e+00,  2.3486774520000e+00,  9.0012404621056e-01,              1492992
  4.7907272006196e+00,  1.1062954910991e+00,  9.7765767869427e-01,  5.2340638665359e-01,  4.0704236051735e-01,  5.2214492808121e-04, -4.8040397907411e-04, -1.1575784902305e-01, -9.6974902269106e-03, -6.7849293327638e-01, -1.3855429311704e-02, -1.1117574251714e+01,  2.5413807360000e+00,  9.0861437971536e-01,              1492992
  4.7890234878031e+00,  1.1053265906625e+00,  9.7821274280513e-01,  5.2176621812762e-01,  3.3003944451681e-01,  4.7016920825038e-04,  6.4349560560150e-04, -1.2867310264066e-01, -1.0726236541460e-02, -5.7323615588655e-01,  1.6349115006988e-04, -6.2091546719902e+00,  2.9257019380000e+00,  9.1089972350823e-01,              1492992
  4.7864393786713e+00,  1.1055654059742e+00,  9.7884163469780e-01,  5.2076220002596e-01,  5.1540504038519e-01,  5.8755102790459e-04,  2.6541687349728e-04, -2.1993831169032e-01, -4.0409395068023e-03, -4.8977421249617e-01,  3.3219276817727e-02, -1.5653622531508e+01,  2.3487066240000e+00,  9.0672086655521e-01,              1492992
  4.7838289925240e+00,  1.1062137071535e+00,  9.7829560992554e-01,  5.2257991010583e-01,  3.1055042848622e-01,  4.5607611241384e-04, -6.2254533155047e-04, -9.4960821399126e-02,  2.4872774654304e-03, -4.1977311574474e-01, -2.2278690016644e-02, -6.2647184560591e+00,  2.2637605190000e+00,  9.0771752293381e-01,              1492992
  4.7826939275891e+00,  1.1065674447949e+00,  9.7891816192884e-01,  5.1964079014463e-01,  3.2015218480754e-01,  4.6307303726702e-04,  5.6963621502836e-04, -1.0335448831037e-01, -4.6113450546530e-03, -7.2339758852791e-01,  5.1818842299141e-03, -5.9110971450474e+00,  2.2367276010000e+00,  9.0804974172668e-01,              1492992
  4.7807300299960e+00,  1.1073899047264e+00,  9.7938136745037e-01,  5.2197672726950e-01,  4.0611803671290e-01,  5.2155174007678e-04, -5.8042158037033e-04, -1.1404086252301e-01, -1.3575524119562e-04, -9.3862245999268e-01,  7.4605985328987e-03, -1.0319984455516e+01,  2.2602047770000e+00,  9.0242010673868e-01,              1492992
  4.7801203933358e+00,  1.1081923568865e+00,  9.7969760982482e-01,  5.2361726675337e-01,  2.4805707016932e-01,  4.0761209722227e-04, -1.2178920143392e-03, -6.4121578430043e-02,  5.6455034590902e-03, -3.9810682794980e-01, -4.9678640219440e-02, -4.0632436040535e+00,  2.2570792030000e+00,  9.0743754822531e-01,              1492992
  4.7818457535572e+00,  1.1083624154056e+00,  9.8225596188828e-01,  5.2267889270732e-01,  3.0362774593287e-01,  4.5096411781193e-04, -7.3427372103217e-04, -9.7059720520146e-02,  1.0442345596594e-02, -3.3632320775008e-01, -1.4338493928062e-02, -5.8529052849216e+00,  2.1382742190000e+00,  9.0823594500171e-01,              1492992
  4.7848251740980e+00,  1.1074714930556e+00,  9.8532089471697e-01,  5.2376170888455e-01,  2.6575497293039e-01,  4.2190236483608e-04, -1.4698162471353e-04, -8.2150723388014e-02, -1.2646031792240e-03, -5.6706137133745e-01, -3.8216697681007e-02, -4.2941763754322e+00,  2.2796528370000e+00,  9.0657619062929e-01,              1492992
  4.7878525757074e+00,  1.1068262359150e+00,  9.8985866173462e-01,  5.1889722401186e-01,  6.7041364553219e-01,  6.7010472827410e-04,  2.9209727820227e-04, -9.6622903996504e-02,  5.0062286385998e-03, -3.2706392604760e-01,  8.4545561434077e-02, -2.5631563848429e+01,  2.1437747980000e+00,  9.0640003429355e-01,              1492992
  4.7901354316098e+00,  1.1057515658658e+00,  9.9078285260651e-01,  5.2182881885407e-01,  3.9493907048341e-01,  5.1432343057055e-04, -6.3274001832108e-04, -3.5526086295083e-02, -7.3184200415313e-03, -6.1707381574801e-01,  1.4283563357851e-02, -9.1746519453483e+00,  2.2002660140000e+00,  9.0039866255144e-01,              1492992
  4.7933801411929e+00,  1.1055610480511e+00,  9.9118834139568e-01,  5.2125222769289e-01,  3.6406580359407e-01,  4.9381150452814e-04, -2.7413063404874e-04, -1.1588388124028e-01, -5.9255269561732e-03, -6.0165048227588e-01,  2.3799554029110e-02, -7.4848100227808e+00,  2.2818214370000e+00,  8.9825866448045e-01,              1492992
  4.7969108746160e+00,  1.1060249868838e+00,  9.9066899397880e-01,  5.2169861086959e-01,  3.2346489175854e-01,  4.6546264678721e-04,  8.0999636760235e-04, -1.0338640042560e-01, -2.2469802663633e-03, -5.4811847035354e-01,  6.5154525295075e-03, -6.3194276582818e+00,  2.1547740970000e+00,  9.0271146797840e-01,              1492992
  4.7987032729672e+00,  1.1067006664185e+00,  9.9005284946472e-01,  5.2224198390148e-01,  3.4571533702885e-01,  4.8120550054699e-04,  9.9237379283396e-06, -1.0270232623843e-01, -7.7676332299910e-03, -7.9746402340430e-01,  1.6514254104643e-02, -6.4715972234680e+00,  2.2543601280000e+00,  9.1064386145405e-01,              1492992
  4.8003942300452e+00,  1.1081448810972e+00,  9.8891069627558e-01,  5.2097924889044e-01,  3.2005390100675e-01,  4.6300195221149e-04,  4.7190210214678e-04, -1.1046083096243e-01,  1.2873441637077e-02, -6.8778759338547e-01,  1.7133227259224e-02, -6.1263063509892e+00,  2.2290050600000e+00,  9.1293389381859e-01,              1492992
  4.8011534125668e+00,  1.1081628394398e+00,  9.8725894202376e-01,  5.2396715701666e-01,  2.6538161708197e-01,  4.2160589798749e-04, -7.0385670952099e-04, -7.7539559273402e-02, -2.9497573870924e-03, -4.8978668768652e-01, -3.6635771914036e-02, -4.3255453410217e+00,  2.3632420450000e+00,  9.0468200767318e-01,              1492992
  4.8032005453680e+00,  1.1085065109175e+00,  9.8748958015990e-01,  5.1989699144028e-01,  4.0821134930527e-01,  5.2289416699808e-04,  6.3688900041568e-04, -1.1035299244035e-01,  9.3050288265239e-03, -7.2270287473336e-01,  5.5334705321552e-02, -8.8504035889311e+00,  2.4206591640000e+00,  8.9973556455761e-01,              1492992
  4.8039758013577e+00,  1.1078983661388e+00,  9.8544225889491e-01,  5.2288762984086e-01,  2.9110362224653e-01,  4.4156542911486e-04,  1.3712136881402e-03, -1.1303286954953e-01,  2.4187797799502e-03, -5.2472284333265e-01, -3.5282838227422e-03, -5.0713927502745e+00,  2.3314068920000e+00,  9.0209123692558e-01,              1492992
  4.8022575865708e+00,  1.1071288642189e+00,  9.8386644811725e-01,  5.1951856008967e-01,  3.9291695659769e-01,  5.1300505605302e-04,  1.9206065646034e-03, -1.4129257492957e-01,  1.7201347672377e-03, -5.1381158556633e-01,  4.4495981852940e-02, -8.6273869568462e+00,  2.2520946230000e+00,  9.0344489454733e-01,              1492992
  4.7973164255146e+00,  1.1062850104872e+00,  9.8066453606857e-01,  5.2079968596582e-01,  3.3918638970535e-01,  4.7663998076084e-04, -5.0406884181587e-04, -7.3419850517593e-02, -7.7433769180610e-03, -7.2320134635911e-01,  9.4265791018213e-03, -6.4179842318556e+00,  2.3622423940000e+00,  8.9789898405350e-01,              1492992
  4.7938587988652e+00,  1.1063592450692e+00,  9.7750331605129e-01,  5.1970109987046e-01,  4.6130499293756e-01,  5.5585989020139e-04,  1.7112333006152e-03, -2.8217392517525e-01, -1.9734488978011e-03, -1.0566650010393e+00,  4.0804255866763e-02, -1.2180643538348e+01,  2.2275466720000e+00,  9.0280724879973e-01,              1492992
  4.7878638306081e+00,  1.1066840121839e+00,  9.7311305166495e-01,  5.2129189001860e-01,  3.2969282073798e-01,  4.6992224589010e-04, -2.1611427463322e-04, -1.2649711876522e-01, -4.5890568666355e-03, -8.7386392109398e-01, -6.3567819402486e-03, -6.8024422141892e+00,  2.1866482960000e+00,  9.1163582926097e-01,              1492992
  4.7829761143928e+00,  1.1074952722043e+00,  9.6959162405438e-01,  5.1978922571886e-01,  3.9683704781550e-01,  5.1555780352008e-04,  1.0348967266911e-03, -1.4968852276395e-01,  7.2738621674371e-03, -4.7955068308413e-01,  2.5476719463306e-02, -9.0164822405255e+00,  2.1492270520000e+00,  9.0437457133059e-01,              1492992
  4.7768080525416e+00,  1.1074995446181e+00,  9.6548510051633e-01,  5.2313167407229e-01,  3.0733865895028e-01,  4.5371157145947e-04, -1.8580914500631e-03, -9.4675020755709e-02, -1.2766412218308e-02, -6.5298529335389e-01, -4.0095273445392e-02, -5.8957025035999e+00,  2.1446580010000e+00,  9.0799414866255e-01,              1492992
  4.7747652023008e+00,  1.1088570238048e+00,  9.6370581845682e-01,  5.2154045475288e-01,  3.6013374818887e-01,  4.9113758480242e-04, -9.3949957830451e-04, -1.3391112473340e-01,  2.6783780737484e-03, -3.7901172619774e-01, -2.4394637862761e-02, -8.9008069347094e+00,  2.2003741810000e+00,  9.1262176890432e-01,              1492992
  4.7747765278672e+00,  1.1098225414997e+00,  9.6338976342531e-01,  5.2055224043298e-01,  4.0454495381603e-01,  5.2054065452998e-04, -1.0142685403704e-03, -1.0974999348521e-01,  2.3209092319739e-03, -5.9157339952157e-01,  1.2956842210022e-02, -9.5677911185445e+00,  2.3214932970000e+00,  9.0485146604938e-01,              1492992
  4.7767537236151e+00,  1.1104826530228e+00,  9.6274001929232e-01,  5.1990418892747e-01,  3.0176387316492e-01,  4.4957782542774e-04,  1.8858968498413e-04, -1.0050215565669e-01,  2.2247018556230e-02, -2.8884604618794e-01, -2.4661807305685e-02, -6.1504269373792e+00,  2.2143891630000e+00,  9.0098540380658e-01,              1492992
  4.7782804250486e+00,  1.1087860942666e+00,  9.6339444996477e-01,  5.2213868465387e-01,  3.7685763504175e-01,  5.0241190167439e-04,  7.3491811425771e-04, -1.1850523308597e-01, -3.9770275064749e-03, -6.3311421230939e-01, -8.3054766873657e-03, -8.6109509722086e+00,  2.1999636820000e+00,  9.0369204925412e-01,              1492992
  4.7784100690227e+00,  1.1077029837467e+00,  9.6454834421016e-01,  5.2300041724488e-01,  3.5713052588252e-01,  4.8908545373760e-04, -8.6258141952441e-04, -1.3586422119869e-01, -1.6690475199050e-03, -5.0453946028193e-01, -4.0044797045831e-02, -9.1084308662163e+00,  2.1711325670000e+00,  9.0943889853395e-01,              1492992
  4.7802432457052e+00,  1.1069266507569e+00,  9.6758364718619e-01,  5.2037349074869e-01,  2.7540400239521e-01,  4.2949329021961e-04, -5.1564341402954e-04, -7.5286126364067e-02,  3.0332491991113e-03, -3.7377752018282e-01, -3.5328391324629e-02, -4.9311081360187e+00,  2.1025413330000e+00,  9.0031225887346e-01,              1492992
  4.7829162512785e+00,  1.1059311555961e+00,  9.7200992357127e-01,  5.2198338206476e-01,  3.3864145719586e-01,  4.7625694500971e-04, -3.1648230491884e-04, -7.3401318236263e-02, -1.6531166275799e-02, -6.0303812419764e-01, -2.1373114207872e-02, -7.9261258920522e+00,  2.1297532050000e+00,  8.9651451581790e-01,              1492992
  4.7859773275482e+00,  1.1067862087431e+00,  9.7713304648876e-01,  5.2175102136298e-01,  3.0961738665797e-01,  4.5539046177280e-04,  7.0700828816093e-04, -1.1552778080455e-01, -3.3009787110924e-03, -5.8136306138493e-01, -1.0926229922804e-02, -5.8231737792561e+00,  2.1136199150000e+00,  9.0505039544753e-01,              1492992
  4.7875336430163e+00,  1.1079307657770e+00,  9.8236984208736e-01,  5.2036648217583e-01,  2.9094963666663e-01,  4.4144862585707e-04,  6.4946727984262e-04, -7.3438214450606e-02,  1.3331823060356e-02, -3.7916706592723e-01, -1.2154172961956e-04, -5.2416908998833e+00,  2.1674418290000e+00,  9.0886287401406e-01,              1492992
  4.7878010065763e+00,  1.1075915519920e+00,  9.8721155110110e-01,  5.2217327838481e-01,  3.5949123547630e-01,  4.9069927123513e-04,  3.9901153878172e-04, -1.2585793429104e-01,  1.7216540575598e-03, -4.7370296775766e-01,  1.5688745034834e-02, -7.9246234392983e+00,  2.1132763590000e+00,  8.9612067579733e-01,              1492992
  4.7874189192660e+00,  1.1071309386389e+00,  9.9104639478297e-01,  5.2235339074819e-01,  4.0587512847697e-01,  5.2139574089520e-04, -6.5415331592324e-04, -4.6141111024025e-02, -1.3560909793550e-02, -7.0546454387188e-01,  2.5217649340701e-02, -9.2485050476960e+00,  2.1166784300000e+00,  9.0285413451646e-01,              1492992
  4.7883311392775e+00,  1.1081693821079e+00,  9.9357395702137e-01,  5.2151517979980e-01,  4.4771773302986e-01,  5.4761256909540e-04,  5.5368212097639e-04, -2.1841848080640e-01,  3.5776245584629e-03, -5.7522653304604e-01,  5.3173555048468e-02, -1.0977913044389e+01,  2.1374402380000e+00,  9.0345293209877e-01,              1492992
  4.7883275435830e+00,  1.1087609931680e+00,  9.9370186103513e-01,  5.2311831765754e-01,  2.9460903946998e-01,  4.4421609883085e-04,  1.3370023078520e-04, -8.3878835286224e-02,  9.5797023448579e-03, -6.0321187738495e-01, -1.1321747910551e-02, -5.4220678621763e+00,  2.1247498770000e+00,  9.0307784636488e-01,              1492992
  4.7881537025762e+00,  1.1083228209566e+00,  9.9444976753213e-01,  5.2186483042523e-01,  3.2063268600897e-01,  4.6342040913625e-04,  2.0147177315201e-03, -1.4439028111077e-01,  9.0605620832566e-03, -4.4548041243291e-01,  2.1536974386649e-02, -6.1014861374426e+00,  2.0882281380000e+00,  9.0248909572188e-01,              1492992
  4.7843903546856e+00,  1.1070021193552e+00,  9.9428926666021e-01,  5.2031047597078e-01,  1.1882513192527e+00,  8.9212438886685e-04,  1.7569420002948e-03, -8.4418330763881e-01,  4.4176162499763e-03, -2.0452271687484e+00,  1.4966465146811e-01, -5.9643963170207e+01,  2.1269275900000e+00,  9.0616962448560e-01,              1492992
  4.7785245361398e+00,  1.1054560683973e+00,  9.8875924155736e-01,  5.2207199654344e-01,  3.9695917554695e-01,  5.1563712960838e-04, -3.4679314263278e-05, -1.2766926953951e-01, -2.2677538667540e-02, -7.5028179627939e-01,  3.7810338071852e-02, -8.3768477459928e+00,  2.1531420410000e+00,  9.0597605345508e-01,              1492992
  4.7734224895981e+00,  1.1064826676717e+00,  9.8226646209932e-01,  5.2396513972349e-01,  2.9038195644937e-01,  4.4101775401765e-04, -7.4756527108953e-04, -9.9019857000203e-02, -2.0125678419645e-02, -1.6089458094244e+00, -4.1625714300666e-02, -4.6181845199576e+00,  2.1399640930000e+00,  8.9901687349966e-01,              1492992
  4.7703101568723e+00,  1.1096029145261e+00,  9.7839733168701e-01,  5.2332686664208e-01,  2.5896433437817e-01,  4.1647720613650e-04, -4.9189198636177e-04, -7.9246095291291e-02,  1.7484789942084e-02, -3.4962914875106e-01, -4.1603863716088e-02, -4.5505796255570e+00,  2.1265607820000e+00,  8.9888157471708e-01,              1492992
  4.7684961602083e+00,  1.1105954393659e+00,  9.7688881989098e-01,  5.2411554725685e-01,  2.5026811402810e-01,  4.0942468175630e-04, -1.4430263224437e-03, -7.7591063405650e-02,  8.6842601208738e-03, -4.5885376352930e-01, -5.8794606406978e-02, -4.2412847298289e+00,  2.1342814370000e+00,  8.9249707968964e-01,              1492992
  4.7696226952358e+00,  1.1106011319591e+00,  9.7827289427511e-01,  5.2015527884734e-01,  3.4147395823674e-01,  4.7824457697401e-04, -1.6530024291256e-03, -5.5355535522378e-02,  1.4422149477207e-02, -3.6230201278340e-01,  1.6674920109079e-02, -7.2533823838652e+00,  2.1913109500000e+00,  9.0510397912380e-01,              1492992
  4.7737628856028e+00,  1.1091086871018e+00,  9.7893204131817e-01,  5.2051659562471e-01,  3.6284476758773e-01,  4.9298271473591e-04, -4.2572591349970e-04, -9.1702767815296e-02,  6.3991005338764e-03, -4.0834552061525e-01,  2.3308479834509e-02, -7.6947376775989e+00,  2.1353929550000e+00,  9.0231293938615e-01,              1492992
  4.7783709852223e+00,  1.1071119395517e+00,  9.7864823456688e-01,  5.2179143547912e-01,  3.7679584311110e-01,  5.0237071068980e-04,  2.6124181943858e-04, -1.2746711158347e-01,  4.8764590860965e-03, -3.6824726409828e-01,  1.9489329596670e-03, -8.9347337395533e+00,  2.1503498910000e+00,  9.1029489776235e-01,              1492992
  4.7821546010248e+00,  1.1048184304943e+00,  9.7850622141931e-01,  5.2054361824939e-01,  4.6715844531152e-01,  5.5937539832206e-04, -5.3488995216394e-04, -4.6417087187084e-02, -1.8767721270353e-04, -3.0721382506214e-01,  1.8505650443852e-02, -1.3822159618573e+01,  2.2011280910000e+00,  9.1090642146776e-01,              1492992
  4.7866045105744e+00,  1.1027879600508e+00,  9.7785425048391e-01,  5.2093821560491e-01,  3.9768829694053e-01,  5.1611046491008e-04, -3.7726488371849e-04, -1.3087763896707e-01, -3.2212694259571e-02, -1.0273643311988e+00,  1.1434653010771e-02, -8.3467322244345e+00,  2.1597029880000e+00,  8.9852524326989e-01,              1492992
  4.7914404066610e+00,  1.1044115757721e+00,  9.7693829068140e-01,  5.2129823847433e-01,  3.4910148430887e-01,  4.8355636848492e-04, -2.1688672043506e-04, -1.0366841340865e-01, -3.6412311613513e-02, -1.3115884874578e+00, -5.4692630805189e-04, -6.2906727161380e+00,  2.1991434290000e+00,  9.0436452439129e-01,              1492992
  4.7962999068186e+00,  1.1097709704836e+00,  9.7628025105002e-01,  5.2406913434551e-01,  2.9532075938351e-01,  4.4475234634401e-04, -1.3560804917839e-03, -6.9031840239156e-02,  9.1650718228430e-03, -3.4407074724723e-01, -3.5480401360205e-02, -5.8505309469535e+00,  2.1553762500000e+00,  9.0312942065329e-01,              1492992
  4.8032732613590e+00,  1.1136518499800e+00,  9.7742829095049e-01,  5.2278457558235e-01,  2.3362480451738e-01,  3.9557672918215e-04,  6.4616674883753e-04, -8.0831392573420e-02,  3.2615910717180e-02, -2.8198955521104e-01, -4.3862657275733e-02, -3.9170156139687e+00,  2.1487124560000e+00,  9.0329619984568e-01,              1492992
  4.8084211851535e+00,  1.1137241217402e+00,  9.8053930470694e-01,  5.2115691389600e-01,  3.8615795557867e-01,  5.0857353057809e-04,  4.5353260287596e-04, -1.5124575665785e-01,  3.1729774992282e-02, -2.6135193042973e-01,  3.3052206348545e-02, -9.2113085386434e+00,  2.1372677890000e+00,  8.9882665144890e-01,              1492992
  4.8123510866468e+00,  1.1104669867376e+00,  9.8205075635726e-01,  5.2059339826897e-01,  3.1684491961158e-01,  4.6067498846665e-04,  6.2926088748832e-04, -1.1297290321737e-01,  2.2355680826040e-02, -3.7684912313667e-01, -2.9029583967545e-04, -6.9790005749469e+00,  2.3373807420000e+00,  9.0454804848251e-01,              1492992
  4.8148171849923e+00,  1.1052042765324e+00,  9.8358426997874e-01,  5.2320624113837e-01,  3.2193065972812e-01,  4.6435746268220e-04, -6.2564460401643e-04, -9.3314001902137e-02, -1.0607751148867e-02, -4.8567213344569e-01, -3.3205083884979e-03, -6.0641793911360e+00,  2.3658121910000e+00,  9.0035445601852e-01,              1492992
  4.8183002186691e+00,  1.1016055947270e+00,  9.8525483302647e-01,  5.2190284366420e-01,  3.2168039892277e-01,  4.6417693767997e-04,  8.1627701968154e-04, -9.5815234315915e-02, -2.7304912573311e-02, -7.0660372327748e-01, -1.3055500834089e-02, -6.3114931875518e+00,  2.1731056790000e+00,  8.9856944980281e-01,              1492992
  4.8199942124456e+00,  1.1012777030106e+00,  9.8749782114397e-01,  5.2321335142327e-01,  3.4305521256450e-01,  4.7935059523800e-04, -8.8912376813523e-04, -6.8074123843859e-02, -4.2229311589043e-02, -1.0414220526201e+00,  2.0969707835927e-04, -6.2451506415397e+00,  2.1557008860000e+00,  9.0652193715706e-01,              1492992
  4.8232544574973e+00,  1.1054695184914e+00,  9.8965149131333e-01,  5.2153905173322e-01,  6.2967167639467e-01,  6.4942400694388e-04,  5.5257815915627e-04, -1.9254759691611e-01, -1.3874843099686e-02, -8.3912260064153e-01,  7.3895527737661e-02, -2.1427235565978e+01,  2.2107037900000e+00,  8.9942477923525e-01,              1492992
  4.8242938484554e+00,  1.1081077341265e+00,  9.8918116322335e-01,  5.2077749317411e-01,  3.6267360276946e-01,  4.9286642361370e-04,  1.4813444055984e-03, -1.4491389147027e-01,  1.2111478821055e-02, -4.2392733111173e-01,  2.7813806096377e-02, -7.8311111947700e+00,  2.2183250390000e+00,  8.9979383680556e-01,              1492992
  4.8239042912875e+00,  1.1098587712698e+00,  9.8821265548476e-01,  5.2252093933383e-01,  3.3035613095220e-01,  4.7039472752116e-04,  5.2472790467695e-04, -9.4037930215293e-02,  1.8770108329400e-02, -3.0543574726749e-01, -1.6927093624949e-03, -7.7850344475730e+00,  2.1464110940000e+00,  9.0791310335219e-01,              1492992
  4.8231036939832e+00,  1.1104566002470e+00,  9.8746751518702e-01,  5.1953828002828e-01,  5.6164939875499e-01,  6.1334370013362e-04,  2.5571619094339e-03, -2.5057834077604e-01,  1.3741512519941e-02, -4.7209485980200e-01,  9.7010975337482e-02, -1.5429270525778e+01,  2.1592133150000e+00,  9.0502092442558e-01,              1492992
  4.8201018706404e+00,  1.1102844893513e+00,  9.8476382454136e-01,  5.2359740412151e-01,  2.9209347736347e-01,  4.4231553120044e-04,  1.5319987486274e-04, -8.8680293101632e-02,  8.0189828404982e-03, -5.9799342579361e-01, -3.1755252863403e-02, -5.5511587754558e+00,  2.2407315980000e+00,  9.0948712384259e-01,              1492992
  4.8172949518768e+00,  1.1097228657782e+00,  9.8311606342247e-01,  5.2146596457482e-01,  3.2792542356722e-01,  4.6866098803873e-04,  9.1074509955089e-04, -1.2608940877870e-01,  9.9418294636552e-03, -3.7251323565705e-01,  6.4707619486645e-03, -6.6732056439678e+00,  2.1872449760000e+00,  9.0275031614369e-01,              1492992
  4.8139698186832e+00,  1.1087026962117e+00,  9.8155992173908e-01,  5.2109951943285e-01,  3.9411539859513e-01,  5.1378682265720e-04,  1.6594526646273e-03, -1.4773550772140e-01,  8.5216789686707e-03, -7.4945292177554e-01,  2.8074974635402e-02, -9.3950454414103e+00,  2.1571222630000e+00,  8.9393178262174e-01,              1492992
  4.8094880587173e+00,  1.1073537845389e+00,  9.7962414233152e-01,  5.2244501110589e-01,  2.6934832706094e-01,  4.2474512299720e-04, -2.8432060809377e-04, -5.2923032138787e-02,  9.0662477402646e-03, -3.5695030469827e-01, -3.9735120293054e-02, -5.2006098799494e+00,  2.1031281880000e+00,  9.0416224601337e-01,              1492992
  4.8057427347112e+00,  1.1056692173535e+00,  9.7884862951660e-01,  5.2265231785828e-01,  3.1927971667443e-01,  4.6244163114787e-04,  8.8694138279706e-04, -1.1250125110669e-01, -2.1828177240850e-02, -7.4017940115263e-01, -1.6504185467155e-02, -5.9937111323038e+00,  2.1897840530000e+00,  9.1099684392147e-01,              1492992
  4.8015874616208e+00,  1.1053254417044e+00,  9.7859606764773e-01,  5.2245161867240e-01,  3.5920345900765e-01,  4.9050282698117e-04, -5.1226491732238e-05, -1.0468044751269e-01, -5.9397578134067e-03, -4.7594160835457e-01,  7.6337127654524e-03, -7.3705729103620e+00,  2.1354570270000e+00,  9.0256143368484e-01,              1492992
  4.7979412668986e+00,  1.1053423748253e+00,  9.7827809839339e-01,  5.2179785645553e-01,  3.5367154757880e-01,  4.8671117861327e-04,  3.8907285905209e-04, -1.4269735614559e-01, -1.1246788644252e-02, -8.0836121902508e-01,  7.3665550690560e-03, -7.4021364777342e+00,  2.1406674870000e+00,  8.9849510245199e-01,              1492992
  4.7943564771740e+00,  1.1059741838628e+00,  9.7790758581471e-01,  5.2062981372440e-01,  3.3143460961249e-01,  4.7116192579850e-04,  1.3411059981568e-03, -1.3078214649551e-01, -1.2417306533713e-02, -5.6877899912374e-01,  7.4560886550198e-03, -6.3158592540270e+00,  2.6790297860000e+00,  9.0693386166838e-01,              1492992
  4.7899259739272e+00,  1.1072159372675e+00,  9.7747512303634e-01,  5.2013433153973e-01,  3.0177454398269e-01,  4.4958577422656e-04,  5.7267589935915e-04, -1.0904372086562e-01,  7.9025362467733e-03, -3.9106797856830e-01, -9.2344028279328e-03, -5.8659536065191e+00,  2.1560147770000e+00,  9.0639534572188e-01,              1492992
  4.7854453752231e+00,  1.1079260449201e+00,  9.7736502180952e-01,  5.2073793569824e-01,  3.2684941726053e-01,  4.6789145860918e-04,  9.1951207731772e-04, -1.4203369257552e-01,  8.0861952727571e-03, -3.6696716548742e-01,  2.7982182469822e-03, -6.5550187063746e+00,  2.1270284980000e+00,  9.0016825274348e-01,              1492992
  4.7806082325726e+00,  1.1081464181273e+00,  9.7727684518554e-01,  5.2229298566652e-01,  3.3606256956339e-01,  4.7444003748586e-04,  3.0414600032180e-04, -1.0122542338139e-01,  1.0215614162394e-02, -4.6098607151361e-01, -1.5780922256882e-02, -7.0507761688943e+00,  2.2451605640000e+00,  9.0708657514575e-01,              1492992
  4.7760103332281e+00,  1.1078146147072e+00,  9.7764183977696e-01,  5.2418664435613e-01,  3.3333893286015e-01,  4.7251356417285e-04, -8.1229642024010e-04, -1.1528228853535e-01, -8.6439433042065e-03, -4.8978283994439e-01, -2.6680572092120e-02, -7.6037777235938e+00,  2.2745840050000e+00,  9.0031895683299e-01,              1492992
  4.7726933224579e+00,  1.1079882459264e+00,  9.7867280646555e-01,  5.2024123830156e-01,  3.9575215091847e-01,  5.1485258979538e-04, -2.1558652639186e-04, -1.0527287031676e-01, -1.7882316515298e-03, -6.1784149476314e-01,  2.0483826493094e-02, -9.2851295315748e+00,  2.4956920950000e+00,  9.0871417931241e-01,              1492992
  4.7699591141061e+00,  1.1082562884563e+00,  9.7923630076730e-01,  5.1991052999486e-01,  3.2887891483005e-01,  4.6934184375447e-04,  1.8827337685216e-04, -8.9627576501153e-02,  9.4983915780214e-03, -4.2044899568995e-01,  2.0106444027397e-02, -6.3485233259825e+00,  2.2671502650000e+00,  9.0139866790981e-01,              1492992
  4.7673595683086e+00,  1.1080029995538e+00,  9.7935310392796e-01,  5.2077377113548e-01,  3.0146928635833e-01,  4.4935832924891e-04, -6.3518970171461e-04, -1.2115200877895e-01,  7.5244280079757e-03, -5.2309706607013e-01, -1.2493175742759e-02, -5.8082335181135e+00,  2.1745065730000e+00,  9.0771015517833e-01,              1492992
  4.7656788047146e+00,  1.1073875675089e+00,  9.7981409638447e-01,  5.2195030316845e-01,  3.1474604671731e-01,  4.5914663063944e-04, -6.9452242238429e-04, -9.1089110651723e-02, -4.1966446261791e-03, -6.7618938394870e-01, -2.2501541256392e-02, -6.3830995525280e+00,  2.1965378680000e+00,  9.0771149477023e-01,              1492992
  4.7648682417646e+00,  1.1070751397812e+00,  9.8082349251578e-01,  5.2009491721129e-01,  3.6549422972242e-01,  4.9477930033985e-04, -4.6780166493290e-04, -6.1267709367288e-02,  5.5985427747158e-03, -3.2963835879548e-01,  2.1239675005766e-02, -8.0446804514324e+00,  2.1438471690000e+00,  9.0678248778292e-01,              1492992
  4.7646121342994e+00,  1.1065033470339e+00,  9.8133429371003e-01,  5.2159845555369e-01,  2.8573370021310e-01,  4.3747374337385e-04, -2.0993928898095e-04, -1.1956792424897e-01, -3.1183591511255e-04, -4.3631049848829e-01, -1.6779761191845e-02, -5.0658334439595e+00,  2.1076789160000e+00,  9.0867533114712e-01,              1492992
  4.7646382059017e+00,  1.1060165245577e+00,  9.8224191215524e-01,  5.2171459625973e-01,  3.6670125679866e-01,  4.9559561932694e-04,  3.1556747695418e-04, -1.4940771976053e-01, -9.1874776213852e-03, -6.2916763431017e-01,  9.7216993426477e-03, -8.0814814584942e+00,  2.1499832420000e+00,  9.0017093192730e-01,              1492992
  4.7644321257254e+00,  1.1060866843427e+00,  9.8292787672152e-01,  5.2118985123464e-01,  3.2545583674838e-01,  4.6689292396834e-04, -8.8049228833143e-04, -8.5172479630631e-02, -2.8776219698648e-03, -6.4508574955750e-01,  5.6701187384187e-03, -6.2467006528387e+00,  2.1414738440000e+00,  9.0504838605967e-01,              1492992
  4.7651268254149e+00,  1.1063213981653e+00,  9.8348677605987e-01,  5.2279251144979e-01,  3.7668360504400e-01,  5.0229588327580e-04,  1.0964245826543e-04, -1.3950600408709e-01, -7.0143417939562e-04, -5.7783329740844e-01,  2.8426548664548e-03, -8.6681395505393e+00,  2.3406595810000e+00,  9.0040536051097e-01,              1492992
  4.7657146481379e+00,  1.1065859999955e+00,  9.8402499427035e-01,  5.2115650786119e-01,  3.4975763353280e-01,  4.8401058624508e-04, -1.3677392292520e-03, -1.0912215904380e-01, -5.5716392809031e-03, -5.7281149948115e-01,  7.5069417499016e-03, -7.2072581568332e+00,  2.5056937430000e+00,  9.0794257437414e-01,              1492992
  4.7676011292467e+00,  1.1071389811616e+00,  9.8441908311827e-01,  5.2000916045010e-01,  4.2583699197459e-01,  5.3406356739241e-04,  5.8348133413352e-04, -1.2738999528591e-01,  4.4675976311656e-03, -5.9020423153394e-01,  4.5981068873138e-02, -1.0004401537256e+01,  2.2701872280000e+00,  9.0510799789952e-01,              1492992
  4.7688039308160e+00,  1.1074128703009e+00,  9.8381995235816e-01,  5.2178512725693e-01,  3.6712756873228e-01,  4.9588361528090e-04, -5.3850028867860e-05, -1.5925400850137e-01,  5.2517416605694e-03, -5.0835442421244e-01,  1.7281801294928e-02, -8.2120821493399e+00,  2.1872160950000e+00,  9.0602025998800e-01,              1492992
  4.7700152544306e+00,  1.1073906801588e+00,  9.8297315438874e-01,  5.2220939932739e-01,  3.1951469909884e-01,  4.6261177297566e-04, -1.0210233070842e-03, -8.5497356709598e-02, -1.0500760190788e-04, -4.1668326061209e-01,  5.0317702309112e-03, -5.8173306253833e+00,  2.2202045870000e+00,  9.0412942601166e-01,              1492992
  4.7721235481306e+00,  1.1073875685275e+00,  9.8216069145577e-01,  5.2182604148957e-01,  2.9712502838183e-01,  4.4610888990509e-04, -1.9148470051428e-04, -1.0318229952083e-01, -5.0377899112225e-03, -6.3213836531445e-01, -2.3112763520953e-02, -5.5476773809154e+00,  2.1671950610000e+00,  9.0700151105967e-01,              1492992
  4.7742557672602e+00,  1.1076734842101e+00,  9.8203325414850e-01,  5.1974847987853e-01,  4.2892787964723e-01,  5.3599828178020e-04, -1.0949958157124e-04, -1.0125439161345e-01,  6.2507843714433e-03, -4.5383312171670e-01,  5.6548965019590e-02, -9.9669590734354e+00,  2.1205122740000e+00,  8.9720306605796e-01,              1492992
  4.7763303020391e+00,  1.1076058901581e+00,  9.8071454778907e-01,  5.2099882749867e-01,  3.3990122218063e-01,  4.7714197379707e-04, -3.4299445611071e-04, -8.2017565622991e-02,  1.1681292798614e-02, -2.6202182074627e-01,  7.9533334474917e-03, -7.0569564205532e+00,  2.2449868860000e+00,  9.0621717999829e-01,              1492992
  4.7785677100072e+00,  1.1069210085972e+00,  9.7942302518672e-01,  5.2065468580715e-01,  4.6020539921425e-01,  5.5519700477261e-04, -2.8012256704832e-04, -1.2124256039046e-01, -2.3439408164061e-03, -5.1398168172328e-01,  4.4824196669480e-02, -1.1531679047496e+01,  2.1110455950000e+00,  9.0180724344136e-01,              1492992
  4.7809106965405e+00,  1.1064446270875e+00,  9.7734667735180e-01,  5.2087171821251e-01,  3.7815812282489e-01,  5.0327803488590e-04,  4.1140168688667e-04, -1.2611206553421e-01, -3.7112049386302e-03, -7.6915039754263e-01,  1.2473511016252e-02, -8.4172508445664e+00,  2.0930191270000e+00,  9.0251588756001e-01,              1492992
  4.7826865249620e+00,  1.1062371753593e+00,  9.7528253768895e-01,  5.2259397747885e-01,  3.4962399032020e-01,  4.8391810661961e-04, -8.2323546299166e-04, -1.0209271952226e-01, -5.8314574357414e-03, -5.1510836596139e-01, -2.0581268059440e-02, -7.4751321598055e+00,  2.1629958960000e+00,  9.0248373735425e-01,              1492992
  4.7851268518482e+00,  1.1063802538420e+00,  9.7399302369198e-01,  5.2162049764003e-01,  2.6166589670584e-01,  4.1864395223876e-04,  6.0104815984002e-04, -1.1167800929181e-01, -1.2012128685670e-03, -4.8263294641957e-01, -3.4502271741959e-02, -4.2773886391934e+00,  2.1847409880000e+00,  9.0782937885802e-01,              1492992
  4.7868000654499e+00,  1.1065874162601e+00,  9.7369077516852e-01,  5.2148171590491e-01,  3.6733617202621e-01,  4.9602447676117e-04,  5.4850052359468e-04, -1.4220499474087e-01, -1.1561803349014e-02, -7.1273175383244e-01,  4.8089036463647e-03, -7.9053721645127e+00,  2.1148283940000e+00,  9.0303297003601e-01,              1492992
  4.7878472111692e+00,  1.1074210550777e+00,  9.7339836871446e-01,  5.2159516187438e-01,  3.5048958619314e-01,  4.8451677631147e-04, -5.0716654438841e-04, -6.5472345244897e-02, -4.2302208786072e-03, -5.1019245694168e-01, -6.6281053864660e-03, -7.8312558518843e+00,  2.1700758650000e+00,  9.0547370649005e-01,              1492992
  4.7893113024809e+00,  1.1084158575139e+00,  9.7338262428501e-01,  5.2120594651880e-01,  3.1234870721785e-01,  4.5739468747678e-04,  5.6015832095534e-04, -1.1789198897059e-01,  1.3835053885926e-02, -2.8101114233938e-01, -2.2160292813984e-02, -6.5946688464417e+00,  2.2411063170000e+00,  9.0166323731139e-01,              1492992
  4.7901462286650e+00,  1.1085670346106e+00,  9.7396697452060e-01,  5.2145325747593e-01,  2.7602757158907e-01,  4.2997924422739e-04,  7.6176887041689e-05, -7.6575430868942e-02,  1.4257113428223e-02, -3.3634237224082e-01, -2.9647528057072e-02, -5.0651691387943e+00,  2.1723484670000e+00,  8.9254731438615e-01,              1492992
  4.7908618356244e+00,  1.1079364704574e+00,  9.7525033434980e-01,  5.2179150863339e-01,  3.0221139293538e-01,  4.4991106682059e-04,  3.9691891650328e-04, -7.7054549726955e-02,  2.5484136780502e-03, -5.4986596130049e-01, -2.4835188277145e-02, -5.9390378089320e+00,  2.1149236250000e+00,  9.0676306370027e-01,              1492992
  4.7911597616006e+00,  1.1072445161250e+00,  9.7706090155700e-01,  5.2225165054100e-01,  4.7517040042985e-01,  5.6415176270639e-04,  7.8529877502297e-04, -2.5284711892830e-01,  4.1659437734011e-03, -4.1790088642961e-01,  2.8073081834110e-02, -1.3318003697458e+01,  2.2855016700000e+00,  8.9793649262689e-01,              1492992
  4.7907901332469e+00,  1.1064053333053e+00,  9.7818721888052e-01,  5.2205215952424e-01,  2.7945937146024e-01,  4.3264391378224e-04, -5.5939330810188e-04, -8.3248530251103e-02, -1.3207432288150e-02, -6.7909798544104e-01, -2.9613833214869e-02, -4.7878837281893e+00,  2.1494660920000e+00,  9.1053133573388e-01,              1492992
  4.7910396234631e+00,  1.1063888082233e+00,  9.7995637487116e-01,  5.2134612270171e-01,  4.3364822157845e-01,  5.3893953649305e-04, -3.0776976500377e-04, -9.3552481770259e-02, -1.5431746152361e-02, -9.8508996968029e-01,  2.9949324468683e-02, -9.8583557592457e+00,  2.1391028720000e+00,  9.0113811728395e-01,              1492992
  4.7916083005286e+00,  1.1072433893582e+00,  9.8095942586685e-01,  5.2063509814628e-01,  2.8630040592280e-01,  4.3790735702045e-04,  1.2382759869161e-03, -8.3745284891553e-02,  1.0483725062668e-03, -4.5238820020618e-01, -5.3467777288486e-03, -4.9963155579380e+00,  2.1799070510000e+00,  9.0477510931070e-01,              1492992
  4.7909594801687e+00,  1.1079683842684e+00,  9.8204844020973e-01,  5.1908673919081e-01,  3.5944892139920e-01,  4.9067039139638e-04,  4.4809638407683e-06, -7.1577085516651e-02,  7.3214727265717e-03, -3.4478317047014e-01,  4.7380106687092e-02, -7.1701508792010e+00,  2.1547260240000e+00,  9.0522856117112e-01,              1492992
  4.7904053325933e+00,  1.1082303795417e+00,  9.8199387207310e-01,  5.2000593390864e-01,  3.4879137398244e-01,  4.8334154679748e-04, -1.1941705918018e-04, -3.7763062926852e-02,  1.5015690090962e-02, -2.7958461702544e-01,  1.7826216136692e-02, -7.7676339883785e+00,  2.1115508520000e+00,  9.0570880486968e-01,              1492992
  4.7900405339851e+00,  1.1076519775990e+00,  9.8161489016832e-01,  5.2362664981076e-01,  2.3486039666196e-01,  3.9662141052758e-04, -8.3696036341219e-04, -5.2306757403114e-02,  3.3500033501284e-03, -5.8011062090491e-01, -6.2674131816445e-02, -3.5118321519693e+00,  2.1919447800000e+00,  9.0378180191187e-01,              1492992
  4.7905516223458e+00,  1.1069631972770e+00,  9.8279736507949e-01,  5.2174915145587e-01,  4.0793779836758e-01,  5.2271893649408e-04,  9.7986994434990e-04, -1.7264371552914e-01, -2.0898336938440e-03, -6.4489357077586e-01,  2.3421947613664e-02, -1.0004430948704e+01,  2.2554250590000e+00,  9.1090843085562e-01,              1492992
  4.7901421785781e+00,  1.1064749787684e+00,  9.8342665593819e-01,  5.2256332050634e-01,  2.9625834600390e-01,  4.4545778846347e-04, -1.3765691725956e-03, -4.0035962957838e-02, -1.2185449017795e-03, -5.8593653769670e-01, -3.1249320838678e-02, -5.3628201444696e+00,  2.2981519540000e+00,  9.0037321030521e-01,              1492992
  4.7911327602818e+00,  1.1061181250007e+00,  9.8479685869289e-01,  5.2244187036637e-01,  3.4395390783185e-01,  4.7997805742387e-04, -9.3404928825122e-04, -8.0760108268395e-02, -8.6744690437153e-03, -9.1757974221951e-01, -2.5736129914026e-03, -6.9221982382848e+00,  2.1618479990000e+00,  9.1659566829561e-01,              1492992
  4.7929733126152e+00,  1.1062986488956e+00,  9.8617436785839e-01,  5.2271008771380e-01,  3.5226061261874e-01,  4.8573936721293e-04,  9.6307450470364e-05, -8.4244373779761e-02, -1.3501673486594e-02, -6.1379968331779e-01, -1.5060702720308e-02, -8.3821798429545e+00,  2.2818873240000e+00,  8.8946089463306e-01,              1492992
  4.7945787338484e+00,  1.1072206638342e+00,  9.8787202473429e-01,  5.2198438692004e-01,  3.4125624664827e-01,  4.7809209684338e-04,  3.5403499023808e-05, -1.0955783130815e-01,  6.3280372259644e-04, -3.9241489240462e-01,  7.0909719509739e-03, -7.1551821599098e+00,  2.6061203890000e+00,  9.0363779578189e-01,              1492992
  4.7960440245725e+00,  1.1080273074442e+00,  9.8931805921421e-01,  5.2234612661010e-01,  2.9649398015619e-01,  4.4563490449520e-04,  1.9458316347657e-04, -9.8880923444783e-02,  3.6945040159368e-03, -6.3818273312149e-01, -3.5415714119625e-03, -5.1282889588897e+00,  2.3519695720000e+00,  9.0530558770576e-01,              1492992
  4.7972224037345e+00,  1.1085680051172e+00,  9.9076599699022e-01,  5.1958353751532e-01,  4.5145110526783e-01,  5.4989101051812e-04,  6.9441257289653e-04, -1.4719255223592e-01,  9.1530938168768e-03, -4.1381892594322e-01,  6.1304209780038e-02, -1.1302612288937e+01,  2.2178969100000e+00,  9.1223864561900e-01,              1492992
  4.7976770385600e+00,  1.1085615933211e+00,  9.9074596837183e-01,  5.2012536793499e-01,  3.6910070694037e-01,  4.9721440032571e-04, -3.5945458234629e-05, -7.8907542126097e-02,  1.2540343561110e-02, -4.0192525057322e-01,  2.2494900197557e-02, -8.5671955708778e+00,  2.2122962630000e+00,  9.0304435656722e-01,              1492992
  4.7981604022373e+00,  1.1078746843440e+00,  9.9029460093212e-01,  5.2037357335666e-01,  4.3571753159285e-01,  5.4022387902538e-04,  3.0250704558954e-05, -1.0224412203228e-01, -1.1005683597028e-02, -8.2685814935759e-01,  5.5340607357728e-02, -9.9741058228739e+00,  2.2052833960000e+00,  9.0561101466049e-01,              1492992
  4.7986163230475e+00,  1.1078868109662e+00,  9.8869010725422e-01,  5.2354938002602e-01,  2.9899309161678e-01,  4.4750906454254e-04,  4.4290630677916e-04, -8.6540624998529e-02, -2.3876555183727e-03, -5.9854185528474e-01, -1.7743746684234e-02, -5.5716769315171e+00,  2.1587374830000e+00,  9.0884211033951e-01,              1492992
  4.7986352749522e+00,  1.1080463216762e+00,  9.8773374995101e-01,  5.2219369693969e-01,  2.8662948545661e-01,  4.3815895457324e-04,  9.1352341912791e-05, -8.7162065267481e-02,  5.7723679422080e-03, -5.1736331563042e-01, -1.4231893873795e-02, -5.1467288950032e+00,  2.1353344940000e+00,  9.0160563485940e-01,              1492992
  4.7986054707836e+00,  1.1078848199251e+00,  9.8727285455203e-01,  5.2074117682021e-01,  3.7887438603944e-01,  5.0375443482044e-04,  1.0665695928779e-03, -1.0703834086700e-01,  1.1705316780082e-02, -4.6225207293624e-01,  3.7296656647129e-02, -8.1066757906508e+00,  2.2141855470000e+00,  9.0878182870370e-01,              1492992
  4.7975841395150e+00,  1.1071037319740e+00,  9.8606479777608e-01,  5.2364056017351e-01,  3.4768720704805e-01,  4.8257588451568e-04, -1.1056883030612e-04, -1.1918072104925e-01, -1.7433582061434e-02, -1.1206396014540e+00, -1.8983330201415e-02, -7.2658490919533e+00,  2.1654912130000e+00,  9.0989569937414e-01,              1492992
  4.7968312188704e+00,  1.1073976542226e+00,  9.8551657832860e-01,  5.2100859073074e-01,  3.2645565482556e-01,  4.6760953428464e-04,  5.0725781223332e-04, -8.2656433796106e-02, -3.6971699255970e-03, -4.8150165791093e-01,  1.2887460342800e-02, -6.2253961410261e+00,  2.1132325370000e+00,  8.9986081640089e-01,              1492992
  4.7956947110003e+00,  1.1078808960330e+00,  9.8478908891394e-01,  5.2145380567035e-01,  3.1370317972170e-01,  4.5838534044404e-04,  1.4580231807755e-03, -1.0647906680972e-01,  1.4092841833712e-03, -3.9588196383695e-01, -2.4723412786994e-03, -6.2743915615801e+00,  2.1051915030000e+00,  9.0214883937757e-01,              1492992
  4.7932907079608e+00,  1.1082489965028e+00,  9.8426787405167e-01,  5.2205921305719e-01,  3.2876115621319e-01,  4.6925780979521e-04,  1.7730950758879e-04, -1.1670099825485e-01, -1.6728199164950e-03, -7.5928920264314e-01,  5.3506455190830e-03, -6.1545847949753e+00,  2.1135242530000e+00,  9.0787492498285e-01,              1492992
  4.7910077933401e+00,  1.1086947157030e+00,  9.8374385651440e-01,  5.2368929197525e-01,  3.1462709976783e-01,  4.5905986346241e-04, -1.6499400362799e-04, -1.0941885329999e-01,  6.6285019628773e-03, -3.8174295569301e-01, -2.0454759363374e-02, -6.4368404887983e+00,  2.1488139660000e+00,  9.0654805919925e-01,              1492992
  4.7891675947711e+00,  1.1087380581786e+00,  9.8383922678036e-01,  5.2046397543900e-01,  2.9773580730038e-01,  4.4656717176747e-04,  1.0611563773699e-04, -6.7271039543628e-02,  1.2788231731819e-02, -3.7997733516296e-01,  1.4895438140941e-02, -5.1820900476324e+00,  2.1408802900000e+00,  8.9258013438786e-01,              1492992
  4.7874382244362e+00,  1.1080756425965e+00,  9.8362995856739e-01,  5.2209897239563e-01,  3.3484798689223e-01,  4.7358191119533e-04, -2.8619994558304e-04, -1.2039767450978e-01,  1.0138637584814e-03, -5.0091743478156e-01, -9.5170166012622e-03, -7.1086566244648e+00,  2.1289722250000e+00,  9.0152057077332e-01,              1492992
  4.7862223024727e+00,  1.1074363065466e+00,  9.8375532230743e-01,  5.2378157275185e-01,  2.8167536637714e-01,  4.3435586856956e-04, -5.3494668219171e-04, -9.5067183212556e-02,  3.6251440971477e-03, -5.2267846959658e-01, -3.7005125414886e-02, -5.2280213678747e+00,  2.1288057090000e+00,  9.0349914801955e-01,              1492992
  4.7857026250478e+00,  1.1066726529702e+00,  9.8481999800042e-01,  5.2202064376521e-01,  4.3783088893368e-01,  5.4153241607879e-04,  2.0372266426866e-04, -1.9574270109296e-01, -1.0171380953164e-02, -7.7568681797609e-01,  2.8729094664999e-02, -1.1318109733936e+01,  2.1585685680000e+00,  9.0410866233711e-01,              1492992
  4.7851297415782e+00,  1.1065744043692e+00,  9.8522431098255e-01,  5.2344514105639e-01,  4.3871777857709e-01,  5.4208061463066e-04, -6.2269745582248e-04, -1.2222147931907e-01, -2.9545791150772e-02, -1.7049510648275e+00,  2.4316501363494e-02, -9.5396018782497e+00,  2.4055101420000e+00,  8.8805968149863e-01,              1492992
  4.7852906121019e+00,  1.1081819199680e+00,  9.8511812701386e-01,  5.2277372279261e-01,  3.0339835950561e-01,  4.5079373714943e-04, -1.6662232110490e-04, -9.8925416534373e-02,  2.9019983450401e-04, -6.1825265393858e-01, -1.0371979374637e-02, -5.7377100317825e+00,  2.3986155710000e+00,  9.0124461484053e-01,              1492992
  4.7856496354588e+00,  1.1096312241747e+00,  9.8534141246943e-01,  5.2280250626210e-01,  3.6566059344326e-01,  4.9489189303502e-04,  6.3546108818669e-04, -1.4345771683157e-01,  9.7790100488496e-03, -4.7605403563183e-01,  5.7912678320651e-03, -8.2252053532749e+00,  2.1854393970000e+00,  9.1063515410665e-01,              1492992
  4.7854140209196e+00,  1.1104034249243e+00,  9.8550209824291e-01,  5.2243924416010e-01,  3.3077096385436e-01,  4.7068997554536e-04,  2.6055345687705e-04, -1.0014551799502e-01,  1.1720067469615e-02, -4.8371914214562e-01, -1.3543137835989e-03, -6.9529685473321e+00,  2.1967262900000e+00,  8.9944621270576e-01,              1492992
  4.7849928354470e+00,  1.1104569043787e+00,  9.8576346259580e-01,  5.2339613576317e-01,  3.2665283259939e-01,  4.6775073001429e-04,  7.5183227416289e-04, -1.2155886834553e-01,  1.0743882476824e-02, -6.5550085708517e-01, -8.4348900536114e-03, -6.5016851948010e+00,  2.1439356840000e+00,  9.1179591049383e-01,              1492992
  4.7839270745385e+00,  1.1099219901326e+00,  9.8628124958157e-01,  5.2038841437644e-01,  3.5165746755119e-01,  4.8532334451877e-04,  8.7024750547202e-04, -1.0551635870567e-01,  1.3279381153551e-02, -3.3644730957200e-01,  2.0208722083689e-02, -7.6391294514068e+00,  2.1605579810000e+00,  9.0121581361454e-01,              1492992
  4.7821548324030e+00,  1.1087058057494e+00,  9.8635135506131e-01,  5.2216842708879e-01,  3.3485028518258e-01,  4.7358353645053e-04, -1.1189592188920e-04, -5.9156330067313e-02, -1.1799291807869e-03, -6.1992206205318e-01,  1.1517778742396e-02, -6.3831366148004e+00,  2.2150521530000e+00,  9.0035244663066e-01,              1492992
  4.7806989592013e+00,  1.1076936714927e+00,  9.8621296409495e-01,  5.1973894795533e-01,  3.8784404083162e-01,  5.0968261603091e-04,  8.1403377662529e-05, -7.1848060573840e-02,  5.7552466104547e-03, -3.5040143720318e-01,  3.4641907481487e-02, -8.7796295107047e+00,  2.1787254540000e+00,  9.0434041173697e-01,              1492992
  4.7793420473008e+00,  1.1064686907058e+00,  9.8535554130659e-01,  5.2154545430612e-01,  3.5300507664877e-01,  4.8625237465246e-04,  4.0552344829547e-04, -1.5001599848620e-01, -1.0598984681822e-02, -8.0262031882812e-01,  1.8291258489307e-03, -7.6189504734783e+00,  2.1860889910000e+00,  9.0283939900549e-01,              1492992
  4.7777901980744e+00,  1.1059832462944e+00,  9.8463109475689e-01,  5.2029524406653e-01,  3.2794084834122e-01,  4.6867201021679e-04, -6.1327365972704e-05, -9.0823655592584e-02, -1.7046515396503e-03, -4.9265882628682e-01,  2.1047763236874e-02, -6.0909623725810e+00,  2.1536147730000e+00,  9.0830091520919e-01,              1492992
  4.7764986336969e+00,  1.1056556026597e+00,  9.8354161414288e-01,  5.1748707862388e-01,  4.4270593175508e-01,  5.4453892571456e-04,  3.4862375870050e-04, -1.1013759596943e-01, -1.1060144882984e-02, -6.1073297841136e-01,  8.0337772761068e-02, -9.6584625766729e+00,  2.1868119040000e+00,  9.0931297689472e-01,              1492992
  4.7750419054580e+00,  1.1060000260245e+00,  9.8073183992160e-01,  5.2106191390906e-01,  4.1824804620401e-01,  5.2928333513204e-04, -1.4567148721173e-03, -3.5181628684017e-02, -9.2868884206134e-03, -8.7690313817064e-01,  2.3379447007398e-02, -1.0017954555669e+01,  2.2244262560000e+00,  9.0055405521262e-01,              1492992
  4.7752033329331e+00,  1.1068579431641e+00,  9.7775509542102e-01,  5.2220326364368e-01,  3.7005098516450e-01,  4.9785404728730e-04, -1.4064161847953e-03, -6.7926883129791e-02, -1.6629515185788e-02, -9.6278381795525e-01, -1.5956810668514e-03, -7.7077093365898e+00,  2.1835339740000e+00,  9.1475305962791e-01,              1492992
  4.7767861952212e+00,  1.1085943814923e+00,  9.7520569064902e-01,  5.2198733234077e-01,  4.1102001845710e-01,  5.2468995141210e-04, -8.8297903506292e-04, -8.8928601714049e-02,  4.0849737178459e-03, -3.6234440403645e-01,  6.9573502195211e-03, -1.0917214176162e+01,  2.1599936430000e+00,  9.0277241941015e-01,              1492992
  4.7791375147726e+00,  1.1099385608244e+00,  9.7287246906258e-01,  5.2188570802968e-01,  2.4467242463897e-01,  4.0482168904612e-04, -3.9767960064843e-04, -8.2634067700384e-02,  1.4343749700149e-02, -4.2515693031972e-01, -5.3175539680125e-02, -4.0835044247707e+00,  2.2729383810000e+00,  9.0321783371914e-01,              1492992
  4.7816943253374e+00,  1.1103516657842e+00,  9.7211507927993e-01,  5.2086152530662e-01,  4.0821498605950e-01,  5.2289649622451e-04,  9.2125220110770e-04, -1.7644341506847e-01,  1.3334346569698e-02, -5.2146438051584e-01,  1.4306269705913e-02, -1.0031205475050e+01,  2.2253973510000e+00,  9.0648241919582e-01,              1492992
  4.7831637248488e+00,  1.1099855120713e+00,  9.7120671022719e-01,  5.2079544754849e-01,  3.0358786359663e-01,  4.5093449915311e-04,  7.5942786580329e-04, -1.1150166813175e-01,  1.9720263130096e-02, -4.3081182557995e-01, -1.7833691441241e-02, -6.1099787567071e+00,  2.4519286730000e+00,  9.0873159400720e-01,              1492992
  4.7837829403468e+00,  1.1085543222693e+00,  9.7089716177884e-01,  5.2191389507774e-01,  2.8147309953997e-01,  4.3419988835994e-04, -5.2281404523785e-05, -1.1317931048877e-01,  1.3649243243248e-02, -4.7207957311488e-01, -3.6606365512953e-02, -5.1741655548737e+00,  2.1841458870000e+00,  8.9942009066358e-01,              1492992
  4.7844498460992e+00,  1.1065074086039e+00,  9.7157327442099e-01,  5.2084628360070e-01,  2.9987211486156e-01,  4.4816640777730e-04, -4.7590253933190e-04, -1.1770151533023e-01, -4.8967511778097e-03, -5.8784615052351e-01, -2.7571570587069e-02, -5.9337634977615e+00,  2.1315218300000e+00,  9.0146028913752e-01,              1492992
  4.7855866475366e+00,  1.1049570530499e+00,  9.7292662708411e-01,  5.2285174993502e-01,  2.6039481462174e-01,  4.1762590090866e-04, -1.0005506312539e-03, -7.7049569037439e-02, -1.5910220994487e-02, -7.0631999079248e-01, -5.5197006159307e-02, -4.0279441455300e+00,  2.1700452390000e+00,  9.0450518154150e-01,              1492992
  4.7876520812057e+00,  1.1044814825581e+00,  9.7553867097321e-01,  5.2059167658840e-01,  2.8552827159043e-01,  4.3731645393395e-04, -5.6420330450751e-04, -7.1858477634456e-02, -1.3965517797229e-02, -5.6584978383620e-01, -1.8925588806994e-02, -4.8697697683121e+00,  2.1883352880000e+00,  9.1019509816529e-01,              1492992
  4.7901146918240e+00,  1.1048600523474e+00,  9.7841248594152e-01,  5.2049587263093e-01,  3.3751906175574e-01,  4.7546703539374e-04, -6.6390100328497e-04, -1.0843064562874e-01, -1.5449688266780e-02, -1.0190555327834e+00,  1.1230525444108e-02, -6.2150141278017e+00,  2.2411392280000e+00,  9.1332974322702e-01,              1492992
  4.7930537017739e+00,  1.1061050700406e+00,  9.8080312184058e-01,  5.2117867388510e-01,  2.7458186615122e-01,  4.2885174922615e-04, -1.1828775329207e-04, -5.3649545330850e-02, -9.4318598038945e-03, -5.6880229201911e-01, -1.8926382510254e-02, -4.3946553537448e+00,  2.1832697610000e+00,  9.0927345893347e-01,              1492992
  4.7958473033161e+00,  1.1077773948648e+00,  9.8347266601584e-01,  5.2296593592213e-01,  3.7042846741189e-01,  4.9810790847176e-04, -4.2208548866403e-04, -1.6517054600838e-01, -1.3188550060948e-02, -7.4546810537238e-01,  2.1073976362649e-03, -8.2700341386080e+00,  2.2338516920000e+00,  9.0889703360768e-01,              1492992
  4.7988713957142e+00,  1.1100528153988e+00,  9.8592725681295e-01,  5.2031116186520e-01,  3.3022550736439e-01,  4.7030172073805e-04,  1.6277476267802e-04, -9.4694201816623e-02,  6.7675391347797e-03, -6.0743841258964e-01,  2.2249706550339e-02, -6.0857665961151e+00,  2.7682593030000e+00,  9.0233906142833e-01,              1492992
  4.8014795340773e+00,  1.1117355113570e+00,  9.8766807422184e-01,  5.2182391465485e-01,  2.9152692721499e-01,  4.4188636112048e-04,  1.7060043933629e-04, -8.7967205302956e-02,  7.4650813672590e-03, -5.2704462131361e-01, -2.3171533141991e-03, -5.1612081110569e+00,  2.3182704240000e+00,  9.0841612011317e-01,              1492992
  4.8037015409336e+00,  1.1128419752105e+00,  9.8935638634528e-01,  5.2270533381059e-01,  2.6802446261647e-01,  4.2370001234624e-04,  9.3887445772208e-05, -8.4729225247142e-02,  3.3048975972377e-02, -2.4911957232488e-01, -2.2475281546436e-02, -5.0735694368162e+00,  2.2620935740000e+00,  9.0257683899177e-01,              1492992
  4.8056513505598e+00,  1.1119675498322e+00,  9.9149042708916e-01,  5.2225482609388e-01,  3.2686427890152e-01,  4.6790209585598e-04,  5.9777047666261e-04, -7.7381696286603e-02,  1.8927776304213e-02, -3.4985232293562e-01,  1.4931206287999e-03, -7.0324058426401e+00,  2.3006135040000e+00,  9.0309994963134e-01,              1492992
  4.8068429604320e+00,  1.1101155215366e+00,  9.9346264253219e-01,  5.2243012633143e-01,  3.3544519965975e-01,  4.7400404777428e-04,  7.0654416989784e-04, -1.0058083765532e-01,  1.4990561547005e-02, -3.7860044854330e-01, -1.4031678739150e-03, -7.5938691535946e+00,  2.1758482190000e+00,  9.0739401148834e-01,              1492992
  4.8072529536305e+00,  1.1076068772968e+00,  9.9536717086724e-01,  5.2265799470950e-01,  2.9563500278253e-01,  4.4498890832866e-04,  1.4503401064892e-03, -1.0534596892374e-01,  2.9290516370562e-04, -4.9158918122749e-01,  5.6530330029749e-03, -5.1522645667160e+00,  2.1918780950000e+00,  8.9772148812586e-01,              1492992
  4.8062097222295e+00,  1.1053441688353e+00,  9.9700726380692e-01,  5.2094817146052e-01,  3.1352009201626e-01,  4.5825155638556e-04,  5.2979623790830e-04, -7.2985007333988e-02, -4.5504710143547e-03, -4.9137518959478e-01,  1.7415171263453e-02, -5.7433825883698e+00,  2.1901427580000e+00,  9.1339069465878e-01,              1492992
  4.8047712049549e+00,  1.1035788165564e+00,  9.9812663597508e-01,  5.2148957706014e-01,  4.6279343162760e-01,  5.5675593193617e-04, -4.9207692263452e-06, -9.8319341796429e-02, -2.0919766633528e-02, -6.6148652687712e-01,  6.2734940567558e-02, -1.0842689250023e+01,  2.2230449540000e+00,  9.0198741855281e-01,              1492992
  4.8035299943403e+00,  1.1031996356371e+00,  9.9772312122931e-01,  5.2259791299024e-01,  3.8869209970422e-01,  5.1023954715916e-04,  3.7420567661207e-04, -1.3169255652722e-01, -3.1812080590003e-02, -8.4903938137573e-01,  3.6110036448453e-02, -7.6262927618898e+00,  2.2050508900000e+00,  9.0123389810528e-01,              1492992
  4.8020994546541e+00,  1.1046918096448e+00,  9.9656434089311e-01,  5.2114972542485e-01,  3.6712189136384e-01,  4.9587978102122e-04,  5.7141683655969e-04, -1.1782837629295e-01, -8.4849292226386e-03, -5.8644880161793e-01,  3.9921624385648e-02, -7.3972906070120e+00,  2.1771877900000e+00,  9.0388026191701e-01,              1492992
  4.8002912512899e+00,  1.1065354482672e+00,  9.9462840369023e-01,  5.2366427771118e-01,  3.4160015168605e-01,  4.7833293767704e-04,  2.0982929342453e-04, -1.1987408554183e-01, -1.5702805242397e-02, -6.6321014850801e-01,  9.8539523189523e-03, -6.4423980408079e+00,  2.1206673970000e+00,  8.9465516225137e-01,              1492992
  4.7985101445169e+00,  1.1091084264248e+00,  9.9272077332206e-01,  5.2138696134566e-01,  4.6444326682872e-01,  5.5774745242586e-04, -1.7128409445905e-04, -4.8117376228156e-02,  9.0390902928966e-03, -3.5013840139148e-01,  4.5587981300471e-02, -1.2702538026374e+01,  2.1407863540000e+00,  9.0505709340706e-01,              1492992
  4.7971040567385e+00,  1.1109209255595e+00,  9.9003511428364e-01,  5.2091458243069e-01,  3.2551411727671e-01,  4.6693472618102e-04,  9.3468366170406e-05, -8.8858365274806e-02,  2.5638718507985e-02, -4.0118589310070e-01,  2.1105355841294e-02, -6.4225640844957e+00,  2.2040820890000e+00,  9.0255607531722e-01,              1492992
  4.7957874576267e+00,  1.1111025667098e+00,  9.8717403469274e-01,  5.2243556730883e-01,  2.6522493472793e-01,  4.2148142071880e-04,  7.8235814026422e-05, -9.0941596547056e-02,  1.9448959003228e-02, -3.4084826606021e-01, -2.2624335733711e-02, -4.6885022188290e+00,  2.3512412420000e+00,  9.1017701367455e-01,              1492992
  4.7945679949447e+00,  1.1101676542570e+00,  9.8521419717221e-01,  5.2153846114760e-01,  2.8226188175801e-01,  4.3480784973309e-04, -5.6395325806960e-04, -6.6706035266064e-02,  2.1627803318310e-02, -2.8374173486811e-01, -1.3079374479342e-02, -5.2419650108094e+00,  2.1412967880000e+00,  9.0912342463992e-01,              1492992
  4.7940781347791e+00,  1.1081019533859e+00,  9.8383712547376e-01,  5.2089571148912e-01,  3.5425740920130e-01,  4.8711413357764e-04,  4.1930815359923e-04, -7.9166044784676e-02,  6.1698228601412e-03, -3.3093420881437e-01, -1.9597955094947e-03, -8.1254072580315e+00,  2.2343380850000e+00,  9.1066395533265e-01,              1492992
  4.7932496916120e+00,  1.1058986919207e+00,  9.8274566989463e-01,  5.1961369139177e-01,  3.9986819963174e-01,  5.1752304488882e-04,  1.2095114173388e-04, -9.7174717627883e-02, -7.3278097346959e-03, -7.1350732275450e-01,  5.0454862754377e-02, -8.3685611439388e+00,  2.9180585280000e+00,  9.0468736604081e-01,              1492992
  4.7924295043330e+00,  1.1043526794080e+00,  9.8061738640565e-01,  5.2192907644776e-01,  4.3979257582421e-01,  5.4274421931990e-04, -1.6143872231116e-03, -6.6671763291701e-02, -1.3913540370341e-02, -5.4867063081970e-01,  1.7401131533787e-02, -1.1102549011118e+01,  2.2625620890000e+00,  9.0431897826646e-01,              1492992
  4.7933722886481e+00,  1.1037707833560e+00,  9.7840643303464e-01,  5.2204514440527e-01,  3.5715188112045e-01,  4.8910007637462e-04,  5.2653346267928e-04, -1.2241451758090e-01, -2.5706540833073e-02, -9.3574792947070e-01, -4.8190619413315e-03, -6.9697998770607e+00,  2.2414321800000e+00,  8.9861298653978e-01,              1492992
  4.7937465646724e+00,  1.1047415616297e+00,  9.7662069361795e-01,  5.2046182704132e-01,  3.3686337419898e-01,  4.7500497352547e-04,  1.7849077926118e-03, -1.4888268358062e-01, -9.7654520023205e-03, -5.6995813430403e-01,  6.6326341735535e-03, -6.5127055201149e+00,  2.2565841690000e+00,  9.0447303133573e-01,              1492992
  4.7923389053956e+00,  1.1061901506779e+00,  9.7492810759754e-01,  5.2185382392451e-01,  3.5254867063611e-01,  4.8593793117515e-04,  3.2641041723452e-04, -1.0132392649659e-01, -5.9124442602166e-03, -5.9517810113599e-01, -7.1513946691415e-03, -7.6450271773166e+00,  2.7367351050000e+00,  8.9491035450960e-01,              1492992
  4.7907893833938e+00,  1.1078501755511e+00,  9.7367614178160e-01,  5.2155143449356e-01,  4.1325735224823e-01,  5.2611605395811e-04,  9.9460701656703e-04, -2.0662481073195e-01, -4.0319916015777e-03, -6.7027524621138e-01,  1.5364337837055e-02, -1.0012924094876e+01,  2.4412151010000e+00,  9.0294187778635e-01,              1492992
  4.7884840348270e+00,  1.1095955723089e+00,  9.7229059954331e-01,  5.2209386436302e-01,  3.2302335260712e-01,  4.6514485315574e-04,  1.8053435190713e-04, -8.7634027591541e-02,  1.7525358635720e-03, -5.1906559685659e-01, -1.6870368645354e-02, -6.4985067830199e+00,  2.3012602740000e+00,  9.1082604595336e-01,              1492992
  4.7862674707945e+00,  1.1110824210828e+00,  9.7154359469529e-01,  5.2277077282491e-01,  2.5244104489701e-01,  4.1119823727027e-04, -6.5577570941343e-04, -2.9008384427378e-02,  1.9535173709090e-02, -2.7727028926235e-01, -5.7783548775722e-02, -4.7681091708274e+00,  2.1537220780000e+00,  9.0828216092250e-01,              1492992
  4.7849567779193e+00,  1.1113093218023e+00,  9.7236920200477e-01,  5.2416751571189e-01,  2.4310790037677e-01,  4.0352532498270e-04, -1.0978883117905e-03, -7.9963620528087e-02,  9.4346399051240e-03, -6.3551794634336e-01, -7.3386818986724e-02, -4.0429030660728e+00,  2.3624671910000e+00,  9.0392446844993e-01,              1492992
  4.7849409967070e+00,  1.1109908239309e+00,  9.7498602234641e-01,  5.2116506826165e-01,  3.7210163055127e-01,  4.9923157590660e-04,  3.6073028221968e-04, -1.3935616224091e-01,  2.2663978833830e-02, -2.6071086356680e-01,  1.2325930531904e-02, -9.1031549778217e+00,  2.1526153540000e+00,  9.0785416130830e-01,              1492992
  4.7846287713422e+00,  1.1094119287886e+00,  9.7714994869591e-01,  5.2248467164134e-01,  4.6581810102350e-01,  5.5857235795172e-04, -3.7777240990484e-05, -2.0830498904459e-01,  9.0744700526580e-03, -4.9699490052529e-01,  2.3081227345147e-03, -1.3455088121045e+01,  2.5539287820000e+00,  9.0735449352709e-01,              1492992
  4.7844929601188e+00,  1.1074831956479e+00,  9.7920944893344e-01,  5.2343414154032e-01,  2.6075840606254e-01,  4.1791736645597e-04, -6.3314827359180e-04, -6.7563196905532e-02, -7.5971291470822e-03, -5.5604707162845e-01, -5.2447220438114e-02, -4.5613393034192e+00,  2.2710197820000e+00,  9.0537390689300e-01,              1492992
  4.7850546425858e+00,  1.1061982432103e+00,  9.8242558247394e-01,  5.1999697047400e-01,  4.2108981835814e-01,  5.3107839001197e-04,  2.9722154968137e-04, -1.0236425525489e-01, -7.0765056467358e-03, -5.6147655224383e-01,  4.4725198205764e-02, -9.6067353874087e+00,  2.2161870040000e+00,  9.0697270983368e-01,              1492992
  4.7853080580423e+00,  1.1054637809003e+00,  9.8432658251980e-01,  5.2357344699944e-01,  2.9780948435511e-01,  4.4662242161977e-04, -9.0802812071046e-04, -9.8476974567918e-02, -4.0285813525749e-03, -5.9035491192008e-01, -2.9017688141034e-02, -5.4509203807333e+00,  2.1759340130000e+00,  9.0302761166838e-01,              1492992
  4.7865192615906e+00,  1.1050509666922e+00,  9.8682974565584e-01,  5.2197853324459e-01,  3.4475862491786e-01,  4.8053920948889e-04, -3.8007566665070e-05, -1.3867347353558e-01, -1.3365902317159e-02, -7.9432689593766e-01,  7.4092077237918e-03, -6.6316065242591e+00,  2.2124431270000e+00,  8.9692644032922e-01,              1492992
  4.7877207379957e+00,  1.1054717032375e+00,  9.8898263348923e-01,  5.1995569689099e-01,  3.7363243728222e-01,  5.0025742826664e-04,  1.2452041636602e-04, -8.9655282853642e-02, -2.1303530325838e-02, -1.0175640086830e+00,  4.2425800996489e-02, -7.1760577480537e+00,  2.1471083650000e+00,  8.9911399391289e-01,              1492992
  4.7887211158047e+00,  1.1071063167960e+00,  9.8995155922979e-01,  5.2129074312927e-01,  6.2346547686828e-01,  6.4621564006647e-04, -9.4356432993948e-05, -6.0085708528801e-02, -2.6344050932446e-03, -4.4429861351312e-01,  5.3150143449079e-02, -2.4431522482060e+01,  2.1421974250000e+00,  9.0528549382716e-01,              1492992
  4.7897504397519e+00,  1.1087435097150e+00,  9.8980178723977e-01,  5.2197033598206e-01,  4.4548105795004e-01,  5.4624299529954e-04,  8.9333965336514e-04, -2.0868892258070e-01,  1.2433731532221e-02, -5.8146089482652e-01,  2.1392099649718e-02, -1.2437216249762e+01,  2.2217867320000e+00,  9.0447303133573e-01,              1492992
  4.7898643067357e+00,  1.1095176365352e+00,  9.8928767500931e-01,  5.2090923011465e-01,  3.2035689461338e-01,  4.6322106131227e-04,  5.2158685967804e-04, -8.7859223030680e-02,  1.7968778994443e-02, -3.2386287800195e-01,  1.5591627329044e-02, -6.1144258080634e+00,  2.1543851420000e+00,  9.0615823795439e-01,              1492992
  4.7894742522826e+00,  1.1091872665171e+00,  9.8851102357844e-01,  5.2284932083265e-01,  2.8340066044560e-01,  4.3568407768270e-04, -3.6533984442870e-04, -8.0161733825241e-02,  1.6864490511133e-02, -3.3484131597817e-01, -1.8903740507636e-02, -5.2648024125480e+00,  2.1194132810000e+00,  9.0060830868484e-01,              1492992
  4.7895413803773e+00,  1.1079261597409e+00,  9.8835060654693e-01,  5.2286194429182e-01,  2.9964194513282e-01,  4.4799437753962e-04, -2.1077342128307e-04, -8.0860656247984e-02, -7.9400653489254e-03, -6.1659272712739e-01, -3.1516338714418e-03, -5.2763392258358e+00,  2.1624911490000e+00,  9.0472085583848e-01,              1492992
  4.7898613862384e+00,  1.1072666660171e+00,  9.8835116946562e-01,  5.2056316732455e-01,  2.9583734896135e-01,  4.4514116770671e-04,  1.0569063695861e-03, -7.6709848912130e-02,  4.5774369056392e-03, -4.7956428917249e-01, -4.8193318512052e-03, -5.5389794739307e+00,  2.2949947590000e+00,  9.0576707711763e-01,              1492992
  4.7890968459803e+00,  1.1064217880132e+00,  9.8854201028680e-01,  5.2086542277105e-01,  3.2223682643550e-01,  4.6457821986219e-04,  2.3241998212245e-04, -1.0835915278267e-01, -2.3433129277316e-04, -4.9137687857354e-01,  1.1836175595189e-02, -6.0198704444092e+00,  2.1369004140000e+00,  9.0409191743827e-01,              1492992
  4.7882237327496e+00,  1.1056884435135e+00,  9.8849235147207e-01,  5.2145419861516e-01,  3.7481285668641e-01,  5.0104703838676e-04,  1.2097332717153e-03, -1.3946187741419e-01, -2.1335327756247e-02, -8.5968613859661e-01,  3.8026657895830e-02, -7.2274423532029e+00,  2.2117143980000e+00,  8.9991908864883e-01,              1492992
  4.7862584697897e+00,  1.1062880008047e+00,  9.8758329023924e-01,  5.2307856316541e-01,  3.0682583098291e-01,  4.5333287987847e-04, -3.6051944880794e-04, -1.0292318080134e-01, -8.8917969460261e-03, -5.8165025010562e-01, -1.7356151482839e-02, -5.8010710864875e+00,  2.8370719080000e+00,  9.1166931905864e-01,              1492992
  4.7849148010274e+00,  1.1073598488774e+00,  9.8727367139856e-01,  5.2179761568658e-01,  4.6326618449394e-01,  5.5704022808315e-04, -3.9657700492827e-04, -1.4990060532120e-01,  8.0206790401652e-04, -6.8502719774012e-01,  2.4890543203991e-02, -1.2741141133483e+01,  2.2149164500000e+00,  9.0940005036866e-01,              1492992
  4.7841931401353e+00,  1.1082987991273e+00,  9.8652885971485e-01,  5.2007479231348e-01,  4.7967664485538e-01,  5.6682049684693e-04, -5.0993138297053e-04, -1.2139874131719e-01, -5.9683271652764e-03, -4.2300192094357e-01,  5.6141027655464e-02, -1.2501235977463e+01,  2.1838687410000e+00,  8.9984541109396e-01,              1492992
  4.7841349265795e+00,  1.1095031716297e+00,  9.8460340614403e-01,  5.1848776758619e-01,  4.6649361520109e-01,  5.5897722290835e-04,  5.7458802286738e-04, -8.4052266991104e-02,  1.1063323976718e-02, -3.7780018617077e-01,  7.5945157380812e-02, -1.1228486721973e+01,  2.1455018610000e+00,  9.0778316293724e-01,              1492992
  4.7835297799084e+00,  1.1099564656610e+00,  9.8110450076107e-01,  5.2097280288253e-01,  3.3421177040157e-01,  4.7313179071006e-04,  1.7791894484033e-04, -1.1981983072128e-01,  1.2721081887635e-02, -3.8747176709013e-01,  8.3176768509833e-03, -6.8404950409819e+00,  2.2435943750000e+00,  9.0399546682099e-01,              1492992
  4.7828620392220e+00,  1.1096368346195e+00,  9.7782928583904e-01,  5.1991479914041e-01,  4.9885371207065e-01,  5.7803996199564e-04,  2.0078433344863e-03, -2.4546887662131e-01,  1.3839377371821e-02, -4.2357928970130e-01,  5.8048313405646e-02, -1.3952745095140e+01,  2.2941116920000e+00,  9.0058754501029e-01,              1492992
  4.7803063285944e+00,  1.1085567671998e+00,  9.7359698368306e-01,  5.1959918371196e-01,  3.3147580668425e-01,  4.7119120742445e-04,  3.4893760490476e-04, -1.1229084883809e-01,  1.0680904682233e-02, -4.4036654112784e-01,  1.0747234249658e-02, -6.5361045886586e+00,  2.1122021910000e+00,  9.0045961398320e-01,              1492992
  4.7777001041048e+00,  1.1069754213313e+00,  9.6959602200306e-01,  5.2451764234879e-01,  2.5955416480393e-01,  4.1695123127724e-04, -2.0531728797163e-03, -5.7528335979666e-02, -1.2730082617720e-04, -5.0545655558925e-01, -7.2950710651583e-02, -4.8201911057370e+00,  2.6866772970000e+00,  9.0852529685357e-01,              1492992
  4.7775165634419e+00,  1.1055729782149e+00,  9.6789483184895e-01,  5.2201726426326e-01,  2.9990266495413e-01,  4.4818923613624e-04, -3.7586871189000e-04, -1.0611800748346e-01, -9.9343904485986e-03, -4.9806852259283e-01, -3.8060496397459e-02, -5.7783498409290e+00,  2.3175534050000e+00,  9.1320181219993e-01,              1492992
  4.7777961283765e+00,  1.1049032927254e+00,  9.6739342010213e-01,  5.2079584236117e-01,  4.7554632725997e-01,  5.6437488040690e-04, -1.4809021143796e-03, -1.1121476652033e-01, -3.7178581096679e-02, -1.2150137571020e+00,  2.3948726236924e-02, -1.1773479568238e+01,  2.7865153610000e+00,  8.9963107638889e-01,              1492992
  4.7796403244481e+00,  1.1064993950292e+00,  9.6648703155418e-01,  5.2218161278732e-01,  2.6347519994687e-01,  4.2008882719650e-04, -9.1618899248948e-04, -7.3543058253303e-02,  1.0425484867115e-03, -5.6538671626984e-01, -5.0916886706552e-02, -4.5619048781521e+00,  2.4184897940000e+00,  9.0840674296982e-01,              1492992
  4.7822888829525e+00,  1.1078930219632e+00,  9.6701056166129e-01,  5.2136753565201e-01,  2.9482578202921e-01,  4.4437947269152e-04, -4.8059919129754e-04, -6.8452913799273e-02,  2.4793953269425e-03, -4.3008788489723e-01, -3.6892562583418e-02, -5.6398678953070e+00,  2.3270229740000e+00,  9.1005578060700e-01,              1492992
  4.7852087168568e+00,  1.1090165261634e+00,  9.6848193811709e-01,  5.2321868367745e-01,  2.3482295487920e-01,  3.9658979428915e-04, -9.7302749174623e-04, -4.5761515867917e-02,  1.1364363959239e-02, -4.7556261779104e-01, -6.8372193107581e-02, -3.6984124441077e+00,  2.2323606050000e+00,  9.0717632780350e-01,              1492992
  4.7888711981555e+00,  1.1093795901275e+00,  9.7157154548411e-01,  5.2175449266464e-01,  3.7143992792209e-01,  4.9878749045945e-04,  1.5056784859164e-03, -1.4590561306643e-01,  1.0101065569438e-02, -3.6475421036037e-01,  2.2856467031584e-04, -8.8416253833841e+00,  2.5087641930000e+00,  8.9807581018519e-01,              1492992
  4.7906794229488e+00,  1.1091277982180e+00,  9.7446038881473e-01,  5.1902098021562e-01,  4.4863599861094e-01,  5.4817385599970e-04,  1.5223306011001e-03, -2.1771695255631e-01,  1.1994078940093e-02, -6.0607095529320e-01,  5.8263156505824e-02, -1.1051565373794e+01,  2.3166020850000e+00,  9.0050984867970e-01,              1492992
  4.7908400404062e+00,  1.1082183610866e+00,  9.7573217244208e-01,  5.2216266992948e-01,  2.9796069981238e-01,  4.4673579551551e-04, -1.3534154347292e-03, -7.5188132204060e-02,  4.0920247784250e-03, -3.4477727250164e-01, -2.0915527640933e-02, -5.7207110974360e+00,  2.2010780830000e+00,  9.0194522140775e-01,              1492992
  4.7924269975041e+00,  1.1071700270515e+00,  9.7747669940522e-01,  5.2173096004877e-01,  4.8486125853532e-01,  5.6987552053792e-04,  6.1080099308787e-04, -2.4724897618834e-01, -1.1262686110481e-03, -6.8016068105759e-01,  1.8360454282290e-02, -1.6013726344630e+01,  2.1637001390000e+00,  9.0515823259602e-01,              1492992
  4.7933508004431e+00,  1.1063114186766e+00,  9.7878708191045e-01,  5.2229743643505e-01,  2.8693916175197e-01,  4.3839558551860e-04,  1.9060171186154e-05, -9.0966793068154e-02, -4.0658516447933e-03, -5.1622495005875e-01, -2.7198877249929e-02, -5.1910951442988e+00,  2.4244265740000e+00,  9.0019504458162e-01,              1492992
  4.7942104595175e+00,  1.1057911574967e+00,  9.8071901062079e-01,  5.2111950841685e-01,  3.6295842764460e-01,  4.9305992138334e-04,  6.3625973879493e-04, -1.0804414645728e-01, -8.4987117266937e-03, -6.3837970227074e-01,  1.9986333990187e-02, -7.4840385805094e+00,  2.1545773350000e+00,  9.0228949652778e-01,              1492992
  4.7943794548059e+00,  1.1058392917444e+00,  9.8204894064452e-01,  5.2256496451378e-01,  3.4989006023813e-01,  4.8410220663477e-04, -1.8707514813981e-04, -1.4348467448184e-01, -1.8417630329553e-02, -7.1404200215252e-01, -5.9497343912568e-04, -7.6361761522448e+00,  2.2258879310000e+00,  9.1182672110768e-01,              1492992
  4.7948009819874e+00,  1.1069830684336e+00,  9.8335856578103e-01,  5.2024944073268e-01,  4.0847296113550e-01,  5.2306169466503e-04,  1.0921928807598e-03, -1.2308898747649e-01, -3.7618539974222e-03, -7.8320852169180e-01,  3.3080200074308e-02, -9.3661954459288e+00,  2.1550739720000e+00,  9.1010601530350e-01,              1492992
  4.7941078158616e+00,  1.1082570743928e+00,  9.8381963208046e-01,  5.1988156515224e-01,  6.1087184750381e-01,  6.3965576013983e-04, -1.2435381265224e-03,  1.3416014175867e-02,  4.1241061775402e-03, -4.8033551868853e-01,  8.4270325796567e-02, -1.8940617798283e+01,  2.1617199450000e+00,  9.0053998949760e-01,              1492992
  4.7947711449745e+00,  1.1091766611871e+00,  9.8234422104582e-01,  5.2266246590865e-01,  3.4110212969926e-01,  4.7798412751398e-04, -1.3255345567611e-03, -7.5118406916467e-02,  2.7200523448181e-03, -4.7717824206638e-01, -1.2405068531418e-02, -7.5137859299079e+00,  2.1530001610000e+00,  8.9760293424211e-01,              1492992
  4.7967861371447e+00,  1.1098592120860e+00,  9.8142391679957e-01,  5.2153967360956e-01,  3.5910455320896e-01,  4.9043529295187e-04,  7.7645892817568e-04, -1.4103223045873e-01,  1.5429486231878e-02, -3.9094657664891e-01,  9.5521038142790e-03, -8.0912119858632e+00,  2.1415391570000e+00,  9.1078518840021e-01,              1492992
  4.7978658359901e+00,  1.1095779983855e+00,  9.8045549916115e-01,  5.2274648062067e-01,  2.8045559441565e-01,  4.3341437705386e-04,  6.4167057595355e-04, -7.7343326944192e-02,  9.6594961742034e-03, -4.6951801737110e-01, -4.0232400716676e-02, -5.4199658968841e+00,  2.1339347940000e+00,  9.0789434906550e-01,              1492992
  4.7982100620025e+00,  1.1087701006645e+00,  9.8067086406582e-01,  5.2158309505531e-01,  3.4741189505172e-01,  4.8238478567948e-04,  1.3872607752042e-03, -1.3498428683637e-01,  5.2655826420983e-03, -4.1350906063476e-01,  6.8881527974442e-03, -7.4424466538113e+00,  2.1408568280000e+00,  8.9914212534294e-01,              1492992
  4.7971451767420e+00,  1.1077443874111e+00,  9.8078462424862e-01,  5.2222486596931e-01,  2.5328475042028e-01,  4.1188481506301e-04, -2.2019370813139e-04, -8.4477141840828e-02, -3.9271807803612e-03, -5.4849276838902e-01, -3.6494857139769e-02, -4.1875258180015e+00,  2.1852533330000e+00,  8.9905840084877e-01,              1492992
  4.7964595069961e+00,  1.1070680939140e+00,  9.8186523892141e-01,  5.2048984386782e-01,  5.6040107247739e-01,  6.1266170975865e-04,  5.2091428897147e-04, -1.4292424873000e-01, -1.9771240582568e-02, -3.2489459575608e+00,  5.6058326621607e-02, -1.5733912984575e+01,  2.2764458980000e+00,  9.0123389810528e-01,              1492992
  4.7953729729928e+00,  1.1077207416257e+00,  9.8161616582125e-01,  5.2214793579166e-01,  3.3620005053290e-01,  4.7453707269993e-04, -6.2087371448648e-04, -8.0707879236024e-02,  7.3570692127351e-03, -4.0438101986753e-01,  1.5111975538688e-04, -6.8723848953569e+00,  2.2121777000000e+00,  9.0404436192558e-01,              1492992
  4.7950847913562e+00,  1.1078864742251e+00,  9.8147514595129e-01,  5.2282954839066e-01,  2.6972061991646e-01,  4.2503856267167e-04,  1.6211012645549e-04, -7.8330452272253e-02,  9.4799092030187e-03, -3.9324393490786e-01, -3.0004690982564e-02, -4.5887359476510e+00,  2.1797903990000e+00,  9.0344020597565e-01,              1492992
  4.7946967103831e+00,  1.1074876156084e+00,  9.8216815621004e-01,  5.2127628331685e-01,  3.1664480636631e-01,  4.6052948869411e-04, -1.7965640671259e-04, -8.5697246370088e-02,  1.9670186950439e-03, -4.7486923857200e-01,  3.0734453514719e-03, -6.0206869214004e+00,  2.1540642200000e+00,  9.0088627400549e-01,              1492992
  4.7945798481299e+00,  1.1070260901562e+00,  9.8279084684803e-01,  5.2149532579903e-01,  2.9916158567291e-01,  4.4763514102973e-04,  5.2168971569628e-04, -9.5536419716254e-02,  4.7133014606688e-04, -4.1797279886226e-01, -9.4932938330972e-03, -5.3811288603976e+00,  2.1840287380000e+00,  9.0011734825103e-01,              1492992
  4.7939785044799e+00,  1.1065948090896e+00,  9.8366164270818e-01,  5.2191899333850e-01,  3.7196785743721e-01,  4.9914182923465e-04,  5.8987532326935e-04, -1.4495622002326e-01, -3.9933094088548e-03, -8.3658402463371e-01,  2.2539389815427e-02, -7.7709428455326e+00,  2.1583103340000e+00,  9.0630425347222e-01,              1492992
  4.7928948785828e+00,  1.1064675118662e+00,  9.8397116730177e-01,  5.2020723951346e-01,  4.0303117078167e-01,  5.1956582573127e-04, -1.0427006208006e-03, -1.0024643277746e-01, -4.0043324413174e-03, -5.5415267857514e-01,  4.1349202007468e-02, -9.0924074299973e+00,  2.1819288530000e+00,  9.0839200745885e-01,              1492992
  4.7930644405199e+00,  1.1066065637311e+00,  9.8331268091063e-01,  5.2059312552180e-01,  3.2175818711680e-01,  4.6423305751694e-04, -8.6909029436878e-05, -8.9692511074830e-02, -3.5374737087635e-03, -5.4848673960880e-01,  6.1204174072495e-03, -5.9930573543270e+00,  2.1559676550000e+00,  9.0233638224451e-01,              1492992
  4.7933553570620e+00,  1.1069579152804e+00,  9.8263986902890e-01,  5.1802659089864e-01,  5.4204097101004e-01,  6.0254198935698e-04,  1.4871382246123e-03, -1.4132614622470e-01,  7.8390010155297e-03, -2.6485136307277e-01,  8.5435187287714e-02, -1.5668054649996e+01,  2.1735896740000e+00,  9.0937928669410e-01,              1492992
  4.7921322142702e+00,  1.1068169027336e+00,  9.8006003348296e-01,  5.2100917779898e-01,  3.3528054596262e-01,  4.7388770075446e-04,  8.8605489790059e-04, -1.1307067935895e-01,  9.1837769424852e-04, -5.0453475515470e-01,  6.8972288277672e-04, -6.6902216114761e+00,  2.1548719230000e+00,  8.9977843149863e-01,              1492992
  4.7901608663674e+00,  1.1066502940686e+00,  9.7780367115582e-01,  5.2036382686459e-01,  4.7113900140775e-01,  5.6175350164760e-04,  7.5740116091067e-04, -1.8400292016990e-01, -3.7213660166673e-04, -4.0204452286861e-01,  3.8644549190072e-02, -1.2612907630569e+01,  2.1894847860000e+00,  9.0543820730453e-01,              1492992
  4.7876872050106e+00,  1.1065342944092e+00,  9.7494758642360e-01,  5.2190626568907e-01,  3.2068477738148e-01,  4.6345805224908e-04,  5.7722938395938e-04, -1.1453329363667e-01, -8.3873010051408e-03, -6.7180848180041e-01, -1.7717891648177e-02, -6.2490169789590e+00,  2.1551484130000e+00,  9.0983407814643e-01,              1492992
  4.7849131406174e+00,  1.1069490142473e+00,  9.7290682120462e-01,  5.2179809381114e-01,  2.8263080479442e-01,  4.3509190907945e-04, -2.3403579691365e-04, -1.1939089428702e-01,  1.0989333029293e-02, -4.4612463930753e-01, -4.1231283397947e-02, -5.4797898216346e+00,  2.2035090830000e+00,  9.0240403163580e-01,              1492992
  4.7827230622860e+00,  1.1066812766004e+00,  9.7219167068107e-01,  5.2387475655372e-01,  3.2460884044665e-01,  4.6628498555744e-04, -1.2571331184789e-03, -1.1127685001968e-01, -1.4205502809375e-02, -6.2452938260065e-01, -3.6124140757753e-02, -6.7154996900624e+00,  2.6644553260000e+00,  8.9942076045953e-01,              1492992
  4.7821320561168e+00,  1.1073052963302e+00,  9.7255548568140e-01,  5.2207078036904e-01,  2.6064853861090e-01,  4.1782931492534e-04,  4.4516665628648e-04, -1.0351424432163e-01,  5.0920042907002e-03, -4.2442436479667e-01, -4.0381718187466e-02, -4.4603958957873e+00,  2.1807893710000e+00,  8.9837453918038e-01,              1492992
  4.7811859127864e+00,  1.1075763697309e+00,  9.7397078312758e-01,  5.2202756574895e-01,  3.9176873353678e-01,  5.1225492908923e-04, -8.1902875858826e-05, -1.2494716328811e-01, -1.6791167615921e-03, -5.5738600094052e-01, -6.1983345069945e-03, -1.0117184667591e+01,  2.1551965360000e+00,  8.9846630122599e-01,              1492992
  4.7804856027203e+00,  1.1079374342428e+00,  9.7553328807477e-01,  5.2256485124389e-01,  3.3042729642791e-01,  4.7044539112138e-04, -9.9377413251396e-04, -1.2041414965438e-01, -7.5284022980292e-03, -5.4003290338449e-01, -3.1932594689251e-02, -7.5205140427694e+00,  2.1471395380000e+00,  9.1084680962791e-01,              1492992
  4.7809650348105e+00,  1.1087285603031e+00,  9.7785250953324e-01,  5.2202624983210e-01,  3.0435559397238e-01,  4.5150431362880e-04, -9.2966547437754e-04, -5.9167562470651e-02,  3.7304091336558e-03, -4.7700786346677e-01, -1.7380878755434e-02, -5.7718773597877e+00,  2.1268793810000e+00,  9.0504838605967e-01,              1492992
  4.7824070695919e+00,  1.1092324068754e+00,  9.8045985493221e-01,  5.2115624772600e-01,  3.7849230543672e-01,  5.0350036202539e-04, -8.2740214320038e-05, -1.2132128891119e-01, -8.2741671745432e-03, -7.9362195603372e-01,  1.8460301664431e-02, -8.1681623317338e+00,  2.1409952720000e+00,  9.0932503322188e-01,              1492992
  4.7838572711832e+00,  1.1102051188478e+00,  9.8244038138881e-01,  5.2058866636755e-01,  3.9176439967868e-01,  5.1225209572591e-04,  5.8153252074353e-04, -1.7753066071173e-01,  1.8373565258781e-02, -4.2176464309168e-01,  2.4120481684291e-02, -9.1697052332948e+00,  2.1680640770000e+00,  9.1005845979081e-01,              1492992
  4.7846435330448e+00,  1.1099935915625e+00,  9.8372368844361e-01,  5.2291037550917e-01,  3.4422673941696e-01,  4.8016838411130e-04, -1.7630960800487e-03, -2.3445032036490e-02,  1.3113557896169e-02, -5.9983084948229e-01, -7.2392812121255e-03, -7.6192944686769e+00,  2.3703072470000e+00,  9.0502360360940e-01,              1492992
  4.7872208195874e+00,  1.1090356782768e+00,  9.8516302647831e-01,  5.2162308105363e-01,  3.2796810333779e-01,  4.6869148535797e-04, -7.9685621158008e-04, -9.2033932141790e-02, -1.3814438955406e-03, -5.3479560939352e-01, -1.0544599060681e-03, -6.5780167620636e+00,  2.2699351030000e+00,  9.0747304741084e-01,              1492992
  4.7904301375554e+00,  1.1082716075423e+00,  9.8657110738653e-01,  5.2059746543725e-01,  4.3091311480298e-01,  5.3723724791299e-04,  8.1729551822374e-04, -1.6366660307585e-01, -6.6651231512919e-04, -5.8470029958270e-01,  4.5378585649067e-02, -1.0564257946087e+01,  2.3263079040000e+00,  9.0390169538752e-01,              1492992
  4.7925442725794e+00,  1.1076408441667e+00,  9.8680923769828e-01,  5.1935270774693e-01,  3.8866196522653e-01,  5.1021976787848e-04,  4.8903286173910e-04, -1.2948582496801e-01, -1.0229353117571e-02, -6.3735364885966e-01,  5.1002041617889e-02, -8.3081742458235e+00,  2.4152288950000e+00,  9.0678851594650e-01,              1492992
  4.7940005506765e+00,  1.1077061016723e+00,  9.8582061712759e-01,  5.2199412626548e-01,  3.7013858843025e-01,  4.9791297303168e-04, -7.8476139818210e-04, -5.6854003092444e-02, -3.1668573106300e-03, -5.1228067735263e-01,  1.4360280813699e-02, -8.1504665472167e+00,  2.5021169850000e+00,  9.0618435999657e-01,              1492992
  4.7961708331522e+00,  1.1079705966999e+00,  9.8466574594352e-01,  5.1812706926747e-01,  5.8907428080929e-01,  6.2813976909201e-04,  2.1184385590775e-03, -1.4587998795892e-01, -2.4349001603729e-03, -4.2271897763502e-01,  1.2448009150900e-01, -1.6561118893294e+01,  2.2298427660000e+00,  9.0274830675583e-01,              1492992
  4.7959637447570e+00,  1.1083680330273e+00,  9.8065729344964e-01,  5.2047671103058e-01,  4.5617316434712e-01,  5.5275938663353e-04,  5.1163847890984e-04, -1.7439225104584e-01,  5.2465713764302e-03, -5.9921555057440e-01,  5.7349920390540e-02, -1.1410839504610e+01,  2.0941735470000e+00,  9.0256210348080e-01,              1492992
  4.7953293230163e+00,  1.1084282128426e+00,  9.7572864083823e-01,  5.2088825266072e-01,  3.6665470723710e-01,  4.9556416253406e-04,  4.4104949310451e-04, -1.1971704999448e-01,  9.4107420106139e-03, -5.3688925554280e-01,  1.2081271316450e-02, -7.9422214811924e+00,  2.0615913230000e+00,  9.0985819080075e-01,              1492992
  4.7943552902390e+00,  1.1079316115471e+00,  9.7108118931726e-01,  5.2230630830109e-01,  4.5633999053474e-01,  5.5286045166647e-04, -3.9846544588393e-04, -8.4052516940273e-02,  6.3119018785811e-03, -3.9301138997552e-01, -1.0548330322279e-02, -1.4668006030719e+01,  2.2985147680000e+00,  9.0538395383230e-01,              1492992
  4.7939435471004e+00,  1.1071155478733e+00,  9.6735348994308e-01,  5.2155977418301e-01,  5.7209070315833e-01,  6.1901860871121e-04, -1.3334429574670e-03,  1.0367526347631e-01,  5.7710148807613e-03, -1.0886266372003e-01, -3.0176476079367e-03, -2.5354358077390e+01,  2.0730344490000e+00,  8.9846965020576e-01,              1492992
  4.7949274190637e+00,  1.1060354759195e+00,  9.6439839713962e-01,  5.2295653281704e-01,  2.9900953027085e-01,  4.4752136640804e-04, -1.1058330417191e-04, -9.1234005210502e-02, -3.4915444277401e-03, -5.4897339968115e-01, -4.8887410786716e-02, -5.8482255500142e+00,  2.1975857590000e+00,  9.0350249699931e-01,              1492992
  4.7959789199708e+00,  1.1052900288502e+00,  9.6306801209872e-01,  5.2091539159929e-01,  3.2230216917383e-01,  4.6462532073922e-04, -3.0215578851534e-04, -1.0481737389410e-01, -9.8927304338530e-03, -6.1753496265895e-01, -3.2619137202000e-02, -7.2276732068337e+00,  2.6410810710000e+00,  9.0902161565501e-01,              1492992
  4.7973014076009e+00,  1.1052352882194e+00,  9.6279987249294e-01,  5.2076654072783e-01,  2.6765635648481e-01,  4.2340895652408e-04,  3.1915615796263e-05, -8.1687266784122e-02, -1.2872670017249e-03, -5.3105150336512e-01, -4.3395361500588e-02, -4.6995802552689e+00,  2.5550649640000e+00,  9.0598944937414e-01,              1492992
  4.7985021953864e+00,  1.1052799203331e+00,  9.6373241623651e-01,  5.1945011834743e-01,  4.2671191568336e-01,  5.3461192876285e-04, -3.2683267632021e-04, -1.1897777207513e-01, -4.0822713763118e-02, -2.5311911368444e+00,  3.0114661188536e-02, -7.9782044926071e+00,  2.7305130570000e+00,  9.0627210326646e-01,              1492992
  4.7999934614255e+00,  1.1078590143147e+00,  9.6390139092226e-01,  5.2129240733747e-01,  3.3560010426238e-01,  4.7411347985729e-04, -4.6485835736646e-04, -1.0525947650693e-01,  1.6383651347073e-03, -4.7488946950780e-01, -2.5353662608256e-02, -7.2925731792134e+00,  2.4547571010000e+00,  9.0586419753086e-01,              1492992
  4.8018857656443e+00,  1.1100977199409e+00,  9.6479866687001e-01,  5.2219083320500e-01,  3.5905619079113e-01,  4.9040226714508e-04, -5.1693130683061e-05, -9.9372011123465e-02,  1.5213302902557e-02, -4.8276492237736e-01, -2.8244456309222e-02, -8.5648251995887e+00,  2.2630450190000e+00,  9.0521851423182e-01,              1492992
  4.8036980665665e+00,  1.1112090135186e+00,  9.6644277202630e-01,  5.2189968879146e-01,  2.8590773251907e-01,  4.3760694952871e-04,  7.0831826762295e-04, -9.3360997060060e-02,  2.4244243728726e-02, -3.0014669208689e-01, -3.1401050032844e-02, -5.4872775806342e+00,  2.1764937790000e+00,  9.1114018025549e-01,              1492992
  4.8046269282075e+00,  1.1107538539718e+00,  9.6880129355837e-01,  5.2189856137075e-01,  3.2011287302707e-01,  4.6304460581268e-04,  1.0553681297088e-03, -1.2231924828435e-01,  1.8353597536563e-02, -3.7439460939949e-01, -1.6799307447557e-02, -6.4295204187534e+00,  2.5866075790000e+00,  9.0644424082647e-01,              1492992
  4.8044061454530e+00,  1.1092468618562e+00,  9.7144068587123e-01,  5.2175155161165e-01,  3.4749938133809e-01,  4.8244551963473e-04, -8.9535310666005e-05, -1.1576637013382e-01,  4.2833747416235e-03, -4.8071265451406e-01, -8.4420642910232e-03, -7.5955569038793e+00,  2.2699855890000e+00,  9.0635716735254e-01,              1492992
  4.8043641287514e+00,  1.1076449664821e+00,  9.7413345869808e-01,  5.2370622373427e-01,  2.3606191558862e-01,  3.9763465116089e-04, -6.7828109480114e-04, -6.1481017660216e-02,  3.0649268790486e-03, -5.1555717160416e-01, -7.2631168342742e-02, -3.7515330603541e+00,  2.2688220090000e+00,  9.0824264296125e-01,              1492992
  4.8050811872844e+00,  1.1060321197349e+00,  9.7847088463401e-01,  5.2163984200371e-01,  2.8644203569064e-01,  4.3801565768590e-04, -3.5920880213218e-05, -9.1576080673103e-02, -1.6304101935729e-02, -8.8361845670875e-01, -2.9735494686268e-02, -4.9175934994645e+00,  2.2771431490000e+00,  9.0870145318930e-01,              1492992
  4.8058141978805e+00,  1.1055936750850e+00,  9.8320527338191e-01,  5.2058775240202e-01,  4.1977077631674e-01,  5.3024594983466e-04,  6.3835319130361e-04, -1.1288088607683e-01, -6.3112961918277e-03, -4.5558670272654e-01,  2.7573923386560e-02, -1.0672152172197e+01,  2.2527036220000e+00,  9.0387222436557e-01,              1492992
  4.8058538115105e+00,  1.1055948633169e+00,  9.8689644326227e-01,  5.2266977145802e-01,  3.7428133518930e-01,  5.0069164535496e-04,  2.8590993743557e-04, -9.4336084510116e-02, -1.3932119044658e-02, -5.5836524528702e-01,  5.7157734332671e-03, -8.3482053591864e+00,  2.1968752560000e+00,  9.1223462684328e-01,              1492992
  4.8056346807731e+00,  1.1064572051177e+00,  9.9018175890997e-01,  5.2282877413137e-01,  4.3559417847343e-01,  5.4014740400099e-04,  7.6537267716768e-04, -1.4485533024835e-01, -2.3164328158323e-02, -1.0800918367076e+00,  3.7198753516224e-02, -1.0128587646103e+01,  2.2381528480000e+00,  9.0813279642490e-01,              1492992
  4.8046973172232e+00,  1.1086692670279e+00,  9.9231110411962e-01,  5.2130802682713e-01,  5.0767518272455e-01,  5.8312844469344e-04,  1.3914627714046e-03, -2.2617253443520e-01,  7.2685485374772e-03, -3.5127529201781e-01,  5.6611797240108e-02, -1.4762546526448e+01,  2.1822214690000e+00,  9.1664992176783e-01,              1492992
  4.8024888349070e+00,  1.1102316306941e+00,  9.9295754449807e-01,  5.2233376849788e-01,  2.8725867550035e-01,  4.3863959969194e-04,  9.8021294714981e-04, -1.0561908032113e-01,  1.7313415233518e-02, -2.6409459787282e-01, -2.8020723026498e-03, -5.2779449942889e+00,  2.1182491310000e+00,  9.0931096750686e-01,              1492992
  4.7995099513233e+00,  1.1105960575940e+00,  9.9368033950638e-01,  5.2177622776750e-01,  3.4418286681649e-01,  4.8013778377648e-04,  3.8686304339395e-04, -8.1251706533514e-02,  1.5474368227631e-02, -3.8479812247196e-01,  1.5714623116145e-02, -7.3030860859176e+00,  2.1589642510000e+00,  9.0247636959877e-01,              1492992
  4.7964566149205e+00,  1.1099969122105e+00,  9.9401969413734e-01,  5.2101843449551e-01,  3.9348788006188e-01,  5.1337762880939e-04, -4.6733616512857e-05, -4.9023442248123e-02,  5.3810624099905e-03, -5.8946408552746e-01,  4.6499121082482e-02, -8.4966216782806e+00,  2.1242216300000e+00,  9.0461904685357e-01,              1492992
  4.7937823679258e+00,  1.1091483389333e+00,  9.9323317452596e-01,  5.2265343885948e-01,  3.2983960734611e-01,  4.7002684418928e-04, -1.7281995314606e-03, -4.7037521636404e-02,  8.7894350795624e-03, -3.7164597214569e-01,  8.2850179327521e-03, -6.5353461171965e+00,  2.1368515460000e+00,  9.0436184520748e-01,              1492992
  4.7932504231415e+00,  1.1078611808260e+00,  9.9239488160912e-01,  5.2081792339156e-01,  3.3942072608519e-01,  4.7680460234632e-04,  1.5932037918444e-03, -1.3155866429872e-01,  8.4512531372093e-03, -4.8636015455988e-01,  1.3322715939850e-02, -7.2465508174929e+00,  2.3382570360000e+00,  9.0517564729081e-01,              1492992
  4.7911405582904e+00,  1.1062026467995e+00,  9.9138863408565e-01,  5.2131920924313e-01,  3.1333789110267e-01,  4.5811838152946e-04,  4.3638130303362e-04, -1.0133140379720e-01,  1.0911732764513e-03, -4.9068302690633e-01,  2.5595880947135e-03, -6.1867505533992e+00,  2.1549354950000e+00,  8.9817761917010e-01,              1492992
  4.7888278461551e+00,  1.1046571330696e+00,  9.9049602778262e-01,  5.2214302930303e-01,  4.5347674287530e-01,  5.5112329593395e-04, -1.8721997797978e-05, -1.3017623738536e-01, -1.8874319242887e-02, -5.4024235769790e-01,  3.5180638484072e-02, -1.1468084220308e+01,  2.2005358540000e+00,  9.0427276234568e-01,              1492992
  4.7868342083001e+00,  1.1044315526039e+00,  9.8892870094885e-01,  5.2218212730339e-01,  2.7733238593977e-01,  4.3099432692130e-04, -2.0311599905478e-04, -9.3156406964538e-02, -2.4440608401005e-02, -8.4993996698086e-01, -2.3021029482438e-02, -4.2106851463382e+00,  2.1652266470000e+00,  9.0703165187757e-01,              1492992
  4.7853057705227e+00,  1.1057418385615e+00,  9.8816911663542e-01,  5.1939395183944e-01,  4.3608238104687e-01,  5.4045001078465e-04, -7.5015023911976e-05, -1.2689847592215e-01, -7.5862841562748e-03, -5.6853770532021e-01,  5.7221605539838e-02, -9.8861017006073e+00,  2.5800318980000e+00,  9.0259157450274e-01,              1492992
  4.7840773584810e+00,  1.1074013396714e+00,  9.8612938525420e-01,  5.2165995543961e-01,  3.3740477820187e-01,  4.7538653229156e-04,  4.1401764574021e-04, -1.3918122335947e-01, -1.7784889670578e-03, -5.0998960167815e-01,  8.0216941751649e-03, -6.7730665879937e+00,  2.1754015790000e+00,  9.1269142768347e-01,              1492992
  4.7826014316399e+00,  1.1090201748921e+00,  9.8417163968647e-01,  5.2267041056425e-01,  2.4941874174426e-01,  4.0872932842242e-04, -8.0891046761277e-04, -6.8059947831419e-02,  8.6804009515473e-03, -3.5546784974857e-01, -4.3478231581926e-02, -4.1207635853092e+00,  2.1017436570000e+00,  8.9435978223594e-01,              1492992
  4.7821770949029e+00,  1.1099595270801e+00,  9.8359203225264e-01,  5.2252984358307e-01,  2.8581745967072e-01,  4.3753785880458e-04,  1.5255679389376e-04, -9.6784412476221e-02,  1.6659455127788e-02, -4.4473499304232e-01, -1.4803824421222e-02, -5.1235947038339e+00,  2.1452277560000e+00,  9.1611341520919e-01,              1492992
  4.7816829726119e+00,  1.1098021928040e+00,  9.8352127442036e-01,  5.2297133971388e-01,  2.7932062483144e-01,  4.3253650042777e-04, -8.5969572839465e-05, -8.5661455355454e-02,  1.0664651923760e-02, -4.1264405111971e-01, -3.0549249992991e-02, -5.4135337883272e+00,  2.1354462230000e+00,  9.1050320430384e-01,              1492992
  4.7813763308328e+00,  1.1090218886099e+00,  9.8432222062490e-01,  5.2179924499725e-01,  3.0047080981683e-01,  4.4861356702439e-04, -1.3269137474895e-05, -9.5492462507439e-02,  1.4626904196970e-02, -4.4482870394663e-01, -1.1753775527477e-02, -6.1271528442283e+00,  2.1858813890000e+00,  9.0856883359053e-01,              1492992
  4.7811657576417e+00,  1.1074393287959e+00,  9.8542922075479e-01,  5.2269706928778e-01,  3.8002965781396e-01,  5.0452187956606e-04,  4.5028730628590e-05, -1.3740216568847e-01, -4.4690754797492e-03, -5.4277021594774e-01,  6.6007396649003e-04, -9.4424040330325e+00,  2.1744844540000e+00,  9.0768738211591e-01,              1492992
  4.7810015658267e+00,  1.1063036579913e+00,  9.8653217538062e-01,  5.2103525892660e-01,  3.2010650821920e-01,  4.6304000242924e-04, -5.4845125001977e-04, -9.0280370565059e-02, -1.2699479662608e-02, -7.9585365263169e-01,  1.7794044562948e-02, -5.5705439807866e+00,  2.1173550040000e+00,  9.0608523019547e-01,              1492992
  4.7814933783043e+00,  1.1060822344132e+00,  9.8713442784515e-01,  5.2096306999820e-01,  3.7841297591918e-01,  5.0344759406504e-04,  1.4190954513236e-03, -1.4863502758569e-01, -8.9127354385098e-03, -6.4041291509564e-01,  1.5992476944045e-02, -8.7308727358214e+00,  2.2067381240000e+00,  9.1276711462620e-01,              1492992
  4.7804871211754e+00,  1.1064480277766e+00,  9.8737359415765e-01,  5.2159798827985e-01,  3.9011800571896e-01,  5.1117459009983e-04, -8.1504650490112e-04, -1.2013480982176e-01, -1.6049535080392e-02, -7.4082319641587e-01,  2.5314961075982e-02, -8.3876336216952e+00,  2.1654333550000e+00,  8.9612871334877e-01,              1492992
  4.7805242793575e+00,  1.1077828482318e+00,  9.8703761099471e-01,  5.2059260925290e-01,  4.8998023016784e-01,  5.7287588131566e-04,  3.2859568962440e-04, -1.8308487826325e-01, -9.3574068613505e-03, -8.5419755706262e-01,  5.3191610099997e-02, -1.2957748032900e+01,  2.1419061480000e+00,  9.0389432763203e-01,              1492992
  4.7803020520660e+00,  1.1095845941968e+00,  9.8551568005031e-01,  5.2325235074983e-01,  2.3961005533432e-01,  4.0061183887584e-04, -2.8128760849295e-04, -6.2889399714924e-02,  1.4854922944496e-02, -4.2070212130494e-01, -4.3621305673583e-02, -3.7479960578860e+00,  2.1914159780000e+00,  9.0866193522805e-01,              1492992
  4.7804394907280e+00,  1.1103090774473e+00,  9.8533367595515e-01,  5.2337626361653e-01,  2.5487594693143e-01,  4.1317656983869e-04, -1.1558574597176e-03, -6.0918023622661e-02,  1.1991337649414e-02, -3.5723685541271e-01, -4.0395402920820e-02, -4.4587442373448e+00,  2.1311407340000e+00,  9.1145163537380e-01,              1492992
  4.7818438052498e+00,  1.1102368886677e+00,  9.8628295202442e-01,  5.2380249634328e-01,  3.5255644408427e-01,  4.8594328843900e-04, -3.5900679140159e-04, -9.2004399058902e-02,  6.0462903444711e-03, -5.6142252148225e-01,  1.4699186402323e-03, -7.6602155865778e+00,  2.1374507950000e+00,  9.0800888417353e-01,              1492992
  4.7835462232660e+00,  1.1098179068840e+00,  9.8719974830929e-01,  5.2313020928896e-01,  3.0408795678049e-01,  4.5130575325085e-04, -5.8844642707335e-04, -1.1823214388933e-01,  7.3295817067516e-03, -3.6992158554911e-01, -9.9721993220703e-03, -5.9008554222524e+00,  2.1496701140000e+00,  9.0527142811214e-01,              1492992
  4.7857793502767e+00,  1.1090015667106e+00,  9.8836358698481e-01,  5.1990710925063e-01,  4.2700220351808e-01,  5.3479374341193e-04,  6.5206817183947e-05, -7.0690066539930e-02,  1.5359092135432e-02, -3.5124766816206e-01,  6.0386753408059e-02, -9.8133600453151e+00,  2.1729326400000e+00,  9.1169477130487e-01,              1492992
  4.7877586405855e+00,  1.1073333384797e+00,  9.8795986891719e-01,  5.2194059341304e-01,  3.3243633006583e-01,  4.7187340317950e-04, -5.2737683200490e-04, -4.0436992996832e-02,  6.5094565002801e-03, -3.5985169256408e-01,  4.6183087865337e-03, -6.8401124632956e+00,  2.1032554040000e+00,  9.0653131430041e-01,              1492992
  4.7901341125331e+00,  1.1054413801333e+00,  9.8756483703903e-01,  5.2315797241704e-01,  3.1027487098706e-01,  4.5587372485883e-04, -4.9517533901762e-04, -7.6148666628936e-02, -1.1753542270317e-02, -6.0576715653675e-01, -2.8622269689588e-02, -6.4030360654795e+00,  2.1345526580000e+00,  9.1298010973937e-01,              1492992
  4.7928512846367e+00,  1.1044796926710e+00,  9.8804250063662e-01,  5.2306290339509e-01,  3.1885908696921e-01,  4.6213691276967e-04,  9.0408357077453e-05, -1.0897257294951e-01, -1.6933889436155e-02, -9.3621582599527e-01, -1.0011642148902e-02, -5.8509140887156e+00,  2.2581517830000e+00,  9.0118969157236e-01,              1492992
  4.7952599514238e+00,  1.1046852876171e+00,  9.8881181244937e-01,  5.2194458723510e-01,  3.2072715323285e-01,  4.6348867231927e-04, -7.4910246863277e-05, -9.5158418778489e-02, -9.9074479726026e-03, -5.3470984515169e-01,  5.6502929492690e-03, -5.9717347485798e+00,  2.1838691110000e+00,  9.0264850715878e-01,              1492992
  4.7975625972279e+00,  1.1054972517652e+00,  9.8943491253913e-01,  5.2062543118921e-01,  3.5611104541375e-01,  4.8838687243332e-04,  1.1529098611005e-03, -9.9526555878411e-02, -1.0135995739100e-02, -6.2135667412238e-01,  3.1783615502624e-02, -6.9422704839246e+00,  2.1946169620000e+00,  9.1485687800069e-01,              1492992
  4.7984377191417e+00,  1.1068724677457e+00,  9.8925291664191e-01,  5.2299125606216e-01,  2.6820751066457e-01,  4.2384467119936e-04, -1.1534913664831e-03, -6.4431345239676e-02, -1.2451624263027e-02, -7.5342376301575e-01, -3.0010801103012e-02, -4.2239280430424e+00,  2.1949348940000e+00,  8.9883134002058e-01,              1492992
  4.8005122443784e+00,  1.1089020256088e+00,  9.8993256195090e-01,  5.2166419328932e-01,  2.6945375899585e-01,  4.2482824458041e-04,  6.5440317618826e-04, -7.2407103054737e-02,  1.4833253507800e-02, -3.8144060536743e-01, -1.1511917218219e-02, -4.5643946205520e+00,  2.2182892760000e+00,  9.0846568501372e-01,              1492992
  4.8017090803859e+00,  1.1098259173191e+00,  9.9090725481647e-01,  5.2098061464499e-01,  3.4841425927609e-01,  4.8308018067016e-04,  3.9240659799128e-04, -1.1558723954045e-01,  5.8305976266630e-03, -6.7723958128648e-01,  3.1360066331374e-02, -6.6723906947043e+00,  2.1575930900000e+00,  8.9249038173011e-01,              1492992
  4.8024233951013e+00,  1.1103189539423e+00,  9.9104807707403e-01,  5.2073688797368e-01,  4.1151913678850e-01,  5.2500843093369e-04,  1.9840653583789e-04, -1.2720574843976e-01,  1.5225446918328e-02, -2.3784563705070e-01,  4.6653424392607e-02, -9.5135842169269e+00,  2.1439537970000e+00,  9.0023255315501e-01,              1492992
  4.8029201851639e+00,  1.1098296217056e+00,  9.9007292436042e-01,  5.2231463869630e-01,  4.4919460299796e-01,  5.4851502017678e-04,  4.2842517679243e-04, -1.3835597727892e-01,  1.7795141673025e-02, -2.1379211157833e-01,  3.5855599509179e-02, -1.2345821268232e+01,  2.1669494540000e+00,  9.0350986475480e-01,              1492992
  4.8029765161036e+00,  1.1082961740328e+00,  9.8841371478570e-01,  5.2074700564531e-01,  3.0038503381122e-01,  4.4854952914577e-04,  1.0114239191794e-03, -7.6957044588159e-02,  8.6154884256597e-03, -4.6908683896842e-01,  3.8699461556430e-03, -5.6817864107310e+00,  2.1342340880000e+00,  9.0664517961248e-01,              1492992
  4.8019676544194e+00,  1.1063968269137e+00,  9.8689200723149e-01,  5.2175590973133e-01,  3.2670477285597e-01,  4.6778791647773e-04,  2.7659023310833e-04, -1.2229458373706e-01, -4.9703940072367e-03, -4.9154759277839e-01, -4.5444629461586e-03, -6.4517302596553e+00,  2.2347103940000e+00,  9.1299417545439e-01,              1492992
  4.8008240830874e+00,  1.1050088169053e+00,  9.8572612842685e-01,  5.2132938024837e-01,  3.1576379812839e-01,  4.5988837146010e-04,  8.0555028161073e-05, -6.7376752155088e-02, -1.1464090220136e-02, -5.1085455271769e-01, -7.7168205048199e-04, -6.0314552359418e+00,  2.1586805600000e+00,  9.0781665273491e-01,              1492992
  4.7997428369614e+00,  1.1044845757376e+00,  9.8477584629466e-01,  5.2143655893926e-01,  3.5060525274962e-01,  4.8459671843578e-04,  6.6410348358422e-04, -8.7042240848381e-02, -9.6524880641380e-03, -7.0146410923198e-01,  9.6034474747795e-03, -6.9940441663232e+00,  2.2032132210000e+00,  8.9973824374143e-01,              1492992
  4.7980916856954e+00,  1.1046322766682e+00,  9.8375860267377e-01,  5.1881661422117e-01,  5.9532288547852e-01,  6.3146247682389e-04,  1.8341124451344e-04, -5.3266998792225e-02, -1.6380085116989e-02, -1.0965083853374e+00,  8.4923449231807e-02, -1.8768117222783e+01,  2.2006542090000e+00,  8.9680654685357e-01,              1492992
  4.7964330827479e+00,  1.1058144474635e+00,  9.8085228437082e-01,  5.1932851076907e-01,  4.0495249865086e-01,  5.2080278887471e-04,  1.4172504903575e-03, -1.4183409994020e-01, -1.5304129678453e-04, -5.4871649619680e-01,  6.1316903875274e-02, -8.5160405826994e+00,  2.1327513300000e+00,  9.0161903077846e-01,              1492992
  4.7934704199711e+00,  1.1069058481058e+00,  9.7673352722160e-01,  5.2056115347859e-01,  4.6258694399764e-01,  5.5663171232615e-04,  5.2214301574390e-04, -1.5191227662551e-01, -1.7130398811910e-02, -8.6019714944943e-01,  3.6711227300752e-02, -1.1813628662528e+01,  2.1320668540000e+00,  9.0714149841392e-01,              1492992
  4.7903143660696e+00,  1.1089778867717e+00,  9.7221233605228e-01,  5.2150643141403e-01,  2.6648695073055e-01,  4.2248299518770e-04,  6.9610656967549e-04, -7.9738466995589e-02,  1.9837129032331e-02, -3.7273622313604e-01, -3.4576835810107e-02, -4.8547791193859e+00,  2.1957599830000e+00,  9.0424731009945e-01,              1492992
  4.7867545712015e+00,  1.1096234840652e+00,  9.6911814991608e-01,  5.2056866071629e-01,  4.1403999848335e-01,  5.2661400998611e-04,  5.2280733652260e-04, -1.8133651630041e-01,  4.7791045676706e-03, -5.9573435630557e-01,  1.2468405290148e-02, -1.0497212983078e+01,  2.1618414300000e+00,  9.0136450831619e-01,              1492992
  4.7830753984091e+00,  1.1099267160705e+00,  9.6614035747809e-01,  5.2214270023832e-01,  2.8753543847590e-01,  4.3885085523327e-04, -1.7937206008604e-03, -6.5745849341528e-02, -1.4112053147302e-03, -5.5678009537842e-01, -3.1773382980263e-02, -5.2120390254310e+00,  2.3625396000000e+00,  8.9816489304698e-01,              1492992
  4.7817650319069e+00,  1.1103048788798e+00,  9.6436741503742e-01,  5.2267331163296e-01,  3.1251907988043e-01,  4.5751941494536e-04, -8.2548842611887e-04, -8.7138456517860e-02,  1.2890443566270e-02, -3.8607839159382e-01, -3.6924373738159e-02, -7.0240867076680e+00,  2.1546286690000e+00,  8.9985545803326e-01,              1492992
  4.7815354601774e+00,  1.1098557823626e+00,  9.6383982546802e-01,  5.2246764746134e-01,  2.5991544664411e-01,  4.1724131432323e-04, -1.3094132562612e-03, -9.2803320417536e-02,  2.7303572620346e-03, -5.2654066307383e-01, -6.0010967121986e-02, -4.5098535396688e+00,  2.0683751520000e+00,  9.0884211033951e-01,              1492992
  4.7828107883667e+00,  1.1092976930550e+00,  9.6500947339871e-01,  5.2240565203136e-01,  2.8240089628337e-01,  4.3491490840859e-04, -4.6416834658049e-04, -7.9800416287959e-02,  1.0180013794092e-02, -4.3378972029568e-01, -5.8718140054109e-02, -5.5423782389225e+00,  2.1107828220000e+00,  9.0209525570130e-01,              1492992
  4.7845107124018e+00,  1.1081745572742e+00,  9.6768422309644e-01,  5.2171736386850e-01,  2.4663656272808e-01,  4.0644331913082e-04,  1.8084394487622e-04, -8.4738823546644e-02,  2.0976155929110e-03, -4.5777794013012e-01, -4.1598888012442e-02, -4.0564130682060e+00,  2.7521225980000e+00,  9.0950721772119e-01,              1492992
  4.7858903740151e+00,  1.1070463714183e+00,  9.7124328288194e-01,  5.1969221886308e-01,  2.9968885824611e-01,  4.4802944604184e-04,  4.1645128205472e-05, -1.0414722397339e-01, -3.3355277822476e-03, -5.2203041162042e-01, -7.5564957166727e-03, -5.4256315121401e+00,  2.6498768500000e+00,  9.0925872342250e-01,              1492992
  4.7871445781473e+00,  1.1062545307008e+00,  9.7472036596642e-01,  5.2283891210399e-01,  3.0039320958049e-01,  4.4855563333221e-04,  1.3121383070221e-04, -8.9213921723853e-02, -6.5084080059062e-03, -4.8504829760525e-01, -2.8592025878792e-02, -5.9084163117785e+00,  2.5677045410000e+00,  9.1406584897977e-01,              1492992
  4.7881793679646e+00,  1.1059628306735e+00,  9.7868496224924e-01,  5.2307856479704e-01,  2.3933649054464e-01,  4.0038308263258e-04, -8.9991037948062e-05, -7.9115218927672e-02, -1.8684460641674e-03, -5.7658223247139e-01, -5.8969929327061e-02, -3.8898383467983e+00,  2.0358720320000e+00,  8.9838123713992e-01,              1492992
  4.7892536627942e+00,  1.1058348505156e+00,  9.8385999918692e-01,  5.2229759039520e-01,  3.5751445775905e-01,  4.8934827789109e-04, -1.6592743645855e-04, -1.0001897381351e-01, -1.2123610148595e-02, -5.5452709961152e-01,  9.3746976868865e-03, -7.4596991152923e+00,  2.0148148810000e+00,  9.0699548289609e-01,              1492992
  4.7904585351683e+00,  1.1064949599020e+00,  9.8837230258003e-01,  5.2145725962108e-01,  4.8737284822531e-01,  5.7134959658621e-04, -6.9996950548160e-04, -2.9391752216004e-02, -1.2627479233581e-02, -4.6356696178902e-01,  4.5454381092122e-02, -1.3474085989417e+01,  2.8210297890000e+00,  9.0390571416324e-01,              1492992
  4.7923289284980e+00,  1.1078937842938e+00,  9.9141072788762e-01,  5.2243017337496e-01,  3.2603189363550e-01,  4.6730594156677e-04,  1.7172816159834e-04, -1.0802413102968e-01,  2.0610001917808e-03, -6.1973812262965e-01,  4.9243377343103e-03, -6.2458932081164e+00,  2.3303796070000e+00,  9.0660901063100e-01,              1492992
  4.7938842449775e+00,  1.1090441736596e+00,  9.9410000747648e-01,  5.2192241382008e-01,  3.1936559248229e-01,  4.6250381780835e-04,  1.3477058200785e-05, -1.0799384923249e-01,  8.5429329054856e-03, -3.5622602194562e-01,  1.2887603338895e-02, -6.1411605419489e+00,  2.4962338480000e+00,  9.0871283972051e-01,              1492992
  4.7953298530754e+00,  1.1095561699302e+00,  9.9626233513533e-01,  5.2228715927785e-01,  2.6372841845366e-01,  4.2029064641804e-04, -1.5993380121505e-04, -6.3113786347895e-02,  1.2466618347247e-02, -4.0447071291822e-01, -8.0596957080865e-03, -4.2824714894154e+00,  2.3174236720000e+00,  9.0831699031207e-01,              1492992
  4.7968429920094e+00,  1.1092483795493e+00,  9.9848046667123e-01,  5.2144743144561e-01,  3.3952811172481e-01,  4.7688002189807e-04,  1.1357558698644e-03, -9.6474369671385e-02,  6.3691325119433e-03, -4.3725310002152e-01,  3.3854813261066e-02, -6.5056376770394e+00,  2.3840665970000e+00,  9.0681731717250e-01,              1492992
  4.7970065407674e+00,  1.1085852825466e+00,  9.9966611927838e-01,  5.2239064997937e-01,  3.1120257588930e-01,  4.5655473495091e-04,  8.6706845459035e-04, -1.1077454636147e-01,  2.4848599382993e-03, -4.2345998659316e-01,  1.1486498997535e-02, -5.7606624810771e+00,  2.3613533330000e+00,  9.0647371184842e-01,              1492992
  4.7962590013385e+00,  1.1078452521366e+00,  1.0005056448093e+00,  5.2279570333674e-01,  2.8799571127700e-01,  4.3920196037653e-04,  4.1028838699776e-04, -1.0471897127409e-01,  4.9548113108618e-03, -4.9004580253587e-01, -4.2998573748481e-03, -5.0781115441528e+00,  2.4006987300000e+00,  9.0000415273491e-01,              1492992
  4.7951908039679e+00,  1.1068827050154e+00,  1.0014435546596e+00,  5.2161469152928e-01,  4.5813830226836e-01,  5.5394871688534e-04, -5.2576136420597e-04, -8.8977608953141e-02, -5.3939166645084e-03, -5.1382411072035e-01,  7.8306288660561e-02, -1.0106672008992e+01,  2.2997287900000e+00,  9.0074829603909e-01,              1492992
  4.7948583442324e+00,  1.1063711190109e+00,  1.0003428392533e+00,  5.2074480613830e-01,  3.8897510280810e-01,  5.1042526369583e-04,  3.9314910814450e-04, -1.0771911321555e-01,  2.3523058217790e-03, -4.4920572966001e-01,  4.4376509840460e-02, -8.2733156910228e+00,  2.3805624260000e+00,  9.0624665102023e-01,              1492992
  4.7941840351067e+00,  1.1057763670258e+00,  9.9828393363747e-01,  5.2368891427975e-01,  4.1107455904278e-01,  5.2472476230536e-04, -5.1897146065142e-04, -1.4300492478391e-01, -1.6215102643925e-02, -1.3109801935994e+00,  2.1809975463904e-02, -9.0127617601760e+00,  2.2498703880000e+00,  9.0530491790981e-01,              1492992
  4.7942295634492e+00,  1.1063031588108e+00,  9.9596992578427e-01,  5.2200130765988e-01,  3.2994367011155e-01,  4.7010098391485e-04, -4.7018725883066e-04, -9.3150132568671e-02, -3.8737076841438e-04, -4.2441368235775e-01,  5.9915862931924e-03, -6.6775875485880e+00,  2.2683505910000e+00,  9.0173892425412e-01,              1492992
  4.7948422543027e+00,  1.1068154631481e+00,  9.9381500405270e-01,  5.2107488687021e-01,  3.1022188476735e-01,  4.5583479799278e-04, -5.5643092664606e-04, -7.7411839863346e-02, -3.8025043408747e-03, -5.0874995313102e-01,  2.2047375588311e-02, -5.4261429055120e+00,  2.2462524690000e+00,  9.0684812778635e-01,              1492992
  4.7960528219299e+00,  1.1075327767316e+00,  9.9135982752050e-01,  5.1811867268621e-01,  4.8115521368998e-01,  5.6769341643882e-04,  9.9084209476057e-04, -9.9427911753810e-02,  1.1556637758737e-02, -3.8214570552642e-01,  9.8465549898933e-02, -1.1392832920924e+01,  2.1570231330000e+00,  9.0397269375857e-01,              1492992
  4.7961005389424e+00,  1.1074615161487e+00,  9.8669382610794e-01,  5.2384030660378e-01,  2.8218905742211e-01,  4.3475175530873e-04, -1.7744030568954e-05, -8.8419096279902e-02, -3.4189012275077e-03, -4.4044202195416e-01, -3.2876917448515e-02, -5.1802983146352e+00,  2.1710263480000e+00,  9.0373022762346e-01,              1492992
  4.7962121792109e+00,  1.1076271636689e+00,  9.8343440772650e-01,  5.2329932727668e-01,  2.2546226257982e-01,  3.8860482641306e-04, -5.0125950165389e-04, -7.1111177982897e-02,  6.3679476101658e-03, -4.4650325096392e-01, -4.8558497677233e-02, -3.2854724742443e+00,  2.2047670940000e+00,  9.1060032471708e-01,              1492992
  4.7969080264852e+00,  1.1073879810630e+00,  9.8183381700995e-01,  5.2198431933184e-01,  4.0605381606104e-01,  5.2151050118323e-04,  9.0202749960814e-04, -1.8476166428233e-01, -1.7160874965927e-03, -4.3176934030101e-01,  7.7148676053439e-03, -1.0662423122603e+01,  2.1512917900000e+00,  9.0732234332133e-01,              1492992
  4.7966363137376e+00,  1.1072947494868e+00,  9.8032872349136e-01,  5.2218093592497e-01,  3.3178406471647e-01,  4.7141025013960e-04,  3.9064968073308e-04, -1.1882434157976e-01,  8.7037137252823e-04, -4.7050185653268e-01, -1.1146323002956e-02, -6.9792988011461e+00,  2.1397117020000e+00,  9.0034909765089e-01,              1492992
  4.7960238111986e+00,  1.1071705569417e+00,  9.7936222011381e-01,  5.2296932919855e-01,  2.6375597391786e-01,  4.2031260271959e-04, -1.4488395454385e-04, -7.6156269121066e-02,  3.6114934899779e-03, -4.2544218862985e-01, -3.1674826948993e-02, -4.4513497609635e+00,  2.1936623280000e+00,  9.0106778870885e-01,              1492992
  4.7956754084703e+00,  1.1068433209314e+00,  9.7939370580622e-01,  5.2184163452224e-01,  3.9676376753395e-01,  5.1551019964149e-04, -4.5877560269623e-04, -1.4496101196092e-01, -4.5538525502916e-03, -5.0936744888629e-01,  7.1179803827719e-03, -9.6460369084290e+00,  2.4340066630000e+00,  9.0197670181756e-01,              1492992
  4.7959523710787e+00,  1.1068535186401e+00,  9.7936097274376e-01,  5.2012445008606e-01,  3.4151650128772e-01,  4.7827436745914e-04,  8.4572395736831e-04, -7.7832283499650e-02, -8.8686278267690e-03, -6.4800464351611e-01,  1.0478643948357e-02, -6.8699716764706e+00,  2.1492566800000e+00,  9.0377309456447e-01,              1492992
  4.7953042323608e+00,  1.1074460722666e+00,  9.7914382105414e-01,  5.2195128507156e-01,  2.7061566090521e-01,  4.2574320263553e-04,  1.7969160899740e-04, -7.4383165638976e-02,  7.6516235899156e-03, -4.3326487117106e-01, -3.1458637717609e-02, -4.7908076375727e+00,  2.1447009610000e+00,  9.0606312692901e-01,              1492992
  4.7945617621757e+00,  1.1075075869359e+00,  9.7985066248469e-01,  5.2239861114224e-01,  2.7079301004005e-01,  4.2588268610405e-04,  9.5368287057163e-04, -1.0576241947835e-01, -4.2100786404181e-03, -6.2241844228409e-01, -2.7124261649697e-02, -4.4730652201966e+00,  2.2890232710000e+00,  9.0763044945988e-01,              1492992
  4.7928901153529e+00,  1.1078503622929e+00,  9.8127015169387e-01,  5.2154984997205e-01,  3.4227788843574e-01,  4.7880721026226e-04, -5.0679420535420e-04, -8.5413162281095e-02,  7.3931113968256e-03, -3.1218514837632e-01,  8.0749837936092e-03, -7.1748996568379e+00,  2.1715428500000e+00,  9.0290169002915e-01,              1492992
  4.7919970299369e+00,  1.1076987724361e+00,  9.8242899916299e-01,  5.2111024872916e-01,  3.6044613183161e-01,  4.9135054747640e-04, -4.8685694350349e-05, -6.7019280543388e-02, -5.0590818515372e-03, -7.2706037724671e-01,  2.1776734898514e-02, -7.2031964698271e+00,  2.1889277500000e+00,  9.0396867498285e-01,              1492992
  4.7912842475083e+00,  1.1079074154959e+00,  9.8298725705158e-01,  5.2021073271241e-01,  3.8489487902068e-01,  5.0774110768908e-04,  4.9337939768580e-04, -9.1598044092180e-02,  1.5966034048914e-02, -3.5482224286106e-01,  3.1886165939132e-02, -8.5445587520517e+00,  2.1652425660000e+00,  9.0980996549211e-01,              1492992
  4.7901427067595e+00,  1.1070899071795e+00,  9.8275198462289e-01,  5.2101786615378e-01,  3.4263743468106e-01,  4.7905862607753e-04,  1.0409516026275e-03, -9.6933385477915e-02,  6.0695331740072e-03, -3.4674035918107e-01,  5.3714171856054e-03, -7.2168499904256e+00,  2.2856500260000e+00,  8.9471410429527e-01,              1492992
  4.7880071471223e+00,  1.1059778470667e+00,  9.8249290251471e-01,  5.2274385220018e-01,  3.0274204164364e-01,  4.5030588981834e-04,  5.2185383217446e-04, -1.1699566011283e-01, -8.8900227398825e-03, -6.8159663704650e-01, -3.1185233304123e-02, -6.4322927675138e+00,  2.1214182880000e+00,  9.0459828317901e-01,              1492992
  4.7855661398145e+00,  1.1055649499128e+00,  9.8318016186748e-01,  5.2181612875150e-01,  4.0789913404109e-01,  5.2269416426825e-04,  3.2952969174064e-04, -1.3938242975670e-01, -8.7859093020314e-03, -6.8669317983555e-01,  2.8017255495698e-02, -9.4177299081808e+00,  2.1386842060000e+00,  9.0945899241255e-01,              1492992
  4.7830769445452e+00,  1.1057756282739e+00,  9.8317499778106e-01,  5.2206332402548e-01,  3.4190448187115e-01,  4.7854596267569e-04, -6.2406855031244e-04, -9.3955533684515e-02, -1.0373586234766e-02, -6.1099151822881e-01, -4.7857567019091e-03, -6.8510629244340e+00,  2.1794021170000e+00,  9.0689300411523e-01,              1492992
  4.7815861303860e+00,  1.1066471879422e+00,  9.8339038907785e-01,  5.2032347330520e-01,  3.9270875517618e-01,  5.1286912079628e-04,  9.9593483448001e-04, -1.4962305240633e-01, -8.2430821465642e-03, -6.4342098338947e-01,  3.6781021052056e-02, -8.4225527667300e+00,  2.1949396730000e+00,  9.0189766589506e-01,              1492992
  4.7792133137938e+00,  1.1079793510878e+00,  9.8271115414983e-01,  5.2349500604840e-01,  2.9407258751601e-01,  4.4381147924829e-04,  6.4092984464443e-04, -1.0526185216626e-01, -4.3639234726523e-03, -7.6350415175475e-01, -1.4389858202584e-02, -5.1581520468540e+00,  2.1439030940000e+00,  8.9834372856653e-01,              1492992
  4.7764177669570e+00,  1.1094827103721e+00,  9.8255465231001e-01,  5.2159798707550e-01,  2.8699181760917e-01,  4.3843580839420e-04, -3.4017902762310e-04, -8.8490696073805e-02,  7.7890432588272e-03, -4.5827766622955e-01, -1.4757162715918e-02, -5.1688111867476e+00,  2.1772073980000e+00,  9.0994325488683e-01,              1492992
  4.7743306391905e+00,  1.1103529603304e+00,  9.8287929653893e-01,  5.2358933311120e-01,  2.4754883341754e-01,  4.0719431096498e-04, -5.0434719518531e-04, -8.6571551040164e-02,  1.4729680924071e-02, -3.1321149377874e-01, -4.3955942855218e-02, -4.1534153352268e+00,  2.5875916110000e+00,  9.0556546853567e-01,              1492992
  4.7730650349306e+00,  1.1102036105863e+00,  9.8440742352215e-01,  5.2102803973405e-01,  3.5667874461899e-01,  4.8877600165679e-04, -7.8611064435725e-04, -5.6776915561672e-02,  1.4348932778013e-02, -5.2952504994857e-01,  6.8600360351330e-03, -7.8435681396568e+00,  2.3912049930000e+00,  9.0590170610425e-01,              1492992
  4.7728391417518e+00,  1.1091672007142e+00,  9.8570494453471e-01,  5.2152722750770e-01,  3.3122097778730e-01,  4.7101005359772e-04,  2.7383070244733e-04, -1.2175392933028e-01,  6.0486211582394e-03, -4.3831362218539e-01,  1.5149446065561e-02, -6.5355413618061e+00,  2.3776084120000e+00,  9.0154669281550e-01,              1492992
  4.7723966120056e+00,  1.1078601076236e+00,  9.8655410268852e-01,  5.2209506965374e-01,  3.0758989101398e-01,  4.5389697542046e-04, -7.2335213833248e-04, -9.5508059643746e-02, -2.3872983774006e-03, -4.9619273044712e-01, -1.5596961313554e-02, -5.9461669656734e+00,  2.1505866540000e+00,  8.9928010330933e-01,              1492992
  4.7728641771866e+00,  1.1068517843385e+00,  9.8781865451485e-01,  5.2269731833979e-01,  3.6024674598487e-01,  4.9121462994504e-04, -4.8332447614394e-05, -1.0587704353903e-01, -5.4465795970800e-03, -5.7196029451707e-01,  1.8376394453001e-02, -7.1758531243175e+00,  2.1346199660000e+00,  9.0154803240741e-01,              1492992
  4.7733991709753e+00,  1.1063115742515e+00,  9.8855932116277e-01,  5.1995190293712e-01,  4.0090086602587e-01,  5.1819087001119e-04,  1.8066357755637e-04, -1.2583496215184e-01, -2.3590279873213e-02, -7.3863011168170e-01,  5.9632024394937e-02, -8.1604987152013e+00,  2.5052527260000e+00,  9.0219237611454e-01,              1492992
  4.7737486077530e+00,  1.1073629376887e+00,  9.8773005317184e-01,  5.1962041194077e-01,  3.8401383795416e-01,  5.0715965405012e-04,  1.2442137236028e-03, -1.3505825048710e-01,  8.3475599771607e-03, -6.1837833765858e-01,  4.6859159696384e-02, -7.9640058491503e+00,  2.1450144400000e+00,  8.9993516375171e-01,              1492992
  4.7727394697470e+00,  1.1077936936644e+00,  9.8582909099241e-01,  5.2049821402861e-01,  4.7081237322967e-01,  5.6155874348229e-04,  5.6685085155273e-04, -1.8623449524815e-01,  8.8302490682233e-03, -3.9962260513929e-01,  5.3293065695357e-02, -1.3239699346784e+01,  2.1340624710000e+00,  9.0512005422668e-01,              1492992
  4.7712973672252e+00,  1.1076271095475e+00,  9.8286150971658e-01,  5.2119829269912e-01,  3.9336266904058e-01,  5.1329594185672e-04, -1.7029077210199e-04, -9.9370486156073e-02, -5.6041181010061e-03, -4.6956308085208e-01,  2.1165350189891e-02, -8.6578347411769e+00,  2.1282111130000e+00,  9.0527812607167e-01,              1492992
  4.7702462344076e+00,  1.1078525213646e+00,  9.7973505332601e-01,  5.2044598728670e-01,  3.1166934113162e-01,  4.5689699438339e-04, -2.0464556410401e-04, -9.3236304534539e-02,  5.4849204700021e-03, -4.4261747094421e-01, -1.5987791988350e-03, -6.0188992949872e+00,  2.1086403330000e+00,  9.1179658028978e-01,              1492992
  4.7695827439922e+00,  1.1077168252478e+00,  9.7704316656124e-01,  5.2315967208655e-01,  2.8842798545685e-01,  4.3953145222498e-04, -1.7845827038883e-03, -7.1516453961936e-02,  1.4907223145224e-03, -5.3373117234667e-01, -4.2814334146198e-02, -5.3851876411902e+00,  2.1438194530000e+00,  9.1407522612311e-01,              1492992
  4.7710358687033e+00,  1.1075157718899e+00,  9.7584768392869e-01,  5.2264170255971e-01,  3.1008607864801e-01,  4.5573501146165e-04, -1.0729008906921e-03, -9.4567245344587e-02, -3.4348420969462e-03, -4.3909088030896e-01, -2.7624774418508e-02, -6.4475189790881e+00,  2.1325066670000e+00,  9.1600155928498e-01,              1492992
  4.7723203302258e+00,  1.1075430029672e+00,  9.7572564085353e-01,  5.1917994800305e-01,  3.4127353105871e-01,  4.7810420421940e-04,  1.6333933581511e-03, -1.2458086458974e-01,  1.0009925836486e-02, -5.0042273715375e-01,  2.4098492812356e-02, -6.8370188805057e+00,  2.1185046200000e+00,  8.9987555191187e-01,              1492992
  4.7725917240635e+00,  1.1072527788199e+00,  9.7533654668518e-01,  5.2225786525313e-01,  3.0068784632623e-01,  4.4877555937692e-04, -4.4404045613261e-04, -9.5756675943910e-02,  7.2854667628787e-03, -3.4361235139800e-01, -2.9665470985053e-02, -5.8819606034440e+00,  2.1773531390000e+00,  9.1182404192387e-01,              1492992
  4.7731130048362e+00,  1.1067618064391e+00,  9.7542658959871e-01,  5.2350028353777e-01,  2.9965160581587e-01,  4.4800159932028e-04, -3.2847934734769e-04, -7.4516496468001e-02, -4.8848781014320e-03, -6.7379771074347e-01, -3.1143677210959e-02, -5.4144759018161e+00,  2.1428866320000e+00,  9.1127213005830e-01,              1492992
  4.7737885077922e+00,  1.1064882412432e+00,  9.7596502236333e-01,  5.1970907028470e-01,  4.6123566304137e-01,  5.5581811831819e-04,  1.2276052956445e-03, -1.9476902404624e-01, -1.2616406328920e-02, -6.6937639585639e-01,  3.3262361736750e-02, -1.2637141468817e+01,  2.1589315790000e+00,  9.0216625407236e-01,              1492992
  4.7737598750438e+00,  1.1066604113971e+00,  9.7608563907398e-01,  5.2176315041826e-01,  3.2793127060298e-01,  4.6866516622247e-04,  4.2587852727626e-05, -1.2138623276400e-01, -1.2029189007365e-02, -9.7975889807695e-01, -9.2691049127986e-03, -5.9433125519913e+00,  2.1604279730000e+00,  9.0459962277092e-01,              1492992
  4.7737442897857e+00,  1.1072201705135e+00,  9.7635988605476e-01,  5.1990844615498e-01,  3.9265689283977e-01,  5.1283525413459e-04,  6.6620677864847e-04, -1.2050020171070e-01, -5.3224868181508e-03, -6.4343471263740e-01,  1.1661009801754e-02, -9.0964717542500e+00,  2.1475059380000e+00,  9.0581396283436e-01,              1492992
  4.7733884781871e+00,  1.1079069530272e+00,  9.7651060202905e-01,  5.2208772318237e-01,  3.6133608747279e-01,  4.9195675540893e-04, -1.3399146816558e-03, -8.1147988432697e-02,  4.9032881407824e-03, -3.5528235784442e-01, -4.8992657310363e-03, -8.1368510805425e+00,  2.1015212870000e+00,  9.0579118977195e-01,              1492992
  4.7738466701801e+00,  1.1083725310390e+00,  9.7676787875569e-01,  5.2077232621176e-01,  5.2128425959043e-01,  5.9089261936864e-04,  1.3533805029920e-04, -1.9583179165378e-01, -6.0954958176850e-03, -5.1319814710677e-01,  4.7497387667725e-02, -1.5557402700749e+01,  2.1491649840000e+00,  9.0148909036351e-01,              1492992
  4.7742382734050e+00,  1.1089976959280e+00,  9.7646112633575e-01,  5.2244960764250e-01,  3.1250426247308e-01,  4.5750856867654e-04,  2.5797631617919e-04, -1.2445036815100e-01, -2.2201796466063e-03, -8.4707623575027e-01, -1.3445918558173e-02, -5.6918729948913e+00,  2.1019016200000e+00,  8.9814211998457e-01,              1492992
  4.7744804622635e+00,  1.1096465437450e+00,  9.7640583029314e-01,  5.2242020260580e-01,  3.0237854501141e-01,  4.5003547174835e-04,  2.3931714801957e-04, -7.7117433119757e-02,  1.4324939213659e-02, -3.2550300975995e-01, -1.7791743338763e-02, -6.0859990981916e+00,  2.1865277670000e+00,  8.9554800025720e-01,              1492992
  4.7745851491316e+00,  1.1097712702115e+00,  9.7663882258593e-01,  5.2142331110690e-01,  2.5724686490179e-01,  4.1509385580368e-04, -4.1153884892753e-04, -8.2139644204316e-02,  6.3352073416877e-03, -3.8125787148387e-01, -2.2117120829523e-02, -4.1404908338635e+00,  2.2485479970000e+00,  9.0772623028121e-01,              1492992
  4.7749354053138e+00,  1.1096841110508e+00,  9.7717713897581e-01,  5.2182796051280e-01,  2.4631272688315e-01,  4.0617639976688e-04, -3.1873927395057e-04, -7.8495953814284e-02,  1.7961718620821e-02, -3.5652945494245e-01, -5.0079567488777e-02, -4.3031323588880e+00,  2.5208875770000e+00,  9.1150387945816e-01,              1492992
  4.7754534827516e+00,  1.1090282081748e+00,  9.7837070391870e-01,  5.1929432147814e-01,  3.7981680368712e-01,  5.0438056874552e-04,  1.3501706848961e-03, -1.2765601146138e-01,  1.3911200403959e-02, -4.0919234055356e-01,  2.8093048668088e-02, -8.7126795209364e+00,  2.8223438560000e+00,  9.0546298975480e-01,              1492992
  4.7751917960404e+00,  1.1079923993998e+00,  9.7912307547290e-01,  5.2153753132420e-01,  3.0128977283097e-01,  4.4922452140457e-04, -1.0456626395510e-04, -9.9674888436321e-02, -5.4545993112775e-03, -7.1989507978681e-01, -2.0154293312539e-02, -5.6395198303193e+00,  2.2044088650000e+00,  9.0927881730110e-01,              1492992
  4.7750435188520e+00,  1.1072484903324e+00,  9.8011296413188e-01,  5.2126011196972e-01,  3.2914616672479e-01,  4.6953250210872e-04,  1.9722482161146e-04, -1.2250455899776e-01, -8.3087773447390e-03, -6.0263079515545e-01, -1.9279682227596e-03, -6.4807343013367e+00,  2.1805876620000e+00,  9.1130160108025e-01,              1492992
  4.7748328995764e+00,  1.1068586196424e+00,  9.8107491915707e-01,  5.2052675908279e-01,  3.4179803721002e-01,  4.7847146434236e-04,  5.1515884095064e-04, -9.3518411285424e-02, -1.3046245236082e-03, -4.0776290911667e-01,  6.2053409579686e-03, -7.0254167160787e+00,  2.1666627670000e+00,  9.0393250600137e-01,              1492992
  4.7743775737652e+00,  1.1065565588594e+00,  9.8190473179685e-01,  5.2220195506409e-01,  3.9123999358963e-01,  5.1190913695619e-04, -1.9525802682980e-04, -1.2292553150132e-01, -1.4778573969495e-02, -7.5340193433408e-01,  4.3139213698695e-03, -9.4617987397436e+00,  2.1385705040000e+00,  8.9805705589849e-01,              1492992
  4.7741131637705e+00,  1.1067781974214e+00,  9.8265786866907e-01,  5.2262175319751e-01,  2.8309876744573e-01,  4.3545195927515e-04, -1.2071292828036e-03, -8.4687996104681e-02, -1.4125195053059e-02, -7.2497328098230e-01, -3.1412891522962e-02, -4.9008862933517e+00,  2.1877939410000e+00,  9.0502762238512e-01,              1492992
  4.7745842422739e+00,  1.1074497488389e+00,  9.8379763860953e-01,  5.2099978698349e-01,  3.5460840072624e-01,  4.8735538555983e-04,  1.8031687581585e-04, -9.6254374405621e-02, -4.7232051882517e-03, -4.5956067380454e-01,  1.7013462883501e-02, -7.3939295974328e+00,  2.1461700090000e+00,  9.0642816572359e-01,              1492992
  4.7749334906827e+00,  1.1082161072629e+00,  9.8464251897812e-01,  5.2188628773414e-01,  2.9136170238474e-01,  4.4176112235189e-04, -3.8414834003899e-04, -7.1799300860456e-02,  5.6642491297867e-03, -5.2481612837866e-01, -1.9400481574242e-02, -5.2293410885158e+00,  2.2319052790000e+00,  8.9806442365398e-01,              1492992
  4.7754867512673e+00,  1.1087300957389e+00,  9.8570397157769e-01,  5.2101167063744e-01,  3.0975144629877e-01,  4.5548903969093e-04,  2.5572690871218e-04, -1.0812686788892e-01,  1.1218611199991e-02, -4.4090258502514e-01,  8.0039801790989e-03, -5.9269301203283e+00,  2.1984133650000e+00,  9.0491643625686e-01,              1492992
  4.7758703882838e+00,  1.1088338725877e+00,  9.8659118871900e-01,  5.1955768010710e-01,  3.6838844034339e-01,  4.9673442261120e-04,  4.5387923082441e-04, -1.0328141673777e-01,  1.1380033945968e-02, -4.1450599599720e-01,  4.5579339038810e-02, -7.6388844469988e+00,  2.2448044510000e+00,  8.9862638245885e-01,              1492992
  4.7759869692552e+00,  1.1085623515526e+00,  9.8681909756083e-01,  5.2046935511427e-01,  3.0130681983411e-01,  4.4923722980725e-04,  2.1099758019380e-04, -1.0014984133104e-01,  7.0199351770088e-03, -5.1161403444148e-01,  1.1211137336488e-02, -5.3151025249309e+00,  2.7054540710000e+00,  8.9980120456104e-01,              1492992
  4.7760003111449e+00,  1.1080966867642e+00,  9.8690739164475e-01,  5.2185809013740e-01,  3.3881131576257e-01,  4.7637637247307e-04,  8.2888269863885e-04, -1.3568664483573e-01,  1.4526333103281e-02, -3.3536085122159e-01,  1.4000730005396e-02, -6.8403150895930e+00,  2.2853265840000e+00,  8.9971078210734e-01,              1492992
  4.7755786272302e+00,  1.1072078850519e+00,  9.8684209354594e-01,  5.2024161549223e-01,  3.6741673954882e-01,  4.9607887008701e-04, -3.9831194082696e-04, -8.9506627948789e-02,  2.9202067847747e-04, -5.6937798123643e-01,  2.9703721600793e-02, -7.6863074254483e+00,  2.2662171900000e+00,  9.0432299704218e-01,              1492992
  4.7754515150773e+00,  1.1064070601613e+00,  9.8642911754068e-01,  5.2157068965002e-01,  2.8304855656885e-01,  4.3541334131423e-04, -2.2145030749084e-04, -7.4884060669809e-02, -4.1961998463573e-03, -5.4166724644515e-01, -7.5551190421685e-03, -5.0000540298401e+00,  2.2886282640000e+00,  9.0698409636488e-01,              1492992
  4.7754847786012e+00,  1.1058320682660e+00,  9.8619496538013e-01,  5.2394898198710e-01,  3.6013344630895e-01,  4.9113737895583e-04, -1.0879393859360e-03, -5.4344553565520e-02, -2.3843002868378e-02, -6.8448641329448e-01, -7.7633174990441e-03, -8.0555447696993e+00,  2.1500413890000e+00,  9.0830828296468e-01,              1492992
  4.7761511074194e+00,  1.1061066117071e+00,  9.8614580322982e-01,  5.2191691258034e-01,  4.5265103479366e-01,  5.5062131396211e-04, -1.2283433554316e-03, -8.4308402136241e-02, -2.5243771864861e-02, -1.2636247097458e+00,  4.8994775314132e-02, -1.0623369392288e+01,  2.1698402320000e+00,  9.0690439064643e-01,              1492992
  4.7774754957832e+00,  1.1072000594420e+00,  9.8550231603062e-01,  5.2149875243744e-01,  3.5532749563362e-01,  4.8784927866424e-04,  1.4358099199869e-05, -1.2791964969351e-01, -4.9956990064511e-03, -5.6113553941923e-01,  1.5445132910179e-02, -7.6836678959859e+00,  2.2414257080000e+00,  9.0308052554870e-01,              1492992
  4.7786967520992e+00,  1.1083576611641e+00,  9.8476343413932e-01,  5.2201886973171e-01,  2.6275786028319e-01,  4.1951656884016e-04, -4.9024127121870e-04, -9.1781860747186e-02,  1.2949882673142e-02, -4.3349363588808e-01, -2.5914301164936e-02, -4.4997896208677e+00,  2.1936462860000e+00,  9.0424396111968e-01,              1492992
  4.7801029003095e+00,  1.1089829017419e+00,  9.8448494965830e-01,  5.2067935471006e-01,  5.0567839123117e-01,  5.8198053244814e-04, -1.3715837344024e-03, -5.9600244106835e-02,  8.0955365025578e-03, -3.3224315300582e-01,  4.8312809554513e-02, -1.5043686106604e+01,  2.1707085320000e+00,  8.9737520361797e-01,              1492992
  4.7821680429814e+00,  1.1092860942564e+00,  9.8367389925123e-01,  5.1991335842497e-01,  8.4166733697562e-01,  7.5082979188509e-04,  4.0670620665812e-04, -2.8455939583089e-01,  1.3058577468120e-02, -5.4966758264946e-01,  1.1907109727184e-01, -3.4351034417085e+01,  2.1642792030000e+00,  8.9314209319273e-01,              1492992
  4.7838769945169e+00,  1.1091398786053e+00,  9.8155116146126e-01,  5.2012114684027e-01,  3.6851158706687e-01,  4.9681744110281e-04, -3.6258159614162e-04, -9.6518411699593e-02,  9.5286123085859e-03, -4.8133227527065e-01,  3.4034544154028e-02, -7.7274777758011e+00,  2.1366521580000e+00,  9.0988833161866e-01,              1492992
  4.7856511051531e+00,  1.1087034338294e+00,  9.7922650707862e-01,  5.2423439826532e-01,  2.8724040134210e-01,  4.3862564729010e-04, -1.1167027673863e-03, -6.3623984006709e-02, -2.0243529528915e-03, -5.1868565353217e-01, -5.2645691464058e-02, -5.5139537560618e+00,  2.3003985240000e+00,  8.9475362225652e-01,              1492992
  4.7879044597599e+00,  1.1083853107727e+00,  9.7789378797982e-01,  5.2170813376307e-01,  3.2529956364198e-01,  4.6678081725519e-04, -1.0719489299410e-03, -7.6185580234459e-02,  2.4284385200943e-03, -4.0631882652314e-01, -2.5568118754097e-03, -6.3529325567246e+00,  2.3438628080000e+00,  9.0889837319959e-01,              1492992
  4.7905672008435e+00,  1.1080256299338e+00,  9.7677194006732e-01,  5.2103766289219e-01,  2.8409629626848e-01,  4.3621846545672e-04,  4.3803049934952e-04, -1.0954514304642e-01,  1.8949514190828e-03, -5.4369892328658e-01, -2.9689640099865e-02, -5.0806408462726e+00,  2.1538542190000e+00,  8.9835712448560e-01,              1492992
  4.7927460747798e+00,  1.1076482630889e+00,  9.7620373969663e-01,  5.2321089069765e-01,  3.1975307517415e-01,  4.6278430810293e-04,  6.4842408142293e-04, -1.4267315654513e-01,  1.7400351740338e-03, -5.9016309265167e-01, -4.5224668836569e-02, -7.4266637036670e+00,  2.1418570450000e+00,  9.0001018089849e-01,              1492992
  4.7943777838434e+00,  1.1072607866230e+00,  9.7636328828204e-01,  5.2022024360704e-01,  3.2485441131832e-01,  4.6646132758505e-04,  4.6715345189610e-04, -7.9754133384297e-02,  4.0653508080006e-03, -4.7985660743142e-01,  4.1592896208562e-03, -6.2719071301816e+00,  2.1399524780000e+00,  9.0466459297840e-01,              1492992
  4.7956025156895e+00,  1.1067857488928e+00,  9.7649296013508e-01,  5.2176813298157e-01,  3.0061925157721e-01,  4.4872436774568e-04,  4.4553107409918e-04, -9.5141772057669e-02, -4.7835989769689e-03, -7.8273344940039e-01, -3.0329719498747e-02, -5.7138324146690e+00,  2.1309583230000e+00,  9.0354134516461e-01,              1492992
  4.7964773665017e+00,  1.1065285157863e+00,  9.7706519701819e-01,  5.2117717715499e-01,  4.0823465722698e-01,  5.2290909480736e-04,  1.2495741451847e-03, -2.0670538569735e-01, -4.3206236388889e-03, -6.0497796395021e-01,  2.2404641360211e-02, -9.6734843383388e+00,  2.1349487300000e+00,  8.9787688078704e-01,              1492992
  4.7966074700565e+00,  1.1064493755510e+00,  9.7733928187537e-01,  5.2155774304195e-01,  3.2206620907364e-01,  4.6445521156702e-04, -2.7061012814643e-04, -8.6882247578318e-02, -1.5135045377559e-02, -6.8672377458072e-01, -5.1904891024473e-03, -5.9101654018172e+00,  2.2365277470000e+00,  9.1089101616084e-01,              1492992
  4.7969048502824e+00,  1.1068890084944e+00,  9.7769811936231e-01,  5.2248507120148e-01,  2.8715547884641e-01,  4.3856080275909e-04, -4.7988017124594e-04, -8.7914941520630e-02, -6.9413208309586e-03, -5.5066681560275e-01, -2.4458930845711e-02, -4.9393476629567e+00,  2.2349096310000e+00,  9.0252191572359e-01,              1492992
  4.7974734225205e+00,  1.1075233145355e+00,  9.7839158981676e-01,  5.2147197955381e-01,  3.4894429525382e-01,  4.8344749136730e-04,  2.0205845041174e-06, -7.8689330201556e-02, -8.6197715685723e-03, -6.2756084251518e-01, -6.5659141338261e-03, -7.3440911549010e+00,  2.1098481510000e+00,  9.0156745649005e-01,              1492992
  4.7980070036546e+00,  1.1083898079252e+00,  9.7915710940555e-01,  5.2109630442151e-01,  3.8523472650833e-01,  5.0796521623958e-04,  9.7251667146806e-04, -7.3791984134001e-02,  5.0168486591340e-03, -3.9172116022674e-01,  1.7849414337553e-02, -9.3907965136122e+00,  2.1661130940000e+00,  9.0491844564472e-01,              1492992
  4.7979495881271e+00,  1.1090107932818e+00,  9.7966541232355e-01,  5.2003583966774e-01,  4.3597652549746e-01,  5.4038441182041e-04,  5.9620641902768e-04, -1.4457668196427e-01,  7.9888192020517e-03, -5.7308044364975e-01,  5.0428803789400e-02, -1.1173494675407e+01,  2.1171882940000e+00,  9.0242479531036e-01,              1492992
  4.7975965745781e+00,  1.1093151319514e+00,  9.7950523329084e-01,  5.2246362319931e-01,  2.9596419167006e-01,  4.4523658645747e-04,  4.8003465755619e-04, -1.0400662494245e-01, -3.5062589354238e-03, -7.4838669649658e-01, -2.1489664134039e-02, -5.3957759251309e+00,  2.2124155140000e+00,  9.1040943287037e-01,              1492992
  4.7970323103908e+00,  1.1097177869973e+00,  9.7969434535028e-01,  5.2278109497894e-01,  2.8665086830570e-01,  4.3817529781870e-04, -1.8137685401992e-04, -8.4739353346829e-02,  1.2912085772380e-02, -3.7821853210607e-01, -2.7288311551885e-02, -5.6130050703918e+00,  2.2472281440000e+00,  9.1057889124657e-01,              1492992
  4.7966529421911e+00,  1.1096587159146e+00,  9.8027958633501e-01,  5.2061090611068e-01,  3.9475637501446e-01,  5.1420445597841e-04,  1.1396015046802e-03, -1.3645026941245e-01,  1.1651920672929e-02, -4.7786544924810e-01,  5.6036493791292e-03, -1.1256267310033e+01,  2.2161099450000e+00,  9.0288829411008e-01,              1492992
  4.7956944303078e+00,  1.1092271177614e+00,  9.8080707147996e-01,  5.2087056006961e-01,  3.9116039156365e-01,  5.1185705757013e-04,  1.1163216430257e-03, -1.5076166106518e-01,  1.2447420620563e-02, -3.6557742471501e-01,  1.8663054929035e-02, -9.5637183056121e+00,  2.2096855920000e+00,  9.0670881022805e-01,              1492992
  4.7942321307475e+00,  1.1084316616183e+00,  9.8109046036212e-01,  5.1924633000286e-01,  3.7316681475449e-01,  4.9994561949384e-04,  1.5149510425643e-04, -7.9966007435475e-02,  4.6495323337382e-05, -5.0771057165452e-01,  3.1987702760307e-02, -7.9247181110330e+00,  2.1362136710000e+00,  9.1132035536694e-01,              1492992
  4.7928507155857e+00,  1.1077220509599e+00,  9.8095841471168e-01,  5.2309406727405e-01,  2.5278215926843e-01,  4.1147596206801e-04,  4.3529704655489e-05, -8.3807771206241e-02,  2.4254457417490e-03, -4.1406590558213e-01, -4.1729423933472e-02, -4.1187300817046e+00,  2.3670618360000e+00,  9.0461435828189e-01,              1492992
  4.7916054899997e+00,  1.1070091806277e+00,  9.8144462469360e-01,  5.2079379697922e-01,  3.9384828908362e-01,  5.1361268507142e-04,  1.6250054533794e-03, -1.4747018913650e-01,  5.9003811879026e-03, -5.1503228438456e-01,  3.4144855313845e-02, -9.0268805753509e+00,  2.2844193760000e+00,  9.0442949459877e-01,              1492992
  4.7895915248982e+00,  1.1061794973647e+00,  9.8147279092654e-01,  5.2162825940984e-01,  3.1100110103309e-01,  4.5640692256221e-04,  9.2169723367599e-04, -9.6415295830005e-02, -1.8968056587473e-02, -6.5072026850221e-01, -6.7993851671155e-03, -5.5408866709084e+00,  2.3760950480000e+00,  9.1019107938957e-01,              1492992
  4.7872747776024e+00,  1.1060742893240e+00,  9.8163055699373e-01,  5.2271200237964e-01,  3.5288824249867e-01,  4.8617190047781e-04,  1.0847517723449e-04, -1.4658415360702e-01, -9.6093107972849e-03, -8.5564470853414e-01, -1.4578702501224e-02, -8.0878732215091e+00,  2.3370680380000e+00,  8.9947367433985e-01,              1492992
  4.7851677062051e+00,  1.1063134593205e+00,  9.8203045705373e-01,  5.2069823451735e-01,  6.2829196432540e-01,  6.4871212046195e-04,  6.7136496238120e-04, -2.4943897597803e-01, -2.1021351844988e-03, -6.9478860982923e-01,  6.2642925517442e-02, -2.1089806062924e+01,  2.4622758170000e+00,  9.1006984632202e-01,              1492992
  4.7829545450424e+00,  1.1066104398194e+00,  9.8166921143191e-01,  5.2290272691781e-01,  3.6982856098071e-01,  4.9770440382030e-04, -2.7445555179638e-05, -1.4227250870412e-01, -1.7536413789681e-02, -8.1779242864066e-01, -8.0152326174499e-03, -8.6398205006857e+00,  2.2741299580000e+00,  9.0294723615398e-01,              1492992
  4.7810180637334e+00,  1.1074752593122e+00,  9.8151469782793e-01,  5.2162540497587e-01,  3.7337090751196e-01,  5.0008231617819e-04, -1.8272340705645e-04, -6.4893156864327e-02, -1.9148438227507e-03, -4.2462907771905e-01,  2.1852612929096e-02, -8.1929216325128e+00,  2.2922304270000e+00,  9.0302024391289e-01,              1492992
  4.7793983126923e+00,  1.1083251051291e+00,  9.8112943371983e-01,  5.2462988041429e-01,  2.6214527326731e-01,  4.1902725833423e-04, -9.8596034419812e-04, -8.4365329002229e-02, -8.9378185367836e-03, -7.5276408042841e-01, -5.0715113380190e-02, -4.3822277885126e+00,  2.3448502760000e+00,  9.0152391975309e-01,              1492992
  4.7785350896323e+00,  1.1094010041577e+00,  9.8151587657091e-01,  5.2051448501245e-01,  4.5017502708142e-01,  5.4911329563507e-04,  1.3011354558143e-03, -1.8109298756987e-01,  1.5068308714704e-02, -3.5404116832130e-01,  4.1687540145209e-02, -1.1950233769939e+01,  2.3522556590000e+00,  9.0633841306584e-01,              1492992
  4.7770583047205e+00,  1.1098729235282e+00,  9.8136879524973e-01,  5.2265643257688e-01,  2.9862750860073e-01,  4.4723539307950e-04,  4.3981766840399e-04, -1.2701778563158e-01, -5.0355139373047e-05, -4.9849423175456e-01, -1.6334095128223e-02, -5.5275331901575e+00,  2.3053514650000e+00,  9.0218232917524e-01,              1492992
  4.7755104888981e+00,  1.1103079962588e+00,  9.8150121231937e-01,  5.2210471765686e-01,  3.6366100015133e-01,  4.9353689456462e-04, -7.6606256168334e-04, -1.4789406774815e-01,  7.8512688483179e-03, -5.0633339076450e-01, -1.2286747888484e-02, -9.1806120941765e+00,  2.3114874660000e+00,  9.1274635095165e-01,              1492992
  4.7746032611750e+00,  1.1104460248917e+00,  9.8185471056110e-01,  5.2107792808011e-01,  6.4053312276470e-01,  6.5500114016796e-04, -9.3935461165500e-04, -7.8432567948790e-02,  2.2642470679928e-02, -1.3522705883914e-01,  5.3275916530134e-02, -2.2981545020124e+01,  2.2626016400000e+00,  9.0174830139746e-01,              1492992
  4.7743531806477e+00,  1.1098164074748e+00,  9.8159288554911e-01,  5.2138866733429e-01,  3.3270973912245e-01,  4.7206740716548e-04, -6.1448812357591e-04, -6.8707394207197e-02,  1.4146304116830e-02, -2.7625946260686e-01,  1.1911220935859e-02, -6.8711994084349e+00,  2.5231522500000e+00,  9.1284347136488e-01,              1492992
  4.7745038321422e+00,  1.1087816365359e+00,  9.8123931921182e-01,  5.2426652127634e-01,  2.5585770417887e-01,  4.1397156290642e-04, -8.7824294302404e-04, -9.1283605420144e-02,  1.2782170286293e-03, -5.2797971480759e-01, -4.3983953569981e-02, -4.1624013040193e+00,  2.2864054350000e+00,  9.0556680812757e-01,              1492992
  4.7751747214753e+00,  1.1078156860655e+00,  9.8156101514624e-01,  5.2060699731968e-01,  4.2886256479423e-01,  5.3595747074474e-04, -2.7010313455443e-04, -1.3987984764711e-01, -3.3003912614209e-03, -4.2192440733809e-01,  3.8715126873831e-02, -1.0317468912900e+01,  2.2393760790000e+00,  9.0343886638374e-01,              1492992
  4.7759761166211e+00,  1.1070631281511e+00,  9.8138434474765e-01,  5.2208336060334e-01,  4.7244628117385e-01,  5.6253231668108e-04,  2.5773624610598e-04, -2.0560421546025e-01, -6.4295086169219e-03, -5.6924760758872e-01,  3.7282876251092e-02, -1.2207573879213e+01,  2.2093644160000e+00,  9.0428280928498e-01,              1492992
  4.7766080418840e+00,  1.1066101350039e+00,  9.8079182748827e-01,  5.2385067665640e-01,  2.5340069839390e-01,  4.1197908000653e-04, -1.2021860965508e-03, -8.5397844894530e-02, -4.5502287767592e-03, -6.1222284759904e-01, -6.0463727340505e-02, -4.1085524467635e+00,  2.5142454580000e+00,  9.0590706447188e-01,              1492992
  4.7778987739192e+00,  1.1063648442577e+00,  9.8112742560318e-01,  5.2097974387222e-01,  4.2044694421889e-01,  5.3067283880063e-04, -2.4876701509686e-04, -1.1177172160219e-01,  5.0555661112896e-03, -3.5250328208392e-01,  2.8654027586695e-02, -1.0088740124866e+01,  2.2319322160000e+00,  8.9932832861797e-01,              1492992
  4.7792381543650e+00,  1.1059803140171e+00,  9.8110147757738e-01,  5.2137060401820e-01,  3.7277166985969e-01,  4.9968085414548e-04,  1.6947823968456e-03, -1.8870048864045e-01, -1.3967348039382e-02, -6.7025764315231e-01,  9.3737155607052e-03, -8.3534413794710e+00,  2.2538436660000e+00,  8.9480586634088e-01,              1492992
  4.7795142337546e+00,  1.1061138407647e+00,  9.8100581256288e-01,  5.2271965274340e-01,  2.9553047433282e-01,  4.4491023342121e-04, -1.5815726060772e-04, -9.2791557198294e-02,  5.6132660190747e-04, -4.7345381759417e-01, -3.1545287407074e-02, -5.6389942023651e+00,  2.1300752890000e+00,  8.9966255679870e-01,              1492992
  4.7798816234189e+00,  1.1062232155131e+00,  9.8139787911269e-01,  5.2367041030528e-01,  3.2156301203553e-01,  4.6409223675030e-04, -1.7581949784594e-03, -5.7243150978956e-02, -1.0887022487746e-02, -5.8816469469235e-01, -2.5020271175810e-02, -6.2581983134484e+00,  2.1756425430000e+00,  9.0895530585562e-01,              1492992
  4.7812474396342e+00,  1.1066972237357e+00,  9.8214280794033e-01,  5.2138570269430e-01,  4.7186126839648e-01,  5.6218392730462e-04,  5.7355973668321e-04, -1.4394159553219e-01, -6.2595820459339e-03, -5.4645083257999e-01,  4.9028615500487e-02, -1.1858085057707e+01,  2.1647249250000e+00,  9.0548174404150e-01,              1492992
  4.7821865473801e+00,  1.1073436930427e+00,  9.8221321469527e-01,  5.1727303885410e-01,  6.0674798532059e-01,  6.3749301586569e-04,  1.5290154274808e-04, -9.4503531109582e-02,  6.4931172100579e-03, -2.6868790740924e-01,  1.0461500129671e-01, -2.0279015101779e+01,  2.3820736200000e+00,  9.0107046789266e-01,              1492992
  4.7829710961991e+00,  1.1077120651672e+00,  9.8096464304348e-01,  5.2079831581845e-01,  3.5268313179452e-01,  4.8603059008109e-04,  3.8984931662236e-04, -1.1537997255334e-01,  8.2708690080562e-03, -4.6348157354686e-01,  1.2459894831093e-02, -7.3511973695837e+00,  2.3982457930000e+00,  8.9975967721193e-01,              1492992
  4.7834847705442e+00,  1.1077732613906e+00,  9.7971799786131e-01,  5.2310248204509e-01,  3.0622728439502e-01,  4.5289048996025e-04, -6.6112968306989e-04, -9.2794900217939e-02,  9.9708189121172e-03, -4.1319534809717e-01, -2.9094798539940e-02, -5.9062721641654e+00,  2.4822748610000e+00,  9.0710733882030e-01,              1492992
  4.7843584394619e+00,  1.1074995660159e+00,  9.7904106974420e-01,  5.2140640331957e-01,  3.6193284610900e-01,  4.9236282933641e-04, -5.4225526607838e-04, -7.8229745391789e-02, -9.2842307697982e-03, -7.0990365566934e-01, -4.9316093964754e-03, -9.0678836101363e+00,  2.3701913020000e+00,  9.0439600480110e-01,              1492992
  4.7854832203649e+00,  1.1075778794540e+00,  9.7856304785124e-01,  5.2098994755274e-01,  3.6455393891303e-01,  4.9414244208090e-04,  8.6602591961032e-04, -1.2889353389557e-01,  4.3037034568711e-04, -5.6584686339182e-01, -1.5666703027324e-03, -8.5785821037096e+00,  2.5630144460000e+00,  9.1068203982339e-01,              1492992
  4.7860296471322e+00,  1.1076434460322e+00,  9.7821401879545e-01,  5.1767135186594e-01,  5.2437612428552e-01,  5.9264239308831e-04, -6.4290066288357e-04, -4.3498701123902e-02,  9.4489825675212e-03, -3.6478066162948e-01,  8.9869178283852e-02, -1.3832689104259e+01,  2.1334134090000e+00,  9.0426271540638e-01,              1492992
  4.7869084579614e+00,  1.1073898233546e+00,  9.7674780915562e-01,  5.2054073342696e-01,  3.3998086772718e-01,  4.7719787240070e-04, -1.4204219568196e-04, -9.1419288935928e-02, -9.7591244663186e-03, -6.4161664625280e-01,  1.0234167077817e-02, -6.6437885230533e+00,  2.2819561330000e+00,  9.0061701603224e-01,              1492992
  4.7878093466479e+00,  1.1075017373933e+00,  9.7533106151652e-01,  5.2132065060957e-01,  4.0553058842115e-01,  5.2117439220332e-04, -1.7750169112866e-03, -3.9368560270420e-02,  6.7276084626807e-03, -3.8585559309553e-01,  1.7179999662193e-02, -9.5919697672667e+00,  2.2645247190000e+00,  9.0136316872428e-01,              1492992
  4.7896626954212e+00,  1.1073817621184e+00,  9.7388269782538e-01,  5.2247541259987e-01,  2.3988789942954e-01,  4.0084403986853e-04, -1.2654543114775e-03, -5.2247451687687e-02, -1.3792073785552e-02, -7.3740262289372e-01, -5.5351926635512e-02, -3.5845097175611e+00,  2.2089682650000e+00,  8.9578376843278e-01,              1492992
  4.7920809700440e+00,  1.1077523166369e+00,  9.7337469122339e-01,  5.2148570443003e-01,  2.6144174727188e-01,  4.1846460347594e-04, -4.7584185037759e-04, -6.5604252868553e-02,  9.4958351838285e-04, -5.1367129456372e-01, -3.9555929742907e-02, -4.4415011779361e+00,  2.4817519880000e+00,  9.0794458376200e-01,              1492992
  4.7945546499987e+00,  1.1080626518338e+00,  9.7349861254474e-01,  5.2275331176074e-01,  2.8331494120090e-01,  4.3561818275068e-04, -1.1240609079688e-03, -6.2827914215953e-02,  1.9587490725311e-03, -3.5477544229146e-01, -4.0379546127281e-02, -5.3067564141047e+00,  2.1636046420000e+00,  9.0874432013032e-01,              1492992
  4.7974527467131e+00,  1.1082818772589e+00,  9.7420884159262e-01,  5.1802904512988e-01,  3.9525295046061e-01,  5.1452777065229e-04,  7.1116445995090e-05, -8.5212508099743e-02,  1.2011789371382e-02, -3.7020873663828e-01,  5.9244334792919e-02, -8.6031292840227e+00,  2.1720988550000e+00,  9.0517363790295e-01,              1492992
  4.8000465210935e+00,  1.1080787615354e+00,  9.7408370985682e-01,  5.2003930669305e-01,  3.9128775500695e-01,  5.1194038217675e-04,  1.5867897927960e-03, -1.3160066058016e-01, -6.2535520839862e-03, -8.9290827333827e-01,  3.4582267251966e-02, -8.2142240703969e+00,  2.1455291250000e+00,  9.1090039330418e-01,              1492992
  4.8014943903760e+00,  1.1081228841567e+00,  9.7354704423604e-01,  5.2037074119932e-01,  3.8354768098655e-01,  5.0685173832759e-04,  3.8095525093126e-04, -6.7901430701197e-02,  1.0649821628750e-02, -6.8584840358944e-01,  1.2150200614895e-02, -8.9375758412798e+00,  2.1450326970000e+00,  9.0055740419239e-01,              1492992
  4.8025964313386e+00,  1.1078131387949e+00,  9.7295671719024e-01,  5.1835635736956e-01,  4.6130004189412e-01,  5.5585690725746e-04,  9.6036051391985e-04, -1.0280625457531e-01, -5.7792830338553e-03, -5.9866610400047e-01,  6.5471399214744e-02, -1.1249989050551e+01,  2.2179272160000e+00,  9.0220108346193e-01,              1492992
  4.8030593167544e+00,  1.1077404248558e+00,  9.7159298389911e-01,  5.2306776981716e-01,  2.7043639171997e-01,  4.2560216260673e-04,  1.9140893228028e-04, -8.5685830319076e-02,  1.9055402433504e-03, -5.2886089398090e-01, -5.4450548056675e-02, -5.0241323831704e+00,  2.1576180380000e+00,  8.9629817172497e-01,              1492992
  4.8033896798187e+00,  1.1076192015880e+00,  9.7115847403892e-01,  5.2206413901771e-01,  2.6176594160739e-01,  4.1872397640486e-04,  7.3659787572770e-04, -8.9708415856249e-02,  7.9496941316457e-03, -4.2407379172837e-01, -5.2757080608248e-02, -4.7049621645624e+00,  2.1768644220000e+00,  9.1392117305384e-01,              1492992
  4.8032839241116e+00,  1.1072471006745e+00,  9.7153374765201e-01,  5.2248611682928e-01,  2.7462313615000e-01,  4.2888397649308e-04,  8.4957389933085e-05, -8.3675380577206e-02,  3.8202111877081e-04, -4.5875406855100e-01, -5.3568916138416e-02, -5.4713771434472e+00,  2.3348427570000e+00,  9.0683741105110e-01,              1492992
  4.8031635136321e+00,  1.1069067521455e+00,  9.7265377753628e-01,  5.2013729422979e-01,  3.4210958922587e-01,  4.7868948021594e-04,  5.5493039430160e-04, -1.1194686028299e-01, -2.2452431905434e-04, -5.3690332729127e-01,  4.6262524190569e-03, -7.1625778657596e+00,  2.3792179190000e+00,  9.1252196930727e-01,              1492992
  4.8027638195963e+00,  1.1066169730300e+00,  9.7364807340116e-01,  5.2142249489805e-01,  2.7153338837701e-01,  4.2646449411089e-04,  4.9870436307642e-04, -1.0206488403970e-01,  8.8119350169916e-05, -4.5478477844427e-01, -2.9480331017987e-02, -4.6793358477007e+00,  2.2229211170000e+00,  9.0680057227366e-01,              1492992
  4.8021423670563e+00,  1.1063607082462e+00,  9.7498600781840e-01,  5.2112890311509e-01,  2.6948260141178e-01,  4.2485098084710e-04, -3.5614155025270e-04, -7.1176640253742e-02, -5.2637559623737e-03, -5.3404736999675e-01, -2.7923346278541e-02, -4.4115774297748e+00,  2.4047551430000e+00,  9.0679588370199e-01,              1492992
  4.8018116475612e+00,  1.1063184262827e+00,  9.7661004670648e-01,  5.2270504678134e-01,  2.6077902670612e-01,  4.1793389047686e-04,  2.3803846886052e-04, -7.4929885344265e-02, -1.5554038716994e-02, -6.2670948028758e-01, -3.3903576632630e-02, -4.1021148657557e+00,  2.3330507050000e+00,  9.0881866748114e-01,              1492992
  4.8013964433833e+00,  1.1068213311763e+00,  9.7857269812261e-01,  5.1988047760044e-01,  3.5424951075063e-01,  4.8710870324888e-04,  1.7368301883704e-03, -1.4309887229526e-01, -1.2347099777506e-02, -8.0564320818196e-01,  3.1294847641667e-02, -6.6677850800065e+00,  2.2351914760000e+00,  9.0171347200789e-01,              1492992
  4.8000501538948e+00,  1.1077089915395e+00,  9.7995045004092e-01,  5.1910877928338e-01,  5.6977464710057e-01,  6.1776431829260e-04,  1.6402656889898e-03, -2.3570712668655e-01, -6.5861731219968e-03, -4.4837090028347e-01,  6.6250628037850e-02, -1.9109350910747e+01,  2.2940881750000e+00,  9.0938464506173e-01,              1492992
  4.7979506495792e+00,  1.1087408713542e+00,  9.8040044700235e-01,  5.2214623280940e-01,  2.7694400218436e-01,  4.3069243314763e-04,  6.5567293199013e-04, -9.6463235270845e-02,  5.5580807540054e-03, -4.8249478227424e-01, -1.6020825222692e-02, -4.7115073466358e+00,  2.2172847340000e+00,  8.9947836291152e-01,              1492992
  4.7957052478123e+00,  1.1094886409858e+00,  9.8106174273359e-01,  5.2145918282135e-01,  8.3347513601245e-01,  7.4716683098754e-04,  5.7689395478373e-04, -2.0068038430986e-01,  1.1401053206459e-03, -4.2527381934162e-01,  5.8290857511382e-02, -4.2224846615162e+01,  2.0971794240000e+00,  9.1306986239712e-01,              1492992
  4.7934045504491e+00,  1.1101304629600e+00,  9.8113894057573e-01,  5.2176771220426e-01,  3.8037664910607e-01,  5.0475215732493e-04,  8.0096567630467e-04, -1.4093201506403e-01,  1.5133087422562e-02, -2.8530957793185e-01, -1.5079394214414e-04, -1.0362200082203e+01,  2.1651716910000e+00,  9.0143215770748e-01,              1492992
  4.7909058814892e+00,  1.1101957162882e+00,  9.8128283580093e-01,  5.2333572053820e-01,  3.2141347088407e-01,  4.6398431240053e-04,  4.6627094382229e-04, -1.1540679866034e-01,  1.7138318084539e-02, -4.1672988947054e-01, -1.6876384516109e-02, -6.9623383699543e+00,  2.4178654320000e+00,  9.0183269568759e-01,              1492992
