#                p[0],                 p[1],                 p[2],               energy,             variance,                error,             gradE[0],          gradVarE[0],             gradE[1],          gradVarE[1],             gradE[2],          gradVarE[2],         elapsed time,        accept. ratio,             MC steps
  4.6000000000000e+00,  0.0000000000000e+00,  1.0000000000000e+00,  1.6920537771358e-01,  1.7936512015441e-02,  1.8940175297732e-04, -4.2033006450188e-04, -6.5189806916462e-03,                 -nan,                 -nan, -1.1040451858123e-02, -2.3250949855551e-01,  6.8042861000000e-02,  9.0392400000000e-01,               500000
  4.6499988960888e+00,  0.0000000000000e+00,  1.0499999590265e+00,  1.6932376255608e-01,  3.1049274128553e-02,  2.4919580304874e-04, -3.3007982444398e-05, -7.6527775067185e-03,                 -nan,                 -nan,  2.4800711909080e-03, -5.3279085910371e-01,  7.6150771000000e-02,  9.0771400000000e-01,               500000
  4.6499988960888e+00,  0.0000000000000e+00,  1.0499999590265e+00,  1.6919260669792e-01,  4.1330956361122e-02,  2.6245938213091e-04,  9.4562721779997e-05, -1.2204976916403e-02,                 -nan,                 -nan,  9.7586821582576e-03, -8.4043769411197e-01,  7.1395511000000e-02,  9.0654333333333e-01,               600000
  4.6499988960888e+00,  0.0000000000000e+00,  1.0499999590265e+00,  1.6957993292845e-01,  3.0112731723654e-02,  2.0450730672784e-04,  4.2861542829566e-05, -1.0229687901283e-02,                 -nan,                 -nan,  6.3838153235043e-04, -5.4083622477296e-01,  7.8498787000000e-02,  9.0809583333333e-01,               720000
  4.6499988960888e+00,  0.0000000000000e+00,  1.0499999590265e+00,  1.6893606080435e-01,  4.3031917979631e-02,  2.2317137053075e-04,  1.1406138061854e-04, -1.2379107772389e-02,                 -nan,                 -nan,  1.2980665655649e-02, -8.2200085889387e-01,  1.0719760400000e-01,  8.9981134259259e-01,               864000
  4.6499988960888e+00,  0.0000000000000e+00,  1.0499999590265e+00,  1.6881441821627e-01,  4.8655549058468e-02,  2.1663004733829e-04,  2.4152576088608e-04, -1.4476739882346e-02,                 -nan,                 -nan,  1.6076653338232e-02, -9.9041703395520e-01,  1.0672110200000e-01,  9.0707754629630e-01,              1036800
  4.6499988960888e+00,  0.0000000000000e+00,  1.0499999590265e+00,  1.6915400806579e-01,  4.8000055533362e-02,  1.9641866395230e-04,  1.2961243094365e-04, -1.8178688578606e-02,                 -nan,                 -nan,  1.3163814619460e-02, -1.0197213176597e+00,  1.3518421600000e-01,  9.0294335133745e-01,              1244160
  4.6802082961521e+00,  0.0000000000000e+00,  1.0574235847236e+00,  1.6881031744638e-01,  6.7385844497954e-02,  2.3272670484977e-04,  5.4506485726132e-04, -1.1480657929647e-02,                 -nan,                 -nan,  2.1801625958333e-02, -1.6970570717599e+00,  1.2953352300000e-01,  9.0274321630658e-01,              1244160
  4.6727482710952e+00,  0.0000000000000e+00,  1.0401532723623e+00,  1.6982786894964e-01,  2.2259479781821e-02,  1.3375788342425e-04,  7.7953649419754e-05, -7.1532471179815e-03,                 -nan,                 -nan, -5.6268372831619e-03, -3.3278894090222e-01,  1.3010024400000e-01,  9.0220228909465e-01,              1244160
  4.6648129792977e+00,  0.0000000000000e+00,  1.0369381319051e+00,  1.6915845439757e-01,  3.3678690755932e-02,  1.6452787283429e-04,  2.9944105926083e-04, -1.1448597601667e-02,                 -nan,                 -nan,  4.7064251346068e-03, -6.0837438276279e-01,  1.2837996500000e-01,  9.0654980066872e-01,              1244160
  4.6492002141446e+00,  0.0000000000000e+00,  1.0320793543496e+00,  1.6876798819306e-01,  4.9733888723201e-02,  1.9993466156231e-04,  2.1264293906933e-04, -1.4324370938307e-02,                 -nan,                 -nan,  1.3423808865711e-02, -1.1203393434793e+00,  1.3493552200000e-01,  9.0703526877572e-01,              1244160
  4.6309118098864e+00,  0.0000000000000e+00,  1.0190814801955e+00,  1.6845850649527e-01,  7.9409122795022e-02,  2.5263707354551e-04,  1.3139893169395e-04, -2.6374984974581e-02,                 -nan,                 -nan,  1.7866748837586e-02, -2.5175876655949e+00,  1.3793984500000e-01,  9.0445119598765e-01,              1244160
  4.6149571903938e+00,  0.0000000000000e+00,  1.0022473218796e+00,  1.6857961371819e-01,  5.4435413792901e-02,  2.0917156559534e-04, -9.9630029405460e-05, -1.5894538975161e-02,                 -nan,                 -nan,  9.0922317877603e-03, -1.3965595530985e+00,  1.3627342700000e-01,  9.0375434027778e-01,              1244160
  4.6072698743131e+00,  0.0000000000000e+00,  9.8521426089910e-01,  1.6851905617931e-01,  3.9656742881830e-02,  1.7853378136045e-04, -7.6411358116649e-05, -1.6507824934480e-02,                 -nan,                 -nan,  4.5184284137247e-03, -8.5008830110087e-01,  1.3176199000000e-01,  9.0358072916667e-01,              1244160
  4.6057020893456e+00,  0.0000000000000e+00,  9.6981194979855e-01,  1.6881049564884e-01,  2.2949796471043e-02,  1.3581611453767e-04, -3.0900158222243e-04, -8.6463071398988e-03,                 -nan,                 -nan, -1.1119019603090e-02, -3.8533175004069e-01,  1.2790341600000e-01,  9.0096450617284e-01,              1244160
  4.6146132026876e+00,  0.0000000000000e+00,  9.6971535641455e-01,  1.6864640158429e-01,  3.1607633420029e-02,  1.5938882630867e-04, -1.9328636042220e-04, -1.2380766882602e-02,                 -nan,                 -nan, -5.9316661934769e-03, -6.6924258639579e-01,  1.2756722000000e-01,  9.0420203189300e-01,              1244160
  4.6292782571831e+00,  0.0000000000000e+00,  9.7757804307843e-01,  1.6850685021119e-01,  3.5156724437707e-02,  1.6809936976133e-04, -5.6983441755839e-06, -9.9515096966309e-03,                 -nan,                 -nan,  5.3932781018756e-04, -7.3637566397458e-01,  1.3089026400000e-01,  9.0577819573045e-01,              1244160
  4.6439599654045e+00,  0.0000000000000e+00,  9.8727567551279e-01,  1.6876728067690e-01,  2.8734240860257e-02,  1.5197135881906e-04,  2.0599526223275e-04, -1.0065308156708e-02,                 -nan,                 -nan, -3.1239356787808e-03, -5.2613499694316e-01,  1.2647200300000e-01,  9.0578944830247e-01,              1244160
  4.6527773386170e+00,  0.0000000000000e+00,  1.0006450486086e+00,  1.6863905684049e-01,  2.9972474171173e-02,  1.5521124409808e-04,  2.8567700626389e-04, -1.0474715904662e-02,                 -nan,                 -nan,  4.9521442383167e-04, -5.3511370379990e-01,  1.2672444100000e-01,  9.0444878472222e-01,              1244160
  4.6543499830997e+00,  0.0000000000000e+00,  1.0145101144931e+00,  1.6915942300129e-01,  2.5365566795455e-02,  1.4278552025033e-04, -7.7270817330662e-06, -8.1491261412589e-03,                 -nan,                 -nan, -5.4152758670039e-03, -4.3467872782534e-01,  1.3456211700000e-01,  9.0105050797325e-01,              1244160
  4.6570506412333e+00,  0.0000000000000e+00,  1.0328124450430e+00,  1.6864740169963e-01,  4.9619147467537e-02,  1.9970389335103e-04,  3.6635825421463e-04, -1.7238760517189e-02,                 -nan,                 -nan,  1.2995251972809e-02, -1.0723972583554e+00,  1.2801207100000e-01,  9.0318126286008e-01,              1244160
  4.6522686155397e+00,  0.0000000000000e+00,  1.0428328838751e+00,  1.6882657470459e-01,  6.4761188686965e-02,  2.2814937769110e-04,  2.3067756831014e-04, -2.5229120864455e-02,                 -nan,                 -nan,  1.5751874188889e-02, -1.7942215729839e+00,  1.3018533400000e-01,  9.0415139531893e-01,              1244160
  4.6452916905883e+00,  0.0000000000000e+00,  1.0464203464556e+00,  1.6913280993746e-01,  4.3367258852365e-02,  1.8669937703484e-04,  1.7826680246624e-04, -1.5008719075113e-02,                 -nan,                 -nan,  1.0290428469830e-02, -9.2626290010984e-01,  1.2817534500000e-01,  9.0700713734568e-01,              1244160
  4.6363523446419e+00,  0.0000000000000e+00,  1.0452405665982e+00,  1.6933732828460e-01,  3.2229764552404e-02,  1.6094980288886e-04, -1.1172229037521e-04, -9.8735990522419e-03,                 -nan,                 -nan,  3.9928268546568e-03, -5.6463556296488e-01,  1.3645063500000e-01,  8.9913596322016e-01,              1244160
  4.6324403340442e+00,  0.0000000000000e+00,  1.0432541078765e+00,  1.6868269870431e-01,  4.6150000523803e-02,  1.9259621054976e-04,  6.6834842478041e-05, -1.7158454740773e-02,                 -nan,                 -nan,  1.3333135389740e-02, -9.5181835379679e-01,  1.2721916000000e-01,  9.0578382201646e-01,              1244160
  4.6293711907031e+00,  0.0000000000000e+00,  1.0349621379254e+00,  1.6931305108585e-01,  3.4568900228575e-02,  1.6668812609865e-04, -1.0317329350080e-04, -1.2360396666501e-02,                 -nan,                 -nan,  3.3666041882272e-03, -6.4988140371415e-01,  1.2630465400000e-01,  9.0452594521605e-01,              1244160
  4.6308497001503e+00,  0.0000000000000e+00,  1.0273271506582e+00,  1.6886112850488e-01,  3.6005563714618e-02,  1.7011659839483e-04, -4.0298902561802e-05, -1.2270941372748e-02,                 -nan,                 -nan,  4.9724120053172e-03, -7.0159503216556e-01,  1.3899593800000e-01,  9.0625000000000e-01,              1244160
  4.6348125858686e+00,  0.0000000000000e+00,  1.0192421785823e+00,  1.6867230373169e-01,  5.1104808668890e-02,  2.0267153932518e-04, -1.0250907968157e-05, -1.3370533137387e-02,                 -nan,                 -nan,  9.8584829413645e-03, -1.2266572300053e+00,  1.3653380700000e-01,  9.0333719135802e-01,              1244160
  4.6404178325443e+00,  0.0000000000000e+00,  1.0090057314189e+00,  1.6828201492234e-01,  4.1571736598331e-02,  1.8279359161986e-04,  1.9672401564701e-04, -1.4603696059800e-02,                 -nan,                 -nan,  1.2025979734375e-02, -8.3114954862016e-01,  1.3631058300000e-01,  8.9904755015432e-01,              1244160
  4.6422494020342e+00,  0.0000000000000e+00,  9.9385438272535e-01,  1.6822158346089e-01,  6.2443598127580e-02,  2.2402982660121e-04,  2.2857674872654e-04, -1.5117480141577e-02,                 -nan,                 -nan,  1.5304585396404e-02, -1.6460938276985e+00,  1.3591794100000e-01,  9.0384275334362e-01,              1244160
  4.6398953013603e+00,  0.0000000000000e+00,  9.7492344063548e-01,  1.6825035340613e-01,  3.9107506235488e-02,  1.7729314512150e-04,  2.3394278518935e-04, -1.4066910830961e-02,                 -nan,                 -nan,  1.7905239526187e-03, -8.8036805990199e-01,  1.3919350000000e-01,  9.0322466563786e-01,              1244160
  4.6334981111075e+00,  0.0000000000000e+00,  9.5974278040900e-01,  1.6890707480208e-01,  6.8723516910418e-02,  2.3502527573174e-04, -4.3196241772064e-05, -3.4345342660010e-02,                 -nan,                 -nan, -9.4071731432840e-04, -2.7069860783316e+00,  1.3312647200000e-01,  9.0641798482510e-01,              1244160
  4.6333636101999e+00,  0.0000000000000e+00,  9.5742452815242e-01,  1.6850521260051e-01,  2.5570333096894e-02,  1.4336068764227e-04, -1.8130969202423e-05, -8.3679919585059e-03,                 -nan,                 -nan, -9.5765187405011e-03, -4.7871853837239e-01,  1.3718119200000e-01,  9.0087127057613e-01,              1244160
  4.6348127537115e+00,  0.0000000000000e+00,  9.6376380259244e-01,  1.6870020683683e-01,  3.3415955282837e-02,  1.6388485577183e-04,  7.0721360619127e-05, -1.2411543293122e-02,                 -nan,                 -nan, -4.1944674839183e-03, -7.1647802052795e-01,  1.2714642700000e-01,  9.0094682355967e-01,              1244160
  4.6359032412365e+00,  0.0000000000000e+00,  9.7482388911300e-01,  1.6831336589982e-01,  5.4135671956588e-02,  2.0859488203402e-04,  1.1812164277320e-04, -1.6058850810068e-02,                 -nan,                 -nan,  1.0051237625624e-02, -1.3371354819496e+00,  1.3379456300000e-01,  9.0372942386831e-01,              1244160
  4.6358809615919e+00,  0.0000000000000e+00,  9.8251209699525e-01,  1.6881557024031e-01,  3.2846438986343e-02,  1.6248228918389e-04,  4.8128175032278e-05, -1.2783422697752e-02,                 -nan,                 -nan, -3.2083236437515e-03, -6.7177605977611e-01,  1.2828133800000e-01,  9.0266525205761e-01,              1244160
  4.6362895698628e+00,  0.0000000000000e+00,  9.9401689567293e-01,  1.6862470825032e-01,  3.9599926050068e-02,  1.7840584145724e-04,  8.0418438010429e-05, -1.2489239953689e-02,                 -nan,                 -nan,  4.3676222731264e-03, -8.5353072156585e-01,  1.3967006800000e-01,  9.0317885159465e-01,              1244160
  4.6361676469196e+00,  0.0000000000000e+00,  1.0044272046168e+00,  1.6889583016466e-01,  2.9478621755403e-02,  1.5392723565018e-04, -6.9952067944080e-05, -8.0699758470237e-03,                 -nan,                 -nan, -1.3877718862531e-03, -5.3369521334672e-01,  1.3290707000000e-01,  9.0959281764403e-01,              1244160
  4.6391100450489e+00,  0.0000000000000e+00,  1.0167552012315e+00,  1.6873575156305e-01,  5.4371763305826e-02,  2.0904923928873e-04,  4.4549148210717e-05, -1.5830756272723e-02,                 -nan,                 -nan,  1.0340201573657e-02, -1.3615179664158e+00,  1.3295252800000e-01,  9.0299157664609e-01,              1244160
  4.6427575380881e+00,  0.0000000000000e+00,  1.0254046760573e+00,  1.6941608960055e-01,  3.9197795975221e-02,  1.7749769054790e-04, -1.1826921954936e-04, -1.2190322070178e-02,                 -nan,                 -nan,  1.2003973235141e-03, -9.2327860468400e-01,  1.4975976000000e-01,  9.0097495498971e-01,              1244160
  4.6510399334674e+00,  0.0000000000000e+00,  1.0357313348865e+00,  1.6862902843401e-01,  5.8729373850702e-02,  2.1726489900197e-04,  2.3945737387078e-04, -1.9854737299600e-02,                 -nan,                 -nan,  1.8059028010855e-02, -1.3742553865454e+00,  1.3090372200000e-01,  9.0172485853909e-01,              1244160
  4.6545898203266e+00,  0.0000000000000e+00,  1.0368896354344e+00,  1.6920200179777e-01,  4.2260948186832e-02,  1.8430261663057e-04,  1.2109068161971e-04, -1.5234718423577e-02,                 -nan,                 -nan,  7.7643779093474e-03, -8.7270767901972e-01,  1.4072327900000e-01,  9.0234133873457e-01,              1244160
  4.6565466911696e+00,  0.0000000000000e+00,  1.0355124726570e+00,  1.6895851958938e-01,  3.7806361511543e-02,  1.7431883874691e-04,  1.2291881476388e-04, -1.1890309200914e-02,                 -nan,                 -nan,  5.6013683760879e-03, -7.7815941527271e-01,  1.3395518900000e-01,  9.0768148791152e-01,              1244160
  4.6565092103115e+00,  0.0000000000000e+00,  1.0330249498532e+00,  1.6867940488431e-01,  3.6814085069046e-02,  1.7201601741440e-04,  4.0121937932737e-04, -1.3503642712310e-02,                 -nan,                 -nan,  9.4244201841578e-03, -6.7111303116457e-01,  1.4581940400000e-01,  9.0852221579218e-01,              1244160
  4.6472444855693e+00,  0.0000000000000e+00,  1.0263953312052e+00,  1.6880217507533e-01,  5.4648707787649e-02,  2.0958096287372e-04,  4.2491930148968e-04, -2.5193979827507e-02,                 -nan,                 -nan,  1.1595162047012e-02, -1.3996879732188e+00,  1.4488162000000e-01,  9.0748296039095e-01,              1244160
  4.6310007687253e+00,  0.0000000000000e+00,  1.0170526033311e+00,  1.6867534513178e-01,  3.7088861010373e-02,  1.7265677751947e-04,  3.4621137386483e-05, -1.2060916719246e-02,                 -nan,                 -nan,  5.9308570819608e-03, -7.0690427963069e-01,  1.4601256300000e-01,  9.0499614197531e-01,              1244160
  4.6169243214185e+00,  0.0000000000000e+00,  1.0068039950194e+00,  1.6850715659663e-01,  4.0332308519412e-02,  1.8004805037323e-04, -1.1338693146357e-05, -1.4304873656373e-02,                 -nan,                 -nan,  5.3120483462230e-03, -8.5218291979167e-01,  1.4132772400000e-01,  9.0231401105967e-01,              1244160
  4.6064336090370e+00,  0.0000000000000e+00,  9.9670148064715e-01,  1.6840883404800e-01,  5.1052924625253e-02,  2.0256863228415e-04, -1.4846031525041e-04, -1.6493257712395e-02,                 -nan,                 -nan,  9.0678520015848e-03, -1.2869319092940e+00,  1.4354897100000e-01,  9.0626848636831e-01,              1244160
  4.6033869836268e+00,  0.0000000000000e+00,  9.8555573647461e-01,  1.6904853707814e-01,  3.1152147144742e-02,  1.5823621113783e-04, -3.8473941418731e-04, -1.0038347204329e-02,                 -nan,                 -nan, -5.5735434576011e-03, -6.5021473954975e-01,  1.4217418100000e-01,  9.0524610982510e-01,              1244160
  4.6120884245654e+00,  0.0000000000000e+00,  9.8216254320401e-01,  1.6876320178912e-01,  3.4475247453656e-02,  1.6646218033741e-04, -2.7753268404814e-04, -9.2389098541242e-03,                 -nan,                 -nan, -2.8046813907787e-03, -7.5207687359282e-01,  1.4453522900000e-01,  9.0738650977366e-01,              1244160
  4.6280011885057e+00,  0.0000000000000e+00,  9.8397796601192e-01,  1.6838465818920e-01,  3.8901746941883e-02,  1.7682612707517e-04,  1.3015056637666e-04, -1.3855110832591e-02,                 -nan,                 -nan,  3.6837496172222e-03, -8.3871069823917e-01,  1.4700693900000e-01,  9.0475742669753e-01,              1244160
  4.6408918985374e+00,  0.0000000000000e+00,  9.8601074821787e-01,  1.6818072669752e-01,  3.9817479295625e-02,  1.7889523136820e-04,  2.9616643735145e-04, -1.4284387690376e-02,                 -nan,                 -nan,  6.1020852559925e-03, -8.4387405983122e-01,  1.5158683700000e-01,  9.0174495241770e-01,              1244160
  4.6466934723330e+00,  0.0000000000000e+00,  9.8643348775705e-01,  1.6883334695319e-01,  3.1305738005540e-02,  1.5862581113961e-04,  3.5968958625218e-05, -1.1480237317684e-02,                 -nan,                 -nan, -3.7732959570171e-03, -6.4698809686694e-01,  1.3672897800000e-01,  9.0855597350823e-01,              1244160
  4.6525209916549e+00,  0.0000000000000e+00,  9.9210386294506e-01,  1.6871213260118e-01,  4.0671523366894e-02,  1.8080361202641e-04,  1.0758911664946e-04, -8.9424939772198e-03,                 -nan,                 -nan,  7.4371914393155e-04, -9.7898093339719e-01,  1.3794657300000e-01,  9.0473331404321e-01,              1244160
  4.6561726151966e+00,  0.0000000000000e+00,  1.0003888937273e+00,  1.6871951591958e-01,  4.5869529818590e-02,  1.9201007928248e-04,  2.9657941490337e-04, -1.8679867888440e-02,                 -nan,                 -nan,  6.5636437237914e-03, -1.0514895207351e+00,  1.4021233800000e-01,  9.0601530349794e-01,              1244160
  4.6541644480089e+00,  0.0000000000000e+00,  1.0069144864711e+00,  1.6900211507941e-01,  3.4663173328314e-02,  1.6691525955148e-04,  1.0118347831269e-04, -9.6041790628879e-03,                 -nan,                 -nan, -1.3945869876099e-03, -7.7963176172848e-01,  1.3720189400000e-01,  9.0839281121399e-01,              1244160
  4.6509448136690e+00,  0.0000000000000e+00,  1.0168739703127e+00,  1.6873164255813e-01,  3.6362061109160e-02,  1.7095670113841e-04,  1.3582191460468e-04, -1.1128775347552e-02,                 -nan,                 -nan,  6.3920905987303e-03, -6.7982754184359e-01,  1.4113083800000e-01,  9.0384114583333e-01,              1244160
  4.6459026095194e+00,  0.0000000000000e+00,  1.0235860740239e+00,  1.6868242228888e-01,  5.3814824251250e-02,  2.0797582027046e-04,  2.1610176883443e-04, -2.1706643112904e-02,                 -nan,                 -nan,  1.5045513902065e-02, -1.2028924910514e+00,  1.4297235500000e-01,  8.9918820730453e-01,              1244160
  4.6384717687419e+00,  0.0000000000000e+00,  1.0226417773801e+00,  1.6903469839401e-01,  4.8868503111983e-02,  1.9818756458831e-04, -9.0051717372901e-06, -1.8051283432402e-02,                 -nan,                 -nan,  6.8355873264864e-03, -1.1990888720529e+00,  1.5770985500000e-01,  8.9923321759259e-01,              1244160
  4.6344009227277e+00,  0.0000000000000e+00,  1.0211337683247e+00,  1.6902938943555e-01,  3.9006705300157e-02,  1.7706450812282e-04,  4.2190978457249e-05, -1.2842344174582e-02,                 -nan,                 -nan,  4.8472528023945e-03, -8.5152118225631e-01,  1.3970313800000e-01,  9.0526941872428e-01,              1244160
  4.6312997971943e+00,  0.0000000000000e+00,  1.0193036652560e+00,  1.6835343295277e-01,  5.1871798801548e-02,  2.0418674079623e-04,  1.4958522149545e-04, -1.9022056620871e-02,                 -nan,                 -nan,  1.4877847553416e-02, -1.1595446259758e+00,  1.4029760600000e-01,  9.0242734053498e-01,              1244160
  4.6270005069527e+00,  0.0000000000000e+00,  1.0106452586277e+00,  1.6881866236188e-01,  3.1995597853337e-02,  1.6036404322986e-04, -1.2970444518814e-05, -1.1472027511626e-02,                 -nan,                 -nan,  1.3836844133175e-03, -6.1123240549896e-01,  1.4422611100000e-01,  9.0629983281893e-01,              1244160
  4.6250342779384e+00,  0.0000000000000e+00,  1.0040933430910e+00,  1.6902493532701e-01,  3.0841415707750e-02,  1.5744505874864e-04, -1.0300683472240e-04, -9.9618685329769e-03,                 -nan,                 -nan, -4.1012808386030e-03, -6.4441514959998e-01,  1.5345521600000e-01,  9.0496077674897e-01,              1244160
  4.6274688639471e+00,  0.0000000000000e+00,  1.0039111376905e+00,  1.6873993075524e-01,  4.2014957502004e-02,  1.8376544348316e-04,  3.5090261874995e-05, -1.5471192521608e-02,                 -nan,                 -nan,  3.9397889790106e-03, -9.1996028918175e-01,  1.5059497400000e-01,  9.0599601337449e-01,              1244160
  4.6308512408476e+00,  0.0000000000000e+00,  1.0042636104587e+00,  1.6864158222054e-01,  4.0839645020509e-02,  1.8117691565349e-04,  4.6355799234799e-06, -1.2894688542492e-02,                 -nan,                 -nan,  5.8077092710483e-03, -8.6896944056861e-01,  1.4438495500000e-01,  9.0336451903292e-01,              1244160
  4.6355920801322e+00,  0.0000000000000e+00,  1.0034263848558e+00,  1.6861165142714e-01,  3.8488667336832e-02,  1.7588480422979e-04,  4.8467544759462e-05, -1.2332797477793e-02,                 -nan,                 -nan,  6.3397318706321e-03, -7.5228704900820e-01,  1.5103549100000e-01,  9.0657552083333e-01,              1244160
  4.6402665604751e+00,  0.0000000000000e+00,  1.0006142901496e+00,  1.6862040333646e-01,  4.2367824399037e-02,  1.8453551637072e-04,  6.7862517554088e-05, -1.4939060342344e-02,                 -nan,                 -nan,  6.5146685719283e-03, -9.0692031406742e-01,  1.4271160200000e-01,  9.0481770833333e-01,              1244160
  4.6447025732412e+00,  0.0000000000000e+00,  9.9647603163296e-01,  1.6874925901708e-01,  4.1764300625091e-02,  1.8321646068068e-04,  1.0424283287423e-04, -1.3973871636234e-02,                 -nan,                 -nan,  3.1927369538742e-03, -9.2250329197466e-01,  1.5918576300000e-01,  9.0208735210905e-01,              1244160
  4.6477410667354e+00,  0.0000000000000e+00,  9.9387077175013e-01,  1.6867759346497e-01,  4.0095728009078e-02,  1.7951921245661e-04,  8.5951921182958e-05, -1.4287767643037e-02,                 -nan,                 -nan,  4.0297011799409e-03, -8.6835462030769e-01,  1.6576971500000e-01,  9.0781330375514e-01,              1244160
  4.6500782488843e+00,  0.0000000000000e+00,  9.9176159036904e-01,  1.6821827268298e-01,  4.7466485972421e-02,  1.9532391627627e-04,  4.0861729313533e-04, -1.5587439057804e-02,                 -nan,                 -nan,  9.6931857360402e-03, -1.1205656164737e+00,  1.6041192600000e-01,  9.0433625900206e-01,              1244160
  4.6427813247733e+00,  0.0000000000000e+00,  9.8650718796355e-01,  1.6837257659709e-01,  3.9411128214320e-02,  1.7798004673109e-04,  1.3290006353241e-04, -1.4322406663041e-02,                 -nan,                 -nan,  2.6800004440082e-03, -8.9205483489560e-01,  1.5242922900000e-01,  9.0380658436214e-01,              1244160
  4.6344229429905e+00,  0.0000000000000e+00,  9.8321202658707e-01,  1.6828264321634e-01,  4.9794657963477e-02,  2.0005677315079e-04,  1.0118123779306e-04, -1.4513756946879e-02,                 -nan,                 -nan,  9.5318025003134e-03, -1.1708193754854e+00,  1.4572245900000e-01,  9.0580070087449e-01,              1244160
  4.6260226983916e+00,  0.0000000000000e+00,  9.7718582573360e-01,  1.6890577167976e-01,  2.7006686136021e-02,  1.4733215163402e-04, -2.6033680755111e-04, -6.6486849124689e-03,                 -nan,                 -nan, -6.7727191613699e-03, -5.0167485983032e-01,  1.7045149800000e-01,  8.9850340792181e-01,              1244160
  4.6268776873536e+00,  0.0000000000000e+00,  9.7942656295253e-01,  1.6839502827313e-01,  3.4522549467780e-02,  1.6657633901566e-04,  7.3041214467106e-05, -1.1397596373279e-02,                 -nan,                 -nan,  8.3929718361815e-04, -7.0775766211893e-01,  1.5731674600000e-01,  9.0246270576132e-01,              1244160
  4.6271950567772e+00,  0.0000000000000e+00,  9.8368167623908e-01,  1.6850071203435e-01,  4.4371275794475e-02,  1.8884819609176e-04,  4.8732088660176e-05, -1.5303994047414e-02,                 -nan,                 -nan,  4.4065529531258e-03, -1.0286399229677e+00,  2.4397409000000e-01,  9.0339023919753e-01,              1244160
  4.6282809904903e+00,  0.0000000000000e+00,  9.8815117127199e-01,  1.6883489804271e-01,  2.7629440882452e-02,  1.4902115700807e-04, -1.1413461530521e-04, -7.7242538005892e-03,                 -nan,                 -nan, -2.7655620432973e-03, -4.6582800297709e-01,  2.3356878100000e-01,  9.0628215020576e-01,              1244160
  4.6336551372969e+00,  0.0000000000000e+00,  9.9642273984593e-01,  1.6847131880136e-01,  6.0355928109895e-02,  2.2025300835905e-04,  1.6658039807713e-04, -2.3968963795288e-02,                 -nan,                 -nan,  9.6928063435896e-03, -1.8158439558137e+00,  2.4402417100000e-01,  9.0106738683128e-01,              1244160
  4.6371704967855e+00,  0.0000000000000e+00,  1.0034058925562e+00,  1.6835290100307e-01,  3.5944467403272e-02,  1.6997220530105e-04,  1.1946447105611e-04, -9.4025268419546e-03,                 -nan,                 -nan,  4.3386438046072e-03, -7.1572419018360e-01,  2.5620690000000e-01,  9.0463927469136e-01,              1244160
  4.6382419722188e+00,  0.0000000000000e+00,  1.0090931298373e+00,  1.6854925411724e-01,  5.1299123380077e-02,  2.0305648056912e-04,  1.3335316701786e-04, -1.3412885897118e-02,                 -nan,                 -nan,  1.1580765179574e-02, -1.2039809150517e+00,  2.4170734300000e-01,  9.0289030349794e-01,              1244160
  4.6372692311229e+00,  0.0000000000000e+00,  1.0095173209222e+00,  1.6883138205917e-01,  3.3606763552549e-02,  1.6435208875965e-04,  5.5618034699201e-05, -1.1246538402200e-02,                 -nan,                 -nan,  1.0058771972761e-03, -6.6298943483433e-01,  2.3732033300000e-01,  9.0601048096708e-01,              1244160
  4.6364058220019e+00,  0.0000000000000e+00,  1.0118637299307e+00,  1.6846370882041e-01,  7.3858638502627e-02,  2.4364782089679e-04,  1.7491101555719e-04, -2.6677284316617e-02,                 -nan,                 -nan,  1.6483502130298e-02, -2.2510586980673e+00,  2.6706815600000e-01,  9.0767425411523e-01,              1244160
  4.6343903702935e+00,  0.0000000000000e+00,  1.0095289564480e+00,  1.6876768648960e-01,  5.6743449195564e-02,  2.1355991941632e-04,  1.0173188989130e-04, -1.9502378175695e-02,                 -nan,                 -nan,  9.9097545048133e-03, -1.5299251595096e+00,  2.7223294400000e-01,  9.0627330889918e-01,              1244160
  4.6324379831913e+00,  0.0000000000000e+00,  1.0054809653462e+00,  1.6847728445833e-01,  6.4985119869569e-02,  2.2854348466050e-04,  1.0822912307305e-04, -2.0654251481097e-02,                 -nan,                 -nan,  1.3251669726123e-02, -1.7840194368779e+00,  2.4590426000000e-01,  9.0593251671811e-01,              1244160
  4.6305198280392e+00,  0.0000000000000e+00,  9.9810817606711e-01,  1.6865516951952e-01,  4.0448826891279e-02,  1.8030793849402e-04,  7.0778836717756e-06, -1.3240669448382e-02,                 -nan,                 -nan,  3.4692098188909e-03, -8.7122960246884e-01,  2.3777792900000e-01,  9.0729407793210e-01,              1244160
  4.6305736867965e+00,  0.0000000000000e+00,  9.9219615760858e-01,  1.6861235571415e-01,  5.3150970867790e-02,  2.0668905690754e-04,  6.7557190928352e-05, -1.8294319588818e-02,                 -nan,                 -nan,  7.9057706288686e-03, -1.3643511129945e+00,  2.5445547100000e-01,  9.0297871656379e-01,              1244160
  4.6313511668426e+00,  0.0000000000000e+00,  9.8589921361939e-01,  1.6870257945148e-01,  2.9526853311112e-02,  1.5405310849156e-04, -1.2695694781588e-04, -9.6054010021254e-03,                 -nan,                 -nan, -3.9516332695374e-03, -5.5838856971564e-01,  2.2885164700000e-01,  9.0280349794239e-01,              1244160
  4.6373774169980e+00,  0.0000000000000e+00,  9.8609512642401e-01,  1.6848267801533e-01,  4.5078277682817e-02,  1.9034678240440e-04,  1.7368358981615e-04, -1.4995613683134e-02,                 -nan,                 -nan,  5.0113503623845e-03, -1.0659943311007e+00,  2.3844938100000e-01,  9.0699990354938e-01,              1244160
  4.6398059085436e+00,  0.0000000000000e+00,  9.8655070682624e-01,  1.6819172457832e-01,  5.9583245842384e-02,  2.1883861712229e-04,  4.1014541110124e-04, -2.3147601180463e-02,                 -nan,                 -nan,  1.4355446654504e-02, -1.5307001983815e+00,  2.4962949400000e-01,  9.0592367541152e-01,              1244160
  4.6330861767324e+00,  0.0000000000000e+00,  9.8112299824979e-01,  1.6858178207936e-01,  3.5697689953696e-02,  1.6938772662261e-04, -8.7670585461398e-05, -1.2544766210940e-02,                 -nan,                 -nan, -2.1901581076589e-03, -8.3279692701126e-01,  2.3505687200000e-01,  9.0368441358025e-01,              1244160
  4.6315705908822e+00,  0.0000000000000e+00,  9.8177102247937e-01,  1.6876566550450e-01,  4.5115863521147e-02,  1.9042612053657e-04,  4.2763642901225e-05, -1.6515887833507e-02,                 -nan,                 -nan,  2.0907876793235e-03, -1.1271370626030e+00,  2.2509581800000e-01,  9.0116303369342e-01,              1244160
  4.6314072225172e+00,  0.0000000000000e+00,  9.8545114964330e-01,  1.6845823654270e-01,  5.4822535244580e-02,  2.0991401742561e-04,  6.4482004804189e-05, -2.0866674958440e-02,                 -nan,                 -nan,  5.0838772639515e-03, -1.6166099112893e+00,  2.2241079400000e-01,  9.0762683256173e-01,              1244160
  4.6324759666597e+00,  0.0000000000000e+00,  9.9140773395659e-01,  1.6869937087585e-01,  3.9544915669620e-02,  1.7828188183269e-04, -1.2377462386469e-04, -1.0687509110511e-02,                 -nan,                 -nan,  3.7583631119592e-03, -8.2700634217211e-01,  2.2572766100000e-01,  9.0483056841564e-01,              1244160
  4.6388413527696e+00,  0.0000000000000e+00,  9.9713317036427e-01,  1.6829117033818e-01,  5.2231985662555e-02,  2.0489442930283e-04,  1.7686601004167e-04, -1.3632402074538e-02,                 -nan,                 -nan,  1.1882413325815e-02, -1.2142592731572e+00,  2.3895678800000e-01,  9.0631108539095e-01,              1244160
  4.6412630502014e+00,  0.0000000000000e+00,  9.9715990999966e-01,  1.6831106434810e-01,  1.1717801926666e-01,  3.0689157002624e-04,  2.9820230531857e-04, -4.9674143685948e-02,                 -nan,                 -nan,  2.1155589270117e-02, -4.8705965102455e+00,  2.4544101000000e-01,  9.0478475437243e-01,              1244160
  4.6419212890762e+00,  0.0000000000000e+00,  1.0000150278728e+00,  1.6871652776107e-01,  6.5004917864109e-02,  2.2857829538413e-04,  3.6161620136239e-05, -2.3609701527840e-02,                 -nan,                 -nan,  7.4634425957408e-03, -2.2818927535697e+00,  2.4090338900000e-01,  9.0631912294239e-01,              1244160
  4.6450463222415e+00,  0.0000000000000e+00,  1.0060964697142e+00,  1.6895023422375e-01,  2.9332991140564e-02,  1.5354654837899e-04,  3.6649468355093e-05, -9.0481304553758e-03,                 -nan,                 -nan, -1.5308780183629e-03, -5.1981304614152e-01,  2.4043367000000e-01,  9.0482092335391e-01,              1244160
  4.6481420549858e+00,  0.0000000000000e+00,  1.0152615763275e+00,  1.6875694716471e-01,  5.0567018231207e-02,  2.0160233386977e-04,  2.0302316728350e-04, -2.0015851363564e-02,                 -nan,                 -nan,  9.5504519928672e-03, -1.2185556464987e+00,  2.5131683000000e-01,  9.0356706532922e-01,              1244160
  4.6477278346336e+00,  0.0000000000000e+00,  1.0204498061985e+00,  1.6888409581931e-01,  3.6012765941783e-02,  1.7013361183659e-04,  1.3333025905422e-04, -1.2162340630386e-02,                 -nan,                 -nan,  3.8154236738106e-03, -7.0829011451689e-01,  2.4079723200000e-01,  9.0471402391975e-01,              1244160
  4.6450820725346e+00,  0.0000000000000e+00,  1.0248994294224e+00,  1.6877992251259e-01,  5.1934121911350e-02,  2.0430936747267e-04,  1.4239068110849e-04, -1.7705110687413e-02,                 -nan,                 -nan,  1.2697974186408e-02, -1.1546699355396e+00,  2.5202443600000e-01,  9.0457175925926e-01,              1244160
  4.6409936195306e+00,  0.0000000000000e+00,  1.0226883941446e+00,  1.6887055048305e-01,  3.5104368390175e-02,  1.6797415477278e-04,  1.1309913836940e-04, -1.2950209459115e-02,                 -nan,                 -nan,  4.2138348029173e-03, -6.6951344803393e-01,  2.4138839200000e-01,  9.0442386831276e-01,              1244160
  4.6357660296195e+00,  0.0000000000000e+00,  1.0199074152901e+00,  1.6864937214814e-01,  4.5455245620469e-02,  1.9114101467433e-04,  7.5679624243612e-05, -1.5030924786362e-02,                 -nan,                 -nan,  9.7759115304452e-03, -9.7355565353586e-01,  2.5092225200000e-01,  9.0640512474280e-01,              1244160
  4.6310186232249e+00,  0.0000000000000e+00,  1.0129754654376e+00,  1.6819575929395e-01,  5.8025417463424e-02,  2.1595885666229e-04,  2.3750527353013e-04, -2.1099429454951e-02,                 -nan,                 -nan,  1.5690000003623e-02, -1.4640262360374e+00,  2.4430312600000e-01,  9.0471563143004e-01,              1244160
  4.6225335292387e+00,  0.0000000000000e+00,  9.9928324660894e-01,  1.6877820556764e-01,  3.3668587890271e-02,  1.6450319361377e-04, -3.1146953730545e-05, -1.3150479298866e-02,                 -nan,                 -nan, -4.6527977634296e-04, -7.0556848760911e-01,  2.5273936100000e-01,  9.0602575231481e-01,              1244160
  4.6179689142215e+00,  0.0000000000000e+00,  9.9051361582874e-01,  1.6816405952556e-01,  8.9049254542204e-02,  2.6753279501884e-04, -5.5856745527359e-05, -1.0918827188475e-02,                 -nan,                 -nan,  1.5953071820885e-02, -3.3189219540458e+00,  2.4768058900000e-01,  9.0799655992798e-01,              1244160
  4.6173897560652e+00,  0.0000000000000e+00,  9.8315846747701e-01,  1.6855426276566e-01,  5.6862716669597e-02,  2.1378423942582e-04, -1.1957389427459e-04, -1.6686808974424e-02,                 -nan,                 -nan,  7.1078445623603e-03, -1.5406133294300e+00,  2.4462452000000e-01,  9.0389901620370e-01,              1244160
  4.6233532150586e+00,  0.0000000000000e+00,  9.7704433391948e-01,  1.6871009563002e-01,  3.2213864744308e-02,  1.6091009756202e-04, -1.1965170156900e-04, -9.6076906065025e-03,                 -nan,                 -nan, -1.3158942351501e-03, -6.2616583254315e-01,  2.8673103600000e-01,  9.0362172067901e-01,              1244160
  4.6340670849670e+00,  0.0000000000000e+00,  9.7557396636435e-01,  1.6872725996943e-01,  4.1918618825994e-02,  1.8355463903739e-04,  3.1179515383731e-05, -1.5492882789059e-02,                 -nan,                 -nan,  1.6552712935486e-03, -9.2911839891458e-01,  2.6602679700000e-01,  9.0964506172840e-01,              1244160
  4.6452391342825e+00,  0.0000000000000e+00,  9.7697411305067e-01,  1.6861639182036e-01,  4.3017988927794e-02,  1.8594604025541e-04,  1.1339813121444e-04, -1.0020103189594e-02,                 -nan,                 -nan,  1.3550779666790e-03, -1.0512311165508e+00,  3.8893451900000e-01,  9.0402279449588e-01,              1244160
  4.6532990632952e+00,  0.0000000000000e+00,  9.8180568009601e-01,  1.6867306535414e-01,  3.5561911846992e-02,  1.6906528200274e-04,  1.3138560920402e-04, -1.0613734254983e-02,                 -nan,                 -nan,  1.0443704727868e-03, -7.0287960266527e-01,  2.7686168700000e-01,  9.0732703189300e-01,              1244160
  4.6580493016851e+00,  0.0000000000000e+00,  9.8844013956936e-01,  1.6870016680091e-01,  3.5942468133337e-02,  1.6996747821689e-04,  2.0254614485140e-04, -1.1205213738467e-02,                 -nan,                 -nan,  2.2778637115557e-04, -7.3839514999506e-01,  2.6392728300000e-01,  9.0529192386831e-01,              1244160
  4.6575887495757e+00,  0.0000000000000e+00,  9.9762003818892e-01,  1.6824096597969e-01,  7.8108325357993e-02,  2.5055931093912e-04,  3.8877921426014e-04, -3.1796144090872e-02,                 -nan,                 -nan,  1.6268057171617e-02, -2.4951704150311e+00,  2.5445613600000e-01,  9.0239438657407e-01,              1244160
  4.6497900608373e+00,  0.0000000000000e+00,  1.0024009708490e+00,  1.6850677829499e-01,  5.7248358167668e-02,  2.1450795408260e-04,  2.0741811240868e-04, -1.4465918403662e-02,                 -nan,                 -nan,  1.2094641398833e-02, -1.4517098632659e+00,  2.4829899500000e-01,  9.0615435313786e-01,              1244160
  4.6384151893106e+00,  0.0000000000000e+00,  1.0022375690861e+00,  1.6870138881850e-01,  3.4687332149696e-02,  1.6697341599218e-04,  1.7610038215008e-04, -1.2421244665030e-02,                 -nan,                 -nan,  2.5344192449778e-03, -6.5777631108842e-01,  2.5784207200000e-01,  9.0238152649177e-01,              1244160
  4.6244777098026e+00,  0.0000000000000e+00,  1.0027905919941e+00,  1.6885023131716e-01,  2.4924861162994e-02,  1.4153969540049e-04, -1.1186451652681e-04, -7.2326031189206e-03,                 -nan,                 -nan, -2.9652406921950e-03, -3.9998448926937e-01,  2.7195808200000e-01,  9.0400028935185e-01,              1244160
  4.6167054113344e+00,  0.0000000000000e+00,  1.0079039647990e+00,  1.6863199568080e-01,  6.0315391179179e-02,  2.2017903152803e-04, -1.0903869371135e-04, -2.1207377454078e-02,                 -nan,                 -nan,  1.0205788021556e-02, -1.6584043433296e+00,  2.7443806100000e-01,  9.0343926826132e-01,              1244160
  4.6166509486096e+00,  0.0000000000000e+00,  1.0107389896927e+00,  1.6862470564600e-01,  4.6954902640955e-02,  1.9426848569759e-04, -6.4251139040114e-07, -2.0917835892045e-02,                 -nan,                 -nan,  7.1548318776695e-03, -1.0473396676946e+00,  2.8649028500000e-01,  9.0183175797325e-01,              1244160
  4.6199913251776e+00,  0.0000000000000e+00,  1.0115031978647e+00,  1.6900524184634e-01,  2.7548166975979e-02,  1.4880181758171e-04, -1.8958676241282e-04, -1.0183418472395e-02,                 -nan,                 -nan, -1.8862215240627e-03, -4.8029993320856e-01,  2.8542986900000e-01,  9.0533693415638e-01,              1244160
  4.6306739604139e+00,  0.0000000000000e+00,  1.0162179453310e+00,  1.6860829192283e-01,  5.0440671401607e-02,  2.0135031439637e-04,  4.3271140127643e-05, -1.6239071315748e-02,                 -nan,                 -nan,  1.2969229391961e-02, -1.0925674197160e+00,  2.7558534300000e-01,  9.0338863168724e-01,              1244160
  4.6415498492381e+00,  0.0000000000000e+00,  1.0134262055460e+00,  1.6880845938068e-01,  4.1435526248828e-02,  1.8249388309806e-04,  6.1560972024046e-05, -1.2716878259716e-02,                 -nan,                 -nan,  7.3046014316187e-03, -8.3972872328186e-01,  2.5777255100000e-01,  9.0435554912551e-01,              1244160
  4.6514491919985e+00,  0.0000000000000e+00,  1.0079940508777e+00,  1.6871625799063e-01,  3.8635909698926e-02,  1.7622091579862e-04,  3.6759815602612e-05, -9.3917314298600e-03,                 -nan,                 -nan,  6.7006845490275e-03, -7.3761559962036e-01,  2.6095209100000e-01,  9.0754726080247e-01,              1244160
  4.6607305355186e+00,  0.0000000000000e+00,  1.0002565279221e+00,  1.6892307523797e-01,  3.1056332200285e-02,  1.5799267945311e-04,  2.9902764304240e-04, -8.8153228205645e-03,                 -nan,                 -nan,  1.7017759978969e-04, -5.6965714610736e-01,  3.6804444900000e-01,  9.0398823302469e-01,              1244160
  4.6608124674131e+00,  0.0000000000000e+00,  9.9579616629592e-01,  1.6872669223320e-01,  3.2630719881492e-02,  1.6194785876401e-04,  3.4032645357652e-04, -1.2465763578337e-02,                 -nan,                 -nan,  4.3318153232947e-04, -6.5254791921470e-01,  2.9603313600000e-01,  9.0510223765432e-01,              1244160
  4.6520257336532e+00,  0.0000000000000e+00,  9.9444762968108e-01,  1.6891178969156e-01,  2.9672885228440e-02,  1.5443359136100e-04,  2.1060858061522e-04, -1.1502634653529e-02,                 -nan,                 -nan, -2.9602471818429e-03, -5.5455270875611e-01,  2.7197054600000e-01,  9.0543258101852e-01,              1244160
  4.6392358118539e+00,  0.0000000000000e+00,  9.9865820905590e-01,  1.6914029812347e-01,  2.6203536242272e-02,  1.4512486708548e-04,  3.9067054395561e-05, -9.4647147838403e-03,                 -nan,                 -nan, -5.3630566612466e-03, -4.5236695153442e-01,  3.1264786600000e-01,  9.0516653806584e-01,              1244160
  4.6279377802819e+00,  0.0000000000000e+00,  1.0096080866195e+00,  1.6850899186733e-01,  3.7193983058756e-02,  1.7290128747510e-04,  8.8294209013807e-05, -1.4391447334340e-02,                 -nan,                 -nan,  5.8244221901698e-03, -7.3586378642746e-01,  3.4057289000000e-01,  9.0457979681070e-01,              1244160
  4.6171994192129e+00,  0.0000000000000e+00,  1.0174726015496e+00,  1.6900224775619e-01,  3.0500153584520e-02,  1.5657156618413e-04, -1.9967144926326e-04, -1.0229642381864e-02,                 -nan,                 -nan,  5.8098571094689e-04, -5.4075276421585e-01,  3.0433350200000e-01,  9.0018004115226e-01,              1244160
  4.6156123893920e+00,  0.0000000000000e+00,  1.0265901989872e+00,  1.6865384513724e-01,  5.5270809728191e-02,  2.1077048568027e-04, -1.0200717682413e-04, -2.1465074310816e-02,                 -nan,                 -nan,  1.1592802504584e-02, -1.4229571804846e+00,  3.1703647200000e-01,  9.0947707690329e-01,              1244160
  4.6208514506324e+00,  0.0000000000000e+00,  1.0305536667110e+00,  1.6881738665239e-01,  4.0068019858267e-02,  1.7945717336539e-04, -6.0785068892145e-05, -1.0663819261825e-02,                 -nan,                 -nan,  8.8468907327410e-03, -8.1522421729537e-01,  2.9666007400000e-01,  9.0324315200617e-01,              1244160
  4.6292153222392e+00,  0.0000000000000e+00,  1.0295897151242e+00,  1.6841893114969e-01,  5.1609698807010e-02,  2.0367022585082e-04,  1.3718030605498e-04, -1.9977705469648e-02,                 -nan,                 -nan,  1.5685230423836e-02, -1.1384650334327e+00,  2.9065851200000e-01,  9.0000723379630e-01,              1244160
  4.6355792553224e+00,  0.0000000000000e+00,  1.0193394487136e+00,  1.6872533605160e-01,  3.5225172659136e-02,  1.6826293033294e-04,  4.7254128482775e-05, -9.7243219740435e-03,                 -nan,                 -nan,  4.9409847916237e-03, -6.9624592813138e-01,  3.1240296200000e-01,  9.0304542824074e-01,              1244160
  4.6413752845877e+00,  0.0000000000000e+00,  1.0087002740854e+00,  1.6862568187384e-01,  3.9154911443972e-02,  1.7740056788874e-04,  2.1354820951358e-04, -1.4939554006620e-02,                 -nan,                 -nan,  6.2248409358646e-03, -7.9026289031307e-01,  2.9127589700000e-01,  9.0582963605967e-01,              1244160
  4.6421270217566e+00,  0.0000000000000e+00,  9.9693911823909e-01,  1.6844380761780e-01,  5.9106489263893e-02,  2.1796133783674e-04,  2.6095674710277e-04, -2.1973880871198e-02,                 -nan,                 -nan,  1.2656600587799e-02, -1.5468958199509e+00,  3.2602385000000e-01,  9.0217817644033e-01,              1244160
  4.6379396238843e+00,  0.0000000000000e+00,  9.8168505533699e-01,  1.6875852998851e-01,  3.3992239711322e-02,  1.6529197659044e-04,  2.8807340583403e-05, -1.0297028774683e-02,                 -nan,                 -nan, -6.3798538399939e-04, -6.9341414142138e-01,  2.6582086900000e-01,  9.0637538580247e-01,              1244160
  4.6348886116561e+00,  0.0000000000000e+00,  9.7182931165129e-01,  1.6848998895102e-01,  3.7797816847568e-02,  1.7429913862222e-04,  1.0303354700673e-04, -1.3526627550805e-02,                 -nan,                 -nan,  1.3336082553369e-03, -8.2497280052074e-01,  2.6671398100000e-01,  9.0355661651235e-01,              1244160
  4.6309830390478e+00,  0.0000000000000e+00,  9.6558936218383e-01,  1.6804447502079e-01,  8.7350077671942e-02,  2.6496806271794e-04,  2.3904426586624e-04, -3.4373574878325e-02,                 -nan,                 -nan,  1.4550698828860e-02, -3.1450734964912e+00,  3.4794641800000e-01,  9.0194830246914e-01,              1244160
  4.6252689378255e+00,  0.0000000000000e+00,  9.6107382367723e-01,  1.6886478913367e-01,  3.0977719842017e-02,  1.5779259067977e-04, -2.4209324182019e-04, -7.7702096186195e-03,                 -nan,                 -nan, -8.3509607989598e-03, -6.8539275276818e-01,  2.7341211100000e-01,  9.0494952417695e-01,              1244160
  4.6292364558115e+00,  0.0000000000000e+00,  9.6814772483270e-01,  1.6848268880894e-01,  5.1063477273449e-02,  2.0258956668778e-04, -1.4697885166398e-05, -2.0271773957184e-02,                 -nan,                 -nan,  2.7215523477685e-03, -1.3882333952366e+00,  3.0865420300000e-01,  9.0202385545267e-01,              1244160
  4.6365636140477e+00,  0.0000000000000e+00,  9.7849654196023e-01,  1.6859443267363e-01,  4.0083392316862e-02,  1.7949159524882e-04, -1.3396333633677e-04, -6.6714036985386e-03,                 -nan,                 -nan,  1.4545110496633e-03, -9.0896340364551e-01,  2.7385207400000e-01,  9.0621222350823e-01,              1244160
  4.6485563763516e+00,  0.0000000000000e+00,  9.9075255998724e-01,  1.6891021380952e-01,  3.6927788917532e-02,  1.7228145663486e-04,  7.8084911775984e-05, -1.5036610473505e-02,                 -nan,                 -nan, -4.4223024810109e-04, -7.9318641380707e-01,  2.6404065500000e-01,  9.0674752443416e-01,              1244160
  4.6592990380554e+00,  0.0000000000000e+00,  1.0059629414855e+00,  1.6859410607857e-01,  3.5988978034924e-02,  1.7007741244521e-04,  3.8578037573682e-04, -1.3607906758140e-02,                 -nan,                 -nan,  4.4239540554806e-03, -7.0809311573748e-01,  2.6994936600000e-01,  9.0571871784979e-01,              1244160
  4.6586743942966e+00,  0.0000000000000e+00,  1.0188669821189e+00,  1.6868926267449e-01,  3.5313661811625e-02,  1.6847414441312e-04,  2.6709221626961e-04, -1.0770516574131e-02,                 -nan,                 -nan,  6.7165622292759e-03, -6.3782704490166e-01,  2.6614724000000e-01,  9.0719200102881e-01,              1244160
  4.6513111453690e+00,  0.0000000000000e+00,  1.0271517154153e+00,  1.6897188801434e-01,  4.6051186912743e-02,  1.9238991233934e-04,  4.6993023795464e-05, -1.0761101320189e-02,                 -nan,                 -nan,  1.0222011459007e-02, -9.6462702778890e-01,  2.6178460400000e-01,  9.0148533950617e-01,              1244160
  4.6448764419207e+00,  0.0000000000000e+00,  1.0294737731424e+00,  1.6888611082059e-01,  4.5040849434133e-02,  1.9026774404585e-04,  1.1775717725088e-04, -1.2651305945126e-02,                 -nan,                 -nan,  9.8907982085303e-03, -9.8030343530026e-01,  2.8538643300000e-01,  9.0515287422840e-01,              1244160
  4.6373138759381e+00,  0.0000000000000e+00,  1.0268193661209e+00,  1.6864232374540e-01,  5.0451615590319e-02,  2.0137215685265e-04,  2.2201935396653e-04, -1.7732418810799e-02,                 -nan,                 -nan,  1.3825293766971e-02, -1.1218674459772e+00,  2.9528911900000e-01,  9.0468750000000e-01,              1244160
  4.6262104479736e+00,  0.0000000000000e+00,  1.0166727914395e+00,  1.6878472764568e-01,  6.1149220344947e-02,  2.2169573835745e-04,  1.3336459955381e-04, -2.6100585755497e-02,                 -nan,                 -nan,  1.2245644893648e-02, -1.6285206109029e+00,  2.6759229600000e-01,  9.0600887345679e-01,              1244160
  4.6160865145691e+00,  0.0000000000000e+00,  1.0036403222920e+00,  1.6927315616550e-01,  2.4140504864037e-02,  1.3929484902186e-04, -2.3121979389287e-04, -8.2741407155918e-03,                 -nan,                 -nan, -8.2023707196953e-03, -4.2141656463977e-01,  2.7157459500000e-01,  9.0513438786008e-01,              1244160
  4.6157804813852e+00,  0.0000000000000e+00,  1.0016974635508e+00,  1.6897552845842e-01,  3.0918332249668e-02,  1.5764126550681e-04, -2.2579182016995e-04, -1.0075113301300e-02,                 -nan,                 -nan, -1.9019593186836e-03, -5.8922276360971e-01,  2.7358166600000e-01,  9.0407664609053e-01,              1244160
  4.6242851260994e+00,  0.0000000000000e+00,  1.0044947470043e+00,  1.6889239904808e-01,  3.4186656793153e-02,  1.6576399263647e-04, -1.2506819365130e-04, -1.0401392905411e-02,                 -nan,                 -nan,  7.0853386371890e-04, -6.5704812647921e-01,  2.7656504700000e-01,  9.0711725180041e-01,              1244160
  4.6375542844955e+00,  0.0000000000000e+00,  1.0094432393920e+00,  1.6874798316911e-01,  3.4378398372019e-02,  1.6622820018012e-04,  2.0254746665725e-05, -1.2424050442525e-02,                 -nan,                 -nan,  3.3645524883659e-03, -6.5512298037296e-01,  2.7334384100000e-01,  9.0295138888889e-01,              1244160
  4.6508720725740e+00,  0.0000000000000e+00,  1.0138295987238e+00,  1.6898143800026e-01,  2.5296833395625e-02,  1.4259193514879e-04,  1.2185687855748e-04, -8.5841789885376e-03,                 -nan,                 -nan, -2.1924988806934e-03, -4.0434491328647e-01,  2.8267210500000e-01,  9.0856883359053e-01,              1244160
  4.6603692150564e+00,  0.0000000000000e+00,  1.0217668879584e+00,  1.6860516811718e-01,  5.1779233763131e-02,  2.0400447419407e-04,  2.9485325661796e-04, -1.6199005039968e-02,                 -nan,                 -nan,  1.7056524179540e-02, -1.0846463746543e+00,  2.8517952000000e-01,  9.0208815586420e-01,              1244160
  4.6620780301447e+00,  0.0000000000000e+00,  1.0179654584599e+00,  1.6887657266899e-01,  3.9463098710969e-02,  1.7809735705063e-04,  2.0455202354181e-04, -1.3610586994664e-02,                 -nan,                 -nan,  5.8841217066968e-03, -8.2318931794063e-01,  2.8304593400000e-01,  9.0196277006173e-01,              1244160
  4.6592659170269e+00,  0.0000000000000e+00,  1.0128790292020e+00,  1.6882427073408e-01,  4.6976482549705e-02,  1.9431312229980e-04,  1.1835159856593e-04, -1.2182417526954e-02,                 -nan,                 -nan,  8.0553922718138e-03, -1.0711361627444e+00,  2.8314710800000e-01,  9.0203108924897e-01,              1244160
  4.6548901306806e+00,  0.0000000000000e+00,  1.0057566489353e+00,  1.6874202947639e-01,  3.0220775991859e-02,  1.5585282852782e-04,  2.8427934139589e-04, -1.0616347161340e-02,                 -nan,                 -nan,  6.1034182466235e-04, -5.4130367649184e-01,  2.8785668900000e-01,  9.0189364711934e-01,              1244160
  4.6436065846907e+00,  0.0000000000000e+00,  1.0012989594419e+00,  1.6876391299371e-01,  3.6906780337119e-02,  1.7223244335970e-04,  1.5400496670541e-04, -1.4203129335116e-02,                 -nan,                 -nan,  2.9977394007616e-03, -7.6642819275017e-01,  3.5589598500000e-01,  9.0442788708848e-01,              1244160
  4.6307755202993e+00,  0.0000000000000e+00,  9.9806070126215e-01,  1.6876426587556e-01,  3.2181724015291e-02,  1.6082980513928e-04,  4.1030012039672e-05, -1.1696568570939e-02,                 -nan,                 -nan, -1.3493281836364e-03, -6.2523066159149e-01,  2.7053519000000e-01,  9.0698784722222e-01,              1244160
  4.6197458530981e+00,  0.0000000000000e+00,  9.9937300312623e-01,  1.6890333590314e-01,  3.1077446200260e-02,  1.5804637688623e-04, -1.2979862963913e-04, -1.0611119231310e-02,                 -nan,                 -nan, -6.0613850708600e-04, -5.8028492948483e-01,  2.8207662200000e-01,  9.0453960905350e-01,              1244160
  4.6156829886099e+00,  0.0000000000000e+00,  1.0038779763501e+00,  1.6909249134211e-01,  3.0274933372158e-02,  1.5599241466535e-04, -2.6438525083435e-04, -9.9229787545225e-03,                 -nan,                 -nan, -1.9583216945785e-03, -5.5431447194596e-01,  2.8368425400000e-01,  9.0642923739712e-01,              1244160
  4.6220060789006e+00,  0.0000000000000e+00,  1.0124174523330e+00,  1.6900962419077e-01,  2.8072968650531e-02,  1.5021249269332e-04, -2.2099933096114e-04, -7.4014388928878e-03,                 -nan,                 -nan, -4.3974960379215e-04, -4.6473536568987e-01,  2.7434260200000e-01,  9.0594698431070e-01,              1244160
  4.6357849730409e+00,  0.0000000000000e+00,  1.0227479623655e+00,  1.6879428100507e-01,  7.8734857055020e-02,  2.5156221173433e-04,  2.3105864772844e-05, -1.2438204810767e-02,                 -nan,                 -nan,  1.2752401394456e-02, -2.9481257788982e+00,  2.8033333400000e-01,  9.0174736368313e-01,              1244160
  4.6494610227858e+00,  0.0000000000000e+00,  1.0339678546143e+00,  1.6866790572838e-01,  7.5215367788368e-02,  2.4587545377737e-04,  2.8788255473449e-04, -2.1939618430037e-02,                 -nan,                 -nan,  2.1590339503318e-02, -2.0178273788332e+00,  2.8101549300000e-01,  9.0336612654321e-01,              1244160
  4.6561362990612e+00,  0.0000000000000e+00,  1.0331174756756e+00,  1.6846408057325e-01,  6.4622029167186e-02,  2.2790412098286e-04,  2.5618388432979e-04, -2.0301903115512e-02,                 -nan,                 -nan,  2.2661075748616e-02, -1.4659912378839e+00,  2.7106343800000e-01,  9.0480324074074e-01,              1244160
  4.6572641616129e+00,  0.0000000000000e+00,  1.0183002033677e+00,  1.6875142177868e-01,  3.7245381871554e-02,  1.7302071341528e-04,  2.4359711388144e-04, -1.2657617336923e-02,                 -nan,                 -nan,  5.1322955500598e-03, -7.6154826484667e-01,  2.9070511800000e-01,  9.0704973636831e-01,              1244160
  4.6525941643160e+00,  0.0000000000000e+00,  1.0037019730288e+00,  1.6903117010418e-01,  2.3771556552865e-02,  1.3822630307230e-04,  8.7446622194105e-05, -7.6134757288231e-03,                 -nan,                 -nan, -5.1044068169477e-03, -3.7508765668959e-01,  2.6911401300000e-01,  9.0905590920782e-01,              1244160
  4.6468167748378e+00,  0.0000000000000e+00,  9.9700502372654e-01,  1.6854478880597e-01,  5.4783600702973e-02,  2.0983946452863e-04,  2.4972672073876e-04, -1.6470487144503e-02,                 -nan,                 -nan,  7.9856678011690e-03, -1.5231553686671e+00,  2.7719374500000e-01,  9.0499533822016e-01,              1244160
  4.6363288285212e+00,  0.0000000000000e+00,  9.9061641752827e-01,  1.6856258582093e-01,  4.0082553604108e-02,  1.7948971738035e-04,  1.0314764324786e-04, -1.4325133916519e-02,                 -nan,                 -nan,  4.1173857014182e-03, -8.9032500033602e-01,  2.7241618400000e-01,  9.0212110982510e-01,              1244160
  4.6258594813616e+00,  0.0000000000000e+00,  9.8515646764758e-01,  1.6824427800877e-01,  7.0432808890159e-02,  2.3793009993305e-04,  1.7252729337118e-04, -2.7930129020918e-02,                 -nan,                 -nan,  1.5102466023567e-02, -2.0245894321834e+00,  2.6472227500000e-01,  9.0721289866255e-01,              1244160
  4.6153609162079e+00,  0.0000000000000e+00,  9.7563205785484e-01,  1.6821611350481e-01,  4.9897598996104e-02,  2.0026345614717e-04,  8.3675438088108e-06, -1.6918585007223e-02,                 -nan,                 -nan,  7.5342933270933e-03, -1.2230098686650e+00,  2.6721516800000e-01,  9.0346418467078e-01,              1244160
  4.6083192215615e+00,  0.0000000000000e+00,  9.6571602132962e-01,  1.6843073987903e-01,  3.1441182003584e-02,  1.5896858736825e-04, -1.9660247221135e-04, -1.1746292572055e-02,                 -nan,                 -nan, -2.1379063030596e-03, -6.0368207748677e-01,  2.7859407000000e-01,  9.0219425154321e-01,              1244160
  4.6101154734444e+00,  0.0000000000000e+00,  9.6157684516573e-01,  1.6851028484126e-01,  3.4418172831144e-02,  1.6632433213828e-04, -2.4723840047296e-04, -1.2777028003741e-02,                 -nan,                 -nan, -4.0423629278055e-03, -7.7658030641604e-01,  2.7778403500000e-01,  9.0341997813786e-01,              1244160
  4.6214934814968e+00,  0.0000000000000e+00,  9.6519648119833e-01,  1.6893789632096e-01,  3.0124554961231e-02,  1.5560451796716e-04, -2.8206596022477e-04, -8.4362674574685e-03,                 -nan,                 -nan, -8.4135996427659e-03, -6.2344744813875e-01,  2.6354513100000e-01,  9.0332192001029e-01,              1244160
  4.6417153674368e+00,  0.0000000000000e+00,  9.7896117221099e-01,  1.6893021036715e-01,  2.4114459115463e-02,  1.3921968452638e-04, -4.0458517313950e-05, -7.3696296826402e-03,                 -nan,                 -nan, -7.9179068973335e-03, -4.0388093653489e-01,  2.7336562000000e-01,  9.0443672839506e-01,              1244160
  4.6623713112999e+00,  0.0000000000000e+00,  1.0002774633143e+00,  1.6843599108341e-01,  4.5970051801041e-02,  1.9222035689944e-04,  3.3819365360927e-04, -1.5875545246033e-02,                 -nan,                 -nan,  7.3800251097053e-03, -1.1031811428234e+00,  2.6901334700000e-01,  9.0418354552469e-01,              1244160
  4.6728369584589e+00,  0.0000000000000e+00,  1.0178204031668e+00,  1.6880875685646e-01,  3.1985493634450e-02,  1.6033871972522e-04,  2.8296438658525e-04, -9.7064939205931e-03,                 -nan,                 -nan,  3.8894478334648e-03, -5.6196768722150e-01,  2.7575793800000e-01,  9.0246511702675e-01,              1244160
  4.6749758380926e+00,  0.0000000000000e+00,  1.0326722723562e+00,  1.6885982531745e-01,  4.9700032029324e-02,  1.9986659651420e-04,  3.7383706938155e-04, -2.0354157366712e-02,                 -nan,                 -nan,  1.1784241166622e-02, -1.1251995955214e+00,  3.0871086300000e-01,  8.9879356352881e-01,              1244160
  4.6685284916134e+00,  0.0000000000000e+00,  1.0404093222696e+00,  1.6907446762969e-01,  4.7894491484231e-02,  1.9620255834543e-04,  3.0383421491692e-04, -1.5487800170211e-02,                 -nan,                 -nan,  1.2719027390778e-02, -1.0348068192030e+00,  2.7066938900000e-01,  9.0919817386831e-01,              1244160
  4.6558060988757e+00,  0.0000000000000e+00,  1.0404889379586e+00,  1.6879282367632e-01,  6.0065414961251e-02,  2.1972229348334e-04,  2.5267027342427e-04, -1.5700236006885e-02,                 -nan,                 -nan,  1.5257840896879e-02, -1.5066701307585e+00,  2.7529982200000e-01,  9.0483056841564e-01,              1244160
  4.6390266183620e+00,  0.0000000000000e+00,  1.0335546625727e+00,  1.6907198905881e-01,  4.2801954349257e-02,  1.8547854588302e-04,  5.6763531432176e-05, -1.2169194144019e-02,                 -nan,                 -nan,  8.4492104840493e-03, -8.7086635778808e-01,  2.7614174700000e-01,  9.0120724022634e-01,              1244160
  4.6240028150189e+00,  0.0000000000000e+00,  1.0235859046155e+00,  1.6881024581492e-01,  3.7519242551873e-02,  1.7365564834259e-04,  2.5335352392149e-05, -1.3282935027710e-02,                 -nan,                 -nan,  6.8775223273969e-03, -7.1515698102595e-01,  2.7105241600000e-01,  9.0491174768519e-01,              1244160
  4.6117074490620e+00,  0.0000000000000e+00,  1.0115912284813e+00,  1.6872726614818e-01,  3.7466300166391e-02,  1.7353308470323e-04, -1.6447696101301e-04, -1.3730031849760e-02,                 -nan,                 -nan,  4.1154560240747e-03, -7.5211756531113e-01,  3.0114441500000e-01,  9.0032793209877e-01,              1244160
  4.6078381600219e+00,  0.0000000000000e+00,  1.0004384428829e+00,  1.6848656393851e-01,  5.5989535455605e-02,  2.1213645875817e-04, -1.9178566252881e-04, -1.4655747946685e-02,                 -nan,                 -nan,  9.0087947250239e-03, -1.4890425465994e+00,  2.7516590500000e-01,  9.0300202546296e-01,              1244160
  4.6124731056981e+00,  0.0000000000000e+00,  9.8894080764884e-01,  1.6874259751048e-01,  2.5706493655904e-02,  1.4374187459117e-04, -2.1204621136928e-04, -8.1115514109265e-03,                 -nan,                 -nan, -5.2969848883335e-03, -4.3610704738445e-01,  2.9014321100000e-01,  9.0613024048354e-01,              1244160
  4.6243130777073e+00,  0.0000000000000e+00,  9.8544798171174e-01,  1.6868474844719e-01,  2.8952156146798e-02,  1.5254653202821e-04, -6.5023009626752e-05, -8.6231196979269e-03,                 -nan,                 -nan, -2.9085315844253e-03, -5.1879281502661e-01,  2.8378492800000e-01,  9.0671537422840e-01,              1244160
  4.6382837675407e+00,  0.0000000000000e+00,  9.8732838393296e-01,  1.6825119404526e-01,  4.8764789544120e-02,  1.9797714626635e-04,  8.5094176090450e-05, -1.2514638826041e-02,                 -nan,                 -nan,  7.6403655669896e-03, -1.2373690292176e+00,  2.6250248500000e-01,  9.0262104552469e-01,              1244160
  4.6502066535002e+00,  0.0000000000000e+00,  9.8769470198559e-01,  1.6860479937345e-01,  3.2262945219733e-02,  1.6103263079889e-04,  1.8980727401076e-04, -1.0586904666644e-02,                 -nan,                 -nan, -1.0317202231026e-03, -6.5360062626107e-01,  2.7172915000000e-01,  9.0638503086420e-01,              1244160
  4.6567586755185e+00,  0.0000000000000e+00,  9.9196619659620e-01,  1.6859510034854e-01,  4.5651739582469e-02,  1.9155370140893e-04,  1.6276969549342e-04, -1.6598222325798e-02,                 -nan,                 -nan,  3.6934138689364e-03, -1.1132958711161e+00,  2.8562911800000e-01,  9.0560297710905e-01,              1244160
  4.6602222229076e+00,  0.0000000000000e+00,  9.9754239191483e-01,  1.6821322504760e-01,  3.8469482667424e-02,  1.7584096389132e-04,  2.6721395405266e-04, -1.1242975800186e-02,                 -nan,                 -nan,  6.1918269607123e-03, -8.0184533541932e-01,  2.8747545000000e-01,  9.0446003729424e-01,              1244160
  4.6568746839802e+00,  0.0000000000000e+00,  1.0005625151137e+00,  1.6880648447393e-01,  3.4811830051456e-02,  1.6727279359495e-04,  1.8600248579273e-04, -1.0296476323930e-02,                 -nan,                 -nan,  3.5953697812886e-03, -6.5452610413434e-01,  2.6931250800000e-01,  9.0669688786008e-01,              1244160
  4.6497375346509e+00,  0.0000000000000e+00,  1.0029904804266e+00,  1.6873544838598e-01,  5.1204481814270e-02,  2.0286908501731e-04,  1.3032588182326e-04, -2.2048628744936e-02,                 -nan,                 -nan,  6.4743466863743e-03, -1.3394815516858e+00,  2.7249713600000e-01,  9.0315072016461e-01,              1244160
  4.6426780961245e+00,  0.0000000000000e+00,  1.0053889334008e+00,  1.6863828867655e-01,  5.4637558016725e-02,  2.0955958177411e-04,  2.2835764631423e-05, -1.4574622551694e-02,                 -nan,                 -nan,  1.1105255571811e-02, -1.3229007023325e+00,  3.0300003500000e-01,  9.0815570344650e-01,              1244160
  4.6378492144250e+00,  0.0000000000000e+00,  1.0033829813889e+00,  1.6797662083969e-01,  1.1655540834347e-01,  3.0607516890614e-04,  3.0853411458672e-04, -4.6200499673944e-02,                 -nan,                 -nan,  2.5283288815460e-02, -4.4512591354335e+00,  2.7255250700000e-01,  9.0323591820988e-01,              1244160
  4.6310990354749e+00,  0.0000000000000e+00,  9.9875985089268e-01,  1.6854111247074e-01,  4.8506951807961e-02,  1.9745306287066e-04, -3.6656662731912e-05, -1.8223232046757e-02,                 -nan,                 -nan,  7.8618032028358e-03, -1.1577406799969e+00,  2.6592467500000e-01,  9.0649434156379e-01,              1244160
  4.6289673073752e+00,  0.0000000000000e+00,  9.9265647553055e-01,  1.6881433159639e-01,  3.8228204018323e-02,  1.7528866371465e-04, -1.1162778425072e-04, -7.8236612423477e-03,                 -nan,                 -nan,  1.1471554095295e-03, -8.3692502507662e-01,  2.6590273500000e-01,  9.0619132587449e-01,              1244160
  4.6317101881801e+00,  0.0000000000000e+00,  9.8998908291463e-01,  1.6882809733606e-01,  2.4218443284208e-02,  1.3951952684177e-04, -1.5400684517138e-04, -7.3752674588173e-03,                 -nan,                 -nan, -6.8645583592893e-03, -4.1414179715886e-01,  2.8341259500000e-01,  9.0373183513374e-01,              1244160
  4.6400727217623e+00,  0.0000000000000e+00,  9.9590213418176e-01,  1.6870689750968e-01,  3.1828241372965e-02,  1.5994409251061e-04,  6.6962326012428e-05, -1.0518368141416e-02,                 -nan,                 -nan, -2.3192300279093e-05, -6.1104650846543e-01,  2.6787866400000e-01,  9.0648710776749e-01,              1244160
  4.6471754493913e+00,  0.0000000000000e+00,  1.0040998547375e+00,  1.6874421889565e-01,  3.6847335247468e-02,  1.7209368160702e-04,  1.3342285030383e-04, -1.1657347494350e-02,                 -nan,                 -nan,  3.5428764656172e-03, -7.4571506271478e-01,  2.6300955900000e-01,  9.0362413194444e-01,              1244160
  4.6512493029705e+00,  0.0000000000000e+00,  1.0116724363459e+00,  1.6863230544560e-01,  3.8514127068816e-02,  1.7594296732037e-04,  8.3871506300648e-05, -1.2291098398218e-02,                 -nan,                 -nan,  6.1629075124797e-03, -7.7606581866390e-01,  2.6394471700000e-01,  9.0300202546296e-01,              1244160
  4.6542281026966e+00,  0.0000000000000e+00,  1.0163678630260e+00,  1.6870532668153e-01,  4.2825611381629e-02,  1.8552979664824e-04,  1.6003680681054e-04, -1.5354573572841e-02,                 -nan,                 -nan,  6.7510374510140e-03, -9.3946077085774e-01,  2.7388970600000e-01,  8.9965599279835e-01,              1244160
  4.6543165064297e+00,  0.0000000000000e+00,  1.0186775899036e+00,  1.6821422634003e-01,  5.4191820849222e-02,  2.0870303009797e-04,  4.2086665681649e-04, -1.8675276752202e-02,                 -nan,                 -nan,  1.8410126079761e-02, -1.1686560125199e+00,  2.5991987300000e-01,  9.0320617926955e-01,              1244160
  4.6442673616491e+00,  0.0000000000000e+00,  1.0090914016095e+00,  1.6916273703151e-01,  2.8354034648125e-02,  1.5096258212722e-04,  4.0846327027272e-05, -9.1125908774249e-03,                 -nan,                 -nan, -2.3342372504579e-03, -5.0318357222645e-01,  2.7077576200000e-01,  9.0733748070988e-01,              1244160
  4.6353438129051e+00,  0.0000000000000e+00,  1.0049534785842e+00,  1.6869821246355e-01,  4.3309750746992e-02,  1.8657554756634e-04, -8.2751111718934e-05, -2.2834688889988e-03,                 -nan,                 -nan,  5.6347097102009e-03, -9.7922229235349e-01,  2.8875417100000e-01,  9.0657391332305e-01,              1244160
  4.6302236465675e+00,  0.0000000000000e+00,  1.0005327362819e+00,  1.6863621611848e-01,  4.5310918107158e-02,  1.9083732210834e-04,  2.8514928903016e-05, -1.5347518118418e-02,                 -nan,                 -nan,  5.7822099138006e-03, -1.0462172077675e+00,  2.7624357000000e-01,  9.0030381944444e-01,              1244160
  4.6271058902255e+00,  0.0000000000000e+00,  9.9602949028175e-01,  1.6866720340350e-01,  4.3011469378761e-02,  1.8593194928681e-04, -5.7294448236985e-05, -1.2351803509524e-02,                 -nan,                 -nan,  3.5309530318621e-03, -1.0090123546744e+00,  2.7424207700000e-01,  9.0326565715021e-01,              1244160
  4.6280096175569e+00,  0.0000000000000e+00,  9.9338059918975e-01,  1.6840894437647e-01,  3.8540742042229e-02,  1.7600374902623e-04,  9.9460662459512e-05, -1.3229470887309e-02,                 -nan,                 -nan,  4.0523684058084e-03, -8.5200664618878e-01,  2.7261001300000e-01,  9.0724183384774e-01,              1244160
  4.6277833441665e+00,  0.0000000000000e+00,  9.9118451181696e-01,  1.6860413690217e-01,  4.3558172010977e-02,  1.8710987365314e-04, -6.0679439953725e-05, -1.2792622424048e-02,                 -nan,                 -nan,  6.7011927222133e-03, -9.5117965362711e-01,  2.7013402200000e-01,  9.0240162037037e-01,              1244160
  4.6314815883413e+00,  0.0000000000000e+00,  9.8737661833509e-01,  1.6877393972110e-01,  3.2095800885819e-02,  1.6061495902883e-04, -1.2995829376982e-04, -1.0459548060671e-02,                 -nan,                 -nan, -3.4088758164533e-03, -6.4358822737495e-01,  2.9055385900000e-01,  9.0208654835391e-01,              1244160
  4.6405083015479e+00,  0.0000000000000e+00,  9.9016803233517e-01,  1.6865070877558e-01,  3.7720692711200e-02,  1.7412122444755e-04,  5.1709429272204e-05, -1.4974871440587e-02,                 -nan,                 -nan,  3.3728005469905e-04, -8.6298568872570e-01,  2.7251604700000e-01,  9.0582400977366e-01,              1244160
  4.6493807173383e+00,  0.0000000000000e+00,  9.9641736599225e-01,  1.6871942073923e-01,  3.8835089395201e-02,  1.7667456769544e-04,  1.6445796516085e-04, -1.5072436333159e-02,                 -nan,                 -nan,  3.1084683065395e-03, -8.5193885155242e-01,  2.7301412100000e-01,  9.0609889403292e-01,              1244160
  4.6545811856208e+00,  0.0000000000000e+00,  1.0031399330840e+00,  1.6865198004370e-01,  3.9875061945773e-02,  1.7902454065727e-04,  2.9052287689510e-04, -1.2878631033512e-02,                 -nan,                 -nan,  6.4066594084495e-03, -7.9303686264747e-01,  2.6900477000000e-01,  9.0415541409465e-01,              1244160
  4.6521625372245e+00,  0.0000000000000e+00,  1.0069003883613e+00,  1.6882222738905e-01,  4.2587105801990e-02,  1.8501244649435e-04,  6.5264027747320e-05, -6.9697983855431e-03,                 -nan,                 -nan,  3.5511774615696e-03, -9.8690775858600e-01,  2.6529709300000e-01,  9.0526057741770e-01,              1244160
  4.6490244780016e+00,  0.0000000000000e+00,  1.0116014243542e+00,  1.6886914246388e-01,  6.1276314494268e-02,  2.2192600789936e-04,  7.2883014788926e-06, -1.3163462841963e-02,                 -nan,                 -nan,  7.4058732141024e-03, -2.0283420002803e+00,  2.7458696800000e-01,  9.0493827160494e-01,              1244160
  4.6480368290627e+00,  0.0000000000000e+00,  1.0184327743719e+00,  1.6866943617897e-01,  4.7870060543290e-02,  1.9615251058000e-04,  2.1669710350362e-04, -1.6681354955639e-02,                 -nan,                 -nan,  8.5029426957198e-03, -1.1343997827332e+00,  2.7147996800000e-01,  9.0630706661523e-01,              1244160
  4.6429463777471e+00,  0.0000000000000e+00,  1.0219054218061e+00,  1.6910270942600e-01,  3.1994074323741e-02,  1.6036022516908e-04,  4.7891884939282e-05, -1.0036866577106e-02,                 -nan,                 -nan,  2.4722603121527e-03, -5.5805793513197e-01,  2.9402579600000e-01,  9.0759066358025e-01,              1244160
  4.6384251767671e+00,  0.0000000000000e+00,  1.0253418215568e+00,  1.6879033748417e-01,  5.6113828924364e-02,  2.1237179344099e-04,  9.3725400824285e-05, -2.3404920100958e-02,                 -nan,                 -nan,  1.1879252876063e-02, -1.4716534637710e+00,  2.7264254600000e-01,  9.0906555426955e-01,              1244160
  4.6350836971330e+00,  0.0000000000000e+00,  1.0241307267799e+00,  1.6888922798737e-01,  4.4873708455432e-02,  1.8991438598191e-04,  1.1601567830800e-04, -1.7079115766343e-02,                 -nan,                 -nan,  8.1766988024645e-03, -9.9468938597738e-01,  2.7787246500000e-01,  9.0559413580247e-01,              1244160
  4.6310960889555e+00,  0.0000000000000e+00,  1.0199829508640e+00,  1.6902232493951e-01,  4.9212651658060e-02,  1.9888419223675e-04, -7.9295851173446e-05, -1.4900300613446e-02,                 -nan,                 -nan,  6.8630026306680e-03, -1.1855215831907e+00,  2.7730553300000e-01,  9.0651122042181e-01,              1244160
  4.6323925890189e+00,  0.0000000000000e+00,  1.0153457528940e+00,  1.6872901344962e-01,  5.0332985864893e-02,  2.0113526867122e-04, -4.4192899703045e-05, -1.4414668237604e-02,                 -nan,                 -nan,  1.1101329784903e-02, -1.1535420035397e+00,  2.6871323700000e-01,  9.0381542566872e-01,              1244160
  4.6372587256042e+00,  0.0000000000000e+00,  1.0060718721536e+00,  1.6876626148498e-01,  4.3563660910318e-02,  1.8712166242735e-04,  6.6303676135555e-05, -1.5116779358696e-02,                 -nan,                 -nan,  3.4594768658854e-03, -1.0689876082047e+00,  2.7231801300000e-01,  9.0256799768519e-01,              1244160
  4.6419455922535e+00,  0.0000000000000e+00,  9.9951367565036e-01,  1.6868085674680e-01,  4.3268658765005e-02,  1.8648701578871e-04,  1.6270874619977e-04, -1.7212460894315e-02,                 -nan,                 -nan,  6.1284249109358e-03, -9.4970678351227e-01,  2.7508968200000e-01,  9.0405494470165e-01,              1244160
  4.6437231590938e+00,  0.0000000000000e+00,  9.9227113319436e-01,  1.6882991250770e-01,  3.4347987517340e-02,  1.6615466184926e-04,  2.0141951592021e-05, -1.1134056660575e-02,                 -nan,                 -nan, -1.5965882234902e-04, -6.7832749199661e-01,  2.8230142500000e-01,  9.0422614454733e-01,              1244160
  4.6464648765624e+00,  0.0000000000000e+00,  9.8916082571829e-01,  1.6842055158882e-01,  4.4825282054432e-02,  1.8981188327915e-04,  2.5716216848750e-04, -1.5414016015700e-02,                 -nan,                 -nan,  6.1670077640687e-03, -1.0372031108752e+00,  2.9303524900000e-01,  9.0393438143004e-01,              1244160
  4.6431668768168e+00,  0.0000000000000e+00,  9.8540833389365e-01,  1.6887726447667e-01,  3.0037706720512e-02,  1.5538005435565e-04, -2.0089891808950e-05, -8.2393294265929e-03,                 -nan,                 -nan, -4.8518798539040e-03, -5.9502080087064e-01,  2.7527711200000e-01,  9.0919335133745e-01,              1244160
  4.6421578266387e+00,  0.0000000000000e+00,  9.8956721764578e-01,  1.6859508307359e-01,  2.3921330006267e-02,  1.3866106895826e-04,  2.3909899352346e-06, -7.4560222923816e-03,                 -nan,                 -nan, -5.3381276726289e-03, -3.9381503190570e-01,  2.8135075600000e-01,  9.0737606095679e-01,              1244160
  4.6423691710894e+00,  0.0000000000000e+00,  1.0003089166000e+00,  1.6883772102754e-01,  4.4214367864731e-02,  1.8851399314492e-04,  7.3905397257472e-05, -1.5484867095208e-02,                 -nan,                 -nan,  2.7622980614387e-03, -1.0548706522545e+00,  2.7606349500000e-01,  9.0487638245885e-01,              1244160
  4.6426732896316e+00,  0.0000000000000e+00,  1.0124092646882e+00,  1.6879334088993e-01,  3.7866582868029e-02,  1.7445761882797e-04,  4.1685377650264e-05, -1.0836467198654e-02,                 -nan,                 -nan,  5.9550064016245e-03, -7.6437140477053e-01,  2.8073592000000e-01,  9.0690988297325e-01,              1244160
  4.6433515098868e+00,  0.0000000000000e+00,  1.0212684495197e+00,  1.6886090616603e-01,  3.4755819994169e-02,  1.6713817369289e-04,  8.4244463112566e-05, -1.1615343161436e-02,                 -nan,                 -nan,  5.8576563683833e-03, -6.1569169342551e-01,  2.9187698900000e-01,  9.0342399691358e-01,              1244160
  4.6431157537840e+00,  0.0000000000000e+00,  1.0265750215955e+00,  1.6887437906565e-01,  4.8096499952014e-02,  1.9661589265980e-04,  1.3014974726591e-04, -1.0899032788020e-02,                 -nan,                 -nan,  9.4423950961113e-03, -1.1306477478058e+00,  2.9526028200000e-01,  9.0845148533951e-01,              1244160
  4.6404477944686e+00,  0.0000000000000e+00,  1.0276968764038e+00,  1.6923327662334e-01,  3.5225112738193e-02,  1.6826278721827e-04, -1.5017817264504e-04, -8.8566535321807e-03,                 -nan,                 -nan,  2.2709731690382e-03, -7.2124140815637e-01,  3.5657290900000e-01,  9.0704250257202e-01,              1244160
  4.6443520972258e+00,  0.0000000000000e+00,  1.0300015295316e+00,  1.6885313700068e-01,  5.0013815607623e-02,  2.0049653754452e-04,  2.3586202946296e-05, -1.2337031836288e-02,                 -nan,                 -nan,  1.1378144342673e-02, -1.1429688632047e+00,  2.8697583900000e-01,  9.0394643775720e-01,              1244160
  4.6491117852184e+00,  0.0000000000000e+00,  1.0265948816100e+00,  1.6924402755252e-01,  3.1240336359771e-02,  1.5846002981978e-04,  5.9995458199525e-05, -1.0952274160707e-02,                 -nan,                 -nan,  1.3436151988951e-03, -5.5383868667737e-01,  3.4143327000000e-01,  9.0290155606996e-01,              1244160
  4.6532357148647e+00,  0.0000000000000e+00,  1.0249044050083e+00,  1.6872985441612e-01,  5.7646789269712e-02,  2.1525311475682e-04,  2.4547353611446e-04, -2.4720981036389e-02,                 -nan,                 -nan,  1.1851449431941e-02, -1.5851545963953e+00,  4.0169920000000e-01,  9.0848524305556e-01,              1244160
  4.6529785085513e+00,  0.0000000000000e+00,  1.0195702280735e+00,  1.6850811462659e-01,  3.8921596158653e-02,  1.7687123317965e-04,  3.6596512883933e-04, -1.5282573752387e-02,                 -nan,                 -nan,  8.6907194222645e-03, -7.5003289237999e-01,  2.7808674200000e-01,  9.0553224665638e-01,              1244160
  4.6433698829698e+00,  0.0000000000000e+00,  1.0099711435089e+00,  1.6891248459749e-01,  3.2043391974795e-02,  1.6048377217652e-04,  5.8902247172940e-05, -9.4052976308323e-03,                 -nan,                 -nan,  2.6294545486592e-03, -5.7315974909647e-01,  3.0466109200000e-01,  9.0340309927984e-01,              1244160
  4.6343153743792e+00,  0.0000000000000e+00,  1.0015408149161e+00,  1.6843149118150e-01,  5.0820561513803e-02,  2.0210711946728e-04,  1.3338715282073e-04, -1.7146810507125e-02,                 -nan,                 -nan,  5.9940511103302e-03, -1.4311133110108e+00,  3.5665469500000e-01,  9.0143791795267e-01,              1244160
  4.6245975806381e+00,  0.0000000000000e+00,  9.9506913199504e-01,  1.6868283635122e-01,  3.8803832526452e-02,  1.7660345410362e-04, -6.4122843060573e-05, -1.3280929864508e-02,                 -nan,                 -nan,  2.8555435135651e-03, -8.0711854888643e-01,  3.1830967600000e-01,  9.0192418981481e-01,              1244160
  4.6200960269520e+00,  0.0000000000000e+00,  9.9038515236418e-01,  1.6839428960141e-01,  3.8250986505504e-02,  1.7534088846625e-04,  2.9802131534804e-05, -1.2096482312130e-02,                 -nan,                 -nan,  5.0776050008801e-03, -7.8961553902840e-01,  2.9647090300000e-01,  9.0204234182099e-01,              1244160
  4.6170365500115e+00,  0.0000000000000e+00,  9.8505267501586e-01,  1.6820505327591e-01,  3.5325041253753e-02,  1.6850128670393e-04, -5.8532157966711e-05, -9.4027263996814e-03,                 -nan,                 -nan,  3.1626746501505e-03, -7.0136602221762e-01,  2.8303264200000e-01,  9.0463927469136e-01,              1244160
  4.6177288246452e+00,  0.0000000000000e+00,  9.8058002181963e-01,  1.6850158023117e-01,  4.9286362069934e-02,  1.9903308027657e-04, -6.4406222932559e-05, -1.4320962372634e-02,                 -nan,                 -nan,  5.4609512890385e-03, -1.1968527844641e+00,  2.8782340600000e-01,  9.0702562371399e-01,              1244160
  4.6227993519663e+00,  0.0000000000000e+00,  9.7706043067961e-01,  1.6863708035257e-01,  3.3607082881552e-02,  1.6435286958854e-04, -2.0466376246267e-05, -1.2548950176860e-02,                 -nan,                 -nan, -1.2851638088573e-03, -6.8138932817253e-01,  2.7357684100000e-01,  9.0534336419753e-01,              1244160
  4.6300959006985e+00,  0.0000000000000e+00,  9.7851454201904e-01,  1.6850550928118e-01,  4.1504606342625e-02,  1.8264594397069e-04, -1.5215187708210e-04, -1.3427195229506e-02,                 -nan,                 -nan,  3.5121897480966e-03, -9.0961634179486e-01,  2.9676011400000e-01,  9.0388213734568e-01,              1244160
  4.6438102259134e+00,  0.0000000000000e+00,  9.8084918867116e-01,  1.6872738280833e-01,  3.6430887107805e-02,  1.7111841781229e-04,  6.1875410283860e-05, -1.1637926369553e-02,                 -nan,                 -nan, -1.5785742218465e-03, -8.0677743348710e-01,  2.7363967300000e-01,  9.0882603523663e-01,              1244160
  4.6560618489296e+00,  0.0000000000000e+00,  9.8848852341511e-01,  1.6866344079783e-01,  3.5924577556793e-02,  1.6992517179183e-04,  2.2095110812679e-04, -1.2486627546732e-02,                 -nan,                 -nan, -3.9797626825219e-04, -7.7157530708411e-01,  2.7480885200000e-01,  9.0149659207819e-01,              1244160
  4.6618961729599e+00,  0.0000000000000e+00,  9.9957202359579e-01,  1.6872375966962e-01,  3.9159795487784e-02,  1.7741163170036e-04,  1.7372060204268e-04, -1.3370074229872e-02,                 -nan,                 -nan,  2.4151211298307e-03, -8.6911525558105e-01,  2.8947454700000e-01,  9.0404610339506e-01,              1244160
  4.6636500967175e+00,  0.0000000000000e+00,  1.0114778250069e+00,  1.6862736468776e-01,  5.7119228749316e-02,  2.1426589539742e-04,  2.3276753250663e-04, -1.6230211534660e-02,                 -nan,                 -nan,  9.6127832565080e-03, -1.5869830484485e+00,  2.8339184300000e-01,  9.0161313657407e-01,              1244160
  4.6602584123063e+00,  0.0000000000000e+00,  1.0205515436128e+00,  1.6885840771088e-01,  3.6464148760424e-02,  1.7119651614146e-04,  2.8693666837346e-04, -1.1683629323363e-02,                 -nan,                 -nan,  4.6860007301295e-03, -7.2870206690872e-01,  2.8405576100000e-01,  9.0436358667695e-01,              1244160
  4.6497452624304e+00,  0.0000000000000e+00,  1.0277000711833e+00,  1.6891419285409e-01,  4.1862439151589e-02,  1.8343159708691e-04,  5.7922812081911e-05, -9.4904656118846e-03,                 -nan,                 -nan,  8.6629626136737e-03, -8.3037657180495e-01,  2.8074169700000e-01,  9.0131896219136e-01,              1244160
  4.6399183322757e+00,  0.0000000000000e+00,  1.0296508164466e+00,  1.6842528072547e-01,  7.9616834459946e-02,  2.5296727110201e-04,  1.9849187688866e-04, -2.9287526386287e-02,                 -nan,                 -nan,  2.4416762860135e-02, -2.1439679493515e+00,  2.7716196700000e-01,  9.0525655864198e-01,              1244160
  4.6293469113883e+00,  0.0000000000000e+00,  1.0179593609437e+00,  1.6859449343678e-01,  4.3806755579191e-02,  1.8764302582342e-04,  1.7319500066152e-05, -1.1597970688880e-02,                 -nan,                 -nan,  8.8263163824641e-03, -9.2949246294692e-01,  2.7798018600000e-01,  9.0387731481481e-01,              1244160
  4.6211502002551e+00,  0.0000000000000e+00,  1.0033310665715e+00,  1.6872584214048e-01,  3.4954460131590e-02,  1.6761511607746e-04, -4.4553271473498e-05, -1.2661313443985e-02,                 -nan,                 -nan,  3.1160163410668e-03, -6.6050116536647e-01,  2.7509103400000e-01,  9.0558207947531e-01,              1244160
  4.6173174832586e+00,  0.0000000000000e+00,  9.9031844886894e-01,  1.6849776711278e-01,  3.4671295397687e-02,  1.6693481370336e-04, -1.1285924946416e-04, -1.1760349206825e-02,                 -nan,                 -nan,  1.5010251545548e-03, -6.7681014238707e-01,  2.8103513100000e-01,  9.0271428112140e-01,              1244160
  4.6195209521376e+00,  0.0000000000000e+00,  9.8043830309863e-01,  1.6857274257739e-01,  3.8478352794682e-02,  1.7586123504809e-04, -1.0563609451594e-04, -1.4989267813107e-02,                 -nan,                 -nan, -1.4712421190329e-03, -8.9633848069245e-01,  2.7170640600000e-01,  9.0223765432099e-01,              1244160
  4.6274409477542e+00,  0.0000000000000e+00,  9.7741160436654e-01,  1.6848597551643e-01,  4.2926244677411e-02,  1.8574765132697e-04, -8.1173823136995e-06, -1.0101402986959e-02,                 -nan,                 -nan,  2.5655300219583e-03, -9.9449333545357e-01,  2.7298571600000e-01,  9.0699909979424e-01,              1244160
  4.6365145587214e+00,  0.0000000000000e+00,  9.7705541603178e-01,  1.6865004237911e-01,  3.5962797930753e-02,  1.7001553996814e-04, -1.1603343845649e-04, -1.2307375878748e-02,                 -nan,                 -nan, -1.2738073849986e-03, -7.7774948795473e-01,  2.7385936000000e-01,  9.0173289609053e-01,              1244160
  4.6505201130967e+00,  0.0000000000000e+00,  9.8182353126083e-01,  1.6834550655501e-01,  5.8695131170481e-02,  2.1720155065736e-04,  2.3522998305487e-04, -2.3452371917451e-02,                 -nan,                 -nan,  7.7926076368456e-03, -1.6600940826211e+00,  2.8001772100000e-01,  9.0731819058642e-01,              1244160
  4.6592490886514e+00,  0.0000000000000e+00,  9.8662622080009e-01,  1.6868474343411e-01,  3.4271180927586e-02,  1.6596878610941e-04,  2.9269846409015e-04, -1.1562812192561e-02,                 -nan,                 -nan,  9.2892435571423e-04, -6.9164832632152e-01,  2.8523707100000e-01,  9.0693721064815e-01,              1244160
  4.6593647208634e+00,  0.0000000000000e+00,  9.9345896157094e-01,  1.6905732914163e-01,  2.7777386059259e-02,  1.4941960023008e-04,  1.6655787161807e-04, -9.3231474537349e-03,                 -nan,                 -nan, -5.7807028750743e-03, -5.3193042939906e-01,  2.7573155900000e-01,  9.0346498842593e-01,              1244160
  4.6555255054283e+00,  0.0000000000000e+00,  1.0079027653596e+00,  1.6829249797587e-01,  6.9344103413693e-02,  2.3608405246248e-04,  4.0361720223977e-04, -1.8948940923802e-02,                 -nan,                 -nan,  1.5110656277013e-02, -2.1005308772990e+00,  2.7404256900000e-01,  9.0620177469136e-01,              1244160
  4.6420097582362e+00,  0.0000000000000e+00,  1.0163637728079e+00,  1.6884301595795e-01,  3.2120927460808e-02,  1.6067781638338e-04,  8.7392174026584e-05, -8.8833753811469e-03,                 -nan,                 -nan,  3.5181796854228e-03, -5.7863481924804e-01,  2.7271491600000e-01,  9.0594216177984e-01,              1244160
  4.6284144482935e+00,  0.0000000000000e+00,  1.0233778810416e+00,  1.6886528337561e-01,  4.0604713523420e-02,  1.8065505076369e-04, -9.5503981844559e-05, -1.2299446791349e-02,                 -nan,                 -nan,  6.1208251036318e-03, -8.4703516768575e-01,  2.8691766900000e-01,  9.0884050282922e-01,              1244160
  4.6213160959308e+00,  0.0000000000000e+00,  1.0278357697895e+00,  1.6839762232624e-01,  5.6922815554525e-02,  2.1389718514928e-04, -1.2880475998945e-04, -1.6400186485807e-02,                 -nan,                 -nan,  1.7388482833471e-02, -1.2958464346845e+00,  2.7112690300000e-01,  9.0724504886831e-01,              1244160
  4.6218225617246e+00,  0.0000000000000e+00,  1.0211013759142e+00,  1.6878003350101e-01,  5.3017318770222e-02,  2.0642902577980e-04, -1.3601279254629e-04, -1.7231260210470e-02,                 -nan,                 -nan,  1.2054047573819e-02, -1.2387255961097e+00,  2.7260954500000e-01,  9.0141702031893e-01,              1244160
  4.6295128117921e+00,  0.0000000000000e+00,  1.0092932615331e+00,  1.6871731078623e-01,  3.4334069355865e-02,  1.6612099464053e-04,  6.6765446824423e-05, -1.2268938808071e-02,                 -nan,                 -nan,  3.6082275804066e-03, -6.3713337341266e-01,  2.6528242500000e-01,  9.0347704475309e-01,              1244160
  4.6362723987753e+00,  0.0000000000000e+00,  9.9822698770739e-01,  1.6856806170351e-01,  3.8427271118914e-02,  1.7574446458701e-04,  3.8603047157940e-05, -1.1232986108089e-02,                 -nan,                 -nan,  5.5310280477433e-03, -7.6018054851484e-01,  2.7559949000000e-01,  9.0189364711934e-01,              1244160
  4.6429437254028e+00,  0.0000000000000e+00,  9.8654290951069e-01,  1.6861718756626e-01,  3.5293088768279e-02,  1.6842506240555e-04,  7.3850007693205e-05, -1.1086147089903e-02,                 -nan,                 -nan, -6.0848044280972e-05, -7.2737890220949e-01,  3.2842053100000e-01,  9.0764612268519e-01,              1244160
  4.6483571087769e+00,  0.0000000000000e+00,  9.7966426152709e-01,  1.6840341434573e-01,  6.6915424832446e-02,  2.3191295117830e-04,  7.5395728490890e-05, -1.9052638625417e-02,                 -nan,                 -nan,  1.1383280023910e-02, -1.9564522241150e+00,  2.7062975300000e-01,  9.0577819573045e-01,              1244160
  4.6538923297780e+00,  0.0000000000000e+00,  9.7187875250643e-01,  1.6877685124669e-01,  4.4003003544007e-02,  1.8806286303094e-04,  1.4962172879494e-04, -1.7255481655814e-02,                 -nan,                 -nan, -8.7576281597649e-04, -1.1410107024674e+00,  2.7181190900000e-01,  9.0878022119342e-01,              1244160
  4.6567982659264e+00,  0.0000000000000e+00,  9.7137734519788e-01,  1.6836273244136e-01,  4.1429393391379e-02,  1.8248037717104e-04,  3.5548320265972e-04, -1.5669416439363e-02,                 -nan,                 -nan,  2.1860719564887e-03, -9.7253685757427e-01,  2.7050774900000e-01,  9.0166618441358e-01,              1244160
  4.6503252771479e+00,  0.0000000000000e+00,  9.7357122600979e-01,  1.6877001565168e-01,  3.2822482509236e-02,  1.6242302532809e-04,  4.0957486855421e-05, -1.1746280975943e-02,                 -nan,                 -nan, -6.1455144271581e-03, -7.4421960272176e-01,  2.6737920900000e-01,  9.0409834747942e-01,              1244160
  4.6450704064203e+00,  0.0000000000000e+00,  9.8522849609753e-01,  1.6855151737189e-01,  7.0133651326595e-02,  2.3742426797520e-04,  8.3671876340432e-05, -1.8234645973024e-02,                 -nan,                 -nan,  7.7924508657103e-03, -2.3130680303497e+00,  2.8545088500000e-01,  9.0588509516461e-01,              1244160
  4.6405775270159e+00,  0.0000000000000e+00,  9.9944095911979e-01,  1.6881953283748e-01,  3.4359206286047e-02,  1.6618179442195e-04,  4.0874148759456e-05, -9.5033703109292e-03,                 -nan,                 -nan,  2.7446789741517e-03, -6.5668489031613e-01,  2.6402041000000e-01,  9.0071855709877e-01,              1244160
  4.6367441733525e+00,  0.0000000000000e+00,  1.0127904131920e+00,  1.6863246583964e-01,  5.1195175508862e-02,  2.0285064866772e-04,  6.1157590378360e-05, -1.1061706914858e-02,                 -nan,                 -nan,  1.0197134853111e-02, -1.2163015481902e+00,  2.7502916300000e-01,  9.0241126543210e-01,              1244160
  4.6330935743924e+00,  0.0000000000000e+00,  1.0207543084809e+00,  1.6898170352417e-01,  4.7330406018030e-02,  1.9504373177869e-04, -5.0332128111389e-05, -1.6066279297948e-02,                 -nan,                 -nan,  7.2599209695017e-03, -1.0926050215207e+00,  2.6342645600000e-01,  9.0257603523663e-01,              1244160
  4.6341242251185e+00,  0.0000000000000e+00,  1.0261595520465e+00,  1.6945507472074e-01,  2.2915406093272e-02,  1.3571431584424e-04, -1.8488482848724e-04, -6.9965743102173e-03,                 -nan,                 -nan, -4.5491729580972e-03, -3.4355370415948e-01,  2.6984910500000e-01,  9.0282519933128e-01,              1244160
  4.6422983781431e+00,  0.0000000000000e+00,  1.0372046368187e+00,  1.6879193882075e-01,  3.8476274240141e-02,  1.7585648507728e-04,  1.6982489816677e-04, -9.6051356390041e-03,                 -nan,                 -nan,  1.0747745016880e-02, -7.0681942485373e-01,  2.8117285500000e-01,  9.0191936728395e-01,              1244160
  4.6456420694379e+00,  0.0000000000000e+00,  1.0400187492805e+00,  1.6911584455536e-01,  4.7196112197164e-02,  1.9476682971396e-04,  2.1332871119630e-04, -1.6296661326964e-02,                 -nan,                 -nan,  1.2789032771298e-02, -9.5201048767085e-01,  2.8344539900000e-01,  9.0619293338477e-01,              1244160
  4.6443006587793e+00,  0.0000000000000e+00,  1.0346604961540e+00,  1.6893110073829e-01,  3.4696290895738e-02,  1.6699497682958e-04,  1.4338614143136e-04, -1.1313620297403e-02,                 -nan,                 -nan,  5.9529860785199e-03, -6.4122441430272e-01,  2.6664847800000e-01,  9.0655462319959e-01,              1244160
  4.6402217154762e+00,  0.0000000000000e+00,  1.0271299099829e+00,  1.6897466250793e-01,  4.9748893619826e-02,  1.9996481979809e-04,  2.1213222217804e-05, -1.8576609408699e-02,                 -nan,                 -nan,  9.5896815021673e-03, -1.1414971120228e+00,  2.7777404900000e-01,  9.0558850951646e-01,              1244160
  4.6389177484928e+00,  0.0000000000000e+00,  1.0165258005802e+00,  1.6872380295421e-01,  4.6129720374127e-02,  1.9255388867407e-04,  1.0435972101066e-04, -1.7414004503256e-02,                 -nan,                 -nan,  7.2101120648952e-03, -1.0790908758669e+00,  2.9301440500000e-01,  9.0669286908436e-01,              1244160
  4.6371680806567e+00,  0.0000000000000e+00,  1.0051754830874e+00,  1.6872159442563e-01,  3.0167397035211e-02,  1.5571512626953e-04, -4.4510239512189e-05, -8.6567387735835e-03,                 -nan,                 -nan,  7.6120641718695e-04, -5.3239039126928e-01,  2.6758929200000e-01,  9.0866849922840e-01,              1244160
  4.6385082046210e+00,  0.0000000000000e+00,  9.9681923770267e-01,  1.6861837801995e-01,  4.8033327010583e-02,  1.9648672644678e-04,  7.9333120719284e-05, -1.9810203125165e-02,                 -nan,                 -nan,  5.3473142491689e-03, -1.2533960338969e+00,  2.8135753500000e-01,  9.0588670267490e-01,              1244160
  4.6403732673708e+00,  0.0000000000000e+00,  9.9019365523826e-01,  1.6875079199130e-01,  3.7801222314137e-02,  1.7430699035242e-04, -3.6529049010544e-05, -9.6469177209086e-03,                 -nan,                 -nan, -1.0399670096093e-03, -8.6696248274376e-01,  2.8674683900000e-01,  9.0249485596708e-01,              1244160
  4.6448802780521e+00,  0.0000000000000e+00,  9.8955027288288e-01,  1.6817799479000e-01,  5.2111959221263e-02,  2.0465887542377e-04,  2.8892681655086e-04, -2.1307017030489e-02,                 -nan,                 -nan,  1.2114313509148e-02, -1.2146280457226e+00,  2.6505666800000e-01,  9.0222881301440e-01,              1244160
  4.6428575209847e+00,  0.0000000000000e+00,  9.8299966468907e-01,  1.6873595244305e-01,  3.2072469692793e-02,  1.6055657101913e-04,  3.5992260400918e-05, -9.1629509958592e-03,                 -nan,                 -nan, -2.6871904606431e-03, -6.3549804018853e-01,  2.7962968700000e-01,  9.0467785493827e-01,              1244160
  4.6413611335438e+00,  0.0000000000000e+00,  9.8290178947881e-01,  1.6838040566954e-01,  4.3906971291981e-02,  1.8785753653989e-04,  2.2753394290374e-04, -1.3775428782912e-02,                 -nan,                 -nan,  6.3920483362580e-03, -1.0067674755342e+00,  2.6617512600000e-01,  9.0758584104938e-01,              1244160
  4.6347206772697e+00,  0.0000000000000e+00,  9.8146924537168e-01,  1.6848917599127e-01,  4.6197529380424e-02,  1.9269536029995e-04,  6.4303937360831e-05, -1.7087879887367e-02,                 -nan,                 -nan,  5.4003111524890e-03, -1.0854814545165e+00,  2.9318791200000e-01,  9.0954619984568e-01,              1244160
  4.6294389087065e+00,  0.0000000000000e+00,  9.8020418253813e-01,  1.6848705979249e-01,  3.8090166914396e-02,  1.7497190515771e-04,  1.3316742697594e-05, -1.2214617041669e-02,                 -nan,                 -nan, -7.4533012095984e-04, -8.8329802527322e-01,  2.7591217600000e-01,  9.0597350823045e-01,              1244160
  4.6262762523394e+00,  0.0000000000000e+00,  9.8418462781823e-01,  1.6860183336430e-01,  3.6207033169816e-02,  1.7059187894038e-04, -6.6470924762762e-05, -1.3854083358938e-02,                 -nan,                 -nan, -4.8375735759608e-04, -7.6447811521786e-01,  2.7213584800000e-01,  9.0234937628601e-01,              1244160
  4.6279773124231e+00,  0.0000000000000e+00,  9.9204168740920e-01,  1.6871369458692e-01,  4.2793381954275e-02,  1.8545997108895e-04, -1.5718473267320e-04, -7.9715078891584e-03,                 -nan,                 -nan,  3.0329710226162e-03, -9.8344377245112e-01,  2.7595078800000e-01,  9.0637860082305e-01,              1244160
  4.6360985635641e+00,  0.0000000000000e+00,  1.0009982823035e+00,  1.6873285807191e-01,  4.6963141280013e-02,  1.9428552798331e-04,  4.8995676516729e-05, -1.4346913307230e-02,                 -nan,                 -nan,  6.0977490193832e-03, -1.1177105263524e+00,  2.6921118400000e-01,  9.0277456275720e-01,              1244160
  4.6441844647942e+00,  0.0000000000000e+00,  1.0085682557398e+00,  1.6895686754870e-01,  4.3092212622406e-02,  1.8610638775447e-04, -1.0937062417407e-05, -1.4159052876344e-02,                 -nan,                 -nan,  2.9613554754674e-03, -1.0513880703002e+00,  2.6993680100000e-01,  9.0573479295267e-01,              1244160
  4.6542159296042e+00,  0.0000000000000e+00,  1.0176820792604e+00,  1.6881034985066e-01,  4.8092858064949e-02,  1.9660844860013e-04,  1.4911979735678e-04, -1.6148545546037e-02,                 -nan,                 -nan,  9.2727193583465e-03, -1.0979742978269e+00,  2.8365180800000e-01,  9.0659802597737e-01,              1244160
  4.6609594329585e+00,  0.0000000000000e+00,  1.0221147739771e+00,  1.6917454504543e-01,  3.0272859298790e-02,  1.5598707121421e-04,  1.2424739030459e-04, -1.0907582546072e-02,                 -nan,                 -nan,  2.0483494587743e-03, -5.0864789311774e-01,  2.6465451600000e-01,  9.0148533950617e-01,              1244160
  4.6646904550220e+00,  0.0000000000000e+00,  1.0266072248393e+00,  1.6900602495528e-01,  4.5320366897500e-02,  1.9085721894475e-04,  1.2603558089193e-04, -1.3079286016024e-02,                 -nan,                 -nan,  8.2291892711718e-03, -1.0229442818890e+00,  2.7656811000000e-01,  9.1022215792181e-01,              1244160
  4.6660083969297e+00,  0.0000000000000e+00,  1.0275358501018e+00,  1.6910671030992e-01,  3.8743108806731e-02,  1.7646521753376e-04,  3.3584797111959e-04, -1.5771425778601e-02,                 -nan,                 -nan,  5.0186686328279e-03, -8.0418166747573e-01,  2.6140764400000e-01,  9.0600083590535e-01,              1244160
  4.6585550290405e+00,  0.0000000000000e+00,  1.0273719174121e+00,  1.6896861154819e-01,  4.2985089245093e-02,  1.8587492191648e-04,  2.3865216403510e-04, -1.7153506767234e-02,                 -nan,                 -nan,  6.1773974341936e-03, -9.8819125601657e-01,  2.7111903000000e-01,  9.0252137988683e-01,              1244160
  4.6467114346736e+00,  0.0000000000000e+00,  1.0259809592739e+00,  1.6888243982799e-01,  7.0143275106976e-02,  2.3744055716442e-04,  2.3153639416948e-04, -2.7987324314516e-02,                 -nan,                 -nan,  1.7390024744582e-02, -1.8613515946854e+00,  2.7330869900000e-01,  9.0553465792181e-01,              1244160
  4.6329578989850e+00,  0.0000000000000e+00,  1.0166323523748e+00,  1.6918687782490e-01,  3.7329443677876e-02,  1.7321585487472e-04,  1.5899813175954e-05, -1.3257924803325e-02,                 -nan,                 -nan,  3.3619139527785e-03, -7.2175027002660e-01,  2.6970880300000e-01,  9.0303899819959e-01,              1244160
  4.6222559863789e+00,  0.0000000000000e+00,  1.0084498532433e+00,  1.6920012190574e-01,  2.8030983427474e-02,  1.5010012365796e-04, -1.9223092953873e-04, -9.0626511456137e-03,                 -nan,                 -nan, -4.7894313846792e-03, -5.1061724433145e-01,  2.7214733600000e-01,  8.9889081790123e-01,              1244160
  4.6206335925017e+00,  0.0000000000000e+00,  1.0084585524969e+00,  1.6868492132097e-01,  3.8101871755827e-02,  1.7499878691302e-04, -2.2659093850079e-04, -9.5642609455733e-03,                 -nan,                 -nan,  3.1987342242032e-03, -8.1012783352298e-01,  3.0462179300000e-01,  9.0315554269547e-01,              1244160
  4.6283555196677e+00,  0.0000000000000e+00,  1.0093214950202e+00,  1.6896825134971e-01,  5.0919226874910e-02,  2.0230321433652e-04, -7.1491702275229e-05, -1.2710587699667e-02,                 -nan,                 -nan,  4.6190519479033e-03, -1.4840003998626e+00,  2.9399897500000e-01,  9.0593894675926e-01,              1244160
  4.6398247475715e+00,  0.0000000000000e+00,  1.0129144022971e+00,  1.6833876052468e-01,  6.5990327618925e-02,  2.3030428845362e-04,  1.6505705357675e-04, -1.2207906022674e-02,                 -nan,                 -nan,  1.6913442330799e-02, -1.8121260224055e+00,  3.2294665600000e-01,  9.0868055555556e-01,              1244160
  4.6466747592670e+00,  0.0000000000000e+00,  1.0082687048937e+00,  1.6884320653569e-01,  4.4456584075127e-02,  1.8902964882927e-04,  1.3553980901191e-04, -1.4326066663074e-02,                 -nan,                 -nan,  6.3042053267001e-03, -1.0044766140100e+00,  2.8546544300000e-01,  9.0624196244856e-01,              1244160
  4.6507063758575e+00,  0.0000000000000e+00,  1.0027930020762e+00,  1.6854907423945e-01,  4.3393996106251e-02,  1.8675692113157e-04,  1.0129142207341e-04, -7.5146713383712e-03,                 -nan,                 -nan,  6.3674741829052e-03, -9.8610569100109e-01,  2.7749236400000e-01,  9.0318045910494e-01,              1244160
  4.6522004084630e+00,  0.0000000000000e+00,  9.9641080831005e-01,  1.6823066685241e-01,  7.3143203492996e-02,  2.4246489654905e-04,  3.5435800669833e-04, -2.5139443922783e-02,                 -nan,                 -nan,  1.6433758558997e-02, -2.1172934094061e+00,  2.6949344300000e-01,  9.0481851208848e-01,              1244160
  4.6458812841978e+00,  0.0000000000000e+00,  9.8479425800512e-01,  1.6849186359612e-01,  4.1346102630067e-02,  1.8229685316711e-04, -1.3195178350826e-04, -5.2500883930241e-03,                 -nan,                 -nan,  3.7725087546192e-03, -9.0490129890770e-01,  2.6336390600000e-01,  9.0578462577160e-01,              1244160
  4.6456876447285e+00,  0.0000000000000e+00,  9.7993554505090e-01,  1.6832098879975e-01,  5.0902930428645e-02,  2.0227083867521e-04,  2.6587022859162e-04, -2.0847943660769e-02,                 -nan,                 -nan,  5.2887061911241e-03, -1.3435540663879e+00,  2.9152138400000e-01,  9.0945859053498e-01,              1244160
  4.6428076241023e+00,  0.0000000000000e+00,  9.7627574224059e-01,  1.6872566527236e-01,  3.2412080943444e-02,  1.6140438899579e-04,  3.7382981704497e-05, -9.4518209769759e-03,                 -nan,                 -nan, -2.7697567131858e-03, -6.4095397771408e-01,  2.6929893100000e-01,  9.0655381944444e-01,              1244160
  4.6403762929433e+00,  0.0000000000000e+00,  9.7599550978346e-01,  1.6857464185373e-01,  3.6123644595449e-02,  1.7039532025502e-04,  9.0131976982551e-05, -1.0865159861087e-02,                 -nan,                 -nan, -2.5039684631705e-03, -8.2874235767583e-01,  2.8338667200000e-01,  9.0155848122428e-01,              1244160
  4.6375824905296e+00,  0.0000000000000e+00,  9.7908855452864e-01,  1.6882833345328e-01,  3.3660272793361e-02,  1.6448287876620e-04, -1.0143156811776e-04, -9.8126875025302e-03,                 -nan,                 -nan, -3.7807942394546e-03, -7.1485813287701e-01,  2.8518032500000e-01,  9.0112364969136e-01,              1244160
  4.6375968373542e+00,  0.0000000000000e+00,  9.8555842716051e-01,  1.6877632555298e-01,  2.9054185205080e-02,  1.5281508699820e-04,  5.1556579113916e-05, -1.0202447772481e-02,                 -nan,                 -nan, -3.9039968508588e-03, -5.6301763093671e-01,  2.7070035900000e-01,  9.0406700102881e-01,              1244160
  4.6376006105256e+00,  0.0000000000000e+00,  9.9474014690195e-01,  1.6884860143075e-01,  3.4961572439592e-02,  1.6763216783124e-04, -2.6932799539629e-06, -1.2772447966903e-02,                 -nan,                 -nan, -3.1101772544462e-03, -7.7014759619638e-01,  2.8050755100000e-01,  9.0577819573045e-01,              1244160
  4.6387261284599e+00,  0.0000000000000e+00,  1.0064717443421e+00,  1.6893923666589e-01,  2.9379078378324e-02,  1.5366712522047e-04, -8.5529594175021e-05, -9.1303298062561e-03,                 -nan,                 -nan, -8.4313449767456e-04, -5.2370844378900e-01,  2.6043243400000e-01,  9.0746045524691e-01,              1244160
  4.6419521174912e+00,  0.0000000000000e+00,  1.0187743158816e+00,  1.6834710670997e-01,  9.3022957722313e-02,  2.7343679485846e-04,  1.7673133800331e-04, -3.3171823753310e-02,                 -nan,                 -nan,  2.3499050773534e-02, -3.1294048295711e+00,  3.3113668800000e-01,  8.9980629501029e-01,              1244160
  4.6446772428849e+00,  0.0000000000000e+00,  1.0258942742020e+00,  1.6876606942529e-01,  3.7576543612517e-02,  1.7378820507600e-04,  1.4406023888038e-04, -1.3463213384246e-02,                 -nan,                 -nan,  5.3034192693019e-03, -7.7153915327729e-01,  2.7674316300000e-01,  9.0940072016461e-01,              1244160
  4.6458345851372e+00,  0.0000000000000e+00,  1.0315899924452e+00,  1.6868815511338e-01,  6.5340464149196e-02,  2.2916748061934e-04,  3.7831516347044e-04, -2.9074301533319e-02,                 -nan,                 -nan,  1.5047731671562e-02, -1.9208360492602e+00,  2.6469407200000e-01,  9.0690425668724e-01,              1244160
  4.6429424217713e+00,  0.0000000000000e+00,  1.0339918122490e+00,  1.6906306326718e-01,  5.3892081619752e-02,  2.0812505333217e-04,  6.1398862213612e-05, -1.6880023895582e-02,                 -nan,                 -nan,  1.2100756856576e-02, -1.2963888289717e+00,  2.8359941400000e-01,  9.0104407793210e-01,              1244160
  4.6407235643120e+00,  0.0000000000000e+00,  1.0333435821616e+00,  1.6925640003556e-01,  3.5557621295038e-02,  1.6905508281463e-04, -8.7106355349888e-05, -8.1831182160563e-03,                 -nan,                 -nan,  3.7481635482719e-03, -6.7842816938238e-01,  3.0876248600000e-01,  9.0712528935185e-01,              1244160
  4.6408909699370e+00,  0.0000000000000e+00,  1.0325807854066e+00,  1.6921864719646e-01,  3.9495545864926e-02,  1.7817055917104e-04, -1.8775452339216e-05, -1.1812370078570e-02,                 -nan,                 -nan,  4.8895303428074e-03, -7.9919261549082e-01,  3.0047525400000e-01,  9.0054574974280e-01,              1244160
  4.6423601186626e+00,  0.0000000000000e+00,  1.0314447026446e+00,  1.6908448692205e-01,  3.5859748563734e-02,  1.6977178025758e-04,  7.8579362472171e-05, -1.1529676034094e-02,                 -nan,                 -nan,  6.1176010158987e-03, -6.6548979083715e-01,  3.2275465300000e-01,  9.0343042695473e-01,              1244160
  4.6433296212017e+00,  0.0000000000000e+00,  1.0290192445631e+00,  1.6900637503781e-01,  3.6145386101031e-02,  1.7044658990945e-04,  2.3434913988089e-06, -1.2734257294535e-02,                 -nan,                 -nan,  6.3595896529870e-03, -6.7430699098883e-01,  2.7671953700000e-01,  9.0753600823045e-01,              1244160
  4.6452456678582e+00,  0.0000000000000e+00,  1.0253308681110e+00,  1.6887057651310e-01,  7.1547119021186e-02,  2.3980484764494e-04,  9.3010147527719e-05, -2.4948661313386e-02,                 -nan,                 -nan,  1.4832122414395e-02, -2.2310656265414e+00,  3.0210328900000e-01,  9.0314348636831e-01,              1244160
  4.6475133502702e+00,  0.0000000000000e+00,  1.0201577189622e+00,  1.6893781227056e-01,  5.8108490736929e-02,  2.1611339232402e-04,  1.0184834806938e-04, -1.8629901905990e-02,                 -nan,                 -nan,  1.2310378127324e-02, -1.4540551048170e+00,  3.4304755000000e-01,  9.0449540252058e-01,              1244160
  4.6494096617861e+00,  0.0000000000000e+00,  1.0129651806884e+00,  1.6865148382188e-01,  4.4650332677801e-02,  1.8944111109409e-04,  1.6790801660337e-04, -1.2296449788813e-02,                 -nan,                 -nan,  6.4561941819790e-03, -1.0487903710366e+00,  2.6971746700000e-01,  9.0769113297325e-01,              1244160
  4.6493012115675e+00,  0.0000000000000e+00,  1.0058694541369e+00,  1.6873023466143e-01,  3.9599253037444e-02,  1.7840432542040e-04,  1.0941813720600e-04, -1.0890089051903e-02,                 -nan,                 -nan,  3.6822208767388e-03, -8.4721182818992e-01,  2.8213526100000e-01,  9.0436278292181e-01,              1244160
  4.6482637142873e+00,  0.0000000000000e+00,  9.9975149420634e-01,  1.6879856823759e-01,  4.0491408846149e-02,  1.8040282189931e-04,  1.5813365606651e-04, -1.3618943357146e-02,                 -nan,                 -nan,  2.9973533710263e-03, -8.9816677495468e-01,  2.7798176800000e-01,  9.0270543981481e-01,              1244160
  4.6457878369873e+00,  0.0000000000000e+00,  9.9499184388354e-01,  1.6896786103738e-01,  4.0167945769128e-02,  1.7968080876146e-04, -9.8078532469164e-05, -1.0871942023253e-02,                 -nan,                 -nan, -2.9724446254359e-04, -9.8427108865591e-01,  2.8113337600000e-01,  9.0445039223251e-01,              1244160
  4.6461685568208e+00,  0.0000000000000e+00,  9.9334900774485e-01,  1.6884150331626e-01,  4.7237860673576e-02,  1.9485295355600e-04,  1.3042783197797e-04, -1.8122154813214e-02,                 -nan,                 -nan,  3.8895297573484e-03, -1.2427740157879e+00,  2.7590132900000e-01,  9.0514081790123e-01,              1244160
  4.6458292521112e+00,  0.0000000000000e+00,  9.9304584711279e-01,  1.6862904915718e-01,  5.5540614132690e-02,  2.1128429736234e-04,  7.0493946139083e-05, -1.1986467982526e-02,                 -nan,                 -nan,  7.5404763868336e-03, -1.4713824297933e+00,  2.7353216300000e-01,  9.0102478780864e-01,              1244160
  4.6453419561556e+00,  0.0000000000000e+00,  9.9267934751543e-01,  1.6869818717352e-01,  4.9164764288775e-02,  1.9878740453628e-04,  1.4556146998646e-04, -1.6782125334067e-02,                 -nan,                 -nan,  5.1665838332091e-03, -1.2963234588032e+00,  3.2243885900000e-01,  9.0619936342593e-01,              1244160
  4.6438424607752e+00,  0.0000000000000e+00,  9.9301745561051e-01,  1.6873745009595e-01,  3.9690477307431e-02,  1.7860970103824e-04,  1.1272907951431e-04, -1.0996090341133e-02,                 -nan,                 -nan,  2.2004987993771e-03, -9.1611930861568e-01,  3.0660891600000e-01,  9.0221193415638e-01,              1244160
  4.6414961864449e+00,  0.0000000000000e+00,  9.9453379584498e-01,  1.6829100444166e-01,  1.0862824945883e-01,  2.9548352625794e-04,  3.1560249740478e-04, -4.2860569588921e-02,                 -nan,                 -nan,  2.2635368534410e-02, -3.9848243425321e+00,  3.2840142600000e-01,  9.0465936856996e-01,              1244160
  4.6376361712879e+00,  0.0000000000000e+00,  9.9451828419585e-01,  1.6857784150549e-01,  5.8735949317920e-02,  2.1727706138462e-04,  5.5202395314526e-05, -1.6360564861541e-02,                 -nan,                 -nan,  7.5705725545692e-03, -1.7500673606224e+00,  2.7847744100000e-01,  9.0584651491770e-01,              1244160
  4.6346155180686e+00,  0.0000000000000e+00,  9.9510664498880e-01,  1.6873375197262e-01,  3.2540905604302e-02,  1.6172482886356e-04,  2.2859899704554e-05, -9.6299576639238e-03,                 -nan,                 -nan, -4.2190451315172e-04, -6.3938221317724e-01,  2.8254742900000e-01,  9.0498328189300e-01,              1244160
  4.6323297244891e+00,  0.0000000000000e+00,  9.9748573626179e-01,  1.6844190372866e-01,  4.7236345425144e-02,  1.9484982838272e-04, -8.6431773625419e-05, -1.2587724106863e-02,                 -nan,                 -nan,  7.9100241799341e-03, -1.0744153247364e+00,  2.8206464200000e-01,  9.0768309542181e-01,              1244160
  4.6328565640083e+00,  0.0000000000000e+00,  9.9833118437625e-01,  1.6857105213743e-01,  6.8936916567922e-02,  2.3538989210507e-04,  8.2589084462628e-05, -1.8866576273887e-02,                 -nan,                 -nan,  7.9120796648990e-03, -2.3683181695583e+00,  2.6621979700000e-01,  9.0553546167695e-01,              1244160
  4.6335350627091e+00,  0.0000000000000e+00,  1.0011043467923e+00,  1.6882941224969e-01,  4.0283848126118e-02,  1.7993985148601e-04, -3.3595313315302e-05, -1.3928644566429e-02,                 -nan,                 -nan,  3.8142070437682e-03, -8.5108763842658e-01,  2.7688092400000e-01,  8.9946791409465e-01,              1244160
  4.6359367685220e+00,  0.0000000000000e+00,  1.0038308893373e+00,  1.6866947890816e-01,  3.0674376234838e-02,  1.5701811261365e-04,  7.6095503144870e-05, -1.1241637847016e-02,                 -nan,                 -nan,  1.2263658322223e-04, -5.7528888792270e-01,  2.7134578200000e-01,  9.0654899691358e-01,              1244160
  4.6377565467007e+00,  0.0000000000000e+00,  1.0077017886881e+00,  1.6867708989615e-01,  6.2567902454482e-02,  2.2425269998183e-04,  6.7142553825995e-05, -2.5687428528764e-02,                 -nan,                 -nan,  1.1178772016869e-02, -1.8395335246507e+00,  2.6658139200000e-01,  9.1036201131687e-01,              1244160
  4.6404631774403e+00,  0.0000000000000e+00,  1.0101719625938e+00,  1.6867622974853e-01,  5.0892695554308e-02,  2.0225050270760e-04,  1.3856706901316e-04, -1.5921130526615e-02,                 -nan,                 -nan,  9.7764875095342e-03, -1.1664037083114e+00,  2.7070417700000e-01,  9.0504838605967e-01,              1244160
  4.6418753483997e+00,  0.0000000000000e+00,  1.0103668059255e+00,  1.6857278283748e-01,  8.6922843119413e-02,  2.6431928096754e-04,  1.6056051102631e-04, -3.0948190076994e-02,                 -nan,                 -nan,  1.6531547580994e-02, -2.9783739184756e+00,  2.7375491900000e-01,  9.0699990354938e-01,              1244160
  4.6430469549535e+00,  0.0000000000000e+00,  1.0096974160529e+00,  1.6876179756864e-01,  3.2451198358690e-02,  1.6150175729951e-04, -1.6142618233786e-06, -9.5441043057540e-03,                 -nan,                 -nan,  3.6048678985747e-03, -5.7623990347251e-01,  2.8444717200000e-01,  9.0636975951646e-01,              1244160
  4.6449655060741e+00,  0.0000000000000e+00,  1.0087203418366e+00,  1.6897566062488e-01,  3.8236406776351e-02,  1.7530746885352e-04, -1.5510001163107e-05, -7.6007600356444e-03,                 -nan,                 -nan,  2.3196714834927e-03, -8.3601650563046e-01,  2.8385907000000e-01,  9.0559011702675e-01,              1244160
  4.6476317421633e+00,  0.0000000000000e+00,  1.0088015210430e+00,  1.6870955596699e-01,  3.6060920224909e-02,  1.7024732047622e-04,  1.1017823452622e-04, -1.0730252285578e-02,                 -nan,                 -nan,  4.2162302599552e-03, -7.0312976352419e-01,  2.7446319300000e-01,  9.0319974922840e-01,              1244160
  4.6490437347248e+00,  0.0000000000000e+00,  1.0085118774020e+00,  1.6849007027324e-01,  5.7745722004988e-02,  2.1543774299645e-04,  1.6588857625296e-04, -1.5069206155206e-02,                 -nan,                 -nan,  1.3647465700641e-02, -1.4241316098757e+00,  2.6878767600000e-01,  9.0712448559671e-01,              1244160
  4.6487266104606e+00,  0.0000000000000e+00,  1.0048762060071e+00,  1.6844795287197e-01,  4.0087152316425e-02,  1.7950001360434e-04,  1.1072377792738e-04, -1.2839783563564e-02,                 -nan,                 -nan,  6.8776523408693e-03, -8.3032659532232e-01,  2.8068182600000e-01,  9.0486914866255e-01,              1244160
  4.6476228655214e+00,  0.0000000000000e+00,  1.0001887825419e+00,  1.6827678805788e-01,  1.0604445954962e-01,  2.9194824859759e-04,  2.7665724616982e-04, -4.4316763484121e-02,                 -nan,                 -nan,  2.1759204147213e-02, -3.9731211035887e+00,  2.7009137800000e-01,  9.0253584747942e-01,              1244160
  4.6456584341792e+00,  0.0000000000000e+00,  9.9498203196913e-01,  1.6812368273706e-01,  6.1731170003793e-02,  2.2274816595815e-04,  3.2285600183761e-04, -2.4234596356053e-02,                 -nan,                 -nan,  1.3834243557700e-02, -1.6753677173191e+00,  2.8262838700000e-01,  9.0947225437243e-01,              1244160
  4.6403490212834e+00,  0.0000000000000e+00,  9.8746979230309e-01,  1.6866715889939e-01,  3.7670642282062e-02,  1.7400566804915e-04,  1.2069267093647e-04, -1.3733156939815e-02,                 -nan,                 -nan,  5.9637239609267e-04, -8.2194421139483e-01,  2.9040642700000e-01,  9.0351160622428e-01,              1244160
  4.6346476859305e+00,  0.0000000000000e+00,  9.8252566030583e-01,  1.6827984118827e-01,  4.5407056680244e-02,  1.9103966965565e-04,  1.4149763117026e-04, -1.8013433423127e-02,                 -nan,                 -nan,  3.9348075282089e-03, -1.1562209389356e+00,  2.6896303800000e-01,  9.0695087448560e-01,              1244160
  4.6286022326559e+00,  0.0000000000000e+00,  9.7902847793363e-01,  1.6861896499481e-01,  3.0079908320236e-02,  1.5548916696808e-04,  1.4248064747887e-05, -1.0585197725321e-02,                 -nan,                 -nan, -2.8188196934131e-03, -5.6921635452168e-01,  2.6838184500000e-01,  9.0639467592593e-01,              1244160
  4.6238355485243e+00,  0.0000000000000e+00,  9.7882381583869e-01,  1.6854614945657e-01,  3.3982561053173e-02,  1.6526844300683e-04,  3.5676533032894e-05, -1.1840329792613e-02,                 -nan,                 -nan,  3.0398376641894e-05, -6.8848405574863e-01,  2.6427949800000e-01,  9.0848765432099e-01,              1244160
  4.6199544220052e+00,  0.0000000000000e+00,  9.8041219829644e-01,  1.6885509743622e-01,  2.6184470760501e-02,  1.4507206163673e-04, -1.9831671922497e-04, -1.0002533178665e-02,                 -nan,                 -nan, -7.1029683186127e-03, -4.9181144784860e-01,  2.7016239700000e-01,  9.0579668209877e-01,              1244160
  4.6208498615866e+00,  0.0000000000000e+00,  9.8677782738438e-01,  1.6879219771829e-01,  2.4203643415659e-02,  1.3947689019932e-04, -2.6457072351403e-04, -4.9328972950939e-03,                 -nan,                 -nan, -5.9919823058750e-03, -3.9868095500704e-01,  2.7864197400000e-01,  9.0419560185185e-01,              1244160
  4.6267212667934e+00,  0.0000000000000e+00,  9.9660622988212e-01,  1.6823957161979e-01,  4.8710082211371e-02,  1.9786606364826e-04,  8.4488401729053e-05, -1.6005801623425e-02,                 -nan,                 -nan,  1.0090714641092e-02, -1.1198546175854e+00,  2.6679607100000e-01,  9.0151347093621e-01,              1244160
  4.6319362111073e+00,  0.0000000000000e+00,  1.0031382475547e+00,  1.6839000337050e-01,  4.6375041495048e-02,  1.9306521736549e-04,  1.8058869597560e-04, -1.9173411821953e-02,                 -nan,                 -nan,  8.7152532907411e-03, -1.0790516550408e+00,  2.7420932900000e-01,  9.0214441872428e-01,              1244160
  4.6351456216319e+00,  0.0000000000000e+00,  1.0073091027079e+00,  1.6858336524736e-01,  3.1080124910153e-02,  1.5805318811628e-04,  7.4470629606335e-05, -1.0351613975483e-02,                 -nan,                 -nan,  3.4536772558131e-03, -5.4076032666787e-01,  2.6761137600000e-01,  9.0449861754115e-01,              1244160
  4.6376389710011e+00,  0.0000000000000e+00,  1.0106814679193e+00,  1.6892661323382e-01,  3.3881134528460e-02,  1.6502162331925e-04, -5.5264392315611e-05, -1.1008704363752e-02,                 -nan,                 -nan, -4.1831297364583e-04, -6.7220165325279e-01,  2.7835284500000e-01,  9.0725308641975e-01,              1244160
  4.6418278968773e+00,  0.0000000000000e+00,  1.0156733779995e+00,  1.6873203497028e-01,  5.2665695234170e-02,  2.0574334365547e-04,  1.6298364838418e-04, -1.7995833015308e-02,                 -nan,                 -nan,  9.5624663498818e-03, -1.3004901659180e+00,  2.7548675900000e-01,  9.0630465534979e-01,              1244160
  4.6443148070840e+00,  0.0000000000000e+00,  1.0185862913082e+00,  1.6866715456137e-01,  5.7403069973012e-02,  2.1479760886493e-04,  1.7045279140017e-04, -2.0046330175849e-02,                 -nan,                 -nan,  1.2765952195340e-02, -1.4718624044851e+00,  3.0168205100000e-01,  9.0434510030864e-01,              1244160
  4.6453156011102e+00,  0.0000000000000e+00,  1.0184086775855e+00,  1.6882179195393e-01,  3.1028618835066e-02,  1.5792217070735e-04,  1.4245414187842e-04, -9.8755674093894e-03,                 -nan,                 -nan,  2.9327012090472e-03, -5.4429450196640e-01,  2.7642778800000e-01,  8.9989631558642e-01,              1244160
  4.6445716750374e+00,  0.0000000000000e+00,  1.0181390567086e+00,  1.6860651947903e-01,  4.5963507112002e-02,  1.9220667334686e-04,  1.3979474308970e-04, -1.4279296539826e-02,                 -nan,                 -nan,  1.0236252105520e-02, -9.9727624064780e-01,  2.6975898000000e-01,  9.0373263888889e-01,              1244160
  4.6426905223062e+00,  0.0000000000000e+00,  1.0151757784858e+00,  1.6873955854494e-01,  5.2770414042215e-02,  2.0594778886693e-04,  5.4574780579631e-05, -1.5518305030033e-02,                 -nan,                 -nan,  1.0457371359347e-02, -1.2935849351590e+00,  2.7266982400000e-01,  9.0485387731481e-01,              1244160
  4.6414028309139e+00,  0.0000000000000e+00,  1.0104388432018e+00,  1.6865536686973e-01,  5.9424984830252e-02,  2.1854779166442e-04,  1.6050133990342e-04, -2.1531184957418e-02,                 -nan,                 -nan,  1.0950713489443e-02, -1.6026530977972e+00,  2.7682832100000e-01,  9.0453559027778e-01,              1244160
  4.6393039401399e+00,  0.0000000000000e+00,  1.0046464434900e+00,  1.6884057951341e-01,  3.8144387396713e-02,  1.7509639512592e-04, -1.2927440902372e-04, -6.9649993687823e-03,                 -nan,                 -nan,  3.5059836329087e-03, -7.8177951064189e-01,  2.6623465200000e-01,  9.0584008487654e-01,              1244160
  4.6403280405243e+00,  0.0000000000000e+00,  9.9963416445879e-01,  1.6852352952464e-01,  4.7474318970118e-02,  1.9534003194863e-04,  1.0103881429430e-05, -1.0560581088547e-02,                 -nan,                 -nan,  5.7276569825955e-03, -1.1776783637213e+00,  2.9001273800000e-01,  8.9727928883745e-01,              1244160
  4.6420099614310e+00,  0.0000000000000e+00,  9.9519935190177e-01,  1.6876831335773e-01,  2.7520624543500e-02,  1.4872741355862e-04,  7.7293143591635e-05, -9.6531805431469e-03,                 -nan,                 -nan, -1.8901049786391e-03, -4.6487438877034e-01,  2.6450979900000e-01,  9.0213798868313e-01,              1244160
  4.6430093997028e+00,  0.0000000000000e+00,  9.9340212388815e-01,  1.6898352518871e-01,  2.6169515284486e-02,  1.4503062616825e-04, -1.0521430185531e-05, -7.3160752097618e-03,                 -nan,                 -nan, -4.3807644610969e-03, -4.4188632520566e-01,  2.7995368200000e-01,  8.9999517746914e-01,              1244160
  4.6447498523539e+00,  0.0000000000000e+00,  9.9521526742509e-01,  1.6848289567877e-01,  5.5109117758459e-02,  2.1046196065199e-04,  1.6016637792554e-04, -2.4062537855732e-02,                 -nan,                 -nan,  6.5264213002731e-03, -1.6326779136986e+00,  2.9036193300000e-01,  9.0171842849794e-01,              1244160
  4.6456071184036e+00,  0.0000000000000e+00,  9.9770227834976e-01,  1.6866341207415e-01,  4.4854990478906e-02,  1.8987477276607e-04,  5.4682842164300e-05, -1.2015408439412e-02,                 -nan,                 -nan,  3.5020772265526e-03, -1.1374551641643e+00,  2.7201599900000e-01,  9.0251334233539e-01,              1244160
  4.6464763837400e+00,  0.0000000000000e+00,  1.0010833998811e+00,  1.6848502769458e-01,  3.8173306145286e-02,  1.7516275625548e-04,  2.5151616742843e-04, -1.3197388529854e-02,                 -nan,                 -nan,  5.3963669973897e-03, -8.0817045500505e-01,  2.7569849800000e-01,  9.0093074845679e-01,              1244160
  4.6439441750426e+00,  0.0000000000000e+00,  1.0034228308613e+00,  1.6884167906775e-01,  3.5213517058929e-02,  1.6823508990578e-04, -6.8338685056951e-05, -7.5256077411356e-03,                 -nan,                 -nan,  2.7907565030417e-03, -6.7390597380900e-01,  2.8103792600000e-01,  9.0946903935185e-01,              1244160
  4.6435574973487e+00,  0.0000000000000e+00,  1.0058345667646e+00,  1.6827171869493e-01,  1.1334553884421e-01,  3.0183117781173e-04,  1.3850009350858e-04, -3.6018306091097e-02,                 -nan,                 -nan,  2.4181645519249e-02, -4.3735872973875e+00,  2.8279907200000e-01,  9.0412567515432e-01,              1244160
  4.6439534209538e+00,  0.0000000000000e+00,  1.0067956242038e+00,  1.6863890038858e-01,  3.7446297435641e-02,  1.7348675508200e-04,  3.3491006352622e-05, -1.2466336720345e-02,                 -nan,                 -nan,  3.4914879721347e-03, -7.8689125213708e-01,  2.7498860900000e-01,  9.0376720036008e-01,              1244160
  4.6448273345078e+00,  0.0000000000000e+00,  1.0078944284273e+00,  1.6875417889728e-01,  4.2256213352989e-02,  1.8429229188932e-04,  1.2020676404956e-04, -1.5887511688804e-02,                 -nan,                 -nan,  5.0996264162907e-03, -9.7738728271923e-01,  2.7119445100000e-01,  9.0698061342593e-01,              1244160
  4.6448830691180e+00,  0.0000000000000e+00,  1.0087731601382e+00,  1.6873856367108e-01,  4.2734854381731e-02,  1.8533310292232e-04,  1.0429914693996e-04, -1.2344352666577e-02,                 -nan,                 -nan,  5.7473573876546e-03, -9.9355711191303e-01,  2.8563683900000e-01,  9.0494630915638e-01,              1244160
  4.6441677632090e+00,  0.0000000000000e+00,  1.0091548593985e+00,  1.6880790826408e-01,  3.7885911222103e-02,  1.7450213761195e-04,  1.8873820605323e-04, -1.4234176740190e-02,                 -nan,                 -nan,  1.5204617405931e-03, -8.6649419531275e-01,  2.8131244700000e-01,  9.0197161136831e-01,              1244160
  4.6414088614003e+00,  0.0000000000000e+00,  1.0109806850863e+00,  1.6867616078670e-01,  3.5619233660360e-02,  1.6920148427548e-04,  1.9467728616015e-04, -1.2571197945791e-02,                 -nan,                 -nan,  5.1962579713869e-03, -6.6198589800335e-01,  2.9041053400000e-01,  9.0366190843621e-01,              1244160
  4.6365538322790e+00,  0.0000000000000e+00,  1.0116307092964e+00,  1.6856867902280e-01,  5.2309586294817e-02,  2.0504657779805e-04,  1.2448633228399e-04, -1.6428265566978e-02,                 -nan,                 -nan,  1.2395023113193e-02, -1.2769123434456e+00,  2.7625790100000e-01,  9.0973025977366e-01,              1244160
  4.6314149823864e+00,  0.0000000000000e+00,  1.0090464314703e+00,  1.6878790663276e-01,  4.2015814744907e-02,  1.8376731818240e-04,  1.2766978413394e-04, -1.6175088219940e-02,                 -nan,                 -nan,  5.8144826408610e-03, -8.9711750555427e-01,  2.8138830800000e-01,  9.0596466692387e-01,              1244160
  4.6259391263753e+00,  0.0000000000000e+00,  1.0060155082227e+00,  1.6900219359565e-01,  3.8744207772476e-02,  1.7646772027373e-04, -1.7122781926352e-04, -1.0471870950602e-02,                 -nan,                 -nan,  1.1614032398744e-03, -8.4821762249761e-01,  2.7497853500000e-01,  9.0307757844650e-01,              1244160
  4.6250473311941e+00,  0.0000000000000e+00,  1.0049126779478e+00,  1.6799895562802e-01,  1.1750652092371e-01,  3.0732144515123e-04,  1.4581377583241e-04, -3.7368774737750e-02,                 -nan,                 -nan,  2.8242533966879e-02, -4.3221959397431e+00,  2.7327810900000e-01,  8.9878391846708e-01,              1244160
  4.6249830386095e+00,  0.0000000000000e+00,  1.0004224622198e+00,  1.6882794444425e-01,  3.9073769736261e-02,  1.7721665672921e-04, -3.6717817023313e-05, -1.3253387521291e-02,                 -nan,                 -nan,  3.7075280024220e-03, -8.2350012402264e-01,  2.7360592300000e-01,  9.0256156764403e-01,              1244160
  4.6267825758126e+00,  0.0000000000000e+00,  9.9659153821026e-01,  1.6855075875804e-01,  6.0292646636903e-02,  2.2013751357224e-04,  5.3654963828141e-05, -2.4188376896344e-02,                 -nan,                 -nan,  6.8503809145905e-03, -1.9148695900747e+00,  2.5954583900000e-01,  9.0298273533951e-01,              1244160
  4.6296191963164e+00,  0.0000000000000e+00,  9.9458117029139e-01,  1.6887775593318e-01,  3.2063399987662e-02,  1.6053386768925e-04, -6.4531748974989e-05, -1.4468547087100e-02,                 -nan,                 -nan, -4.6755686704225e-03, -7.4565853252376e-01,  2.7129462600000e-01,  9.0598877957819e-01,              1244160
  4.6346440141516e+00,  0.0000000000000e+00,  9.9720895563223e-01,  1.6873524519525e-01,  3.3957863613744e-02,  1.6520837617964e-04,  7.5362306781977e-05, -1.1667988718855e-02,                 -nan,                 -nan,  8.2646432775619e-04, -6.5274829165560e-01,  2.8981301400000e-01,  9.0603539737654e-01,              1244160
  4.6388655269172e+00,  0.0000000000000e+00,  1.0008632735568e+00,  1.6869875007153e-01,  4.6494510813018e-02,  1.9331374042022e-04,  3.3540790876959e-05, -1.6088092666371e-02,                 -nan,                 -nan,  4.3731231486159e-03, -1.2932215655242e+00,  2.8331135700000e-01,  9.0548482510288e-01,              1244160
  4.6435196557054e+00,  0.0000000000000e+00,  1.0052625629131e+00,  1.6868736922739e-01,  5.3210638834989e-02,  2.0680504026957e-04,  1.0983414153565e-04, -1.5084949924557e-02,                 -nan,                 -nan,  8.2837698188671e-03, -1.3451480794240e+00,  3.0803045300000e-01,  9.0598234953704e-01,              1244160
  4.6470904191362e+00,  0.0000000000000e+00,  1.0084028568316e+00,  1.6852210872847e-01,  7.5753354683142e-02,  2.4675321376697e-04,  2.0591208697517e-04, -2.1182795625163e-02,                 -nan,                 -nan,  1.6219921990317e-02, -2.2556850651556e+00,  2.7793618500000e-01,  9.0855436599794e-01,              1244160
  4.6484912898466e+00,  0.0000000000000e+00,  1.0086136523938e+00,  1.6905259109645e-01,  4.0312257016812e-02,  1.8000328870562e-04, -6.7815313011650e-05, -1.3103900823414e-02,                 -nan,                 -nan,  1.9498353036078e-03, -9.4032690691182e-01,  2.8496524400000e-01,  9.0482092335391e-01,              1244160
  4.6521727860460e+00,  0.0000000000000e+00,  1.0102613330370e+00,  1.6846844593594e-01,  4.2925416476831e-02,  1.8574585945051e-04,  2.2885678203824e-04, -1.0384650570982e-02,                 -nan,                 -nan,  1.0573246389349e-02, -8.7246683147120e-01,  2.9637761900000e-01,  9.0460712448560e-01,              1244160
  4.6522739403926e+00,  0.0000000000000e+00,  1.0084560757918e+00,  1.6874780741816e-01,  3.2116972536174e-02,  1.6066792426217e-04,  4.1266824137474e-05, -8.5282654978003e-03,                 -nan,                 -nan,  1.6382174355805e-03, -5.8110726049391e-01,  2.9196471300000e-01,  9.0391026877572e-01,              1244160
  4.6523900883525e+00,  0.0000000000000e+00,  1.0075005550119e+00,  1.6901042829565e-01,  2.9202343314712e-02,  1.5320422206002e-04,  2.0628676961668e-04, -8.9061424915088e-03,                 -nan,                 -nan, -1.2749933712642e-03, -5.2071305841399e-01,  2.9015138100000e-01,  9.0294897762346e-01,              1244160
  4.6495581460116e+00,  0.0000000000000e+00,  1.0086964901847e+00,  1.6868662320899e-01,  3.6163374618210e-02,  1.7048899781210e-04,  1.5090866162166e-04, -1.1684964187503e-02,                 -nan,                 -nan,  3.6744191609526e-03, -7.4043942647920e-01,  2.7906576400000e-01,  9.0359278549383e-01,              1244160
  4.6453268957161e+00,  0.0000000000000e+00,  1.0097892587793e+00,  1.6873636565086e-01,  3.5202765479632e-02,  1.6820940472649e-04,  2.2177031441343e-04, -1.3350080451418e-02,                 -nan,                 -nan,  3.8243377987579e-03, -6.6392960449865e-01,  2.7769510500000e-01,  9.0532327031893e-01,              1244160
  4.6387050031153e+00,  0.0000000000000e+00,  1.0105058561742e+00,  1.6833735915323e-01,  4.4840735373193e-02,  1.8984459886555e-04,  1.5419907437438e-04, -1.5108688447201e-02,                 -nan,                 -nan,  1.1105252132541e-02, -9.3860348528900e-01,  2.9241199300000e-01,  9.0260898919753e-01,              1244160
  4.6313091021192e+00,  0.0000000000000e+00,  1.0077442968197e+00,  1.6824938263627e-01,  8.1858637271825e-02,  2.5650399761164e-04,  2.2259494325389e-04, -3.1389784706055e-02,                 -nan,                 -nan,  2.1010580792082e-02, -2.4812516242649e+00,  2.7862679800000e-01,  9.0597833076132e-01,              1244160
  4.6234499560667e+00,  0.0000000000000e+00,  1.0007143760870e+00,  1.6877442578115e-01,  3.3395646516315e-02,  1.6383504715351e-04, -4.6562884823332e-05, -1.1751223745811e-02,                 -nan,                 -nan,  3.3317564945287e-05, -6.7871387459904e-01,  2.7409241800000e-01,  9.0773373199588e-01,              1244160
  4.6182904580840e+00,  0.0000000000000e+00,  9.9616224439887e-01,  1.6850227363273e-01,  6.0127216638800e-02,  2.1983530123667e-04, -1.1561907609140e-05, -2.3793629266431e-02,                 -nan,                 -nan,  1.0329868368221e-02, -1.8163330827530e+00,  2.6962718800000e-01,  9.0101835776749e-01,              1244160
  4.6160239862445e+00,  0.0000000000000e+00,  9.9139744568142e-01,  1.6858722076673e-01,  4.3241136659719e-02,  1.8642769650478e-04, -2.0507480117598e-05, -1.8089681911197e-02,                 -nan,                 -nan,  2.6933594853273e-03, -1.0261710082355e+00,  2.6476214000000e-01,  9.0667840149177e-01,              1244160
  4.6160053439444e+00,  0.0000000000000e+00,  9.8839852330397e-01,  1.6845762059311e-01,  3.1575876117223e-02,  1.5930873440136e-04, -2.1413773847837e-04, -9.3104975266347e-03,                 -nan,                 -nan, -1.4559007408578e-05, -5.9627081342396e-01,  2.8849998300000e-01,  9.0566727752058e-01,              1244160
  4.6207210408526e+00,  0.0000000000000e+00,  9.8728920834847e-01,  1.6850621169745e-01,  4.0255697010291e-02,  1.7987696781037e-04, -5.0696763408823e-05, -1.4089292470164e-02,                 -nan,                 -nan,  2.6701264943002e-03, -8.7812279591516e-01,  2.7046946500000e-01,  9.0534336419753e-01,              1244160
  4.6271665543497e+00,  0.0000000000000e+00,  9.8720506691347e-01,  1.6862742949265e-01,  3.3564650836336e-02,  1.6424908148107e-04,  2.2285743476384e-05, -1.1311732576817e-02,                 -nan,                 -nan, -2.9000720940049e-03, -7.4579166606317e-01,  2.6949493800000e-01,  9.0441663451646e-01,              1244160
  4.6335991102999e+00,  0.0000000000000e+00,  9.9065180643417e-01,  1.6863606266877e-01,  3.1440824026763e-02,  1.5896768238905e-04,  7.4758632604683e-05, -1.2690477166785e-02,                 -nan,                 -nan, -9.7882139359983e-04, -6.0677750577547e-01,  2.6923026800000e-01,  9.0613667052469e-01,              1244160
  4.6391912593269e+00,  0.0000000000000e+00,  9.9588820878658e-01,  1.6867930184959e-01,  3.1216157281165e-02,  1.5839869630675e-04,  1.4808126171124e-05, -1.0670204682797e-02,                 -nan,                 -nan,  9.2251774550238e-04, -5.7761586634625e-01,  2.7917082800000e-01,  9.0403163580247e-01,              1244160
  4.6449342259014e+00,  0.0000000000000e+00,  1.0016530430500e+00,  1.6851821894173e-01,  4.6692461282953e-02,  1.9372482015408e-04,  1.7755005621867e-04, -1.6867059982698e-02,                 -nan,                 -nan,  9.0288866978730e-03, -1.0740429600947e+00,  2.7294467000000e-01,  9.0298996913580e-01,              1244160
  4.6484056014996e+00,  0.0000000000000e+00,  1.0048960329600e+00,  1.6889546195220e-01,  3.6514407947705e-02,  1.7131445712281e-04,  1.7165514989677e-04, -1.3095168671725e-02,                 -nan,                 -nan,  2.4268546072161e-03, -7.4310080650009e-01,  2.7000082700000e-01,  9.0638744212963e-01,              1244160
  4.6495923947922e+00,  0.0000000000000e+00,  1.0085060588473e+00,  1.6876949415570e-01,  4.1870451492367e-02,  1.8344915036590e-04,  2.1752102227893e-04, -1.6208653104057e-02,                 -nan,                 -nan,  5.6497646972484e-03, -9.1892446243971e-01,  2.8129571200000e-01,  9.0639387217078e-01,              1244160
  4.6481677731681e+00,  0.0000000000000e+00,  1.0111962280661e+00,  1.6880826891740e-01,  3.2444561309994e-02,  1.6148524096275e-04,  7.9730910880220e-05, -9.4305875640906e-03,                 -nan,                 -nan,  2.4476560661499e-03, -6.0164307797840e-01,  2.8568948300000e-01,  9.0587303883745e-01,              1244160
  4.6462879083114e+00,  0.0000000000000e+00,  1.0139208085690e+00,  1.6859579830825e-01,  6.2102834257192e-02,  2.2341770854890e-04,  2.6055775232592e-04, -2.3801023660870e-02,                 -nan,                 -nan,  1.2671996603270e-02, -1.8308140266934e+00,  2.8902827700000e-01,  9.0691470550412e-01,              1244160
  4.6420073787771e+00,  0.0000000000000e+00,  1.0144916833319e+00,  1.6847736327982e-01,  5.9854461774597e-02,  2.1933611545902e-04,  1.5947542067646e-04, -1.7873221147343e-02,                 -nan,                 -nan,  1.7155839762049e-02, -1.3950271451002e+00,  2.7807267500000e-01,  9.0613506301440e-01,              1244160
  4.6368669951325e+00,  0.0000000000000e+00,  1.0095841479949e+00,  1.6877580493394e-01,  3.4356149345019e-02,  1.6617440165447e-04,  1.1740784037519e-06, -9.9149345067370e-03,                 -nan,                 -nan,  1.8778190526357e-03, -6.7502463321800e-01,  2.7246179200000e-01,  9.0264515817901e-01,              1244160
  4.6331219147201e+00,  0.0000000000000e+00,  1.0059593924970e+00,  1.6851647152673e-01,  4.6065737371509e-02,  1.9242030395990e-04,  1.0773063235308e-04, -1.5108015329106e-02,                 -nan,                 -nan,  8.2185110382527e-03, -1.0380051832735e+00,  2.7516337400000e-01,  9.0704330632716e-01,              1244160
  4.6291555863837e+00,  0.0000000000000e+00,  1.0010788384411e+00,  1.6874946809319e-01,  4.0305676598764e-02,  1.7998859658318e-04, -1.1560230238813e-04, -1.0786374741184e-02,                 -nan,                 -nan,  3.9403809146118e-03, -8.4932110231839e-01,  2.8384699500000e-01,  9.0417309670782e-01,              1244160
  4.6286987555165e+00,  0.0000000000000e+00,  9.9684338697513e-01,  1.6828817055351e-01,  4.5395369921605e-02,  1.9101508340905e-04,  9.9008186629505e-05, -1.6186791203016e-02,                 -nan,                 -nan,  9.3532677760607e-03, -1.0071021259386e+00,  2.6969873500000e-01,  9.0367557227366e-01,              1244160
  4.6279549650472e+00,  0.0000000000000e+00,  9.9072355818904e-01,  1.6820575398178e-01,  7.6235874098836e-02,  2.4753782734521e-04,  1.1604899940529e-05, -7.4955846362364e-03,                 -nan,                 -nan,  1.6832562165280e-02, -2.2646893318350e+00,  2.7125138300000e-01,  9.0645335005144e-01,              1244160
  4.6277605859794e+00,  0.0000000000000e+00,  9.8227691252991e-01,  1.6848794535622e-01,  3.6272136215560e-02,  1.7074517875571e-04, -3.8247018316967e-05, -1.2315827563799e-02,                 -nan,                 -nan,  1.6361627127673e-04, -7.8928704472363e-01,  2.8819331000000e-01,  9.0715100951646e-01,              1244160
  4.6294233092159e+00,  0.0000000000000e+00,  9.7669214453732e-01,  1.6856199499904e-01,  3.1820182333314e-02,  1.5992384198257e-04, -1.3375626012142e-06, -1.0871406808422e-02,                 -nan,                 -nan, -4.9266136543219e-03, -6.9505489961116e-01,  2.6699014700000e-01,  9.0816052597737e-01,              1244160
  4.6319481990444e+00,  0.0000000000000e+00,  9.7615667297683e-01,  1.6866031534157e-01,  3.3534995292750e-02,  1.6417650554104e-04, -3.9300595530940e-05, -1.1545685902438e-02,                 -nan,                 -nan, -3.1122975200524e-03, -6.9878561677906e-01,  2.7285534300000e-01,  9.0247958461934e-01,              1244160
  4.6360120232596e+00,  0.0000000000000e+00,  9.7918845008602e-01,  1.6877736557720e-01,  2.8895315427479e-02,  1.5239671391894e-04, -1.0863510231881e-04, -8.2388361232932e-03,                 -nan,                 -nan, -5.2568365256076e-03, -5.3774955639609e-01,  2.5657702900000e-01,  9.0719923482510e-01,              1244160
  4.6424310907556e+00,  0.0000000000000e+00,  9.8612333306146e-01,  1.6843938351155e-01,  3.2691392561350e-02,  1.6209834958069e-04,  1.5440321936938e-04, -1.1127067467701e-02,                 -nan,                 -nan,  7.7170384004451e-04, -6.3484963136519e-01,  2.6243093300000e-01,  9.0567290380658e-01,              1244160
  4.6463897242555e+00,  0.0000000000000e+00,  9.9364705053775e-01,  1.6866260866894e-01,  3.5692666161173e-02,  1.6937580710152e-04,  3.0776742100695e-05, -6.6068376552873e-03,                 -nan,                 -nan,  7.8335356418987e-04, -7.5612798391275e-01,  2.7667786800000e-01,  9.0729407793210e-01,              1244160
  4.6499994533863e+00,  0.0000000000000e+00,  1.0020169738748e+00,  1.6863028414143e-01,  3.7286948002688e-02,  1.7311723271370e-04,  2.7840177616443e-04, -1.4373645022846e-02,                 -nan,                 -nan,  2.7661354582480e-03, -7.9353661584515e-01,  2.7399530700000e-01,  9.0464168595679e-01,              1244160
  4.6494326353275e+00,  0.0000000000000e+00,  1.0101995849906e+00,  1.6875955504981e-01,  2.9636965092980e-02,  1.5434008924128e-04,  1.0557500451989e-04, -9.5323520718416e-03,                 -nan,                 -nan, -5.4421898859980e-04, -5.4985350002428e-01,  2.7229791700000e-01,  9.0805443029835e-01,              1244160
  4.6478524706027e+00,  0.0000000000000e+00,  1.0193231739018e+00,  1.6850953109939e-01,  8.1597500374820e-02,  2.5609453462831e-04,  2.6544180750671e-04, -2.2008022006405e-02,                 -nan,                 -nan,  2.0751840070591e-02, -2.5055810073823e+00,  2.8821021500000e-01,  9.0353652263374e-01,              1244160
  4.6435626873632e+00,  0.0000000000000e+00,  1.0231437088031e+00,  1.6879651814918e-01,  6.0884514227768e-02,  2.2121537356729e-04,  2.4605439798953e-04, -2.7388206206719e-02,                 -nan,                 -nan,  1.3630707743125e-02, -1.6049912929688e+00,  2.7131429300000e-01,  9.0498569315844e-01,              1244160
  4.6376849385474e+00,  0.0000000000000e+00,  1.0236058697334e+00,  1.6868624679106e-01,  4.4025793912662e-02,  1.8811155819735e-04,  1.4269136363677e-04, -1.6890766829049e-02,                 -nan,                 -nan,  1.0608394774993e-02, -9.2501921119002e-01,  2.6928538500000e-01,  9.0571228780864e-01,              1244160
  4.6313119493814e+00,  0.0000000000000e+00,  1.0208497218455e+00,  1.6899235245505e-01,  2.5753152421730e-02,  1.4387226533988e-04, -5.8764508114757e-05, -8.1443236952503e-03,                 -nan,                 -nan, -1.4867564437928e-03, -4.1641235119468e-01,  2.6581885700000e-01,  9.0511831275720e-01,              1244160
  4.6274130281971e+00,  0.0000000000000e+00,  1.0202606393760e+00,  1.6889959263805e-01,  3.9121788507789e-02,  1.7732551637287e-04, -1.6158493163830e-04, -8.3830966559668e-03,                 -nan,                 -nan,  5.1054960977166e-03, -8.2419951383564e-01,  2.8061850100000e-01,  8.9970662937243e-01,              1244160
  4.6276684882109e+00,  0.0000000000000e+00,  1.0192068009135e+00,  1.6876407934562e-01,  4.1826264184175e-02,  1.8335232475677e-04, -7.2045962011927e-05, -1.2795761665155e-02,                 -nan,                 -nan,  8.9338995493661e-03, -8.4945100026319e-01,  2.6882602900000e-01,  9.0020335005144e-01,              1244160
  4.6304103437519e+00,  0.0000000000000e+00,  1.0157689376309e+00,  1.6867417949385e-01,  5.1574494538658e-02,  2.0360074971950e-04, -1.0064077057289e-04, -1.0498881676203e-02,                 -nan,                 -nan,  1.1270002011629e-02, -1.2157540009483e+00,  2.7096756900000e-01,  9.0313946759259e-01,              1244160
  4.6357037964032e+00,  0.0000000000000e+00,  1.0099192710307e+00,  1.6872955589342e-01,  5.5642492080138e-02,  2.1147798759261e-04,  1.1133645321878e-05, -1.5586502922322e-02,                 -nan,                 -nan,  9.3989295197363e-03, -1.4625863536201e+00,  2.9469326700000e-01,  8.9964072145062e-01,              1244160
  4.6417075173426e+00,  0.0000000000000e+00,  1.0035395095022e+00,  1.6866859683215e-01,  3.7025673769462e-02,  1.7250963959585e-04,  1.6356118791832e-04, -1.3052112726858e-02,                 -nan,                 -nan,  5.4031677225146e-03, -7.0939381841149e-01,  2.7810620600000e-01,  9.0095325360082e-01,              1244160
  4.6452967541750e+00,  0.0000000000000e+00,  9.9680275117838e-01,  1.6851179329491e-01,  4.8737080006234e-02,  1.9792089015603e-04,  2.2522032402117e-04, -1.8016155510908e-02,                 -nan,                 -nan,  8.3177490595409e-03, -1.1318471397943e+00,  2.6177131700000e-01,  9.0562628600823e-01,              1244160
  4.6460280569581e+00,  0.0000000000000e+00,  9.8931732935144e-01,  1.6862035217732e-01,  3.5136992176084e-02,  1.6805218893954e-04,  5.0915477784454e-05, -9.5573121590753e-03,                 -nan,                 -nan,  1.2301647525574e-03, -7.1799172899168e-01,  2.7143678500000e-01,  9.0219827031893e-01,              1244160
  4.6466292306545e+00,  0.0000000000000e+00,  9.8383183756109e-01,  1.6868510613581e-01,  3.1368024786382e-02,  1.5878353592299e-04,  6.8048422366366e-05, -9.2032537260329e-03,                 -nan,                 -nan, -1.1261909457499e-03, -5.9328645821031e-01,  2.8003351400000e-01,  9.0626446759259e-01,              1244160
  4.6467624672463e+00,  0.0000000000000e+00,  9.8107678411245e-01,  1.6859703526943e-01,  3.0617029518826e-02,  1.5687126878675e-04, -1.1571071241951e-05, -8.3042142976693e-03,                 -nan,                 -nan, -2.5798540096950e-03, -5.6826656358563e-01,  2.8089649300000e-01,  9.0567611882716e-01,              1244160
  4.6478682796197e+00,  0.0000000000000e+00,  9.8148944287997e-01,  1.6859045459627e-01,  4.0214869333624e-02,  1.7978572828095e-04,  7.6888008010599e-05, -1.2451723372360e-02,                 -nan,                 -nan,  2.3750786572239e-03, -9.0341731758829e-01,  2.7927198800000e-01,  9.0595582561728e-01,              1244160
  4.6485929097391e+00,  0.0000000000000e+00,  9.8300483463161e-01,  1.6858759553673e-01,  3.6003199841617e-02,  1.7011101397130e-04,  1.1810180653548e-04, -1.1794687590879e-02,                 -nan,                 -nan, -8.5473912770578e-04, -7.8809394780166e-01,  2.7928280400000e-01,  9.0410718878601e-01,              1244160
  4.6481451857960e+00,  0.0000000000000e+00,  9.8692849147711e-01,  1.6856171308630e-01,  3.6798236976004e-02,  1.7197898784679e-04,  1.9138137117150e-04, -1.2847443910381e-02,                 -nan,                 -nan,  1.1844758711767e-03, -7.7607517600533e-01,  2.9278619500000e-01,  9.0427035108025e-01,              1244160
  4.6453751118230e+00,  0.0000000000000e+00,  9.9190369972650e-01,  1.6860073791115e-01,  3.2466270640405e-02,  1.6153925849400e-04,  1.7138205687533e-04, -1.0838651738062e-02,                 -nan,                 -nan,  8.9564214271503e-04, -6.0919301897763e-01,  3.7102824300000e-01,  9.0483780221193e-01,              1244160
  4.6406987433928e+00,  0.0000000000000e+00,  9.9753671652922e-01,  1.6853390671104e-01,  4.4027633514150e-02,  1.8811548824218e-04,  6.8566848405593e-05, -1.5567563580468e-02,                 -nan,                 -nan,  5.9722447725174e-03, -1.0103610116924e+00,  2.7641883900000e-01,  9.0538194444444e-01,              1244160
  4.6366569765166e+00,  0.0000000000000e+00,  1.0021202772597e+00,  1.6891749492965e-01,  3.5581967444782e-02,  1.6911294855379e-04, -4.1128779917505e-06, -1.2773950090116e-02,                 -nan,                 -nan,  7.5276463588316e-04, -7.4464651321827e-01,  2.7197927900000e-01,  9.0129243827160e-01,              1244160
  4.6342847544952e+00,  0.0000000000000e+00,  1.0078415072168e+00,  1.6871418183823e-01,  4.5950598509572e-02,  1.9217968134915e-04, -2.3777402424437e-05, -1.4771899090648e-02,                 -nan,                 -nan,  5.2498586039277e-03, -1.1203671463039e+00,  2.7267592400000e-01,  9.0569862397119e-01,              1244160
  4.6339723612937e+00,  0.0000000000000e+00,  1.0131868144527e+00,  1.6883707310917e-01,  3.8879974258679e-02,  1.7677663677726e-04, -6.1393823115947e-06, -1.4411193721396e-02,                 -nan,                 -nan,  3.3520910799904e-03, -8.3895943398620e-01,  2.7220200400000e-01,  9.0396894290123e-01,              1244160
  4.6351531185044e+00,  0.0000000000000e+00,  1.0184572007382e+00,  1.6915448498162e-01,  2.6352539618740e-02,  1.4553690005251e-04, -1.2776531135830e-04, -7.7459335150708e-03,                 -nan,                 -nan, -2.5914144614342e-03, -4.3294934194459e-01,  2.6348791100000e-01,  9.0396331661523e-01,              1244160
  4.6393258562498e+00,  0.0000000000000e+00,  1.0257570573431e+00,  1.6914677048681e-01,  3.0881921463120e-02,  1.5754841552235e-04, -7.5856710483597e-05, -7.9584510943540e-03,                 -nan,                 -nan,  4.7869031482249e-04, -5.7807720062673e-01,  2.9287278700000e-01,  9.0121608153292e-01,              1244160
  4.6452442619556e+00,  0.0000000000000e+00,  1.0336314794660e+00,  1.6931168920082e-01,  4.0239476626964e-02,  1.7984072489877e-04,  2.4060630090307e-05, -1.3394146122488e-02,                 -nan,                 -nan,  5.4377862646363e-03, -8.7111942900422e-01,  2.6590891900000e-01,  9.0365306712963e-01,              1244160
  4.6513805709796e+00,  0.0000000000000e+00,  1.0401447228102e+00,  1.6898925897620e-01,  5.1201616929771e-02,  2.0286340968767e-04,  2.8781034566530e-04, -2.0231928166095e-02,                 -nan,                 -nan,  1.3553708133168e-02, -1.1711831478053e+00,  2.6909401000000e-01,  9.0194106867284e-01,              1244160
  4.6534074548790e+00,  0.0000000000000e+00,  1.0418545457717e+00,  1.6914889221428e-01,  4.2126172623487e-02,  1.8400849965300e-04,  2.5206696610448e-04, -1.4766231413025e-02,                 -nan,                 -nan,  1.0011540456731e-02, -8.3377996223313e-01,  2.6718901700000e-01,  9.0616399819959e-01,              1244160
  4.6519020872557e+00,  0.0000000000000e+00,  1.0402540773685e+00,  1.6861617235492e-01,  5.3001450462477e-02,  2.0639813092764e-04,  4.7665403395444e-04, -2.2284002362153e-02,                 -nan,                 -nan,  1.6929969604401e-02, -1.1611811532171e+00,  2.8018111700000e-01,  9.0091949588477e-01,              1244160
  4.6438007545322e+00,  0.0000000000000e+00,  1.0328870863865e+00,  1.6888023300077e-01,  4.2292120383249e-02,  1.8437057604210e-04,  4.0659692539411e-05, -1.2178290519572e-02,                 -nan,                 -nan,  7.4602753969866e-03, -9.0348796229215e-01,  2.7433739400000e-01,  9.0773212448560e-01,              1244160
  4.6368745234226e+00,  0.0000000000000e+00,  1.0246795600682e+00,  1.6866068233536e-01,  4.1028312824046e-02,  1.8159492692066e-04,  8.8104237926793e-05, -1.3237951423186e-02,                 -nan,                 -nan,  9.3048075090735e-03, -8.0928897960435e-01,  2.7866291100000e-01,  9.0598877957819e-01,              1244160
  4.6302258655800e+00,  0.0000000000000e+00,  1.0144882035999e+00,  1.6870945976823e-01,  3.9228781729105e-02,  1.7756783241599e-04,  4.7439372554972e-05, -1.3141974617041e-02,                 -nan,                 -nan,  6.4692671881380e-03, -7.7065345876732e-01,  2.7607993200000e-01,  9.0470518261317e-01,              1244160
  4.6245733938678e+00,  0.0000000000000e+00,  1.0039093106113e+00,  1.6882728336764e-01,  3.9545479850149e-02,  1.7828315358667e-04, -7.6974738810073e-05, -1.2352831721847e-02,                 -nan,                 -nan,  4.3348050443691e-03, -8.3649954598352e-01,  2.6347576700000e-01,  9.0154320987654e-01,              1244160
  4.6220641611086e+00,  0.0000000000000e+00,  9.9429363674605e-01,  1.6862875876001e-01,  3.4215929807121e-02,  1.6583494683071e-04, -1.2191776899916e-04, -1.0884045720708e-02,                 -nan,                 -nan,  2.0591362727771e-03, -6.5480133322039e-01,  2.6160247300000e-01,  9.0134227109053e-01,              1244160
  4.6230809237491e+00,  0.0000000000000e+00,  9.8627931216137e-01,  1.6831402808921e-01,  4.2960465388746e-02,  1.8582167539405e-04, -4.3813551171962e-05, -1.1880783511988e-02,                 -nan,                 -nan,  6.0528170026762e-03, -9.3053185545658e-01,  2.9883240600000e-01,  9.0186069315844e-01,              1244160
  4.6259133405975e+00,  0.0000000000000e+00,  9.7830621457979e-01,  1.6863711588331e-01,  2.8863549250181e-02,  1.5231292192352e-04, -5.2473027964761e-05, -9.7514933994212e-03,                 -nan,                 -nan, -4.1014786098897e-03, -5.3914381663091e-01,  2.7331503600000e-01,  9.0661811985597e-01,              1244160
  4.6303450735022e+00,  0.0000000000000e+00,  9.7478242082896e-01,  1.6866490342566e-01,  2.8785058910974e-02,  1.5210568421656e-04, -4.7109809411325e-05, -9.3406279709738e-03,                 -nan,                 -nan, -6.6856368343267e-03, -5.7238839808506e-01,  2.6926542900000e-01,  9.0162197788066e-01,              1244160
  4.6360808807863e+00,  0.0000000000000e+00,  9.7671670587159e-01,  1.6843930558059e-01,  3.3444649294671e-02,  1.6395520397648e-04, -3.9112174104555e-05, -9.1530082561016e-03,                 -nan,                 -nan, -1.4458020611049e-03, -6.9760638632955e-01,  2.7182033500000e-01,  8.9701003086420e-01,              1244160
  4.6428269411745e+00,  0.0000000000000e+00,  9.8108823822789e-01,  1.6891673126187e-01,  3.9180596107563e-02,  1.7745874356517e-04, -6.8659051631867e-05, -5.8041214342559e-03,                 -nan,                 -nan, -4.3734359323039e-03, -1.0885767583581e+00,  2.5744822700000e-01,  9.0940715020576e-01,              1244160
  4.6507213148535e+00,  0.0000000000000e+00,  9.9021497190075e-01,  1.6846572438356e-01,  5.0611690208748e-02,  2.0169136410239e-04,  1.6252033470214e-04, -1.4576755091478e-02,                 -nan,                 -nan,  9.7453348377680e-03, -1.1884925904235e+00,  2.8541907500000e-01,  9.0586098251029e-01,              1244160
  4.6561611420643e+00,  0.0000000000000e+00,  9.9641344038709e-01,  1.6868970662919e-01,  4.9979338303490e-02,  2.0042741892464e-04,  2.4146419840167e-04, -1.8143698039598e-02,                 -nan,                 -nan,  8.2719155959725e-03, -1.1720495083716e+00,  2.6790704400000e-01,  9.0667438271605e-01,              1244160
  4.6582469063041e+00,  0.0000000000000e+00,  1.0007156829271e+00,  1.6879699806036e-01,  2.6955944702503e-02,  1.4719367926954e-04,  1.1316860960928e-04, -7.8078785469657e-03,                 -nan,                 -nan, -1.1584506213197e-03, -4.4744168388423e-01,  2.6765220600000e-01,  9.0443672839506e-01,              1244160
  4.6587435685322e+00,  0.0000000000000e+00,  1.0063964645721e+00,  1.6861803669602e-01,  4.7978083986918e-02,  1.9637370446506e-04,  3.6614262068918e-04, -1.8342071448684e-02,                 -nan,                 -nan,  8.6329942597292e-03, -1.0986049278062e+00,  2.6546430200000e-01,  9.0662294238683e-01,              1244160
  4.6540932743909e+00,  0.0000000000000e+00,  1.0098415269434e+00,  1.6855141695649e-01,  3.1110168274542e-02,  1.5812956011572e-04,  1.6297082972674e-04, -8.0904621670776e-03,                 -nan,                 -nan,  3.6317894296839e-03, -5.4081545017575e-01,  3.3741013900000e-01,  9.0555153677984e-01,              1244160
  4.6476317102540e+00,  0.0000000000000e+00,  1.0124516395168e+00,  1.6858870255968e-01,  5.9678749552917e-02,  2.1901393093274e-04,  2.7015088149083e-04, -2.6199070565600e-02,                 -nan,                 -nan,  1.0875341506509e-02, -1.6432690763220e+00,  2.8571737400000e-01,  9.0819910622428e-01,              1244160
  4.6392327895353e+00,  0.0000000000000e+00,  1.0133842961601e+00,  1.6858241239888e-01,  4.4751758579734e-02,  1.8965615245222e-04,  9.9000472819309e-05, -1.4319617753089e-02,                 -nan,                 -nan,  7.2664507421590e-03, -1.0588962290936e+00,  3.0326342900000e-01,  9.0879629629630e-01,              1244160
  4.6311544444278e+00,  0.0000000000000e+00,  1.0131713820262e+00,  1.6869074634682e-01,  3.9584574132532e-02,  1.7837125632617e-04,  3.8785983106866e-05, -1.1709879747384e-02,                 -nan,                 -nan,  5.9965146774753e-03, -8.0603331025247e-01,  2.8062993500000e-01,  9.0600244341564e-01,              1244160
  4.6242422817396e+00,  0.0000000000000e+00,  1.0119281404626e+00,  1.6838625687668e-01,  5.6130851080299e-02,  2.1240400253935e-04, -5.3019445479742e-05, -9.7190540012816e-03,                 -nan,                 -nan,  1.3651102422772e-02, -1.3686390335252e+00,  2.6763121200000e-01,  9.0513036908436e-01,              1244160
  4.6199107272651e+00,  0.0000000000000e+00,  1.0071761983495e+00,  1.6862768895732e-01,  3.9795650337732e-02,  1.7884618718074e-04, -8.5138732775928e-05, -1.1388790640984e-02,                 -nan,                 -nan,  4.7882308019672e-03, -8.4740347300034e-01,  2.7062621400000e-01,  9.0309124228395e-01,              1244160
  4.6186593797787e+00,  0.0000000000000e+00,  1.0025990896828e+00,  1.6908605450992e-01,  2.8861625169770e-02,  1.5230784515366e-04, -1.2462825117317e-04, -7.0761364881727e-03,                 -nan,                 -nan, -3.3597168693649e-03, -5.5449459807232e-01,  2.7165432000000e-01,  9.0059879758230e-01,              1244160
  4.6205124293830e+00,  0.0000000000000e+00,  1.0017587969067e+00,  1.6906725658868e-01,  3.5329650194351e-02,  1.6851227872352e-04, -1.7183855405259e-04, -1.1526368794251e-02,                 -nan,                 -nan,  2.1829070914079e-04, -7.1451611215698e-01,  2.6195930100000e-01,  9.0481127829218e-01,              1244160
  4.6264366357037e+00,  0.0000000000000e+00,  1.0027946971128e+00,  1.6889902527290e-01,  2.8387744406745e-02,  1.5105229423750e-04,  1.4784308165718e-07, -1.0221137664447e-02,                 -nan,                 -nan, -2.1633775247016e-03, -5.0175507214262e-01,  2.7071213400000e-01,  9.0472768775720e-01,              1244160
  4.6327217951435e+00,  0.0000000000000e+00,  1.0062239903242e+00,  1.6838421310506e-01,  1.7694092859922e-01,  3.7711693352537e-04, -1.7617863187699e-04,  3.0575441107411e-02,                 -nan,                 -nan,  3.0663350815125e-02, -8.1985187665946e+00,  2.9047295900000e-01,  9.0225212191358e-01,              1244160
  4.6388194895141e+00,  0.0000000000000e+00,  1.0147865103290e+00,  1.6876155558912e-01,  3.4086258744756e-02,  1.6552040903446e-04,  4.9725311604827e-05, -1.0116517497135e-02,                 -nan,                 -nan,  4.1407779898528e-03, -6.4472316018002e-01,  2.6338734900000e-01,  9.0272874871399e-01,              1244160
  4.6443307205468e+00,  0.0000000000000e+00,  1.0220144009342e+00,  1.6819911623054e-01,  9.0190621512249e-02,  2.6924185407175e-04,  1.5795327577431e-04, -1.1741816472808e-02,                 -nan,                 -nan,  2.8770089552012e-02, -2.5939155099200e+00,  2.7304964900000e-01,  9.0163805298354e-01,              1244160
  4.6474429929313e+00,  0.0000000000000e+00,  1.0201333218241e+00,  1.6827264751048e-01,  6.1606131548070e-02,  2.2252245984559e-04,  3.3249570336974e-04, -1.9588100906884e-02,                 -nan,                 -nan,  1.9742639958474e-02, -1.4597399190003e+00,  3.0039494800000e-01,  9.0128118569959e-01,              1244160
  4.6458740633737e+00,  0.0000000000000e+00,  1.0119676716397e+00,  1.6851616374929e-01,  4.7135100183577e-02,  1.9464089816135e-04,  2.2689642122682e-04, -1.4971050127569e-02,                 -nan,                 -nan,  1.1980473349743e-02, -9.9906318810499e-01,  2.7364547800000e-01,  9.0592367541152e-01,              1244160
  4.6416358860835e+00,  0.0000000000000e+00,  1.0009942927409e+00,  1.6884358977723e-01,  3.4466221825566e-02,  1.6644038899161e-04,  3.4078536543376e-05, -1.1999257164846e-02,                 -nan,                 -nan, -2.7877866379866e-04, -7.2455013482690e-01,  2.9158621800000e-01,  9.0407262731481e-01,              1244160
  4.6382991185526e+00,  0.0000000000000e+00,  9.9314513400755e-01,  1.6880595132897e-01,  4.4277438282510e-02,  1.8864839989824e-04,  4.9093225000318e-05, -1.4275247066142e-02,                 -nan,                 -nan,  3.9249841334264e-03, -1.0519458486826e+00,  2.6185267400000e-01,  9.0284850823045e-01,              1244160
  4.6357074967896e+00,  0.0000000000000e+00,  9.8676804501061e-01,  1.6857274945778e-01,  5.7468240381751e-02,  2.1491950545577e-04,  2.7929910503642e-05, -2.2718641880060e-02,                 -nan,                 -nan,  6.2750259134027e-03, -1.8075751601435e+00,  2.7028567500000e-01,  9.0420846193416e-01,              1244160
  4.6349711531873e+00,  0.0000000000000e+00,  9.8246510835499e-01,  1.6881258248285e-01,  2.2122899646587e-02,  1.3334689494648e-04, -1.1011284862258e-05, -7.8033951472475e-03,                 -nan,                 -nan, -9.1740534645159e-03, -3.5336733835095e-01,  2.6868344400000e-01,  8.9698591820988e-01,              1244160
  4.6352419649781e+00,  0.0000000000000e+00,  9.8429074196765e-01,  1.6856308670198e-01,  3.1137004366559e-02,  1.5819774786449e-04,  7.1715421093118e-05, -1.0457336873810e-02,                 -nan,                 -nan, -3.5389843943306e-04, -5.7976296379733e-01,  2.8603649000000e-01,  9.0403726208848e-01,              1244160
  4.6351227118685e+00,  0.0000000000000e+00,  9.8762395087496e-01,  1.6882675328839e-01,  3.0349789092127e-02,  1.5618514366966e-04, -5.9820901059660e-05, -1.0383834544889e-02,                 -nan,                 -nan, -3.1611124378207e-03, -5.8750006338081e-01,  2.7924961300000e-01,  9.0137924382716e-01,              1244160
  4.6371055977116e+00,  0.0000000000000e+00,  9.9378563529745e-01,  1.6870958888384e-01,  3.2382820241625e-02,  1.6133151690696e-04,  1.9198387679466e-05, -1.0251799088835e-02,                 -nan,                 -nan,  8.8818291294641e-04, -5.9502297902347e-01,  2.8469593900000e-01,  9.0693881815844e-01,              1244160
  4.6394928853632e+00,  0.0000000000000e+00,  1.0004209963655e+00,  1.6863382159516e-01,  4.0856498194069e-02,  1.8121429466423e-04,  1.4491036360302e-05, -8.5565951659792e-03,                 -nan,                 -nan,  2.3758379309834e-03, -9.7061131478874e-01,  2.7119881300000e-01,  9.0485226980453e-01,              1244160
  4.6421746945865e+00,  0.0000000000000e+00,  1.0076864552427e+00,  1.6857367581735e-01,  4.3898733284212e-02,  1.8783991240872e-04,  1.2734034044919e-04, -1.4665692664777e-02,                 -nan,                 -nan,  7.8935556187707e-03, -9.4536820530205e-01,  2.7664566400000e-01,  9.0411442258230e-01,              1244160
  4.6435769691385e+00,  0.0000000000000e+00,  1.0125826525196e+00,  1.6897527462484e-01,  4.1643866347556e-02,  1.8295210245927e-04,  5.4343416028606e-05, -1.6486104571686e-02,                 -nan,                 -nan,  1.9617541213061e-03, -1.0010905592115e+00,  2.6227017200000e-01,  9.0590036651235e-01,              1244160
  4.6453685454816e+00,  0.0000000000000e+00,  1.0185774737956e+00,  1.6841803639596e-01,  4.6820583992287e-02,  1.9399042561535e-04,  2.6764255932428e-04, -1.5335422031771e-02,                 -nan,                 -nan,  1.1656834715045e-02, -1.0175065645963e+00,  2.6500032300000e-01,  9.0169270833333e-01,              1244160
  4.6433941178453e+00,  0.0000000000000e+00,  1.0205500606796e+00,  1.6886985525165e-01,  3.7753968905301e-02,  1.7419801007846e-04, -3.2127552979171e-05, -8.8855020081718e-03,                 -nan,                 -nan,  5.4913506955243e-03, -7.3218766324835e-01,  2.6977328700000e-01,  9.0601691100823e-01,              1244160
  4.6430538549585e+00,  0.0000000000000e+00,  1.0213743251060e+00,  1.6883179229250e-01,  6.1173541621811e-02,  2.2173982221794e-04,  1.9291618636772e-04, -2.4801814411725e-02,                 -nan,                 -nan,  1.2717967410580e-02, -1.6661675146155e+00,  2.6666660600000e-01,  9.0238393775720e-01,              1244160
  4.6414515090318e+00,  0.0000000000000e+00,  1.0198315844751e+00,  1.6884516004443e-01,  2.8131624004406e-02,  1.5036933697912e-04,  1.0227485518715e-04, -8.9963120822718e-03,                 -nan,                 -nan,  1.1886683234417e-03, -4.6123280410536e-01,  2.6985226600000e-01,  9.0245064943416e-01,              1244160
  4.6389293173596e+00,  0.0000000000000e+00,  1.0190240987192e+00,  1.6919819495788e-01,  3.2076251241476e-02,  1.6056603606189e-04, -1.1351949177222e-04, -8.6865608781567e-03,                 -nan,                 -nan, -1.6614117222459e-03, -6.6470090937436e-01,  2.7949473700000e-01,  9.0212673611111e-01,              1244160
  4.6396136463122e+00,  0.0000000000000e+00,  1.0208964084176e+00,  1.6879236214128e-01,  4.7552601870848e-02,  1.9550101883582e-04,  2.3558082923386e-05, -1.2555810432577e-02,                 -nan,                 -nan,  9.1839463536999e-03, -1.1101199076762e+00,  2.6488944300000e-01,  9.0327690972222e-01,              1244160
  4.6409691043472e+00,  0.0000000000000e+00,  1.0206870648647e+00,  1.6873705464854e-01,  4.3193443872805e-02,  1.8632485797999e-04,  2.2159769725780e-05, -1.3063450400502e-02,                 -nan,                 -nan,  9.1773317318919e-03, -9.2463535353383e-01,  2.6211183700000e-01,  8.9942772633745e-01,              1244160
  4.6430043551602e+00,  0.0000000000000e+00,  1.0181226410383e+00,  1.6863853726566e-01,  4.6923057231493e-02,  1.9420259685072e-04,  1.0549407326239e-04, -1.5366735616259e-02,                 -nan,                 -nan,  1.0410002851034e-02, -1.0520332916177e+00,  2.7856135500000e-01,  9.0628938400206e-01,              1244160
  4.6442971484136e+00,  0.0000000000000e+00,  1.0131288870012e+00,  1.6865607047145e-01,  5.9902375808275e-02,  2.1942388816101e-04,  8.5779564141753e-05, -1.8114734798425e-02,                 -nan,                 -nan,  1.1313551755579e-02, -1.6259929963029e+00,  2.7220390900000e-01,  9.0476224922840e-01,              1244160
  4.6455528018963e+00,  0.0000000000000e+00,  1.0069694725965e+00,  1.6864239755537e-01,  3.6057565508742e-02,  1.7023940131167e-04,  1.9501883836821e-04, -1.3015558262866e-02,                 -nan,                 -nan,  6.1537428697499e-03, -6.7305194763877e-01,  2.7596541300000e-01,  9.0261461548354e-01,              1244160
  4.6442260359414e+00,  0.0000000000000e+00,  9.9996448910708e-01,  1.6863447802868e-01,  4.3023746798785e-02,  1.8595848409011e-04,  1.8891700702455e-04, -1.6556169884365e-02,                 -nan,                 -nan,  3.9854644034201e-03, -1.0465243764440e+00,  2.6625357400000e-01,  9.0326806841564e-01,              1244160
  4.6410236818175e+00,  0.0000000000000e+00,  9.9430479398716e-01,  1.6833981815605e-01,  5.4814313166712e-02,  2.0989827577752e-04,  1.4600951824790e-04, -1.6917839864087e-02,                 -nan,                 -nan,  1.1970383031581e-02, -1.3559721112430e+00,  2.7003774600000e-01,  9.0215165252058e-01,              1244160
  4.6369756438656e+00,  0.0000000000000e+00,  9.8649790772394e-01,  1.6817187616136e-01,  5.5775016746363e-02,  2.1172967817104e-04,  2.4441655693632e-04, -2.0505880055706e-02,                 -nan,                 -nan,  1.1532060292827e-02, -1.4559909988863e+00,  2.7745796800000e-01,  9.0588268389918e-01,              1244160
  4.6306469642868e+00,  0.0000000000000e+00,  9.7724564509091e-01,  1.6833758036452e-01,  8.1116618549221e-02,  2.5533879342061e-04,  1.4071587342188e-04, -2.4544540135007e-02,                 -nan,                 -nan,  1.0591858385418e-02, -2.9132931660857e+00,  2.6025800700000e-01,  9.0616158693416e-01,              1244160
  4.6246029368804e+00,  0.0000000000000e+00,  9.7099518297986e-01,  1.6875815087330e-01,  2.9962478354975e-02,  1.5518536047510e-04, -1.1119382233646e-04, -1.0085753093685e-02,                 -nan,                 -nan, -6.0964952514940e-03, -5.9722184098312e-01,  2.6968385200000e-01,  9.0914191100823e-01,              1244160
  4.6222284625794e+00,  0.0000000000000e+00,  9.7012545272721e-01,  1.6847861847406e-01,  3.8974096731300e-02,  1.7699048203737e-04, -4.0370573336683e-05, -1.4204948032347e-02,                 -nan,                 -nan,  9.6417860433828e-04, -8.4696588482652e-01,  2.6637590700000e-01,  9.0763808513374e-01,              1244160
  4.6222016273794e+00,  0.0000000000000e+00,  9.7104913448872e-01,  1.6855742287505e-01,  3.4802077049260e-02,  1.6724936009257e-04, -1.6339989677438e-05, -1.2165539495110e-02,                 -nan,                 -nan, -2.9010879169040e-03, -7.4806507978154e-01,  2.7531030900000e-01,  9.0630465534979e-01,              1244160
  4.6236410288584e+00,  0.0000000000000e+00,  9.7534161433874e-01,  1.6840643806887e-01,  4.7867296117816e-02,  1.9614684673897e-04, -6.9709012843597e-05, -9.8297319784396e-03,                 -nan,                 -nan,  2.3985978976588e-03, -1.3600498022047e+00,  3.0307369900000e-01,  9.0265882201646e-01,              1244160
  4.6271916029929e+00,  0.0000000000000e+00,  9.8150063805892e-01,  1.6829957163095e-01,  6.1510998292621e-02,  2.2235058194728e-04, -4.3808365076540e-05, -5.1392760724185e-03,                 -nan,                 -nan,  7.0245668751028e-03, -2.0828199018202e+00,  2.9504259000000e-01,  9.0395769032922e-01,              1244160
  4.6271916029929e+00,  0.0000000000000e+00,  9.8150063805892e-01,  1.6858029417259e-01,  3.1784656004688e-02,  1.4590830672345e-04, -2.1204681067112e-05, -9.7326648757808e-03,                 -nan,                 -nan, -9.4914461454240e-04, -5.8889711160803e-01,  3.8759383200000e-01,  9.0698610575274e-01,              1492992
  4.6271916029929e+00,  0.0000000000000e+00,  9.8150063805892e-01,  1.6864185959450e-01,  3.4667422115333e-02,  1.3910482256941e-04, -6.3688762799578e-05, -1.0152991023734e-02,                 -nan,                 -nan, -7.9640123081551e-04, -7.0152959372555e-01,  3.9003923000000e-01,  8.9965360262204e-01,              1791584
  4.6271916029929e+00,  0.0000000000000e+00,  9.8150063805892e-01,  1.6867442788556e-01,  3.8535988334599e-02,  1.3388247030489e-04,  1.7652060287747e-05, -1.3671041862117e-02,                 -nan,                 -nan,  1.3881170320024e-03, -8.4980463047047e-01,  4.7761855100000e-01,  9.0495296534171e-01,              2149904
  4.6271916029929e+00,  0.0000000000000e+00,  9.8150063805892e-01,  1.6898586384362e-01,  3.6180518798559e-02,  1.1842324812011e-04, -1.4475857551324e-04, -1.0769921463814e-02,                 -nan,                 -nan, -5.5472429156931e-03, -8.7902232118187e-01,  5.6394794300000e-01,  9.0146083861005e-01,              2579888
  4.6341436579110e+00,  0.0000000000000e+00,  9.9218315431844e-01,  1.6864241307886e-01,  3.6471923913302e-02,  1.1889919393158e-04,  8.8841369659984e-05, -1.3350768473291e-02,                 -nan,                 -nan,  1.8662160968189e-03, -7.6339531332804e-01,  5.7908623500000e-01,  9.0338572837270e-01,              2579888
  4.6399893542502e+00,  0.0000000000000e+00,  1.0028215702919e+00,  1.6885650520356e-01,  3.1164439379922e-02,  1.0990798179665e-04,  4.1368098733316e-05, -9.3883689699081e-03,                 -nan,                 -nan, -3.9044324161805e-04, -5.8666364207236e-01,  5.6956851400000e-01,  9.0399350669486e-01,              2579888
  4.6453629543333e+00,  0.0000000000000e+00,  1.0141312451261e+00,  1.6862504596632e-01,  4.0838038492030e-02,  1.2581488090446e-04,  1.7212562264781e-04, -1.2798688278862e-02,                 -nan,                 -nan,  5.8492351494871e-03, -8.8411577118371e-01,  5.8350659900000e-01,  9.0846967000118e-01,              2579888
  4.6481471851453e+00,  0.0000000000000e+00,  1.0235777314503e+00,  1.6902440726090e-01,  3.4510072491121e-02,  1.1565715619117e-04,  8.3940963186003e-05, -1.1490868374421e-02,                 -nan,                 -nan,  2.8823630629633e-03, -6.9626997928204e-01,  5.6425706200000e-01,  9.0286167461533e-01,              2579888
  4.6501522965389e+00,  0.0000000000000e+00,  1.0324024182742e+00,  1.6928166176404e-01,  4.0541207696552e-02,  1.2535680502635e-04,  7.2850917359827e-05, -1.2749954526589e-02,                 -nan,                 -nan,  5.3187630384443e-03, -8.6008753297594e-01,  5.6055884200000e-01,  9.0493657088990e-01,              2579888
  4.6517858536762e+00,  0.0000000000000e+00,  1.0398226196521e+00,  1.6895080196505e-01,  4.7106946929354e-02,  1.3512697441116e-04,  1.8875784461092e-04, -1.4549449183458e-02,                 -nan,                 -nan,  1.1184930729714e-02, -1.0361074315169e+00,  6.4200869600000e-01,  9.0608700842827e-01,              2579888
  4.6510467750195e+00,  0.0000000000000e+00,  1.0433639716673e+00,  1.6898567830189e-01,  7.0862089303237e-02,  1.6573206828360e-04,  2.2968827873944e-04, -2.9540727978004e-02,                 -nan,                 -nan,  1.8354358956253e-02, -2.0099713517463e+00,  6.3291300100000e-01,  9.0323843515688e-01,              2579888
  4.6488183181429e+00,  0.0000000000000e+00,  1.0422222124161e+00,  1.6893024806172e-01,  5.0901263282944e-02,  1.4046361917752e-04,  1.7522626455770e-04, -1.7844289900048e-02,                 -nan,                 -nan,  1.3182594962894e-02, -1.1338024900804e+00,  5.9520858100000e-01,  9.0430902426772e-01,              2579888
  4.6451706962278e+00,  0.0000000000000e+00,  1.0372940556521e+00,  1.6902756934216e-01,  3.6843584331650e-02,  1.1950346855674e-04,  6.6542200637887e-05, -1.0510960108194e-02,                 -nan,                 -nan,  7.0247564561638e-03, -6.9047935440537e-01,  5.6821031600000e-01,  9.0273104878971e-01,              2579888
  4.6416166292338e+00,  0.0000000000000e+00,  1.0309997590341e+00,  1.6902106040990e-01,  3.6739353502264e-02,  1.1933431064436e-04,  2.9897574412571e-05, -1.2374588350744e-02,                 -nan,                 -nan,  6.2815376401455e-03, -7.0477872010882e-01,  5.8195608400000e-01,  9.0856541059147e-01,              2579888
  4.6390256271048e+00,  0.0000000000000e+00,  1.0238958627217e+00,  1.6870027890419e-01,  4.4152695806194e-02,  1.3082121742485e-04,  7.5445937701646e-05, -1.2858177810344e-02,                 -nan,                 -nan,  8.8069338142405e-03, -9.7761820688494e-01,  5.7421104600000e-01,  9.0026970163046e-01,              2579888
  4.6364772717337e+00,  0.0000000000000e+00,  1.0154606019400e+00,  1.6906971685671e-01,  3.9891554983988e-02,  1.2434835848526e-04,  5.5675311113145e-07, -1.5120971833695e-02,                 -nan,                 -nan,  3.2896276433429e-03, -8.8174834205077e-01,  5.7458304900000e-01,  9.0483346563882e-01,              2579888
  4.6356198454280e+00,  0.0000000000000e+00,  1.0084429146774e+00,  1.6869811902244e-01,  4.2286900791686e-02,  1.2802727510668e-04,  1.6173605657749e-05, -1.4413682297550e-02,                 -nan,                 -nan,  6.4109011175336e-03, -8.9798273703587e-01,  5.5950757900000e-01,  9.0540635872565e-01,              2579888
  4.6359194727282e+00,  0.0000000000000e+00,  1.0011186337762e+00,  1.6852293889874e-01,  4.6750568200607e-02,  1.3461486517708e-04,  9.7981344539972e-05, -1.5924077618333e-02,                 -nan,                 -nan,  6.6527720439182e-03, -1.1340809703271e+00,  6.1678043500000e-01,  9.0551023920418e-01,              2579888
  4.6358368631637e+00,  0.0000000000000e+00,  9.9400603758645e-01,  1.6874129383999e-01,  3.6250244906170e-02,  1.1853730421972e-04,  2.9481885681978e-05, -1.1694521701109e-02,                 -nan,                 -nan,  8.9014514732036e-04, -7.4425477823591e-01,  5.5492944600000e-01,  9.0123098367061e-01,              2579888
  4.6363198188060e+00,  0.0000000000000e+00,  9.8907887938252e-01,  1.6887466639024e-01,  2.9377874507720e-02,  1.0671113998077e-04, -4.2173954685544e-05, -8.8995444838249e-03,                 -nan,                 -nan, -3.7060067227279e-03, -5.5807909978103e-01,  5.7617498000000e-01,  9.0481292211135e-01,              2579888
  4.6384223217269e+00,  0.0000000000000e+00,  9.8804006130459e-01,  1.6849197803753e-01,  3.5699233636258e-02,  1.1763295864830e-04,  1.4318311397470e-04, -1.2251269395318e-02,                 -nan,                 -nan,  1.4782273740245e-03, -7.2644486499081e-01,  5.6474211000000e-01,  9.0214536444993e-01,              2579888
  4.6387385566294e+00,  0.0000000000000e+00,  9.8822965992552e-01,  1.6856329946508e-01,  4.5767150373324e-02,  1.3319150002356e-04,  1.0425184915045e-04, -1.4089401206276e-02,                 -nan,                 -nan,  3.8785539377699e-03, -1.1478873837282e+00,  6.2253258200000e-01,  9.0439895065212e-01,              2579888
  4.6383718645714e+00,  0.0000000000000e+00,  9.8937380206709e-01,  1.6861442897309e-01,  3.6030177738187e-02,  1.1817694968459e-04,  9.6266708757861e-05, -1.2698012313915e-02,                 -nan,                 -nan,  1.0511257425565e-03, -7.5961264810763e-01,  5.6713745300000e-01,  9.0884953145253e-01,              2579888
  4.6374089203780e+00,  0.0000000000000e+00,  9.9184233615654e-01,  1.6845586322125e-01,  5.7523239899071e-02,  1.4932112155094e-04,  1.1204820950278e-04, -1.9676059156030e-02,                 -nan,                 -nan,  9.0464691866960e-03, -1.6622617062162e+00,  5.5497357100000e-01,  9.0565365628275e-01,              2579888
  4.6362771239687e+00,  0.0000000000000e+00,  9.9368138577931e-01,  1.6852217428684e-01,  3.4572044616216e-02,  1.1576095639091e-04,  7.7338002687803e-05, -1.0854066857380e-02,                 -nan,                 -nan,  1.6658382410671e-03, -6.8704648944442e-01,  5.3537276000000e-01,  9.0196589929485e-01,              2579888
  4.6348110506421e+00,  0.0000000000000e+00,  9.9626661714785e-01,  1.6864943299375e-01,  3.8306951677265e-02,  1.2185360177786e-04,  3.6531463530194e-05, -1.1711523506707e-02,                 -nan,                 -nan,  4.5623663023219e-03, -7.8599938528130e-01,  6.0859995000000e-01,  9.0775801120049e-01,              2579888
  4.6339166158787e+00,  0.0000000000000e+00,  9.9826395182563e-01,  1.6832218918741e-01,  5.2881807859587e-02,  1.4317022936018e-04,  8.1297278948850e-05, -1.3922682428972e-02,                 -nan,                 -nan,  1.1334109731673e-02, -1.2919086165115e+00,  5.6363094500000e-01,  9.0031621527756e-01,              2579888
  4.6328840769260e+00,  0.0000000000000e+00,  9.9750101928927e-01,  1.6844811172401e-01,  4.8151318051335e-02,  1.3661666002100e-04, -1.2483085892606e-05, -1.4665728077376e-02,                 -nan,                 -nan,  8.2346267127553e-03, -1.0952954420322e+00,  5.4853651600000e-01,  9.0983445792996e-01,              2579888
  4.6336193197224e+00,  0.0000000000000e+00,  9.9536389305618e-01,  1.6863574676789e-01,  4.5182729111752e-02,  1.3233837680678e-04,  6.6774139270859e-05, -1.7435827703842e-02,                 -nan,                 -nan,  4.2794965503455e-03, -1.1355606418686e+00,  5.2082342900000e-01,  9.0422840061274e-01,              2579888
  4.6346782538125e+00,  0.0000000000000e+00,  9.9417422713169e-01,  1.6864022727065e-01,  4.5242659970079e-02,  1.3242611524599e-04,  2.3289324849290e-05, -1.2914966635893e-02,                 -nan,                 -nan,  4.4145770342665e-03, -1.0965380732525e+00,  5.6389117300000e-01,  9.0427801516965e-01,              2579888
  4.6364353081376e+00,  0.0000000000000e+00,  9.9366506087545e-01,  1.6847917602835e-01,  4.6117571596774e-02,  1.3370042540909e-04,  6.2071896500291e-05, -9.3235071106412e-03,                 -nan,                 -nan,  4.4619299560170e-03, -1.1764284820410e+00,  6.0543979800000e-01,  9.0113097932934e-01,              2579888
  4.6377176203570e+00,  0.0000000000000e+00,  9.9395542291305e-01,  1.6845426483836e-01,  9.4057187252807e-02,  1.9093940608383e-04,  2.0132970092488e-04, -4.7110160401072e-02,                 -nan,                 -nan,  1.4320004936378e-02, -3.6908874299466e+00,  6.7872268600000e-01,  9.0848207364041e-01,              2579888
  4.6395401319151e+00,  0.0000000000000e+00,  9.9639824914005e-01,  1.6852668060965e-01,  6.4571236320010e-02,  1.5820460642424e-04,  8.5460558050380e-05, -2.3802721671852e-02,                 -nan,                 -nan,  7.4894060385814e-03, -2.1986383072717e+00,  5.8347419800000e-01,  9.0534782905304e-01,              2579888
  4.6418370920274e+00,  0.0000000000000e+00,  1.0004476999927e+00,  1.6889286707044e-01,  3.6363587735782e-02,  1.1872247355983e-04,  3.7628053618816e-05, -1.3617543582511e-02,                 -nan,                 -nan,  6.8058198996652e-04, -7.9137157713169e-01,  6.3833405900000e-01,  9.0685332076431e-01,              2579888
  4.6445018738240e+00,  0.0000000000000e+00,  1.0058251952785e+00,  1.6861309931593e-01,  5.0287665635867e-02,  1.3961443135393e-04,  1.6971814556981e-04, -1.9443983438130e-02,                 -nan,                 -nan,  8.2129664584833e-03, -1.2445273207525e+00,  6.1867830500000e-01,  9.0475633050737e-01,              2579888
  4.6454844425618e+00,  0.0000000000000e+00,  1.0096173316844e+00,  1.6861372478482e-01,  7.9680047816226e-02,  1.7574151533238e-04,  1.1497984494767e-04, -2.0020548135632e-02,                 -nan,                 -nan,  1.3745198341871e-02, -2.9169715540663e+00,  5.7364929500000e-01,  9.0468035821710e-01,              2579888
  4.6460785401619e+00,  0.0000000000000e+00,  1.0134787651962e+00,  1.6870543845898e-01,  4.4975840637987e-02,  1.3203504521035e-04,  1.8693907582974e-04, -1.4783571100391e-02,                 -nan,                 -nan,  8.9271329615129e-03, -9.9009539864232e-01,  5.5503974800000e-01,  9.0118834616076e-01,              2579888
  4.6444000152892e+00,  0.0000000000000e+00,  1.0148493174232e+00,  1.6874912225556e-01,  3.8044597250767e-02,  1.2143561293741e-04,  1.0365718921720e-04, -1.0864230437826e-02,                 -nan,                 -nan,  5.6347524153358e-03, -7.7418302096566e-01,  5.8216842300000e-01,  9.0877704768579e-01,              2579888
  4.6419206284187e+00,  0.0000000000000e+00,  1.0151490320045e+00,  1.6888202102476e-01,  3.9073486641165e-02,  1.2306672880841e-04,  1.0984575999957e-04, -1.2159553656152e-02,                 -nan,                 -nan,  5.7343839725871e-03, -7.7309031592961e-01,  6.2288097300000e-01,  9.0556140421600e-01,              2579888
  4.6387243852643e+00,  0.0000000000000e+00,  1.0144272660047e+00,  1.6858058931239e-01,  5.4187655278169e-02,  1.4492715052183e-04,  2.0060628272059e-04, -1.8867272768926e-02,                 -nan,                 -nan,  1.1579092960553e-02, -1.3345161794994e+00,  7.9834077400000e-01,  9.0362449842784e-01,              2579888
  4.6337605410999e+00,  0.0000000000000e+00,  1.0111742775054e+00,  1.6856924595475e-01,  5.5979481696049e-02,  1.4730382029098e-04,  1.4814972396281e-04, -1.9162672961492e-02,                 -nan,                 -nan,  1.1218229235866e-02, -1.4783057215021e+00,  6.3890435400000e-01,  9.0591141941046e-01,              2579888
  4.6282601858073e+00,  0.0000000000000e+00,  1.0062140606446e+00,  1.6877037087707e-01,  5.0933790585601e-02,  1.4050849206159e-04, -1.3787519185283e-05, -1.7582568218511e-02,                 -nan,                 -nan,  6.3711217909388e-03, -1.3685209785975e+00,  6.3246201900000e-01,  8.9789673040070e-01,              2579888
  4.6253070520163e+00,  0.0000000000000e+00,  1.0019951373008e+00,  1.6872294756606e-01,  2.9754375183542e-02,  1.0739275685884e-04, -1.5966659347593e-04, -8.3838583809616e-03,                 -nan,                 -nan, -9.3953433467673e-04, -5.2897705474656e-01,  6.6021147800000e-01,  9.0713085219203e-01,              2579888
  4.6266098521896e+00,  0.0000000000000e+00,  1.0001021378413e+00,  1.6874036605156e-01,  3.8614914805509e-02,  1.2234243336556e-04, -1.6812939958578e-05, -1.3840074166531e-02,                 -nan,                 -nan,  1.6165585109906e-03, -8.4299256352087e-01,  6.1982523900000e-01,  9.0606026308119e-01,              2579888
  4.6294721163391e+00,  0.0000000000000e+00,  9.9977981617808e-01,  1.6878256792435e-01,  3.6633000049025e-02,  1.1916146037497e-04, -3.5187478544125e-05, -9.9957267306108e-03,                 -nan,                 -nan,  1.2105776139908e-03, -7.9180160549896e-01,  5.6167230800000e-01,  9.0321207742352e-01,              2579888
  4.6337233017472e+00,  0.0000000000000e+00,  1.0009532802553e+00,  1.6851812647163e-01,  4.6746069935516e-02,  1.3460838880751e-04,  2.5150995209673e-05, -1.3060162269293e-02,                 -nan,                 -nan,  8.0347704720006e-03, -1.1337235046656e+00,  5.6925575200000e-01,  9.0537418678640e-01,              2579888
  4.6383432391093e+00,  0.0000000000000e+00,  1.0007490313667e+00,  1.6873834184525e-01,  3.7281923474368e-02,  1.2021225089563e-04, -1.7274208786537e-05, -1.0293657598176e-02,                 -nan,                 -nan,  2.1672249265842e-03, -7.8371303959208e-01,  5.6682985800000e-01,  9.0584862598686e-01,              2579888
  4.6438580132176e+00,  0.0000000000000e+00,  1.0014995490016e+00,  1.6880012153722e-01,  3.3843586297994e-02,  1.1453487932360e-04,  3.7473067144411e-05, -1.0714240786128e-02,                 -nan,                 -nan,  2.7748648817406e-04, -6.7160806818763e-01,  5.6428956600000e-01,  9.0561915866115e-01,              2579888
  4.6491444146150e+00,  0.0000000000000e+00,  1.0038203902563e+00,  1.6850337457967e-01,  4.3068029565159e-02,  1.2920433199204e-04,  2.3660011852591e-04, -1.5364163038193e-02,                 -nan,                 -nan,  7.2673608801778e-03, -9.7916128218146e-01,  5.5592007700000e-01,  9.0802817796742e-01,              2579888
  4.6507518132288e+00,  0.0000000000000e+00,  1.0046435377369e+00,  1.6838205194817e-01,  4.6109394848701e-02,  1.3368857219219e-04,  2.6653639413172e-04, -1.5976094908592e-02,                 -nan,                 -nan,  9.2367307978501e-03, -1.1017129857261e+00,  6.2459527400000e-01,  9.0621569618526e-01,              2579888
  4.6485251160888e+00,  0.0000000000000e+00,  1.0033913472037e+00,  1.6848592002136e-01,  4.7144338796002e-02,  1.3518059333448e-04,  2.1624982253556e-04, -1.3576147451511e-02,                 -nan,                 -nan,  9.0091887040237e-03, -1.0769784246375e+00,  5.6429842500000e-01,  9.0436639109915e-01,              2579888
  4.6436049033054e+00,  0.0000000000000e+00,  1.0003251196336e+00,  1.6871853624410e-01,  3.8649499886408e-02,  1.2239720852157e-04,  6.0855471275816e-05, -1.1117611546392e-02,                 -nan,                 -nan,  3.1573934951773e-03, -8.2242353140985e-01,  7.3748609900000e-01,  9.0346790248259e-01,              2579888
  4.6390677966867e+00,  0.0000000000000e+00,  9.9807366934933e-01,  1.6861581883064e-01,  3.7889251980356e-02,  1.2118743388003e-04,  9.4984896466237e-05, -1.2188025921976e-02,                 -nan,                 -nan,  4.3427682272159e-03, -7.8102582296147e-01,  5.7888916200000e-01,  9.0486602519179e-01,              2579888
  4.6343090513493e+00,  0.0000000000000e+00,  9.9581034646914e-01,  1.6867615618292e-01,  2.8618383657506e-02,  1.0532273409754e-04,  7.4560833196011e-05, -1.0361837856813e-02,                 -nan,                 -nan, -2.4809664237672e-03, -5.2511474295624e-01,  5.7466321400000e-01,  9.0660330991113e-01,              2579888
  4.6295724428937e+00,  0.0000000000000e+00,  9.9651110414232e-01,  1.6841161249468e-01,  4.7095951892057e-02,  1.3511120377726e-04,  8.1690778508937e-05, -1.3441854456296e-02,                 -nan,                 -nan,  6.4613764788559e-03, -1.1695589443439e+00,  5.6090964600000e-01,  9.0278686516624e-01,              2579888
  4.6250185122760e+00,  0.0000000000000e+00,  9.9681323602649e-01,  1.6863676028762e-01,  4.4262598809848e-02,  1.3098393352335e-04, -2.1556491066158e-06, -1.7500321424115e-02,                 -nan,                 -nan,  3.9122831316505e-03, -1.0521025742300e+00,  5.8822522000000e-01,  9.0744675737861e-01,              2579888
  4.6226894319165e+00,  0.0000000000000e+00,  9.9780975980913e-01,  1.6852411838619e-01,  5.5834048258142e-02,  1.4711234984047e-04, -1.0152185628079e-05, -2.0868363014606e-02,                 -nan,                 -nan,  8.1229515588302e-03, -1.5487432290388e+00,  5.6446801000000e-01,  9.0500711658801e-01,              2579888
  4.6228559913874e+00,  0.0000000000000e+00,  9.9850370328168e-01,  1.6841608921862e-01,  5.7079652144736e-02,  1.4874426590300e-04, -6.8440926804650e-05, -1.3657283604742e-02,                 -nan,                 -nan,  9.7057298815968e-03, -1.6137113353709e+00,  5.7751948100000e-01,  9.0812081764790e-01,              2579888
  4.6257079883258e+00,  0.0000000000000e+00,  9.9824742067548e-01,  1.6849379161436e-01,  4.8526217165391e-02,  1.3714746748561e-04, -4.0648209168482e-05, -1.4788715057375e-02,                 -nan,                 -nan,  8.9604580189064e-03, -1.1420671444465e+00,  5.8946216000000e-01,  9.0329929051184e-01,              2579888
  4.6305404606582e+00,  0.0000000000000e+00,  9.9626567795095e-01,  1.6852819582458e-01,  3.6102357853281e-02,  1.1829526381094e-04,  4.8311266159069e-05, -1.3217148338737e-02,                 -nan,                 -nan,  2.7062906796550e-03, -7.3029995852533e-01,  5.5788428500000e-01,  9.0653392705420e-01,              2579888
  4.6352464280273e+00,  0.0000000000000e+00,  9.9498989554080e-01,  1.6858238814218e-01,  3.7886200496766e-02,  1.2118255375054e-04,  3.3078871176676e-05, -9.6143410302285e-03,                 -nan,                 -nan,  2.2633816996019e-03, -8.0628610779717e-01,  5.9349581400000e-01,  9.0579629813387e-01,              2579888
  4.6397837260544e+00,  0.0000000000000e+00,  9.9479507339749e-01,  1.6851064009830e-01,  4.8443613693332e-02,  1.3703068852685e-04,  1.6959425912568e-04, -1.8684031228723e-02,                 -nan,                 -nan,  6.8110556364612e-03, -1.1966394610538e+00,  5.6513662200000e-01,  9.0350898953753e-01,              2579888
  4.6423600039160e+00,  0.0000000000000e+00,  9.9417208842478e-01,  1.6886209139456e-01,  2.8475066517061e-02,  1.0505868182589e-04, -2.2274949811150e-05, -9.1061483317820e-03,                 -nan,                 -nan, -3.1155172276099e-03, -5.0848931244648e-01,  6.3145628400000e-01,  8.9971153786521e-01,              2579888
  4.6460260847109e+00,  0.0000000000000e+00,  9.9666801763163e-01,  1.6866972695999e-01,  3.8274678529919e-02,  1.2180226086305e-04,  9.3506932935713e-05, -1.2784511353412e-02,                 -nan,                 -nan,  2.8498128459982e-03, -8.0985362103021e-01,  5.5784740400000e-01,  9.0313998127050e-01,              2579888
  4.6487414805137e+00,  0.0000000000000e+00,  9.9956541376788e-01,  1.6866528502847e-01,  3.1192170161252e-02,  1.0995687015410e-04,  1.7663965774278e-04, -1.0364811147782e-02,                 -nan,                 -nan,  1.8407437673123e-03, -5.5675856379038e-01,  5.5926417500000e-01,  9.0603390534783e-01,              2579888
  4.6487058184532e+00,  0.0000000000000e+00,  1.0026865101353e+00,  1.6872765569512e-01,  3.7461384253724e-02,  1.2050123122494e-04,  1.2549989828848e-04, -9.6811330419701e-03,                 -nan,                 -nan,  2.9478838225554e-03, -7.8607237569729e-01,  5.4592765400000e-01,  9.0515324696266e-01,              2579888
  4.6471410489202e+00,  0.0000000000000e+00,  1.0060310802594e+00,  1.6898874663169e-01,  3.0289002542715e-02,  1.0835327926917e-04,  7.2647854860830e-05, -1.0041997267967e-02,                 -nan,                 -nan, -1.7959363030611e-03, -5.6585178186607e-01,  6.0728890300000e-01,  8.9915104841761e-01,              2579888
  4.6452846043410e+00,  0.0000000000000e+00,  1.0115478529816e+00,  1.6881369562322e-01,  2.8000561792475e-02,  1.0417966251988e-04,  6.2741585403628e-05, -7.4643152439365e-03,                 -nan,                 -nan,  4.5581836215728e-04, -4.8102498204956e-01,  5.6284732200000e-01,  9.0411172888125e-01,              2579888
  4.6431054634311e+00,  0.0000000000000e+00,  1.0175751258736e+00,  1.6867501777934e-01,  4.9839687738878e-02,  1.3899117619663e-04,  1.8483550716342e-04, -1.7691205591709e-02,                 -nan,                 -nan,  9.3851215362291e-03, -1.2628310881815e+00,  5.3772122200000e-01,  9.0550171170221e-01,              2579888
  4.6392220704309e+00,  0.0000000000000e+00,  1.0213361580617e+00,  1.6899095129791e-01,  2.9281355448675e-02,  1.0653569957485e-04, -2.1255925735417e-05, -8.2861826782454e-03,                 -nan,                 -nan,  1.1927482146781e-03, -4.9615674433228e-01,  5.3933805300000e-01,  8.9904406702927e-01,              2579888
  4.6369746767282e+00,  0.0000000000000e+00,  1.0254246150225e+00,  1.6866744389410e-01,  3.8292576079106e-02,  1.2183073539577e-04,  6.5581605396675e-05, -1.1075251622824e-02,                 -nan,                 -nan,  8.0419716121807e-03, -7.3451484505257e-01,  5.6940142400000e-01,  9.0662772957586e-01,              2579888
  4.6347458602911e+00,  0.0000000000000e+00,  1.0267300262453e+00,  1.6885254254343e-01,  5.1603517882542e-02,  1.4142924674305e-04,  2.3054987811875e-05, -1.5923989383530e-02,                 -nan,                 -nan,  1.1175445769793e-02, -1.2369100329689e+00,  5.6469723000000e-01,  9.0743822987665e-01,              2579888
  4.6338689636713e+00,  0.0000000000000e+00,  1.0251928314271e+00,  1.6902427559649e-01,  2.7582573310027e-02,  1.0339914897959e-04, -6.3125870438365e-05, -9.0111992599909e-03,                 -nan,                 -nan,  8.2576138683262e-04, -4.5341767389760e-01,  5.4349171100000e-01,  9.0386210564180e-01,              2579888
  4.6352429830854e+00,  0.0000000000000e+00,  1.0245918846038e+00,  1.6892817684312e-01,  3.8645223237554e-02,  1.2239043657932e-04,  3.9594073527436e-05, -1.2849639133853e-02,                 -nan,                 -nan,  6.3900801484333e-03, -7.6796627558149e-01,  5.6406736000000e-01,  9.0587110758296e-01,              2579888
  4.6369745517405e+00,  0.0000000000000e+00,  1.0226623723423e+00,  1.6882848558461e-01,  5.2226624445834e-02,  1.4228055556159e-04,  8.6456458947124e-05, -1.5212984280401e-02,                 -nan,                 -nan,  1.1055120424670e-02, -1.2537701566582e+00,  5.7517544200000e-01,  9.0516720105679e-01,              2579888
  4.6383264600205e+00,  0.0000000000000e+00,  1.0183208297463e+00,  1.6864179259852e-01,  4.5314615384578e-02,  1.3253138083282e-04,  7.0957806284210e-05, -1.2140105766032e-02,                 -nan,                 -nan,  9.6351018340965e-03, -9.9485257022912e-01,  6.3266691100000e-01,  9.0159805386901e-01,              2579888
  4.6393387398514e+00,  0.0000000000000e+00,  1.0118767792966e+00,  1.6864866104746e-01,  5.1009166522535e-02,  1.4061242153230e-04,  1.7581025063838e-04, -1.7124462730756e-02,                 -nan,                 -nan,  1.0990716694200e-02, -1.2507951289069e+00,  5.6707991300000e-01,  9.0633004223439e-01,              2579888
  4.6384395879595e+00,  0.0000000000000e+00,  1.0034996346345e+00,  1.6875505937066e-01,  5.2945931583159e-02,  1.4325700614789e-04,  1.2792501018241e-04, -2.2306706364931e-02,                 -nan,                 -nan,  6.4564273406445e-03, -1.5826939628347e+00,  5.7261114200000e-01,  9.0450089306202e-01,              2579888
  4.6372999812573e+00,  0.0000000000000e+00,  9.9674624705495e-01,  1.6856164245129e-01,  5.2173086248494e-02,  1.4220761003114e-04,  1.3269922223614e-04, -1.6944411359727e-02,                 -nan,                 -nan,  9.2776863827013e-03, -1.2889316048122e+00,  5.6401753700000e-01,  9.0371675049460e-01,              2579888
  4.6353080836449e+00,  0.0000000000000e+00,  9.8911938517278e-01,  1.6860848477872e-01,  3.8363228120986e-02,  1.2194307601610e-04,  4.0357567745436e-06, -1.2206808904983e-02,                 -nan,                 -nan,  1.0362462517442e-03, -8.6941351829916e-01,  5.8622149300000e-01,  9.0537496201385e-01,              2579888
  4.6346615456878e+00,  0.0000000000000e+00,  9.8405745496658e-01,  1.6825688304783e-01,  5.4988177847050e-02,  1.4599374128346e-04,  1.6486158731969e-04, -1.8488864421290e-02,                 -nan,                 -nan,  8.7355576749498e-03, -1.5107488202276e+00,  5.7924162800000e-01,  9.0255662261307e-01,              2579888
  4.6326198515482e+00,  0.0000000000000e+00,  9.7885153192389e-01,  1.6866655335003e-01,  2.6510021616251e-02,  1.0136887220194e-04, -1.0223573328371e-05, -8.5942522351766e-03,                 -nan,                 -nan, -4.9525418073158e-03, -4.6382728439198e-01,  5.7582890600000e-01,  9.0620678106957e-01,              2579888
  4.6318536135848e+00,  0.0000000000000e+00,  9.7813821270589e-01,  1.6861001717591e-01,  3.5402043786141e-02,  1.1714229848888e-04, -2.5189418436762e-05, -9.3725587463274e-03,                 -nan,                 -nan, -5.6470747178593e-04, -7.4210291727241e-01,  6.2420465400000e-01,  9.1033447963633e-01,              2579888
  4.6326179373844e+00,  0.0000000000000e+00,  9.7982698108215e-01,  1.6863495791443e-01,  3.5995318850469e-02,  1.1811976825835e-04, -7.0517382778366e-05, -9.5208923893039e-03,                 -nan,                 -nan,  5.5199797875790e-04, -7.4525708904362e-01,  5.6894057200000e-01,  9.0334657938639e-01,              2579888
  4.6356905671932e+00,  0.0000000000000e+00,  9.8307941350001e-01,  1.6848528450139e-01,  4.1997915709773e-02,  1.2758906139211e-04,  1.6221413656959e-04, -1.4071671546733e-02,                 -nan,                 -nan,  3.0592777896194e-03, -9.9508470714018e-01,  5.5419047500000e-01,  9.0320548799018e-01,              2579888
  4.6366019944467e+00,  0.0000000000000e+00,  9.8705561602723e-01,  1.6862159472839e-01,  3.9524405470257e-02,  1.2377480384558e-04,  1.2490148161988e-05, -1.2991382515651e-02,                 -nan,                 -nan,  1.9362103029079e-03, -8.5979795522126e-01,  5.7456697900000e-01,  9.0338999212369e-01,              2579888
  4.6384837729195e+00,  0.0000000000000e+00,  9.9192839262171e-01,  1.6890722095974e-01,  3.2035128850750e-02,  1.1143274048714e-04, -5.5286719099823e-05, -1.0533214029022e-02,                 -nan,                 -nan, -1.3529231709472e-03, -6.0514942765836e-01,  5.5544198200000e-01,  9.0741419782564e-01,              2579888
  4.6423609202162e+00,  0.0000000000000e+00,  9.9870741147570e-01,  1.6876133981085e-01,  4.5535562819262e-02,  1.3285408975200e-04,  9.5847428244711e-05, -1.1943819593876e-02,                 -nan,                 -nan,  2.8174008895857e-03, -1.2083278435778e+00,  5.4276087700000e-01,  9.0697735715659e-01,              2579888
  4.6451225900279e+00,  0.0000000000000e+00,  1.0065751568064e+00,  1.6867397766411e-01,  3.5951964946823e-02,  1.1804861322897e-04,  2.0104377936703e-04, -1.3600140372794e-02,                 -nan,                 -nan,  3.3310642435853e-03, -7.1380366596649e-01,  5.6332715000000e-01,  9.0420398094801e-01,              2579888
  4.6449148685436e+00,  0.0000000000000e+00,  1.0137943612401e+00,  1.6868273892438e-01,  5.4637539418102e-02,  1.4552752394673e-04,  1.5180522769736e-04, -1.7932637122500e-02,                 -nan,                 -nan,  1.0058420086125e-02, -1.4281512140390e+00,  5.8728577000000e-01,  9.0343301724726e-01,              2579888
  4.6434689578251e+00,  0.0000000000000e+00,  1.0186975982289e+00,  1.6828600803447e-01,  5.1310236756688e-02,  1.4102677775652e-04,  2.0553737570200e-04, -1.2289923553461e-02,                 -nan,                 -nan,  1.4717452428225e-02, -1.1333326597945e+00,  5.6653608500000e-01,  9.0831462451083e-01,              2579888
  4.6392505893334e+00,  0.0000000000000e+00,  1.0181540355655e+00,  1.6875217427854e-01,  4.1137479670341e-02,  1.2627530149561e-04,  1.3921687449657e-04, -1.4248341096720e-02,                 -nan,                 -nan,  7.3717169640567e-03, -8.4246710015642e-01,  5.8386608800000e-01,  9.0706224456255e-01,              2579888
  4.6340736068031e+00,  0.0000000000000e+00,  1.0159384070117e+00,  1.6854971976982e-01,  4.4419426351467e-02,  1.3121577400974e-04,  1.0585904584460e-04, -1.6094541080334e-02,                 -nan,                 -nan,  9.4919764894610e-03, -9.5523044404103e-01,  5.6724152600000e-01,  9.0669207345435e-01,              2579888
  4.6288943236849e+00,  0.0000000000000e+00,  1.0113681591968e+00,  1.6870349182051e-01,  4.9190937965632e-02,  1.3808360780252e-04,  6.9264255795316e-05, -1.8961950531171e-02,                 -nan,                 -nan,  7.1757451888504e-03, -1.2493335589483e+00,  6.8633916700000e-01,  9.1116707391949e-01,              2579888
  4.6247467483917e+00,  0.0000000000000e+00,  1.0067424039471e+00,  1.6884132277400e-01,  4.0849253921794e-02,  1.2583215611091e-04, -8.6786316713260e-05, -1.4301724980177e-02,                 -nan,                 -nan,  4.9129636983999e-03, -8.8336085545500e-01,  5.8363106400000e-01,  9.0526255403335e-01,              2579888
  4.6242289609415e+00,  0.0000000000000e+00,  1.0023029696174e+00,  1.6858800083372e-01,  5.9120300837161e-02,  1.5137978756056e-04, -1.2843259523249e-06, -2.0410062269112e-02,                 -nan,                 -nan,  8.6959569827863e-03, -1.7206861884388e+00,  5.6075415300000e-01,  9.0839834907562e-01,              2579888
  4.6258604797133e+00,  0.0000000000000e+00,  9.9825229918318e-01,  1.6871790646980e-01,  4.3306059164040e-02,  1.2956088508959e-04, -3.5190491794950e-05, -1.5052899001726e-02,                 -nan,                 -nan,  5.1438452532602e-03, -1.0225977773248e+00,  5.8359480500000e-01,  9.0521991652351e-01,              2579888
  4.6295718791057e+00,  0.0000000000000e+00,  9.9458569408694e-01,  1.6871287751163e-01,  4.2561382662915e-02,  1.2844211191051e-04, -6.4188698138855e-05, -1.4404059264819e-02,                 -nan,                 -nan,  2.8425170448692e-03, -1.0431160857343e+00,  5.6142013500000e-01,  9.0229808425792e-01,              2579888
  4.6356762466924e+00,  0.0000000000000e+00,  9.9258629677619e-01,  1.6867044308104e-01,  4.4893418289183e-02,  1.3191400657240e-04, -1.0168754802036e-05, -1.1319290176874e-02,                 -nan,                 -nan,  4.6298764588876e-03, -1.0793451059526e+00,  5.4028691000000e-01,  9.0107516295281e-01,              2579888
  4.6425308439935e+00,  0.0000000000000e+00,  9.9120648223414e-01,  1.6881109948854e-01,  2.8771812314333e-02,  1.0560468441840e-04, -3.3366053063034e-06, -9.3893252677621e-03,                 -nan,                 -nan, -2.5892028453909e-03, -5.1314390834768e-01,  6.1363184000000e-01,  9.0257600329937e-01,              2579888
  4.6497281561142e+00,  0.0000000000000e+00,  9.9279816377694e-01,  1.6864126341451e-01,  5.8724214272174e-02,  1.5087183797071e-04,  1.2946363316104e-04, -2.0275086185297e-02,                 -nan,                 -nan,  5.9505121350090e-03, -1.9447495958961e+00,  5.4955800300000e-01,  9.0076235867604e-01,              2579888
  4.6556408092358e+00,  0.0000000000000e+00,  9.9630564394734e-01,  1.6852078188672e-01,  4.4333806234143e-02,  1.3108925133774e-04,  3.1867176875073e-04, -1.5072804383030e-02,                 -nan,                 -nan,  6.3591885457963e-03, -1.0680472536493e+00,  5.6163915800000e-01,  9.0461485149743e-01,              2579888
  4.6558245917493e+00,  0.0000000000000e+00,  9.9760527548440e-01,  1.6869964817903e-01,  3.8966689910420e-02,  1.2289842904158e-04,  2.3139711257697e-04, -1.3072761148755e-02,                 -nan,                 -nan,  3.1114302805069e-03, -8.6249010891160e-01,  5.5674235400000e-01,  9.0463074366019e-01,              2579888
  4.6543069749578e+00,  0.0000000000000e+00,  9.9910698982853e-01,  1.6873258032127e-01,  4.5717589606218e-02,  1.3311936465042e-04,  1.5604458752974e-04, -1.6764156123274e-02,                 -nan,                 -nan,  3.2410709291610e-03, -1.1851533651070e+00,  5.7087283500000e-01,  9.0447414771494e-01,              2579888
  4.6522075528125e+00,  0.0000000000000e+00,  1.0011995791365e+00,  1.6889425058961e-01,  4.0342528386265e-02,  1.2504926124813e-04,  1.3959619652349e-04, -1.2412641433755e-02,                 -nan,                 -nan,  8.1682692922852e-04, -9.6873233800062e-01,  5.4425604100000e-01,  9.0577110324169e-01,              2579888
  4.6495298609053e+00,  0.0000000000000e+00,  1.0041936623584e+00,  1.6849148604286e-01,  4.9520400250363e-02,  1.3854525198460e-04,  2.1197532474432e-04, -1.3881713768015e-02,                 -nan,                 -nan,  1.0375560354250e-02, -1.1470537190555e+00,  5.4743730500000e-01,  9.0513347866264e-01,              2579888
  4.6456743481635e+00,  0.0000000000000e+00,  1.0056088019446e+00,  1.6900128453148e-01,  4.8813232275527e-02,  1.3755245848016e-04, -1.3287385926043e-06, -1.7607628743803e-02,                 -nan,                 -nan,  2.8314790224145e-03, -1.3042627892113e+00,  5.6958498600000e-01,  9.0310703410381e-01,              2579888
  4.6431097721484e+00,  0.0000000000000e+00,  1.0079006190239e+00,  1.6861911997800e-01,  4.5665790029713e-02,  1.3304392890352e-04,  1.1966844385458e-04, -1.4699155746577e-02,                 -nan,                 -nan,  7.7039939591107e-03, -1.0361199498910e+00,  5.5264175800000e-01,  8.9749361212580e-01,              2579888
  4.6403303097190e+00,  0.0000000000000e+00,  1.0092682986000e+00,  1.6854391327537e-01,  5.2703717102142e-02,  1.4292894791823e-04,  1.4749580760147e-04, -1.9273232090539e-02,                 -nan,                 -nan,  9.3687425352050e-03, -1.3529749384824e+00,  5.6791785900000e-01,  9.0329580198830e-01,              2579888
  4.6373065173895e+00,  0.0000000000000e+00,  1.0097808516573e+00,  1.6852213097059e-01,  4.6177262678690e-02,  1.3378692326694e-04,  1.9246478337759e-04, -1.6361548080417e-02,                 -nan,                 -nan,  9.2628976399152e-03, -1.0350626939419e+00,  5.5707948600000e-01,  9.0397180032622e-01,              2579888
  4.6334588979337e+00,  0.0000000000000e+00,  1.0091129039107e+00,  1.6850895994511e-01,  5.9372027050678e-02,  1.5170172252615e-04,  1.4811127489026e-04, -2.3947333158620e-02,                 -nan,                 -nan,  1.1302070709553e-02, -1.6324355434784e+00,  5.4795404000000e-01,  9.0131044448441e-01,              2579888
  4.6297035066979e+00,  0.0000000000000e+00,  1.0076434102673e+00,  1.6892658069452e-01,  3.9310597856202e-02,  1.2343956943018e-04, -9.3741495584144e-05, -1.2597355070013e-02,                 -nan,                 -nan,  2.4787600073597e-03, -9.0522447493817e-01,  5.4816668100000e-01,  9.0799329273209e-01,              2579888
  4.6279208336970e+00,  0.0000000000000e+00,  1.0068861841518e+00,  1.6864560055793e-01,  4.8914670827129e-02,  1.3769530786802e-04,  8.4658157304905e-06, -1.6694545604802e-02,                 -nan,                 -nan,  1.0263537195798e-02, -1.1480140535749e+00,  5.4335776900000e-01,  9.0627577631277e-01,              2579888
  4.6270791129087e+00,  0.0000000000000e+00,  1.0049531193266e+00,  1.6869510087334e-01,  3.9429181142068e-02,  1.2362561146611e-04, -4.4614301855961e-05, -1.0993196124067e-02,                 -nan,                 -nan,  4.2806014927198e-03, -8.2778269324423e-01,  5.6684054100000e-01,  9.0247483611692e-01,              2579888
  4.6273356733603e+00,  0.0000000000000e+00,  1.0031722146318e+00,  1.6873452918070e-01,  3.7669004109682e-02,  1.2083469300106e-04, -6.7698470600753e-05, -1.0274707749612e-02,                 -nan,                 -nan,  3.9442500807446e-03, -7.7859295808422e-01,  5.5596381300000e-01,  9.0570520890829e-01,              2579888
  4.6287796174585e+00,  0.0000000000000e+00,  1.0015534289126e+00,  1.6855853887319e-01,  4.7019058876301e-02,  1.3500086147063e-04,  7.2988828368099e-05, -1.8904971335750e-02,                 -nan,                 -nan,  6.6536187974898e-03, -1.1518866396806e+00,  6.3242093900000e-01,  9.0763630049056e-01,              2579888
  4.6303001677346e+00,  0.0000000000000e+00,  9.9984678865272e-01,  1.6857874688314e-01,  3.9989352550930e-02,  1.2450069050926e-04, -3.5827494017420e-05, -1.1221801645073e-02,                 -nan,                 -nan,  5.7553766908619e-03, -8.2453598868407e-01,  5.7564010400000e-01,  9.0273337447207e-01,              2579888
  4.6326073381645e+00,  0.0000000000000e+00,  9.9785572952151e-01,  1.6872942789325e-01,  4.8972161975644e-02,  1.3777620319616e-04, -4.3656278491477e-05, -1.3806923695155e-02,                 -nan,                 -nan,  5.6412705631118e-03, -1.3016438175558e+00,  5.9629433900000e-01,  9.0457647773857e-01,              2579888
  4.6358341105165e+00,  0.0000000000000e+00,  9.9630302403862e-01,  1.6852094143257e-01,  4.6584124796929e-02,  1.3437502066530e-04,  4.0751292614285e-05, -8.5453928598221e-03,                 -nan,                 -nan,  4.2683800316707e-03, -1.2690282130947e+00,  5.8912037600000e-01,  9.0557264501405e-01,              2579888
  4.6387615451318e+00,  0.0000000000000e+00,  9.9548250135546e-01,  1.6853577548931e-01,  4.3681307786010e-02,  1.3012099931097e-04,  8.8351702300528e-05, -1.4155482306933e-02,                 -nan,                 -nan,  5.0437266906877e-03, -1.0205010486087e+00,  5.7635292600000e-01,  9.0343999429433e-01,              2579888
  4.6412193128058e+00,  0.0000000000000e+00,  9.9475960900332e-01,  1.6841354763798e-01,  3.9579015350465e-02,  1.2386028260160e-04,  2.1780602798896e-04, -1.3562104812329e-02,                 -nan,                 -nan,  4.6130317691486e-03, -8.6004628318738e-01,  6.2707844100000e-01,  9.0207171784201e-01,              2579888
  4.6418969865057e+00,  0.0000000000000e+00,  9.9402104087624e-01,  1.6872188937986e-01,  4.1779653408861e-02,  1.2725709066000e-04,  4.7422603435732e-06, -1.3444281145071e-02,                 -nan,                 -nan,  2.6169828423272e-03, -9.4769414317506e-01,  6.0922658000000e-01,  9.0882743747015e-01,              2579888
  4.6431464920105e+00,  0.0000000000000e+00,  9.9394810515874e-01,  1.6867176044985e-01,  3.8802835133939e-02,  1.2263976312956e-04,  1.2410379487092e-04, -1.5069314208446e-02,                 -nan,                 -nan,  1.2290801732911e-03, -9.2328943526994e-01,  5.8778983500000e-01,  9.0573234186910e-01,              2579888
  4.6437728692551e+00,  0.0000000000000e+00,  9.9482864624224e-01,  1.6871666837425e-01,  4.6417291610579e-02,  1.3413418410621e-04,  9.9190453784998e-05, -1.4323416237660e-02,                 -nan,                 -nan,  5.8053549070294e-03, -1.1129583892572e+00,  5.6782571200000e-01,  9.0565869526119e-01,              2579888
  4.6440545875803e+00,  0.0000000000000e+00,  9.9555471706550e-01,  1.6860403797254e-01,  4.2105724871865e-02,  1.2775271777118e-04,  1.3626572757574e-04, -1.5756750729038e-02,                 -nan,                 -nan,  2.4231542881281e-03, -1.0366742030226e+00,  5.7736933000000e-01,  9.0938676407658e-01,              2579888
  4.6437187198131e+00,  0.0000000000000e+00,  9.9698099133697e-01,  1.6874783763009e-01,  3.8535470744395e-02,  1.2221651849599e-04,  7.5661414181175e-05, -1.3064180564552e-02,                 -nan,                 -nan,  2.9365084879801e-03, -8.1619926729136e-01,  5.2443123500000e-01,  9.0443228543255e-01,              2579888
  4.6433099328117e+00,  0.0000000000000e+00,  9.9858650913339e-01,  1.6857834654840e-01,  4.1724540664297e-02,  1.2717312871430e-04,  1.0795715918581e-04, -1.3339136431248e-02,                 -nan,                 -nan,  5.8365796741782e-03, -9.0482596925540e-01,  5.6146611800000e-01,  9.0541101009036e-01,              2579888
  4.6425175731062e+00,  0.0000000000000e+00,  9.9966491045615e-01,  1.6885311607065e-01,  3.2681938589152e-02,  1.1255206788462e-04,  7.5631640481820e-05, -1.0957105552677e-02,                 -nan,                 -nan, -1.8969042461861e-04, -6.3010043710756e-01,  5.7302102300000e-01,  9.0514239377833e-01,              2579888
  4.6415892169105e+00,  0.0000000000000e+00,  1.0015728985682e+00,  1.6888401065147e-01,  3.0566511813189e-02,  1.0884851643763e-04,  4.7839860506103e-05, -1.1141048928224e-02,                 -nan,                 -nan, -1.7629687657075e-03, -5.8262530507742e-01,  5.6476300900000e-01,  9.0539899406486e-01,              2579888
  4.6408338165550e+00,  0.0000000000000e+00,  1.0046014671200e+00,  1.6884455032893e-01,  4.2106173245872e-02,  1.2775339797376e-04,  3.0418696860627e-05, -1.2230720890433e-02,                 -nan,                 -nan,  3.7514488979021e-03, -9.7022656549101e-01,  6.0894715000000e-01,  9.0494858691540e-01,              2579888
  4.6404701643673e+00,  0.0000000000000e+00,  1.0076386801399e+00,  1.6885932733940e-01,  3.8308936503530e-02,  1.2185675858212e-04,  1.1077515089976e-04, -1.3449722813368e-02,                 -nan,                 -nan,  2.8635153248958e-03, -8.1049222790032e-01,  5.8192501100000e-01,  9.0058676965822e-01,              2579888
  4.6396933741208e+00,  0.0000000000000e+00,  1.0107090413260e+00,  1.6830705863256e-01,  6.3478108999113e-02,  1.5685976647996e-04,  2.6226389145151e-04, -2.4473749799418e-02,                 -nan,                 -nan,  1.5768542253576e-02, -1.8442610878063e+00,  5.6488847100000e-01,  9.0267794570927e-01,              2579888
  4.6375512981468e+00,  0.0000000000000e+00,  1.0116311457369e+00,  1.6868737601998e-01,  5.0603483916156e-02,  1.4005215079605e-04,  3.0828905308583e-05, -1.4053331325331e-02,                 -nan,                 -nan,  8.6823986286474e-03, -1.2285245312151e+00,  5.7387412600000e-01,  9.0195543372425e-01,              2579888
  4.6360288309867e+00,  0.0000000000000e+00,  1.0117482208575e+00,  1.6843280055896e-01,  8.7733859893318e-02,  1.8440945832022e-04,  8.9537795313668e-05, -3.0130809065716e-02,                 -nan,                 -nan,  1.5537385876985e-02, -3.5561460510325e+00,  5.4761988200000e-01,  9.0187209677319e-01,              2579888
  4.6352891250398e+00,  0.0000000000000e+00,  1.0124843250716e+00,  1.6862566068881e-01,  4.7331421980331e-02,  1.3544854677843e-04,  7.7597153399713e-05, -1.4079822928050e-02,                 -nan,                 -nan,  9.9076309429734e-03, -1.0400154729856e+00,  5.7481779600000e-01,  9.0680641950348e-01,              2579888
  4.6345482145209e+00,  0.0000000000000e+00,  1.0118235087949e+00,  1.6856679670145e-01,  5.5146694001207e-02,  1.4620402022880e-04,  1.8919516039099e-04, -1.6666052971094e-02,                 -nan,                 -nan,  8.0119178552172e-03, -1.5999474814194e+00,  5.4069087300000e-01,  9.0160580614352e-01,              2579888
  4.6327857367773e+00,  0.0000000000000e+00,  1.0112247126454e+00,  1.6841486006750e-01,  6.4389690859022e-02,  1.5798204955406e-04,  1.2042637442338e-04, -2.3652403316675e-02,                 -nan,                 -nan,  1.5894958685060e-02, -1.7231540872711e+00,  5.6062222900000e-01,  9.0618507470092e-01,              2579888
  4.6311753974643e+00,  0.0000000000000e+00,  1.0086421638252e+00,  1.6837678041896e-01,  4.6512047500686e-02,  1.3427102453416e-04,  7.3533434221848e-05, -1.3578620466670e-02,                 -nan,                 -nan,  9.5733767248182e-03, -1.0613307238753e+00,  5.6695627500000e-01,  9.0535209280403e-01,              2579888
  4.6296660633216e+00,  0.0000000000000e+00,  1.0051191205300e+00,  1.6846883951366e-01,  4.8202512733577e-02,  1.3668926642872e-04,  5.5943870289163e-05, -1.4607410515775e-02,                 -nan,                 -nan,  1.0316837734894e-02, -1.0932337914021e+00,  5.6194435100000e-01,  9.0464818627785e-01,              2579888
  4.6284836899407e+00,  0.0000000000000e+00,  1.0005867026774e+00,  1.6897979759308e-01,  2.9053718827091e-02,  1.0612078121115e-04, -1.6495641786989e-04, -9.7855688064376e-03,                 -nan,                 -nan, -3.3930793851563e-03, -5.4719280400142e-01,  5.6538454600000e-01,  9.0351557897087e-01,              2579888
  4.6296372205115e+00,  0.0000000000000e+00,  9.9823110696815e-01,  1.6855436925644e-01,  4.1813455911167e-02,  1.2730855995223e-04,  1.3563780183719e-05, -1.2180995058696e-02,                 -nan,                 -nan,  5.7181936672959e-03, -9.1280254373745e-01,  5.5695911300000e-01,  9.0137943972762e-01,              2579888
  4.6311670914601e+00,  0.0000000000000e+00,  9.9578480930652e-01,  1.6874911079001e-01,  3.7094979257156e-02,  1.1991047961222e-04, -5.5111085343770e-07, -1.3048826610744e-02,                 -nan,                 -nan,  1.5282130196020e-03, -7.7314167495055e-01,  5.7992627900000e-01,  9.0300625453508e-01,              2579888
  4.6332275719426e+00,  0.0000000000000e+00,  9.9423846922175e-01,  1.6878850998129e-01,  3.0639869050727e-02,  1.0897905212854e-04,  2.0425095115261e-05, -1.0592750221571e-02,                 -nan,                 -nan, -1.0853140354578e-03, -5.7649625790985e-01,  5.7194542000000e-01,  9.0364620479649e-01,              2579888
  4.6354217162740e+00,  0.0000000000000e+00,  9.9396195848891e-01,  1.6861925984951e-01,  3.9449629117104e-02,  1.2365766343482e-04,  9.2844668007756e-05, -1.3617079991551e-02,                 -nan,                 -nan,  2.7534407246886e-03, -8.7673134567261e-01,  5.6379448800000e-01,  9.0543969350607e-01,              2579888
  4.6371410745524e+00,  0.0000000000000e+00,  9.9417160488154e-01,  1.6876808312359e-01,  4.0489175245061e-02,  1.2527633485231e-04,  6.6433163684268e-05, -1.1569733528851e-02,                 -nan,                 -nan,  1.2627351447250e-03, -9.3410147326085e-01,  5.4171952800000e-01,  9.0896426511538e-01,              2579888
  4.6386007933174e+00,  0.0000000000000e+00,  9.9531971255300e-01,  1.6870142626837e-01,  5.2058622817022e-02,  1.4205152851560e-04,  2.9633263481354e-05, -1.6835988312583e-02,                 -nan,                 -nan,  3.2233237548062e-03, -1.5604598922034e+00,  5.5204795100000e-01,  9.0246940952475e-01,              2579888
  4.6404837157595e+00,  0.0000000000000e+00,  9.9764191143149e-01,  1.6858311417545e-01,  5.6968567146251e-02,  1.4859945682563e-04,  1.1410863077735e-04, -2.4299866786062e-02,                 -nan,                 -nan,  7.8829157742958e-03, -1.7281552391094e+00,  5.6914012500000e-01,  9.0528929938044e-01,              2579888
  4.6422571750116e+00,  0.0000000000000e+00,  9.9994758138055e-01,  1.6866624294414e-01,  3.9758366115723e-02,  1.2414059942060e-04,  9.2010477316002e-05, -1.3341761699986e-02,                 -nan,                 -nan,  5.1145498719786e-03, -8.2324136038637e-01,  5.6774458700000e-01,  9.0670408947985e-01,              2579888
  4.6435908465985e+00,  0.0000000000000e+00,  1.0017431570939e+00,  1.6884674646575e-01,  3.3147741993387e-02,  1.1335131132078e-04,  7.6565373507597e-05, -1.0195103061363e-02,                 -nan,                 -nan, -1.3890983865726e-04, -6.7324415245667e-01,  5.6183265800000e-01,  9.0585676587511e-01,              2579888
  4.6445250334686e+00,  0.0000000000000e+00,  1.0043488803169e+00,  1.6851844895822e-01,  5.8309512066381e-02,  1.5033817620800e-04,  1.7907390447899e-04, -1.8308055888089e-02,                 -nan,                 -nan,  1.2502526522442e-02, -1.5011282742228e+00,  5.8334932600000e-01,  9.0383536029471e-01,              2579888
  4.6444513571122e+00,  0.0000000000000e+00,  1.0052837544973e+00,  1.6844456315195e-01,  4.6879982754408e-02,  1.3480105631643e-04,  1.5879149853729e-04, -1.3607326272069e-02,                 -nan,                 -nan,  9.0368472003855e-03, -1.1064739482223e+00,  5.4860001000000e-01,  9.0165619592789e-01,              2579888
  4.6434360765141e+00,  0.0000000000000e+00,  1.0051364801101e+00,  1.6850800205718e-01,  4.4053590574153e-02,  1.3067431415651e-04,  1.6535062699239e-04, -1.2958775221783e-02,                 -nan,                 -nan,  6.3794375692908e-03, -1.0379611064750e+00,  5.6856497600000e-01,  9.0541798713743e-01,              2579888
  4.6414702909854e+00,  0.0000000000000e+00,  1.0046677545710e+00,  1.6843314766926e-01,  5.3375626377673e-02,  1.4383714892455e-04,  1.5693830299548e-04, -1.6765614500581e-02,                 -nan,                 -nan,  1.2525251341478e-02, -1.2958836900357e+00,  5.6898415100000e-01,  9.0107128681555e-01,              2579888
  4.6389347442732e+00,  0.0000000000000e+00,  1.0025399873875e+00,  1.6881384092742e-01,  4.9107208571425e-02,  1.3796603959419e-04,  2.6382509065396e-06, -1.2851130313808e-02,                 -nan,                 -nan,  4.7930700056287e-03, -1.2692540373850e+00,  6.6756672200000e-01,  9.0903132228996e-01,              2579888
  4.6372963940730e+00,  0.0000000000000e+00,  1.0010619983230e+00,  1.6879968684369e-01,  3.3630533950379e-02,  1.1417379982907e-04,  6.0006602410755e-05, -1.1502296875817e-02,                 -nan,                 -nan,  6.1965462460221e-04, -6.6783665289137e-01,  5.5624931300000e-01,  9.0671998164261e-01,              2579888
  4.6357941787821e+00,  0.0000000000000e+00,  1.0004996703245e+00,  1.6852401186862e-01,  5.7059853958950e-02,  1.4871846755015e-04,  9.0850455445768e-05, -2.1627541138174e-02,                 -nan,                 -nan,  9.4141463471841e-03, -1.5412873666649e+00,  5.6385424100000e-01,  9.0936505770793e-01,              2579888
  4.6346222484364e+00,  0.0000000000000e+00,  9.9950998179207e-01,  1.6828141630952e-01,  4.9751457545059e-02,  1.3886809506277e-04,  2.0451187723924e-04, -1.8375237388813e-02,                 -nan,                 -nan,  1.0851360589330e-02, -1.1530752543263e+00,  6.2820049500000e-01,  9.0471950720341e-01,              2579888
  4.6323850642323e+00,  0.0000000000000e+00,  9.9718112522820e-01,  1.6833630043735e-01,  6.1305319507058e-02,  1.5415181902789e-04,  1.2003225162068e-04, -2.2602430155869e-02,                 -nan,                 -nan,  1.0849429081769e-02, -1.8193537409578e+00,  5.6815378200000e-01,  8.9998015417724e-01,              2579888
  4.6302957446698e+00,  0.0000000000000e+00,  9.9458718787625e-01,  1.6864513610188e-01,  4.0670390496608e-02,  1.2555636818920e-04,  7.9074783931166e-05, -1.5158946897959e-02,                 -nan,                 -nan,  3.1054392936741e-03, -9.1207777652357e-01,  5.8911171800000e-01,  9.0591141941046e-01,              2579888
  4.6283789021034e+00,  0.0000000000000e+00,  9.9266271825340e-01,  1.6855755592218e-01,  4.0229745952982e-02,  1.2487434372010e-04, -1.0529520149662e-04, -9.3227425815937e-03,                 -nan,                 -nan,  1.9049615988342e-03, -9.2557183352157e-01,  5.7496389300000e-01,  8.9947005451399e-01,              2579888
  4.6282517189837e+00,  0.0000000000000e+00,  9.9170156830396e-01,  1.6868935347167e-01,  3.7549829129583e-02,  1.2064339673017e-04, -1.8139395407728e-04, -5.9640372279703e-03,                 -nan,                 -nan,  1.2883143893851e-04, -9.4375079689248e-01,  5.2913247400000e-01,  9.0319928617056e-01,              2579888
  4.6303528184700e+00,  0.0000000000000e+00,  9.9213781262551e-01,  1.6854656604258e-01,  5.0400712665561e-02,  1.3977127037649e-04,  2.5185691052040e-05, -1.7915391539118e-02,                 -nan,                 -nan,  7.3183029663426e-03, -1.2255560833893e+00,  5.5116104500000e-01,  9.0269228741713e-01,              2579888
  4.6329210544977e+00,  0.0000000000000e+00,  9.9219298238099e-01,  1.6882458828003e-01,  3.2879630791761e-02,  1.1289196692560e-04, -3.7296744494482e-05, -8.3719757962115e-03,                 -nan,                 -nan, -8.9041379105153e-04, -6.4751815125412e-01,  5.6347366100000e-01,  9.0448655135417e-01,              2579888
  4.6360651200328e+00,  0.0000000000000e+00,  9.9341416729400e-01,  1.6859343190227e-01,  5.3421198337974e-02,  1.4389853970097e-04, -1.0351606139457e-05, -9.8007373750151e-03,                 -nan,                 -nan,  2.9781115321962e-03, -1.8407614236724e+00,  6.4246760200000e-01,  9.0300199078410e-01,              2579888
  4.6395208211598e+00,  0.0000000000000e+00,  9.9627713556174e-01,  1.6867499377841e-01,  4.4131763920845e-02,  1.3079020392388e-04,  2.7979478597856e-05, -1.5131008806069e-02,                 -nan,                 -nan,  5.2116722492451e-03, -1.0192805274992e+00,  5.6142155100000e-01,  9.0035768994623e-01,              2579888
  4.6431351685415e+00,  0.0000000000000e+00,  9.9882375283302e-01,  1.6866677623271e-01,  4.3513357893503e-02,  1.2987060782984e-04,  5.4660780536595e-05, -1.5284042197402e-02,                 -nan,                 -nan,  3.4809443185891e-03, -1.0296986170506e+00,  5.3919044800000e-01,  9.0065925342495e-01,              2579888
  4.6466204499867e+00,  0.0000000000000e+00,  1.0015914025569e+00,  1.6855670027311e-01,  5.6632843860512e-02,  1.4816095172220e-04,  2.9231359972920e-04, -1.9768152525676e-02,                 -nan,                 -nan,  1.0362808876121e-02, -1.5326747144951e+00,  5.7410317700000e-01,  9.0145192349435e-01,              2579888
  4.6477180742819e+00,  0.0000000000000e+00,  1.0033166175472e+00,  1.6852295628226e-01,  8.1197032109902e-02,  1.7740655045819e-04,  1.8049175912003e-04, -2.4455112328513e-02,                 -nan,                 -nan,  1.2359941973348e-02, -3.1809929398696e+00,  5.4803136400000e-01,  9.0775801120049e-01,              2579888
  4.6480942588319e+00,  0.0000000000000e+00,  1.0058778475063e+00,  1.6848281062129e-01,  4.8003044532664e-02,  1.3640615434896e-04,  1.9798364442572e-04, -1.6011507010597e-02,                 -nan,                 -nan,  1.0644642201421e-02, -1.0816715691712e+00,  5.4787024900000e-01,  9.0331673312950e-01,              2579888
  4.6471921965764e+00,  0.0000000000000e+00,  1.0066937401681e+00,  1.6874113341926e-01,  3.8132318364761e-02,  1.2157553206677e-04,  1.5072282094234e-04, -1.3322362245602e-02,                 -nan,                 -nan,  4.3353191475396e-03, -7.8790815077886e-01,  5.9396393400000e-01,  9.0495750203110e-01,              2579888
  4.6454945877661e+00,  0.0000000000000e+00,  1.0073161915562e+00,  1.6877367291273e-01,  4.3497058799746e-02,  1.2984628229423e-04,  4.6482344612317e-05, -1.3993945715537e-02,                 -nan,                 -nan,  4.2291503565793e-03, -1.0620980376802e+00,  6.3601025800000e-01,  8.9729592912561e-01,              2579888
  4.6442127010827e+00,  0.0000000000000e+00,  1.0081848792215e+00,  1.6888931942789e-01,  3.4194282894784e-02,  1.1512677097966e-04, -1.4290617027064e-05, -9.5801863418242e-03,                 -nan,                 -nan,  1.3182496786422e-03, -6.7209063024742e-01,  5.7024024000000e-01,  9.0624554244215e-01,              2579888
  4.6437138950217e+00,  0.0000000000000e+00,  1.0095493667466e+00,  1.6875564238001e-01,  3.7093961516645e-02,  1.1990883466467e-04,  5.7400278695014e-05, -1.0853017307234e-02,                 -nan,                 -nan,  3.4458533402008e-03, -7.8557921183437e-01,  5.5185408900000e-01,  9.0403614420471e-01,              2579888
  4.6432314188035e+00,  0.0000000000000e+00,  1.0109161721597e+00,  1.6884951170189e-01,  3.8830990804231e-02,  1.2268424929363e-04,  4.6849974920393e-05, -1.1650686867190e-02,                 -nan,                 -nan,  3.4067617284265e-03, -8.6946904399698e-01,  5.6401187200000e-01,  9.0634322110107e-01,              2579888
  4.6429172335112e+00,  0.0000000000000e+00,  1.0124161027028e+00,  1.6877036633137e-01,  4.2108157854743e-02,  1.2775640866696e-04,  1.0492142746176e-04, -1.4822676040850e-02,                 -nan,                 -nan,  5.3209420134319e-03, -9.8058096805033e-01,  5.7349268000000e-01,  9.0910845742141e-01,              2579888
  4.6423083846094e+00,  0.0000000000000e+00,  1.0136479061641e+00,  1.6849468792990e-01,  6.4263332673668e-02,  1.5782696162026e-04,  2.3985555352528e-04, -2.0821086493368e-02,                 -nan,                 -nan,  1.3581467007081e-02, -1.9272904357180e+00,  5.5853093000000e-01,  9.0350976476498e-01,              2579888
  4.6403254302891e+00,  0.0000000000000e+00,  1.0136287949769e+00,  1.6872673874051e-01,  4.1751005829461e-02,  1.2721345419514e-04,  6.7604790628484e-05, -1.1869131928145e-02,                 -nan,                 -nan,  5.3322652228333e-03, -9.6545616318519e-01,  5.3685588500000e-01,  9.0694324714871e-01,              2579888
  4.6384515551032e+00,  0.0000000000000e+00,  1.0134670489716e+00,  1.6888981240665e-01,  3.9263426983200e-02,  1.2336548635365e-04, -2.5057052951542e-05, -1.2915879927153e-02,                 -nan,                 -nan,  5.3271336263626e-03, -8.1096201149643e-01,  5.5608535300000e-01,  9.0771963744163e-01,              2579888
  4.6377133593126e+00,  0.0000000000000e+00,  1.0129568581247e+00,  1.6890087862667e-01,  3.4845104676107e-02,  1.1621721409386e-04, -6.9042967303596e-05, -9.4053341515084e-03,                 -nan,                 -nan,  3.0984965622371e-03, -6.7780139839090e-01,  5.9768234400000e-01,  9.0492881861538e-01,              2579888
  4.6382778814017e+00,  0.0000000000000e+00,  1.0125805282404e+00,  1.6868590647194e-01,  3.8340348491373e-02,  1.2190670748481e-04,  7.5735079819309e-05, -1.2322198306767e-02,                 -nan,                 -nan,  5.7398151571466e-03, -7.7309524311537e-01,  5.4523534500000e-01,  9.0267135627593e-01,              2579888
  4.6386367676740e+00,  0.0000000000000e+00,  1.0117036177484e+00,  1.6851038687787e-01,  6.9537242214622e-02,  1.6417548398387e-04,  1.8078255656056e-04, -2.8490070885979e-02,                 -nan,                 -nan,  1.4956344789317e-02, -2.0902704296597e+00,  5.5154999600000e-01,  9.0020341968334e-01,              2579888
  4.6385534297692e+00,  0.0000000000000e+00,  1.0096216184161e+00,  1.6896367266678e-01,  3.7287107109599e-02,  1.2022060769086e-04, -1.7614877795760e-06, -1.2166438399789e-02,                 -nan,                 -nan,  1.6111208884953e-03, -8.2499516988283e-01,  6.3892452700000e-01,  9.0348844601006e-01,              2579888
  4.6391428495504e+00,  0.0000000000000e+00,  1.0084684618597e+00,  1.6855983632814e-01,  4.8461221346471e-02,  1.3705558932849e-04,  1.5171079613394e-04, -1.5214187023354e-02,                 -nan,                 -nan,  1.0419895294241e-02, -1.0857698542692e+00,  5.8923655900000e-01,  9.0727271881570e-01,              2579888
  4.6388701918560e+00,  0.0000000000000e+00,  1.0059981164454e+00,  1.6834103939257e-01,  4.9095157802881e-02,  1.3794911031975e-04,  1.5600850175166e-04, -1.4201824076614e-02,                 -nan,                 -nan,  1.1657505045692e-02, -1.1092862579019e+00,  5.4722184100000e-01,  9.0010651625187e-01,              2579888
  4.6377213760355e+00,  0.0000000000000e+00,  1.0020243260850e+00,  1.6872178797339e-01,  5.4145529743187e-02,  1.4487080631655e-04,  3.8571420610047e-05, -1.7504584663686e-02,                 -nan,                 -nan,  7.8529387530789e-03, -1.4830297652332e+00,  5.3734691500000e-01,  9.0611491661654e-01,              2579888
  4.6372072296134e+00,  0.0000000000000e+00,  9.9831864995519e-01,  1.6821518486298e-01,  9.2086826670337e-02,  1.8892887018392e-04,  2.4776053544043e-04, -2.7458038975262e-02,                 -nan,                 -nan,  2.0517847036073e-02, -3.1048239920866e+00,  5.6815246200000e-01,  9.0623391403038e-01,              2579888
  4.6355693341503e+00,  0.0000000000000e+00,  9.9355142310058e-01,  1.6892284723181e-01,  3.2537471644582e-02,  1.1230303029952e-04, -6.6319537938462e-05, -9.9460193530873e-03,                 -nan,                 -nan, -1.6136116391725e-03, -6.4635411041670e-01,  5.5282950000000e-01,  9.0533620064127e-01,              2579888
  4.6353296804795e+00,  0.0000000000000e+00,  9.9065221796402e-01,  1.6849983783680e-01,  4.1205498659623e-02,  1.2637965366969e-04, -5.2945376903888e-05, -1.1837291108614e-02,                 -nan,                 -nan,  3.0176261880609e-03, -9.6460115865551e-01,  5.6247719700000e-01,  9.0745257158450e-01,              2579888
  4.6363068927200e+00,  0.0000000000000e+00,  9.8855919959677e-01,  1.6855162930459e-01,  4.1509266945627e-02,  1.2684463575102e-04,  1.5186723259580e-05, -1.2871988941073e-02,                 -nan,                 -nan,  5.5548777302940e-03, -8.5866141350364e-01,  5.6587863800000e-01,  9.0550054886104e-01,              2579888
  4.6377106804734e+00,  0.0000000000000e+00,  9.8631112966864e-01,  1.6876668271321e-01,  3.5055772577771e-02,  1.1656799999152e-04, -1.2677248472053e-05, -9.4889347503670e-03,                 -nan,                 -nan, -2.9550753727689e-04, -7.2177540543609e-01,  5.4331675400000e-01,  9.0325161402355e-01,              2579888
  4.6396156431861e+00,  0.0000000000000e+00,  9.8540993500147e-01,  1.6852304007091e-01,  5.2259593178160e-02,  1.4232545669728e-04,  1.0047568399835e-04, -1.8390475610867e-02,                 -nan,                 -nan,  4.7649731999301e-03, -1.4610905247577e+00,  5.8550084100000e-01,  9.0408188262436e-01,              2579888
  4.6412409149147e+00,  0.0000000000000e+00,  9.8532916308336e-01,  1.6862817048749e-01,  3.6048308363649e-02,  1.1820667965916e-04,  6.9508197783569e-05, -1.2196992656665e-02,                 -nan,                 -nan,  7.9377582858458e-05, -7.6683216569959e-01,  5.8508957700000e-01,  9.0399350669486e-01,              2579888
  4.6426141215135e+00,  0.0000000000000e+00,  9.8633689286408e-01,  1.6863088989171e-01,  3.1778414679979e-02,  1.1098535811655e-04,  6.4734196070472e-05, -1.0603424953243e-02,                 -nan,                 -nan, -1.9673988199274e-03, -6.4630542197792e-01,  5.8496758000000e-01,  9.0223761651669e-01,              2579888
  4.6437260122258e+00,  0.0000000000000e+00,  9.8873880620917e-01,  1.6830155666076e-01,  5.6694465284806e-02,  1.4824153576205e-04,  1.9637775095928e-04, -2.0751363359896e-02,                 -nan,                 -nan,  9.0890159409958e-03, -1.5710422488019e+00,  5.7200496800000e-01,  9.0661920207389e-01,              2579888
  4.6437368596317e+00,  0.0000000000000e+00,  9.9054731808074e-01,  1.6854661298682e-01,  4.1752205914011e-02,  1.2721528248408e-04,  9.5964616800570e-05, -1.1469438341240e-02,                 -nan,                 -nan,  3.6169759034387e-03, -9.7768247758663e-01,  6.1178000700000e-01,  9.0986352895940e-01,              2579888
  4.6433333966631e+00,  0.0000000000000e+00,  9.9254283947893e-01,  1.6861261999737e-01,  4.7012062105301e-02,  1.3499081655185e-04,  1.2242468338706e-04, -1.5495698641330e-02,                 -nan,                 -nan,  5.2352428444645e-03, -1.1590856187162e+00,  5.7584457700000e-01,  8.9949176088264e-01,              2579888
  4.6424886042069e+00,  0.0000000000000e+00,  9.9450215423639e-01,  1.6871735808444e-01,  3.4393566660575e-02,  1.1546176215166e-04,  9.1737616365846e-05, -1.2035040224367e-02,                 -nan,                 -nan,  1.1143239269170e-03, -6.8647699762096e-01,  5.5636094700000e-01,  9.0307486216456e-01,              2579888
  4.6413892455283e+00,  0.0000000000000e+00,  9.9693588980255e-01,  1.6855776817212e-01,  4.9672258272466e-02,  1.3875751907997e-04,  3.4634190541155e-05, -1.3239120170192e-02,                 -nan,                 -nan,  5.5370532071346e-03, -1.2951743626242e+00,  6.0061197800000e-01,  8.9869947842697e-01,              2579888
  4.6407375510926e+00,  0.0000000000000e+00,  9.9939957787417e-01,  1.6827665399655e-01,  6.1064732724344e-02,  1.5384904474960e-04,  1.6286401188627e-04, -1.8480329452168e-02,                 -nan,                 -nan,  1.2991101566155e-02, -1.6919869717592e+00,  5.6941756000000e-01,  9.0821655823819e-01,              2579888
  4.6393941395447e+00,  0.0000000000000e+00,  1.0003076703921e+00,  1.6865327557658e-01,  3.4903665265728e-02,  1.1631483026712e-04, -1.1142249793916e-06, -8.9389620585911e-03,                 -nan,                 -nan,  2.1659814684308e-03, -6.9017615038671e-01,  5.5617084600000e-01,  9.0789251316336e-01,              2579888
  4.6386762919364e+00,  0.0000000000000e+00,  1.0014972289342e+00,  1.6845826687287e-01,  4.4770866549754e-02,  1.3173383162139e-04,  1.5017810841070e-04, -1.3463403818803e-02,                 -nan,                 -nan,  7.7155646176329e-03, -1.0302380427335e+00,  5.5901336900000e-01,  9.0583971087117e-01,              2579888
  4.6371390934302e+00,  0.0000000000000e+00,  1.0018265464250e+00,  1.6878128964731e-01,  3.7439716292974e-02,  1.2046637675190e-04,  6.5355888589617e-05, -1.2195566492809e-02,                 -nan,                 -nan,  2.7607223511773e-03, -7.6713762386871e-01,  5.5437187300000e-01,  9.0171162469068e-01,              2579888
  4.6357071270411e+00,  0.0000000000000e+00,  1.0024345290414e+00,  1.6875583628885e-01,  3.8574803053005e-02,  1.2227887444676e-04,  1.1349787872782e-05, -1.3973422459602e-02,                 -nan,                 -nan,  4.7423627104594e-03, -7.9165458362977e-01,  6.1587795100000e-01,  9.0061661591511e-01,              2579888
  4.6350475990101e+00,  0.0000000000000e+00,  1.0027549409176e+00,  1.6903181606140e-01,  3.1791025415957e-02,  1.1100737728015e-04, -9.6834844972948e-05, -8.9762657999765e-03,                 -nan,                 -nan, -1.8247950792643e-03, -6.2938429757814e-01,  5.3195440100000e-01,  9.0633120507557e-01,              2579888
  4.6359797686953e+00,  0.0000000000000e+00,  1.0044839873501e+00,  1.6845070642856e-01,  5.0590729776765e-02,  1.4003450026015e-04,  1.1311225468283e-04, -1.4471678343151e-02,                 -nan,                 -nan,  1.0276180604203e-02, -1.2225997818187e+00,  5.7443411900000e-01,  9.0923753279212e-01,              2579888
  4.6363803879463e+00,  0.0000000000000e+00,  1.0048336909464e+00,  1.6853591433081e-01,  4.9201961067393e-02,  1.3809907837963e-04,  1.3756724567111e-04, -1.7374206295978e-02,                 -nan,                 -nan,  1.0305676066412e-02, -1.1591795884002e+00,  5.8249576000000e-01,  9.0745102112960e-01,              2579888
  4.6361946198978e+00,  0.0000000000000e+00,  1.0038415239518e+00,  1.6839874702278e-01,  7.1205130312950e-02,  1.6613273567079e-04,  1.9321718776716e-04, -3.0693260923682e-02,                 -nan,                 -nan,  1.4078232678227e-02, -2.4980535498448e+00,  5.9109678200000e-01,  9.0441794372469e-01,              2579888
  4.6355983085981e+00,  0.0000000000000e+00,  1.0024872462278e+00,  1.6879798788373e-01,  3.4108157986205e-02,  1.1498169506273e-04,  1.2415695957536e-04, -1.1954756388026e-02,                 -nan,                 -nan,  2.4457667894022e-03, -6.5811401290605e-01,  5.8430711100000e-01,  9.0535906985109e-01,              2579888
  4.6343659926751e+00,  0.0000000000000e+00,  1.0015124923224e+00,  1.6874703376618e-01,  3.1721166601527e-02,  1.1088534427629e-04, -7.1037562347621e-06, -9.9633230938839e-03,                 -nan,                 -nan, -2.3442642699598e-04, -6.1120267872343e-01,  5.7499949900000e-01,  9.0509277922142e-01,              2579888
  4.6338712174014e+00,  0.0000000000000e+00,  1.0015904922090e+00,  1.6845999432025e-01,  5.0253453519954e-02,  1.3956693145786e-04,  1.8661376518485e-04, -1.9375553627899e-02,                 -nan,                 -nan,  8.5755799480831e-03, -1.2557984216886e+00,  5.7079583000000e-01,  9.0662346582487e-01,              2579888
  4.6324555866714e+00,  0.0000000000000e+00,  1.0009932758835e+00,  1.6881807061907e-01,  3.5556670688037e-02,  1.1739784327160e-04, -8.4981617009180e-05, -9.7976095092187e-03,                 -nan,                 -nan,  1.1187261070361e-03, -7.1261805088752e-01,  5.4831644900000e-01,  9.0673005959949e-01,              2579888
  4.6326298397813e+00,  0.0000000000000e+00,  1.0011663110308e+00,  1.6876736595880e-01,  3.8272979443229e-02,  1.2179955731458e-04, -5.2583714812507e-05, -1.2883548185022e-02,                 -nan,                 -nan,  3.6877834577381e-03, -7.8839530534095e-01,  5.6100388700000e-01,  9.0455205807384e-01,              2579888
  4.6340511401735e+00,  0.0000000000000e+00,  1.0013961943456e+00,  1.6861701394169e-01,  4.3354769921684e-02,  1.2963372980617e-04,  2.6342451166409e-05, -1.3934126400994e-02,                 -nan,                 -nan,  5.2101464830729e-03, -1.0012490068045e+00,  5.4323856400000e-01,  9.0741458543937e-01,              2579888
  4.6358000508283e+00,  0.0000000000000e+00,  1.0015438758001e+00,  1.6861899769056e-01,  4.8208108583650e-02,  1.3669720035581e-04,  6.9837982718908e-05, -1.6834253245645e-02,                 -nan,                 -nan,  6.9695835812763e-03, -1.1789497435026e+00,  6.1003378200000e-01,  9.0657850263267e-01,              2579888
  4.6375307791993e+00,  0.0000000000000e+00,  1.0013634176889e+00,  1.6831654143299e-01,  4.8982035380829e-02,  1.3779009120586e-04,  1.3862010783821e-04, -1.4934951177375e-02,                 -nan,                 -nan,  9.7793928100217e-03, -1.2081659870912e+00,  5.6680698200000e-01,  9.0347759282574e-01,              2579888
  4.6383966897852e+00,  0.0000000000000e+00,  1.0001102963740e+00,  1.6861725309935e-01,  4.1920817665997e-02,  1.2747189622389e-04,  4.1095280371965e-05, -1.3716393563003e-02,                 -nan,                 -nan,  4.8098254698421e-03, -9.5146015909333e-01,  5.7619576900000e-01,  9.0530247824712e-01,              2579888
  4.6394748053011e+00,  0.0000000000000e+00,  9.9896604277524e-01,  1.6831513259672e-01,  6.3268115675938e-02,  1.5660009593147e-04,  2.1191549177246e-04, -2.4428694582917e-02,                 -nan,                 -nan,  1.3818305331425e-02, -1.7370414515490e+00,  5.7891716000000e-01,  9.0411870592832e-01,              2579888
  4.6394715894107e+00,  0.0000000000000e+00,  9.9643832293219e-01,  1.6857597637163e-01,  5.5644892945250e-02,  1.4686294386260e-04,  1.2940324247982e-04, -2.0065852363964e-02,                 -nan,                 -nan,  7.9658766714046e-03, -1.5950703045015e+00,  6.0668280300000e-01,  9.0394040361442e-01,              2579888
  4.6391529937387e+00,  0.0000000000000e+00,  9.9416391628276e-01,  1.6856281967913e-01,  4.7382909723619e-02,  1.3552219810939e-04,  1.0752390408815e-04, -1.8683785599188e-02,                 -nan,                 -nan,  5.4284165396118e-03, -1.1901720100443e+00,  5.7059398000000e-01,  9.0473229845637e-01,              2579888
  4.6387126755436e+00,  0.0000000000000e+00,  9.9226777386070e-01,  1.6869843653395e-01,  3.8364508710459e-02,  1.2194511126865e-04,  6.8439548722335e-05, -9.3279965588332e-03,                 -nan,                 -nan,  9.3711447209370e-04, -9.1202658082021e-01,  5.7835239100000e-01,  9.0526139119218e-01,              2579888
  4.6380788549599e+00,  0.0000000000000e+00,  9.9162066915613e-01,  1.6863927281581e-01,  3.6459039895925e-02,  1.1887819100070e-04, -2.2777446002502e-05, -1.1177300654780e-02,                 -nan,                 -nan,  5.9562376695341e-04, -7.9029665998099e-01,  5.8728806800000e-01,  9.0269034934850e-01,              2579888
  4.6383643619233e+00,  0.0000000000000e+00,  9.9202016070280e-01,  1.6883409685574e-01,  2.7035717252003e-02,  1.0236901433315e-04, -1.7158571920697e-05, -8.6792676505421e-03,                 -nan,                 -nan, -4.5363282656060e-03, -4.8410072223481e-01,  5.9007854700000e-01,  9.0143641894532e-01,              2579888
  4.6392810907092e+00,  0.0000000000000e+00,  9.9441179646898e-01,  1.6861895861208e-01,  4.3884246714137e-02,  1.3042291353800e-04,  1.0857463003207e-04, -1.6244067535106e-02,                 -nan,                 -nan,  4.3753914612087e-03, -1.0450042276796e+00,  5.5870526300000e-01,  9.0348534510025e-01,              2579888
  4.6398086755054e+00,  0.0000000000000e+00,  9.9681476309769e-01,  1.6845616554475e-01,  4.3828007656396e-02,  1.3033931619059e-04,  1.3472886859584e-04, -1.5471507277889e-02,                 -nan,                 -nan,  8.2435067932586e-03, -9.2563417166718e-01,  5.8061383700000e-01,  9.0437336814621e-01,              2579888
  4.6396579030377e+00,  0.0000000000000e+00,  9.9792040916883e-01,  1.6862976202863e-01,  4.4749795012578e-02,  1.3170282751945e-04,  1.2852855228274e-04, -1.7291025931122e-02,                 -nan,                 -nan,  3.6497263623447e-03, -1.1269776748163e+00,  6.1189231500000e-01,  9.0491796543106e-01,              2579888
  4.6390626690538e+00,  0.0000000000000e+00,  9.9949742679599e-01,  1.6864494277634e-01,  4.0797514619784e-02,  1.2575244191623e-04,  8.1968004604455e-05, -1.1986405115359e-02,                 -nan,                 -nan,  4.4373079608797e-03, -8.9615394269968e-01,  5.7565751400000e-01,  9.0477416073876e-01,              2579888
  4.6382856083309e+00,  0.0000000000000e+00,  1.0009308577752e+00,  1.6857444878270e-01,  6.7544389495500e-02,  1.6180584808274e-04,  7.7974181537467e-05, -2.5994820057536e-02,                 -nan,                 -nan,  8.9106995565875e-03, -2.3456484199795e+00,  5.5536141300000e-01,  9.0311401115087e-01,              2579888
  4.6381545019389e+00,  0.0000000000000e+00,  1.0030477698563e+00,  1.6856732841994e-01,  4.3718641298544e-02,  1.3017659330148e-04,  8.7555791541459e-05, -1.3714407642020e-02,                 -nan,                 -nan,  6.5835034537139e-03, -1.0175802335275e+00,  5.9078090900000e-01,  9.0569474333770e-01,              2579888
  4.6378285506762e+00,  0.0000000000000e+00,  1.0045157191145e+00,  1.6869433050501e-01,  5.3922024250727e-02,  1.4457149347684e-04,  7.9904607854363e-05, -1.4358147136800e-02,                 -nan,                 -nan,  6.0446301848408e-03, -1.7078802758906e+00,  5.6426209700000e-01,  9.0331401983342e-01,              2579888
  4.6374459911557e+00,  0.0000000000000e+00,  1.0065702821277e+00,  1.6877651133524e-01,  4.1958306027137e-02,  1.2752888037717e-04,  4.9134972428575e-05, -1.3901635988064e-02,                 -nan,                 -nan,  5.2100649136209e-03, -9.5236592767541e-01,  5.5654537700000e-01,  9.0727310642943e-01,              2579888
  4.6373248459251e+00,  0.0000000000000e+00,  1.0082894123859e+00,  1.6869648074144e-01,  5.1727671387388e-02,  1.4159927767082e-04,  5.5731247957936e-05, -1.3697062191552e-02,                 -nan,                 -nan,  7.0283794226869e-03, -1.3298539116580e+00,  5.5659848200000e-01,  9.0857006195618e-01,              2579888
  4.6373557485319e+00,  0.0000000000000e+00,  1.0097265781306e+00,  1.6870432928173e-01,  4.6235475533564e-02,  1.3387122520843e-04,  9.3715283454745e-05, -1.4415836993786e-02,                 -nan,                 -nan,  7.7075105568317e-03, -1.0710814465038e+00,  5.6316921300000e-01,  9.0581412836526e-01,              2579888
  4.6371458049327e+00,  0.0000000000000e+00,  1.0103284308019e+00,  1.6872090658353e-01,  4.0532428910926e-02,  1.2534323192183e-04,  1.2847533978335e-04, -1.5553196900099e-02,                 -nan,                 -nan,  5.8006122092068e-03, -8.6107800080915e-01,  5.7786374500000e-01,  9.0468500958181e-01,              2579888
  4.6363989803583e+00,  0.0000000000000e+00,  1.0104299883021e+00,  1.6877661845457e-01,  4.2943093269431e-02,  1.2901679108715e-04,  1.4295783741209e-04, -1.7110493919199e-02,                 -nan,                 -nan,  4.3271413600076e-03, -1.0214055571251e+00,  5.6409477800000e-01,  9.0400823601645e-01,              2579888
  4.6350945266980e+00,  0.0000000000000e+00,  1.0107514831664e+00,  1.6870709774801e-01,  3.3830862140950e-02,  1.1451334648744e-04,  4.8233745143027e-05, -1.2027635385908e-02,                 -nan,                 -nan,  2.9358587922600e-03, -6.6762362357157e-01,  6.0172537400000e-01,  9.0541372338644e-01,              2579888
  4.6340505501374e+00,  0.0000000000000e+00,  1.0111598543788e+00,  1.6889848469146e-01,  3.3419096786333e-02,  1.1381432519883e-04, -2.7909167818841e-05, -1.0724223181127e-02,                 -nan,                 -nan,  2.4888514051424e-03, -6.3314521941415e-01,  5.8626174300000e-01,  9.0454585625423e-01,              2579888
  4.6340091654950e+00,  0.0000000000000e+00,  1.0117277384344e+00,  1.6873683825313e-01,  3.9614133785697e-02,  1.2391522099272e-04,  3.5805164397590e-05, -1.3380802746308e-02,                 -nan,                 -nan,  5.6453841158970e-03, -8.2737800306297e-01,  5.4932152400000e-01,  9.0986973077901e-01,              2579888
  4.6343149642022e+00,  0.0000000000000e+00,  1.0117931539625e+00,  1.6861875842317e-01,  4.0726848108813e-02,  1.2564348506104e-04,  2.7159921248728e-05, -1.2901476101456e-02,                 -nan,                 -nan,  5.7498582475976e-03, -8.8948921321415e-01,  5.8936054400000e-01,  9.0484083029961e-01,              2579888
  4.6350027832011e+00,  0.0000000000000e+00,  1.0114665800788e+00,  1.6874302956286e-01,  5.5532091589773e-02,  1.4671401066806e-04,  1.6641686841254e-04, -2.3550022975675e-02,                 -nan,                 -nan,  8.5043099589984e-03, -1.5434481892487e+00,  5.6493571800000e-01,  9.0116276365486e-01,              2579888
  4.6350845399480e+00,  0.0000000000000e+00,  1.0109392120277e+00,  1.6873239636707e-01,  3.2613930292813e-02,  1.1243490132503e-04,  4.4469263095427e-05, -9.9734877856745e-03,                 -nan,                 -nan,  2.5832627727493e-03, -6.0518670921174e-01,  5.6425172100000e-01,  9.0321827924313e-01,              2579888
  4.6352178979951e+00,  0.0000000000000e+00,  1.0105954018633e+00,  1.6879287073217e-01,  3.6778627399662e-02,  1.1939807703084e-04,  2.4765332453852e-05, -9.1539913600256e-03,                 -nan,                 -nan,  3.6938668358915e-03, -7.3412368199582e-01,  5.5483857600000e-01,  9.0406056386944e-01,              2579888
  4.6355705679765e+00,  0.0000000000000e+00,  1.0102787754625e+00,  1.6866876835934e-01,  4.3778686792347e-02,  1.3026595833583e-04,  7.3365212010564e-05, -1.3111330957678e-02,                 -nan,                 -nan,  7.4119762153007e-03, -9.5592894784473e-01,  5.6987806200000e-01,  9.0455515898365e-01,              2579888
  4.6358017444674e+00,  0.0000000000000e+00,  1.0092118407692e+00,  1.6873897138745e-01,  4.3509217013229e-02,  1.2986442821674e-04, -1.9643210838784e-05, -9.2887586975791e-03,                 -nan,                 -nan,  6.0807276887984e-03, -9.7310029420448e-01,  5.4541729400000e-01,  9.0708201286257e-01,              2579888
  4.6367427225808e+00,  0.0000000000000e+00,  1.0078895181764e+00,  1.6859479749840e-01,  7.1608394492675e-02,  1.6660251076341e-04,  1.2021012972840e-04, -2.5080689326525e-02,                 -nan,                 -nan,  1.3857369564692e-02, -2.1442722623352e+00,  5.4212482600000e-01,  9.0450631965419e-01,              2579888
  4.6376480499715e+00,  0.0000000000000e+00,  1.0057663148064e+00,  1.6895317590371e-01,  3.5581634062494e-02,  1.1743904696227e-04,  1.6886052530774e-05, -1.3155755306818e-02,                 -nan,                 -nan,  6.2340664149046e-04, -7.5831880837770e-01,  5.2915564800000e-01,  9.0939529157855e-01,              2579888
  4.6390065471033e+00,  0.0000000000000e+00,  1.0047972111119e+00,  1.6891249196030e-01,  3.7717548825772e-02,  1.2091252884186e-04,  6.0986334654714e-05, -1.4191721762000e-02,                 -nan,                 -nan,  1.7266073740971e-03, -8.2095777466021e-01,  5.5763642100000e-01,  9.1209618402039e-01,              2579888
  4.6403412223457e+00,  0.0000000000000e+00,  1.0046324432052e+00,  1.6861869298760e-01,  4.0993945620461e-02,  1.2605481347391e-04,  1.8295347502930e-04, -1.3990457959409e-02,                 -nan,                 -nan,  6.7028589214850e-03, -8.5151684397020e-01,  5.9421317600000e-01,  9.0622771221076e-01,              2579888
  4.6402860926094e+00,  0.0000000000000e+00,  1.0037556362019e+00,  1.6852998618457e-01,  5.5949638058925e-02,  1.4726454993969e-04,  2.0048348701491e-04, -2.0525006852213e-02,                 -nan,                 -nan,  9.8632504035739e-03, -1.5248680723040e+00,  5.6496792100000e-01,  9.0261437705823e-01,              2579888
  4.6391482420988e+00,  0.0000000000000e+00,  1.0022985700600e+00,  1.6873946693884e-01,  4.0718064947300e-02,  1.2562993617894e-04,  4.2809827388690e-05, -1.0299401640079e-02,                 -nan,                 -nan,  4.9052873262234e-03, -8.8592475564337e-01,  5.6471359400000e-01,  9.0955033706890e-01,              2579888
  4.6382199044513e+00,  0.0000000000000e+00,  1.0008440542716e+00,  1.6872101164361e-01,  3.2414516202978e-02,  1.1209063920604e-04,  1.1676326204792e-04, -1.1145589543335e-02,                 -nan,                 -nan,  1.1330096475016e-03, -6.0936849228789e-01,  5.5948693200000e-01,  9.0504820364295e-01,              2579888
  4.6367040096945e+00,  0.0000000000000e+00,  1.0001054703884e+00,  1.6861152296202e-01,  3.7326097450154e-02,  1.2028344734308e-04,  4.6124175967020e-05, -1.2469210503915e-02,                 -nan,                 -nan,  4.7143994817233e-03, -7.3685043697048e-01,  5.7854869000000e-01,  9.0437143007758e-01,              2579888
  4.6355192888522e+00,  0.0000000000000e+00,  9.9913227888893e-01,  1.6844443880065e-01,  9.2219215409244e-02,  1.8906462831879e-04,  7.7165418962512e-05, -1.6257361688439e-02,                 -nan,                 -nan,  1.4799259215255e-02, -3.5160474300649e+00,  5.6453514400000e-01,  9.0811306537338e-01,              2579888
  4.6344980216590e+00,  0.0000000000000e+00,  9.9908751483142e-01,  1.6886506639492e-01,  3.8973617375925e-02,  1.2290935294600e-04,  4.0971581295585e-05, -1.2514888740595e-02,                 -nan,                 -nan,  1.3760819744224e-03, -8.7397492213211e-01,  5.7002843800000e-01,  9.0039373802274e-01,              2579888
  4.6338193342185e+00,  0.0000000000000e+00,  9.9994282927276e-01,  1.6915828484114e-01,  2.6091348144145e-02,  1.0056522593347e-04, -1.5264742007772e-04, -8.3027558351450e-03,                 -nan,                 -nan, -4.6645129998405e-03, -4.3203096693313e-01,  5.6163125200000e-01,  9.0266554207004e-01,              2579888
  4.6353742324771e+00,  0.0000000000000e+00,  1.0027498511887e+00,  1.6872960665611e-01,  3.5987494890943e-02,  1.1810693027636e-04,  4.4028305959164e-05, -1.0951372866937e-02,                 -nan,                 -nan,  2.5634831702972e-03, -7.2656192736142e-01,  5.7947104600000e-01,  8.9910686045286e-01,              2579888
  4.6368946695013e+00,  0.0000000000000e+00,  1.0055980828313e+00,  1.6867846486034e-01,  4.7600973654508e-02,  1.3583368784336e-04,  1.7825958771569e-04, -1.8542545010243e-02,                 -nan,                 -nan,  6.7678848922779e-03, -1.1842037927434e+00,  5.7528394700000e-01,  9.0131432062167e-01,              2579888
  4.6373086332477e+00,  0.0000000000000e+00,  1.0079104125871e+00,  1.6870235249287e-01,  4.4285515675825e-02,  1.3101783746138e-04,  1.3990845133085e-04, -1.4964937509981e-02,                 -nan,                 -nan,  7.5622177970728e-03, -9.6113379244191e-01,  6.1985167600000e-01,  9.0123214651179e-01,              2579888
  4.6369544429118e+00,  0.0000000000000e+00,  1.0091673542326e+00,  1.6874899604611e-01,  3.7268458623342e-02,  1.2019054082714e-04,  2.0452345061392e-06, -1.1495704656388e-02,                 -nan,                 -nan,  4.1055785433379e-03, -7.4452239632204e-01,  5.6909888400000e-01,  9.0167286331810e-01,              2579888
  4.6372550794394e+00,  0.0000000000000e+00,  1.0101848991721e+00,  1.6866924253684e-01,  5.0516444746415e-02,  1.3993165247978e-04,  1.0512898310056e-04, -1.6688324948383e-02,                 -nan,                 -nan,  9.8333731231778e-03, -1.1736591009871e+00,  5.3854876900000e-01,  9.0601646273017e-01,              2579888
  4.6372832560123e+00,  0.0000000000000e+00,  1.0099124769975e+00,  1.6860996696164e-01,  4.6278962348599e-02,  1.3393416675818e-04,  6.3915152678883e-05, -1.6632561973772e-02,                 -nan,                 -nan,  6.5979672495529e-03, -1.1290954370028e+00,  5.6414608600000e-01,  9.0136781131584e-01,              2579888
  4.6375241808722e+00,  0.0000000000000e+00,  1.0093813711736e+00,  1.6845677883304e-01,  5.9281616971704e-02,  1.5158617492975e-04,  1.7766403922454e-04, -2.0934932754915e-02,                 -nan,                 -nan,  1.4407963968893e-02, -1.5219441035172e+00,  5.8753662100000e-01,  9.0543930589235e-01,              2579888
  4.6369233265158e+00,  0.0000000000000e+00,  1.0068681094233e+00,  1.6898967677558e-01,  3.4183278229655e-02,  1.1510824400081e-04, -1.3421109922437e-05, -1.1990331923358e-02,                 -nan,                 -nan,  9.6909571317227e-04, -6.7405624113928e-01,  5.4856009300000e-01,  9.0072398491717e-01,              2579888
  4.6372048067285e+00,  0.0000000000000e+00,  1.0053243366323e+00,  1.6884839101554e-01,  3.0374106046090e-02,  1.0850539348074e-04,  2.9673073602761e-05, -1.0929476200444e-02,                 -nan,                 -nan, -3.7083042853815e-04, -5.6247884022221e-01,  6.7765161400000e-01,  9.0283182835844e-01,              2579888
  4.6377385864637e+00,  0.0000000000000e+00,  1.0048887162009e+00,  1.6872833636251e-01,  4.6493083369749e-02,  1.3424364890750e-04, -7.1498037363759e-06, -1.4888558025842e-02,                 -nan,                 -nan,  5.8670460548138e-03, -1.1425398858172e+00,  5.7412127500000e-01,  9.0478617676426e-01,              2579888
  4.6391350959141e+00,  0.0000000000000e+00,  1.0044499743684e+00,  1.6866243201721e-01,  3.5633216399985e-02,  1.1752414123672e-04,  1.9141030886261e-05, -1.1190548750388e-02,                 -nan,                 -nan,  2.4053938049839e-03, -7.2914946148579e-01,  5.8173069100000e-01,  9.0405203636747e-01,              2579888
  4.6408065704983e+00,  0.0000000000000e+00,  1.0044272895757e+00,  1.6861442428715e-01,  3.9908752342773e-02,  1.2437515905635e-04,  8.4203052093534e-05, -1.2401799612005e-02,                 -nan,                 -nan,  4.6062041039111e-03, -8.7340452593112e-01,  5.7612173300000e-01,  9.0535868223737e-01,              2579888
  4.6420626842676e+00,  0.0000000000000e+00,  1.0043349527900e+00,  1.6899611345105e-01,  3.2768865561329e-02,  1.1270165070959e-04, -6.2304264721797e-05, -9.4982283022817e-03,                 -nan,                 -nan, -3.5590793969884e-05, -6.3238903260481e-01,  5.7013440000000e-01,  9.0692076555261e-01,              2579888
  4.6444278622401e+00,  0.0000000000000e+00,  1.0052134108467e+00,  1.6894069672755e-01,  3.8100588945939e-02,  1.2152494081080e-04,  9.4947913417290e-05, -1.1104371760375e-02,                 -nan,                 -nan,  4.8583071817626e-04, -9.0724892034927e-01,  6.0633299000000e-01,  9.0297330736838e-01,              2579888
  4.6461145538794e+00,  0.0000000000000e+00,  1.0072221960590e+00,  1.6841023220925e-01,  4.2067448949970e-02,  1.2769463820077e-04,  2.3947606602160e-04, -1.3874010802064e-02,                 -nan,                 -nan,  7.9159724007754e-03, -8.9489526437182e-01,  5.8407092200000e-01,  9.0686184826628e-01,              2579888
  4.6457186666262e+00,  0.0000000000000e+00,  1.0079953219822e+00,  1.6863416494425e-01,  4.1514240408104e-02,  1.2685223451375e-04, -1.7046209029767e-06, -9.9571428174020e-03,                 -nan,                 -nan,  5.5481141046435e-03, -9.2079439579263e-01,  5.6279735800000e-01,  9.0699208647817e-01,              2579888
  4.6459412871465e+00,  0.0000000000000e+00,  1.0084074719551e+00,  1.6878126674719e-01,  4.1682030811045e-02,  1.2710832885527e-04,  7.4479707757967e-05, -1.2909714142072e-02,                 -nan,                 -nan,  4.1515416596212e-03, -9.6788042495704e-01,  5.6774860100000e-01,  9.0637229213051e-01,              2579888
  4.6460300189382e+00,  0.0000000000000e+00,  1.0089860449055e+00,  1.6866712605778e-01,  5.1601717159212e-02,  1.4142677910928e-04,  1.9043526260920e-04, -1.6879880997882e-02,                 -nan,                 -nan,  8.6473197891071e-03, -1.3147881646884e+00,  5.5510934300000e-01,  9.0229304527948e-01,              2579888
  4.6449159565461e+00,  0.0000000000000e+00,  1.0088818307557e+00,  1.6856756680994e-01,  4.3518574124808e-02,  1.2987839181690e-04,  9.6509594487441e-05, -1.1981750367847e-02,                 -nan,                 -nan,  7.3629052157821e-03, -9.5170644635526e-01,  5.7777765300000e-01,  9.0704518955862e-01,              2579888
  4.6435000133492e+00,  0.0000000000000e+00,  1.0080021107652e+00,  1.6867069143317e-01,  3.6640478505248e-02,  1.1917362288265e-04,  1.4815429527476e-04, -1.2290269313396e-02,                 -nan,                 -nan,  4.2229710247541e-03, -7.3520992197171e-01,  5.5286553800000e-01,  9.0553117034538e-01,              2579888
  4.6412477947441e+00,  0.0000000000000e+00,  1.0070444534609e+00,  1.6891353972873e-01,  3.5237313196315e-02,  1.1686944107666e-04,  4.2188732461564e-05, -1.3105549057015e-02,                 -nan,                 -nan,  2.1682821743645e-03, -6.9708696426680e-01,  5.5790168700000e-01,  9.0070499184461e-01,              2579888
  4.6394823334729e+00,  0.0000000000000e+00,  1.0065799908418e+00,  1.6860935976698e-01,  4.7239980164022e-02,  1.3531764379144e-04,  4.1932309398047e-05, -1.4164949017170e-02,                 -nan,                 -nan,  8.5088685544986e-03, -1.0532119355660e+00,  5.5861553000000e-01,  9.0392799997519e-01,              2579888
  4.6382183211867e+00,  0.0000000000000e+00,  1.0051812382912e+00,  1.6837152581818e-01,  4.1262448166387e-02,  1.2646695723458e-04,  1.4675335994037e-04, -1.2386555089433e-02,                 -nan,                 -nan,  7.7622549663871e-03, -8.7545426492903e-01,  5.4252466800000e-01,  9.0232211630893e-01,              2579888
  4.6361220414615e+00,  0.0000000000000e+00,  1.0028980849583e+00,  1.6863824800667e-01,  4.6527621075502e-02,  1.3429350155838e-04,  5.7743052873193e-05, -1.4934225128837e-02,                 -nan,                 -nan,  6.4827532971180e-03, -1.1712602252126e+00,  5.6293040800000e-01,  9.1007284037136e-01,              2579888
  4.6344250939749e+00,  0.0000000000000e+00,  1.0006517240838e+00,  1.6878548906630e-01,  3.9105896507282e-02,  1.2311775764919e-04, -2.2890171303649e-05, -1.1583090240835e-02,                 -nan,                 -nan,  3.0724218297955e-03, -8.5909369397697e-01,  6.1924533500000e-01,  9.0317835502937e-01,              2579888
  4.6338112789759e+00,  0.0000000000000e+00,  9.9899888651651e-01,  1.6880960954651e-01,  4.0777572860953e-02,  1.2572170436505e-04, -2.5320430138993e-05, -1.3084668588556e-02,                 -nan,                 -nan,  2.8910705326556e-03, -9.1133218108290e-01,  5.5462943500000e-01,  9.0716263651755e-01,              2579888
  4.6342855073829e+00,  0.0000000000000e+00,  9.9801526250250e-01,  1.6850386063554e-01,  4.7217209232015e-02,  1.3528502650135e-04,  1.4254673228781e-04, -1.6679516803302e-02,                 -nan,                 -nan,  7.3088105977081e-03, -1.1188787282528e+00,  5.5625140700000e-01,  9.0159689102783e-01,              2579888
  4.6340428397543e+00,  0.0000000000000e+00,  9.9660903770776e-01,  1.6878488824908e-01,  3.4817933584982e-02,  1.1617189403582e-04, -7.5000173420876e-05, -8.2201938241306e-03,                 -nan,                 -nan,  3.7569362384252e-04, -7.2795426493494e-01,  5.7618866000000e-01,  9.0480788313291e-01,              2579888
  4.6351389619432e+00,  0.0000000000000e+00,  9.9633391351175e-01,  1.6825121168930e-01,  4.4809828858556e-02,  1.3179114051914e-04,  6.2649973760057e-05, -1.4001064130137e-02,                 -nan,                 -nan,  8.5935826363967e-03, -9.8970575297193e-01,  5.6482315600000e-01,  9.0299656419193e-01,              2579888
  4.6362097327902e+00,  0.0000000000000e+00,  9.9497946145286e-01,  1.6849219700421e-01,  4.9896414277935e-02,  1.3907025219536e-04,  2.9422232964044e-05, -1.4129603262575e-02,                 -nan,                 -nan,  7.7726483064524e-03, -1.2218928740454e+00,  5.7274040100000e-01,  9.0372217708676e-01,              2579888
  4.6376417509020e+00,  0.0000000000000e+00,  9.9325411168999e-01,  1.6860629187469e-01,  3.7269497088246e-02,  1.2019221533681e-04,  3.5383048886923e-05, -1.0748277154795e-02,                 -nan,                 -nan,  2.0818925577921e-03, -8.1966335548197e-01,  5.8888259200000e-01,  9.0677734847404e-01,              2579888
  4.6391401186889e+00,  0.0000000000000e+00,  9.9231338211182e-01,  1.6856422022268e-01,  3.6990895969740e-02,  1.1974213548286e-04,  1.2070959913461e-04, -1.2323897968802e-02,                 -nan,                 -nan,  2.2829792106662e-03, -7.6114204723920e-01,  6.0191925700000e-01,  9.0305393102336e-01,              2579888
  4.6398183265656e+00,  0.0000000000000e+00,  9.9192946638309e-01,  1.6876937074539e-01,  3.6039285865648e-02,  1.1819188581276e-04, -1.3033551310924e-05, -1.2563396678518e-02,                 -nan,                 -nan,  3.1377119545578e-04, -7.7246453566806e-01,  5.6775269300000e-01,  9.0781343996329e-01,              2579888
  4.6412910134949e+00,  0.0000000000000e+00,  9.9266404607749e-01,  1.6839249782384e-01,  4.5347777105104e-02,  1.3257986590543e-04,  6.9407712179922e-05, -1.1876203215645e-02,                 -nan,                 -nan,  7.6162864424305e-03, -1.0036743551126e+00,  5.9528930600000e-01,  9.0223141469707e-01,              2579888
  4.6425035876906e+00,  0.0000000000000e+00,  9.9253428719225e-01,  1.6863971967643e-01,  4.5600052180803e-02,  1.3294813321570e-04,  1.1023169038615e-04, -2.0552565861168e-02,                 -nan,                 -nan,  1.8863967463184e-03, -1.3172141494915e+00,  6.8387643200000e-01,  9.0841462885211e-01,              2579888
  4.6435108672468e+00,  0.0000000000000e+00,  9.9384850527725e-01,  1.6827964501043e-01,  8.1253938830362e-02,  1.7746870702020e-04,  2.2304242406412e-04, -2.2963879107600e-02,                 -nan,                 -nan,  1.7651179177757e-02, -2.5275336204441e+00,  6.4064036700000e-01,  9.0750179852769e-01,              2579888
  4.6431852601250e+00,  0.0000000000000e+00,  9.9350493069283e-01,  1.6881769060623e-01,  3.1819766404522e-02,  1.1105754459864e-04,  7.3290685711378e-05, -9.8741129563100e-03,                 -nan,                 -nan, -1.4937299976503e-03, -6.2488978697360e-01,  5.5531031200000e-01,  9.0495788964482e-01,              2579888
  4.6426193753384e+00,  0.0000000000000e+00,  9.9460096919192e-01,  1.6877725371474e-01,  3.8122856624477e-02,  1.2156044791343e-04,  5.0146932122359e-05, -1.2352613015393e-02,                 -nan,                 -nan,  8.7022642647247e-04, -8.6576313028049e-01,  5.9866905700000e-01,  9.0395164441247e-01,              2579888
  4.6422421094707e+00,  0.0000000000000e+00,  9.9664029801330e-01,  1.6845964871567e-01,  5.1064375991544e-02,  1.4068849646351e-04,  1.5252666035813e-04, -1.5616857812021e-02,                 -nan,                 -nan,  9.6796920401729e-03, -1.2204364103878e+00,  5.6934342200000e-01,  8.9829791060697e-01,              2579888
  4.6410529057807e+00,  0.0000000000000e+00,  9.9738703369501e-01,  1.6858667762118e-01,  4.1918535207393e-02,  1.2746842595181e-04,  1.1328744345217e-04, -1.3731946968438e-02,                 -nan,                 -nan,  4.7479027101141e-03, -9.3664890938854e-01,  5.7844715900000e-01,  9.0251553555813e-01,              2579888
  4.6394721497075e+00,  0.0000000000000e+00,  9.9804000930570e-01,  1.6869242841572e-01,  4.1843928850297e-02,  1.2735494166535e-04,  1.0229702596170e-04, -1.3731284208164e-02,                 -nan,                 -nan,  5.2243444242073e-03, -8.9755314795015e-01,  5.4405027800000e-01,  9.0437918235210e-01,              2579888
  4.6376637921735e+00,  0.0000000000000e+00,  9.9840357437825e-01,  1.6815123279058e-01,  7.5522085073721e-02,  1.7109470120574e-04,  1.8575953262002e-04, -2.5545798863930e-02,                 -nan,                 -nan,  1.6769760048290e-02, -2.5830974296612e+00,  5.7986346400000e-01,  9.0653043853066e-01,              2579888
  4.6353715003852e+00,  0.0000000000000e+00,  9.9755526377170e-01,  1.6837750928633e-01,  3.7433731802259e-02,  1.2045674849084e-04,  1.4224591964584e-04, -1.3862677849655e-02,                 -nan,                 -nan,  5.2739308006359e-03, -7.4377161371964e-01,  5.6460935800000e-01,  9.0917861550579e-01,              2579888
  4.6324728338121e+00,  0.0000000000000e+00,  9.9631652000945e-01,  1.6859653820615e-01,  3.8016203636844e-02,  1.2139028929450e-04,  2.0198217355629e-05, -1.1665363861874e-02,                 -nan,                 -nan,  4.2323154584881e-03, -7.7648048530783e-01,  5.6987533800000e-01,  9.0116896547447e-01,              2579888
  4.6302985968104e+00,  0.0000000000000e+00,  9.9509373783027e-01,  1.6857335529505e-01,  3.9472666064713e-02,  1.2369376363930e-04,  4.7710295402081e-05, -1.3190741648963e-02,                 -nan,                 -nan,  2.5922029630909e-03, -8.5747293456615e-01,  5.6168341200000e-01,  9.0279578028193e-01,              2579888
  4.6285491604715e+00,  0.0000000000000e+00,  9.9451069103544e-01,  1.6836495794412e-01,  4.2435852402656e-02,  1.2825255888341e-04,  8.2605783895600e-05, -1.5148457216096e-02,                 -nan,                 -nan,  6.8206308463347e-03, -9.1209328654142e-01,  5.7227975200000e-01,  9.0431832699714e-01,              2579888
  4.6268944979361e+00,  0.0000000000000e+00,  9.9329414621407e-01,  1.6872452750394e-01,  3.1448369698621e-02,  1.1040751673383e-04, -1.0634542242862e-04, -9.1639279860836e-03,                 -nan,                 -nan, -4.3253560620746e-04, -5.9308390992049e-01,  6.1068820400000e-01,  9.0396482327915e-01,              2579888
  4.6271508102525e+00,  0.0000000000000e+00,  9.9323880538418e-01,  1.6855974527750e-01,  4.6143226597895e-02,  1.3373760871626e-04, -1.9780373666076e-05, -1.6149439025466e-02,                 -nan,                 -nan,  3.9428153333361e-03, -1.1564100740355e+00,  5.5128414900000e-01,  9.0430553574419e-01,              2579888
  4.6285339981427e+00,  0.0000000000000e+00,  9.9375222063988e-01,  1.6867241376548e-01,  6.2531503351295e-02,  1.5568580217242e-04, -9.3478580953343e-05, -8.6985886897586e-03,                 -nan,                 -nan,  6.1732994934163e-03, -2.0507691110734e+00,  5.7427364700000e-01,  9.0407800648710e-01,              2579888
  4.6313476706171e+00,  0.0000000000000e+00,  9.9546394549968e-01,  1.6872241091381e-01,  3.9493977136726e-02,  1.2372714991981e-04, -2.5437652666170e-05, -1.4432130771506e-02,                 -nan,                 -nan,  1.1873563826593e-03, -9.0680925851728e-01,  5.7167296100000e-01,  9.0692154078006e-01,              2579888
  4.6349989429389e+00,  0.0000000000000e+00,  9.9803017048505e-01,  1.6825639688619e-01,  9.1794742113342e-02,  1.8862900626778e-04,  9.4107208701926e-05, -1.6204641968380e-02,                 -nan,                 -nan,  1.7199885445720e-02, -3.4067140185597e+00,  5.7066339900000e-01,  9.0510557047438e-01,              2579888
  4.6381379433888e+00,  0.0000000000000e+00,  1.0002908689506e+00,  1.6875719710935e-01,  3.3808460354009e-02,  1.1447542654933e-04,  1.0388764363557e-04, -1.1184951622230e-02,                 -nan,                 -nan,  1.0588520585764e-03, -6.8112935049026e-01,  5.9584640700000e-01,  9.0388109871436e-01,              2579888
  4.6404145430101e+00,  0.0000000000000e+00,  1.0030467259475e+00,  1.6881123462986e-01,  3.8790749733438e-02,  1.2262066315821e-04,  1.7310002417453e-05, -1.1701467751398e-02,                 -nan,                 -nan,  3.8059464955125e-03, -7.9999034518850e-01,  5.5729764600000e-01,  9.0452453749930e-01,              2579888
  4.6429383403777e+00,  0.0000000000000e+00,  1.0055888119221e+00,  1.6883010916259e-01,  4.2399395460628e-02,  1.2819745570412e-04,  7.7329295724031e-05, -1.7035815539373e-02,                 -nan,                 -nan,  8.4837354083593e-04, -1.1921657774288e+00,  5.8999476200000e-01,  9.0075693208387e-01,              2579888
  4.6453020598862e+00,  0.0000000000000e+00,  1.0094445964859e+00,  1.6875077553673e-01,  4.8952956266760e-02,  1.3774918428351e-04,  6.9553869642583e-05, -1.5478785346776e-02,                 -nan,                 -nan,  6.7813261023957e-03, -1.3079760975762e+00,  5.5635081800000e-01,  9.0561605775134e-01,              2579888
  4.6475215473844e+00,  0.0000000000000e+00,  1.0128437573312e+00,  1.6900617729959e-01,  3.5788426632359e-02,  1.1777981741322e-04,  2.9209682664109e-05, -1.0059671163307e-02,                 -nan,                 -nan,  2.6564769525600e-03, -7.2327734956683e-01,  5.7789509000000e-01,  9.0737814974914e-01,              2579888
  4.6497637321261e+00,  0.0000000000000e+00,  1.0162007401974e+00,  1.6883054542644e-01,  3.1317372616622e-02,  1.1017732745125e-04,  1.0004979580653e-04, -8.8879622978123e-03,                 -nan,                 -nan,  2.8208102227801e-03, -5.4265762135296e-01,  5.5983560800000e-01,  9.0827586313824e-01,              2579888
  4.6511420694960e+00,  0.0000000000000e+00,  1.0191916609684e+00,  1.6922747397800e-01,  2.4918538334504e-02,  9.8279028724346e-05,  6.0689209267804e-06, -7.0246615740646e-03,                 -nan,                 -nan, -3.4372792264474e-03, -4.0404249786292e-01,  5.7399236100000e-01,  9.0286206222906e-01,              2579888
  4.6527187774939e+00,  0.0000000000000e+00,  1.0235597722092e+00,  1.6896414344360e-01,  4.0514127857192e-02,  1.2531493146862e-04,  1.5225284361595e-04, -1.2680403694746e-02,                 -nan,                 -nan,  6.7052838961028e-03, -8.5652351772566e-01,  5.7438403800000e-01,  9.0569280526907e-01,              2579888
  4.6531129629839e+00,  0.0000000000000e+00,  1.0267479287876e+00,  1.6885877992959e-01,  5.1820853372284e-02,  1.4172675842355e-04,  1.6083879291250e-04, -1.3341950351473e-02,                 -nan,                 -nan,  9.1183723331851e-03, -1.3570589591703e+00,  5.5359857800000e-01,  9.0462958081901e-01,              2579888
  4.6523813924106e+00,  0.0000000000000e+00,  1.0289007064525e+00,  1.6909474958425e-01,  3.1578849068352e-02,  1.1063632019360e-04,  1.0027427506549e-04, -9.6806957130499e-03,                 -nan,                 -nan,  2.1369607793631e-03, -5.6173478045916e-01,  5.8440033200000e-01,  9.0212249524010e-01,              2579888
  4.6511234272555e+00,  0.0000000000000e+00,  1.0310468850287e+00,  1.6909237141347e-01,  4.3358373394352e-02,  1.2963911700920e-04,  1.2788669705694e-04, -1.2911207803271e-02,                 -nan,                 -nan,  7.4773689308924e-03, -9.2888236331679e-01,  5.5035517700000e-01,  9.0488346780946e-01,              2579888
  4.6492587037693e+00,  0.0000000000000e+00,  1.0321059765135e+00,  1.6869505429717e-01,  5.0421213181975e-02,  1.3979969350542e-04,  1.8587898076256e-04, -1.6694919844668e-02,                 -nan,                 -nan,  1.3534246484550e-02, -1.1137523254628e+00,  6.0079965200000e-01,  9.0326983186867e-01,              2579888
  4.6463967420019e+00,  0.0000000000000e+00,  1.0306073579225e+00,  1.6899858710911e-01,  3.9565933157789e-02,  1.2383981092000e-04,  1.0496957436232e-04, -1.2937809459273e-02,                 -nan,                 -nan,  5.6446875839223e-03, -8.3604394234020e-01,  5.5176732800000e-01,  9.0570637174947e-01,              2579888
  4.6433530781548e+00,  0.0000000000000e+00,  1.0288068765506e+00,  1.6880013199287e-01,  4.0422328020730e-02,  1.2517287714333e-04,  1.0993714381274e-04, -1.2935471780907e-02,                 -nan,                 -nan,  8.8755417559615e-03, -8.0153890780552e-01,  5.5360370900000e-01,  9.0382218142803e-01,              2579888
  4.6400878680392e+00,  0.0000000000000e+00,  1.0256896414736e+00,  1.6868754849170e-01,  4.8150214697479e-02,  1.3661509477431e-04,  7.6965280874021e-05, -1.6260700644966e-02,                 -nan,                 -nan,  9.0890559086222e-03, -1.1293319152677e+00,  5.5393254700000e-01,  9.0685409599176e-01,              2579888
  4.6371968111761e+00,  0.0000000000000e+00,  1.0218242125071e+00,  1.6877340078417e-01,  4.4796808379869e-02,  1.3177199172464e-04,  4.1700677058688e-05, -1.5646980576473e-02,                 -nan,                 -nan,  9.8127767748827e-03, -9.7158625139340e-01,  5.7491967400000e-01,  9.0107942670379e-01,              2579888
  4.6350164006501e+00,  0.0000000000000e+00,  1.0168229242655e+00,  1.6897730231277e-01,  3.3134621202969e-02,  1.1332887531287e-04,  2.8567435718312e-05, -1.2115492906279e-02,                 -nan,                 -nan,  2.0040667839565e-03, -6.3212283747921e-01,  5.7007061200000e-01,  9.0383458506726e-01,              2579888
  4.6334238793095e+00,  0.0000000000000e+00,  1.0126740665212e+00,  1.6878987768346e-01,  4.2445081207184e-02,  1.2826650408993e-04,  5.4187123814071e-05, -1.5452784217506e-02,                 -nan,                 -nan,  7.1641737404866e-03, -8.9639084345779e-01,  5.8047500100000e-01,  9.0146471474731e-01,              2579888
  4.6322574023870e+00,  0.0000000000000e+00,  1.0081121742305e+00,  1.6882017835512e-01,  5.3895018204979e-02,  1.4453528569907e-04, -2.3274632933047e-05, -1.8324439094581e-02,                 -nan,                 -nan,  4.4832393863747e-03, -1.6400829099989e+00,  5.5162018200000e-01,  9.0467144310141e-01,              2579888
  4.6325419512274e+00,  0.0000000000000e+00,  1.0051508194093e+00,  1.6866971030644e-01,  3.9651614225839e-02,  1.2397382758762e-04, -7.3237514602251e-06, -1.1471548765066e-02,                 -nan,                 -nan,  5.9903555505055e-03, -8.1261849549393e-01,  5.8129829500000e-01,  9.0203450692433e-01,              2579888
  4.6335497372833e+00,  0.0000000000000e+00,  1.0018897261727e+00,  1.6845296002053e-01,  4.6655481080570e-02,  1.3447789726853e-04,  9.0962806642952e-06, -1.2585546128568e-02,                 -nan,                 -nan,  8.5194772383398e-03, -1.0676329345367e+00,  5.4652344300000e-01,  9.0473501175245e-01,              2579888
  4.6350832460579e+00,  0.0000000000000e+00,  9.9797283734525e-01,  1.6869946280283e-01,  4.0169389886078e-02,  1.2478063503426e-04,  6.5242915336452e-05, -1.4118272167461e-02,                 -nan,                 -nan,  4.2138572532076e-03, -8.7056054500793e-01,  5.7819790900000e-01,  9.0546295032963e-01,              2579888
  4.6365268718023e+00,  0.0000000000000e+00,  9.9448737971197e-01,  1.6862255416504e-01,  5.7316807232901e-02,  1.4905294766074e-04, -1.7387628457778e-05, -1.6644600244729e-02,                 -nan,                 -nan,  7.0083380533435e-03, -1.7261439120544e+00,  5.7584590900000e-01,  9.0415359116365e-01,              2579888
  4.6389972379383e+00,  0.0000000000000e+00,  9.9184917449203e-01,  1.6866341015691e-01,  3.7022689886012e-02,  1.1979358400324e-04,  8.1046693927645e-05, -1.4574106823735e-02,                 -nan,                 -nan,  5.3272178785353e-04, -8.2145130413429e-01,  5.8089321800000e-01,  9.0399156862623e-01,              2579888
  4.6411272908336e+00,  0.0000000000000e+00,  9.9057848850169e-01,  1.6859908501586e-01,  3.5030583142349e-02,  1.1652611231439e-04,  1.7298618838912e-04, -1.1858870225176e-02,                 -nan,                 -nan,  1.1201625826910e-03, -7.0653594911839e-01,  5.7339074200000e-01,  9.0325045118238e-01,              2579888
  4.6417198960329e+00,  0.0000000000000e+00,  9.9017986220978e-01,  1.6837721726118e-01,  4.5785914023054e-02,  1.3321880019993e-04,  1.5497831136154e-04, -1.4150235309215e-02,                 -nan,                 -nan,  8.4370589976291e-03, -1.0296146205302e+00,  5.6678614800000e-01,  9.0759908957288e-01,              2579888
  4.6412720467927e+00,  0.0000000000000e+00,  9.8880414564099e-01,  1.6869667582857e-01,  3.9826525887460e-02,  1.2424696409806e-04,  6.4015348507303e-05, -1.4004403167200e-02,                 -nan,                 -nan,  5.5132807637561e-04, -9.6068869265176e-01,  5.6932182600000e-01,  9.0318184355290e-01,              2579888
  4.6409386747363e+00,  0.0000000000000e+00,  9.8888060625070e-01,  1.6852661304208e-01,  6.0280313598748e-02,  1.5285770163931e-04,  1.3228717434845e-04, -1.1641973153359e-02,                 -nan,                 -nan,  6.2746497171664e-03, -2.0308931121968e+00,  5.6238600000000e-01,  9.0419700390094e-01,              2579888
  4.6397742231113e+00,  0.0000000000000e+00,  9.9014890722846e-01,  1.6855449807209e-01,  4.6635992451607e-02,  1.3444980771158e-04,  9.1476059341178e-05, -1.3007134079625e-02,                 -nan,                 -nan,  3.1778976158471e-03, -1.2563758336240e+00,  5.3814516000000e-01,  9.0480672029173e-01,              2579888
  4.6384166016187e+00,  0.0000000000000e+00,  9.9225076716071e-01,  1.6841992756222e-01,  4.4053562545419e-02,  1.3067427258628e-04,  8.8357666011107e-05, -1.2763945698051e-02,                 -nan,                 -nan,  7.0805815916082e-03, -9.9083696721057e-01,  5.3612709400000e-01,  9.0490091042712e-01,              2579888
  4.6369069488207e+00,  0.0000000000000e+00,  9.9348559644225e-01,  1.6878058773537e-01,  4.1990852302249e-02,  1.2757833167593e-04,  2.4330633927469e-05, -1.4590768443906e-02,                 -nan,                 -nan,  1.7095680173964e-03, -9.9946710551112e-01,  5.5158380300000e-01,  9.0259577159939e-01,              2579888
  4.6361159536865e+00,  0.0000000000000e+00,  9.9561504254776e-01,  1.6867387705535e-01,  8.6635384408668e-02,  1.8325136873316e-04, -1.1245430965767e-05, -1.4101594472888e-02,                 -nan,                 -nan,  1.2098927743120e-02, -3.4002853533297e+00,  6.2012873100000e-01,  9.0773979335537e-01,              2579888
  4.6363602489896e+00,  0.0000000000000e+00,  9.9904773553499e-01,  1.6863833012029e-01,  4.1669504630277e-02,  1.2708922827990e-04, -1.7254787730537e-05, -1.2282879339134e-02,                 -nan,                 -nan,  4.0474566369752e-03, -9.3346538246454e-01,  5.7198789000000e-01,  9.0239188677958e-01,              2579888
  4.6375009443025e+00,  0.0000000000000e+00,  1.0023317976259e+00,  1.6871609895533e-01,  4.5261866662948e-02,  1.3245422143869e-04,  1.1245548066513e-04, -1.5604326952090e-02,                 -nan,                 -nan,  5.7224116596679e-03, -1.0815778429927e+00,  5.5719184100000e-01,  9.1005578536743e-01,              2579888
  4.6381250509920e+00,  0.0000000000000e+00,  1.0051925537720e+00,  1.6882347597678e-01,  4.7846684116128e-02,  1.3618381512001e-04, -5.7407991397438e-05, -2.3545862364237e-03,                 -nan,                 -nan,  4.0375534950942e-03, -1.3685910401209e+00,  5.6221117500000e-01,  9.0268996173477e-01,              2579888
  4.6394977788611e+00,  0.0000000000000e+00,  1.0086383949090e+00,  1.6843484320741e-01,  5.9238552627220e-02,  1.5153110604366e-04,  1.7777338731061e-04, -2.0632148611145e-02,                 -nan,                 -nan,  1.2966014702682e-02, -1.6202337699262e+00,  5.4152578400000e-01,  9.0001000043413e-01,              2579888
  4.6398589960529e+00,  0.0000000000000e+00,  1.0102303638546e+00,  1.6908810021684e-01,  3.2089491789743e-02,  1.1152724991591e-04, -7.1255046606619e-05, -9.2077474836815e-03,                 -nan,                 -nan,  2.3576910371844e-04, -6.0944328784895e-01,  5.5230597200000e-01,  9.0560481695329e-01,              2579888
  4.6415589837543e+00,  0.0000000000000e+00,  1.0125356921569e+00,  1.6863023265343e-01,  3.9744826896925e-02,  1.2411946034955e-04,  1.3295517056961e-04, -1.2840200344397e-02,                 -nan,                 -nan,  7.0052675513304e-03, -7.9833146962532e-01,  5.5805730500000e-01,  9.0324928834120e-01,              2579888
  4.6422833879882e+00,  0.0000000000000e+00,  1.0136763252293e+00,  1.6895502480287e-01,  3.6087524913458e-02,  1.1827096004104e-04,  1.0532714508940e-04, -1.4056705769705e-02,                 -nan,                 -nan,  3.5653602435329e-03, -7.2114958955549e-01,  5.9805586900000e-01,  9.0040032745608e-01,              2579888
  4.6425245380434e+00,  0.0000000000000e+00,  1.0147163388726e+00,  1.6877679045332e-01,  4.2545423097158e-02,  1.2841802819419e-04,  3.4491341242110e-05, -1.1045725342106e-02,                 -nan,                 -nan,  3.3665041873164e-03, -1.0673416616949e+00,  5.6322790200000e-01,  9.0456136080326e-01,              2579888
  4.6429853664814e+00,  0.0000000000000e+00,  1.0162651747354e+00,  1.6869525624634e-01,  3.7890431650239e-02,  1.2118932043156e-04,  1.2793562405045e-04, -1.1648377578484e-02,                 -nan,                 -nan,  5.4799306761654e-03, -7.5709534565080e-01,  5.7801051200000e-01,  8.9802076679298e-01,              2579888
  4.6425811869838e+00,  0.0000000000000e+00,  1.0171332384674e+00,  1.6853451526106e-01,  5.8235661374950e-02,  1.5024294220989e-04,  1.4726725006627e-04, -2.1154019107386e-02,                 -nan,                 -nan,  1.3722296878937e-02, -1.5423594493426e+00,  5.7729445000000e-01,  9.0344852179629e-01,              2579888
  4.6417290629100e+00,  0.0000000000000e+00,  1.0160466901822e+00,  1.6877733940193e-01,  3.8438021657163e-02,  1.2206188917715e-04,  8.5030448933849e-05, -1.4363661648894e-02,                 -nan,                 -nan,  5.1783820933889e-03, -8.1129858740331e-01,  6.1592033500000e-01,  9.0220738264607e-01,              2579888
  4.6408059532193e+00,  0.0000000000000e+00,  1.0147192469155e+00,  1.6873155553357e-01,  4.5367475645449e-02,  1.3260865834522e-04,  4.4560288463510e-06, -4.1993691804148e-03,                 -nan,                 -nan,  5.2505126645812e-03, -1.2434578615257e+00,  5.6937039700000e-01,  9.0771963744163e-01,              2579888
  4.6401693328521e+00,  0.0000000000000e+00,  1.0138243496726e+00,  1.6881678341196e-01,  3.8900402374400e-02,  1.2279385123887e-04,  6.5035787304328e-05, -1.3679217839742e-02,                 -nan,                 -nan,  3.1783203740335e-03, -9.4409858009534e-01,  5.7338961500000e-01,  9.0175426220053e-01,              2579888
  4.6396355001174e+00,  0.0000000000000e+00,  1.0134985065862e+00,  1.6866338941357e-01,  3.7092990324888e-02,  1.1990726493163e-04, -1.6888645620249e-06, -9.3635084805000e-03,                 -nan,                 -nan,  6.2018903556824e-03, -7.1239992757720e-01,  5.5041727300000e-01,  9.0672928437203e-01,              2579888
  4.6397271294812e+00,  0.0000000000000e+00,  1.0123827471715e+00,  1.6878054353270e-01,  4.2110747012057e-02,  1.2776033636616e-04,  8.4599412611301e-05, -1.5621561153927e-02,                 -nan,                 -nan,  5.8018470498946e-03, -9.2384145549880e-01,  5.6329410500000e-01,  9.0356441830033e-01,              2579888
  4.6397329953202e+00,  0.0000000000000e+00,  1.0110090629134e+00,  1.6890058325792e-01,  3.7534495428772e-02,  1.2061876148299e-04,  2.7416978345759e-05, -1.1509827166486e-02,                 -nan,                 -nan,  3.6519148219745e-03, -7.7316550458081e-01,  5.5771541100000e-01,  9.0456833785033e-01,              2579888
  4.6400944554367e+00,  0.0000000000000e+00,  1.0098384177368e+00,  1.6903437484818e-01,  3.1506078052566e-02,  1.1050877024660e-04, -3.5541111030130e-05, -1.0776205311375e-02,                 -nan,                 -nan, -1.3727247008300e-03, -6.1487933771995e-01,  5.7272166300000e-01,  9.0781499041819e-01,              2579888
  4.6414771255730e+00,  0.0000000000000e+00,  1.0101724099862e+00,  1.6890022707340e-01,  3.3398742387982e-02,  1.1377965976519e-04,  4.8735674008979e-05, -1.1236030510908e-02,                 -nan,                 -nan,  2.1574801040920e-03, -6.1697283792606e-01,  5.5566001000000e-01,  9.0637694349522e-01,              2579888
  4.6428107040617e+00,  0.0000000000000e+00,  1.0107628040637e+00,  1.6877819574406e-01,  4.0193004797934e-02,  1.2481730786844e-04,  3.4258843057655e-05, -1.3435450114322e-02,                 -nan,                 -nan,  6.2989724866085e-03, -8.1120611246131e-01,  5.6549370400000e-01,  9.0601064852428e-01,              2579888
  4.6444017211250e+00,  0.0000000000000e+00,  1.0105937541022e+00,  1.6871999011148e-01,  4.0594062490728e-02,  1.2543849413205e-04,  1.1515530860748e-04, -1.3767271274746e-02,                 -nan,                 -nan,  6.5357973648168e-03, -8.5234236668234e-01,  5.6562743200000e-01,  9.0297524543701e-01,              2579888
  4.6452857026586e+00,  0.0000000000000e+00,  1.0097306489512e+00,  1.6847647223455e-01,  4.3582793042052e-02,  1.2997418510892e-04,  2.2261228358520e-04, -1.4780188936609e-02,                 -nan,                 -nan,  7.1653530653560e-03, -1.0117587928598e+00,  6.0552719700000e-01,  9.0413653615971e-01,              2579888
  4.6443196911225e+00,  0.0000000000000e+00,  1.0082944498609e+00,  1.6890540669422e-01,  4.5214696818477e-02,  1.3238518458560e-04,  3.6258798238923e-05, -1.0485451223531e-02,                 -nan,                 -nan,  1.4252208245803e-03, -1.3028791440908e+00,  5.9817649700000e-01,  9.1111900981748e-01,              2579888
  4.6436411581684e+00,  0.0000000000000e+00,  1.0085935658375e+00,  1.6862888883823e-01,  3.8243374292338e-02,  1.2175244062928e-04,  9.8371290747630e-05, -1.0342640532130e-02,                 -nan,                 -nan,  5.1790642569883e-03, -7.7565766935957e-01,  5.6779461500000e-01,  9.0322138015294e-01,              2579888
  4.6424767113019e+00,  0.0000000000000e+00,  1.0084560097830e+00,  1.6873057624272e-01,  3.5618508171794e-02,  1.1749988366930e-04,  1.8268221631201e-04, -1.3271308988567e-02,                 -nan,                 -nan,  2.2727877937909e-03, -7.3728642742873e-01,  5.7267140300000e-01,  9.0806810218118e-01,              2579888
  4.6400496066662e+00,  0.0000000000000e+00,  1.0087747335562e+00,  1.6842934458223e-01,  6.8046049359533e-02,  1.6240561173429e-04,  2.0857130510606e-04, -2.2847128245432e-02,                 -nan,                 -nan,  1.5693567924529e-02, -1.9716041874064e+00,  5.6030935700000e-01,  9.0089337211538e-01,              2579888
  4.6367460825029e+00,  0.0000000000000e+00,  1.0072359643668e+00,  1.6884108384703e-01,  4.3094008950284e-02,  1.2924329526816e-04,  4.3938985227954e-05, -1.4040154108055e-02,                 -nan,                 -nan,  3.8170891064670e-03, -1.0579679082844e+00,  5.5905667100000e-01,  9.0014178910092e-01,              2579888
  4.6340821925488e+00,  0.0000000000000e+00,  1.0063110508773e+00,  1.6859482345825e-01,  4.7618748657763e-02,  1.3585904676674e-04, -2.4363875761163e-05, -1.2702479843859e-02,                 -nan,                 -nan,  9.3166285002785e-03, -1.0809956514049e+00,  5.7489947500000e-01,  9.0689053168200e-01,              2579888
  4.6327273322900e+00,  0.0000000000000e+00,  1.0042540898107e+00,  1.6903648654198e-01,  3.8581542749926e-02,  1.2228955611581e-04, -1.5136530691608e-04, -1.1910598851771e-02,                 -nan,                 -nan, -2.0771713966875e-03, -9.8720563787031e-01,  5.6821543800000e-01,  9.0616840731070e-01,              2579888
  4.6340086548322e+00,  0.0000000000000e+00,  1.0045976303841e+00,  1.6877223734590e-01,  5.8308676987294e-02,  1.5033709967081e-04, -1.1891453710079e-05, -2.5070210377194e-02,                 -nan,                 -nan,  6.7308032362394e-03, -1.8916093757265e+00,  5.4491350600000e-01,  9.0185542938298e-01,              2579888
  4.6367853091759e+00,  0.0000000000000e+00,  1.0057595606740e+00,  1.6867941751831e-01,  3.9019121525159e-02,  1.2298108421392e-04,  5.5353224827114e-05, -1.2264314031873e-02,                 -nan,                 -nan,  3.9021195055799e-03, -8.4011438716577e-01,  5.7160120000000e-01,  9.0213334842443e-01,              2579888
  4.6393571425897e+00,  0.0000000000000e+00,  1.0068995803912e+00,  1.6891879925426e-01,  2.9072194886157e-02,  1.0615451841047e-04,  1.9365528215726e-05, -8.3779839094251e-03,                 -nan,                 -nan, -9.2096711076475e-04, -5.2660894847274e-01,  5.5162668500000e-01,  9.0146200145123e-01,              2579888
  4.6419407079178e+00,  0.0000000000000e+00,  1.0090380060629e+00,  1.6906012683242e-01,  3.2458091495852e-02,  1.1216595641836e-04, -3.4855598332419e-05, -9.5203281010161e-03,                 -nan,                 -nan,  1.3054899168314e-04, -6.1133918689386e-01,  5.6858499500000e-01,  9.0339076735114e-01,              2579888
  4.6452444821444e+00,  0.0000000000000e+00,  1.0118794581125e+00,  1.6847697368455e-01,  6.0666976710739e-02,  1.5334716456442e-04,  2.3302541119575e-04, -1.5156787148552e-02,                 -nan,                 -nan,  1.0872929185237e-02, -1.8315606374407e+00,  5.5499420700000e-01,  9.0297602066446e-01,              2579888
  4.6463521245212e+00,  0.0000000000000e+00,  1.0139012248738e+00,  1.6867209262291e-01,  4.0619301740389e-02,  1.2547748359652e-04,  1.3997181148117e-04, -1.1591606452861e-02,                 -nan,                 -nan,  6.2905583937557e-03, -8.4814066547211e-01,  5.3513081200000e-01,  9.0560094081604e-01,              2579888
  4.6463775084174e+00,  0.0000000000000e+00,  1.0150793545945e+00,  1.6889835521509e-01,  4.1956519249374e-02,  1.2752616496495e-04,  6.6760030498862e-05, -1.2319612222416e-02,                 -nan,                 -nan,  5.0996953444727e-03, -9.2153117942194e-01,  5.2695974400000e-01,  9.0657113797188e-01,              2579888
  4.6463391534978e+00,  0.0000000000000e+00,  1.0159861891564e+00,  1.6881702480684e-01,  4.4739760554952e-02,  1.3168806051845e-04,  1.4836424947390e-04, -1.6825448533669e-02,                 -nan,                 -nan,  8.4054507198040e-03, -9.7888182186728e-01,  5.8200943000000e-01,  9.0113873160385e-01,              2579888
  4.6455423638490e+00,  0.0000000000000e+00,  1.0157006662295e+00,  1.6869137948703e-01,  4.1354309732676e-02,  1.2660765409780e-04,  1.4265296411918e-04, -1.0564016360225e-02,                 -nan,                 -nan,  6.4776316212060e-03, -8.8750722516948e-01,  5.5772374100000e-01,  9.0586064201237e-01,              2579888
  4.6437588571960e+00,  0.0000000000000e+00,  1.0148029062815e+00,  1.6869305498575e-01,  4.5631605348250e-02,  1.3299412229995e-04,  1.2161745407734e-04, -1.2653958978961e-02,                 -nan,                 -nan,  8.5253400187514e-03, -1.0596465114795e+00,  5.4133527800000e-01,  8.9856730214645e-01,              2579888
  4.6414598039604e+00,  0.0000000000000e+00,  1.0129810169695e+00,  1.6868994325447e-01,  4.1660618517712e-02,  1.2707567653009e-04,  7.3308007013940e-05, -1.1197228928992e-02,                 -nan,                 -nan,  8.1294042378513e-03, -8.4568604595208e-01,  5.6179530000000e-01,  9.0380822733390e-01,              2579888
  4.6391830395144e+00,  0.0000000000000e+00,  1.0101158846625e+00,  1.6854551446269e-01,  4.7063898575594e-02,  1.3506521787907e-04,  1.8825225557025e-04, -1.7871349101865e-02,                 -nan,                 -nan,  8.5521306378397e-03, -1.0848032303097e+00,  5.6446485500000e-01,  9.0238142120898e-01,              2579888
  4.6359581596319e+00,  0.0000000000000e+00,  1.0065534929932e+00,  1.6863512008300e-01,  4.6330064149807e-02,  1.3400809223615e-04,  1.5201136692243e-04, -1.8790216063367e-02,                 -nan,                 -nan,  6.1879006015164e-03, -1.1809206364338e+00,  5.8314403500000e-01,  8.9922663309415e-01,              2579888
  4.6323634538870e+00,  0.0000000000000e+00,  1.0032555099763e+00,  1.6876729654193e-01,  3.5246024073789e-02,  1.1688388560125e-04, -1.2435323953757e-05, -1.1292108457677e-02,                 -nan,                 -nan,  1.7250125069627e-03, -7.0712445688137e-01,  5.8721451300000e-01,  9.0271709469558e-01,              2579888
  4.6299465047698e+00,  0.0000000000000e+00,  1.0008551184501e+00,  1.6872561637256e-01,  4.1031923302441e-02,  1.2611318991587e-04, -2.5589606716986e-05, -1.4375146671548e-02,                 -nan,                 -nan,  2.8631821409802e-03, -9.5000853965606e-01,  5.3416339100000e-01,  9.0309889421556e-01,              2579888
  4.6289309746542e+00,  0.0000000000000e+00,  9.9928753264722e-01,  1.6879930530849e-01,  4.0626284510863e-02,  1.2548826840544e-04, -5.3159663860321e-05, -1.2464875213548e-02,                 -nan,                 -nan,  2.7176590588725e-03, -9.0267715492594e-01,  5.7288258300000e-01,  9.0170697332597e-01,              2579888
  4.6293913470742e+00,  0.0000000000000e+00,  9.9844162968403e-01,  1.6869594515579e-01,  3.8226732408010e-02,  1.2172594701376e-04, -5.5604334069034e-05, -1.1344779171993e-02,                 -nan,                 -nan,  2.9344714841745e-03, -8.0188684230679e-01,  5.4925701200000e-01,  9.0380473881037e-01,              2579888
  4.6311421015149e+00,  0.0000000000000e+00,  9.9801873338382e-01,  1.6864789465488e-01,  3.4361189952001e-02,  1.1540740384622e-04,  1.0327456470477e-05, -1.2015835260971e-02,                 -nan,                 -nan,  1.5660441686272e-03, -6.7084653586216e-01,  5.3608917200000e-01,  9.0808825809493e-01,              2579888
  4.6333111579288e+00,  0.0000000000000e+00,  9.9820220676181e-01,  1.6887437882191e-01,  3.0419643552017e-02,  1.0858669981516e-04, -1.9995265608499e-05, -1.0689783220842e-02,                 -nan,                 -nan, -1.6927813068122e-03, -5.6995200843651e-01,  5.4955764100000e-01,  9.0219149048331e-01,              2579888
  4.6361389508763e+00,  0.0000000000000e+00,  9.9980049539105e-01,  1.6840117024192e-01,  5.0370106857884e-02,  1.3972882591474e-04,  3.5194155804839e-05, -1.5425413929842e-02,                 -nan,                 -nan,  9.4931275995115e-03, -1.2586673661635e+00,  5.8400592000000e-01,  9.0873828631320e-01,              2579888
  4.6391856089076e+00,  0.0000000000000e+00,  1.0002295235462e+00,  1.6870139499923e-01,  3.4247125416014e-02,  1.1521569286665e-04,  7.5990044105967e-05, -1.1811136789907e-02,                 -nan,                 -nan,  2.6593961842436e-03, -6.4929253358336e-01,  5.6527172500000e-01,  9.0801771239682e-01,              2579888
  4.6417278612999e+00,  0.0000000000000e+00,  1.0008014043960e+00,  1.6840989340265e-01,  6.2005544823009e-02,  1.5502967539562e-04,  1.7740097706797e-04, -1.8117793942513e-02,                 -nan,                 -nan,  1.3677610696320e-02, -1.6936871566140e+00,  5.5080461000000e-01,  9.0355550318463e-01,              2579888
  4.6429806066847e+00,  0.0000000000000e+00,  9.9967140812254e-01,  1.6833517534664e-01,  8.2761427763596e-02,  1.7910741294970e-04,  1.9391883182022e-04, -2.1688241892295e-02,                 -nan,                 -nan,  1.6628724304785e-02, -2.7721786543814e+00,  5.5197388100000e-01,  9.0089957393499e-01,              2579888
  4.6430881383668e+00,  0.0000000000000e+00,  9.9777987359996e-01,  1.6880421676609e-01,  3.2630219455141e-02,  1.1246297585815e-04,  1.5790625520076e-05, -9.5977675497181e-03,                 -nan,                 -nan,  2.0897077922263e-04, -6.2866505267075e-01,  5.6829754400000e-01,  9.0065809058378e-01,              2579888
  4.6435696048791e+00,  0.0000000000000e+00,  9.9700387959210e-01,  1.6857227659320e-01,  4.6832428378594e-02,  1.3473266884922e-04,  1.2076933930365e-04, -1.7863054145308e-02,                 -nan,                 -nan,  5.9772391466758e-03, -1.2038579535148e+00,  5.4642007300000e-01,  9.0427917801083e-01,              2579888
  4.6436272447715e+00,  0.0000000000000e+00,  9.9631818731916e-01,  1.6825707233670e-01,  6.2564357276739e-02,  1.5572669530470e-04,  1.7543862371741e-04, -1.6417089038866e-02,                 -nan,                 -nan,  1.3541647396379e-02, -1.7182349062391e+00,  5.9596884400000e-01,  9.0631647575399e-01,              2579888
  4.6425629545516e+00,  0.0000000000000e+00,  9.9413680251569e-01,  1.6848615899625e-01,  3.8221282483447e-02,  1.2171726956694e-04,  8.5874829683018e-05, -1.0240766528460e-02,                 -nan,                 -nan,  4.4989104709052e-03, -7.9244603790820e-01,  5.7461116500000e-01,  9.0123059605688e-01,              2579888
  4.6411895133832e+00,  0.0000000000000e+00,  9.9200216462333e-01,  1.6860874348736e-01,  3.0772452961988e-02,  1.0921458303115e-04,  5.1851769137583e-05, -9.6286600455587e-03,                 -nan,                 -nan, -6.6344200134692e-04, -5.7959164139004e-01,  5.7387035400000e-01,  9.0401637590469e-01,              2579888
  4.6399079574411e+00,  0.0000000000000e+00,  9.9120735550545e-01,  1.6846934056841e-01,  4.6034583910853e-02,  1.3358007556680e-04,  1.3618572875536e-04, -1.5815235339107e-02,                 -nan,                 -nan,  4.7399286463462e-03, -1.1693055263804e+00,  5.4672894100000e-01,  9.0436057689326e-01,              2579888
  4.6380695419493e+00,  0.0000000000000e+00,  9.9084182129499e-01,  1.6870054944576e-01,  4.1804148557442e-02,  1.2729439021047e-04,  5.7415593142444e-05, -1.5050502471231e-02,                 -nan,                 -nan,  2.0301940912623e-03, -1.0190177299682e+00,  5.7276587200000e-01,  9.0378884664761e-01,              2579888
  4.6366275184077e+00,  0.0000000000000e+00,  9.9148341231070e-01,  1.6842118874803e-01,  4.7565471901090e-02,  1.3578302466145e-04,  4.4239665354470e-05, -1.5306807395009e-02,                 -nan,                 -nan,  7.7063366442854e-03, -1.1274781253144e+00,  5.6837076500000e-01,  9.0085461074279e-01,              2579888
  4.6357162944237e+00,  0.0000000000000e+00,  9.9140554072087e-01,  1.6870799035242e-01,  3.4283449555674e-02,  1.1527677831139e-04, -3.1802501951702e-05, -1.0709278832612e-02,                 -nan,                 -nan, -6.2141690444250e-04, -7.2138387382042e-01,  5.6550209500000e-01,  9.0631647575399e-01,              2579888
  4.6359205897612e+00,  0.0000000000000e+00,  9.9267527442425e-01,  1.6878078512627e-01,  4.0198907760416e-02,  1.2482647320503e-04, -1.2268920594343e-06, -1.5571595000964e-02,                 -nan,                 -nan,  8.7379441699133e-04, -9.3587195479866e-01,  5.5437825500000e-01,  9.0399156862623e-01,              2579888
  4.6370542847275e+00,  0.0000000000000e+00,  9.9502402065890e-01,  1.6855579914985e-01,  5.8073341480488e-02,  1.5003341049516e-04,  7.2218329770415e-05, -1.8621794086010e-02,                 -nan,                 -nan,  8.3389349405068e-03, -1.6224960991205e+00,  5.6101955900000e-01,  9.0756808047481e-01,              2579888
  4.6383265255612e+00,  0.0000000000000e+00,  9.9706785281121e-01,  1.6856469336573e-01,  5.7507564080431e-02,  1.4930077420684e-04,  4.0825088118082e-05, -5.4917113654914e-03,                 -nan,                 -nan,  7.8953580446315e-03, -1.7315344432568e+00,  5.6185840300000e-01,  9.0335588211581e-01,              2579888
  4.6393117053255e+00,  0.0000000000000e+00,  9.9915076141569e-01,  1.6865730245779e-01,  3.3813487307443e-02,  1.1448393686365e-04,  5.0113627809124e-05, -1.1045512533275e-02,                 -nan,                 -nan,  9.7303566839343e-04, -6.6687939043358e-01,  5.8628510300000e-01,  9.0236630427367e-01,              2579888
  4.6402606815494e+00,  0.0000000000000e+00,  1.0017763111766e+00,  1.6856923672380e-01,  4.9039215375239e-02,  1.3787049352635e-04,  1.3349835347166e-04, -1.6091212420473e-02,                 -nan,                 -nan,  6.0822145907250e-03, -1.3475358973983e+00,  5.6932698700000e-01,  9.0476950937405e-01,              2579888
  4.6403684927999e+00,  0.0000000000000e+00,  1.0030629436808e+00,  1.6845560959970e-01,  5.4282424386221e-02,  1.4505382713133e-04,  2.8015652899420e-04, -2.2032852872692e-02,                 -nan,                 -nan,  1.0934337439857e-02, -1.3860927145852e+00,  5.4440097000000e-01,  9.0704751524097e-01,              2579888
  4.6394429056073e+00,  0.0000000000000e+00,  1.0035846020960e+00,  1.6880156266657e-01,  4.0018597135265e-02,  1.2454620644394e-04,  1.2319696387363e-04, -1.5478507079867e-02,                 -nan,                 -nan,  3.8169645004203e-03, -8.4920424383403e-01,  5.7571342700000e-01,  9.0128796288831e-01,              2579888
  4.6383336178964e+00,  0.0000000000000e+00,  1.0041227256224e+00,  1.6878500273624e-01,  3.7705556820059e-02,  1.2089330570763e-04,  5.4313588472128e-05, -1.3037592159930e-02,                 -nan,                 -nan,  3.0662196405329e-03, -7.8599641368845e-01,  5.6694861200000e-01,  8.9774401059271e-01,              2579888
  4.6373999347039e+00,  0.0000000000000e+00,  1.0047449136844e+00,  1.6855501725151e-01,  5.0246980625599e-02,  1.3955794271149e-04,  3.2993472180540e-05, -1.4105644432682e-02,                 -nan,                 -nan,  8.4850797484482e-03, -1.1930924818912e+00,  5.6138830900000e-01,  9.0092089268992e-01,              2579888
  4.6367852785049e+00,  0.0000000000000e+00,  1.0049039025688e+00,  1.6849255694696e-01,  1.0899933683444e-01,  2.0554716993296e-04,  1.2657267098911e-04, -5.2080255857536e-02,                 -nan,                 -nan,  1.7524074696359e-02, -4.6983151692021e+00,  5.4732193000000e-01,  9.0660951173074e-01,              2579888
  4.6370387123771e+00,  0.0000000000000e+00,  1.0059961342233e+00,  1.6904450368938e-01,  3.4067732910354e-02,  1.1491353656219e-04,  7.5934735960181e-05, -1.3208589135048e-02,                 -nan,                 -nan,  9.3510359288767e-04, -6.6313456329469e-01,  5.8916362300000e-01,  9.0226164856769e-01,              2579888
  4.6372073452025e+00,  0.0000000000000e+00,  1.0073585627285e+00,  1.6848097626462e-01,  3.7722409443313e-02,  1.2092031952079e-04,  1.4375091723720e-04, -1.1020347726336e-02,                 -nan,                 -nan,  6.6227713734534e-03, -7.3471381265827e-01,  5.9606329900000e-01,  9.0495130021148e-01,              2579888
  4.6368244742579e+00,  0.0000000000000e+00,  1.0081156221995e+00,  1.6872608598022e-01,  4.5380908601976e-02,  1.3262828908815e-04,  6.1605951059782e-05, -1.5952594443197e-02,                 -nan,                 -nan,  6.3277295405722e-03, -1.1049819691238e+00,  5.5823132400000e-01,  9.0450903295027e-01,              2579888
  4.6365892107482e+00,  0.0000000000000e+00,  1.0086695949263e+00,  1.6852810064956e-01,  5.1457462990399e-02,  1.4122895932981e-04,  1.5898373760085e-04, -2.0310687174532e-02,                 -nan,                 -nan,  1.1413376277091e-02, -1.2243259069744e+00,  5.7564508200000e-01,  9.0381946813195e-01,              2579888
  4.6360304856157e+00,  0.0000000000000e+00,  1.0083251732381e+00,  1.6876993305542e-01,  3.2794752053032e-02,  1.1274615750510e-04,  8.2674650301987e-06, -1.0590695006064e-02,                 -nan,                 -nan,  1.6279984030801e-03, -6.3944124207862e-01,  5.5244228900000e-01,  9.0642733327958e-01,              2579888
  4.6357973670239e+00,  0.0000000000000e+00,  1.0082650313032e+00,  1.6860432221823e-01,  7.2702650547436e-02,  1.6787062059548e-04,  9.1276143884713e-05, -2.9235317636974e-02,                 -nan,                 -nan,  1.4263295541391e-02, -2.3196107229520e+00,  5.6952747600000e-01,  9.0123563503532e-01,              2579888
  4.6359194449052e+00,  0.0000000000000e+00,  1.0077859775309e+00,  1.6847900320797e-01,  5.4951405200116e-02,  1.4594491738753e-04,  1.1617753873608e-04, -1.5065301124117e-02,                 -nan,                 -nan,  1.1372861578472e-02, -1.4645596730732e+00,  5.4659033200000e-01,  9.0286283745651e-01,              2579888
  4.6357821714096e+00,  0.0000000000000e+00,  1.0067092152043e+00,  1.6885119293229e-01,  3.4334867685802e-02,  1.1536319166376e-04,  4.0946429645417e-05, -1.0696374472566e-02,                 -nan,                 -nan,  1.2313359034391e-03, -6.8667252991516e-01,  5.8584920600000e-01,  9.0777351574952e-01,              2579888
  4.6357344476263e+00,  0.0000000000000e+00,  1.0060908102133e+00,  1.6869598016715e-01,  6.3488255956122e-02,  1.5687230297271e-04,  4.0044705655882e-05, -2.5089714401642e-02,                 -nan,                 -nan,  1.0239345868671e-02, -1.9349214227747e+00,  5.6967435500000e-01,  9.0366946162004e-01,              2579888
  4.6362088911944e+00,  0.0000000000000e+00,  1.0054436377983e+00,  1.6868680328137e-01,  5.1882281337203e-02,  1.4181073434547e-04,  4.2681677904572e-05, -1.9028781315189e-02,                 -nan,                 -nan,  7.2781454029503e-03, -1.3261709194799e+00,  5.8498263500000e-01,  9.0708898990964e-01,              2579888
  4.6369541855788e+00,  0.0000000000000e+00,  1.0047572948520e+00,  1.6872457605850e-01,  3.8183283099416e-02,  1.2165674920861e-04,  3.3975350476054e-05, -1.0628739289201e-02,                 -nan,                 -nan,  3.8492631997744e-03, -7.9398545209119e-01,  5.8835043900000e-01,  9.0327332039220e-01,              2579888
  4.6377417846227e+00,  0.0000000000000e+00,  1.0041583653865e+00,  1.6879946669872e-01,  3.3891510926907e-02,  1.1461594490142e-04,  5.1136067420738e-05, -1.1366223041686e-02,                 -nan,                 -nan,  8.0507327198407e-04, -6.5931772255616e-01,  5.8198648900000e-01,  9.0820841834994e-01,              2579888
  4.6384857933139e+00,  0.0000000000000e+00,  1.0040176495845e+00,  1.6875240948220e-01,  6.2442989849573e-02,  1.5557557632829e-04,  4.4626231304551e-05, -2.0346844601517e-02,                 -nan,                 -nan,  6.0098989884688e-03, -2.1578789641842e+00,  5.6852173200000e-01,  9.0114144489993e-01,              2579888
  4.6395027477667e+00,  0.0000000000000e+00,  1.0046553555585e+00,  1.6866343504138e-01,  4.2714605921920e-02,  1.2867310344568e-04,  2.3903189658959e-05, -5.6035729915944e-03,                 -nan,                 -nan,  5.9768184594333e-03, -9.4831077446278e-01,  5.6882871600000e-01,  9.0666726617590e-01,              2579888
  4.6404437871073e+00,  0.0000000000000e+00,  1.0050320395818e+00,  1.6883827099278e-01,  4.2440012408311e-02,  1.2825884505731e-04,  7.7573863391484e-05, -1.2876841647582e-02,                 -nan,                 -nan,  4.2808979196051e-03, -9.7136055136353e-01,  5.9289933800000e-01,  8.9959370329255e-01,              2579888
  4.6412111492988e+00,  0.0000000000000e+00,  1.0054635691626e+00,  1.6889299148789e-01,  3.6664519190579e-02,  1.1921271278932e-04,  5.1501399332340e-05, -1.2767385096171e-02,                 -nan,                 -nan,  1.3537829529037e-03, -7.8595842905319e-01,  5.6901163100000e-01,  9.0101314475667e-01,              2579888
  4.6419774710905e+00,  0.0000000000000e+00,  1.0062648999134e+00,  1.6832979315713e-01,  4.4549627838940e-02,  1.3140794204555e-04,  3.1573187452096e-05, -7.1669404550634e-03,                 -nan,                 -nan,  9.5769689341693e-03, -9.6865114420609e-01,  5.5577885500000e-01,  8.9970378559069e-01,              2579888
  4.6426937091816e+00,  0.0000000000000e+00,  1.0062275961690e+00,  1.6856283927456e-01,  4.3102841280304e-02,  1.2925653911551e-04,  1.5408033172555e-04, -1.4256850481566e-02,                 -nan,                 -nan,  8.4014074424550e-03, -9.1246035845321e-01,  5.6720712500000e-01,  9.0609514831652e-01,              2579888
  4.6428336734785e+00,  0.0000000000000e+00,  1.0055790800771e+00,  1.6866992038385e-01,  3.4737480911962e-02,  1.1603759909411e-04,  6.7088533600614e-05, -1.0880985057120e-02,                 -nan,                 -nan,  3.0197023768987e-03, -6.7405922122048e-01,  5.5941122200000e-01,  9.0605367364785e-01,              2579888
  4.6428823447853e+00,  0.0000000000000e+00,  1.0050511389183e+00,  1.6873741305456e-01,  4.1302535615269e-02,  1.2652837514801e-04,  7.4063034224157e-05, -1.1250456640770e-02,                 -nan,                 -nan,  4.3192125027773e-03, -9.2404005049813e-01,  5.6299785600000e-01,  9.0470051413085e-01,              2579888
  4.6428174098184e+00,  0.0000000000000e+00,  1.0046238913794e+00,  1.6875591167422e-01,  4.1270896404018e-02,  1.2647990324569e-04,  2.9854372764832e-05, -1.0086791829466e-02,                 -nan,                 -nan,  5.0964773980435e-03, -8.9138406258699e-01,  5.6197566900000e-01,  9.0392412383793e-01,              2579888
  4.6428847060993e+00,  0.0000000000000e+00,  1.0041363636811e+00,  1.6884781342958e-01,  3.2011797249991e-02,  1.1139215413921e-04,  7.4816987371994e-05, -1.0333014836071e-02,                 -nan,                 -nan, -1.5654204338279e-03, -6.5335556746483e-01,  5.7072431600000e-01,  9.0491447690752e-01,              2579888
  4.6428037026573e+00,  0.0000000000000e+00,  1.0044733526736e+00,  1.6882306446280e-01,  4.0632191473767e-02,  1.2549739091828e-04,  7.4267314775195e-05, -1.2615873616825e-02,                 -nan,                 -nan,  6.0276668375007e-03, -8.3239256307870e-01,  5.7300876700000e-01,  9.0116508933721e-01,              2579888
  4.6426622485648e+00,  0.0000000000000e+00,  1.0044771998057e+00,  1.6869211116969e-01,  4.1450145679079e-02,  1.2675427174026e-04,  1.9059483009453e-04, -1.6086207996672e-02,                 -nan,                 -nan,  4.6570948074408e-03, -9.2718448542011e-01,  6.0593567900000e-01,  9.0516836389797e-01,              2579888
  4.6418606382099e+00,  0.0000000000000e+00,  1.0044772619436e+00,  1.6865452052188e-01,  4.2931629870051e-02,  1.2899956981122e-04,  9.8349832807455e-05, -1.3468897029025e-02,                 -nan,                 -nan,  7.6189832491624e-03, -9.1719389443546e-01,  5.9187222700000e-01,  9.0511487320380e-01,              2579888
  4.6409487197276e+00,  0.0000000000000e+00,  1.0039896483958e+00,  1.6886455487779e-01,  2.8328405611328e-02,  1.0478778004559e-04,  7.6740376338541e-05, -9.1163411892536e-03,                 -nan,                 -nan, -9.1456562559228e-04, -4.8645657266460e-01,  5.6067971100000e-01,  9.0156820761211e-01,              2579888
  4.6399363684343e+00,  0.0000000000000e+00,  1.0040889474594e+00,  1.6879457364146e-01,  3.4694784787967e-02,  1.1596626578373e-04,  6.9475949874418e-05, -9.7354038927819e-03,                 -nan,                 -nan,  1.9552177341150e-03, -6.9257689692013e-01,  5.7639459400000e-01,  9.0992322147318e-01,              2579888
  4.6388969282828e+00,  0.0000000000000e+00,  1.0044210143992e+00,  1.6876409539873e-01,  4.1535184568269e-02,  1.2688422930013e-04,  1.0886351929026e-04, -1.5174726806264e-02,                 -nan,                 -nan,  5.0949816471380e-03, -9.1931610201819e-01,  5.5887966700000e-01,  9.0289423416830e-01,              2579888
  4.6377581962295e+00,  0.0000000000000e+00,  1.0046398422752e+00,  1.6870380692772e-01,  3.6287591030326e-02,  1.1859834890085e-04,  1.0674025575718e-04, -1.4103913294934e-02,                 -nan,                 -nan,  3.3797363583574e-03, -7.1838438443545e-01,  5.5270064500000e-01,  9.0771963744163e-01,              2579888
  4.6365100583755e+00,  0.0000000000000e+00,  1.0048711529615e+00,  1.6852798122034e-01,  5.0641484662724e-02,  1.4010472709214e-04,  1.3723773483350e-04, -1.8692367480656e-02,                 -nan,                 -nan,  1.1022624043362e-02, -1.1734525646921e+00,  5.5228188800000e-01,  9.0637306735796e-01,              2579888
  4.6351168392478e+00,  0.0000000000000e+00,  1.0042486962401e+00,  1.6901864528596e-01,  3.9798980218758e-02,  1.2420398950238e-04, -2.2271534711631e-05, -1.2224951215001e-02,                 -nan,                 -nan,  2.8143897583340e-03, -8.4522884870496e-01,  5.6462803200000e-01,  9.0293493360952e-01,              2579888
  4.6343754764464e+00,  0.0000000000000e+00,  1.0039156746317e+00,  1.6866373281469e-01,  3.8290249092358e-02,  1.2182703359711e-04,  4.7196779523484e-05, -1.3228535727198e-02,                 -nan,                 -nan,  2.6524016291587e-03, -8.7155092178313e-01,  5.4590130200000e-01,  9.0394776827521e-01,              2579888
  4.6338243263055e+00,  0.0000000000000e+00,  1.0038908594474e+00,  1.6868818864237e-01,  4.8519592887628e-02,  1.3713810621681e-04,  4.3202248477027e-05, -1.7092736158159e-02,                 -nan,                 -nan,  6.4217450559666e-03, -1.1994234669142e+00,  5.6851448500000e-01,  9.0508580217436e-01,              2579888
  4.6335882371152e+00,  0.0000000000000e+00,  1.0037999521406e+00,  1.6835392558252e-01,  7.9511044840483e-02,  1.7555504076560e-04,  1.9312255517257e-04, -3.4148865706885e-02,                 -nan,                 -nan,  1.9343310505466e-02, -2.4206140202720e+00,  5.4601543900000e-01,  9.0331557028832e-01,              2579888
  4.6332376582011e+00,  0.0000000000000e+00,  1.0025517663844e+00,  1.6874763350287e-01,  4.5453211718392e-02,  1.3273390202505e-04,  5.9757103650634e-05, -1.6273410557415e-02,                 -nan,                 -nan,  5.8011535259458e-03, -1.0522986896238e+00,  5.4834933900000e-01,  9.0165348263180e-01,              2579888
  4.6330551913806e+00,  0.0000000000000e+00,  1.0013404752560e+00,  1.6880159848479e-01,  3.0515048277290e-02,  1.0875684602717e-04, -2.9695118658410e-05, -9.2445222464995e-03,                 -nan,                 -nan, -9.6179555953497e-04, -5.6010204085379e-01,  5.4991555800000e-01,  9.0628042767748e-01,              2579888
  4.6333593810434e+00,  0.0000000000000e+00,  1.0008569554479e+00,  1.6857504673780e-01,  4.0779587166731e-02,  1.2572480948891e-04,  6.5848717284392e-05, -1.3477366124090e-02,                 -nan,                 -nan,  5.1654760924077e-03, -9.0338551223774e-01,  5.5741691600000e-01,  9.0749559670807e-01,              2579888
  4.6336428753061e+00,  0.0000000000000e+00,  1.0003167750600e+00,  1.6861363759297e-01,  4.9018036723153e-02,  1.3784071912521e-04,  1.0448647410263e-04, -2.0542410153459e-02,                 -nan,                 -nan,  7.0380796852125e-03, -1.2263275835532e+00,  5.6951345300000e-01,  9.0272445935638e-01,              2579888
  4.6338872617320e+00,  0.0000000000000e+00,  9.9968383714344e-01,  1.6820380894081e-01,  6.6575824618661e-02,  1.6064153707282e-04,  2.6834150339560e-04, -2.7323811064438e-02,                 -nan,                 -nan,  1.5005433610410e-02, -1.8739603813399e+00,  5.6669926500000e-01,  9.0418615071662e-01,              2579888
  4.6332933896690e+00,  0.0000000000000e+00,  9.9820534052758e-01,  1.6871830972952e-01,  3.8099652965461e-02,  1.2152344810854e-04,  5.1405867798569e-05, -1.2365980706152e-02,                 -nan,                 -nan,  2.3102186061226e-03, -8.3715653975240e-01,  5.6101725400000e-01,  9.0348263180417e-01,              2579888
  4.6328229169196e+00,  0.0000000000000e+00,  9.9717669341593e-01,  1.6892435605476e-01,  2.7944452897798e-02,  1.0407523002634e-04, -7.3048286882742e-05, -9.3540460313311e-03,                 -nan,                 -nan, -2.3256126292183e-03, -4.7468674616591e-01,  5.5176358500000e-01,  9.0420359333428e-01,              2579888
  4.6331401457754e+00,  0.0000000000000e+00,  9.9700969604216e-01,  1.6881955799312e-01,  5.8011176901354e-02,  1.4995308739960e-04, -6.9816301391488e-05, -1.8131203651621e-02,                 -nan,                 -nan,  4.1145770869317e-03, -1.9372611875902e+00,  6.1446751900000e-01,  9.0033869687366e-01,              2579888
  4.6344158379019e+00,  0.0000000000000e+00,  9.9775802264369e-01,  1.6871982026644e-01,  4.5044273649998e-02,  1.3213545602319e-04,  8.6172255908787e-05, -1.6372513848535e-02,                 -nan,                 -nan,  5.1313124697927e-03, -1.0375724350991e+00,  5.7051328800000e-01,  8.9963711602984e-01,              2579888
  4.6355382732715e+00,  0.0000000000000e+00,  9.9844119339506e-01,  1.6849841396598e-01,  6.6119735370833e-02,  1.6009034005973e-04,  3.2012920897688e-05, -1.5865469750633e-02,                 -nan,                 -nan,  1.0910023593538e-02, -2.0522567585514e+00,  5.6831710600000e-01,  9.0410165092438e-01,              2579888
  4.6368415893192e+00,  0.0000000000000e+00,  9.9895175116527e-01,  1.6910938183814e-01,  3.3857344483133e-02,  1.1455815747067e-04, -7.0862550126955e-05, -9.3536156044341e-03,                 -nan,                 -nan, -3.6415570241105e-03, -7.5835407289654e-01,  5.7239678500000e-01,  9.0211047921460e-01,              2579888
  4.6387411743275e+00,  0.0000000000000e+00,  1.0006082493114e+00,  1.6843671390424e-01,  5.3068265901989e-02,  1.4342241202678e-04,  1.2494020525115e-04, -1.6804834593875e-02,                 -nan,                 -nan,  9.6241590195092e-03, -1.3204712766367e+00,  5.7801697100000e-01,  9.0133486414914e-01,              2579888
  4.6401989395049e+00,  0.0000000000000e+00,  1.0016124068327e+00,  1.6863649938083e-01,  5.7139125947330e-02,  1.4882173732771e-04,  1.2716107512457e-04, -1.7176077444582e-02,                 -nan,                 -nan,  9.0001994970040e-03, -1.5800098085108e+00,  5.7269500000000e-01,  9.0513154059401e-01,              2579888
  4.6412563634221e+00,  0.0000000000000e+00,  1.0023393291741e+00,  1.6883180266970e-01,  5.7247254600183e-02,  1.4896248403958e-04, -1.9986874124463e-05, -1.0557193621426e-02,                 -nan,                 -nan,  5.9667739709433e-03, -1.7690350308332e+00,  6.0641556400000e-01,  9.0188721370850e-01,              2579888
  4.6426589303230e+00,  0.0000000000000e+00,  1.0034583640459e+00,  1.6854753004416e-01,  5.3303079147618e-02,  1.4373936520175e-04,  1.9445511079074e-04, -1.6032578256363e-02,                 -nan,                 -nan,  1.0054485091481e-02, -1.3329273195084e+00,  5.7032354700000e-01,  9.0513425389009e-01,              2579888
  4.6432135674945e+00,  0.0000000000000e+00,  1.0039184703890e+00,  1.6869963981670e-01,  4.2062306987122e-02,  1.2768683381558e-04,  7.0505326541361e-05, -1.2806722464652e-02,                 -nan,                 -nan,  7.0944199430197e-03, -8.8400216027889e-01,  6.1194241400000e-01,  9.0343766861197e-01,              2579888
  4.6436730577703e+00,  0.0000000000000e+00,  1.0039008340876e+00,  1.6874135249337e-01,  4.5579873714691e-02,  1.3291871454053e-04,  1.7357395134509e-04, -1.4811141529453e-02,                 -nan,                 -nan,  6.5272508523380e-03, -1.0586469677554e+00,  5.4991414300000e-01,  9.0084143187611e-01,              2579888
  4.6434701516241e+00,  0.0000000000000e+00,  1.0036855148783e+00,  1.6885993166137e-01,  3.2987157471763e-02,  1.1307641227682e-04,  7.7591336425622e-05, -1.0166671676940e-02,                 -nan,                 -nan,  5.0219792569852e-04, -6.3831372678131e-01,  5.5538352800000e-01,  9.0959878878463e-01,              2579888
  4.6431215232131e+00,  0.0000000000000e+00,  1.0039264700277e+00,  1.6885170963817e-01,  3.6058958545106e-02,  1.1822413997386e-04,  1.1827200275417e-04, -1.3662542464605e-02,                 -nan,                 -nan,  1.5090158752265e-03, -7.7612121654459e-01,  5.6476515900000e-01,  9.0343960668060e-01,              2579888
  4.6424976740127e+00,  0.0000000000000e+00,  1.0045270776951e+00,  1.6876291661936e-01,  3.3956119171052e-02,  1.1472514052239e-04,  4.1518114815650e-05, -1.1250526943171e-02,                 -nan,                 -nan,  8.6283350829994e-04, -6.7904257986570e-01,  5.8960636900000e-01,  9.0547884249239e-01,              2579888
  4.6420272329519e+00,  0.0000000000000e+00,  1.0054777123812e+00,  1.6874714880802e-01,  4.4566907670950e-02,  1.3143342471653e-04,  1.5477171293338e-04, -1.7049165707885e-02,                 -nan,                 -nan,  6.2474298665907e-03, -1.0513152151335e+00,  5.9677247000000e-01,  9.0376985357504e-01,              2579888
  4.6411718704078e+00,  0.0000000000000e+00,  1.0061734514670e+00,  1.6844305515830e-01,  4.8747353952520e-02,  1.3745960676396e-04,  1.1256155459811e-04, -1.3729663548130e-02,                 -nan,                 -nan,  1.0514905093429e-02, -1.1145140162854e+00,  5.6758440000000e-01,  9.0508890308416e-01,              2579888
  4.6401286399133e+00,  0.0000000000000e+00,  1.0059992385143e+00,  1.6891543070892e-01,  3.3973949986769e-02,  1.1475525842765e-04, -2.4990746881285e-05, -1.2832920429387e-02,                 -nan,                 -nan,  5.0419178193694e-04, -6.8277349605505e-01,  5.8408774500000e-01,  9.0260236103273e-01,              2579888
  4.6397437226861e+00,  0.0000000000000e+00,  1.0063135683487e+00,  1.6837667733589e-01,  5.8785911360562e-02,  1.5095107197687e-04,  1.1330294373796e-04, -1.3000232474658e-02,                 -nan,                 -nan,  1.4102867349412e-02, -1.5090214383878e+00,  5.9457915700000e-01,  9.0777545381815e-01,              2579888
  4.6390966708018e+00,  0.0000000000000e+00,  1.0055357245596e+00,  1.6882719031242e-01,  4.2207903272130e-02,  1.2790763326851e-04,  5.7286069292445e-05, -1.5972507892839e-02,                 -nan,                 -nan,  2.1004156646545e-03, -1.0271575567481e+00,  5.6795414600000e-01,  9.0451911090714e-01,              2579888
  4.6386543980395e+00,  0.0000000000000e+00,  1.0053263830467e+00,  1.6855623885364e-01,  4.5725312656368e-02,  1.3313060807033e-04,  9.6831226663466e-05, -1.4163595201048e-02,                 -nan,                 -nan,  6.4256663048619e-03, -1.0581284049427e+00,  5.7149845000000e-01,  9.0538659042563e-01,              2579888
  4.6380940178095e+00,  0.0000000000000e+00,  1.0049541244265e+00,  1.6878512530236e-01,  3.7285170482390e-02,  1.2021748562614e-04,  7.0409064612441e-05, -1.2230926889236e-02,                 -nan,                 -nan,  3.5617721240950e-03, -7.6125509377944e-01,  5.8708764600000e-01,  9.0394854350266e-01,              2579888
  4.6375315802914e+00,  0.0000000000000e+00,  1.0046584285833e+00,  1.6854414000734e-01,  6.8345599592411e-02,  1.6276268769174e-04,  4.2212767593983e-05, -1.3663624332587e-02,                 -nan,                 -nan,  1.1840828884341e-02, -2.1717883783547e+00,  5.8038225400000e-01,  9.0221435969313e-01,              2579888
  4.6371878665935e+00,  0.0000000000000e+00,  1.0042329276820e+00,  1.6881642629172e-01,  4.2847203092786e-02,  1.2887266596832e-04, -5.6967264324163e-05, -1.0999509689264e-02,                 -nan,                 -nan,  4.0157371114194e-03, -1.0018846145231e+00,  5.4897053500000e-01,  9.0313377945089e-01,              2579888
  4.6375769504686e+00,  0.0000000000000e+00,  1.0040108961528e+00,  1.6833079120487e-01,  5.5585610063955e-02,  1.4678469069181e-04,  2.2874344847790e-04, -2.0162321078882e-02,                 -nan,                 -nan,  1.2560120864932e-02, -1.3859580463080e+00,  5.4772844000000e-01,  9.0370628492400e-01,              2579888
  4.6371293970520e+00,  0.0000000000000e+00,  1.0028986646119e+00,  1.6871864902478e-01,  3.6688892036949e-02,  1.1925232970630e-04,  3.2450482225547e-05, -1.2925676162708e-02,                 -nan,                 -nan,  3.5081584416675e-03, -7.3897334826251e-01,  5.8658776600000e-01,  9.0745877340412e-01,              2579888
  4.6369270559252e+00,  0.0000000000000e+00,  1.0019271380498e+00,  1.6864757626148e-01,  3.1414076271665e-02,  1.1034730240625e-04,  2.5412177164993e-05, -9.1592254380979e-03,                 -nan,                 -nan,  1.1363772923050e-03, -5.7981497392787e-01,  5.4727140700000e-01,  9.0104609192337e-01,              2579888
  4.6368720757377e+00,  0.0000000000000e+00,  1.0013383240306e+00,  1.6856475330363e-01,  3.5066690483086e-02,  1.1658615077264e-04,  4.0383822182610e-05, -9.7488687994973e-03,                 -nan,                 -nan,  3.0608867787699e-03, -6.9412116888823e-01,  5.4825326000000e-01,  9.0313184138226e-01,              2579888
  4.6368747947516e+00,  0.0000000000000e+00,  1.0008745271471e+00,  1.6871663324352e-01,  4.0559298294738e-02,  1.2538477072827e-04,  7.0145244795950e-05, -1.3340528487938e-02,                 -nan,                 -nan,  4.2202661881112e-03, -8.7677723150063e-01,  5.9621481100000e-01,  9.0683277723684e-01,              2579888
  4.6368557154400e+00,  0.0000000000000e+00,  1.0004833756040e+00,  1.6863645726144e-01,  4.6827694444368e-02,  1.3472585912642e-04,  3.4306807274260e-05, -1.2299951612316e-02,                 -nan,                 -nan,  6.8196798875733e-03, -1.1029364604528e+00,  5.7587151000000e-01,  9.0044296496592e-01,              2579888
  4.6370087095799e+00,  0.0000000000000e+00,  9.9991877515103e-01,  1.6857000519499e-01,  4.7944778238395e-02,  1.3632334403491e-04,  1.5600392365278e-04, -1.9879646803873e-02,                 -nan,                 -nan,  8.3950115457802e-03, -1.1108146455840e+00,  6.8917385100000e-01,  9.0194535576738e-01,              2579888
  4.6367920378353e+00,  0.0000000000000e+00,  9.9894808156945e-01,  1.6875310894999e-01,  3.5375589285765e-02,  1.1709852248343e-04,  4.7785333954919e-05, -1.0667405503808e-02,                 -nan,                 -nan,  9.3299489848000e-04, -7.3898888196201e-01,  5.5353208800000e-01,  9.0765955731412e-01,              2579888
  4.6366316674122e+00,  0.0000000000000e+00,  9.9852380574379e-01,  1.6883131547987e-01,  3.7532858336729e-02,  1.2061613102046e-04, -3.7034272682949e-05, -1.0939173064009e-02,                 -nan,                 -nan,  2.4587667586916e-03, -7.8997994912134e-01,  5.7314668200000e-01,  9.0172790446717e-01,              2579888
  4.6370622232955e+00,  0.0000000000000e+00,  9.9838464158444e-01,  1.6877662031032e-01,  3.9430310974092e-02,  1.2362738268187e-04, -2.3889759988313e-05, -1.1942219277110e-02,                 -nan,                 -nan,  2.4917071592113e-03, -8.5229146112675e-01,  5.9466558300000e-01,  8.9965184535143e-01,              2579888
  4.6379738983813e+00,  0.0000000000000e+00,  9.9854783500561e-01,  1.6851588605414e-01,  4.6245142562478e-02,  1.3388521954234e-04,  5.8663437847605e-05, -1.4846949173030e-02,                 -nan,                 -nan,  7.1386915283000e-03, -1.0869187356311e+00,  5.7092658100000e-01,  9.0586374292217e-01,              2579888
  4.6388927383220e+00,  0.0000000000000e+00,  9.9841680787171e-01,  1.6869466597103e-01,  3.4179898587228e-02,  1.1510255358226e-04,  7.7541316724656e-06, -1.0874234275733e-02,                 -nan,                 -nan,  5.3474866104517e-05, -6.9905746057601e-01,  5.5492509500000e-01,  9.0488928201534e-01,              2579888
  4.6400128588770e+00,  0.0000000000000e+00,  9.9886042729032e-01,  1.6867569395535e-01,  3.9109038708488e-02,  1.2312270387252e-04,  6.7711215566287e-05, -1.3215299464993e-02,                 -nan,                 -nan,  3.3147896110124e-03, -8.3971256274016e-01,  5.5547064000000e-01,  9.0549706033750e-01,              2579888
  4.6410115037423e+00,  0.0000000000000e+00,  9.9940429208231e-01,  1.6868674790489e-01,  4.0574643843208e-02,  1.2540848805324e-04, -3.0867135833855e-05, -7.4511128604355e-03,                 -nan,                 -nan,  4.1483810235136e-03, -8.7669070183908e-01,  5.8514028400000e-01,  8.9785293004968e-01,              2579888
  4.6423388430108e+00,  0.0000000000000e+00,  9.9993257439478e-01,  1.6840164308452e-01,  4.9961765567955e-02,  1.3916129527529e-04,  1.3295239474471e-04, -1.1963435110833e-02,                 -nan,                 -nan,  9.1930411892644e-03, -1.2888620645646e+00,  5.5581772900000e-01,  9.0490091042712e-01,              2579888
  4.6430740349800e+00,  0.0000000000000e+00,  9.9995886124142e-01,  1.6868684120336e-01,  3.8806231022693e-02,  1.2264512951425e-04,  4.2140448555011e-05, -1.1859263625822e-02,                 -nan,                 -nan,  3.8262003195398e-03, -8.1144991337693e-01,  5.7470037700000e-01,  9.0651493398163e-01,              2579888
  4.6438441751336e+00,  0.0000000000000e+00,  1.0000203392765e+00,  1.6843072872496e-01,  4.3937908623921e-02,  1.3050263012112e-04,  1.8168883372412e-04, -1.4398910021647e-02,                 -nan,                 -nan,  7.7227732286156e-03, -9.8071960263997e-01,  5.6817546700000e-01,  9.0792158419280e-01,              2579888
  4.6438470425525e+00,  0.0000000000000e+00,  9.9961428808863e-01,  1.6844387194098e-01,  3.8697936190008e-02,  1.2247387978659e-04,  2.5371482738848e-04, -1.3496467247871e-02,                 -nan,                 -nan,  6.3651847592036e-03, -7.7631325015876e-01,  5.9140045000000e-01,  9.0488618110554e-01,              2579888
  4.6426802862075e+00,  0.0000000000000e+00,  9.9884200414974e-01,  1.6849878483784e-01,  4.8400974833083e-02,  1.3697036975439e-04,  1.4134487547375e-04, -1.6126459387818e-02,                 -nan,                 -nan,  8.9268865061386e-03, -1.1322640696994e+00,  5.6355094200000e-01,  9.0322215538039e-01,              2579888
  4.6412482817853e+00,  0.0000000000000e+00,  9.9761197949660e-01,  1.6869198900041e-01,  5.1485861642409e-02,  1.4126792509517e-04,  1.1846499660820e-04, -1.9291253175504e-02,                 -nan,                 -nan,  4.4667638500354e-03, -1.5158108226736e+00,  5.8983394600000e-01,  9.0232986858344e-01,              2579888
  4.6398201364525e+00,  0.0000000000000e+00,  9.9701451567627e-01,  1.6859357221818e-01,  3.5277459508955e-02,  1.1693599753452e-04,  8.0012135575713e-05, -1.0715504675168e-02,                 -nan,                 -nan,  4.0859776864537e-03, -6.6294198404155e-01,  5.6128670000000e-01,  9.0130579311970e-01,              2579888
  4.6383675422139e+00,  0.0000000000000e+00,  9.9634994207291e-01,  1.6862931678949e-01,  6.4404775479032e-02,  1.5800055375557e-04,  1.4552091263113e-04, -2.2893932718192e-02,                 -nan,                 -nan,  8.5495558357458e-03, -2.1625377425678e+00,  5.7351303800000e-01,  9.0358961319251e-01,              2579888
  4.6368637707322e+00,  0.0000000000000e+00,  9.9612273730430e-01,  1.6864343254130e-01,  3.4864054490379e-02,  1.1624881100403e-04, -4.0155458255868e-05, -9.9005540509308e-03,                 -nan,                 -nan,  2.9477116052867e-03, -6.5679151858952e-01,  5.2643380100000e-01,  9.0143874462767e-01,              2579888
  4.6360747457713e+00,  0.0000000000000e+00,  9.9597328923816e-01,  1.6881840972763e-01,  3.1559462143178e-02,  1.1060235398797e-04,  3.4881781795667e-05, -1.1113801762980e-02,                 -nan,                 -nan, -1.6558776536969e-03, -6.1082414340035e-01,  5.7687555200000e-01,  9.0810376264396e-01,              2579888
  4.6354944472552e+00,  0.0000000000000e+00,  9.9661170419685e-01,  1.6839074484083e-01,  5.2304209004731e-02,  1.4238619782429e-04,  5.8651247356311e-05, -1.1954650614606e-02,                 -nan,                 -nan,  9.6924437480801e-03, -1.3342997323687e+00,  6.0439441900000e-01,  9.1184190941622e-01,              2579888
  4.6349788396425e+00,  0.0000000000000e+00,  9.9669059534023e-01,  1.6871414968863e-01,  3.7459755379107e-02,  1.2049861141345e-04,  9.9677715318789e-06, -1.4035255012792e-02,                 -nan,                 -nan,  2.0434784004742e-03, -8.0280205947629e-01,  5.5314469800000e-01,  9.0390435553791e-01,              2579888
  4.6348944664815e+00,  0.0000000000000e+00,  9.9708526574039e-01,  1.6874840737160e-01,  3.6501943419073e-02,  1.1894811595843e-04,  7.5400720011030e-06, -1.2188617228256e-02,                 -nan,                 -nan,  2.0026498245658e-03, -7.6113702309719e-01,  5.4744829200000e-01,  9.0270817957989e-01,              2579888
  4.6351556421441e+00,  0.0000000000000e+00,  9.9773698861182e-01,  1.6849809550362e-01,  4.5611335741162e-02,  1.3296458095452e-04,  6.5870116389483e-05, -1.5799052339160e-02,                 -nan,                 -nan,  4.8557595012953e-03, -1.1326115805402e+00,  5.7033238500000e-01,  9.0784212337900e-01,              2579888
  4.6354738122714e+00,  0.0000000000000e+00,  9.9845675113747e-01,  1.6835416813570e-01,  6.3982827747454e-02,  1.5748213312852e-04,  1.3732214137082e-04, -1.7096341516386e-02,                 -nan,                 -nan,  1.3991461688659e-02, -1.7601157005297e+00,  5.6974578200000e-01,  9.0162208592001e-01,              2579888
  4.6354325975115e+00,  0.0000000000000e+00,  9.9825099104466e-01,  1.6833373005625e-01,  4.9868205268123e-02,  1.3903093485367e-04,  1.3351058069805e-04, -1.5948762146037e-02,                 -nan,                 -nan,  1.0675270387150e-02, -1.1456369107851e+00,  5.7560619200000e-01,  8.9670675626229e-01,              2579888
  4.6350553831876e+00,  0.0000000000000e+00,  9.9725331816244e-01,  1.6839552226338e-01,  4.6199757353079e-02,  1.3381950561030e-04,  1.4740100221127e-04, -1.5367480329761e-02,                 -nan,                 -nan,  9.4018740079631e-03, -1.0349551687358e+00,  5.6251374700000e-01,  9.0489160769770e-01,              2579888
  4.6342692372841e+00,  0.0000000000000e+00,  9.9566137981677e-01,  1.6854287178340e-01,  4.4766068934188e-02,  1.3172677317845e-04,  7.8144721784645e-06, -1.4795247552379e-02,                 -nan,                 -nan,  5.7868989656138e-03, -1.0717428346936e+00,  5.6022033600000e-01,  9.0623313880292e-01,              2579888
