#                p[0],                 p[1],                 p[2],               energy,             variance,                error,             gradE[0],          gradVarE[0],             gradE[1],          gradVarE[1],             gradE[2],          gradVarE[2],         elapsed time,        accept. ratio,             MC steps
  2.0000000000000e+00,  1.1230000000000e+00,  2.5000000000000e+00, -1.8204358173086e+02,  9.3928422704306e+03,  2.1671227780667e-01,  6.8137628079011e+01, -3.9139768372936e+03, -1.5817584743579e+01,  4.4107484114544e+02,  3.4153560917842e+02, -4.1393731707922e+04,  6.6520898100000e-01,  9.0552500000000e-01,               200000
  1.9700000000045e+00,  1.1529999999808e+00,  2.4700000000009e+00, -1.9930532316511e+02,  1.0086579975944e+04,  2.2457270510843e-01,  8.1681822923743e+01, -5.6991890112803e+03, -3.5658776313869e+00, -8.8107043394954e+01,  3.4378120849494e+02, -4.2032232139667e+04,  4.6652541800000e-01,  9.0598000000000e-01,               200000
  1.9399775936615e+00,  1.1776197709077e+00,  2.4399954534291e+00, -2.2304304354162e+02,  1.3687057854394e+04,  2.6160139386473e-01,  8.7917465094874e+01, -5.7332838525047e+03, -4.0289708035268e+01,  5.5389448683050e+03,  4.3573550194056e+02, -6.1003657679874e+04,  4.6731941800000e-01,  9.0549000000000e-01,               200000
  1.9098801205023e+00,  1.2027119846721e+00,  2.4099295602485e+00, -2.2472486275410e+02,  1.3961764418229e+04,  2.6421359179865e-01,  8.2639132266066e+01, -5.5070294180279e+03, -2.4915911075662e+01,  2.3971178046406e+03,  4.2233540032439e+02, -6.1411726379921e+04,  4.5259959900000e-01,  9.0415500000000e-01,               200000
  1.8797717623685e+00,  1.2292450704017e+00,  2.3797850092992e+00, -2.3804632733288e+02,  1.6398189690148e+04,  2.8634061613879e-01,  9.1004425013078e+01, -7.1476279059163e+03, -2.9417639385288e+01,  4.8587666730410e+03,  4.6410185949329e+02, -7.5997670215326e+04,  4.5241179800000e-01,  9.0577000000000e-01,               200000
  1.8495684671336e+00,  1.2568383903297e+00,  2.3495259492093e+00, -2.5984207523977e+02,  1.9301160524886e+04,  3.1065383085427e-01,  1.0122429124383e+02, -8.5006407210826e+03, -2.8715225491907e+01,  3.5823541484774e+03,  5.1457316482099e+02, -8.8206432139405e+04,  4.6748601800000e-01,  9.0165500000000e-01,               200000
  1.8192165157632e+00,  1.2851032868868e+00,  2.3191178607468e+00, -2.8039760892665e+02,  2.2409026174840e+04,  3.3473143096250e-01,  1.1808216138363e+02, -1.0516070089652e+04, -3.7170867894027e+01,  5.1072565088820e+03,  5.6050292542359e+02, -9.6644048440663e+04,  4.5880164500000e-01,  9.0590500000000e-01,               200000
  1.7886678860813e+00,  1.3140719386283e+00,  2.2885381913124e+00, -3.0033576074307e+02,  2.6094573368514e+04,  3.6121028064352e-01,  1.1808636666231e+02, -1.2405996208991e+04, -5.1871791555291e+01,  8.2667948445631e+03,  6.1105216384498e+02, -1.1484775725523e+05,  4.6767813700000e-01,  9.0243500000000e-01,               200000
  1.7579503237575e+00,  1.3435460543955e+00,  2.2577675006731e+00, -3.2268318473736e+02,  3.0762023660947e+04,  3.9218633110390e-01,  1.3670366096357e+02, -1.6808553143147e+04, -5.3576760935180e+01,  6.7018864637708e+03,  6.7228206998578e+02, -1.4728171901060e+05,  4.6291312700000e-01,  9.0337000000000e-01,               200000
  1.7270039571284e+00,  1.3735296906824e+00,  2.2267857429132e+00, -3.5580004180277e+02,  3.6731046024132e+04,  4.2855014889819e-01,  1.5414332877891e+02, -1.9871053738908e+04, -5.7667465215760e+01,  6.2776499679275e+03,  7.4903835716537e+02, -1.7232131529814e+05,  4.5442841000000e-01,  9.0002000000000e-01,               200000
  1.6958007470678e+00,  1.4039797161994e+00,  2.1955629035848e+00, -3.8814946711945e+02,  4.2431703167261e+04,  4.6060668236176e-01,  1.8233677276869e+02, -2.4201528714249e+04, -3.5311555832533e+01,  4.8072081336887e+03,  8.0815259680332e+02, -2.0317310325206e+05,  4.5418040900000e-01,  9.0171000000000e-01,               200000
  1.6643190699129e+00,  1.4342351064108e+00,  2.1640890646760e+00, -4.2265010298432e+02,  5.3068377873910e+04,  5.1511347232387e-01,  1.9544696588588e+02, -2.9639139001312e+04, -7.5095614176627e+01,  8.3685026437686e+03,  9.4121003361764e+02, -2.5498905499042e+05,  4.6717852000000e-01,  9.0371000000000e-01,               200000
  1.6325428634506e+00,  1.4649850499374e+00,  2.1323224361673e+00, -4.5407420132053e+02,  5.8298295099347e+04,  5.3989950499768e-01,  2.2051553919764e+02, -2.8648021145121e+04, -7.5863357618759e+01,  1.3562728384686e+04,  9.6732332350883e+02, -2.6179817927091e+05,  4.6223191200000e-01,  9.1052500000000e-01,               200000
  1.6004541058165e+00,  1.4962481936145e+00,  2.1002721777966e+00, -5.0445425887573e+02,  7.2607533315275e+04,  6.0252607128354e-01,  2.2807294011281e+02, -3.4748694936380e+04, -9.1098851152197e+01,  1.7340717879631e+04,  1.1115735562174e+03, -3.4805240699009e+05,  4.5336351300000e-01,  9.0049000000000e-01,               200000
  1.5680519648049e+00,  1.5279939174870e+00,  2.0679033827205e+00, -5.4754929023532e+02,  8.0697616512631e+04,  6.3520711784673e-01,  2.4306442373677e+02, -3.9608374337523e+04, -9.9718774254004e+01,  2.1761621104218e+04,  1.1506689632943e+03, -3.5894297192113e+05,  4.5235801100000e-01,  9.0525000000000e-01,               200000
  1.5353331224229e+00,  1.5602110523675e+00,  2.0352272499746e+00, -6.0578509837372e+02,  1.0109475430335e+05,  7.1096678650747e-01,  3.2191343017491e+02, -6.6233157897443e+04, -9.6050483773562e+01,  1.7147712536859e+04,  1.3331795491126e+03, -4.8925667001215e+05,  4.5950632600000e-01,  9.1015000000000e-01,               200000
  1.5022596984200e+00,  1.5928562489676e+00,  2.0022047012752e+00, -6.7364011421181e+02,  1.2760289244143e+05,  7.9875807489322e-01,  3.6971706009332e+02, -9.2618821875771e+04, -1.0822831280506e+02,  1.3530771837395e+04,  1.5540351312188e+03, -6.3271787423368e+05,  4.5607781800000e-01,  9.0016000000000e-01,               200000
  1.4688164398608e+00,  1.6259541502873e+00,  1.9688035224546e+00, -7.4307281857181e+02,  1.5267062234718e+05,  8.7370081362895e-01,  4.2231456394026e+02, -1.1612594447127e+05, -1.0632168712776e+02,  5.5529261982418e+03,  1.7186003291614e+03, -7.7120973193292e+05,  5.0931917900000e-01,  9.0259500000000e-01,               200000
  1.4349915733751e+00,  1.6594695390327e+00,  1.9350195242470e+00, -8.2060517798212e+02,  1.7952323574592e+05,  9.4742608087893e-01,  4.7622035227712e+02, -1.2624789740693e+05, -1.0938195714293e+02,  9.7452421030270e+03,  1.8644875741038e+03, -8.7973236642146e+05,  4.8429295700000e-01,  9.1347500000000e-01,               200000
  1.4007765468006e+00,  1.6933524366161e+00,  1.9008519238952e+00, -9.0243638540567e+02,  2.1138685277191e+05,  1.0280730829370e+00,  5.2896334204045e+02, -1.3278869412511e+05, -1.4332859943501e+02,  9.0993389943857e+03,  2.0202831489170e+03, -9.4731261460168e+05,  4.5612043600000e-01,  9.0442500000000e-01,               200000
  1.3661577499555e+00,  1.7277110338361e+00,  1.8662905247419e+00, -1.0166700999407e+03,  2.7355335650529e+05,  1.1695156187612e+00,  6.5428253922780e+02, -2.1513168779374e+05, -1.2053724375694e+02, -1.6243244961095e+04,  2.3989498391730e+03, -1.3660117614576e+06,  4.7389476100000e-01,  9.0037000000000e-01,               200000
  1.3311509816511e+00,  1.7624706865895e+00,  1.8313148623378e+00, -1.1164034527439e+03,  3.1668221642129e+05,  1.2583366330623e+00,  7.5895502555388e+02, -2.5230112212057e+05, -7.9776651318893e+01, -3.3289142544622e+04,  2.5487691124963e+03, -1.4795382296078e+06,  4.6901745300000e-01,  9.0496500000000e-01,               200000
  1.2957554339256e+00,  1.7971644668325e+00,  1.7959354434773e+00, -1.2488895880942e+03,  3.8812031801794e+05,  1.3930547692355e+00,  8.3500845181446e+02, -2.8177377010286e+05, -1.1065297379058e+02, -4.7439595328128e+04,  2.8601857019481e+03, -1.8419284260767e+06,  4.7343305900000e-01,  9.1008000000000e-01,               200000
  1.2599297428639e+00,  1.8322835372741e+00,  1.7601501561809e+00, -1.3874733953059e+03,  4.7272942760157e+05,  1.5374157336283e+00,  9.5703099131341e+02, -3.7372455444909e+05, -9.2950825139636e+01, -7.7161769215243e+04,  3.1876533987991e+03, -2.2313348405724e+06,  5.3976055100000e-01,  9.1370500000000e-01,               200000
  1.2236573752919e+00,  1.8677232719489e+00,  1.7239587843707e+00, -1.5535784790068e+03,  5.7662289620870e+05,  1.6979736396786e+00,  1.1799904879964e+03, -4.8494396214444e+05, -5.9770225041263e+00, -1.5737501583634e+05,  3.5590869195454e+03, -2.6583514728476e+06,  5.0092604300000e-01,  8.9768500000000e-01,               200000
  1.1869864279247e+00,  1.9026477097464e+00,  1.6873544952048e+00, -1.7191450250113e+03,  6.7315274193017e+05,  1.8346017850342e+00,  1.2681773933664e+03, -5.4932940863166e+05,  4.5814177953965e+01, -2.4696382485601e+05,  3.7967039662016e+03, -3.1391284034654e+06,  5.1130766100000e-01,  9.1118500000000e-01,               200000
  1.1498491569233e+00,  1.9369544608401e+00,  1.6504026029194e+00, -1.9364476001334e+03,  8.2018906793880e+05,  2.0250790946761e+00,  1.5545973397202e+03, -6.6090631181441e+05,  1.3465432044897e+02, -2.8460389196528e+05,  4.2265591582674e+03, -3.5775303255385e+06,  4.5511267700000e-01,  8.9684000000000e-01,               200000
  1.1123093065882e+00,  1.9685102013915e+00,  1.6130595330519e+00, -2.1578336783896e+03,  9.8157874501258e+05,  2.2153766553485e+00,  1.8166275617385e+03, -8.7336781825341e+05,  2.8882339145686e+02, -4.9069754266146e+05,  4.6092408721981e+03, -4.1307569688412e+06,  4.8076351500000e-01,  8.9889500000000e-01,               200000
  1.0743334357310e+00,  1.9953579704102e+00,  1.5753431649528e+00, -2.3860924249523e+03,  1.1085305095068e+06,  2.3542838714849e+00,  1.9556009330339e+03, -9.3775217057027e+05,  4.0208581554673e+02, -5.0467771396471e+05,  4.7572279342996e+03, -4.4104464620123e+06,  4.5799148000000e-01,  9.0407500000000e-01,               200000
  1.0358720263707e+00,  2.0126416071202e+00,  1.5373195230259e+00, -2.6755826123374e+03,  1.3748841370710e+06,  2.6219116471298e+00,  2.3705557258113e+03, -1.2736211849519e+06,  5.8078565489746e+02, -8.9770023216519e+05,  5.3766864092408e+03, -5.2101430513926e+06,  4.5128707000000e-01,  9.0110000000000e-01,               200000
  9.9694667108722e-01,  2.0228375355977e+00,  1.4989343105434e+00, -2.9924730714722e+03,  1.6941825773210e+06,  2.9104832737202e+00,  2.7688168378745e+03, -1.2937123784362e+06,  7.5781511018364e+02, -1.0347779614648e+06,  6.0537229681891e+03, -6.1018880593138e+06,  4.7797257200000e-01,  9.0186000000000e-01,               200000
  9.5763001888349e-01,  2.0230771617827e+00,  1.4601482138225e+00, -3.3364978704896e+03,  2.0284391378828e+06,  3.1846814109757e+00,  3.1922881720454e+03, -1.5694248631432e+06,  9.4317101310312e+02, -1.3989706929800e+06,  6.5895808952849e+03, -7.0302265541141e+06,  4.5593354500000e-01,  9.0426500000000e-01,               200000
  9.1788105043656e-01,  2.0158552829116e+00,  1.4210073981321e+00, -3.7224688540871e+03,  2.3615273914266e+06,  3.4362242297517e+00,  3.6697644437865e+03, -1.5632345289688e+06,  1.0895636878425e+03, -1.1008578131816e+06,  6.8246699450699e+03, -8.1064083912892e+06,  4.5956935000000e-01,  9.0498000000000e-01,               200000
  8.7774569091414e-01,  1.9989709203408e+00,  1.3817672115471e+00, -4.2641292326537e+03,  3.1258418072955e+06,  3.9533794450416e+00,  4.1049835373419e+03, -3.7826383276121e+06,  1.3526014025786e+03, -1.8755836280502e+06,  7.1938197471152e+03, -1.8542027749336e+07,  4.7257816500000e-01,  9.0536000000000e-01,               200000
  8.3719463582904e-01,  1.9770401557452e+00,  1.3506363003573e+00, -4.5679946094955e+03,  3.2931816312038e+06,  4.0578206165402e+00,  4.7919994677086e+03, -3.2193965948866e+06,  1.5858539743574e+03, -2.5286348966298e+06,  7.5136991478770e+03, -1.2085414319882e+07,  4.7813397100000e-01,  9.0829500000000e-01,               200000
  7.9610508331814e-01,  1.9521153400968e+00,  1.3199109952251e+00, -5.0873684031648e+03,  4.1476009666510e+06,  4.5538999586349e+00,  5.5072844311836e+03, -4.8335665306253e+06,  1.7862530665240e+03, -3.2910208101057e+06,  7.2369632415535e+03, -2.4000740031923e+07,  4.5360314100000e-01,  9.0348500000000e-01,               200000
  7.5448893146606e-01,  1.9269740869205e+00,  1.3026459567721e+00, -5.5343031755353e+03,  5.3488224651473e+06,  5.1714710021169e+00,  5.9647749054812e+03, -1.0020835447634e+07,  1.8717494115065e+03, -5.9453891714816e+06,  6.8421651282321e+03, -4.9942132450467e+07,  4.5114141900000e-01,  9.0444500000000e-01,               200000
  7.1456796916572e-01,  1.9259306353853e+00,  1.3103152266102e+00, -5.7926326692683e+03,  5.2494766939733e+06,  5.1232200294216e+00,  6.7329491473647e+03, -7.9310111445129e+06,  1.8609252698790e+03, -6.5896657781454e+06,  7.6267719035633e+03, -3.8711121214701e+07,  4.9464467800000e-01,  9.0571500000000e-01,               200000
  6.7402069258156e-01,  1.9383491984649e+00,  1.3254676145434e+00, -5.8695803115987e+03,  4.9005948140842e+06,  4.9500478856695e+00,  7.4537365111368e+03, -2.9750555142020e+06,  1.9291805818636e+03, -3.3344618160262e+06,  8.4524492077360e+03, -2.9373324356827e+07,  4.5863042900000e-01,  9.0754000000000e-01,               200000
  6.3313558192118e-01,  1.9471619836257e+00,  1.3435331920663e+00, -6.0021830698263e+03,  4.9792144056202e+06,  4.9895963792777e+00,  7.8726755835449e+03,  1.9711245589037e+05,  1.7897845094991e+03, -2.6842028446108e+06,  8.7698976162853e+03, -4.1349565398401e+07,  4.5101821800000e-01,  9.0385500000000e-01,               200000
  5.9214543889759e-01,  1.9509465364565e+00,  1.3665835038461e+00, -6.1029821819427e+03,  4.0591582479755e+06,  4.5050850424690e+00,  8.7442935326401e+03, -3.9999808067172e+06,  2.0679170618419e+03, -3.2860213739039e+06,  9.5554930703144e+03, -1.3213512333476e+07,  4.4875931500000e-01,  9.0541500000000e-01,               200000
  5.5015837093062e-01,  1.9505093710903e+00,  1.3853978152278e+00, -3.3173039691848e+03,  1.1061682745094e+07,  7.4369626680165e+00,  4.7046954431676e+06, -3.2569369556964e+09,  2.6307087078007e+04, -2.6006898782782e+07,  3.1985732957651e+04, -5.7929827435272e+07,  4.6239373200000e-01,  4.5038500000000e-01,               200000
  5.3050136164210e-01,  1.9312169839447e+00,  1.4003120951427e+00, -3.3250778167516e+03,  1.1281037889634e+07,  7.5103388371079e+00,  4.4234380922811e+06, -3.1041831569906e+09,  2.6319972203670e+04, -2.4371657826427e+07,  3.3689100047837e+04, -6.0212284443006e+07,  4.6001041900000e-01,  4.5175500000000e-01,               200000
  5.0399920475868e-01,  1.9048618529834e+00,  1.4112674215795e+00, -1.8972256393431e+03,  7.8038606229398e+06,  6.2465432932702e+00,  4.1110148785498e+06, -1.4953174280048e+10,  1.8846078492577e+04, -7.0368367665471e+07,  2.4248536112292e+04, -1.0360211513481e+08,  4.5242920800000e-01,  2.2706000000000e-01,               200000
  4.9760108789205e-01,  1.8992423062725e+00,  1.4322946324432e+00, -4.8806004565628e+03,  9.8670074696389e+06,  7.0238904709708e+00,  3.5045666406868e+06,  8.4017064064252e+09,  2.1006313914586e+04,  4.1817538595576e+07,  3.1933732763664e+04,  1.8914486485068e+07,  4.5025370500000e-01,  6.8072000000000e-01,               200000
  4.7780726855895e-01,  1.8794241808477e+00,  1.4309266029990e+00, -7.3911715007434e+02,  3.6374984217228e+05,  1.3486101033514e+00, -3.8478545965049e+04,  1.8783149418834e+07,  1.9648548639189e+01, -1.4269360122706e+04,  1.0139689167162e+03, -7.0309546131869e+05,  4.5715071400000e-01,  0.0000000000000e+00,               200000
  4.5987016131531e-01,  1.8613969204831e+00,  1.4294473827981e+00, -2.0283978362761e+03,  8.8555057676177e+06,  6.6541362202835e+00,  4.7500301546554e+06, -1.8496028469579e+10,  9.9139093808181e+03, -4.0148527570600e+07,  2.9119492397201e+04, -1.3414262261359e+08,  4.6894142900000e-01,  2.2475500000000e-01,               200000
  4.5400769185198e-01,  1.8495066393199e+00,  1.4396660947613e+00, -2.0173613223867e+03,  8.6477778571263e+06,  6.5756284327531e+00,  4.9369357649556e+06, -1.8815215754472e+10,  2.2058952934837e+04, -8.5977612599636e+07,  2.9283798384219e+04, -1.3110684924201e+08,  4.5543651000000e-01,  2.2725500000000e-01,               200000
  4.5727121347341e-01,  1.8475186247362e+00,  1.4575498976227e+00, -1.9574309704687e+03,  8.2202455621526e+06,  6.4110239284191e+00,  4.2951236837792e+06, -1.6150953958952e+10,  2.0891725081355e+04, -8.0833105516583e+07,  2.8924015653961e+04, -1.3088417327596e+08,  4.5889352200000e-01,  2.2070000000000e-01,               200000
  4.6669525473635e-01,  1.8528945732513e+00,  1.4811523271611e+00, -1.8783088123934e+03,  7.0643830216959e+06,  5.9432243023867e+00,  4.7077261453029e+06, -1.6665912936894e+10,  1.9283439998834e+04, -6.8742598028767e+07,  2.6977628250024e+04, -1.1349472269544e+08,  4.6875193500000e-01,  2.2250500000000e-01,               200000
  4.8101496445823e-01,  1.8629620237524e+00,  1.5083318053709e+00, -1.7467953653935e+03,  6.2913361134973e+06,  5.6086255506574e+00,  3.9523113766961e+06, -1.3182362768431e+10,  1.7968681861281e+04, -6.0949927110011e+07,  2.5555679247550e+04, -1.0192305786664e+08,  4.5656401800000e-01,  2.2513500000000e-01,               200000
  4.9814904587047e-01,  1.8762891826930e+00,  1.5378528704310e+00, -2.7506860515253e+03,  7.2112030739278e+06,  6.0046661330701e+00,  3.9260397244954e+06, -2.2146661329399e+09,  2.0143260509037e+04, -1.3107884906478e+07,  3.1341108726498e+04, -4.4598869001958e+07,  4.7272724000000e-01,  4.5419000000000e-01,               200000
  5.0871221217757e-01,  1.8834230083927e+00,  1.5624992993094e+00, -1.5534474210141e+03,  4.5075582791948e+06,  4.7473983818481e+00,  3.3167685376321e+06, -9.5606907901423e+09,  1.4201111488895e+04, -4.0757505767354e+07,  2.1278371491901e+04, -7.2794797694699e+07,  4.7043743600000e-01,  2.2347000000000e-01,               200000
  5.2066343836162e-01,  1.8920104406635e+00,  1.5880294422422e+00, -2.3958025202669e+03,  5.4486437250228e+06,  5.2195036761280e+00,  3.2251234616248e+06, -1.7448276295190e+09,  1.7245229429524e+04, -1.0538154289466e+07,  2.7155646884664e+04, -3.6490453510640e+07,  4.6050542300000e-01,  4.5063000000000e-01,               200000
  5.2749208525618e-01,  1.8955622250500e+00,  1.6090929966367e+00, -2.2721708164405e+03,  4.6867810858187e+06,  4.8408579228370e+00,  3.3209656462966e+06, -1.7243100396852e+09,  1.5591947488963e+04, -9.1831438075931e+06,  2.4920740010091e+04, -3.2148256393103e+07,  4.5753244000000e-01,  4.5562500000000e-01,               200000
  5.2959138066789e-01,  1.8949878064250e+00,  1.6261208584482e+00, -2.1969468401797e+03,  4.4886465276101e+06,  4.7374289058571e+00,  2.7746967041713e+06, -1.4697601645353e+09,  1.4961271212804e+04, -8.3964401365507e+06,  2.4614140309161e+04, -3.2012978544175e+07,  4.6126014400000e-01,  4.5225000000000e-01,               200000
  5.2816609839309e-01,  1.8908187427906e+00,  1.6395456062879e+00, -3.0687803615093e+03,  3.8882027144188e+06,  4.4091964769212e+00,  2.1434470918735e+06,  2.8581629649332e+09,  1.1251022998128e+04,  1.4304236435472e+07,  2.1701408450284e+04,  2.5269855777915e+06,  4.8006737000000e-01,  6.7989500000000e-01,               200000
  5.2125475661615e-01,  1.8811067824155e+00,  1.6462281107920e+00, -3.0502399502053e+03,  3.6104827596115e+06,  4.2488132223078e+00,  2.7319978914932e+06,  3.4220196819827e+09,  1.0728607950364e+04,  1.3139853734627e+07,  2.0922445969241e+04,  1.2422915605812e+06,  4.6588985000000e-01,  6.7650000000000e-01,               200000
  5.0849655144952e-01,  1.8669871928582e+00,  1.6473696407281e+00, -1.7690493860124e+03,  2.7803998689004e+06,  3.7285384998015e+00,  1.5426727732245e+06, -3.5011710522362e+09,  8.6313264685454e+03, -1.4636461160964e+07,  1.5923770554052e+04, -2.5487519141153e+07,  4.6231764400000e-01,  2.2744000000000e-01,               200000
  4.9723602371672e-01,  1.8537455472411e+00,  1.6476929760224e+00, -3.1591799130091e+03,  4.0989038052869e+06,  4.5270872563310e+00,  2.1971744888087e+06,  3.0704321055466e+09,  1.1832151798084e+04,  1.6492350922849e+07,  2.3300091974551e+04,  3.3137428934089e+06,  4.5595603500000e-01,  6.7731500000000e-01,               200000
  4.8171505465422e-01,  1.8358665659245e+00,  1.6425026005603e+00, -1.3301176557085e+03,  3.2268433512060e+06,  4.0167420574428e+00,  2.6035433065551e+06, -6.3443552804499e+09,  1.0232279233692e+04, -2.5167524167836e+07,  1.8882097346816e+04, -5.6387646882860e+07,  4.5504922600000e-01,  2.2326500000000e-01,               200000
  4.6850038968805e-01,  1.8203959569325e+00,  1.6398626364544e+00, -5.3679290189440e+02,  8.7907779273649e+04,  6.6297729702324e-01, -6.2446554402566e+04,  1.0482257181349e+07,  2.7582279673330e+01, -9.0105687679240e+03,  4.2152994379853e+02, -1.4045135947355e+05,  5.0609749600000e-01,  0.0000000000000e+00,               200000
  4.5659646945224e-01,  1.8063500839448e+00,  1.6373890182636e+00, -2.4380279951091e+03,  5.3313754539222e+06,  5.1630298536432e+00,  3.7049703996132e+06, -1.8761745868843e+09,  1.8102666448793e+04, -8.8173835630842e+06,  3.0213955418504e+04, -3.7928642259309e+07,  4.7544275200000e-01,  4.5047000000000e-01,               200000
  4.4177743673119e-01,  1.7894820538809e+00,  1.6326521207493e+00, -1.4463164896585e+03,  4.0797590843427e+06,  4.5165025652283e+00,  2.8715777015665e+06, -7.7173178493139e+09,  1.4388493860576e+04, -3.8362077749629e+07,  2.2927067174537e+04, -7.3988324203846e+07,  4.5036811800000e-01,  2.2617000000000e-01,               200000
  4.2986484125616e-01,  1.7757402107026e+00,  1.6315226516040e+00, -1.1097853769890e+03,  4.3369831382078e+05,  1.4725799024514e+00, -1.8929036569281e+04,  1.2484133452615e+08,  1.3504825327363e+01, -1.2597738592636e+04,  2.0561099433077e+03, -4.7650051922459e+05,  4.8580526700000e-01,  0.0000000000000e+00,               200000
  4.1899184654441e-01,  1.7632723065252e+00,  1.6300905820238e+00, -4.6859466303450e+02,  9.7114893049611e+03,  2.2035754247315e-01, -9.8453370571543e+04,  9.9664253657876e+05,  1.5366558731496e+01,  1.1148408135542e+03, -1.1670768827238e+00,  1.8537222088301e+01,  4.5490172400000e-01,  0.0000000000000e+00,               200000
  4.0928155941281e-01,  1.7519583866659e+00,  1.6287919141191e+00, -5.2803976561020e+02,  1.3113383764645e+04,  2.5606038120573e-01, -9.6411300277952e+04,  6.8346061600565e+06, -2.5730994287485e+00,  3.0176094313028e+02,  2.3458974579324e+01, -2.3667073952859e+03,  4.4917172100000e-01,  0.0000000000000e+00,               200000
  4.0062018781681e-01,  1.7416981855534e+00,  1.6276090334617e+00, -2.8025720191454e+03,  6.6417224469441e+06,  5.7626914054737e+00,  5.5876225618994e+06, -3.2075535998825e+09,  2.1680847654109e+04, -1.1279724041166e+07,  3.7079125618797e+04, -5.2177071625946e+07,  4.7675646500000e-01,  4.5362500000000e-01,               200000
  3.8694851527370e-01,  1.7274457382696e+00,  1.6240334553334e+00, -6.6205331937564e+02,  9.0335111141780e+04,  6.7206811835476e-01,  1.3719784361761e+04, -2.4702307736709e+07, -6.8805497855934e+00,  2.2671143365318e+03,  4.4981711958219e+02, -1.5090716505323e+05,  4.4780801800000e-01,  0.0000000000000e+00,               200000
  3.7454959047922e-01,  1.7145241558502e+00,  1.6207052212943e+00, -6.2236914648169e+02,  1.1120298672616e+04,  2.3579968906485e-01, -1.0437490289508e+05, -6.9254783158197e+06,  2.7480825974866e+00,  2.0851907017290e+02,  6.0535152501818e+00, -1.9156971991312e+02,  4.6672954800000e-01,  0.0000000000000e+00,               200000
  3.6347479827085e-01,  1.7028076845529e+00,  1.6176862494312e+00, -6.4194241574523e+02,  1.7586477169999e+04,  2.9653395395805e-01, -1.7606204463392e+05,  2.6038990408790e+07, -1.4029256839823e+00,  1.0799930810948e+02, -2.2811402705440e-01,  7.7873227638612e+01,  4.6599624600000e-01,  0.0000000000000e+00,               200000
  3.5368889505433e-01,  1.6921862289830e+00,  1.6149493590657e+00, -6.0808981279834e+02,  3.1854095116317e+03,  1.2620240710128e-01, -3.1889807591397e+04, -2.3632790239050e+05,  1.0553464682050e+01,  5.4282986372568e+02,  3.8442221388252e-02,  2.2789310605814e+01,  4.7097874600000e-01,  0.0000000000000e+00,               200000
  3.4486822174995e-01,  1.6825543565519e+00,  1.6124683722658e+00, -7.3368018678400e+02,  1.6662376427934e+04,  2.8863797764617e-01, -1.4107760311628e+05, -9.8128991238898e+06, -9.9272493705451e-01, -1.0837059692448e+02,  1.7911828262098e+01,  1.5952450672060e+03,  4.6575704700000e-01,  0.0000000000000e+00,               200000
  3.3710384553023e-01,  1.6738242623488e+00,  1.6102151476227e+00, -6.1185623243117e+02,  9.6666931954913e+02,  6.9522274112299e-02, -9.1892544396271e+03, -1.6620381335030e+05,  4.9194958491388e-01,  2.0974406987102e-01,  6.2828063146804e-01, -6.9419843612444e+01,  4.5798683500000e-01,  0.0000000000000e+00,               200000
  3.3008148874891e-01,  1.6659117380899e+00,  1.6081728377601e+00, -8.6609950564602e+02,  9.5892876106514e+03,  2.1896675102229e-01, -7.7398366502656e+04, -1.4027417642802e+05, -2.2723714496254e+01,  1.2650070822353e+03,  1.2471339557637e+01, -4.5690419324270e+02,  4.9375348500000e-01,  0.0000000000000e+00,               200000
  3.2384153998379e-01,  1.6587484627984e+00,  1.6063190498416e+00, -8.0636431865894e+02,  7.9276574059936e+03,  1.9909366396239e-01, -7.8937833142252e+04, -5.1390407119934e+06, -3.2175447267993e+00, -2.8988592445744e+02,  4.0834766232434e-01,  1.0753584311604e+02,  4.5213212700000e-01,  0.0000000000000e+00,               200000
  3.1831848753933e-01,  1.6522584192173e+00,  1.6046390798820e+00, -7.1967564568312e+02,  3.5500256294368e+03,  1.3322960687169e-01, -3.7434987507911e+04,  1.0861957191572e+06, -7.5887615009996e+01, -1.2489219849728e+03, -2.3243126386491e+00, -5.3085150743842e+01,  4.7687856100000e-01,  0.0000000000000e+00,               200000
  3.1337391925556e-01,  1.6464040212246e+00,  1.6031174293903e+00, -8.8488554063374e+02,  2.0117768660545e+04,  3.1715744245205e-01, -2.0225027328314e+05,  7.2716208898358e+06, -8.4940511703949e-01, -1.1984015919369e+01, -1.4803562035443e+00,  3.3947211866744e+00,  4.8830437600000e-01,  0.0000000000000e+00,               200000
  3.0921876272617e-01,  1.6411000699176e+00,  1.6017391341429e+00, -8.0572558606450e+02,  1.8531726487576e+03,  9.6259354058648e-02, -8.7458080771299e+03, -4.1306988792047e+05,  3.1009399296460e-01,  2.8586855027978e+00,  6.3007557118519e+00,  3.0292273766593e+02,  4.8041116400000e-01,  0.0000000000000e+00,               200000
  3.0546909372966e-01,  1.6362948153768e+00,  1.6004888684077e+00, -8.9450116226912e+02,  1.9691667939993e+04,  3.1378071913355e-01, -2.1437706263367e+05, -5.5226817635710e+06, -1.8788193839267e+02, -1.7646508232869e+04, -1.4856878745829e+01, -4.8804466218816e+02,  5.5881187100000e-01,  0.0000000000000e+00,               200000
  3.0243195339670e-01,  1.6320106113377e+00,  1.5993600181965e+00, -7.7548283041480e+02,  1.8758717431831e+03,  9.6847089351800e-02, -2.1411742438626e+04,  1.5819311951520e+05, -2.2506309208474e+00, -2.5541723058108e+01, -1.5941569602378e+00,  1.0149928578287e+02,  4.6813634600000e-01,  0.0000000000000e+00,               200000
  2.9971639042030e-01,  1.6281307018033e+00,  1.5983378716496e+00, -9.3220698989044e+02,  1.9541044089351e+04,  3.1257834289463e-01, -1.9884624767155e+05,  1.5715319878237e+07,  1.4798707756960e+01, -2.0918390441152e+03, -2.6882564970289e+00,  2.3094062416537e+02,  4.6464204100000e-01,  0.0000000000000e+00,               200000
  2.9757704094606e-01,  1.6246116008691e+00,  1.5974127088645e+00, -1.0340160104279e+03,  1.2675437611260e+04,  2.5174826326373e-01, -1.1470080556812e+05,  2.6288347126929e+06, -9.1802587218282e-02,  6.5687717582199e+01,  7.4427610243546e+00,  2.8179091868194e+03,  4.7078734900000e-01,  0.0000000000000e+00,               200000
  2.9583074392435e-01,  1.6214244257653e+00,  1.5965725637722e+00, -9.2754980989007e+02,  1.1822124063638e+04,  2.4312675771743e-01, -1.3974427711434e+05,  7.8114799402884e+06, -1.8588169428020e+02,  1.2274304900374e+03, -1.4726541817663e+01,  6.0535461266705e+02,  4.5342012700000e-01,  0.0000000000000e+00,               200000
  2.9447983756305e-01,  1.6186045184443e+00,  1.5958153826593e+00, -9.6227922487989e+02,  5.1630613061585e+04,  5.0808765514222e-01, -5.1081188879547e+05,  4.0324955509493e+07, -2.7166886523850e+00,  5.8211923840015e+02,  2.1665709652692e+00, -2.9426748978132e+03,  4.5808133500000e-01,  0.0000000000000e+00,               200000
  2.9409447328566e-01,  1.6160518043166e+00,  1.5951295331939e+00, -9.3752946336330e+02,  5.5172222781692e+03,  1.6609067219698e-01, -6.9907053248570e+04,  4.3756670256655e+06,  8.2186866962146e-01, -8.0531190083703e+01, -9.7938844616986e+00,  3.3435028805549e+02,  4.4951412200000e-01,  0.0000000000000e+00,               200000
  2.9386180936878e-01,  1.6137400464247e+00,  1.5945109795113e+00, -1.1349524094837e+03,  2.0481425468815e+04,  3.2001113628134e-01, -7.7948061849688e+04, -4.9582968801632e+06,  2.7859822760689e+01, -2.7761245340633e+03,  6.9577535234439e+01, -7.3133766565033e+03,  4.6513824400000e-01,  0.0000000000000e+00,               200000
  2.9379008161091e-01,  1.6116372258061e+00,  1.5939338287182e+00, -2.5909483067736e+03,  7.1968948046348e+06,  5.9987060290678e+00,  9.8585556094602e+06, -3.6932959943630e+10,  2.4645604344270e+04, -8.3392774543370e+07,  3.8497957583918e+04, -1.6005712594834e+08,  4.5890393500000e-01,  2.2470500000000e-01,               200000
  3.0687803393636e-01,  1.6158907822558e+00,  1.6035272232010e+00, -9.5696231019996e+02,  2.6249111966781e+04,  3.6227829059150e-01, -1.7689933224503e+05,  1.6308569671747e+07, -1.4186444326876e+00,  6.9814208924939e+02,  5.2619877071959e+01, -8.3553968283877e+03,  4.5749803300000e-01,  0.0000000000000e+00,               200000
  3.1898550537224e-01,  1.6197419993609e+00,  1.6122004917981e+00, -8.3669639628721e+02,  2.2063613022639e+04,  3.3214163411592e-01, -2.0131536676053e+05, -3.0651629085154e+06, -1.0777505680928e+01,  1.8788279648847e+03,  1.4086221116719e+01, -1.2685424467518e+03,  4.6037963300000e-01,  0.0000000000000e+00,               200000
  3.3025865706619e-01,  1.6232319351652e+00,  1.6200487877112e+00, -6.8947266665493e+02,  5.1543718925813e+03,  1.6053616247720e-01, -5.2563131890512e+04,  1.3091610124494e+06,  2.5431108857810e+00,  3.3161167042191e+02, -8.9156366165450e-01,  1.5153927117003e+02,  4.5760982300000e-01,  0.0000000000000e+00,               200000
  3.4054383306742e-01,  1.6263900689512e+00,  1.6271533380518e+00, -1.4041127322465e+03,  1.7295351408724e+06,  2.9406930653100e+00, -2.2247025333406e+05,  2.4200953159164e+07, -3.0496678179258e+01,  7.4055465085775e+04,  8.8601652211137e+03, -1.3398408129066e+07,  4.6100852800000e-01,  0.0000000000000e+00,               200000
  3.5018161406697e-01,  1.6292462747641e+00,  1.6330461949163e+00, -6.9586118120922e+02,  1.7427405276007e+04,  2.9518981415360e-01, -1.6636133415318e+05, -8.0411131050386e+06,  4.1551196557053e+01,  1.0709594985865e+04,  8.3209776557635e+00, -3.2511506925502e+02,  4.7479204700000e-01,  0.0000000000000e+00,               200000
  3.5917214767236e-01,  1.6318141324119e+00,  1.6383777958079e+00, -6.6923118836999e+02,  1.2062411313471e+03,  7.7660837342484e-02, -1.2411342738818e+04,  1.1666860711373e+05,  5.3687658173743e-01, -7.8725610285950e+01, -2.2032924643030e-01, -6.4111066331802e+01,  5.9154380500000e-01,  0.0000000000000e+00,               200000
  3.6732855483585e-01,  1.6341379890450e+00,  1.6432032279044e+00, -5.7583270236815e+02,  5.2041658814845e+03,  1.6130973128557e-01, -4.9780860124518e+04, -1.8739922180087e+06, -9.5546637353187e+01, -6.1894825470688e+03,  1.7738962696805e+00,  1.2774116607558e+02,  5.6474587100000e-01,  0.0000000000000e+00,               200000
  3.7479066619233e-01,  1.6362778669979e+00,  1.6475697795447e+00, -7.5024569690828e+02,  1.2811133248834e+04,  2.5309220897564e-01, -5.7918997561961e+04,  8.3352832952298e+05,  1.6469840068663e+03, -1.2825275361288e+05, -4.7054653344107e+00,  4.3627631229104e+03,  5.7695742800000e-01,  0.0000000000000e+00,               200000
  3.8163534694110e-01,  1.6376204691250e+00,  1.6515219327486e+00, -2.6475651898000e+03,  6.0578766691921e+06,  5.5035791396109e+00,  4.8934444006593e+06, -2.9135167735544e+09,  2.0258921062106e+04, -8.8584055944488e+06,  3.5800205266486e+04, -5.0917313604685e+07,  5.9702075500000e-01,  4.4910000000000e-01,               200000
  3.8229617544397e-01,  1.6329664672702e+00,  1.6524537791741e+00, -6.2602083789879e+02,  1.5173541848710e+04,  2.7544093603448e-01, -1.5294733642728e+05, -2.3200455558374e+06, -1.9683768663401e+01, -9.2547541197609e+02, -1.7403490348546e+00,  1.6530006797869e+02,  4.7076267400000e-01,  0.0000000000000e+00,               200000
  3.8313856791395e-01,  1.6287627528546e+00,  1.6532973878843e+00,  8.6677376309583e+05,  2.2642642130836e+12,  3.3647170854944e+03,  5.7464072428045e+07,  8.5300740489835e+13,  4.3873782295267e+06,  7.5765015228754e+12, -2.6064940472905e+08, -4.5296047368123e+14,  4.7144227400000e-01,  2.2671000000000e-01,               200000
  3.5400524779095e-01,  1.5996290257389e+00,  1.6824310370853e+00, -6.6569341364830e+02,  3.3306035198885e+03,  1.2904657143622e-01, -3.4237523896613e+04,  2.0560398128709e+06, -1.1881723184733e-01,  5.2876117698734e+00, -1.0949441010656e+00,  7.9590374995806e+01,  4.6725276800000e-01,  0.0000000000000e+00,               200000
  3.2764656728131e-01,  1.5732699542248e+00,  1.7087900381062e+00, -8.7887367800559e+02,  9.5970923912871e+04,  6.9271539578990e-01, -1.7618884976264e+05,  9.4546744432672e+06,  1.7273859145886e+01, -6.6278564758226e+03,  4.9601669832294e+02, -1.6537662407158e+05,  4.6770954700000e-01,  0.0000000000000e+00,               200000
  3.0379955341080e-01,  1.5494224682982e+00,  1.7326374600946e+00, -8.4369265919464e+02,  4.0387043589805e+04,  4.4937202621995e-01, -4.2944548433917e+05, -4.5591708734018e+06, -8.0541216351502e-01, -1.6037943072135e+01, -2.2520208587228e+01,  5.5974162428848e+03,  4.6487034200000e-01,  0.0000000000000e+00,               200000
  2.8222611752820e-01,  1.5278483062036e+00,  1.7542115643548e+00, -1.2455418232161e+03,  4.2673586654038e+04,  4.6191766936348e-01, -4.4298562605283e+05,  9.4030105978267e+07,  5.7825603032675e+00, -1.0222830036436e+03, -6.4510032973381e+00,  1.6934102377242e+04,  4.4528671500000e-01,  0.0000000000000e+00,               200000
  2.6271043400894e-01,  1.5083316898933e+00,  1.7737281283049e+00, -1.0302472348506e+03,  6.6945476329818e+03,  1.8295556336146e-01, -6.4967302669207e+04, -1.5638430423951e+05, -1.3165049560090e-01,  1.7676152924710e+01,  2.7194119653292e+00, -1.8466220915124e+02,  6.0885224100000e-01,  0.0000000000000e+00,               200000
  2.4505685056921e-01,  1.4906772171285e+00,  1.7913825537060e+00, -1.2698658598365e+03,  5.9203346940141e+04,  5.4407419962787e-01, -6.0554199742088e+05, -2.6467584472430e+07, -9.3484164008251e+00,  2.6947255536443e+03, -2.0463052315332e+01, -2.2609216171582e+03,  5.3132303300000e-01,  0.0000000000000e+00,               200000
  2.2908882252456e-01,  1.4747079493448e+00,  1.8073517787132e+00, -1.5169793271315e+03,  1.0987701857827e+05,  7.4120516248295e-01, -1.1012889931716e+06, -3.6553665436330e+06,  4.0541464487283e+01, -1.7605648271188e+03, -5.0533897899286e+00, -2.1403725931790e+01,  4.8096676700000e-01,  0.0000000000000e+00,               200000
  2.1464645205984e-01,  1.4602636771811e+00,  1.8217960118704e+00, -2.0854823358373e+03,  1.2253777485743e+05,  7.8274445017972e-01, -1.2260973493170e+06, -4.3863864746285e+08, -1.6929861710942e-01, -5.2167550603624e+01, -1.9282817625955e+00, -8.8613970210605e+02,  5.2382102600000e-01,  0.0000000000000e+00,               200000
  2.0158487132797e-01,  1.4471993492806e+00,  1.8348603044927e+00, -2.1883164960458e+03,  8.4026573885367e+04,  6.4817657272292e-01, -8.4022871990684e+05, -3.5348735823246e+07, -1.0749983300124e+00,  2.9995103384501e+03,  6.8359395128140e-02,  3.8073664919866e+02,  4.8188606700000e-01,  0.0000000000000e+00,               200000
  1.8977226482942e-01,  1.4353836455269e+00,  1.8466759763366e+00, -2.0199352964339e+03,  2.7833957141766e+05,  1.1797024443004e+00, -2.8403282918550e+06, -2.8675260652465e+08, -8.8850340849107e-01, -4.7457221784304e+02, -6.9613159130908e+01,  4.0058240429772e+04,  4.5101952500000e-01,  0.0000000000000e+00,               200000
  1.7909124641170e-01,  1.4246976848837e+00,  1.8573619081366e+00, -2.3836818122343e+03,  7.1301103684650e+04,  5.9708083072835e-01, -7.1432279303108e+05,  1.4678708129984e+08, -1.1588780549900e-01,  7.4329100432693e+01, -3.5073199130797e+00,  2.1013455370051e+03,  4.6605744500000e-01,  0.0000000000000e+00,               200000
  1.6943234681151e-01,  1.4150338536394e+00,  1.8670257132977e+00, -2.9558124788689e+03,  3.0752376214220e+05,  1.2400075849409e+00, -3.1215745654969e+06, -6.4771724759741e+08, -1.4395427108632e+01, -6.2802069530045e+03, -7.2253574613091e+01,  1.6527079627189e+04,  4.6373184100000e-01,  0.0000000000000e+00,               200000
  1.6070019255921e-01,  1.4062947434871e+00,  1.8757648000145e+00, -2.8200028358783e+03,  4.4365220292652e+04,  4.7098418387804e-01, -2.6189275007724e+05, -5.8400391749345e+07, -1.6887320790865e+00, -1.3209095475006e+02,  1.7256134636556e+02,  1.4689673324342e+04,  5.1752430400000e-01,  0.0000000000000e+00,               200000
  1.5280413945292e-01,  1.3983921884482e+00,  1.8836673338509e+00, -3.2530015105636e+03,  3.7618685533868e+04,  4.3369739181754e-01, -3.8932154775976e+05, -5.5668744108948e+07,  5.9643648563882e+00, -1.1046697459142e+03, -2.3120351236642e+01, -4.7527721103234e+03,  4.9106906700000e-01,  0.0000000000000e+00,               200000
  1.4566452826677e-01,  1.3912463928165e+00,  1.8908131102695e+00, -3.3361436373569e+03,  2.1634608119577e+05,  1.0400626932925e+00, -2.1475428629315e+06, -3.5851692927805e+08, -1.9438462173984e+00, -3.3239494160534e+02,  2.7403627340024e+01,  7.8790940736040e+03,  4.7679174800000e-01,  0.0000000000000e+00,               200000
  1.3921057778384e-01,  1.3847851406068e+00,  1.8972743451197e+00, -4.4077376708435e+03,  1.2393021258622e+05,  7.8717918095635e-01, -1.2331693493623e+06, -2.2393700669916e+08,  3.4037561680961e+00,  1.8628597171752e+03,  1.2129103905154e+01,  1.9849601267164e+03,  4.8284385600000e-01,  0.0000000000000e+00,               200000
  1.3337611112276e-01,  1.3789430789264e+00,  1.9031163910664e+00, -4.9558613865172e+03,  1.2786277894205e+06,  2.5284657298652e+00, -3.4801041980142e+06,  1.1580372715075e+09, -8.0173010515305e+00, -3.1935200630888e+03,  8.3090401546952e+03, -9.7912881446629e+06,  4.6066862500000e-01,  0.0000000000000e+00,               200000
  1.2810311967441e-01,  1.3736610691911e+00,  1.9083983861797e+00, -4.5782276972569e+03,  3.6887073839891e+05,  1.3580698406174e+00, -4.4043926540293e+06,  2.1102580292423e+09, -3.6405822943588e+02,  2.2319089657826e+05, -8.0320861177838e+02,  9.4327922593020e+04,  4.4786530800000e-01,  0.0000000000000e+00,               200000
  1.2333829774853e-01,  1.3688856008049e+00,  1.9131738435703e+00, -5.4923769558559e+03,  1.7532828590053e+06,  2.9608131138298e+00, -1.7532387466774e+07, -1.3416822024573e+10, -7.2396506214008e-02, -1.6272999599477e+03, -8.1098343488988e+00,  8.6162347684041e+02,  4.5171861400000e-01,  0.0000000000000e+00,               200000
  1.1904871538437e-01,  1.3645682521797e+00,  1.9174911822631e+00, -5.8087069286812e+03,  9.1060605609807e+04,  6.7476146010945e-01,  1.7690626157908e+06, -4.5245794739962e+08,  6.0792009894471e-01, -1.2488742484283e+02,  2.6969372907196e+03, -4.3919978280783e+05,  4.5692712000000e-01,  0.0000000000000e+00,               200000
  1.1516961998888e-01,  1.3606652148318e+00,  1.9213942102765e+00, -6.8831068499328e+03,  1.4819499661423e+06,  2.7220855663832e+00, -4.9780856912956e+06,  3.8424515949860e+09, -2.9236300030138e-01, -1.5459961515600e+02,  9.3102433419376e+03, -1.2082840410994e+07,  4.6403293000000e-01,  0.0000000000000e+00,               200000
  1.1166521082281e-01,  1.3571368539816e+00,  1.9249225622265e+00, -6.8668511278867e+03,  2.7657854272111e+05,  1.1759645885849e+00, -2.7752598064279e+06,  1.6150903466541e+09,  2.4649254697326e+00, -2.5463883097124e+03, -2.1891100472290e+01,  6.9014033210236e+03,  4.8697916000000e-01,  0.0000000000000e+00,               200000
  1.0849881341366e-01,  1.3539473126270e+00,  1.9281120955280e+00, -7.6295196024159e+03,  2.1183238735244e+06,  3.2544768193401e+00, -2.1244574968828e+07, -3.3663767047269e+10,  7.4282802208525e+00,  1.2171919068379e+04, -1.3198932180311e+02, -2.1429896535418e+05,  4.6319132800000e-01,  0.0000000000000e+00,               200000
  1.0566557850499e-01,  1.3510641529428e+00,  1.9309952478511e+00, -7.0860314770379e+03,  3.6314540580216e+05,  1.3474891572888e+00, -3.6306363268407e+06, -1.8610462457733e+09,  1.4064068074734e+00,  2.5951277306164e+03,  1.2860866340095e+00, -5.6819937044792e+03,  4.6167132600000e-01,  0.0000000000000e+00,               200000
  1.0310807439567e-01,  1.3484580318997e+00,  1.9336013622172e+00, -7.1590357949008e+03,  6.2567865288359e+05,  1.7687264526823e+00, -6.2634728731634e+06,  4.1701261349275e+09,  3.5174441696200e+02, -2.8840548715455e+05, -5.4752520860464e+00,  3.6835243818589e+04,  4.4824844000000e-01,  0.0000000000000e+00,               200000
  1.0079960373246e-01,  1.3461024051767e+00,  1.9359569811077e+00, -7.2501723513121e+03,  6.8316254246934e+05,  1.8481917412289e+00, -5.4523019598039e+06, -3.0243353132112e+09, -5.2691759913904e+01, -3.0194474315527e+04,  1.4015309805982e+03, -9.4581137433335e+04,  4.5757885300000e-01,  0.0000000000000e+00,               200000
  9.8718461011148e-02,  1.3439732671519e+00,  1.9380861124453e+00, -7.7926329390866e+03,  6.2926458259450e+05,  1.7737877305282e+00, -6.2760831940290e+06, -3.6357301734562e+09,  1.7612113812880e+00, -2.2987726820180e+03,  1.1611098111433e+01, -1.7753394919008e+04,  4.6336926100000e-01,  0.0000000000000e+00,               200000
  9.6843747285234e-02,  1.3420489023235e+00,  1.9400104712237e+00, -8.7492396733500e+03,  1.7081039490680e+06,  2.9224167644845e+00, -1.7069302769886e+07,  2.0056605454643e+10,  8.4163779081227e+01, -1.1886822566812e+05,  1.9842896902768e+01, -5.9535279161396e+02,  4.5464004800000e-01,  0.0000000000000e+00,               200000
  9.5154869276239e-02,  1.3403096707681e+00,  1.9417496970917e+00, -7.6539911183648e+03,  1.4803606329908e+06,  2.7206255098698e+00, -1.4782529737857e+07, -1.9791800885495e+10,  2.6527126893329e+02,  4.4354799355866e+05,  5.3727576238534e+01,  9.1102805969522e+04,  5.0141071400000e-01,  0.0000000000000e+00,               200000
  9.3647800902394e-02,  1.3387378063106e+00,  1.9433215521090e+00, -1.0005432787371e+04,  8.0184504237772e+06,  6.3318442904801e+00, -8.0298941207947e+07,  2.0472895288274e+11, -8.6676601125125e+00,  5.6129189427729e+04, -1.7663040834265e+02,  2.2482298129214e+06,  4.5951325400000e-01,  0.0000000000000e+00,               200000
  9.2268490251534e-02,  1.3373172501083e+00,  1.9447420994683e+00, -9.5554069323422e+03,  1.6305364135295e+06,  2.8552901897439e+00, -1.6481855344993e+07, -3.4571687450526e+09,  2.1242359972866e+02,  5.2807920930145e+04, -2.9824931020391e+02, -2.2211204293308e+05,  4.5982963200000e-01,  0.0000000000000e+00,               200000
  9.1036337857211e-02,  1.3360334737115e+00,  1.9460258658155e+00, -1.0772740261914e+04,  4.3674651264228e+06,  4.6730424385098e+00, -4.3433728335122e+07,  1.3194085438060e+09,  7.9192127488706e+01,  6.1318202385295e+04,  3.6258266671169e+02, -2.0757650575150e+05,  4.5998613200000e-01,  0.0000000000000e+00,               200000
  8.9956698714617e-02,  1.3348733423256e+00,  1.9471859871025e+00, -9.2277062565504e+03,  5.7250313324298e+05,  1.6918970613530e+00, -1.2724390263599e+07, -6.3665711641411e+09,  8.3511711393262e+00, -1.2366207327414e+03, -7.1891524954452e+03, -4.7449087052439e+06,  4.6402273700000e-01,  0.0000000000000e+00,               200000
  8.8993708512388e-02,  1.3338249785715e+00,  1.9482343430920e+00, -1.0564745383632e+04,  4.6298249229429e+06,  4.8113537195590e+00, -4.6532496093745e+07, -9.0303289990041e+10,  6.0369282806328e-01,  2.8999700883826e+04, -4.1533996911602e+02, -9.2375373643109e+05,  4.7349065000000e-01,  0.0000000000000e+00,               200000
  8.8196641015318e-02,  1.3328776417641e+00,  1.9491816728792e+00, -1.2424988018403e+04,  9.4929697391799e+05,  2.1786428962980e+00, -9.5453323034398e+06,  3.2595247217652e+09, -1.0420400927202e-01,  3.5815750533696e+03, -1.0769094516090e+02,  2.9693224430939e+04,  8.1298881600000e-01,  0.0000000000000e+00,               200000
  8.7482742609143e-02,  1.3320216205706e+00,  1.9500376877280e+00, -1.0178635862944e+04,  3.3309125349823e+05,  1.2905255780073e+00, -1.8549154877727e+06,  9.0316322285986e+08, -1.9095161867976e+03,  7.3801138758211e+05,  1.4446375250653e+03, -1.0309808250780e+06,  4.5914491900000e-01,  0.0000000000000e+00,               200000
  8.6838804342641e-02,  1.3312481483639e+00,  1.9508111680068e+00, -9.8208897880535e+03,  2.7027565433408e+06,  3.6761097258792e+00, -2.7031323557807e+07, -2.2051800828169e+10,  3.3472015854815e+01,  4.8572223196089e+05, -8.8223907382159e+00, -1.6004770336497e+04,  4.5857171800000e-01,  0.0000000000000e+00,               200000
  8.6287684531911e-02,  1.3305492686967e+00,  1.9515100524587e+00, -9.9652257277562e+03,  2.3353021735876e+06,  3.4170909949748e+00, -2.3317088925662e+07, -3.5061014285738e+10,  7.5456183048815e-02,  5.8524119457728e+02,  7.7109318949101e+01,  2.9938433643824e+04,  4.8509035300000e-01,  0.0000000000000e+00,               200000
  8.5822826548376e-02,  1.3299178072789e+00,  1.9521415181823e+00, -1.1628479135900e+04,  1.4280377897701e+07,  8.4499638749821e+00, -1.4284812967227e+08, -3.3922102204512e+09, -1.8586246421469e+01,  1.1655391757045e+04, -1.1553605506778e+02,  1.1537827478115e+05,  4.4870060400000e-01,  0.0000000000000e+00,               200000
  8.5520399733956e-02,  1.3293472758218e+00,  1.9527120536554e+00, -1.1023822093811e+04,  5.2287158238389e+06,  5.1130792208995e+00, -2.9674555803625e+07, -2.4462249885839e+10, -2.5509794417479e+01,  6.0670196017684e+04,  3.9312240840182e+04, -5.3311577925720e+07,  4.6290842200000e-01,  0.0000000000000e+00,               200000
  8.5281380162551e-02,  1.3288318085294e+00,  1.9532275225852e+00, -1.0232888620270e+04,  2.9067163563617e+06,  3.8122935067763e+00, -2.9049905136997e+07,  2.1604712816577e+10,  3.9189233082293e+01, -5.5030722503628e+04,  4.3598445535429e+01, -2.1228559701363e+04,  4.5875641700000e-01,  0.0000000000000e+00,               200000
  8.5080392538589e-02,  1.3283661029123e+00,  1.9536932295687e+00, -1.0665337715503e+04,  1.5176105380250e+07,  8.7109429398458e+00, -1.5180046377036e+08,  3.0596105510324e+11, -2.9925857854077e+00, -1.3577229160463e+04, -9.6939111522829e+01,  3.9296498591324e+05,  4.7531625400000e-01,  0.0000000000000e+00,               200000
  8.4897841323222e-02,  1.3279453660290e+00,  1.9541139677618e+00, -1.0775745813628e+04,  1.6235212662772e+06,  2.8491413322940e+00, -1.7960850941068e+07, -1.2767844970854e+09, -3.0175978015534e+00,  6.5647657280607e+03, -1.8178595614865e+03,  2.0494626733895e+06,  4.6036213300000e-01,  0.0000000000000e+00,               200000
  8.4748283753295e-02,  1.3275652651372e+00,  1.9544940699577e+00, -1.0611124927019e+04,  1.5649642161164e+06,  2.7972881654528e+00, -1.5655420625887e+07,  1.8116648657133e+10, -1.3653197294446e+01,  1.3429133875010e+04, -1.9054449065142e+01,  1.1294844184290e+04,  6.5719270400000e-01,  0.0000000000000e+00,               200000
  8.4618643750625e-02,  1.3272218840613e+00,  1.9548374522787e+00, -1.0489643974631e+04,  5.7083369359019e+06,  5.3424418274333e+00, -5.7883556966402e+07, -5.7162806239182e+10, -2.0259283713795e+01, -4.6414908190545e+04, -1.1683212980747e+03, -2.2440991830542e+06,  4.9449967900000e-01,  0.0000000000000e+00,               200000
  8.4573485551185e-02,  1.3269116833871e+00,  1.9551476548440e+00, -1.1135205186669e+04,  1.4177175285120e+06,  2.6624401669446e+00, -1.4202986842328e+07,  2.0617503788596e+09,  4.1385017705053e+02,  9.7082964257425e+05, -3.6914457175535e+01,  7.0819256204102e+04,  6.2266985400000e-01,  0.0000000000000e+00,               200000
  8.4543694289050e-02,  1.3266314548599e+00,  1.9554278766213e+00, -1.1006340106643e+04,  5.5317815165284e+06,  5.2591736596772e+00, -5.5286899913575e+07, -6.2136054327109e+09, -6.9776585897719e+00,  3.2548404680874e+03,  6.0023801805953e+01, -5.1491343497490e+04,  4.6083772800000e-01,  0.0000000000000e+00,               200000
  8.4565738634337e-02,  1.3263783162176e+00,  1.9556810092112e+00, -1.0445411801606e+04,  9.3977252651137e+05,  2.1676860087561e+00, -9.4076383229451e+06,  3.9624934870960e+09, -4.6163768029060e+01,  2.4548689320290e+03, -2.9597888037336e+01,  7.3502875375298e+03,  4.9821477900000e-01,  0.0000000000000e+00,               200000
  8.4591900440225e-02,  1.3261496543964e+00,  1.9559096659952e+00, -1.1434887088674e+04,  1.4094479437964e+05,  8.3947839275242e-01,  2.2360339790225e+05, -2.2115895578294e+08,  1.7624291280589e+00, -7.0614532508657e+02,  1.6683928743926e+03, -2.3189537370789e+05,  4.7115314200000e-01,  0.0000000000000e+00,               200000
  8.4615436620120e-02,  1.3259431070230e+00,  1.9561162085582e+00, -1.0279863055003e+04,  1.9882170641937e+06,  3.1529486708426e+00, -1.9869451046989e+07, -3.2419779498676e+09, -3.5398730431210e+01, -2.4961182566590e+04,  2.8751649798672e+01, -1.6238779440653e+04,  4.4766710900000e-01,  0.0000000000000e+00,               200000
  8.4654911212321e-02,  1.3257565400744e+00,  1.9563027716154e+00, -1.1409269530408e+04,  5.3524065898674e+06,  5.1732033547249e+00, -5.2806976417823e+07, -2.3111697765169e+10,  1.1039400883324e+01,  3.6285485816774e+05,  9.9911309938927e+02, -1.6175782930728e+06,  4.5839612400000e-01,  0.0000000000000e+00,               200000
  8.4745316656549e-02,  1.3255880222698e+00,  1.9564712840310e+00, -1.1180032559949e+04,  4.3276780775199e+06,  4.6517083300223e+00, -4.4733950391198e+07, -4.9643668215093e+10,  1.3172481494362e+01,  3.6822829718492e+04, -1.7346351617904e+03, -3.9719914860165e+06,  4.7036334000000e-01,  0.0000000000000e+00,               200000
  8.4886352761142e-02,  1.3254358122088e+00,  1.9566234895191e+00, -9.7567157782117e+03,  6.1654726734230e+06,  5.5522394911527e+00, -6.1904194854215e+07,  1.6159840365549e+11, -1.8949148899813e+01,  7.4984134757106e+04, -3.7503520674212e+02,  3.6920223674873e+05,  4.5864773800000e-01,  0.0000000000000e+00,               200000
  8.4997549416518e-02,  1.3252983348689e+00,  1.9567609625806e+00, -9.8518840068893e+03,  1.4543619562470e+06,  2.6966293370122e+00, -1.4564866644753e+07, -1.8509796592657e+10,  1.4230804593039e+01,  5.1891402629543e+03, -3.7019969955349e+01, -9.5869716186381e+04,  4.8126486900000e-01,  0.0000000000000e+00,               200000
  8.5118460407204e-02,  1.3251741669204e+00,  1.9568851265157e+00, -1.0269630368854e+04,  1.1025173359331e+06,  2.3478898355045e+00, -1.1063354091034e+07, -9.5356059134086e+09,  5.9060600956988e-01,  6.8932581869884e+03, -1.0096125003613e+02, -1.2052360161116e+05,  6.7300243400000e-01,  0.0000000000000e+00,               200000
  8.5241322460553e-02,  1.3250620223595e+00,  1.9569972674389e+00, -1.0071076459006e+04,  3.0834460834728e+05,  1.2416614038201e+00, -3.0839853451157e+06,  5.5489578471938e+08, -1.8010689014920e+00, -4.1360883068046e+01, -2.5022012419368e+00,  1.4958727371159e+03,  4.5812303600000e-01,  0.0000000000000e+00,               200000
  8.5354715157167e-02,  1.3249607391259e+00,  1.9570985474051e+00, -9.7702039499418e+03,  1.4307242278585e+06,  2.6746254203706e+00, -1.4377622446660e+07, -9.3723687671178e+09,  1.2714303262304e+00,  1.6442444103311e+03, -1.5777874717726e+02, -8.6437144156641e+04,  4.8360257100000e-01,  0.0000000000000e+00,               200000
  8.5473686730526e-02,  1.3248692671512e+00,  1.9571900164414e+00, -1.1933357952254e+04,  3.4967308348214e+06,  4.1813459763702e+00, -3.4905503500025e+07, -2.9092587762989e+10, -1.0979864301744e+02, -1.6519178698492e+05,  1.2536900290429e+02,  2.7608960318146e+04,  6.4092069900000e-01,  0.0000000000000e+00,               200000
  8.5624245007348e-02,  1.3247866596244e+00,  1.9572726231804e+00, -1.2054090552951e+04,  1.2694635571406e+06,  2.5193883753211e+00, -1.2684291350440e+07,  8.9687316499784e+09,  3.0910577513509e-01,  1.2692929512624e+03,  5.8744781998212e+00, -1.8669220163620e+05,  5.1003082500000e-01,  0.0000000000000e+00,               200000
  8.5767386742700e-02,  1.3247120572969e+00,  1.9573472248016e+00, -1.2842191468540e+04,  1.6375163242567e+06,  2.8613950480987e+00, -1.6554129373332e+07,  1.3524783209311e+10,  3.8518589976137e+01, -3.2489171937216e+04, -2.9067610427638e+02, -6.5126467518035e+04,  4.6086145500000e-01,  0.0000000000000e+00,               200000
  8.5905249899643e-02,  1.3246446855482e+00,  1.9574145957458e+00, -1.1582758056606e+04,  5.2654037525646e+06,  5.1309861394105e+00, -5.2656354263779e+07, -1.3650270054940e+11, -3.4811708961344e+01, -9.0550564509202e+04, -1.3687872337855e+01, -2.9190183794535e+04,  4.5126104000000e-01,  0.0000000000000e+00,               200000
  8.6136242991838e-02,  1.3245838457728e+00,  1.9574754355936e+00, -1.0550786932584e+04,  5.1164487741759e+05,  1.5994450247157e+00, -5.1215943352860e+06,  1.6444439551633e+08, -1.4374515154105e-01,  1.0782878944949e+02, -1.6555766184551e+01,  5.4051970043447e+04,  4.4554953200000e-01,  0.0000000000000e+00,               200000
  8.6349292653534e-02,  1.3245289050229e+00,  1.9575303764081e+00, -1.2223904919138e+04,  6.1228231347927e+05,  1.7496889916200e+00, -6.2221916338434e+06,  2.7974381666336e+09, -5.8751753973029e+01,  4.0402884232976e+04, -1.5719862967736e+02,  2.0685151961485e+04,  4.5840015000000e-01,  0.0000000000000e+00,               200000
  8.6545958487316e-02,  1.3244792926680e+00,  1.9575799892308e+00, -1.1164076591772e+04,  1.6468456863898e+06,  2.8695345322803e+00, -1.6464701596909e+07, -2.1999718965973e+08,  8.6330329969455e+03, -1.2930516611106e+06, -6.7647744078785e+01, -1.3931533460246e+04,  4.5504482000000e-01,  0.0000000000000e+00,               200000
  8.6738295341263e-02,  1.3244344124248e+00,  1.9576247898928e+00, -1.2071294201120e+04,  4.9428865155463e+06,  4.9713612399152e+00, -4.9257072560068e+07, -1.0339399147119e+11, -1.9190000550684e+01, -4.4358383273174e+04,  1.8006185871529e+02,  2.9868115093259e+06,  4.6288342300000e-01,  0.0000000000000e+00,               200000
  8.7002089831210e-02,  1.3243938864973e+00,  1.9576652440938e+00, -8.0154022020538e+03,  9.4547895534986e+05,  2.1742572931347e+00, -9.2244817094339e+06, -4.8087813475636e+09, -6.1662126439865e+00,  5.1212231870198e+03,  3.2035113709240e+02, -8.0304292299796e+04,  5.3956682600000e-01,  0.0000000000000e+00,               200000
  8.7250703627193e-02,  1.3243572927661e+00,  1.9577017730471e+00, -1.0100218579240e+04,  6.7214108141737e+06,  5.7971591379631e+00, -6.7208028870681e+07,  6.7379319414156e+10, -6.2191599055671e+00, -4.6417068735165e+03,  1.6989385375263e+01, -7.2983915516157e+04,  5.0853278400000e-01,  0.0000000000000e+00,               200000
  8.7505308329576e-02,  1.3243242503525e+00,  1.9577347570589e+00, -1.0304679901120e+04,  1.8285433573670e+06,  3.0236925747891e+00, -1.8303456327117e+07,  2.5647744431580e+10, -1.8132316282728e-01,  1.5433618616562e+03, -4.6675946403184e+01,  5.9724903303830e+04,  4.7208743400000e-01,  0.0000000000000e+00,               200000
  8.7740140519230e-02,  1.3242944150674e+00,  1.9577645396076e+00, -1.1597729752305e+04,  7.2042294419999e+06,  6.0017620087771e+00, -6.9325784562202e+07,  1.1562162369350e+11, -2.4915448236027e+02,  4.7576047635464e+05,  3.2646427028552e+03, -8.1215981880818e+06,  4.5977281800000e-01,  0.0000000000000e+00,               200000
  8.7962590006964e-02,  1.3242674762259e+00,  1.9577914310827e+00, -9.8975589909251e+03,  4.6648683649856e+05,  1.5272308870936e+00, -4.6497223697657e+06,  3.5860587953937e+09, -2.9425905449954e+02,  3.1189880554046e+05,  2.6988343268762e+01, -1.9088185201419e+04,  4.6507323900000e-01,  0.0000000000000e+00,               200000
  8.8166033096987e-02,  1.3242431543772e+00,  1.9578157115740e+00, -1.1359353304719e+04,  2.3926717647459e+06,  3.4588088735473e+00, -2.3940065552043e+07, -2.6320923574884e+10,  2.6687533561327e+01,  2.0124224283302e+02, -3.5947533297308e+01,  2.7847804066359e+04,  4.5324272300000e-01,  0.0000000000000e+00,               200000
  8.8383490279990e-02,  1.3242211941250e+00,  1.9578376342144e+00, -1.0666394597591e+04,  1.1220071086353e+06,  2.3685513596240e+00, -1.0995882165724e+07,  1.1347651070320e+09,  3.7659381828970e-01, -5.2157223536908e+01,  3.5510274635001e+02, -1.6404123888845e+05,  4.5816592800000e-01,  0.0000000000000e+00,               200000
  8.8589349762057e-02,  1.3242013667499e+00,  1.9578574275800e+00, -1.0783089408556e+04,  1.7159018673508e+06,  2.9290799471428e+00, -1.7173796803107e+07, -6.5236759463178e+09,  3.8262588973684e+02, -2.2659215827701e+05, -2.7358752645627e+01,  7.4136705829220e+04,  4.6242123400000e-01,  0.0000000000000e+00,               200000
  8.8793932056303e-02,  1.3241834626278e+00,  1.9578752982163e+00, -1.0445098732697e+04,  1.4017080271788e+06,  2.6473647530882e+00, -1.3984369710778e+07, -1.8846706336218e+08, -2.9815425593123e+00, -8.7523389187038e+02,  6.1913915171775e+01,  6.4766627700962e+04,  4.7513425100000e-01,  0.0000000000000e+00,               200000
  8.8991575543341e-02,  1.3241672980202e+00,  1.9578914326105e+00, -1.1375465796105e+04,  2.6921929146005e+06,  3.6689187198686e+00, -3.2245492864420e+07,  1.6622848542315e+10, -1.8565222940557e+00, -1.1555997082458e+04, -5.4493935260869e+03,  9.4258395876955e+06,  4.6158203200000e-01,  0.0000000000000e+00,               200000
  8.9192077137394e-02,  1.3241527042111e+00,  1.9579059993492e+00, -8.0460768269125e+03,  4.1091764292145e+06,  4.5327565725585e+00, -4.1438939187967e+07, -6.8698126959968e+09,  6.7838321468678e+01, -1.8447515299980e+04, -6.7466321729712e+02, -6.8873356710792e+05,  4.8465196200000e-01,  0.0000000000000e+00,               200000
  8.9414588381296e-02,  1.3241395280931e+00,  1.9579191505947e+00, -1.1659516707831e+04,  4.9734853683749e+06,  4.9867250617890e+00, -4.9876531980197e+07,  3.4690428832680e+10,  8.6959554565039e+01, -1.7723745580343e+05, -2.5149570476125e+02, -1.3236527244705e+05,  4.5120681600000e-01,  0.0000000000000e+00,               200000
  8.9645647297047e-02,  1.3241276327092e+00,  1.9579310235967e+00, -8.8039709835095e+03,  3.2314519696351e+05,  1.2711121055271e+00, -3.0431372936132e+06,  1.8109382408691e+08,  1.2071995241418e+01,  1.2435194914870e+04,  2.8176790918652e+02, -1.0479388890830e+05,  5.2468951600000e-01,  0.0000000000000e+00,               200000
  8.9856991238977e-02,  1.3241168935359e+00,  1.9579417423319e+00, -9.2637741605289e+03,  2.3234976544574e+05,  1.0778445283197e+00, -3.1197618565630e+06, -1.7147873409511e+09, -1.1436267279469e+00, -6.8209077741409e+02, -9.2838666536362e+02, -5.0869863510031e+05,  4.6578163500000e-01,  0.0000000000000e+00,               200000
  9.0051498463417e-02,  1.3241071985347e+00,  1.9579514191058e+00, -9.2274813234155e+03,  7.9104880727159e+05,  1.9887795343773e+00, -8.8140325572607e+06,  6.9194521985453e+09,  1.9307441737671e+02, -1.6304695937658e+05, -9.9039133860476e+02,  4.1286572648262e+05,  4.5936132600000e-01,  0.0000000000000e+00,               200000
  9.0232103861481e-02,  1.3240984451282e+00,  1.9579601550197e+00, -9.6583402685333e+03,  6.3594007358976e+06,  5.6388831943469e+00, -6.4023545840744e+07,  5.3907413406915e+10, -1.7924918097191e+01, -6.6449558056637e+03, -5.7303597374531e+02,  8.1504515272335e+05,  4.7358094500000e-01,  0.0000000000000e+00,               200000
  9.0429954120727e-02,  1.3240905432764e+00,  1.9579680413341e+00, -8.9390603443856e+03,  1.5538738045147e+06,  2.7873587897100e+00, -1.5538364157041e+07,  2.8853163981532e+09, -2.4172169291844e+00,  3.2960700678658e+02,  9.5941715116700e-01,  4.1803947993896e+02,  4.5409922900000e-01,  0.0000000000000e+00,               200000
  9.0621835866481e-02,  1.3240834100689e+00,  1.9579751605393e+00, -1.0148173799911e+04,  2.6225034628601e+06,  3.6211210024384e+00, -2.6236812735427e+07,  2.6899972329759e+10,  1.8104988549012e+00,  9.7867526841062e+04, -3.2204634663903e+01,  1.6961869051032e+04,  4.5143682500000e-01,  0.0000000000000e+00,               200000
  9.0807130545987e-02,  1.3240769702730e+00,  1.9579815871594e+00, -1.0947619197292e+04,  4.3828669893339e+06,  4.6812749274818e+00, -4.2586987755836e+07,  6.5377871846605e+10,  1.5555875920722e+01, -3.4457517091772e+04,  1.6875936740560e+03, -3.5438394365644e+06,  5.0513359900000e-01,  0.0000000000000e+00,               200000
  9.0983775426128e-02,  1.3240711570758e+00,  1.9579873884958e+00, -9.2440364316434e+03,  7.4231717488905e+05,  1.9265476569359e+00, -7.4661280841141e+06, -3.0888401131714e+07,  3.1714719657287e+01, -2.1789760975859e+04, -9.7637452760102e+01, -4.8911639225692e+04,  4.6354104100000e-01,  0.0000000000000e+00,               200000
  9.1150341148755e-02,  1.3240659093477e+00,  1.9579926253162e+00, -1.0317635422844e+04,  1.4778777189736e+06,  2.7183429869809e+00, -1.5048913240058e+07, -1.7372421746552e+09, -2.3081006720518e+02, -2.0767154118613e+05, -4.1047958906110e+02, -3.6458469571423e+05,  4.8993887800000e-01,  0.0000000000000e+00,               200000
  9.1315868775721e-02,  1.3240611759467e+00,  1.9579973525697e+00, -9.3615808605632e+03,  8.1943848053804e+05,  2.0241522676642e+00, -8.1981892579318e+06,  2.3450639289992e+09,  1.1250576376640e+01, -6.7350027402458e+03, -8.3220031999710e+00,  9.7226813413075e+03,  4.5270072500000e-01,  0.0000000000000e+00,               200000
  9.1472001060332e-02,  1.3240569032012e+00,  1.9580016196819e+00, -9.8744559949736e+03,  2.3145411002351e+05,  1.0757650998789e+00, -2.3350583757681e+06,  2.3175391897935e+08,  2.8038246832420e+01,  2.5004912386204e+04, -4.5467493474731e+01,  1.1493577273280e+04,  4.4949611200000e-01,  0.0000000000000e+00,               200000
  9.1615061560959e-02,  1.3240530459746e+00,  1.9580054713930e+00, -9.3051192931795e+03,  7.6667894555405e+05,  1.9579056994070e+00, -7.5585602591519e+06, -5.2117066159002e+09,  3.0001745331334e+00,  1.1391700570047e+04,  1.4020041415455e+02, -1.1077087484709e+05,  4.6698443500000e-01,  0.0000000000000e+00,               200000
  9.1753967844897e-02,  1.3240495642088e+00,  1.9580089480708e+00, -1.0103055931088e+04,  7.1343129628167e+05,  1.8886917380579e+00, -6.9868027756694e+06, -4.1201356454885e+09, -1.7350154300163e+00, -1.6225067360290e+03,  2.3170618188159e+02,  1.8320348962446e+04,  4.5341491700000e-01,  0.0000000000000e+00,               200000
  9.1888073275371e-02,  1.3240464215136e+00,  1.9580120861574e+00, -8.5497645283999e+03,  7.8599166980508e+05,  1.9824122550634e+00, -8.2126684207759e+06, -1.5381522870561e+09,  3.8384677125336e+00, -1.4854777212612e+03, -4.8101218689365e+02, -2.8808766324807e+05,  4.7398684400000e-01,  0.0000000000000e+00,               200000
  9.2017805970620e-02,  1.3240435848496e+00,  1.9580149187417e+00, -9.3106553435759e+03,  3.1279540801491e+06,  3.9547149582170e+00, -3.1300783937510e+07, -3.0391345568486e+10, -4.1705550492063e+02,  3.2715619650133e+06, -6.1146670061292e+01,  8.2002001841677e+05,  4.7198714200000e-01,  0.0000000000000e+00,               200000
  9.2180006480305e-02,  1.3240410111686e+00,  1.9580174753635e+00,  7.6042156011897e+08,  1.7347655554731e+18,  2.9451362918149e+06, -4.2538590883111e+12, -6.4695275777852e+21, -2.4940683006410e+08, -3.7931330809457e+17, -7.7746142959711e+12, -1.1824114213961e+22,  4.8685656200000e-01,  0.0000000000000e+00,               200000
  1.3184046153913e-01,  1.3637014661740e+00,  1.9976779304205e+00, -5.4481761021398e+03,  4.0853664918529e+05,  1.4292247009923e+00, -4.0864238027897e+06, -1.9656149628376e+09, -4.0134591871293e+00, -2.1203643784217e+03, -4.2388818483649e+00, -2.3184231667497e+03,  4.5848732300000e-01,  0.0000000000000e+00,               200000
  1.6763694419092e-01,  1.3994979487776e+00,  2.0334744130707e+00, -2.7303330699241e+03,  2.9263746622290e+05,  1.2096228053052e+00, -2.9273607401901e+06,  7.0239124122492e+08,  9.7538704583133e+00,  1.6920654506917e+05, -2.6833011762871e+00,  2.3343892843495e+03,  4.6234112900000e-01,  0.0000000000000e+00,               200000
  1.9994547472304e-01,  1.4318064792661e+00,  2.0657829436013e+00,  2.2411115191999e+03,  7.9545209707222e+07,  1.9943070188316e+01, -1.8841251593874e+07, -1.6608594617285e+11,  2.8025062242445e+03,  1.8011688957714e+07, -6.2030637157805e+05, -6.4432004244785e+09,  4.6570613200000e-01,  0.0000000000000e+00,               200000
  2.2910552743357e-01,  1.4609665319335e+00,  2.0949429963092e+00, -1.5827586229590e+03,  2.9400238800107e+04,  3.8340734734814e-01, -2.9382083167198e+05,  3.9678829771107e+06,  1.7867913155307e+00, -1.9864765283581e+02,  7.5195433877813e-01,  3.8052244040701e+01,  4.5344341500000e-01,  0.0000000000000e+00,               200000
  2.5542357763451e-01,  1.4872845820955e+00,  2.1212610465078e+00, -1.4085092804628e+03,  3.0371035139094e+05,  1.2322953205116e+00, -1.0473278352666e+06, -2.5758929541316e+08,  1.4320224721092e+01,  6.5982446467479e+03,  2.8040902206410e+03, -1.3980760537746e+06,  5.9141690300000e-01,  0.0000000000000e+00,               200000
  2.7917630493742e-01,  1.5110373093633e+00,  2.1450137738086e+00, -1.0744448394583e+03,  5.9815013083123e+04,  5.4687755980257e-01, -5.0238655577803e+05,  1.1809754968673e+08, -1.3008133711795e+01,  1.6393682533540e+03,  1.8948718970726e+02, -4.7292318920796e+04,  4.8409275600000e-01,  0.0000000000000e+00,               200000
  3.0061348605963e-01,  1.5324744904537e+00,  2.1664509549288e+00, -1.0028180729642e+03,  2.3684854393591e+04,  3.4412827836136e-01, -2.3718819642688e+05, -1.9632748564239e+07,  3.8889681041255e-02,  6.8062822767738e+01, -1.8675399068315e+00, -2.2919649019908e+02,  4.6598833800000e-01,  0.0000000000000e+00,               200000
  3.1996060719895e-01,  1.5518216115644e+00,  2.1857980760664e+00, -1.2187455522300e+03,  6.1475325222724e+05,  1.7532159767514e+00,  3.3513449630567e+05, -3.6368290056734e+08,  5.4134979241239e+00, -4.9560683817283e+03,  9.5934154346605e+03, -8.5655647416269e+06,  4.5780102700000e-01,  0.0000000000000e+00,               200000
  3.3742122311525e-01,  1.5692822274549e+00,  2.2032586919811e+00, -8.5843888092112e+02,  4.2520449974923e+02,  4.6108811508714e-02, -4.3967570288779e+03,  3.4010604081896e+04,  5.7410269900576e-03, -3.4396170314766e-02, -5.5278468384547e-01,  3.9200351698150e+01,  4.5475932200000e-01,  0.0000000000000e+00,               200000
  3.5317908743707e-01,  1.5850400917534e+00,  2.2190165563015e+00, -6.6224737510553e+02,  1.8029449315555e+04,  3.0024531066742e-01, -1.7702647240207e+04, -3.7262945618810e+06,  8.6575584157261e+00, -1.1684730014100e+03,  3.3676507554954e+02, -4.4873482960872e+04,  4.8074485700000e-01,  0.0000000000000e+00,               200000
  3.6740007634277e-01,  1.5992610806381e+00,  2.2332375452059e+00, -5.4863622299610e+02,  5.4942476459254e+03,  1.6574449683059e-01, -5.7814848115830e+04, -7.6690659244514e+05,  1.1088184417875e+02, -2.6442876174093e+03, -9.2403066882586e+00, -6.4836633816489e+01,  4.7645345100000e-01,  0.0000000000000e+00,               200000
  3.8023392562487e-01,  1.6120949299011e+00,  2.2460713944869e+00, -5.6371975542849e+02,  2.5678457852366e+03,  1.1331032135769e-01, -3.3407421672992e+04, -1.5739517289309e+06,  2.9064912441136e-01,  2.8674076610449e+01, -2.0249129053961e+01, -8.7827630009610e+02,  4.5766282600000e-01,  0.0000000000000e+00,               200000
  3.9181579921247e-01,  1.6236768034716e+00,  2.2576532680734e+00, -5.1568786173671e+02,  2.9984324402428e+03,  1.2244248527866e-01, -2.9877149376139e+04, -2.0784000310438e+05, -3.9092679778614e-01, -1.4525518029629e+01,  5.6433809122383e-01, -1.4649595424418e+01,  4.5520980800000e-01,  0.0000000000000e+00,               200000
  4.0226770547907e-01,  1.6341287097227e+00,  2.2681051743391e+00, -6.2189283134223e+02,  6.6360475445234e+04,  5.7602289644264e-01,  4.1496471817130e+05, -1.8807256924941e+08,  1.9978077297657e+03, -8.5555920894338e+05,  2.5756452688603e+03, -1.3085680123112e+06,  4.5468730700000e-01,  2.2615000000000e-01,               200000
  4.1169977608391e-01,  1.6435607803132e+00,  2.2775372449431e+00, -4.8645678860062e+02,  7.5890320220085e+03,  1.9479517476068e-01, -7.4794024913681e+04,  2.1255698362869e+06,  1.8386753613742e+02,  2.5473064506371e+04, -3.3209674854535e+00,  1.4290296853859e+01,  4.6180901600000e-01,  0.0000000000000e+00,               200000
  4.2021142066905e-01,  1.6520724248854e+00,  2.2860488895274e+00, -5.7901891348291e+02,  1.5514303548936e+04,  2.7851663818285e-01, -5.1342884561092e+04,  2.6090148090309e+06,  2.7987103769573e+00, -5.3886925980892e+02,  2.3260253354778e+02, -2.9713798162135e+04,  4.7479213300000e-01,  0.0000000000000e+00,               200000
  4.2789236944487e-01,  1.6597533736495e+00,  2.2937298383025e+00, -6.2623014330938e+02,  8.9887285081372e+04,  6.7040019794661e-01,  4.8833873191227e+05, -2.2660341990716e+08,  2.8132694620347e+03, -1.1370735533008e+06,  3.4631393483581e+03, -1.7041802268490e+06,  4.5142770200000e-01,  2.2582000000000e-01,               200000
  4.3482361453306e-01,  1.6666846187267e+00,  2.3006610833901e+00, -5.4029172348660e+02,  7.3158601715981e+04,  6.0480824116401e-01,  3.5480529823210e+05, -1.7549203675302e+08,  2.3004581765322e+03, -1.2664457900895e+06,  2.7542342225266e+03, -1.7416228412995e+06,  4.7680824300000e-01,  2.2557000000000e-01,               200000
  4.4107825988359e-01,  1.6729392640669e+00,  2.3069157287401e+00, -4.1122019073809e+02,  6.4644192392434e+02,  5.6852525182455e-02, -6.2523045828975e+03, -1.0177301020940e+04, -1.1533035056792e-01, -1.0859323064627e+00,  1.1697187471625e+00, -5.6510649170344e+00,  4.7520766500000e-01,  0.0000000000000e+00,               200000
  4.4672228863236e-01,  1.6785832928063e+00,  2.3125597574884e+00, -5.4197499060155e+02,  3.8745090690433e+04,  4.4014253765362e-01,  2.8041760339642e+05, -1.0273420877070e+08,  1.6574605863514e+03, -5.7244864748293e+05,  1.7601680478394e+03, -7.7604469739219e+05,  4.5476283600000e-01,  2.2539500000000e-01,               200000
  4.5181525590743e-01,  1.6836762600727e+00,  2.3176527247630e+00, -3.9690784093576e+02,  2.1890191196801e+03,  1.0461881092041e-01, -2.2281289408703e+04,  1.0890837630972e+06, -2.4381959591135e+01,  1.1072066656133e+03, -2.0821574001102e+00,  2.8398322089718e+02,  4.5946834300000e-01,  0.0000000000000e+00,               200000
  4.5641091431648e-01,  1.6882719184739e+00,  2.3222483831716e+00, -3.8013040530989e+02,  1.5127026571947e+02,  2.7501842276425e-02, -1.7267264087589e+03, -1.2785235323356e+04, -2.5753037859325e-01,  2.7853189050168e+00, -9.4755989776363e-01, -1.3868691369478e+01,  4.6968365700000e-01,  0.0000000000000e+00,               200000
  4.6055777864738e-01,  1.6924187827977e+00,  2.3263952475021e+00, -5.9573497144541e+02,  4.9427072663298e+04,  4.9712710981849e-01,  3.4225406293591e+05, -4.7379581186943e+07,  1.6339323910216e+03, -2.3909531802622e+05,  2.2588765639965e+03, -5.3438591015401e+05,  4.5206093200000e-01,  4.5016500000000e-01,               200000
  4.6429963568111e-01,  1.6961606398247e+00,  2.3301371045355e+00, -5.2530879249241e+02,  4.6575429194089e+04,  4.8257346173453e-01,  2.8057400312667e+05, -1.0508932634588e+08,  1.4730703639714e+03, -4.3965909781154e+05,  2.0311403744515e+03, -7.8288754297761e+05,  4.6098093900000e-01,  2.2594000000000e-01,               200000
  4.6767600444461e-01,  1.6995370085818e+00,  2.3335134732988e+00, -5.1247154078675e+02,  4.5258722984275e+04,  4.7570328453919e-01,  2.6309051702060e+05, -1.0548391048051e+08,  1.3705999528165e+03, -4.6816953857479e+05,  1.9600099878480e+03, -8.2560107069104e+05,  4.6596623000000e-01,  2.2561000000000e-01,               200000
  4.7072255171479e-01,  1.7025835558460e+00,  2.3365600205687e+00, -5.1276876226457e+02,  4.4585218531683e+04,  4.7215049789068e-01,  2.6370482735605e+05, -1.0136370702480e+08,  1.5205986039570e+03, -4.9818825685560e+05,  1.9565922759315e+03, -8.0073686357025e+05,  5.4730003900000e-01,  2.2691500000000e-01,               200000
  4.7347146711860e-01,  1.7053324712442e+00,  2.3393089359722e+00, -6.2964143885059e+02,  7.3631774657214e+04,  6.0676096882221e-01,  2.3826069359525e+05, -2.0043705892659e+06,  1.4019594744513e+03,  1.4520015045796e+03,  2.5717982564044e+03, -5.0926162652048e+05,  4.5531551500000e-01,  6.7633000000000e-01,               200000
  4.7595180175281e-01,  1.7078128058729e+00,  2.3417892706063e+00, -6.2032833482119e+02,  5.4017056985835e+04,  5.1969730125254e-01,  2.9333014557890e+05, -4.4815514826757e+07,  4.4724333417076e+02,  2.3635008216053e+05,  2.4280855350692e+03, -5.9790464652547e+05,  4.6083742300000e-01,  4.5174000000000e-01,               200000
  4.7818977386673e-01,  1.7100507779818e+00,  2.3440272427200e+00, -4.9301644240507e+02,  4.8163509488728e+04,  4.9073164503998e-01,  2.8770848474030e+05, -1.0485705774638e+08,  1.5734626445736e+03, -5.2135902102696e+05,  2.1570881116460e+03, -8.9454282058819e+05,  4.5365101300000e-01,  2.2628000000000e-01,               200000
  4.8020904480737e-01,  1.7120700489176e+00,  2.3460465136605e+00, -5.4137163466572e+02,  7.0684566312582e+04,  5.9449376074347e-01,  3.4124107878809e+05, -4.1602263436938e+07,  2.0959317332637e+03, -1.8070066546839e+05,  2.9464177486288e+03, -6.5660628563672e+05,  4.6053920400000e-01,  4.5141000000000e-01,               200000
  4.8203096811625e-01,  1.7138919722217e+00,  2.3478684369692e+00, -4.6981045387213e+02,  3.2094874434269e+04,  4.0059252635483e-01,  1.9160878006798e+05, -6.9408403753794e+07,  1.0424447254460e+03, -3.3122889014512e+05,  1.4629026152551e+03, -5.4801976391308e+05,  4.5841887100000e-01,  2.2618000000000e-01,               200000
  4.8367481438686e-01,  1.7155358184878e+00,  2.3495122832397e+00, -7.0309373432339e+02,  1.7296147691318e+05,  9.2995020542281e-01,  1.9864938646637e+04,  1.0563817857138e+08, -2.4982459961058e+02,  7.6357047836377e+05,  3.4794174322731e+03, -8.0504477302006e+05,  4.6266011800000e-01,  2.2623500000000e-01,               200000
  4.8515797423829e-01,  1.7170189783351e+00,  2.3509954430910e+00, -1.1648111695521e+03,  1.4183748275175e+06,  2.6630572914580e+00, -1.7501596456237e+05,  8.0463288099667e+08, -2.1165596824459e+03,  5.9956214749062e+06,  2.5436481869475e+04, -2.9169460120089e+07,  4.5721471000000e-01,  2.2605000000000e-01,               200000
  4.8649614153237e-01,  1.7183571456253e+00,  2.3523336103850e+00, -5.0218403466043e+02,  3.8033278679166e+04,  4.3608071889942e-01,  2.1831026160782e+05, -8.0661789056793e+07,  1.3745703819912e+03, -3.9736176477255e+05,  1.7011524252979e+03, -6.9206087952337e+05,  4.4769269700000e-01,  2.2541500000000e-01,               200000
  4.8770347875484e-01,  1.7195644828439e+00,  2.3535409476074e+00, -8.1778410803099e+02,  6.5025580026110e+04,  5.7019987735052e-01,  1.3745556228509e+03, -3.6839783902472e+04,  2.1986694899239e+01,  6.2033750717994e+04,  1.5579074703588e+03, -2.2964769039711e+05,  4.5394630500000e-01,  9.0418000000000e-01,               200000
  4.8879276629479e-01,  1.7206537703804e+00,  2.3546302351472e+00, -4.5997177071742e+02,  3.2125223365209e+04,  4.0078188185851e-01,  1.9234897674074e+05, -6.8051616602785e+07,  1.2428948162793e+03, -4.3252222819483e+05,  1.4577362105307e+03, -6.0002059180243e+05,  4.7194591900000e-01,  2.2524000000000e-01,               200000
  4.8977553718804e-01,  1.7216365412703e+00,  2.3556130060404e+00, -4.0712510263463e+02,  4.6794376036645e+03,  1.5296139388199e-01, -4.5609285392617e+04,  3.9105727402744e+05,  5.6690226277169e-01, -2.3408579145192e+01,  6.2618830699264e+00, -6.0837449209185e+01,  4.5912764000000e-01,  0.0000000000000e+00,               200000
  4.9066219873843e-01,  1.7225232028177e+00,  2.3564996675907e+00, -6.2631064591609e+02,  6.7203072062447e+04,  5.7966831922422e-01,  2.3466919878784e+05, -5.8675442584574e+04,  1.3057231933738e+03,  4.9894058899953e+04,  2.4727385885438e+03, -3.9413839662832e+05,  4.5434983200000e-01,  6.7704500000000e-01,               200000
  4.9146214229319e-01,  1.7233231463695e+00,  2.3572996111455e+00, -4.4315036061025e+02,  4.3028513489175e+04,  4.6383463372831e-01,  2.3417497365770e+05, -8.9325529486659e+07,  1.3862607845826e+03, -5.1077195460478e+05,  1.9001079422812e+03, -8.5567863516680e+05,  4.5745283600000e-01,  2.2560500000000e-01,               200000
  4.9218384232497e-01,  1.7240448463983e+00,  2.3580213111772e+00, -7.2606322348862e+02,  6.0923398723897e+04,  5.5192118424598e-01,  1.1934433526381e+03, -8.0108568956840e+04, -1.3543151468552e+02,  4.3498195122436e+04,  1.4751238401560e+03, -2.7682434990744e+05,  4.5506283200000e-01,  9.0346500000000e-01,               200000
  4.9283494586093e-01,  1.7246959499316e+00,  2.3586724147131e+00, -4.5503026521323e+02,  4.3330024234296e+04,  4.6545689507352e-01,  2.4691405514109e+05, -8.7537417235838e+07,  1.5921981700893e+03, -5.4719903653920e+05,  1.9668891484845e+03, -8.2313019952099e+05,  4.7196284000000e-01,  2.2540000000000e-01,               200000
  4.9342235319821e-01,  1.7252833572661e+00,  2.3592598220504e+00, -9.1642420052829e+02,  3.0431904553276e+05,  1.2335295811872e+00, -1.8910951366724e+05,  3.6546193461133e+08, -1.7142255098829e+03,  2.5783149115775e+06,  5.0601178589996e+03, -4.9959768787698e+05,  4.7554638800000e-01,  4.5169500000000e-01,               200000
  4.9395229075392e-01,  1.7258132948195e+00,  2.3597897596060e+00, -4.9613614461926e+02,  4.9075172406494e+04,  4.9535427931176e-01,  2.9299446913218e+05, -1.0106701458780e+08,  1.8001201004766e+03, -5.5609233979666e+05,  2.2388566805573e+03, -8.0397415673126e+05,  4.9448691600000e-01,  2.2625000000000e-01,               200000
  4.9443037681513e-01,  1.7262913808782e+00,  2.3602678456672e+00, -3.5165579135803e+02,  9.0390846781432e+02,  6.7227541521846e-02, -9.0316183474338e+03,  1.2047932753681e+05,  8.1575453438776e+00, -1.8099419724594e+02, -1.3696139783113e-01,  1.4243186767868e+02,  4.7777899100000e-01,  0.0000000000000e+00,               200000
  4.9486168088019e-01,  1.7267226849411e+00,  2.3606991497323e+00, -6.1833002334659e+02,  5.6535808916011e+04,  5.3167569493071e-01,  2.0349458879301e+05, -5.6853054098024e+06,  1.1398015651038e+03, -7.1972209778982e+04,  2.0931323594950e+03, -4.9625258192148e+05,  4.5983776400000e-01,  6.7825000000000e-01,               200000
  4.9525077721531e-01,  1.7271117812739e+00,  2.3610882460674e+00, -6.0527740020588e+02,  6.7503827336213e+04,  5.8096397193033e-01,  2.2413069476356e+05,  1.1919297029805e+07,  1.3865492454210e+03,  9.2002347935613e+04,  2.5048905903753e+03, -2.5286566899319e+05,  4.6258846800000e-01,  6.7756000000000e-01,               200000
  4.9560179318958e-01,  1.7274627972458e+00,  2.3614392620416e+00, -5.7432253651244e+02,  5.4831164728141e+04,  5.2359891485822e-01,  2.6006151501732e+05, -4.4825089251079e+07,  1.5458753512964e+03, -2.1112276678956e+05,  2.3060543497237e+03, -5.1795742686589e+05,  4.6813987600000e-01,  4.5098500000000e-01,               200000
  4.9591845289720e-01,  1.7277794569509e+00,  2.3617559217492e+00, -4.3087288827016e+02,  3.8727678058037e+04,  4.4004362316728e-01,  2.2603500625747e+05, -7.5568354550992e+07,  1.1396086783546e+03, -3.8578931172680e+05,  1.7997820323957e+03, -7.1019840808097e+05,  4.7162936200000e-01,  2.2587000000000e-01,               200000
  4.9620411652568e-01,  1.7280651205769e+00,  2.3620415853777e+00, -1.3579213572145e+03,  3.0485579943812e+06,  3.9042015793125e+00,  1.8867824171836e+05, -3.9263078542490e+08, -3.0439594248566e+02,  5.8307192420368e+05,  5.7557636450569e+04, -1.1602991272244e+08,  4.5325303600000e-01,  0.0000000000000e+00,               200000
  4.9646181588466e-01,  1.7283228199337e+00,  2.3622992847367e+00, -5.2939018178451e+02,  4.0890255060975e+04,  4.5216288581094e-01,  2.1568648784897e+05, -5.3912875882391e+07,  1.3039875258963e+03, -3.3576519177921e+05,  1.7553341241437e+03, -5.4475505498525e+05,  4.6834885800000e-01,  4.5087500000000e-01,               200000
  4.9669428646915e-01,  1.7285552905159e+00,  2.3625317553212e+00, -6.8450055366682e+02,  7.4294002930396e+04,  6.0948339981658e-01,  2.6555914625712e+05,  1.1308266670279e+07,  1.4183830079186e+03,  1.2300195403123e+05,  2.7517046158864e+03, -3.3863291627057e+05,  4.5931204500000e-01,  6.7817500000000e-01,               200000
  4.9690399639514e-01,  1.7287650004395e+00,  2.3627414652472e+00, -5.1415624307258e+02,  6.4211462627172e+04,  5.6661919587662e-01,  3.0242575081886e+05, -4.3878493353595e+07,  1.7959206597736e+03, -2.4437738770938e+05,  2.7376572817304e+03, -6.5819962349615e+05,  4.8853288600000e-01,  4.5205000000000e-01,               200000
  4.9709317251219e-01,  1.7289541765540e+00,  2.3629306413642e+00, -5.2256181049043e+02,  5.9563532133932e+04,  5.4572672709852e-01,  3.0288746573576e+05, -4.3976343713229e+07,  1.9196707956020e+03, -2.5699803611410e+05,  2.6028212862422e+03, -6.0379167224214e+05,  4.5705484100000e-01,  4.5114500000000e-01,               200000
  4.9726382396812e-01,  1.7291248280072e+00,  2.3631012928202e+00, -5.6407925479771e+02,  6.6718260099553e+04,  5.7757363210050e-01,  3.3954854885615e+05, -5.2224816825820e+07,  2.0635259383340e+03, -2.3282365155440e+05,  2.8926031380415e+03, -6.7434749166378e+05,  4.5531284700000e-01,  4.5172500000000e-01,               200000
  4.9741776347429e-01,  1.7292787675105e+00,  2.3632552323263e+00, -5.9805697503081e+02,  5.7151838921204e+04,  5.3456449059587e-01,  2.6599176443119e+05, -4.8106675575199e+07,  1.4866782813822e+03, -2.2002641987167e+05,  2.3609464513146e+03, -5.4660051346902e+05,  4.6230926300000e-01,  4.5180500000000e-01,               200000
  4.9755662649555e-01,  1.7294176305287e+00,  2.3633940953476e+00, -5.4480432184423e+02,  6.3267880109658e+04,  5.6244057512620e-01,  3.0386435412142e+05, -6.2350304762712e+07,  1.7145341938330e+03, -3.1288315477534e+05,  2.6607048872644e+03, -8.3837437523711e+05,  4.5458034500000e-01,  4.5299000000000e-01,               200000
  4.9768188856711e-01,  1.7295428925973e+00,  2.3635193574192e+00, -3.5413838243109e+02,  2.1204933694213e+03,  1.0296828078154e-01, -2.0772148280847e+04,  1.0895361683542e+06,  5.2181516795201e-01, -2.6632594686610e+01,  2.1448035867732e+00, -8.0872946722332e+01,  4.5797723300000e-01,  0.0000000000000e+00,               200000
  4.9779488092121e-01,  1.7296558849486e+00,  2.3636323497733e+00, -5.6037825088310e+02,  6.9447016969600e+04,  5.8926656518761e-01,  3.1610742575789e+05, -6.8000815901959e+07,  1.6337371718503e+03, -3.0015723574366e+05,  2.8692093823654e+03, -8.5859834343748e+05,  4.7643445800000e-01,  4.5280500000000e-01,               200000
  4.9789680458807e-01,  1.7297578086126e+00,  2.3637342734402e+00, -5.3816215321800e+02,  6.3926782418012e+04,  5.6536175329612e-01,  3.2079445905639e+05, -5.0376222131431e+07,  1.9002093241389e+03, -2.6117292348409e+05,  2.7581859149139e+03, -7.1239701613922e+05,  4.6100173600000e-01,  4.5021500000000e-01,               200000
  4.9798874312033e-01,  1.7298497471419e+00,  2.3638262119725e+00, -4.6405256902955e+02,  4.1679668932504e+04,  4.5650667537564e-01,  2.1759663684028e+05, -7.9673883269395e+07,  1.3177434326217e+03, -4.5011120400489e+05,  1.8418436289538e+03, -7.6600956337543e+05,  4.5326894500000e-01,  2.2574000000000e-01,               200000
  4.9807167407485e-01,  1.7299326780935e+00,  2.3639091429270e+00, -6.9740039652953e+02,  5.7717775583303e+04,  5.3720468903065e-01,  1.0670280485181e+03, -4.9494857652156e+04, -5.1057823964507e+01,  4.9762718376930e+04,  1.4224498180269e+03, -2.7546594224859e+05,  4.5393724500000e-01,  9.0431000000000e-01,               200000
  4.9814647937338e-01,  1.7300074833893e+00,  2.3639839482256e+00, -4.7895957523483e+02,  3.9118460929016e+04,  4.4225818776488e-01,  2.5656004032652e+05, -7.5800901527217e+07,  1.6199705014164e+03, -4.5577165343190e+05,  1.9137099677468e+03, -6.5162581051174e+05,  4.6571946200000e-01,  2.2561500000000e-01,               200000
  4.9821395465137e-01,  1.7300749586646e+00,  2.3640514235036e+00, -4.5061142594352e+02,  3.7890198683020e+04,  4.3525968503309e-01,  1.9114421077093e+05, -7.8854210067337e+07,  1.2692274962674e+03, -4.2385309797433e+05,  1.6679373020694e+03, -6.9964105614580e+05,  4.7731877900000e-01,  2.2560500000000e-01,               200000
  4.9827481769360e-01,  1.7301358217041e+00,  2.3641122865458e+00, -4.3899164885689e+02,  4.1368293809329e+04,  4.5479827291520e-01,  2.3647281432690e+05, -7.9238503002456e+07,  1.4925548803715e+03, -4.8242144542293e+05,  1.9142928681522e+03, -7.3690863941704e+05,  4.5219634200000e-01,  2.2650000000000e-01,               200000
  4.9832971604586e-01,  1.7301907200536e+00,  2.3641671848981e+00, -5.5638815100999e+02,  5.6094977906893e+04,  5.2959880054100e-01,  3.2018046925224e+05, -5.2424160473972e+07,  1.5014989908580e+03, -2.9057996370724e+05,  2.5376537047832e+03, -6.6732944446903e+05,  4.6493886000000e-01,  4.5375000000000e-01,               200000
  4.9837923388298e-01,  1.7302402378879e+00,  2.3642167027352e+00, -7.1172751863613e+02,  4.0030845507407e+04,  4.4738599389904e-01, -8.3700031471831e+04, -4.2218883429872e+07, -4.3942687359111e+02, -1.5666231386414e+05,  7.1238748646586e+02, -2.3997422982110e+05,  4.5754135200000e-01,  6.7735000000000e-01,               200000
  4.9842389820590e-01,  1.7302849022084e+00,  2.3642613670582e+00, -5.7841914644005e+02,  5.5342369498834e+04,  5.2603407446112e-01,  3.2686831025230e+05, -6.2323173532336e+07,  1.5940953131803e+03, -2.8687409422673e+05,  2.5039714128212e+03, -7.1725855082608e+05,  4.6821556700000e-01,  4.5153000000000e-01,               200000
  4.9846418443317e-01,  1.7303251884331e+00,  2.3643016532855e+00, -7.2842885159931e+02,  4.4451313166198e+04,  4.7144094628171e-01,  9.0103504023611e+02, -1.9807157460695e+04, -7.9281595324672e+01,  5.8568282088747e+04,  1.0951503644294e+03, -1.6742163187919e+05,  4.7501987700000e-01,  9.0335000000000e-01,               200000
  4.9850052144606e-01,  1.7303615254437e+00,  2.3643379902984e+00, -5.2709447606794e+02,  5.0292136350529e+04,  5.0145855437179e-01,  2.3991771329003e+05, -4.5414351477584e+07,  6.0575394313403e+02, -1.5944420782072e+05,  2.1594248647320e+03, -6.5902608959417e+05,  4.5160274300000e-01,  4.5213500000000e-01,               200000
  4.9853329614064e-01,  1.7303943001361e+00,  2.3643707649930e+00, -6.1913675397116e+02,  6.4662832394251e+04,  5.6860721238062e-01,  2.2825573883355e+05, -1.1129741799074e+06,  1.2263478961773e+03,  4.4577715375746e+04,  2.4178982431482e+03, -3.8765758455103e+05,  4.6323655900000e-01,  6.7690500000000e-01,               200000
  4.9856285753491e-01,  1.7304238615281e+00,  2.3644003263873e+00, -6.0855338033023e+02,  6.1582598819199e+04,  5.5489908460547e-01,  2.2400777238839e+05,  7.4329878457909e+06,  1.3832169335105e+03,  8.0160226537721e+04,  2.3364742552634e+03, -3.0279707469723e+05,  4.6816206600000e-01,  6.7731000000000e-01,               200000
  4.9858952047454e-01,  1.7304505244654e+00,  2.3644269893269e+00, -3.8873841089667e+02,  4.1853344443230e+03,  1.4466054134288e-01, -4.9302392330360e+03, -3.3717789867081e+05,  1.5684985712544e+00,  4.3211721116107e+02,  1.0723793632620e+02, -2.9345303285471e+03,  4.5169193800000e-01,  0.0000000000000e+00,               200000
  4.9861356897622e-01,  1.7304745729649e+00,  2.3644510378286e+00, -5.0687139829370e+02,  5.9855619079215e+04,  5.4706315485150e-01,  2.8820780113492e+05, -4.3032594281498e+07,  1.7841731322426e+03, -2.3720103970569e+05,  2.5619102000457e+03, -6.5190595122090e+05,  4.5353444100000e-01,  4.5139500000000e-01,               200000
  4.9863525924429e-01,  1.7304962632306e+00,  2.3644727280967e+00, -4.2398623205979e+02,  1.6694492413589e+04,  2.8891601213492e-01, -1.8851556389097e+04, -6.4296555845737e+03, -2.3472891043206e-01, -2.7222441663933e+01,  3.7153998407884e+02, -5.1880548668549e+04,  4.7017166400000e-01,  0.0000000000000e+00,               200000
  4.9865482239236e-01,  1.7305158263765e+00,  2.3644922912448e+00, -3.7374769448731e+02,  3.4970448917554e+02,  4.1815337447851e-02, -3.5656857235438e+03,  3.9903194450802e+04,  3.6642781791124e-01, -4.3236377628532e+00, -4.5122715932114e-01,  1.4076957788826e+01,  7.0581549600000e-01,  0.0000000000000e+00,               200000
  4.9867246689874e-01,  1.7305334708810e+00,  2.3645099357512e+00, -4.9216424716570e+02,  3.3800744829715e+04,  4.1110062533226e-01,  2.1117004289021e+05, -8.1011135541648e+07,  1.1558609528851e+03, -3.8901415931078e+05,  1.5818706821807e+03, -6.7971743302581e+05,  5.9094163300000e-01,  2.2583000000000e-01,               200000
  4.9868838082189e-01,  1.7305493848022e+00,  2.3645258496744e+00, -4.3259801829707e+02,  3.4376858905864e+04,  4.1458930826702e-01,  2.1306624778312e+05, -6.8408909755739e+07,  1.3560719341869e+03, -4.0565727766051e+05,  1.6359098326244e+03, -6.2344370253130e+05,  4.9666280600000e-01,  2.2566000000000e-01,               200000
  4.9870273379908e-01,  1.7305637377773e+00,  2.3645402026516e+00, -5.2747752487467e+02,  5.1901026413089e+04,  5.0941646230314e-01,  2.8292409414572e+05, -5.0957139389485e+07,  1.3873754046988e+03, -2.1145850177491e+05,  2.2996302256310e+03, -6.1439389187307e+05,  5.0840302200000e-01,  4.5179500000000e-01,               200000
  4.9871567884959e-01,  1.7305766828256e+00,  2.3645531477021e+00, -4.4353308553100e+02,  4.1945413080676e+04,  4.5795967661289e-01,  2.3428331918809e+05, -8.4584937637092e+07,  1.4291851045079e+03, -4.9152149201193e+05,  1.9165796431254e+03, -8.1992613627778e+05,  5.3507156000000e-01,  2.2586500000000e-01,               200000
  4.9872735400161e-01,  1.7305883579753e+00,  2.3645648228542e+00, -5.6825966138601e+02,  6.0711256299462e+04,  5.5095941910209e-01,  2.6709118482644e+05, -4.5892720442020e+07,  1.8229125082795e+03, -2.7908299091873e+05,  2.4986244330169e+03, -6.0459813494977e+05,  5.3670866200000e-01,  4.5179000000000e-01,               200000
  4.9873788375984e-01,  1.7305988877311e+00,  2.3645753526124e+00, -5.1152141210981e+02,  6.4371803008723e+04,  5.6732619809384e-01,  2.9818181040599e+05, -4.5101086570225e+07,  1.9869490841181e+03, -2.9579943567770e+05,  2.7158839877343e+03, -6.6923200081883e+05,  5.2752304900000e-01,  4.5095500000000e-01,               200000
  4.9874738042965e-01,  1.7306083843982e+00,  2.3645848492823e+00, -6.2596416572957e+02,  6.6405431577979e+04,  5.7621797775659e-01,  2.3301024297550e+05, -1.5355245761042e+06,  1.2329600702910e+03,  3.9958308818027e+04,  2.4845064460693e+03, -4.1466976199516e+05,  5.4001946200000e-01,  6.7656000000000e-01,               200000
  4.9875594531159e-01,  1.7306169492774e+00,  2.3645934141642e+00, -5.3892869692796e+02,  6.8087557851624e+04,  5.8347046991096e-01,  3.3409901045456e+05, -4.5290951718699e+07,  1.8438896113783e+03, -2.1612477215348e+05,  2.9382864888827e+03, -6.8047234729583e+05,  5.5926818800000e-01,  4.5333500000000e-01,               200000
  4.9876366977909e-01,  1.7306246737420e+00,  2.3646011386317e+00, -5.3500190448556e+02,  5.8104193212554e+04,  5.3899996851834e-01,  2.9855537797894e+05, -5.1899572703647e+07,  1.7271868820069e+03, -2.7125602849337e+05,  2.5215445929740e+03, -6.9436884475527e+05,  7.1032200000000e-01,  4.5181000000000e-01,               200000
  4.9877063625059e-01,  1.7306316402105e+00,  2.3646081051033e+00, -5.2910621314282e+02,  6.4751151005225e+04,  5.6899539104120e-01,  3.0998485601714e+05, -5.2188195331508e+07,  1.7796084816622e+03, -2.1310764551303e+05,  2.7577250348780e+03, -7.9499865382577e+05,  8.7899123700000e-01,  4.5245000000000e-01,               200000
  4.9877691906669e-01,  1.7306379230234e+00,  2.3646143879194e+00, -4.7790158036632e+02,  5.6120122274134e+04,  5.2971748259867e-01,  1.8989941427534e+05, -8.4473710878556e+07,  1.3359655255111e+03, -5.5661278807029e+05,  2.1204573705837e+03, -1.0025112651486e+06,  1.1810726470000e+00,  2.2697500000000e-01,               200000
  4.9878258528129e-01,  1.7306435892349e+00,  2.3646200541340e+00, -4.1761260706050e+02,  3.8574695986115e+04,  4.3917363300929e-01,  2.0923496644043e+05, -7.3592742158151e+07,  1.3219081390881e+03, -4.4749224010507e+05,  1.7481211695211e+03, -7.1938216762683e+05,  5.6570158900000e-01,  2.2572000000000e-01,               200000
  4.9878769537539e-01,  1.7306486993259e+00,  2.3646251642282e+00, -5.3342248908410e+02,  4.6915645272246e+04,  4.8433276407985e-01,  2.8873636419849e+05, -3.9581416750827e+07,  1.6786922664231e+03, -2.1435273306707e+05,  2.1965655851555e+03, -4.7910055398250e+05,  1.1517792390000e+00,  4.5139000000000e-01,               200000
  4.9879230390099e-01,  1.7306533078483e+00,  2.3646297727538e+00, -5.4788697584213e+02,  6.4643218642384e+04,  5.6852096989638e-01,  3.3213569150801e+05, -5.0804803245745e+07,  1.8341357121185e+03, -2.2061074306560e+05,  2.8140669722062e+03, -6.9938355814022e+05,  7.3579109700000e-01,  4.5222500000000e-01,               200000
  4.9879646006197e-01,  1.7306574640059e+00,  2.3646339289148e+00, -4.5841132260727e+02,  4.1242083260794e+04,  4.5410397080841e-01,  2.1430201077899e+05, -8.3081343514355e+07,  1.4887096816507e+03, -4.9026392136914e+05,  1.8301922171847e+03, -7.1337443775874e+05,  6.3125036900000e-01,  2.2608500000000e-01,               200000
  4.9880020823804e-01,  1.7306612121787e+00,  2.3646376770909e+00, -3.8703512344969e+02,  1.0458867202590e+03,  7.2314822832493e-02, -1.0888660529012e+04,  3.4551160731264e+05, -4.2723358283382e-01,  3.8234051339644e+01, -1.8249937004104e+00,  2.0982095820997e+02,  4.8104108600000e-01,  0.0000000000000e+00,               200000
  4.9880358845748e-01,  1.7306645923951e+00,  2.3646410573104e+00, -4.4927818393130e+02,  3.5369916110470e+04,  4.2053487435925e-01,  1.8648746027424e+05, -7.2148463635483e+07,  1.3910608809117e+03, -4.3901486997117e+05,  1.5850756984745e+03, -5.8059924188020e+05,  5.1994227300000e-01,  2.2517500000000e-01,               200000
  4.9880663682350e-01,  1.7306676407582e+00,  2.3646441056764e+00, -7.1493698394685e+02,  5.4676859048311e+04,  5.2286164062929e-01,  9.3129418826266e+02, -6.8002295761038e+04, -9.6630571981226e+01,  3.5671493195500e+04,  1.3411624543790e+03, -2.7079159931193e+05,  4.8874569000000e-01,  9.0384500000000e-01,               200000
  4.9880938589893e-01,  1.7306703898309e+00,  2.3646468547519e+00, -5.6336843946221e+02,  5.8575442318116e+04,  5.4118131119855e-01, -6.3877576447846e+04,  1.8958728244152e+07, -4.9403568947635e-02,  4.3144547270599e+00,  1.1525254109540e+03, -3.1164819015078e+05,  6.2083344900000e-01,  0.0000000000000e+00,               200000
  4.9881186505316e-01,  1.7306728689827e+00,  2.3646493339061e+00, -4.5078086765152e+02,  3.9017367318385e+04,  4.4168635545138e-01,  2.3261468909115e+05, -7.7797964155026e+07,  1.3934034611768e+03, -4.2959753873657e+05,  1.8252279599554e+03, -6.9289882539228e+05,  9.8737329200000e-01,  2.2576500000000e-01,               200000
  4.9881410077514e-01,  1.7306751047022e+00,  2.3646515696281e+00, -4.5028520782784e+02,  4.0918346747640e+04,  4.5231817754563e-01,  2.4402299726967e+05, -8.1835179065342e+07,  1.5352463319269e+03, -4.6772572488511e+05,  1.9281343673091e+03, -7.6642347200864e+05,  7.6560405200000e-01,  2.2616500000000e-01,               200000
  4.9881611695573e-01,  1.7306771208802e+00,  2.3646535858088e+00, -3.5183963373725e+02,  1.5158768655114e+03,  8.7059659587876e-02, -1.1029389655306e+04, -1.9735384654026e+04,  2.5959465866948e-02, -5.1417150942373e-01,  1.4770289951236e+01,  1.4069915193040e+01,  8.4730796100000e-01,  0.0000000000000e+00,               200000
  4.9881793514237e-01,  1.7306789390645e+00,  2.3646554039954e+00, -6.5320860264900e+02,  5.6753949466963e+04,  5.3270042926096e-01,  2.3348987350798e+05, -1.0659220014138e+07,  6.9200787878694e+02, -4.6573789477621e+03,  2.2084994119142e+03, -3.8294113421662e+05,  7.9483468200000e-01,  6.7907000000000e-01,               200000
  4.9881957476881e-01,  1.7306805786887e+00,  2.3646570436219e+00, -5.1239165915500e+02,  6.1565437006518e+04,  5.5482175969638e-01,  5.1626435954868e+04, -2.0168479892769e+07, -4.5375621357834e+01,  7.4996491879208e+03,  3.2158471503921e+04, -8.9290088403667e+06,  6.9574863500000e-01,  0.0000000000000e+00,               200000
  4.9882105336233e-01,  1.7306820572802e+00,  2.3646585222154e+00, -7.4739299989432e+02,  6.3345519541872e+04,  5.6278556991927e-01,  1.1721389666996e+03, -1.7103197936099e+05, -2.3719194687446e+01,  2.2340456850151e+04,  1.5424518635239e+03, -3.9430632263812e+05,  4.9703512600000e-01,  9.0443000000000e-01,               200000
  4.9882238673068e-01,  1.7306833906467e+00,  2.3646598555838e+00, -8.6430325074911e+02,  5.0472520463450e+05,  1.5885924660442e+00, -8.7854282877999e+04,  3.4107898983277e+08, -6.8731969508441e+02,  2.2077158163586e+06,  9.6335959167827e+03, -5.1838894243894e+06,  4.8564191500000e-01,  2.2654000000000e-01,               200000
  4.9882358913064e-01,  1.7306845930449e+00,  2.3646610579838e+00, -5.0502793195204e+02,  5.1119813701367e+04,  5.0556806515724e-01,  2.6105609328938e+05, -4.2196617117983e+07,  1.5733976776211e+03, -2.4585649023311e+05,  2.2304312396245e+03, -5.7764780330780e+05,  4.9900712800000e-01,  4.5200500000000e-01,               200000
  4.9882467342015e-01,  1.7306856773324e+00,  2.3646621422733e+00, -4.3593957858865e+02,  4.0341392982709e+04,  4.4911798551555e-01,  2.3137660470364e+05, -8.0449760775683e+07,  1.3407946809272e+03, -4.5309874402592e+05,  1.8605212748846e+03, -7.9637209988693e+05,  5.0166493100000e-01,  2.2612500000000e-01,               200000
  4.9882565119544e-01,  1.7306866551056e+00,  2.3646631200486e+00, -6.0793483161253e+02,  7.2679959920314e+04,  6.0282650870841e-01,  2.2509321877013e+05,  2.3344640212367e+06,  1.3958812182130e+03, -1.0880263662900e+04,  2.6289407826044e+03, -4.7761807813722e+05,  5.0578904800000e-01,  6.7818000000000e-01,               200000
  4.9882653291482e-01,  1.7306875368228e+00,  2.3646640017680e+00, -4.1260762671772e+02,  2.2241870794381e+04,  3.3348066506457e-01,  1.4654490042528e+05, -4.9117921735657e+07,  8.6288230817291e+02, -2.7721192240346e+05,  1.0845312495655e+03, -4.1596521916995e+05,  5.0438185100000e-01,  2.2564000000000e-01,               200000
  4.9882732801025e-01,  1.7306883319160e+00,  2.3646647968635e+00, -6.9293585240969e+02,  5.1463281645128e+04,  5.0726364764848e-01,  1.0690660270691e+03, -1.0425928818745e+05,  1.6620556256716e+01,  2.7916114749855e+02,  1.2680560636271e+03, -2.7338187786839e+05,  4.9566124000000e-01,  9.0334000000000e-01,               200000
  4.9882804498800e-01,  1.7306890488917e+00,  2.3646655138412e+00, -5.8196943441606e+02,  7.3586946576871e+04,  6.0657623831168e-01,  3.6035459386776e+05, -6.2575351148607e+07,  2.0496766716552e+03, -2.7822053762506e+05,  3.1174413453844e+03, -8.4408139654292e+05,  7.8493861200000e-01,  4.5233500000000e-01,               200000
  4.9882869151948e-01,  1.7306896954209e+00,  2.3646661603727e+00, -4.2471316755050e+02,  2.9655950117607e+04,  3.8507109809493e-01,  2.0165447150251e+05, -5.9013464586533e+07,  1.2479347011074e+03, -3.6197756981272e+05,  1.4734204051092e+03, -5.2414938761613e+05,  7.2365881500000e-01,  2.2563500000000e-01,               200000
  4.9882898302130e-01,  1.7306899869215e+00,  2.3646664518746e+00, -4.4071670413735e+02,  3.3130483494958e+04,  4.0700419835032e-01,  1.9788352724946e+05, -7.1656412509199e+07,  8.9422030471553e+02, -2.8117255655157e+05,  1.5631916271960e+03, -6.1495103106556e+05,  8.9501921600000e-01,  2.2664500000000e-01,               200000
  4.9882924587885e-01,  1.7306902497779e+00,  2.3646667147321e+00, -5.5551096040279e+02,  8.0278821722836e+04,  6.3355671302116e-01,  3.5234907684224e+05, -6.3235475277776e+07,  2.0436009074423e+03, -3.3439092534392e+05,  3.2926172094811e+03, -9.1472316657169e+05,  7.2605479200000e-01,  4.5234000000000e-01,               200000
  4.9882948290555e-01,  1.7306904868033e+00,  2.3646669517588e+00, -3.4214504471416e+02,  3.6926915571254e+02,  4.2969125876177e-02, -3.1643028660346e+03,  4.4703354802552e+04, -1.2545666571164e+00,  7.2810861262484e+01,  2.1148864394036e+00, -5.9080846435186e+01,  6.1147436900000e-01,  0.0000000000000e+00,               200000
  4.9882969663861e-01,  1.7306907005352e+00,  2.3646671654919e+00, -5.8112538052611e+02,  6.7094584947910e+04,  5.7920024580412e-01,  3.4028976350046e+05, -6.1659031405571e+07,  1.9076780661421e+03, -2.8953110641178e+05,  2.8896481716905e+03, -7.7265034857394e+05,  7.8064740600000e-01,  4.5183000000000e-01,               200000
  4.9882988936617e-01,  1.7306908932615e+00,  2.3646673582195e+00, -3.6943472466832e+02,  1.8387913372713e+03,  9.5885122341041e-02,  2.2106412288057e+03, -3.1038731868961e+05, -3.3518326876790e-02,  4.0938253123619e+00,  5.8187730424938e+01, -2.4886725322877e+03,  8.5032893100000e-01,  0.0000000000000e+00,               200000
  4.9883006315169e-01,  1.7306910670458e+00,  2.3646675320050e+00, -4.4357150713655e+02,  3.6128165700631e+04,  4.2501862136047e-01,  2.1895909161198e+05, -7.7348778215861e+07,  1.3050728001872e+03, -3.9278587289639e+05,  1.6927969943055e+03, -7.2395980144654e+05,  6.3808830000000e-01,  2.2616000000000e-01,               200000
  4.9883021985604e-01,  1.7306912237490e+00,  2.3646676887094e+00, -4.2388235856860e+02,  3.8801794696164e+04,  4.4046449741247e-01,  2.1676192421055e+05, -7.5126266315289e+07,  1.3352114360455e+03, -4.3866074876458e+05,  1.7793077490364e+03, -7.5440898229875e+05,  4.8804489600000e-01,  2.2623500000000e-01,               200000
  4.9883036115735e-01,  1.7306913650490e+00,  2.3646678300107e+00, -6.2935789026256e+02,  7.3768269537708e+04,  6.0732309991350e-01,  2.4239589668931e+05,  9.0298218267118e+06,  1.4289607733393e+03,  1.1879709540256e+05,  2.7241579273662e+03, -3.9160070667998e+05,  5.0069421500000e-01,  6.7894500000000e-01,               200000
  4.9883048856897e-01,  1.7306914924593e+00,  2.3646679574223e+00, -6.3895149566643e+02,  5.3491482907128e+04,  5.1716285107850e-01,  2.0696215566345e+05, -2.1980309241042e+07,  8.6899597363501e+02, -7.2049706042063e+04,  2.0319233575779e+03, -4.0054794959400e+05,  5.0997012800000e-01,  6.7738000000000e-01,               200000
  4.9883060345564e-01,  1.7306916073447e+00,  2.3646680723090e+00, -5.3676918065706e+02,  5.7497388411641e+04,  5.3617808800640e-01,  3.0906808451629e+05, -4.8719125150684e+07,  1.8308218152616e+03, -3.0098027158241e+05,  2.5250262330260e+03, -5.8537195699752e+05,  5.3206235900000e-01,  4.5177000000000e-01,               200000
  4.9883070704806e-01,  1.7306917109357e+00,  2.3646681759015e+00, -4.4360380639664e+02,  1.6435795427748e+04,  2.8666875856769e-01, -3.5338920611546e+04,  2.8309791928976e+06, -1.2262960471626e+01,  2.5974921476894e+03,  3.4579277001560e+02, -5.1697134386540e+04,  4.9901730200000e-01,  0.0000000000000e+00,               200000
  4.9883080045606e-01,  1.7306918043425e+00,  2.3646682693095e+00, -6.3089491280263e+02,  6.6152228655345e+04,  5.7511837327347e-01,  2.3638136051487e+05, -8.9527570968235e+05,  1.2362448918901e+03, -2.9898148428970e+04,  2.4869470909943e+03, -4.3924959669554e+05,  5.1767402800000e-01,  6.7748500000000e-01,               200000
  4.9883088468047e-01,  1.7306918885656e+00,  2.3646683535339e+00, -6.5497785790399e+02,  6.7303573228703e+04,  5.8010159984568e-01,  2.5621961114849e+05,  8.6226625081524e+06,  1.2281743346632e+03,  1.3408024416601e+05,  2.5746961410745e+03, -3.4806218493850e+05,  5.2254883500000e-01,  6.7856500000000e-01,               200000
  4.9883096062379e-01,  1.7306919645076e+00,  2.3646684294772e+00, -7.3499256549626e+02,  6.3714925140218e+04,  5.6442415407306e-01,  1.0705630804346e+03, -1.3018787573834e+05, -6.2595518454268e+01,  4.4544837012984e+04,  1.5564822489712e+03, -2.7702530687886e+05,  5.5706318300000e-01,  9.0688500000000e-01,               200000
  4.9883102909989e-01,  1.7306920329824e+00,  2.3646684979533e+00, -6.2269312284116e+02,  6.8946118301859e+04,  5.8713762569716e-01,  2.3541936443561e+05,  5.7378362489079e+06,  1.2936014912776e+03,  4.3273928657927e+04,  2.5844343113315e+03, -3.4944050429052e+05,  5.2642394000000e-01,  6.7751000000000e-01,               200000
  4.9883109084269e-01,  1.7306920947240e+00,  2.3646685596962e+00, -6.0958438245092e+02,  7.8293870443410e+04,  6.2567511714711e-01,  2.2791196580683e+05,  5.7358968016563e+06,  1.6020384193552e+03,  7.5390153876371e+03,  2.8211064507434e+03, -4.1793862369412e+05,  4.7868577100000e-01,  6.7753000000000e-01,               200000
  4.9883114651400e-01,  1.7306921503939e+00,  2.3646686153675e+00, -6.1508154248507e+02,  6.2799096470578e+04,  5.6035299798689e-01,  2.2981585881982e+05,  1.1914818920989e+07,  1.4197345800645e+03,  1.6315758609732e+05,  2.4102584349053e+03, -2.6417974824226e+05,  4.9112828700000e-01,  6.7773000000000e-01,               200000
  4.9883119671060e-01,  1.7306922005891e+00,  2.3646686655641e+00, -3.5574800575094e+02,  3.1292396917936e+02,  3.9555275828855e-02, -5.5864578963170e+02, -3.0937079282091e+04,  1.8632388943601e-01, -2.8506559454329e+00,  9.9628255955109e+00, -6.7355512913759e+01,  5.0969241200000e-01,  0.0000000000000e+00,               200000
  4.9883124197067e-01,  1.7306922458478e+00,  2.3646687108242e+00, -5.2355125293967e+02,  5.5769363683589e+04,  5.2805948378752e-01,  2.8357648096342e+05, -5.5375116623687e+07,  1.5396043144922e+03, -2.6122314712372e+05,  2.4153254513589e+03, -7.0646089594924e+05,  4.9555319200000e-01,  4.5146500000000e-01,               200000
  4.9883128277946e-01,  1.7306922866553e+00,  2.3646687516330e+00, -5.5898473641884e+02,  5.7023471708252e+04,  5.3396381763305e-01,  3.0640585427825e+05, -6.1292734285561e+07,  1.4542941716945e+03, -2.4827076407749e+05,  2.5039017534225e+03, -7.1682621914971e+05,  5.0572340600000e-01,  4.5225500000000e-01,               200000
  4.9883131957459e-01,  1.7306923234490e+00,  2.3646687884281e+00, -5.5892249961575e+02,  7.0604086726486e+04,  5.9415522688303e-01,  3.4737286092462e+05, -6.0300096072908e+07,  2.0353903424651e+03, -3.8248413914509e+05,  2.9798196668689e+03, -8.2986577075611e+05,  4.9042658500000e-01,  4.5104500000000e-01,               200000
  4.9883135275065e-01,  1.7306923566235e+00,  2.3646688216042e+00, -7.7064342673006e+02,  1.7615558230592e+05,  9.3849768861175e-01, -1.8640819345378e+05,  1.8944358018872e+08, -7.2757982999305e+02,  1.0969934027719e+06,  3.1348372604738e+03,  1.7892840949005e+05,  5.0726500600000e-01,  4.5262000000000e-01,               200000
  4.9883138266346e-01,  1.7306923865350e+00,  2.3646688515170e+00, -4.4215279820337e+02,  4.2576483583829e+04,  4.6139182688811e-01,  2.3498502305771e+05, -8.2599024450976e+07,  1.4021500084689e+03, -4.5959418423218e+05,  1.9396301591247e+03, -7.8694989409216e+05,  4.9514158900000e-01,  2.2620500000000e-01,               200000
  4.9883140963386e-01,  1.7306924135040e+00,  2.3646688784874e+00, -4.9267812744346e+02,  3.4114050285561e+04,  4.1300151504299e-01,  1.9716690508095e+05, -7.6445395110546e+07,  1.0852317713611e+03, -3.5325366960984e+05,  1.5748788807186e+03, -6.0293637093877e+05,  4.9360458700000e-01,  2.2574500000000e-01,               200000
  4.9883143395117e-01,  1.7306924378199e+00,  2.3646689028048e+00, -3.6049742858609e+02,  8.2986765199721e+02,  6.4415357330267e-02, -7.5912053049300e+03,  7.1125415934726e+04, -1.0055848126624e+00, -5.9925415471969e+00,  2.9199202566058e+00,  3.6904042212497e+01,  5.0677760500000e-01,  0.0000000000000e+00,               200000
  4.9883145587629e-01,  1.7306924597438e+00,  2.3646689247299e+00, -4.8830643063032e+02,  2.8849405451219e+04,  3.7979866673817e-01,  1.8980581373724e+05, -6.8758899152444e+07,  1.0123194115464e+03, -3.4928447120796e+05,  1.3904564107416e+03, -5.7387351390284e+05,  5.0333550000000e-01,  2.2596000000000e-01,               200000
  4.9883147564443e-01,  1.7306924795107e+00,  2.3646689444980e+00, -3.6749373538788e+02,  8.6369357292157e+02,  6.5715050518187e-02, -9.7511108752836e+03,  2.8242935291614e+05, -2.7153966671930e-01,  5.6564358301692e+00, -4.3278833237279e+00,  1.5879666540948e+02,  4.9048118100000e-01,  0.0000000000000e+00,               200000
  4.9883149346773e-01,  1.7306924973329e+00,  2.3646689623214e+00, -4.0771847638620e+03,  4.0691648527239e+07,  1.4263878947755e+01, -2.6181586975993e+06,  1.9342879548979e+10,  6.3520613170544e+05, -4.6787811639966e+09, -2.7736448722038e+03,  2.0798849053946e+07,  4.8761183600000e-01,  0.0000000000000e+00,               200000
  4.9883150953738e-01,  1.7306925136429e+00,  2.3646689783911e+00, -3.7065448397415e+02,  2.3356345151288e+03,  1.0806559385690e-01, -2.2862959211035e+04,  1.1612291670945e+06,  4.0722327374899e-01, -3.8526033974994e+01,  3.4708560248106e+00,  2.2701768969759e+02,  5.2115647900000e-01,  0.0000000000000e+00,               200000
  4.9883152402593e-01,  1.7306925283482e+00,  2.3646689928797e+00, -5.4738881491893e+02,  6.0219451641795e+04,  5.4872329840182e-01,  3.0899248720319e+05, -5.9221731813318e+07,  1.6744481952913e+03, -2.9631420863653e+05,  2.6032145447356e+03, -7.7353620007766e+05,  5.4831891400000e-01,  4.5206000000000e-01,               200000
  4.9883153708886e-01,  1.7306925416063e+00,  2.3646690059427e+00, -5.5708525187901e+02,  7.0009260090939e+04,  5.9164710804220e-01,  3.2719004795271e+05, -5.8840888459199e+07,  1.9173184470051e+03, -2.7470627181927e+05,  2.9213871229749e+03, -7.8902895607828e+05,  5.3140259200000e-01,  4.5335500000000e-01,               200000
  4.9883154886640e-01,  1.7306925535595e+00,  2.3646690177203e+00, -7.9786478661729e+02,  1.5945214142342e+05,  8.9289456662984e-01, -1.1958465090415e+05,  1.3095569175202e+08, -1.2710922472131e+03,  9.0497109813862e+05,  2.6647303163636e+03, -1.4802636339940e+05,  4.5300388900000e-01,  4.5167000000000e-01,               200000
  4.9883155948500e-01,  1.7306925643367e+00,  2.3646690283389e+00, -5.0778238090739e+02,  5.9192757059838e+04,  5.4402553735941e-01,  2.7329409446146e+05, -4.2026867440528e+07,  1.7275268498591e+03, -2.3627353943047e+05,  2.4992347264493e+03, -6.0992770893034e+05,  4.6038435900000e-01,  4.5183000000000e-01,               200000
  4.9883156905864e-01,  1.7306925740530e+00,  2.3646690379126e+00, -4.7848819554965e+02,  3.8223838612842e+04,  4.3717181183627e-01,  2.4460953227443e+05, -8.6004336286073e+07,  1.3236380776587e+03, -4.3459410051756e+05,  1.8222902308868e+03, -7.6964973960777e+05,  5.3685145100000e-01,  2.2552500000000e-01,               200000
  4.9883157769012e-01,  1.7306925828130e+00,  2.3646690465441e+00, -4.4241326091908e+02,  2.9141323845178e+04,  3.8171536414702e-01,  1.8910892837831e+05, -6.6195082594232e+07,  1.0268117337341e+03, -3.2994604218142e+05,  1.4127855857384e+03, -5.8917410400074e+05,  5.0520307100000e-01,  2.2601000000000e-01,               200000
  4.9883158547212e-01,  1.7306925907108e+00,  2.3646690543262e+00, -4.6834491256157e+02,  1.8194579988757e+04,  3.0161714132951e-01,  1.5516303629063e+05, -4.5132525053998e+07,  8.8372499656634e+02, -2.6417092554241e+05,  9.9144515671428e+02, -3.2187284791786e+05,  5.4426085400000e-01,  2.2630000000000e-01,               200000
  4.9883159248822e-01,  1.7306925978311e+00,  2.3646690613423e+00, -4.4778169262448e+02,  4.2153959699191e+04,  4.5909672019734e-01,  2.4199645670312e+05, -8.7194982394244e+07,  1.4714607928577e+03, -5.2661471097082e+05,  1.9271136059474e+03, -8.5357521616747e+05,  5.6250858000000e-01,  2.2397500000000e-01,               200000
  4.9883159881378e-01,  1.7306926042505e+00,  2.3646690676679e+00, -5.2495792355989e+02,  6.8654024399178e+04,  5.8589258571507e-01,  3.1669114609932e+05, -4.4005147908046e+07,  1.9253780371971e+03, -2.4239982724710e+05,  2.8998733424967e+03, -7.3272391930521e+05,  5.7747252100000e-01,  4.5136500000000e-01,               200000
  4.9883160451672e-01,  1.7306926100378e+00,  2.3646690733709e+00, -3.2942284484646e+02,  4.3100507203425e+02,  4.6422250701267e-02, -3.4556495273408e+03,  6.4222574257508e+04,  4.4569915160307e-01, -9.4163358440972e+00,  4.0701309437200e+00, -9.7646994063292e+01,  5.4237586500000e-01,  0.0000000000000e+00,               200000
  4.9883160965831e-01,  1.7306926152554e+00,  2.3646690785125e+00, -6.1894168139421e+02,  9.1809847144999e+04,  6.7753172303959e-01,  4.3459289086570e+05, -6.2907530450698e+07,  1.8796414944351e+03, -1.3260854656891e+05,  3.8132639567335e+03, -7.7255463448361e+05,  4.8362997200000e-01,  4.5490000000000e-01,               200000
  4.9883161429378e-01,  1.7306926199591e+00,  2.3646690831480e+00, -6.7489400845925e+02,  6.7865114557558e+04,  5.8251658584781e-01,  2.1101317836124e+05, -1.2326336678466e+07,  1.1002662271053e+03, -4.7278834138104e+04,  2.4028901111822e+03, -5.3593535313977e+05,  5.6440120000000e-01,  6.7879500000000e-01,               200000
  4.9883161847294e-01,  1.7306926241997e+00,  2.3646690873272e+00, -6.2943787740415e+02,  6.3930321016044e+04,  5.6537740057436e-01,  2.3275966109807e+05,  1.3112885167677e+06,  4.7108196199049e+02,  6.2596737977994e+04,  2.4355585259925e+03, -3.5655232270208e+05,  5.4263026500000e-01,  6.7797000000000e-01,               200000
  4.9883162224069e-01,  1.7306926280227e+00,  2.3646690910950e+00, -4.5116629068690e+02,  3.3700738342692e+04,  4.1049201175353e-01,  2.1523930137259e+05, -7.0346824514895e+07,  1.2118513619815e+03, -3.6577078642958e+05,  1.6223942307877e+03, -6.2408222449268e+05,  4.9835063700000e-01,  2.2574000000000e-01,               200000
  4.9883162563751e-01,  1.7306926314692e+00,  2.3646690944918e+00, -5.8838297793396e+02,  6.8494002530337e+04,  5.8520937505450e-01,  7.8267073985244e+04,  3.1308164333771e+06,  5.5099258797711e+03, -5.4542226068570e+05,  9.1568199830246e+02, -1.1645081234178e+05,  5.1517666100000e-01,  2.2565000000000e-01,               200000
  4.9883162869992e-01,  1.7306926345757e+00,  2.3646690975542e+00, -5.4575707329996e+02,  4.7590033775519e+04,  4.8780136211125e-01,  2.6978225248236e+05, -6.1398860509208e+07,  1.3089022170539e+03, -2.8748764119731e+05,  2.1242735965858e+03, -6.8958815684008e+05,  5.0179384100000e-01,  4.5194000000000e-01,               200000
  4.9883163146081e-01,  1.7306926373761e+00,  2.3646691003152e+00, -5.6197761644778e+02,  5.2994903629616e+04,  5.1475675629182e-01,  3.1477549410483e+05, -5.4963663017941e+07,  1.5902427603829e+03, -2.5899147764012e+05,  2.4185566151464e+03, -6.2207603634066e+05,  5.3654719300000e-01,  4.5198500000000e-01,               200000
  4.9883163394987e-01,  1.7306926399006e+00,  2.3646691028043e+00, -4.5072625135684e+02,  3.7849157809191e+04,  4.3502389479884e-01,  2.1087338209752e+05, -7.0055655417207e+07,  1.2848274840847e+03, -4.0949999266681e+05,  1.7363909488456e+03, -6.3785701249290e+05,  4.7453270100000e-01,  2.2598500000000e-01,               200000
  4.9883163619385e-01,  1.7306926421764e+00,  2.3646691050483e+00, -3.9440191933361e+02,  2.7790204107592e+04,  3.7276134528403e-01,  1.6190187358272e+05, -5.5004636227724e+07,  1.0408440951044e+03, -3.3217634878595e+05,  1.2936063487253e+03, -5.1048679203815e+05,  4.9875822200000e-01,  2.2584000000000e-01,               200000
  4.9883163821688e-01,  1.7306926442279e+00,  2.3646691070713e+00, -5.9044402594680e+02,  5.5134640644638e+04,  5.2504590582461e-01,  1.9692607910963e+05, -1.0232396539548e+07,  9.6665220252998e+02,  4.4382463285816e+03,  2.0650104808037e+03, -4.0556456889651e+05,  4.8808000800000e-01,  6.7722500000000e-01,               200000
  4.9883164004069e-01,  1.7306926460773e+00,  2.3646691088951e+00, -6.0013260371301e+02,  5.5979679270612e+04,  5.2905424707969e-01,  1.8700770989090e+05, -2.4515947032999e+07,  7.1543236650691e+02, -6.4694226382031e+04,  2.0448694046268e+03, -4.9083514407978e+05,  5.2814435700000e-01,  6.7726500000000e-01,               200000
  4.9883164168491e-01,  1.7306926477445e+00,  2.3646691105394e+00, -4.7311069332702e+02,  3.9456795542416e+04,  4.4416661030753e-01,  2.1535224808526e+05, -8.9787296872044e+07,  1.0590044658792e+03, -3.8577553763123e+05,  1.7629732376619e+03, -8.1455235705654e+05,  5.9016313400000e-01,  2.2641500000000e-01,               200000
  4.9883164316721e-01,  1.7306926492474e+00,  2.3646691120217e+00, -5.6852041196093e+02,  5.3773674476716e+04,  5.1852518972908e-01,  5.4356623439449e+04,  1.3889521451301e+05,  2.9573595422065e+02,  2.2737940167390e+04,  1.4635413665935e+03, -2.0035496963029e+05,  5.2501266600000e-01,  2.2666000000000e-01,               200000
  4.9883164450354e-01,  1.7306926506022e+00,  2.3646691133580e+00, -4.6037500138858e+02,  4.4265072754999e+04,  4.7045229702383e-01,  2.5783914329642e+05, -8.9367485744847e+07,  1.5675814864671e+03, -5.0540329304240e+05,  2.0566214464439e+03, -8.1505421210464e+05,  5.0244338200000e-01,  2.2596500000000e-01,               200000
  4.9883164570825e-01,  1.7306926518234e+00,  2.3646691145628e+00, -4.0088438819709e+02,  4.0745353634608e+03,  1.4273288625017e-01, -3.0574823437163e+04,  1.0982455949113e+06,  6.1505627354850e+02, -3.7033022659466e+04, -8.9679488115667e+00,  1.3819095008975e+03,  5.7685038200000e-01,  0.0000000000000e+00,               200000
  4.9883164679432e-01,  1.7306926529243e+00,  2.3646691156489e+00, -5.1873738737964e+02,  5.8471981656072e+04,  5.4070316096761e-01,  2.8708916905552e+05, -5.3329307504468e+07,  1.5254828373313e+03, -2.6085824017066e+05,  2.5157171975269e+03, -6.8856297389651e+05,  5.1973930500000e-01,  4.5140500000000e-01,               200000
  4.9883164777341e-01,  1.7306926539165e+00,  2.3646691166280e+00, -5.5770059130777e+02,  7.4980377333488e+04,  6.1229232125468e-01,  3.5941017800550e+05, -4.9709207994064e+07,  2.1235170123521e+03, -2.7805228048446e+05,  3.2037204209046e+03, -7.3183419395321e+05,  5.2914261800000e-01,  4.5285500000000e-01,               200000
  4.9883164865607e-01,  1.7306926548107e+00,  2.3646691175107e+00, -4.5601079128844e+02,  4.0600336093180e+04,  4.5055707792232e-01,  2.1370537623729e+05, -3.4449213300824e+07,  1.4915351873105e+03, -2.1138774917124e+05,  1.8395100781752e+03, -4.3335767091272e+05,  5.8440076000000e-01,  4.5064000000000e-01,               200000
  4.9883164945178e-01,  1.7306926556166e+00,  2.3646691183064e+00, -5.5637736373579e+02,  6.1124716153874e+04,  5.5283232608936e-01,  3.3860487900964e+05, -4.7245764675857e+07,  1.7009746861984e+03, -2.1849543686209e+05,  2.7508555506419e+03, -6.5464401916963e+05,  5.2973411000000e-01,  4.5334500000000e-01,               200000
  4.9883165016912e-01,  1.7306926563429e+00,  2.3646691190237e+00, -4.5741044981244e+02,  4.0368510978800e+04,  4.4926891155966e-01,  2.5256365406956e+05, -8.2548402267446e+07,  1.6172817189050e+03, -4.9713283402076e+05,  1.9181145328505e+03, -7.6629066406942e+05,  4.9499446400000e-01,  2.2551000000000e-01,               200000
  4.9883165081579e-01,  1.7306926569974e+00,  2.3646691196704e+00, -7.1235537784771e+02,  5.9109100486729e+04,  5.4364096831792e-01,  8.2669345861945e+02, -8.5107232798554e+04, -2.6804972881057e+02,  3.7636817970021e+04,  1.4323003314968e+03, -3.0596557287657e+05,  4.8619445200000e-01,  9.0470500000000e-01,               200000
  4.9883165139876e-01,  1.7306926575875e+00,  2.3646691202534e+00,  1.5697345507422e+04,  8.0103176633378e+08,  6.3286324207279e+01,  2.4209539929258e+07,  7.7772996231588e+11,  1.6685032659548e+05,  5.3821960880906e+09, -6.9617120510436e+06, -2.2762722639200e+11,  5.0824188100000e-01,  4.5219500000000e-01,               200000
  4.9883165192067e-01,  1.7306926576912e+00,  2.3646691207796e+00, -4.5335722099203e+02,  5.3685437542081e+04,  5.1809959246308e-01,  2.6946312962332e+05, -1.0194304929962e+08,  1.7088078954933e+03, -6.3417663164548e+05,  2.3277151276089e+03, -1.0481315680195e+06,  4.8477834900000e-01,  2.2590500000000e-01,               200000
  4.9883165239116e-01,  1.7306926577845e+00,  2.3646691212539e+00, -6.6827244110663e+02,  7.1270766962321e+04,  5.9695379621174e-01,  2.5638168253179e+05, -1.1962388613316e+07,  1.1524813826029e+03, -3.2726517807868e+04,  2.6590035544996e+03, -5.8925918901004e+05,  4.6840688200000e-01,  6.7975000000000e-01,               200000
  4.9883165281530e-01,  1.7306926578684e+00,  2.3646691216814e+00, -4.6719363763328e+02,  3.6024103826042e+04,  4.2440607810234e-01,  2.1682766853646e+05, -7.7232747426377e+07,  1.2202409812393e+03, -3.7248661654442e+05,  1.6978552103316e+03, -6.4384957834619e+05,  4.6434797600000e-01,  2.2671000000000e-01,               200000
  4.9883165319764e-01,  1.7306926579439e+00,  2.3646691220669e+00, -5.2752733410975e+02,  6.9614912742287e+04,  5.8997844342945e-01,  3.1792023578618e+05, -4.6535391191776e+07,  2.0027412686455e+03, -2.7228058161368e+05,  2.9274548043198e+03, -7.2476919398406e+05,  4.7037868400000e-01,  4.5182500000000e-01,               200000
  4.9883165354232e-01,  1.7306926580116e+00,  2.3646691224144e+00, -5.3576456188608e+02,  5.0398647596674e+04,  5.0198928074549e-01,  2.8680420728375e+05, -5.1375764355065e+07,  1.3309244946264e+03, -2.0379043608027e+05,  2.2755864729454e+03, -6.0628642605322e+05,  5.3843276800000e-01,  4.5279500000000e-01,               200000
  4.9883165385303e-01,  1.7306926580726e+00,  2.3646691227276e+00, -5.7501397967117e+02,  7.0785183175712e+04,  5.9491673020563e-01,  3.6316734061644e+05, -5.6996018659663e+07,  2.0754222417759e+03, -3.1905470977577e+05,  3.0734483333343e+03, -7.3920252892543e+05,  6.4718144200000e-01,  4.5173500000000e-01,               200000
  4.9883165413313e-01,  1.7306926581272e+00,  2.3646691230100e+00, -4.6704762142173e+02,  3.7205936311938e+04,  4.3131158291853e-01,  2.1129276551537e+05, -7.5254376136111e+07,  1.2938067870967e+03, -4.1853400511973e+05,  1.7122069552407e+03, -6.5383258770125e+05,  5.4274575300000e-01,  2.2611000000000e-01,               200000
  4.9883165438562e-01,  1.7306926581762e+00,  2.3646691232645e+00, -5.3752455200453e+02,  5.1416655458240e+04,  5.0703380290785e-01,  2.6937631930994e+05, -5.6995049594319e+07,  1.5700996309972e+03, -2.7486844824665e+05,  2.2338572918789e+03, -6.4847606921218e+05,  6.2840798700000e-01,  4.5115000000000e-01,               200000
  4.9883165461323e-01,  1.7306926582203e+00,  2.3646691234940e+00, -4.4507160474692e+02,  3.1363276090395e+04,  3.9600048036837e-01,  1.9579640188361e+05, -6.4146762464274e+07,  1.2317343229910e+03, -3.8190282101394e+05,  1.4975565173348e+03, -5.2889856853596e+05,  5.6875099400000e-01,  2.2583000000000e-01,               200000
  4.9883165481841e-01,  1.7306926582598e+00,  2.3646691237008e+00, -5.3999253332067e+02,  5.5564822125600e+04,  5.2709023006313e-01,  2.9776076985019e+05, -5.1799817230446e+07,  1.6413090888677e+03, -2.5024635010176e+05,  2.4527842823820e+03, -6.5405091360375e+05,  4.8224173300000e-01,  4.5183000000000e-01,               200000
  4.9883165500337e-01,  1.7306926582952e+00,  2.3646691238873e+00, -4.6602259973965e+02,  3.8068030428797e+04,  4.3627990114602e-01,  2.3491163201262e+05, -8.1464594176191e+07,  1.3170827563751e+03, -4.2838872411783e+05,  1.8022598485175e+03, -7.0014118327497e+05,  4.8430493600000e-01,  2.2550500000000e-01,               200000
  4.9883165517010e-01,  1.7306926583269e+00,  2.3646691240554e+00, -6.2507234864482e+02,  6.9741422720705e+04,  5.9051427891586e-01,  2.3958846884797e+05,  2.3762517130486e+07,  1.8081847121365e+03,  2.2645420264987e+05,  2.6189562107837e+03, -1.8247700814206e+05,  5.1304662200000e-01,  6.7815500000000e-01,               200000
  4.9883165532039e-01,  1.7306926583552e+00,  2.3646691242069e+00, -3.6222941448433e+02,  1.7576166875646e+03,  9.3744778189630e-02, -1.7698151814121e+04, -1.0425908045175e+05,  3.2104668213795e+00,  1.2985236558114e+02, -5.4898413447557e-01,  7.0576517810575e+01,  6.0514928600000e-01,  0.0000000000000e+00,               200000
  4.9883165545588e-01,  1.7306926583808e+00,  2.3646691243435e+00, -5.0806163885142e+02,  6.9156627226960e+04,  5.8803327808450e-01,  2.9858969599139e+05, -4.9036463123345e+07,  1.9825828679715e+03, -2.7250851333975e+05,  2.8495845790811e+03, -7.9316324494741e+05,  5.0563910800000e-01,  4.5212000000000e-01,               200000
  4.9883165557801e-01,  1.7306926584035e+00,  2.3646691244667e+00, -5.2883926278392e+02,  5.0359741884589e+04,  5.0179548565421e-01,  2.7208371042879e+05, -5.3556581288675e+07,  1.4230728030043e+03, -2.5488459269740e+05,  2.2139641578229e+03, -6.3337896901644e+05,  4.9037816500000e-01,  4.5143500000000e-01,               200000
  4.9883165568809e-01,  1.7306926584238e+00,  2.3646691245776e+00, -5.3071580477600e+02,  6.2296664303857e+04,  5.5810690868263e-01,  3.0568124078923e+05, -4.9390927849177e+07,  1.8588369186922e+03, -2.4057044916511e+05,  2.6786967887151e+03, -6.6793131613824e+05,  6.0804012400000e-01,  4.5174500000000e-01,               200000
  4.9883165578733e-01,  1.7306926584418e+00,  2.3646691246777e+00, -4.7896435920793e+02,  4.3593756510706e+04,  4.6687126978807e-01,  2.3261206753313e+05, -3.5117260756003e+07,  1.3974387027503e+03, -1.2824050709875e+05,  1.9631105979676e+03, -5.0827021821973e+05,  5.5779731800000e-01,  4.5077500000000e-01,               200000
  4.9883165587678e-01,  1.7306926584578e+00,  2.3646691247679e+00, -5.2430770833155e+02,  6.4729051547734e+04,  5.6889828417624e-01,  2.9482211492355e+05, -6.4068106176250e+07,  1.6989966476078e+03, -3.5753900088504e+05,  2.6960741787325e+03, -9.1279509472432e+05,  5.2962767600000e-01,  4.5294000000000e-01,               200000
  4.9883165595741e-01,  1.7306926584721e+00,  2.3646691248492e+00, -6.4747808607187e+02,  5.8896507798264e+04,  5.4266245400923e-01,  2.2261171909797e+05,  4.2901574658108e+05,  1.0466915253818e+03,  7.0989483730570e+04,  2.2412163775497e+03, -3.2758739258932e+05,  5.5868261900000e-01,  6.7865500000000e-01,               200000
  4.9883165603010e-01,  1.7306926584847e+00,  2.3646691249225e+00, -9.1774804629609e+02,  3.6924524367962e+05,  1.3587590729773e+00, -2.9160317539003e+05,  4.3147437072559e+08, -2.0909172625933e+03,  2.6997694794627e+06,  5.9802152456677e+03, -1.5051389569207e+06,  5.4989650600000e-01,  4.5156500000000e-01,               200000
  4.9883165609561e-01,  1.7306926584962e+00,  2.3646691249885e+00, -4.8052642602401e+02,  3.1756638413365e+04,  3.9847608719574e-01,  2.1429282774750e+05, -7.2376426716959e+07,  1.2167196933976e+03, -3.5283357872267e+05,  1.5612809973543e+03, -5.6281808040390e+05,  6.1073209500000e-01,  2.2603000000000e-01,               200000
  4.9883165615467e-01,  1.7306926585065e+00,  2.3646691250481e+00, -7.1145228979465e+02,  5.5515760971397e+04,  5.2685748059317e-01,  1.0451969207443e+03, -8.0465815838913e+04, -1.5093674732637e+02, -1.2958224492065e+03,  1.3745091814969e+03, -2.1435642143067e+05,  4.7210536900000e-01,  9.0378000000000e-01,               200000
  4.9883165620791e-01,  1.7306926585157e+00,  2.3646691251018e+00, -5.4474343165522e+02,  6.8657076965655e+04,  5.8590561085236e-01,  3.3901716859827e+05, -4.4564073175612e+07,  1.9714598308789e+03, -2.2271459158315e+05,  2.9674358867562e+03, -6.3330223460993e+05,  5.0882282100000e-01,  4.5245000000000e-01,               200000
  4.9883165625589e-01,  1.7306926585237e+00,  2.3646691251502e+00, -6.0595866026508e+02,  7.1286214296405e+04,  5.9701848504215e-01,  2.2262473242160e+05,  6.8345956789665e+06,  1.3556620138585e+03,  9.1935714655151e+04,  2.6036566367630e+03, -3.9013764357545e+05,  5.1576173100000e-01,  6.7801000000000e-01,               200000
  4.9883165629914e-01,  1.7306926585308e+00,  2.3646691251938e+00, -4.5899914053244e+02,  3.8404574580829e+04,  4.3820414523843e-01,  2.0809942220714e+05, -7.8134104158125e+07,  1.3210722174132e+03, -4.5195172090570e+05,  1.7135955184736e+03, -7.1980114549459e+05,  5.2577904400000e-01,  2.2528500000000e-01,               200000
  4.9883165633813e-01,  1.7306926585369e+00,  2.3646691252331e+00, -5.2649288105644e+02,  5.3915780316350e+04,  5.1920988201473e-01,  2.8574777524243e+05, -5.2326957958622e+07,  1.6045344878576e+03, -2.8507913773359e+05,  2.3669811442173e+03, -6.5980107344027e+05,  4.8196238200000e-01,  4.5201500000000e-01,               200000
  4.9883165637327e-01,  1.7306926585423e+00,  2.3646691252685e+00, -6.2796141617988e+02,  5.0958466055221e+04,  5.0476958136966e-01,  1.1739584953331e+05, -2.7234289825061e+07,  6.5778594404538e+02, -1.2109783533261e+05,  1.6795176806854e+03, -4.6988043728240e+05,  4.9220309700000e-01,  6.7772500000000e-01,               200000
  4.9883165640494e-01,  1.7306926585470e+00,  2.3646691253005e+00, -5.6288750979707e+02,  5.1680492058336e+04,  5.0833302105183e-01,  2.9011509531616e+05, -5.2674815150615e+07,  1.5443166812152e+03, -2.8342110582727e+05,  2.3025123414592e+03, -6.2178222101647e+05,  5.0066530900000e-01,  4.5255500000000e-01,               200000
  4.9883165643349e-01,  1.7306926585510e+00,  2.3646691253293e+00, -3.5972549101281e+02,  3.7447861142211e+03,  1.3683541417011e-01, -2.4281098144555e+04,  1.5633320089242e+06, -1.1244516857750e-03, -2.7164572258142e+00,  4.2620086277420e+01, -2.9288913510898e+03,  5.3320945500000e-01,  0.0000000000000e+00,               200000
  4.9883165645922e-01,  1.7306926585546e+00,  2.3646691253552e+00, -4.6665459266602e+02,  4.3063061074753e+04,  4.6402080273816e-01,  2.1761344203306e+05, -8.3005119386820e+07,  1.3862363906119e+03, -5.1630447725205e+05,  1.8666646996975e+03, -8.7864980389358e+05,  6.0196255200000e-01,  2.2661000000000e-01,               200000
  4.9883165648242e-01,  1.7306926585577e+00,  2.3646691253786e+00, -5.4313433074645e+02,  5.7887269692529e+04,  5.3799288885881e-01,  3.1790945150861e+05, -4.5676151457697e+07,  1.7678461000270e+03, -2.2118051070744e+05,  2.5927263714786e+03, -6.2273861046320e+05,  5.3284655300000e-01,  4.5209000000000e-01,               200000
