#                p[0],                 p[1],                 p[2],               energy,             variance,                error,             gradE[0],          gradVarE[0],             gradE[1],          gradVarE[1],             gradE[2],          gradVarE[2],         elapsed time,        accept. ratio,             MC steps
  2.0000000000000e+00,  1.1230000000000e+00,  2.5000000000000e+00, -6.7464213968727e-01,  2.0620809402448e+00,  3.2109818905164e-03,  3.5239051215272e-01, -1.3425132816722e+00, -5.7283424696004e-01, -2.8241775758506e-01,  3.4025303941000e+00, -1.7580692922597e+01,  6.2677229400000e-01,  9.0603000000000e-01,               200000
  1.9700000008530e+00,  1.1529999994764e+00,  2.4700000000884e+00, -7.3606399379892e-01,  1.8995424425820e+00,  3.0818358510651e-03,  3.9718558434124e-01, -1.0446553762352e+00,  3.3216523041619e-01, -1.6432086750304e+00,  3.5505323677552e+00, -1.5939367193966e+01,  4.6672629000000e-01,  9.0395500000000e-01,               200000
  1.9399602008329e+00,  1.1592195863711e+00,  2.4399733555829e+00, -9.1100869593163e-01,  2.2504721548583e+00,  3.3544538712421e-03,  4.8668673018541e-01, -1.9501651747306e+00,  3.1300145001257e-01, -1.9937340362220e+00,  3.9170060353522e+00, -1.9566559073339e+01,  6.0146355900000e-01,  9.0570500000000e-01,               200000
  1.9098931518692e+00,  1.1553903367767e+00,  2.4098778386201e+00, -1.0205211750496e+00,  2.4610931725081e+00,  3.5079147456203e-03,  4.1932558127552e-01, -1.7151012112873e+00,  1.6721351199650e-01, -1.0643547659058e+00,  4.1215330241092e+00, -2.2619343638133e+01,  4.5981507900000e-01,  8.9909500000000e-01,               200000
  1.8798362361870e+00,  1.1484556393760e+00,  2.3797022342556e+00, -1.2037080275245e+00,  2.7538017780751e+00,  3.7106615165460e-03,  6.5510800898569e-01, -2.4805725215409e+00,  1.9933610689478e-01, -4.7765814257571e-01,  4.6457985388138e+00, -2.5376935869422e+01,  4.8286590700000e-01,  9.0464500000000e-01,               200000
  1.8497514861345e+00,  1.1385880523776e+00,  2.3494025342794e+00, -1.3351161004294e+00,  3.1549440651052e+00,  3.9717402137509e-03,  5.7832156375208e-01, -1.4947202869753e+00, -2.8878285120443e-01,  9.6180749567488e-01,  5.1273476750596e+00, -2.8447256972884e+01,  4.6264139000000e-01,  9.0296000000000e-01,               200000
  1.8194867916739e+00,  1.1360794743268e+00,  2.3189537817371e+00, -1.5504680714540e+00,  3.1928770163255e+00,  3.9955456550548e-03,  5.8105269477305e-01, -1.6586119436545e+00, -4.5428463457241e-01,  8.2165173133533e-01,  5.2723365556160e+00, -2.4806185365881e+01,  4.5546508000000e-01,  9.0360500000000e-01,               200000
  1.7890818806774e+00,  1.1414727329970e+00,  2.2883562100786e+00, -1.7182055135660e+00,  3.4477848878696e+00,  4.1519783765511e-03,  8.0733783777720e-01, -2.8073367433982e+00, -3.2720626223158e-01,  1.2460012277747e+00,  5.7359890387649e+00, -2.7884852627081e+01,  5.8005483800000e-01,  9.0637500000000e-01,               200000
  1.7584486393902e+00,  1.1508353835504e+00,  2.2575792261851e+00, -1.9623541725734e+00,  4.1591943404749e+00,  4.5602600476699e-03,  8.1826942560150e-01, -2.7287686748494e+00, -2.0584852963089e-01,  1.0092764897483e+00,  6.4988644891767e+00, -3.2052737175879e+01,  6.0884597200000e-01,  9.0622000000000e-01,               200000
  1.7275555351436e+00,  1.1619344393131e+00,  2.2265801131938e+00, -2.2578858956761e+00,  4.9578291046083e+00,  4.9788699042094e-03,  8.2466281575999e-01, -2.6823441015298e+00,  9.5969138062370e-02, -1.1706709939725e+00,  7.1920872440144e+00, -3.7176444075603e+01,  4.9078442200000e-01,  9.0611000000000e-01,               200000
  1.6964234996140e+00,  1.1704400524005e+00,  2.1953354038691e+00, -2.5290768848160e+00,  5.9509350081369e+00,  5.4547846007596e-03,  1.2029380927067e+00, -5.1391898252535e+00,  2.7091639262190e-01, -4.1200644596505e+00,  8.1558101803986e+00, -4.6793734237738e+01,  4.6434518800000e-01,  9.0542500000000e-01,               200000
  1.6650864502648e+00,  1.1741288538469e+00,  2.1638199948183e+00, -2.8145955074595e+00,  7.2887678609892e+00,  6.0368733053582e-03,  1.3327472686874e+00, -5.7379895658620e+00,  3.9921632390383e-01, -2.9234366828395e+00,  9.1042029688957e+00, -6.3860170765685e+01,  4.5551147600000e-01,  9.0518000000000e-01,               200000
  1.6334705112354e+00,  1.1721392304131e+00,  2.1320151556597e+00, -2.9772947588571e+00,  6.6955908674518e+00,  5.7860136827750e-03,  1.3284895083603e+00, -5.0795555692513e+00,  1.1483395304893e-02, -2.8775032275319e+00,  8.7688318673210e+00, -4.9123097018307e+01,  4.8383851000000e-01,  9.0569500000000e-01,               200000
  1.6015108010215e+00,  1.1702168198768e+00,  2.0999552337740e+00, -3.3583005249057e+00,  8.6662698946871e+00,  6.5826551993429e-03,  1.5168723655247e+00, -7.4322753668850e+00, -1.6465855451469e-01,  2.7768674901635e-01,  1.0344057994664e+01, -7.5101323392563e+01,  4.6275078300000e-01,  9.0326000000000e-01,               200000
  1.5691990856411e+00,  1.1705942102311e+00,  2.0675715125286e+00, -3.8876871067275e+00,  1.0121779392352e+01,  7.1139930391981e-03,  1.8163647757433e+00, -9.1292387645845e+00, -6.4997113525833e-02, -7.1592683359002e+00,  1.1490323118892e+01, -7.9280366408973e+01,  4.5410777100000e-01,  9.0631500000000e-01,               200000
  1.5365472569581e+00,  1.1718120025388e+00,  2.0348447620038e+00, -4.2644390599231e+00,  1.1847545012995e+01,  7.6966047751572e-03,  2.0189945238556e+00, -9.1319824632467e+00,  1.9031539797077e-01, -2.7141648252237e+00,  1.2641260474326e+01, -9.7304330213826e+01,  4.6432698300000e-01,  9.0386500000000e-01,               200000
  1.5035322183420e+00,  1.1705005655186e+00,  2.0017608021084e+00, -4.7814686080335e+00,  1.4207154956105e+01,  8.4282723485021e-03,  2.4940962264083e+00, -1.4671855191147e+01,  9.7840585079842e-02, -6.8436047945888e+00,  1.4384521854884e+01, -1.1670952560072e+02,  4.6906248900000e-01,  9.0236500000000e-01,               200000
  1.4702045525973e+00,  1.1681096300498e+00,  1.9683005310782e+00, -5.3322144937205e+00,  1.6067339637272e+01,  8.9630741482129e-03,  2.7082953588647e+00, -1.0450423253560e+01, -3.2801767449507e-01,  2.1010427853201e-01,  1.5655401943909e+01, -1.2152004898997e+02,  4.6364628200000e-01,  9.0584000000000e-01,               200000
  1.4364941730182e+00,  1.1700836031307e+00,  1.9344545757620e+00, -5.9927361429606e+00,  1.9385688597135e+01,  9.8452243745725e-03,  3.1144250386134e+00, -1.1808099906879e+01, -5.9442279493450e-01,  9.7670324440918e+00,  1.7376996760052e+01, -1.7700683905791e+02,  4.5842467400000e-01,  9.0416500000000e-01,               200000
  1.4023978472130e+00,  1.1783185047620e+00,  1.9002110363507e+00, -6.6731441344176e+00,  2.3099805071129e+01,  1.0747047285448e-02,  3.8668901314665e+00, -2.1833530227130e+01, -1.2788917585764e-01, -1.9909453853962e+00,  1.9661273604707e+01, -1.7767329797599e+02,  4.5694247200000e-01,  9.0308500000000e-01,               200000
  1.3679874023955e+00,  1.1872294680503e+00,  1.8655576962151e+00, -7.7702042569465e+00,  2.8259031366489e+01,  1.1886763934412e-02,  4.0161340826884e+00, -2.3533218852850e+01, -1.8220677105335e-01, -1.0032563844427e+01,  2.1893360208289e+01, -2.0791801552818e+02,  4.6202047700000e-01,  9.0522500000000e-01,               200000
  1.3331346555152e+00,  1.1973783013667e+00,  1.8304855202954e+00, -8.5043018208022e+00,  3.2875011845644e+01,  1.2820883714792e-02,  4.8305796449608e+00, -2.9520257686562e+01, -2.9810034819666e-01, -5.5631605735401e+00,  2.4286257347778e+01, -2.4383488237076e+02,  4.5665826900000e-01,  9.0324500000000e-01,               200000
  1.2978798610025e+00,  1.2097586297055e+00,  1.7949862543368e+00, -9.7686710704619e+00,  4.1080702725021e+01,  1.4331905442931e-02,  6.0102038675529e+00, -3.7324838827804e+01,  7.8263065639655e-02, -9.8630898688256e+00,  2.7973280227317e+01, -2.8958725631171e+02,  4.6143077500000e-01,  9.0459500000000e-01,               200000
  1.2623097455804e+00,  1.2201876578348e+00,  1.7590561701223e+00, -1.1089430072169e+01,  5.0944796944726e+01,  1.5960074709212e-02,  6.7203619018644e+00, -4.1825795973384e+01, -2.5140733642663e-01, -9.8466846189606e+00,  3.1708269357773e+01, -3.5348288052001e+02,  4.6092387400000e-01,  9.0713000000000e-01,               200000
  1.2263305280878e+00,  1.2324075793248e+00,  1.7226912340924e+00, -1.2507407535624e+01,  6.1701957348610e+01,  1.7564446667716e-02,  7.5598346716508e+00, -4.9642751897527e+01, -1.1172897140726e+00, -6.3383249717434e+00,  3.5842702501111e+01, -4.1038580422724e+02,  4.5531726600000e-01,  8.9540500000000e-01,               200000
  1.1899004892632e+00,  1.2511101860146e+00,  1.6858869168098e+00, -1.4177196571892e+01,  7.5968348051903e+01,  1.9489528990191e-02,  9.6038716484496e+00, -7.4520975565928e+01, -3.5545788506127e-01, -1.4576380167789e+01,  4.1007980869784e+01, -4.9947371260464e+02,  4.7007738300000e-01,  9.0450500000000e-01,               200000
  1.1531511149063e+00,  1.2710200342418e+00,  1.6486439966342e+00, -1.6284393673866e+01,  9.6555581286577e+01,  2.1972207591248e-02,  1.1374831351210e+01, -9.6997027160251e+01, -1.2482631409583e+00, -1.1317530623923e+01,  4.7753588654701e+01, -6.5528646232294e+02,  4.5793166800000e-01,  9.0778500000000e-01,               200000
  1.1160567393683e+00,  1.2952720639801e+00,  1.6109736471282e+00, -1.8621409666011e+01,  1.1820446883534e+02,  2.4310951116250e-02,  1.3896922719757e+01, -1.2866338070366e+02, -6.1861961779926e-01, -6.5998200847436e+01,  5.3761317944613e+01, -7.2659650012237e+02,  4.6680487800000e-01,  8.9849000000000e-01,               200000
  1.0786552194506e+00,  1.3211560301887e+00,  1.5728610951144e+00, -2.1309390764399e+01,  1.4120766229566e+02,  2.6571381437146e-02,  1.6017723914972e+01, -1.3357443585019e+02, -1.2335343548388e+00, -4.3141305841537e+01,  5.9345694965447e+01, -8.3662812699292e+02,  5.2097674500000e-01,  8.9991500000000e-01,               200000
  1.0408469339780e+00,  1.3499124217497e+00,  1.5342853579429e+00, -2.4605684812291e+01,  1.7748427332373e+02,  2.9789618436943e-02,  1.9974318245653e+01, -1.7699940207093e+02, -3.9540644004338e-01, -6.9192864441598e+01,  6.8487518643768e+01, -9.7065185758765e+02,  4.6800717800000e-01,  9.0548500000000e-01,               200000
  1.0027279794077e+00,  1.3785160173587e+00,  1.4952566945578e+00, -2.8207655387334e+01,  2.1314088103834e+02,  3.2645128353121e-02,  2.3591307106274e+01, -2.1644760337022e+02, -1.0903923823334e+00, -7.0277512202830e+01,  7.6492890437975e+01, -1.1146742253103e+03,  5.1485913500000e-01,  9.0919500000000e-01,               200000
  9.6422831552840e-01,  1.4092277359194e+00,  1.4557623536469e+00, -3.2739348947424e+01,  2.6294343249771e+02,  3.6259028703049e-02,  2.9312416527550e+01, -2.7046956706355e+02,  2.6493927131657e-01, -1.1614243854116e+02,  8.7053777815639e+01, -1.2919057409001e+03,  4.9047940400000e-01,  9.0286500000000e-01,               200000
  9.2542009027929e-01,  1.4358914681890e+00,  1.4158046858963e+00, -3.7340038447168e+01,  3.0628840730632e+02,  3.9133643282112e-02,  3.3719887850428e+01, -3.1235982639009e+02,  1.3112521917610e+00, -2.0937207403145e+02,  9.1602407471070e+01, -1.3705871345479e+03,  4.6450137100000e-01,  9.0371500000000e-01,               200000
  8.8615651276671e-01,  1.4515361220574e+00,  1.3753563189135e+00, -4.2156985917676e+01,  3.5028929887623e+02,  4.1850286670239e-02,  3.9452850146850e+01, -3.5010895707698e+02,  1.0486800438397e+00, -2.0027664566807e+02,  9.6713501080048e+01, -1.3433672155788e+03,  4.9431440600000e-01,  9.1120000000000e-01,               200000
  8.4640290508430e-01,  1.4600134251310e+00,  1.3344230173615e+00, -4.8427982894205e+01,  4.3411975764089e+02,  4.6589685427189e-02,  4.6829725902701e+01, -4.8423689033404e+02,  3.3118895606533e+00, -3.0386394584937e+02,  1.0182556692880e+02, -1.8049817651272e+03,  4.7287758000000e-01,  9.0888500000000e-01,               200000
  8.0616852794243e-01,  1.4530413323757e+00,  1.2930240963264e+00, -5.4372093696759e+01,  5.9150035960176e+02,  5.4382918255724e-02,  5.5815253228962e+01, -6.5028044282959e+02,  5.8548968840388e+00, -2.5854920219691e+02,  9.7045436417529e+01, -3.8403284389411e+03,  4.7030997600000e-01,  9.0590000000000e-01,               200000
  7.6546842962799e-01,  1.4347994489093e+00,  1.2512873433484e+00, -6.1729409239216e+01,  9.5823752124487e+02,  6.9218405111822e-02,  6.0831036348257e+01, -1.1142931182235e+03,  6.5714082349132e+00, -9.0468653741424e+02,  7.7634372313450e+01, -1.1003208234103e+04,  4.4608414500000e-01,  9.0616000000000e-01,               200000
  7.2416169422379e-01,  1.4102139086694e+00,  1.2097744438537e+00, -6.5367982422414e+01,  2.1181304138467e+03,  1.0291089383167e-01,  6.5144738355111e+01, -6.3762558425325e+03,  9.0825927251218e+00, -3.3905393868564e+02,  2.6479683826626e+01, -3.8697998880688e+04,  4.5545695700000e-01,  9.0700000000000e-01,               200000
  6.8218563733050e-01,  1.3811175255333e+00,  1.1715090250898e+00, -1.5200639388501e+02,  8.6947576513948e+03,  2.0850368883301e-01, -1.0012297888768e+05, -2.1226387877746e+06, -4.7743811475482e+02, -9.9997669761107e+03, -5.8350693019125e+02, -4.5115981379084e+04,  4.7326107700000e-01,  4.4903000000000e-01,               200000
  7.0100316020947e-01,  1.3992631847949e+00,  1.1742967720157e+00, -6.6991075348284e+01,  3.8614564591778e+03,  1.3895064697902e-01,  6.0382197507563e+01, -9.5418480597586e+03,  8.5882209130774e+00, -1.2254751194300e+03, -3.6118446753834e+01, -7.2013544343789e+04,  5.2356293700000e-01,  9.0807000000000e-01,               200000
  7.1811991266286e-01,  1.4154613658088e+00,  1.1788751400639e+00, -1.0181553414999e+02,  6.8755057436757e+03,  1.8541178149831e-01, -5.8881061106854e+04,  2.6654665772617e+06, -3.0169958136005e+02,  1.5049685822234e+04, -3.8964701942641e+02, -4.1623266913321e+04,  4.5808176000000e-01,  6.7895000000000e-01,               200000
  7.4119334849190e-01,  1.4380840734795e+00,  1.1925087222067e+00, -9.7032286519451e+01,  5.4562685279436e+03,  1.6517064702821e-01, -5.0554129224678e+04,  2.2661557362876e+06, -2.7542806913828e+02,  1.3729117209649e+04, -3.2906391369201e+02, -2.4889658934291e+04,  4.7485668000000e-01,  6.7869500000000e-01,               200000
  7.6813484149446e-01,  1.4650398116598e+00,  1.2116586465557e+00, -6.2803034565172e+01,  1.4717769259597e+03,  8.5783941561334e-02,  5.9614051107219e+01, -1.8673751469249e+03,  9.4689736593308e+00, -3.0348995186483e+02,  4.4045275573421e+01, -1.9201426519311e+04,  4.6502786700000e-01,  9.0455500000000e-01,               200000
  7.9263647715198e-01,  1.4892674304649e+00,  1.2282745409074e+00, -6.0031812163446e+01,  1.3715467850589e+03,  8.2811435957206e-02,  5.9810416333973e+01, -2.1869852251297e+03,  8.3117429206150e+00, -2.4917036023959e+03,  5.1236041343683e+01, -2.1632561747908e+04,  4.7517177800000e-01,  8.9758500000000e-01,               200000
  8.1491497925099e-01,  1.5110796422677e+00,  1.2424337280124e+00, -5.7784580576397e+01,  9.4292301621056e+02,  6.8663054702313e-02,  5.5493626381025e+01, -1.5010011449521e+03,  1.0873087040749e+01, -7.6031057090621e+01,  6.3743310884071e+01, -1.1719677651163e+04,  4.6724276800000e-01,  9.0691500000000e-01,               200000
  8.3516875031304e-01,  1.5305666272853e+00,  1.2539271790689e+00, -5.5095161552079e+01,  7.7273091975683e+02,  6.2158302734101e-02,  4.8778223086555e+01, -1.3716928588299e+03,  8.5279656808537e+00, -6.7423946546684e+02,  6.8214467310759e+01, -8.1191527986751e+03,  4.8952669500000e-01,  9.0222000000000e-01,               200000
  8.5357926037281e-01,  1.5480199418682e+00,  1.2628365553232e+00, -5.3493298346162e+01,  7.7018618935764e+02,  6.2055869559520e-02,  5.2222413938530e+01, -5.8067317585631e+01,  9.1855886935145e+00,  2.9329919412109e+02,  7.5725424891144e+01, -1.0141260244860e+04,  5.0368202000000e-01,  9.0634500000000e-01,               200000
  8.7031033979502e-01,  1.5635811366597e+00,  1.2692319710568e+00, -5.2227200794155e+01,  5.7530349473912e+02,  5.3633175122265e-02,  4.9424502433573e+01, -7.8787136962989e+02,  9.1971496688451e+00, -3.8455361539983e+02,  7.8538151877074e+01, -3.7270941313345e+03,  4.6977467700000e-01,  8.9977500000000e-01,               200000
  8.8551261702700e-01,  1.5774279515537e+00,  1.2731909487880e+00, -5.1421898809229e+01,  5.5457350660016e+02,  5.2658024393257e-02,  4.6489280780953e+01, -4.7357226500705e+02,  8.7865830156439e+00, -4.0877901629253e+02,  7.8620727943039e+01, -3.6223545944696e+03,  4.7312388000000e-01,  9.1204500000000e-01,               200000
  8.9932342185078e-01,  1.5897258661954e+00,  1.2749289315016e+00, -5.0734139317299e+01,  5.6359351628578e+02,  5.3084532412266e-02,  4.9037716514447e+01, -4.7198012722537e+02,  1.2276536615611e+01, -1.8340746079436e+02,  8.1757057941376e+01, -3.6231036797197e+03,  5.1303012800000e-01,  9.0942000000000e-01,               200000
  9.1186710625174e-01,  1.6004887925963e+00,  1.2745692240280e+00, -4.9657700795768e+01,  5.9255860516702e+02,  5.4431544400606e-02,  4.8386696683482e+01, -6.5058871773526e+02,  1.2929206907096e+01, -4.0857124249941e+02,  7.6754055325010e+01, -5.3316359455184e+03,  4.9570720700000e-01,  9.0270000000000e-01,               200000
  9.2325760279019e-01,  1.6098330345910e+00,  1.2724416901894e+00, -4.9561972092894e+01,  5.5478816719535e+02,  5.2668214664793e-02,  4.3930627452146e+01, -4.7684308571332e+02,  1.0598632349307e+01, -3.6052039457632e+02,  7.3725256248001e+01, -4.1877155968129e+03,  4.5897536600000e-01,  9.0349000000000e-01,               200000
  9.3359939852927e-01,  1.6179631120541e+00,  1.2687622795970e+00, -4.9106798463472e+01,  7.1674565599092e+02,  5.9864248762969e-02,  4.2294686069730e+01, -1.2824732791375e+03,  9.4332894445523e+00, -1.0391089376982e+03,  6.7484807080228e+01, -1.0084014572327e+04,  4.5820557200000e-01,  9.0928000000000e-01,               200000
  9.4298734215833e-01,  1.6250383889639e+00,  1.2638896918317e+00, -4.8586649980829e+01,  6.3029253404923e+02,  5.6137889791532e-02,  4.2988629889549e+01, -5.9702794685137e+02,  1.0539733413423e+01, -4.5628718150122e+02,  7.0132449266851e+01, -5.9813892869071e+03,  4.7740739600000e-01,  9.1235500000000e-01,               200000
  9.5150734240554e-01,  1.6311025642786e+00,  1.2578119458945e+00, -4.8676356098444e+01,  6.5632036774520e+02,  5.7285267204806e-02,  4.0705235822920e+01, -6.5170759301060e+02,  1.0204416206585e+01, -4.1436682416568e+02,  6.0762216021413e+01, -6.3201170296760e+03,  5.3353876500000e-01,  8.9761500000000e-01,               200000
  9.5923826066986e-01,  1.6362556236666e+00,  1.2508657057388e+00, -4.8504305900538e+01,  7.2758485197679e+02,  6.0315207534120e-02,  4.2086727086126e+01, -1.7137742456646e+03,  1.2449387493790e+01, -8.1712283468451e+02,  6.0371350438193e+01, -9.4482523608093e+03,  4.6353807700000e-01,  9.0393000000000e-01,               200000
  9.6625138609221e-01,  1.6405043345737e+00,  1.2431713518793e+00, -4.8750845506386e+01,  7.1154800110507e+02,  5.9646793757295e-02,  4.2125087355037e+01, -8.2983754321633e+02,  1.4070545378298e+01, -3.4533323718416e+02,  5.8421343095137e+01, -7.2953018470766e+03,  4.7029598400000e-01,  9.0424000000000e-01,               200000
  9.7261171513165e-01,  1.6438606492275e+00,  1.2348118329717e+00, -4.9037921459402e+01,  9.1618504539735e+02,  6.7682532657893e-02,  4.1032679593062e+01, -1.0163196044571e+03,  1.4309950972731e+01, -4.8009604118265e+02,  4.6828942279614e+01, -1.2726736641803e+04,  4.8696454400000e-01,  9.0370000000000e-01,               200000
  9.7837873697482e-01,  1.6463959924516e+00,  1.2261981869906e+00, -4.9496476811025e+01,  8.6341041495756e+02,  6.5704277446661e-02,  3.9696869739384e+01, -4.5790070106733e+02,  1.3980718641471e+01, -3.2770574602185e+02,  4.6567859815211e+01, -1.0201445910730e+04,  4.6102740900000e-01,  9.1044000000000e-01,               200000
  9.8360659649443e-01,  1.6481909227178e+00,  1.2173219449067e+00, -5.0122725477550e+01,  9.7513724261749e+02,  6.9826114119915e-02,  4.2108644719873e+01, -1.3089785369780e+03,  1.6428217404350e+01, -2.1222034445745e+02,  4.5867095814823e+01, -1.3658099283801e+04,  4.7684982900000e-01,  8.9514500000000e-01,               200000
  9.8834402918864e-01,  1.6492169416661e+00,  1.2082624487909e+00, -4.9399625154881e+01,  1.1774699228151e+03,  7.6729066292216e-02,  3.9978113510754e+01, -1.5012929481782e+03,  1.4187395737236e+01, -3.9891863382900e+02,  3.2009271231878e+01, -1.6558900275626e+04,  4.5403489900000e-01,  8.9898500000000e-01,               200000
  9.9263616648635e-01,  1.6496272600155e+00,  1.1994242002318e+00, -4.9812157299792e+01,  1.2135261800280e+03,  7.7894999198535e-02,  3.9829313522724e+01, -1.7903739456224e+03,  1.3517521217068e+01, -5.3630192285074e+02,  2.9397211902131e+01, -1.6079392315646e+04,  4.7404352300000e-01,  9.0497500000000e-01,               200000
  9.9652372442526e-01,  1.6495024466683e+00,  1.1908445392668e+00, -5.0282115317007e+01,  1.2919729595883e+03,  8.0373284105737e-02,  3.9374910007066e+01, -1.6950186584872e+03,  1.2648046133221e+01, -1.4317259321337e+03,  2.5495915310601e+01, -1.6629956448998e+04,  4.7194552000000e-01,  9.0268500000000e-01,               200000
  1.0000437710138e+00,  1.6489380127025e+00,  1.1826058381768e+00, -4.9781262533625e+01,  1.7982673954784e+03,  9.4822660674502e-02,  3.9573232507047e+01, -2.4205095159562e+03,  1.4882285885252e+01, -1.4409747243395e+03,  7.6079742306185e+00, -3.0845034279002e+04,  4.5479494300000e-01,  9.0324000000000e-01,               200000
  1.0032299823909e+00,  1.6478863987317e+00,  1.1753406608973e+00, -4.9010179319303e+01,  8.1455411059868e+03,  2.0181106394332e-01,  3.1346709514946e+01, -3.5347241509016e+04,  3.1938198910326e+00, -3.9990970423958e+04, -4.8234112962707e+01, -3.4600476526972e+05,  4.6204477400000e-01,  9.0924000000000e-01,               200000
  1.0061176692535e+00,  1.6475779137741e+00,  1.1747296589110e+00, -4.9226217898400e+01,  2.4096171147752e+03,  1.0976377168208e-01,  3.6444105241981e+01, -5.2825369440801e+03,  1.4241746344433e+01, -2.1215632796853e+03, -4.6817331866505e+00, -4.7956697894059e+04,  4.9148241100000e-01,  9.0622000000000e-01,               200000
  1.0087303861040e+00,  1.6467882414154e+00,  1.1749303027458e+00, -4.9179536596955e+01,  2.5587474845892e+03,  1.1310940466180e-01,  3.7571549642600e+01, -7.5673775524975e+03,  1.2779898816529e+01, -6.6142798223630e+03,  1.9652335869416e+00, -5.7563845973957e+04,  4.4911575700000e-01,  9.1053500000000e-01,               200000
  1.0110934030784e+00,  1.6457028908459e+00,  1.1758233613986e+00, -4.8949464214294e+01,  2.4128005514104e+03,  1.0983625429271e-01,  3.8118803894962e+01, -3.1868403335343e+03,  1.4239935266731e+01, -3.2063983855189e+03, -4.5736861227716e+00, -4.5742919002405e+04,  4.6160967200000e-01,  9.0029500000000e-01,               200000
  1.0132291559782e+00,  1.6442226249572e+00,  1.1773658924656e+00, -4.9092837971610e+01,  1.6208652720364e+03,  9.0024032125771e-02,  3.9483662222995e+01, -2.0193989942658e+03,  1.5078269396123e+01, -1.2570874128959e+03,  8.5934676709087e+00, -2.2808199355418e+04,  4.7966489300000e-01,  9.0651500000000e-01,               200000
  1.0151581865190e+00,  1.6423092310048e+00,  1.1788402122343e+00, -4.9281913566009e+01,  1.7881671220870e+03,  9.4555991933007e-02,  4.0047668220114e+01, -8.0905743703042e+02,  1.2656913070664e+01, -5.1454457958385e+02,  1.3969049947218e+01, -2.8053876305626e+04,  4.4882379700000e-01,  9.0473000000000e-01,               200000
  1.0168993131609e+00,  1.6400808016335e+00,  1.1801784949076e+00, -4.9417801630262e+01,  1.5561456451746e+03,  8.8208436251149e-02,  3.6094916435099e+01, -1.8687425494127e+03,  1.1593069802031e+01, -1.1102158069599e+03,  1.1857871914155e+01, -2.2953576773174e+04,  4.6232632400000e-01,  9.0211500000000e-01,               200000
  1.0184707614726e+00,  1.6376180083279e+00,  1.1813813467407e+00, -4.9213811326386e+01,  2.2015332062949e+03,  1.0491742482293e-01,  3.7188497195942e+01, -2.3139952823288e+03,  1.2612472512357e+01,  1.6139825785622e+02,  3.9305882940288e+00, -4.3558954782362e+04,  4.5828721400000e-01,  9.0612500000000e-01,               200000
  1.0198880249925e+00,  1.6348731234978e+00,  1.1829623326018e+00, -4.8329695702009e+01,  1.7102588311251e+03,  9.2473207771902e-02,  3.8810061238452e+01, -5.6673757469072e+02,  1.5628238864079e+01, -9.1885012577914e+02,  1.0565308759892e+01, -2.6469438288019e+04,  4.5973789800000e-01,  9.0494000000000e-01,               200000
  1.0211648473682e+00,  1.6317688227759e+00,  1.1844692781588e+00, -4.9352321004638e+01,  1.8557319235474e+03,  9.6325799336091e-02,  3.8096684514840e+01, -2.6262146413167e+03,  1.4367742354569e+01, -1.3501530760068e+03,  1.0613104323222e+01, -3.6884820491335e+04,  4.5900199600000e-01,  9.0071500000000e-01,               200000
  1.0223145701646e+00,  1.6283952013920e+00,  1.1860533639068e+00, -4.9856889256870e+01,  1.3921414403774e+03,  8.3430852817689e-02,  3.7919423887084e+01, -2.2066747277190e+03,  1.4778900806225e+01, -6.7569559760116e+02,  2.2672356340959e+01, -2.1817740461536e+04,  4.6351530200000e-01,  8.9686500000000e-01,               200000
  1.0233489494839e+00,  1.6247432981540e+00,  1.1871585133785e+00, -4.9552512216725e+01,  1.8512866421804e+03,  9.6210359166268e-02,  3.8144453714719e+01, -1.6143950466819e+03,  1.3126217003889e+01, -2.1673018464429e+03,  1.4000422968661e+01, -3.6940958276327e+04,  4.6478293600000e-01,  9.0621500000000e-01,               200000
  1.0242785593775e+00,  1.6209348495246e+00,  1.1882863379025e+00, -4.9150222687791e+01,  1.5108413546449e+03,  8.6914939873560e-02,  3.8771142895481e+01, -2.1051844125985e+03,  1.3673812093825e+01, -5.4130356907173e+02,  2.3620209510231e+01, -2.4349491792421e+04,  4.6389313400000e-01,  9.0787500000000e-01,               200000
  1.0251130282529e+00,  1.6169249035378e+00,  1.1889824278821e+00, -4.9011332717252e+01,  1.4858504884164e+03,  8.6193111337752e-02,  3.6425275080942e+01, -3.4576410804960e+03,  9.9627489557980e+00, -2.5601043435461e+03,  2.1859659383384e+01, -2.2787810822341e+04,  4.6636273800000e-01,  9.0487000000000e-01,               200000
  1.0258618092607e+00,  1.6129270268481e+00,  1.1893132196696e+00, -4.9292891575205e+01,  1.6835315732589e+03,  9.1747794885187e-02,  3.8153631217747e+01, -1.9041361197336e+03,  1.5868216119360e+01, -2.2599264148357e+02,  1.6423614977380e+01, -2.8158600359786e+04,  4.8076336900000e-01,  8.9709000000000e-01,               200000
  1.0265323244437e+00,  1.6086396183339e+00,  1.1895452927693e+00, -4.9194651497841e+01,  1.7149925843763e+03,  9.2601095684022e-02,  3.9809826434802e+01, -2.1098438080002e+03,  1.3656944254699e+01, -4.2797459149868e+02,  2.1743684923341e+01, -3.3944998620280e+04,  4.7016245400000e-01,  9.0779500000000e-01,               200000
  1.0271315061033e+00,  1.6041842088309e+00,  1.1896170253941e+00, -4.9337752392768e+01,  1.5062725649947e+03,  8.6783424828556e-02,  3.9028971156172e+01, -2.7083429802820e+03,  1.4368500954531e+01, -1.1654361209584e+03,  2.3609026321353e+01, -2.2596790750891e+04,  4.9653829000000e-01,  9.0329500000000e-01,               200000
  1.0276662042975e+00,  1.5995587553145e+00,  1.1893223710276e+00, -4.8759283989239e+01,  2.0433255894138e+03,  1.0107733646604e-01,  3.6554551213895e+01, -2.6274671217595e+03,  1.2234351575574e+01, -1.4576823725621e+03,  3.4213203233404e+00, -3.7136216281646e+04,  4.6294576000000e-01,  9.0486500000000e-01,               200000
  1.0281429284376e+00,  1.5948739430314e+00,  1.1895007663113e+00, -4.9494162826071e+01,  1.5098689458612e+03,  8.6886965243964e-02,  4.0575843509641e+01, -1.5456289100779e+03,  1.5779602538555e+01, -6.1200945718453e+02,  2.2390339249327e+01, -2.1946418326538e+04,  4.6574916300000e-01,  9.0699500000000e-01,               200000
  1.0285660760977e+00,  1.5899612009538e+00,  1.1893246227502e+00, -5.0218826049601e+01,  1.1460408812603e+03,  7.5698113624458e-02,  4.0155280464440e+01, -1.6415142756435e+03,  1.3242195442410e+01, -1.1743346507911e+03,  3.4598150345863e+01, -1.3585058212815e+04,  5.0501335300000e-01,  9.0123000000000e-01,               200000
  1.0289407214671e+00,  1.5849608773810e+00,  1.1883379864477e+00, -4.9647252922136e+01,  1.6633257196069e+03,  9.1195551415814e-02,  4.0132219180469e+01, -1.3488370576070e+03,  1.4906856951068e+01,  3.6690198062450e+01,  1.5939295812541e+01, -2.5502453842433e+04,  5.1128593500000e-01,  9.0740500000000e-01,               200000
  1.0292713387623e+00,  1.5797790560917e+00,  1.1873491083173e+00, -4.9856747427583e+01,  1.6468161883143e+03,  9.0741836776491e-02,  3.7618500978563e+01, -2.3268006619606e+03,  1.3961729058519e+01,  1.8842252401354e+02,  1.6344804418326e+01, -2.7999689164030e+04,  4.5143614800000e-01,  9.0073500000000e-01,               200000
  1.0295626749614e+00,  1.5744676342344e+00,  1.1863830662288e+00, -5.0048654718859e+01,  1.7004202584940e+03,  9.2206839727158e-02,  3.7589517025607e+01, -2.5853541587657e+03,  1.3288787825229e+01, -1.0922872889592e+03,  1.5145804597876e+01, -2.5407219228818e+04,  4.6208946300000e-01,  9.0670500000000e-01,               200000
  1.0298184113310e+00,  1.5690936866407e+00,  1.1854343879768e+00, -5.0116744475239e+01,  1.7282902001047e+03,  9.2959405121394e-02,  3.8500792558995e+01, -1.8201541755537e+03,  1.3524680756533e+01, -9.5563428823603e+02,  1.7702189414232e+01, -2.9779126913561e+04,  4.6712552300000e-01,  9.0607000000000e-01,               200000
  1.0300415625145e+00,  1.5636466645856e+00,  1.1844897564755e+00, -4.9894110923384e+01,  1.5419855903400e+03,  8.7806195406132e-02,  3.5270560669601e+01, -2.4451114220557e+03,  1.2509749933268e+01,  3.3038415518434e+02,  1.8029984745592e+01, -2.2490207340328e+04,  4.6845132500000e-01,  9.0234500000000e-01,               200000
  1.0302359444750e+00,  1.5581471325591e+00,  1.1834265799257e+00, -4.9717081687360e+01,  1.8602774437583e+03,  9.6443699736122e-02,  3.8096579573487e+01, -1.4545509258635e+03,  9.3544414157519e+00, -2.3326963558576e+03,  1.5801204169948e+01, -3.2837419349034e+04,  4.5147780200000e-01,  8.9692000000000e-01,               200000
  1.0304034756840e+00,  1.5527991697929e+00,  1.1824831663170e+00, -5.0341348816664e+01,  1.6817369090305e+03,  9.1698879737717e-02,  3.9961720622899e+01, -1.9173252170858e+03,  1.4415342947734e+01, -5.4536308295065e+02,  1.5767474192310e+01, -2.5351228484141e+04,  4.9264215600000e-01,  8.9837000000000e-01,               200000
  1.0305462708766e+00,  1.5473170394356e+00,  1.1815332908457e+00, -4.9873051318421e+01,  1.9747279597397e+03,  9.9366190420578e-02,  3.7755413260997e+01, -1.4010225299003e+03,  1.2092549134372e+01,  1.0298277131429e+02,  9.4642453074718e+00, -3.5557179178657e+04,  4.5426200300000e-01,  8.9853500000000e-01,               200000
  1.0306670612381e+00,  1.5418011727785e+00,  1.1809328777614e+00, -4.9099328413862e+01,  2.3119293289568e+03,  1.0751579718713e-01,  3.9997134529052e+01, -2.2214543055579e+02,  1.2803049273380e+01,  1.3044768206305e+03,  3.1847580134545e+00, -4.4174437707049e+04,  4.6872186300000e-01,  9.0415500000000e-01,               200000
  1.0307672293070e+00,  1.5361920634101e+00,  1.1809823661855e+00, -5.0562004048632e+01,  1.9443686851346e+03,  9.8599408850525e-02,  3.8236160867828e+01, -2.8982291623340e+03,  1.1394403332070e+01, -9.2154910200367e+02,  1.5212850404342e+01, -3.3145517443153e+04,  4.9541633500000e-01,  9.0830500000000e-01,               200000
  1.0308493911709e+00,  1.5306115175224e+00,  1.1810700433383e+00, -5.0188794884748e+01,  1.7579977018256e+03,  9.3754938585273e-02,  3.8003442019965e+01, -3.1381759117516e+03,  1.0934615135381e+01, -1.0955190901447e+03,  1.4552632742422e+01, -2.6745936431451e+04,  4.6124029000000e-01,  9.0867500000000e-01,               200000
  1.0309152870501e+00,  1.5250796741256e+00,  1.1811119811445e+00, -4.9189137345914e+01,  1.9507290526955e+03,  9.8760545074829e-02,  3.6755824039592e+01, -3.1656881026608e+03,  1.1827566834987e+01, -6.1207829083685e+02,  4.1455480817406e+00, -3.4782431303808e+04,  4.6256159100000e-01,  9.0905000000000e-01,               200000
  1.0309667069285e+00,  1.5195368195177e+00,  1.1815722447538e+00, -5.0101461256009e+01,  1.9895050491594e+03,  9.9737281122944e-02,  3.7313182030507e+01, -2.9420371739702e+03,  1.1389942186349e+01, -1.4178595570727e+03,  9.6028330558047e+00, -3.3909969735712e+04,  4.7003340000000e-01,  9.0089500000000e-01,               200000
  1.0310048224163e+00,  1.5140207347229e+00,  1.1822244040938e+00, -5.0857049467599e+01,  1.9391169779382e+03,  9.8466161140215e-02,  4.0654477084518e+01, -4.1897729751069e+03,  1.1086612622452e+01, -3.2800200596944e+03,  1.7437028490394e+01, -3.6903638217156e+04,  4.7205750200000e-01,  8.9800000000000e-01,               200000
  1.0310302101468e+00,  1.5085845448800e+00,  1.1828472181427e+00, -5.0680398147538e+01,  1.7616607733373e+03,  9.3852564518433e-02,  3.6565944748739e+01, -1.1179450283666e+03,  1.2161446134074e+01, -1.5933797920135e+03,  1.4383974743055e+01, -2.9124818304236e+04,  4.8895217000000e-01,  9.0663000000000e-01,               200000
  1.0310446370297e+00,  1.5031279179724e+00,  1.1834165262184e+00, -5.0472595446865e+01,  1.7016703804805e+03,  9.2240728002344e-02,  3.8362621570607e+01, -1.3759529710146e+03,  1.1838020525684e+01, -2.0040052592182e+02,  1.5956162556939e+01, -2.4634671736000e+04,  4.5541377100000e-01,  9.0655000000000e-01,               200000
  1.0310487027796e+00,  1.4976325821060e+00,  1.1838130858389e+00, -5.0775192099428e+01,  1.5554791953621e+03,  8.8189545734233e-02,  3.7992079427884e+01, -2.0097421154332e+03,  1.1748735889089e+01, -5.5310949909298e+02,  2.0767515010150e+01, -2.2607370331259e+04,  4.7332369200000e-01,  9.0299500000000e-01,               200000
  1.0310435117418e+00,  1.4921123256851e+00,  1.1838619851724e+00, -5.0507410034663e+01,  1.7617409420874e+03,  9.3854699991194e-02,  3.7953042579069e+01, -1.4675529210106e+03,  9.7859034500099e+00, -1.7563222593332e+03,  1.5416435474025e+01, -2.7159068873213e+04,  4.8805241000000e-01,  9.0540000000000e-01,               200000
  1.0310435117418e+00,  1.4921123256851e+00,  1.1838619851724e+00, -5.0734502673721e+01,  2.0605166091196e+03,  9.2657896972313e-02,  3.8699998453931e+01, -1.9676717122859e+03,  1.1583143272280e+01, -1.8717760053797e+03,  1.5289501112824e+01, -4.6146238666544e+04,  6.1655096900000e-01,  8.9853750000000e-01,               240000
  1.0310435117418e+00,  1.4921123256851e+00,  1.1838619851724e+00, -5.0377814556904e+01,  1.5129399600975e+03,  7.2479402248767e-02,  3.8274925320564e+01, -1.7472880329361e+03,  1.1279762432902e+01, -3.8832648648775e+02,  2.1696342585856e+01, -2.1497938210369e+04,  6.6308494000000e-01,  9.1225347222222e-01,               288000
  1.0310298003111e+00,  1.4865855574753e+00,  1.1835459583485e+00, -5.1267851343745e+01,  1.9438568941075e+03,  8.2155359560652e-02,  3.8777424691745e+01, -2.5748051514828e+03,  1.0936043589354e+01, -1.4598958842227e+03,  1.7159157676975e+01, -3.3889798515037e+04,  6.8707407200000e-01,  9.0644791666667e-01,               288000
  1.0310083134393e+00,  1.4810928871829e+00,  1.1832529840893e+00, -5.0109352381715e+01,  1.8099371213011e+03,  7.9274862935274e-02,  3.8820088532942e+01, -2.8667198562511e+03,  1.1505889829726e+01, -1.0898406966387e+03,  1.4911037291263e+01, -2.8768306549076e+04,  6.7674645700000e-01,  9.0361805555556e-01,               288000
  1.0309797724511e+00,  1.4755922658443e+00,  1.1829704465461e+00, -5.0520839288072e+01,  1.7855134993224e+03,  7.8738171495312e-02,  3.5742447513830e+01, -2.3971183855197e+03,  8.4763554476679e+00, -9.5537149487994e+02,  1.4649255906662e+01, -2.8321172879374e+04,  6.6238743500000e-01,  9.0312152777778e-01,               288000
  1.0309455013842e+00,  1.4702263794817e+00,  1.1826985501133e+00, -5.0814298447383e+01,  2.0250999574776e+03,  8.3854618683618e-02,  3.9445698061991e+01, -3.1166880871275e+03,  1.0806552483735e+01, -2.5656292904370e+03,  1.7470102067665e+01, -3.9843208588094e+04,  7.4420814900000e-01,  9.0294791666667e-01,               288000
  1.0309051838966e+00,  1.4649059742270e+00,  1.1825349442047e+00, -5.0434187661473e+01,  1.7332975665309e+03,  7.7578310939542e-02,  3.7414527406482e+01, -2.5494921196358e+03,  1.0695560358302e+01, -7.4518323290738e+02,  1.4317360350615e+01, -2.6706751273538e+04,  7.4848765400000e-01,  9.0520486111111e-01,               288000
  1.0308597847687e+00,  1.4595853411756e+00,  1.1823544361631e+00, -5.1035819258241e+01,  1.9230711660982e+03,  8.1714933995206e-02,  3.7537540139677e+01, -2.5056792048729e+03,  8.5389025001286e+00, -4.7274463926712e+02,  1.5555098530702e+01, -3.3493547911269e+04,  6.7703174500000e-01,  8.9977083333333e-01,               288000
  1.0308097113445e+00,  1.4543621567403e+00,  1.1822315945350e+00, -5.0908216027109e+01,  1.9194249721004e+03,  8.1637430398164e-02,  3.9355195987781e+01, -1.9970422936425e+03,  1.1995456545348e+01,  8.3270758605234e+02,  1.5907728499696e+01, -3.2732323133376e+04,  6.6142342400000e-01,  9.0481250000000e-01,               288000
  1.0307548511786e+00,  1.4490212903783e+00,  1.1821361212242e+00, -5.0773133637747e+01,  2.4270222453092e+03,  9.1799567395442e-02,  3.9350214233559e+01, -1.4366386319500e+03,  1.0144749644310e+01,  1.8012519120511e+03,  8.2828657740945e+00, -4.8041489476019e+04,  7.1779659300000e-01,  9.0621875000000e-01,               288000
  1.0306955487393e+00,  1.4436394882332e+00,  1.1825886332107e+00, -5.1016283106517e+01,  1.7732083047233e+03,  7.8466383122260e-02,  3.7512578475840e+01, -2.4623134769410e+03,  8.6949165550393e+00, -2.4520503451361e+02,  1.7693004127023e+01, -2.7732371197351e+04,  6.5817311700000e-01,  9.0608680555556e-01,               288000
  1.0306327771057e+00,  1.4383422693517e+00,  1.1828661905400e+00, -5.0861868736460e+01,  1.7861276779776e+03,  7.8751712458841e-02,  3.5964523544969e+01, -3.6908005649823e+03,  9.1356663658015e+00, -1.3259953595137e+03,  1.7871338395270e+01, -2.9799695704743e+04,  6.5319611000000e-01,  9.0878472222222e-01,               288000
  1.0305673746473e+00,  1.4331247427018e+00,  1.1830144667476e+00, -5.1330021928601e+01,  1.9509064760240e+03,  8.2304196852455e-02,  3.7282754644582e+01, -2.7139912093420e+03,  9.0060821159756e+00,  6.4875285960426e+02,  1.7834096986512e+01, -3.5724855453817e+04,  6.5357226200000e-01,  9.0460416666667e-01,               288000
  1.0304990952304e+00,  1.4279340771352e+00,  1.1831495276954e+00, -5.1115461213316e+01,  2.0934356699508e+03,  8.5257690878864e-02,  3.7932617517132e+01, -2.9961965378587e+03,  1.0233279138972e+01, -7.8823566292194e+02,  1.3461936986296e+01, -3.6631828890532e+04,  6.7136819700000e-01,  9.1062500000000e-01,               288000
  1.0304280440404e+00,  1.4227398702788e+00,  1.1834410025477e+00, -5.0732216494396e+01,  2.1798628468218e+03,  8.6999817345391e-02,  3.8682379123622e+01, -2.0825699805404e+03,  1.0314158560976e+01,  1.5609858481168e+02,  9.4367595922018e+00, -3.9582879751203e+04,  6.6273288500000e-01,  9.0313194444444e-01,               288000
  1.0303541361039e+00,  1.4175121538824e+00,  1.1840674484278e+00, -5.0620777661494e+01,  2.2000948690159e+03,  8.7402621786729e-02,  3.8843564957205e+01, -1.9049773566796e+03,  1.0911768047855e+01,  2.3180858580560e+02,  7.8262336681343e+00, -3.9637290199730e+04,  6.6035138000000e-01,  9.0560763888889e-01,               288000
  1.0302775388167e+00,  1.4122193795272e+00,  1.1850560034145e+00, -5.1049479582040e+01,  1.9156829965573e+03,  8.1557814287655e-02,  3.9533820752296e+01, -2.1837032111919e+03,  1.0132194511976e+01, -2.9997564152680e+02,  1.6072663735804e+01, -3.1311729814352e+04,  6.7003899200000e-01,  9.0670138888889e-01,               288000
  1.0301983252637e+00,  1.4069193131963e+00,  1.1859350158794e+00, -5.1134285993896e+01,  1.7039476089291e+03,  7.6918689232371e-02,  3.9064322322876e+01, -2.7776886362332e+03,  9.1804747298057e+00, -8.1268593053941e+02,  2.4929352608745e+01, -2.7828640343150e+04,  6.5065457600000e-01,  9.1327430555556e-01,               288000
  1.0301169034497e+00,  1.4016730709344e+00,  1.1863383398216e+00, -5.0650435496339e+01,  1.9550610870932e+03,  8.2391786923255e-02,  3.7343643638584e+01, -2.1573713303857e+03,  9.7641195518402e+00, -1.8095481304542e+02,  1.4653032768714e+01, -3.2273561920126e+04,  6.5029253500000e-01,  9.0188194444444e-01,               288000
  1.0300338126987e+00,  1.3964269157615e+00,  1.1867559041173e+00, -5.1055243975158e+01,  2.0825220842492e+03,  8.5035166014999e-02,  3.6930139800824e+01, -2.7568981816227e+03,  8.1804376778090e+00, -9.0851525823411e+01,  1.3390447732365e+01, -3.5895032192339e+04,  7.0077070600000e-01,  9.0861111111111e-01,               288000
  1.0299493609644e+00,  1.3912591415640e+00,  1.1872967130337e+00, -5.1333723003128e+01,  1.7564081722530e+03,  7.8093786481318e-02,  4.1117396715075e+01, -2.7926015711161e+03,  8.6890729677463e+00, -7.2373328307228e+02,  2.8310719934493e+01, -3.2196212947408e+04,  6.5160283500000e-01,  9.0697222222222e-01,               288000
  1.0298625404320e+00,  1.3861504612076e+00,  1.1873459290932e+00, -5.1252973382148e+01,  1.9324825331117e+03,  8.1914643352253e-02,  4.1610208573813e+01, -1.6738839429610e+03,  9.1145004016353e+00, -4.4303461867772e+02,  1.9749434506477e+01, -3.3974912045670e+04,  6.6761445700000e-01,  9.0347916666667e-01,               288000
  1.0297732565740e+00,  1.3810636853512e+00,  1.1872905601382e+00, -5.1699863820336e+01,  1.6006115144541e+03,  7.4549841513125e-02,  3.6364335034265e+01, -2.8811330768669e+03,  8.4701787568530e+00, -3.9214043232748e+02,  2.4312918232406e+01, -2.5405617632798e+04,  7.4782005100000e-01,  9.0552083333333e-01,               288000
  1.0296832583677e+00,  1.3760275996769e+00,  1.1868189729405e+00, -5.2079876224738e+01,  1.8018651861097e+03,  7.9097890873642e-02,  3.8429420334655e+01, -2.9920306513406e+03,  8.7070422701777e+00, -7.3085546077682e+02,  2.0788772535128e+01, -2.8660452601107e+04,  7.9038308400000e-01,  8.9589930555556e-01,               288000
  1.0295920399680e+00,  1.3710320438114e+00,  1.1861572214859e+00, -5.1661250630885e+01,  1.8047306015290e+03,  7.9160758585005e-02,  3.9237787820447e+01, -2.6627266661113e+03,  1.0188955548034e+01, -7.2844560858603e+01,  2.0506112157935e+01, -2.9189248311029e+04,  6.5212679300000e-01,  9.0882291666667e-01,               288000
  1.0294994179263e+00,  1.3659748514994e+00,  1.1853426354694e+00, -5.1781537243386e+01,  1.9969111660835e+03,  8.3268957761455e-02,  4.0242816785941e+01, -2.7646515794716e+03,  8.9117459197568e+00, -7.5651190500529e+02,  1.9395962416826e+01, -3.7398595174851e+04,  6.5530059700000e-01,  9.0766319444444e-01,               288000
  1.0294052294927e+00,  1.3609465495772e+00,  1.1845807741249e+00, -5.2190336274583e+01,  2.1947725853203e+03,  8.7296839252479e-02,  4.0173366608778e+01, -3.8503500376625e+03,  1.0366225775021e+01, -1.3580404159137e+03,  1.5362530300349e+01, -4.0677260906177e+04,  7.6812805000000e-01,  8.9931250000000e-01,               288000
  1.0293097495615e+00,  1.3558805902019e+00,  1.1840759818499e+00, -5.1534014778248e+01,  2.0379884048096e+03,  8.4121035584514e-02,  4.0276628072421e+01, -2.2946903469382e+03,  8.7284975388398e+00, -7.0430692156563e+02,  1.6942285421147e+01, -3.5911958961636e+04,  6.5176488900000e-01,  8.9460416666667e-01,               288000
  1.0292128222297e+00,  1.3508493837824e+00,  1.1836573590940e+00, -5.2643756133028e+01,  1.4627397901067e+03,  7.1266805769145e-02,  3.8973715920684e+01, -1.5435217203225e+03,  8.3344459532329e+00, -4.1258241198907e+01,  3.3100493811245e+01, -1.8644470711351e+04,  6.4862983900000e-01,  9.0685763888889e-01,               288000
  1.0291147983661e+00,  1.3458512716522e+00,  1.1823940368335e+00, -5.2085468076305e+01,  2.2288039396160e+03,  8.7971032551126e-02,  3.7842823109739e+01, -3.5166695998806e+03,  8.1059927161326e+00, -4.0481605376086e+02,  1.3634268589959e+01, -4.0161524968307e+04,  6.8874410800000e-01,  9.0630208333333e-01,               288000
  1.0290163234940e+00,  1.3409037112248e+00,  1.1814933376083e+00, -5.2112629639975e+01,  1.8977651790513e+03,  8.1175503862073e-02,  3.8153667450550e+01, -2.0548796152615e+03,  7.8314065940546e+00, -1.5199361610475e+03,  1.6839648934817e+01, -2.9488955176087e+04,  6.7849818900000e-01,  9.0348263888889e-01,               288000
  1.0289171164955e+00,  1.3360457225666e+00,  1.1806007591484e+00, -5.1851749779664e+01,  2.7173314186180e+03,  9.7134847180959e-02,  3.7368610547287e+01, -7.8591232820245e+03,  8.3903002612169e+00,  1.0155583967713e+03,  7.9284440443299e+00, -6.3654252815000e+04,  6.6291708500000e-01,  9.0336805555556e-01,               288000
  1.0288182277407e+00,  1.3311670140791e+00,  1.1806947015363e+00, -5.1643359540839e+01,  2.5437975704172e+03,  9.3982075167755e-02,  3.6556355290034e+01, -4.6848001746130e+03,  8.2331886252490e+00, -1.2228749224591e+03,  7.4998175128868e+00, -5.1727961483605e+04,  6.8044780800000e-01,  8.8960763888889e-01,               288000
  1.0287193768520e+00,  1.3263380977670e+00,  1.1814739730631e+00, -5.2115620481994e+01,  2.1193443066656e+03,  8.5783648780782e-02,  3.8443532821012e+01, -4.0302601854325e+03,  7.9930065192534e+00, -4.8710422704027e+02,  1.5844533713887e+01, -3.9155168006486e+04,  6.7684755100000e-01,  8.9896180555556e-01,               288000
  1.0286199078512e+00,  1.3215455782091e+00,  1.1823198445233e+00, -5.1847777734109e+01,  1.8535134260581e+03,  8.0223503458438e-02,  3.9507280303456e+01, -2.2146369915547e+03,  6.7670266007661e+00, -4.5421843287381e+02,  2.2367631968203e+01, -2.7727708114851e+04,  6.5547913200000e-01,  9.0706944444444e-01,               288000
  1.0285192910926e+00,  1.3168515668805e+00,  1.1827600161802e+00, -5.2953076353089e+01,  1.4674326253313e+03,  7.1381035095391e-02,  4.1649560571614e+01, -1.3643996500597e+03,  9.5454475272862e+00, -1.4115035259673e+02,  3.3398423561049e+01, -1.8236829879462e+04,  6.5908963700000e-01,  9.0663194444444e-01,               288000
  1.0284168764834e+00,  1.3120816538566e+00,  1.1822288842734e+00, -5.2838745107185e+01,  2.1151817244597e+03,  8.5699363986597e-02,  3.8274594112328e+01, -4.7042923777417e+03,  7.2225498115046e+00, -6.7685358869741e+02,  2.0466188159556e+01, -3.9397355358946e+04,  6.5775593400000e-01,  9.1092708333333e-01,               288000
  1.0283142166598e+00,  1.3073862298172e+00,  1.1817195165185e+00, -5.2375088604119e+01,  1.9391136560853e+03,  8.2055064000182e-02,  3.7966558323000e+01, -2.4554268691993e+03,  6.7744347637119e+00, -5.5702160911114e+00,  1.9760541675942e+01, -3.1169254135513e+04,  6.5266832600000e-01,  9.0639930555556e-01,               288000
  1.0282110672604e+00,  1.3027630575902e+00,  1.1810983248132e+00, -5.2586777831477e+01,  2.0465183947006e+03,  8.4296895840037e-02,  3.9256707186105e+01, -2.4924690660011e+03,  6.1367796449867e+00, -1.2368782994657e+03,  2.0516304179246e+01, -3.4824770435479e+04,  7.0347089400000e-01,  8.9419791666667e-01,               288000
  1.0281070765017e+00,  1.2982745236657e+00,  1.1804169739335e+00, -5.1955506270066e+01,  2.0194288715686e+03,  8.3737123213409e-02,  4.0068677174554e+01, -1.7459651226938e+03,  7.7186087789681e+00, -4.2730518912904e+02,  1.9977778918803e+01, -3.4426894900162e+04,  6.6920384400000e-01,  9.0074305555556e-01,               288000
  1.0280019485214e+00,  1.2937940527753e+00,  1.1796940159134e+00, -5.3053463250835e+01,  1.9336525023602e+03,  8.1939436102225e-02,  3.8617529882733e+01, -2.8870645810828e+03,  8.8882184380605e+00,  2.5398072067755e+02,  1.8906138537655e+01, -3.0842994284127e+04,  6.7652015300000e-01,  8.9436805555556e-01,               288000
  1.0278963314745e+00,  1.2892335735967e+00,  1.1789049879341e+00, -5.1846128915010e+01,  2.1174401559155e+03,  8.5745103438013e-02,  3.8579629520779e+01, -2.0884534914079e+03,  6.2507978563995e+00, -9.2225062914839e+02,  1.3404773544201e+01, -3.5316532397824e+04,  6.6291743400000e-01,  9.1474305555556e-01,               288000
  1.0277901307457e+00,  1.2847829972340e+00,  1.1783586681825e+00, -5.3246244934966e+01,  1.9304837462733e+03,  8.1872269807603e-02,  3.8746310514110e+01, -2.1254562616305e+03,  7.2322018609307e+00, -2.2103554155978e+02,  2.4176723587097e+01, -3.0247099937631e+04,  6.7274844600000e-01,  9.0374652777778e-01,               288000
  1.0276833216710e+00,  1.2803542978708e+00,  1.1775094680000e+00, -5.2581865639112e+01,  1.9478591990033e+03,  8.2239892975000e-02,  3.9088821756075e+01, -2.7976269424927e+03,  7.6400266294035e+00, -1.9489148822564e+02,  1.6431186874629e+01, -2.9515119695876e+04,  6.8773249900000e-01,  9.0138194444444e-01,               288000
  1.0275759227888e+00,  1.2759197717252e+00,  1.1766763248887e+00, -5.2683327182040e+01,  2.0505341638721e+03,  8.4379560861755e-02,  3.7971059904651e+01, -2.1347811557299e+03,  8.8831220701246e+00,  8.5232853789312e+02,  1.0791896859173e+01, -3.1594128526415e+04,  6.6186286100000e-01,  8.9695138888889e-01,               288000
  1.0274681812801e+00,  1.2713766386792e+00,  1.1761218292193e+00, -5.1903841099414e+01,  3.5463027293112e+03,  1.1096644151923e-01,  3.8796256688778e+01, -1.7570085137440e+03,  7.1256116333218e+00, -1.9943181657556e+03,  2.8938540330476e-01, -9.0157937250224e+04,  6.8633979500000e-01,  9.0639236111111e-01,               288000
  1.0273597971634e+00,  1.2669176523637e+00,  1.1773986894819e+00, -5.2208683554838e+01,  2.8976801093091e+03,  1.0030647670233e-01,  3.5387360019725e+01, -7.1048355521373e+03,  3.3703683698686e+00, -4.4278070866021e+03,  5.0073814941388e+00, -6.6650029756698e+04,  6.8382089000000e-01,  9.0247569444444e-01,               288000
  1.0272525746671e+00,  1.2628225363907e+00,  1.1796785926474e+00, -5.2289129389883e+01,  1.8555315015619e+03,  8.0267164605190e-02,  3.9900437789895e+01, -2.4151928475552e+03,  6.4072159799293e+00, -9.9590820504977e+02,  2.2046283820918e+01, -2.8030587552445e+04,  6.7217907300000e-01,  9.0717361111111e-01,               288000
  1.0271443550055e+00,  1.2587786033660e+00,  1.1814171109050e+00, -5.3024769095040e+01,  2.4485862508760e+03,  9.2206483466834e-02,  4.1744218743224e+01, -1.8806451749543e+03,  6.8286666197917e+00,  3.0844218489637e+02,  1.6897427513687e+01, -5.5896795338823e+04,  6.6369055800000e-01,  9.1042708333333e-01,               288000
  1.0270345731619e+00,  1.2547169121354e+00,  1.1834303404035e+00, -5.2333888428937e+01,  1.9856080303814e+03,  8.3032959285535e-02,  3.7181038158157e+01, -3.6337870946327e+03,  6.5446127332968e+00, -2.1625562533689e+02,  1.8465135424548e+01, -3.3091523355187e+04,  6.7102689000000e-01,  9.1102777777778e-01,               288000
  1.0269249487214e+00,  1.2506699065339e+00,  1.1851715582620e+00, -5.3176638693709e+01,  1.8126446257385e+03,  7.9334134837918e-02,  3.9286183343451e+01, -2.4600825168491e+03,  5.6035452826136e+00, -8.2972393021259e+02,  2.8420612412090e+01, -2.8649946025632e+04,  6.6538918400000e-01,  9.0147569444444e-01,               288000
  1.0268146317098e+00,  1.2467084691773e+00,  1.1861750129259e+00, -5.2737327364567e+01,  1.6668926871425e+03,  7.6077735444450e-02,  3.9031748901824e+01, -2.4482296769043e+03,  7.7194444732848e+00, -1.0219657347122e+03,  3.1103387032519e+01, -2.5578771913066e+04,  6.6020107700000e-01,  9.0182638888889e-01,               288000
  1.0267037251242e+00,  1.2427038362527e+00,  1.1863393119237e+00, -5.2837840622348e+01,  2.0115092046259e+03,  8.3572764466101e-02,  3.9993431096250e+01, -3.3766708599618e+03,  3.0039254479959e+00, -2.6115622285727e+03,  3.1405187902185e+01, -3.7595566682211e+04,  6.7063123700000e-01,  9.0006250000000e-01,               288000
  1.0265920995128e+00,  1.2389859955178e+00,  1.1859752548085e+00, -5.3054959762048e+01,  1.5159375798154e+03,  7.2551169198966e-02,  4.0221895416131e+01, -1.4243882873173e+03,  4.0043834364877e+00, -2.3471212174506e+02,  3.7009680031153e+01, -1.9614632682413e+04,  6.6049092600000e-01,  9.1648611111111e-01,               288000
  1.0264794247716e+00,  1.2353964144243e+00,  1.1845375920853e+00, -5.2832563935233e+01,  1.7417534725994e+03,  7.7767313912675e-02,  4.0011122405362e+01, -1.3796953011522e+03,  4.0083533824216e+00, -1.1127420402094e+03,  3.0412996765216e+01, -2.5869540265348e+04,  6.6513814300000e-01,  9.0225694444444e-01,               288000
  1.0263658198917e+00,  1.2319479533624e+00,  1.1825245019781e+00, -5.3534298086840e+01,  2.0898822561637e+03,  8.5185301617589e-02,  3.8007731662785e+01, -3.7473824058651e+03,  5.8277493293871e+00,  8.6014340951801e+00,  2.4594496305511e+01, -3.9312069889823e+04,  6.6056693500000e-01,  8.9642013888889e-01,               288000
  1.0262522991700e+00,  1.2284834674222e+00,  1.1805037476598e+00, -5.2007277208395e+01,  2.6816447230503e+03,  9.6494903489666e-02,  3.6978961141148e+01, -4.6696659311791e+03,  4.0957690975285e+00, -9.2992001335129e+02,  5.6811981346621e+00, -5.7779423763719e+04,  6.6333233800000e-01,  9.1336458333333e-01,               288000
  1.0261392706479e+00,  1.2251359213757e+00,  1.1796349770708e+00, -5.3019956486709e+01,  2.8157538599252e+03,  9.8878324847969e-02,  3.9736695579107e+01, -5.5087069516453e+03,  4.7798132282574e+00, -2.0362285565114e+03,  1.1520840991017e+01, -6.6926268383241e+04,  6.7208865000000e-01,  9.0490277777778e-01,               288000
  1.0260259410369e+00,  1.2218853866952e+00,  1.1797568887864e+00, -5.3096903776940e+01,  2.0165953978883e+03,  8.3678356543248e-02,  3.9057911049457e+01, -1.5550452057979e+03,  5.9772498693794e+00,  4.8467804078763e+02,  2.0794304087971e+01, -3.3924986974276e+04,  6.7753945700000e-01,  8.9904513888889e-01,               288000
  1.0259119067381e+00,  1.2185727410212e+00,  1.1797081847065e+00, -5.3144339901835e+01,  1.8305294791870e+03,  7.9724557923302e-02,  3.8231122214929e+01, -2.2313982339324e+03,  4.7313293339039e+00, -9.1818355120834e+01,  2.4310396102193e+01, -2.7524979362618e+04,  6.5814103400000e-01,  9.0444791666667e-01,               288000
  1.0257975553108e+00,  1.2152961138573e+00,  1.1792256238939e+00, -5.3070112220970e+01,  1.8476585844978e+03,  8.0096699034185e-02,  4.0543910359968e+01, -2.1334607796789e+03,  4.9777366955373e+00, -3.3313349418830e+02,  2.8814748102179e+01, -2.6950353117685e+04,  6.8011716500000e-01,  9.0505208333333e-01,               288000
  1.0256821550312e+00,  1.2120434408271e+00,  1.1781500436651e+00, -5.2823412799624e+01,  1.9987034049133e+03,  8.3306316556257e-02,  3.8375068233360e+01, -2.4062561023648e+03,  6.2454905382753e+00,  3.6472889566603e+02,  1.8011901249512e+01, -2.9632697374773e+04,  7.7808190200000e-01,  8.9770138888889e-01,               288000
  1.0255664799166e+00,  1.2087124945628e+00,  1.1770450307147e+00, -5.2179201676493e+01,  3.1487072462241e+03,  1.0456104088814e-01,  3.9328789904917e+01,  3.4952499542750e+01,  5.0137455813365e+00,  3.0178666583745e+03,  3.2687733268307e+00, -8.0344975907636e+04,  6.7947526200000e-01,  9.0753125000000e-01,               288000
  1.0254498473847e+00,  1.2053038109418e+00,  1.1775964291412e+00, -5.3307403744603e+01,  2.2416618479930e+03,  8.8224418860705e-02,  3.9086305494678e+01, -3.8963799852548e+03,  4.4462759940898e+00, -7.7683686632298e+02,  1.9149046008128e+01, -3.9972320562043e+04,  6.8337106200000e-01,  9.0355555555556e-01,               288000
  1.0253329975122e+00,  1.2019755891085e+00,  1.1781295742740e+00, -5.3794908264277e+01,  1.8665743801307e+03,  8.0505658447842e-02,  3.8678173911180e+01, -2.2774340362667e+03,  3.7187263046451e+00,  3.2744847323379e+02,  2.7039041012149e+01, -2.7377378599725e+04,  7.8756957500000e-01,  9.0733680555556e-01,               288000
  1.0252157902280e+00,  1.1987301051584e+00,  1.1780471505708e+00, -5.3236892137951e+01,  1.8450123297234e+03,  8.0039320409031e-02,  3.9817085803243e+01, -2.3331782932630e+03,  5.6817651191760e+00, -9.9248785733227e+01,  2.3812906802608e+01, -2.6597251021317e+04,  6.7110451600000e-01,  9.0379513888889e-01,               288000
  1.0250978764765e+00,  1.1954500469568e+00,  1.1775272890474e+00, -5.3499419447576e+01,  1.9819185323062e+03,  8.2955780814284e-02,  3.7834813348997e+01, -3.1269102980917e+03,  5.4490280988453e+00,  2.2371024078000e+02,  2.2727004130455e+01, -3.1737958151724e+04,  6.4911228500000e-01,  9.0078819444444e-01,               288000
  1.0249800333614e+00,  1.1921421331292e+00,  1.1767664173498e+00, -5.2947982589034e+01,  2.3240895219948e+03,  8.9831816661493e-02,  3.8829557283053e+01, -2.6712196516261e+03,  4.6648893980822e+00,  6.3126686416719e+02,  1.5366632744783e+01, -4.0929755930654e+04,  6.6388240400000e-01,  9.0367361111111e-01,               288000
  1.0248618343609e+00,  1.1888442465958e+00,  1.1762968086283e+00, -5.3625243639872e+01,  1.9671580575244e+03,  8.2646294060651e-02,  4.1610523170381e+01, -2.2923482125984e+03,  4.6677873833610e+00,  2.1330447200650e+02,  2.8139604641387e+01, -3.1170203428074e+04,  7.1085617000000e-01,  9.0899652777778e-01,               288000
  1.0247423402929e+00,  1.1855673807906e+00,  1.1753358447946e+00, -5.2105518057157e+01,  2.6932697736067e+03,  9.6703832180305e-02,  3.8059372497272e+01, -1.6535460379840e+03,  3.9223215777055e+00,  1.3822800657538e+02,  6.3318764459104e-01, -5.0100682178802e+04,  6.7230135500000e-01,  9.0102777777778e-01,               288000
  1.0246226610441e+00,  1.1823578004931e+00,  1.1755158804257e+00, -5.3769587263719e+01,  2.3181899737361e+03,  8.9717728137416e-02,  3.8602608935424e+01, -2.0906615719562e+03,  4.3695166093510e+00,  8.1442449489737e+02,  1.6395448583970e+01, -3.9387676826028e+04,  6.6537424400000e-01,  8.9965277777778e-01,               288000
  1.0245026756649e+00,  1.1791587167509e+00,  1.1758203602961e+00, -5.2975602460175e+01,  2.5542874785473e+03,  9.4175653674164e-02,  3.7081643120350e+01, -5.1953856392190e+03,  3.0861929807534e+00, -1.4935486515918e+03,  1.1197238656649e+01, -4.7281391484488e+04,  6.6731854600000e-01,  9.0388194444444e-01,               288000
  1.0243833571589e+00,  1.1761223712330e+00,  1.1766323300845e+00, -5.2939287609538e+01,  2.9458082787926e+03,  1.0113605177201e-01,  3.8894295434659e+01, -3.4785381169141e+03,  4.9615165776640e+00,  4.1760962164236e+02,  5.4471185328778e+00, -6.1467148683601e+04,  6.6105373600000e-01,  9.0478819444444e-01,               288000
  1.0242637539861e+00,  1.1730529157924e+00,  1.1784595324234e+00, -5.3288944205663e+01,  2.5113521865748e+03,  9.3380794974402e-02,  3.9164165614495e+01, -4.8939228131401e+03,  1.8463559751319e+00, -2.6846742087070e+03,  1.8054461429739e+01, -5.3871791450320e+04,  6.7136574800000e-01,  9.0243402777778e-01,               288000
  1.0241439986556e+00,  1.1702496256599e+00,  1.1804946870047e+00, -5.2478179256538e+01,  3.0857583920840e+03,  1.0351057366957e-01,  3.9216077416516e+01, -4.5208041527629e+03,  5.2135589849559e+00,  2.8797983925189e+03,  3.3705956131234e+00, -7.4589374133497e+04,  6.8178672600000e-01,  9.0947916666667e-01,               288000
  1.0240239942006e+00,  1.1672939464846e+00,  1.1838069750515e+00, -5.3556215243020e+01,  1.8765884750203e+03,  8.0721324350704e-02,  3.9961600359150e+01, -1.6826896725841e+03,  3.6389961131319e+00,  1.2624558626545e+03,  3.2053226555046e+01, -3.0397362512054e+04,  6.7269181300000e-01,  9.0276388888889e-01,               288000
  1.0239030311631e+00,  1.1643520282441e+00,  1.1860611325641e+00, -5.3276283048504e+01,  1.7757624141723e+03,  7.8522873838620e-02,  3.9386619833602e+01, -2.2160176147151e+03,  2.6472094120164e+00,  4.9971364514384e+02,  3.3659084212522e+01, -2.8099779868325e+04,  6.6078409600000e-01,  9.1290972222222e-01,               288000
  1.0237814378218e+00,  1.1615099468036e+00,  1.1872373609151e+00, -5.3561550601228e+01,  1.7742029981766e+03,  7.8488388166672e-02,  4.1146893654642e+01, -9.1362342618746e+02,  2.6307179575921e+00,  2.5190369004696e+02,  4.1265276102849e+01, -2.9797942677618e+04,  6.8889023300000e-01,  9.1362152777778e-01,               288000
  1.0236584561249e+00,  1.1587665130258e+00,  1.1871416832882e+00, -5.3389090857791e+01,  1.5654305776268e+03,  7.3725998392574e-02,  4.0568293620581e+01, -1.6627755733691e+03,  2.9385571797227e+00,  2.0637462102599e+02,  4.1709143748142e+01, -2.3235507853802e+04,  6.5696998800000e-01,  9.0092013888889e-01,               288000
  1.0235344927520e+00,  1.1560932035767e+00,  1.1857315722653e+00, -5.3353266437657e+01,  1.8733162662070e+03,  8.0650916726187e-02,  4.0755808912786e+01, -1.2527304814500e+03,  3.7074550700648e+00,  1.6853599109661e+03,  3.3915426284635e+01, -3.0829510867863e+04,  6.5725850800000e-01,  9.0742361111111e-01,               288000
  1.0234094772422e+00,  1.1533848504674e+00,  1.1836427065420e+00, -5.3193800692883e+01,  2.1417386882299e+03,  8.6235680941620e-02,  3.9274957284582e+01, -2.7513040040164e+03,  2.8636816656864e+00,  1.0163280541479e+03,  2.4600713505766e+01, -3.6262484171192e+04,  6.5199749900000e-01,  9.0028125000000e-01,               288000
  1.0232842046041e+00,  1.1507206300435e+00,  1.1814708108594e+00, -5.3144945816638e+01,  2.5456606850187e+03,  9.4016485792436e-02,  3.9394081869584e+01, -2.1514803376258e+03,  3.0458703699561e+00,  5.1300182773721e+02,  1.6520779131685e+01, -5.5340508274204e+04,  6.7846723400000e-01,  9.0479861111111e-01,               288000
  1.0231585263971e+00,  1.1481001586359e+00,  1.1800051686521e+00, -5.3578736995949e+01,  1.8566436180543e+03,  8.0291215144343e-02,  3.8852320112915e+01, -1.6047867690412e+03,  8.0415154340919e-01,  8.6076390403304e+02,  3.2087992483452e+01, -2.9330533200357e+04,  6.7150612400000e-01,  8.9870833333333e-01,               288000
  1.0230325344575e+00,  1.1456538660446e+00,  1.1779070276932e+00, -5.3642118642270e+01,  2.3304223767467e+03,  8.9954123661474e-02,  3.8822257880574e+01, -3.6491680736324e+03,  3.0184091454448e+00,  4.9904582698638e+02,  1.8468268502491e+01, -4.1814353244920e+04,  6.5627080300000e-01,  9.0930555555556e-01,               288000
  1.0229065714204e+00,  1.1432311557738e+00,  1.1761219307933e+00, -5.3677070232214e+01,  2.5090433685568e+03,  9.3337860168434e-02,  3.7571941284267e+01, -5.6785825890641e+03,  2.5838629598527e+00, -8.1719926396741e+02,  1.6196201625033e+01, -5.0589684265952e+04,  6.7715751700000e-01,  9.1323263888889e-01,               288000
  1.0227813508447e+00,  1.1409010447277e+00,  1.1749179678395e+00, -5.3367949340333e+01,  2.4696193821282e+03,  9.2601659267295e-02,  3.8843345380771e+01, -2.4218836112624e+03,  1.1470626560146e+00, -2.4151774335104e+02,  1.3882242724244e+01, -4.7823795894534e+04,  6.5488728600000e-01,  9.1074305555556e-01,               288000
  1.0226558036911e+00,  1.1387299803160e+00,  1.1742815560895e+00, -5.3938629613919e+01,  1.8134085703128e+03,  7.9350850882700e-02,  4.1054044865447e+01, -1.6286079701382e+03,  1.5332191153162e+00,  2.2884767646312e+02,  3.1728002891722e+01, -2.5121193425956e+04,  6.5366728300000e-01,  9.0497916666667e-01,               288000
  1.0225290568801e+00,  1.1366611681433e+00,  1.1728443828875e+00, -5.3894332436369e+01,  2.1769032698118e+03,  8.6940737914218e-02,  3.7648981121712e+01, -4.0267850848205e+03,  1.5397339963310e-01, -7.2014595761405e+02,  2.1939920288568e+01, -3.6342995685711e+04,  6.8620372600000e-01,  9.0015277777778e-01,               288000
  1.0224027297151e+00,  1.1348074722913e+00,  1.1713770130253e+00, -5.3399979418892e+01,  2.8050013744973e+03,  9.8689351532439e-02,  3.6958556007601e+01, -5.4355391047377e+03,  9.1490231781645e-01,  8.4406336755829e+02,  7.2190640921605e+00, -5.5256908885107e+04,  6.5153497800000e-01,  9.0093055555556e-01,               288000
  1.0222772161534e+00,  1.1330452346426e+00,  1.1709767754839e+00, -5.3892404547635e+01,  2.5167573239724e+03,  9.3481231850235e-02,  3.6008966000106e+01, -3.7041065683160e+03,  4.7262197209964e-01,  3.5814398043841e+02,  1.0640237098280e+01, -4.6387018604118e+04,  6.6333494900000e-01,  9.1244791666667e-01,               288000
  1.0221524334486e+00,  1.1314110859951e+00,  1.1711853974355e+00, -5.3789367457612e+01,  2.4713699445173e+03,  9.2634473284438e-02,  3.8370631504614e+01, -3.9850818479278e+03,  8.8097529143782e-01, -5.1724016657468e+02,  1.4708060046603e+01, -4.3053096769059e+04,  6.8699468500000e-01,  9.0548958333333e-01,               288000
  1.0220275292803e+00,  1.1298944119830e+00,  1.1716840957588e+00, -5.3090004187274e+01,  2.5205571571999e+03,  9.3551774828759e-02,  3.8952890621855e+01, -2.5503946975505e+03,  3.3198539676138e+00,  1.8582652492203e+03,  1.2598070625668e+01, -4.4999111450607e+04,  6.5988604500000e-01,  9.0694444444444e-01,               288000
  1.0219020419489e+00,  1.1282400441554e+00,  1.1725862018375e+00, -5.3503065703973e+01,  2.3761108053229e+03,  9.0831628526106e-02,  3.8825636382797e+01, -3.6413770797354e+03,  2.4146939102090e+00,  5.4110808963084e+02,  1.6048971781981e+01, -3.9792469899256e+04,  6.6048394500000e-01,  9.0648611111111e-01,               288000
  1.0217762216491e+00,  1.1265659441875e+00,  1.1735765447426e+00, -5.3675883013752e+01,  2.2008607204867e+03,  8.7417832858577e-02,  4.0093900320358e+01, -1.7751985503804e+03,  3.7452380144693e+00,  6.6675619464967e+02,  1.8949558161321e+01, -3.4514615195969e+04,  6.7274156200000e-01,  9.0098958333333e-01,               288000
  1.0216493173752e+00,  1.1247794174942e+00,  1.1743926942913e+00, -5.3706762233452e+01,  3.0360249742980e+03,  1.0267304116943e-01,  3.8798121301114e+01, -3.3737555056449e+03,  2.8094195971058e+00,  1.8724789219577e+02,  6.3751177570751e+00, -6.2501419742824e+04,  8.0242034200000e-01,  9.0925000000000e-01,               288000
  1.0215221135273e+00,  1.1229703014735e+00,  1.1762738545040e+00, -5.4279525866438e+01,  1.9383644615133e+03,  8.2039211100744e-02,  3.9263720481182e+01, -2.9361785878797e+03,  6.5428141765629e-01,  5.2376917436825e+02,  2.9567218216197e+01, -3.1056588865773e+04,  7.0543575100000e-01,  8.9849305555556e-01,               288000
  1.0213943708409e+00,  1.1212752546126e+00,  1.1773236010635e+00, -5.3530279380791e+01,  2.2640934059676e+03,  8.8664736154727e-02,  4.0162976126873e+01, -2.9610919673726e+03, -5.5863448424338e-02, -1.2288273741900e+03,  2.0881652807901e+01, -4.0901060414518e+04,  7.4533331600000e-01,  9.1810069444444e-01,               288000
  1.0212658026407e+00,  1.1197911045105e+00,  1.1782510739158e+00, -5.3006022618732e+01,  2.7980385967095e+03,  9.8566788494554e-02,  3.8653680169904e+01, -2.7233584710157e+03,  1.0386234433830e+00,  1.5356392799503e+03,  7.7512366571564e+00, -5.3570142417654e+04,  6.7360329700000e-01,  9.0126736111111e-01,               288000
  1.0211369323631e+00,  1.1183282087506e+00,  1.1799709907315e+00, -5.3352454970641e+01,  2.1369885117450e+03,  8.6139996512159e-02,  3.8780436228191e+01, -2.4445998649485e+03, -7.9101994755149e-02,  8.2190300113679e+02,  2.5267832854248e+01, -3.5364334838358e+04,  6.9773531500000e-01,  9.0400694444444e-01,               288000
  1.0210076633812e+00,  1.1169852026046e+00,  1.1811702647147e+00, -5.4066300117004e+01,  2.0648428325469e+03,  8.4673450198782e-02,  3.9888287260656e+01, -2.3290037328412e+03, -2.0949904875391e+00,  8.8568122125265e+01,  3.0890652884634e+01, -3.6690617535882e+04,  6.8768168200000e-01,  8.9803472222222e-01,               288000
  1.0208775967108e+00,  1.1159140616384e+00,  1.1816673030912e+00, -5.3554716680747e+01,  1.8115969461374e+03,  7.9311204593602e-02,  3.8218941193013e+01, -2.3597851078815e+03, -9.6907230947825e-02,  2.2052021738582e+02,  3.1337361503089e+01, -2.5988490431948e+04,  6.6724655100000e-01,  9.0532638888889e-01,               288000
  1.0207473593607e+00,  1.1149464578675e+00,  1.1812579818486e+00, -5.3646735291424e+01,  2.3768481884220e+03,  9.0845721411013e-02,  3.8203945818638e+01, -3.2834993069503e+03, -2.8994176660297e+00,  9.0424863569783e+02,  2.2495396434608e+01, -4.3515354388101e+04,  6.5708733600000e-01,  9.0899305555556e-01,               288000
  1.0207473593607e+00,  1.1149464578675e+00,  1.1812579818486e+00, -5.3596243140957e+01,  2.6384449540311e+03,  8.7374992615627e-02,  3.9036163722298e+01, -2.2918595234390e+03, -1.3788731026637e+00,  7.7415926875157e+02,  2.1758280560612e+01, -5.3254075608244e+04,  8.1138885500000e-01,  8.9831307870370e-01,               345600
  1.0206166379351e+00,  1.1141417474953e+00,  1.1811168889446e+00, -5.3547507890517e+01,  1.9268364775494e+03,  7.4668179500683e-02,  3.8609067852486e+01, -2.9764706200569e+03, -1.6648239968542e+00, -9.6947431539686e+02,  3.4396407825245e+01, -3.1092169889700e+04,  8.9655767600000e-01,  8.9680555555556e-01,               345600
  1.0204857135617e+00,  1.1135644484767e+00,  1.1801034734266e+00, -5.3176481812636e+01,  2.3881207985925e+03,  8.3126841364187e-02,  3.5958545677504e+01, -4.4588995309304e+03, -4.3446525271408e-01,  1.3200034131672e+03,  1.6686244501104e+01, -4.7732091395832e+04,  8.7601194700000e-01,  9.0349247685185e-01,               345600
  1.0203557590437e+00,  1.1130277997129e+00,  1.1795273647240e+00, -5.3893132262962e+01,  1.9694516422327e+03,  7.5489368775524e-02,  3.8488569524201e+01, -3.2119707551049e+03, -2.0828925744921e+00, -4.5456269806478e+02,  3.2363009529547e+01, -3.1571816923453e+04,  8.1316455600000e-01,  9.0953703703704e-01,               345600
  1.0202255427969e+00,  1.1127044207109e+00,  1.1782242395775e+00, -5.3744086992095e+01,  2.1999132922760e+03,  7.9784020018646e-02,  3.7970697118580e+01, -3.2339418968145e+03, -1.0263032572888e+00, -6.9030948351652e+02,  2.0912406735036e+01, -3.8128789373663e+04,  7.8880322100000e-01,  9.1032407407407e-01,               345600
  1.0200952429242e+00,  1.1125083782249e+00,  1.1769607089778e+00, -5.3721432717744e+01,  2.2912663461342e+03,  8.1423716467609e-02,  3.8032275756872e+01, -4.6589025536884e+03, -2.2685390046158e+00, -6.2113587544856e+02,  2.2250952577285e+01, -4.3330555676301e+04,  7.9855563400000e-01,  9.0162615740741e-01,               345600
  1.0199650642483e+00,  1.1125120740442e+00,  1.1757926559936e+00, -5.3140731732834e+01,  2.8744317676643e+03,  9.1198802349343e-02,  3.9031138477600e+01, -3.9456726261198e+03,  1.1907409822212e+00,  2.0239203797237e+03,  8.3805956677071e+00, -6.0940837189651e+04,  8.3537597900000e-01,  9.0330439814815e-01,               345600
  1.0198344832389e+00,  1.1123607506337e+00,  1.1757908359600e+00, -5.3568665872046e+01,  2.2335214303572e+03,  8.0391141428931e-02,  3.7520744874369e+01, -3.9967220370339e+03,  9.8526094265193e-02, -8.4689215055129e+02,  1.8717453035622e+01, -3.8806863559028e+04,  8.6223276100000e-01,  9.1013310185185e-01,               345600
  1.0197040503326e+00,  1.1122470715929e+00,  1.1758219459753e+00, -5.3525083636653e+01,  2.2535391016284e+03,  8.0750585897362e-02,  3.9057762375234e+01, -2.6982563945622e+03,  2.5204882286489e-01,  6.5068194290746e+02,  1.8316400161567e+01, -3.7681120264201e+04,  8.0657638500000e-01,  9.0463541666667e-01,               345600
  1.0195729416811e+00,  1.1121037336419e+00,  1.1758751117266e+00, -5.3849229976745e+01,  2.2496569632617e+03,  8.0681001998686e-02,  3.9867463710358e+01, -1.9741661784184e+03, -6.7290742996703e-01,  5.6078343822171e+02,  2.1125093633852e+01, -3.8488251662376e+04,  8.6515596200000e-01,  9.0116319444444e-01,               345600
  1.0194407714820e+00,  1.1120021685724e+00,  1.1758328040580e+00, -5.4080346610387e+01,  2.3262891207036e+03,  8.2043650882831e-02,  3.9872035028270e+01, -3.5344583087795e+03, -2.2165347041323e-01, -1.4228336373388e+02,  2.0608077850395e+01, -4.1932333291525e+04,  8.0703368400000e-01,  9.1431423611111e-01,               345600
  1.0193078855245e+00,  1.1119312962154e+00,  1.1758118598865e+00, -5.3298200303098e+01,  2.7243922596838e+03,  8.8786707648745e-02,  3.9663771331742e+01, -2.6544034693547e+03, -1.2795307005567e+00,  9.7663990247359e+02,  1.1239431118208e+01, -5.2092763897807e+04,  8.0300037100000e-01,  9.0503182870370e-01,               345600
  1.0191742363410e+00,  1.1119236341606e+00,  1.1765072942715e+00, -5.3474986987569e+01,  2.1567197608515e+03,  7.8996889605089e-02,  3.8138621184216e+01, -2.4512691693525e+03, -7.6736686395789e-01, -3.2509435448959e+02,  2.3085192888737e+01, -3.4539485260962e+04,  8.3271481000000e-01,  9.0472800925926e-01,               345600
  1.0190403755127e+00,  1.1119830502959e+00,  1.1768535223520e+00, -5.3736060066650e+01,  2.2204710349578e+03,  8.0155935896752e-02,  3.6823493374586e+01, -2.7850128323091e+03, -2.2225938449743e+00,  6.3060348141943e+02,  2.3391988015979e+01, -3.9265346308038e+04,  7.9354505600000e-01,  9.0786747685185e-01,               345600
  1.0189068245068e+00,  1.1121730607454e+00,  1.1769836344219e+00, -5.3570924144790e+01,  1.9522726753361e+03,  7.5159411515010e-02,  3.8727779864708e+01, -2.4943416206539e+03, -1.9104054649338e+00, -6.8000442966751e+02,  2.6455194970411e+01, -2.9920339599701e+04,  8.1492718400000e-01,  9.0530092592593e-01,               345600
  1.0187727811276e+00,  1.1125058599605e+00,  1.1765422156963e+00, -5.3643970870097e+01,  2.1497513257009e+03,  7.8869165528268e-02,  3.9174829993971e+01, -2.1909808416320e+03, -3.2917695747951e-01,  1.0650209958202e+03,  2.1616097184324e+01, -3.5824594190051e+04,  8.0720677300000e-01,  8.9545138888889e-01,               345600
  1.0186380431412e+00,  1.1127915335007e+00,  1.1759634052791e+00, -5.3872307637656e+01,  2.6131242547415e+03,  8.6954720529046e-02,  4.0947479301137e+01, -1.8464497714424e+03,  1.3767803033796e+00,  2.4332900681294e+03,  1.9820262985081e+01, -4.9399761564693e+04,  8.1809823200000e-01,  9.0625578703704e-01,               345600
  1.0185019383056e+00,  1.1128623987439e+00,  1.1756795777479e+00, -5.3969973290181e+01,  2.1082654505911e+03,  7.8104450086010e-02,  3.9240049842039e+01, -3.0486289103677e+03,  1.1781672051046e+00,  1.1087616767851e+03,  2.3474561978868e+01, -3.5485340219733e+04,  8.1930553200000e-01,  9.0733217592593e-01,               345600
  1.0183654045810e+00,  1.1128011647072e+00,  1.1751427074433e+00, -5.4226355413816e+01,  2.2075675206912e+03,  7.9922697039077e-02,  4.1057237296708e+01, -2.8989648241180e+03, -5.0181319126667e-01,  3.7558978632656e+02,  2.6673664364339e+01, -3.7936998263983e+04,  8.2771564300000e-01,  9.0390914351852e-01,               345600
  1.0182277599168e+00,  1.1127686592731e+00,  1.1742799311403e+00, -5.3271287542508e+01,  2.5697897248031e+03,  8.6230703101717e-02,  3.8166035972369e+01, -3.7048113279461e+03,  1.5759634423839e-01,  8.1792515241735e+02,  1.3741145679448e+01, -4.7684837923910e+04,  7.8152007800000e-01,  9.1267650462963e-01,               345600
  1.0180902825866e+00,  1.1126981891764e+00,  1.1739987954503e+00, -5.3517948797561e+01,  2.4237826903006e+03,  8.3745209410744e-02,  3.7348296721428e+01, -3.8776847793700e+03, -1.3764375090338e+00, -1.6013678825426e+03,  1.5972219673629e+01, -4.5201427603779e+04,  7.8789728600000e-01,  9.0067997685185e-01,               345600
  1.0179532556156e+00,  1.1127930976788e+00,  1.1740722687076e+00, -5.2999390801671e+01,  3.2147677913898e+03,  9.6446825438287e-02,  3.9057543383986e+01, -3.4210636191035e+03,  5.0088889523769e-01,  1.6917381268183e+03,  2.3236193670131e+00, -7.1219685087042e+04,  7.9973828900000e-01,  9.0801215277778e-01,               345600
  1.0178158913117e+00,  1.1127804418549e+00,  1.1757841154094e+00, -5.4356833873709e+01,  2.0332121915512e+03,  7.6701610989150e-02,  3.9860796322186e+01, -2.1673120856619e+03, -1.9532587493710e+00, -1.2025203380473e+03,  2.7475916768208e+01, -3.1059464298000e+04,  8.3180323300000e-01,  9.0225115740741e-01,               345600
  1.0176776624693e+00,  1.1129559185833e+00,  1.1767364643284e+00, -5.4043126856615e+01,  2.1182947666529e+03,  7.8290006609982e-02,  3.9249087522067e+01, -2.6949596139900e+03,  7.7765231258261e-02,  3.1010709664667e+02,  2.3697036318347e+01, -3.4829189311213e+04,  9.0603553200000e-01,  9.1089988425926e-01,               345600
  1.0175389427471e+00,  1.1130971647869e+00,  1.1772835848999e+00, -5.3713136774993e+01,  1.9985236054119e+03,  7.6044493962126e-02,  3.8164200101784e+01, -2.9478286148545e+03, -1.9175452072813e+00,  7.1251568130851e+01,  2.2113681125645e+01, -3.0003060039894e+04,  8.1882541200000e-01,  8.9962673611111e-01,               345600
  1.0174001953097e+00,  1.1133629714919e+00,  1.1774230101420e+00, -5.3417867567691e+01,  2.1791911149143e+03,  7.9407366449187e-02,  3.8562955386928e+01, -2.9468442596505e+03, -1.8861109468987e+00, -2.1490871676104e+02,  2.0433106400643e+01, -3.6444697685555e+04,  8.1728076600000e-01,  9.0888020833333e-01,               345600
  1.0172612422722e+00,  1.1137497276791e+00,  1.1774384343836e+00, -5.3476869669164e+01,  2.6770986272368e+03,  8.8012694844608e-02,  3.7438693380052e+01, -3.5050044722453e+03, -7.3374338221072e-01,  1.1509271253693e+03,  1.2336894909577e+01, -5.3741065157479e+04,  8.0354294600000e-01,  9.0585648148148e-01,               345600
  1.0171225934282e+00,  1.1141103597724e+00,  1.1781795939621e+00, -5.4036103343877e+01,  2.1984862763446e+03,  7.9758139103868e-02,  4.1091143503415e+01, -1.9103230769895e+03, -4.1968151263944e-02,  4.6032597320806e+02,  2.5997190319409e+01, -3.7436608591342e+04,  8.3667869200000e-01,  9.0711226851852e-01,               345600
  1.0169825272781e+00,  1.1144217845300e+00,  1.1784831421246e+00, -5.3308468251198e+01,  2.2915651937059e+03,  8.1429026301316e-02,  3.7739636430480e+01, -3.4817466035288e+03, -2.2225438817972e+00, -1.3837518361530e+03,  1.8005845192417e+01, -4.0001177723411e+04,  7.8820502200000e-01,  8.9877604166667e-01,               345600
  1.0168426945973e+00,  1.1149191425767e+00,  1.1788573012373e+00, -5.3299231847764e+01,  2.3273535426925e+03,  8.2062418773275e-02,  3.8025390849821e+01, -3.5975055524714e+03, -3.9058542348293e-01,  1.1101827560340e+03,  1.9255657126167e+01, -4.2307401184171e+04,  8.2784317800000e-01,  9.0787326388889e-01,               345600
  1.0167029555491e+00,  1.1153556091291e+00,  1.1792905316705e+00, -5.3950682150299e+01,  2.1801829714696e+03,  7.9425435483263e-02,  3.9474133337918e+01, -2.4360361214298e+03, -7.3574470973678e-01,  3.4213329827963e+02,  2.1784820848871e+01, -3.6653766339621e+04,  8.1112961200000e-01,  9.1197916666667e-01,               345600
  1.0165625064271e+00,  1.1157915114434e+00,  1.1795066654377e+00, -5.3755726928636e+01,  2.2773335753767e+03,  8.1175777626066e-02,  3.9167832875925e+01, -2.6441349002657e+03,  8.8449231210671e-01,  7.4620345830476e+02,  2.2961591678642e+01, -3.8546843733324e+04,  8.2609323100000e-01,  9.0515914351852e-01,               345600
  1.0164215377720e+00,  1.1160907132512e+00,  1.1795148578313e+00, -5.3644093355631e+01,  2.1261101938594e+03,  7.8434298736861e-02,  4.0758368132616e+01, -2.5500158473618e+03,  5.8380002847136e-01,  8.6669764833806e+02,  2.6859943119426e+01, -3.5973357076368e+04,  8.3970464900000e-01,  8.9794270833333e-01,               345600
  1.0162794488049e+00,  1.1162843859861e+00,  1.1790717859104e+00, -5.4154705441785e+01,  1.9605906674678e+03,  7.5319356101554e-02,  4.0037357499398e+01, -2.2915675513577e+03,  3.1742316775065e-01,  1.7273270777544e+02,  3.1952411383858e+01, -3.1682494245926e+04,  8.0956240700000e-01,  9.0438657407407e-01,               345600
  1.0161365386274e+00,  1.1164287641873e+00,  1.1778524211647e+00, -5.3801322226064e+01,  2.6130063366281e+03,  8.6952758576366e-02,  3.7852006568906e+01, -5.2020898982068e+03, -7.6934820303443e-01,  1.1077872260119e+03,  1.9348117263548e+01, -5.7727059052670e+04,  7.9067959500000e-01,  9.0827256944444e-01,               345600
  1.0159942351990e+00,  1.1165752445712e+00,  1.1772377003242e+00, -5.3844483759080e+01,  3.4675754412352e+03,  1.0016732877328e-01,  3.8630933880826e+01, -7.2311873576058e+03, -9.1755690884040e-01,  6.3705966778627e+02,  1.0213476967886e+01, -9.5203708325335e+04,  8.0023271600000e-01,  9.0996817129630e-01,               345600
  1.0158525381262e+00,  1.1167526215650e+00,  1.1785930610858e+00, -5.3851090483176e+01,  2.4318317488086e+03,  8.3884147483890e-02,  4.0493467986987e+01, -3.2824160804111e+03, -3.5178710842069e-01, -2.0832986470515e+02,  2.3997450078036e+01, -4.6027326188336e+04,  8.1402763500000e-01,  9.1116608796296e-01,               345600
  1.0157098946724e+00,  1.1169471484105e+00,  1.1797654135132e+00, -5.3945327812043e+01,  2.2588669534586e+03,  8.0845985433427e-02,  3.8885008842758e+01, -4.1729861583289e+03,  2.0455255221910e-01, -3.4059412025508e+02,  2.6116026946750e+01, -4.1133277942157e+04,  8.2164954400000e-01,  8.9834780092593e-01,               345600
  1.0155671485646e+00,  1.1171200368140e+00,  1.1805382600390e+00, -5.3620047170450e+01,  2.4999244330188e+03,  8.5050441749804e-02,  4.0285382416060e+01, -3.2991699092577e+03,  5.7626918852800e-01,  1.7468148491609e+03,  2.1491124218777e+01, -4.9701318621500e+04,  7.9820921100000e-01,  9.0407407407407e-01,               345600
  1.0154235740691e+00,  1.1171657631829e+00,  1.1814082321112e+00, -5.3630157491573e+01,  2.1845715319316e+03,  7.9505334303256e-02,  3.8514276168442e+01, -4.1584642939918e+03, -1.2281671740346e+00, -5.9999695919463e+02,  2.3867272652258e+01, -4.1537308314281e+04,  8.1652170900000e-01,  8.9542824074074e-01,               345600
  1.0152800637920e+00,  1.1173234919061e+00,  1.1820333015328e+00, -5.3692327133506e+01,  2.2198421193388e+03,  8.0144583600479e-02,  3.7809692611820e+01, -3.0214519213385e+03, -1.9682003520920e+00, -4.3750002296887e+02,  2.2581935762523e+01, -3.9823566078283e+04,  7.9668287800000e-01,  9.0174189814815e-01,               345600
  1.0151366322863e+00,  1.1176328578746e+00,  1.1824592069091e+00, -5.4203229589403e+01,  2.0562659793425e+03,  7.7135229890286e-02,  3.8891410419384e+01, -2.8143527465646e+03, -3.5629000688024e-01,  7.6073989661881e+02,  3.0185328219261e+01, -3.6230690044656e+04,  8.3437203300000e-01,  9.0133391203704e-01,               345600
  1.0149927832103e+00,  1.1179100905844e+00,  1.1822183304446e+00, -5.4194753773772e+01,  1.9720090079253e+03,  7.5538364975138e-02,  4.0087432570340e+01, -1.7426510096533e+03, -8.3006320936964e-01,  9.4349529865086e+02,  3.1186675827205e+01, -3.2548877355119e+04,  9.2131776000000e-01,  9.0096932870370e-01,               345600
  1.0148478553790e+00,  1.1181876799181e+00,  1.1812271731693e+00, -5.3500370030926e+01,  2.4051880136724e+03,  8.3423354392399e-02,  3.9246363133505e+01, -1.9305968707542e+03,  6.1953605920631e-02,  1.7249060724175e+03,  1.9346944987948e+01, -4.5329832840248e+04,  1.5044286130000e+00,  9.0387731481481e-01,               345600
  1.0147022829042e+00,  1.1183669714330e+00,  1.1805056683379e+00, -5.3553204844840e+01,  2.1557875351442e+03,  7.8979814857538e-02,  3.8909197323046e+01, -3.6185468448697e+03,  8.2311790880630e-02,  6.6229406726038e+02,  2.2492689031836e+01, -3.5446139818795e+04,  1.7877923040000e+00,  9.0473668981481e-01,               345600
  1.0145565547027e+00,  1.1184968240571e+00,  1.1796061662183e+00, -5.3420669735846e+01,  2.0572072724590e+03,  7.7152882896824e-02,  3.8763445643641e+01, -3.3794349427759e+03, -7.9473173202144e-01,  3.8883555116950e+02,  2.7245378388262e+01, -3.4110441257057e+04,  1.7657971700000e+00,  8.9870949074074e-01,               345600
  1.0144106642823e+00,  1.1186603538954e+00,  1.1782623733813e+00, -5.3242927708447e+01,  2.2068855455537e+03,  7.9910350983527e-02,  3.8542403734591e+01, -2.8067475873326e+03, -4.5720774619529e-01,  2.3593439106348e+02,  2.2265296284960e+01, -3.7135521226934e+04,  1.2215361000000e+00,  9.0590567129630e-01,               345600
  1.0142645701637e+00,  1.1188341445370e+00,  1.1768565713115e+00, -5.4104458504432e+01,  2.2550668113757e+03,  8.0777952308857e-02,  3.8322340398900e+01, -2.4209933523430e+03,  4.7295720327504e-01,  8.1182371672257e+02,  2.0277817808955e+01, -3.7527780877912e+04,  8.6503256100000e-01,  9.0311342592593e-01,               345600
  1.0141182710244e+00,  1.1189226792693e+00,  1.1755090088211e+00, -5.4126057554508e+01,  2.3162516019852e+03,  8.1866457746090e-02,  3.9672385946694e+01, -3.4324518114088e+03, -4.7624411724116e-01, -6.4989404525356e+01,  2.3808038631177e+01, -4.3229952567953e+04,  9.1226671800000e-01,  9.0600694444444e-01,               345600
  1.0139714241189e+00,  1.1190421274876e+00,  1.1741780855026e+00, -5.3930126103931e+01,  2.6022113110467e+03,  8.6772960175460e-02,  4.0633649977614e+01, -3.9985462937641e+03,  2.1300106500341e+00,  1.5628791975117e+03,  1.6969693719283e+01, -4.8310802751274e+04,  9.2020590300000e-01,  9.0459201388889e-01,               345600
  1.0138237840796e+00,  1.1189228156576e+00,  1.1733564542924e+00, -5.3940255254816e+01,  2.5976870566233e+03,  8.6697494794575e-02,  3.9411499786674e+01, -3.2994011914250e+03,  2.0290624094586e-01, -3.4190643923902e+03,  1.2288736327217e+01, -4.9416543245690e+04,  9.3304221800000e-01,  9.1222222222222e-01,               345600
  1.0136757390908e+00,  1.1189329557299e+00,  1.1732716182980e+00, -5.3622116829296e+01,  2.4857934300264e+03,  8.4809724224249e-02,  3.8311241756130e+01, -3.1813914588399e+03, -1.8182354655503e-01,  8.6052699351283e+02,  1.1440392669298e+01, -4.6183387760978e+04,  8.4816110700000e-01,  8.9405960648148e-01,               345600
  1.0135277074590e+00,  1.1189226399468e+00,  1.1738120502331e+00, -5.4038822644910e+01,  2.1520652014791e+03,  7.8911599359912e-02,  4.0279216093274e+01, -2.0258634624670e+03,  2.6127419670120e+00,  1.5514261930984e+03,  2.0328915624202e+01, -3.4169268194874e+04,  8.3593619000000e-01,  9.0791666666667e-01,               345600
  1.0133786495617e+00,  1.1186473011677e+00,  1.1741273519302e+00, -5.3330834508516e+01,  2.7193309461774e+03,  8.8704196353639e-02,  3.7637727271696e+01, -3.8903491436954e+03, -9.0006589501477e-02, -4.8564838523237e+02,  8.2667990813154e+00, -4.9371264098389e+04,  8.4856211000000e-01,  8.9831597222222e-01,               345600
  1.0132300491163e+00,  1.1184251336201e+00,  1.1752848103850e+00, -5.4535411360640e+01,  2.2967343062467e+03,  8.1520814809725e-02,  3.9893017762234e+01, -4.0135482711209e+03,  1.0587609245351e+00,  3.2245682460949e+01,  2.3925340917952e+01, -4.4090954884380e+04,  8.3833320600000e-01,  9.0567129629630e-01,               345600
  1.0130809593392e+00,  1.1181399724804e+00,  1.1762286455613e+00, -5.4354568106527e+01,  2.1378826776793e+03,  7.8651148232464e-02,  3.8707606548569e+01, -3.4953937257482e+03, -7.0869388562022e-01,  1.3190412669389e+02,  2.4494306841779e+01, -3.4688742233759e+04,  8.3210759700000e-01,  9.0732928240741e-01,               345600
  1.0129317647549e+00,  1.1179335593699e+00,  1.1766980597521e+00, -5.3802875729835e+01,  2.4467338012298e+03,  8.4140772302990e-02,  3.9052203650592e+01, -3.6872731549964e+03,  5.1690109641031e-01,  5.0475353905321e+02,  2.0132572322911e+01, -4.7226684772012e+04,  8.5086582100000e-01,  9.1482060185185e-01,               345600
  1.0127823449682e+00,  1.1176864436214e+00,  1.1773077809072e+00, -5.4027967708368e+01,  1.9176657534585e+03,  7.4490277016273e-02,  4.0588551985974e+01, -1.9110789617258e+03,  1.7481600760785e+00,  1.0091207597271e+03,  2.9073513918364e+01, -2.8724354965775e+04,  8.6474293800000e-01,  9.0757523148148e-01,               345600
  1.0126317207963e+00,  1.1172847237613e+00,  1.1770685657899e+00, -5.4087404301334e+01,  1.8788926985550e+03,  7.3733376550774e-02,  4.1155612393955e+01, -2.0475106535100e+03, -8.0570754770223e-02,  5.7631280944320e+02,  2.9562618666240e+01, -2.8396597132300e+04,  8.3784250700000e-01,  9.0490162037037e-01,               345600
  1.0124797766439e+00,  1.1169058691289e+00,  1.1760270566193e+00, -5.4503226674535e+01,  2.1138160825574e+03,  7.8207199026829e-02,  3.9319989407045e+01, -1.6934529953590e+03,  1.7337864880290e+00,  1.3491560133714e+03,  2.6426159666050e+01, -3.4670039186718e+04,  8.5091712300000e-01,  9.0582754629630e-01,               345600
  1.0123272740477e+00,  1.1163721393092e+00,  1.1745980509223e+00, -5.4489107682778e+01,  2.1520364062608e+03,  7.8911071428802e-02,  4.0216627515895e+01, -2.9945511996999e+03,  1.2731826093797e+00,  7.6589542583368e+02,  2.4939830008921e+01, -3.4906719739438e+04,  8.5382322600000e-01,  9.0225405092593e-01,               345600
  1.0121741360732e+00,  1.1157584091796e+00,  1.1729051102683e+00, -5.3902541767751e+01,  3.1138175217517e+03,  9.4920433324317e-02,  3.8407499604814e+01, -4.6129904356149e+03,  1.6014408895644e+00,  7.6246125716018e+02,  3.7805078848102e+00, -6.4990869735933e+04,  8.3588240200000e-01,  8.9334780092593e-01,               345600
  1.0120214485600e+00,  1.1150460932115e+00,  1.1729314172629e+00, -5.4174089222324e+01,  2.8333284318318e+03,  9.0544399531668e-02,  3.7460325173255e+01, -5.4326610890430e+03, -7.0272322675667e-01,  1.6795382275668e+02,  1.1902765832300e+01, -5.6820931032792e+04,  9.0295999000000e-01,  9.0011284722222e-01,               345600
  1.0118696855096e+00,  1.1144532776852e+00,  1.1738493292459e+00, -5.4525871835157e+01,  1.9299707706398e+03,  7.4728884409214e-02,  3.8810325667430e+01, -2.9036805812516e+03,  2.2606322066223e-01,  4.7316204576737e+02,  2.8294713908446e+01, -2.8083099253301e+04,  8.7629395600000e-01,  9.0680844907407e-01,               345600
  1.0117176676554e+00,  1.1138813880186e+00,  1.1739034933290e+00, -5.4123209498740e+01,  2.9556337661136e+03,  9.2478002985620e-02,  4.0649498928971e+01,  1.1922569248880e+02, -7.8857399889784e-01, -4.6759224433028e+02,  1.0578505167956e+01, -6.0378108531945e+04,  8.4511851400000e-01,  9.0418402777778e-01,               345600
  1.0115640279389e+00,  1.1134479805570e+00,  1.1750187291161e+00, -5.3606582347987e+01,  2.6535506402986e+03,  8.7624756305115e-02,  3.7441396776646e+01, -4.7752142993016e+03,  5.6667113645694e-01,  2.6751596648986e+02,  9.8778828738803e+00, -5.0608900298086e+04,  8.3080669400000e-01,  9.0973668981481e-01,               345600
  1.0114111922750e+00,  1.1130005080936e+00,  1.1768649517806e+00, -5.4354316061166e+01,  1.9708883241189e+03,  7.5516897869086e-02,  4.0755921197331e+01, -1.8727791700579e+03,  6.7995644681115e-01,  1.0739673266859e+03,  3.0190961815756e+01, -3.0206524485777e+04,  9.0757819400000e-01,  9.0669849537037e-01,               345600
  1.0112571089420e+00,  1.1124984271484e+00,  1.1777061400927e+00, -5.3763807473980e+01,  2.5070674702810e+03,  8.5171862445490e-02,  3.8747191854776e+01, -3.5690636671327e+03, -1.7940962091712e+00, -1.0692081379428e+03,  1.7057517804657e+01, -4.8025251844211e+04,  8.2593394100000e-01,  9.0124421296296e-01,               345600
  1.0111030342270e+00,  1.1122344789836e+00,  1.1788452902929e+00, -5.3782598252424e+01,  2.0347743102890e+03,  7.6731070289857e-02,  4.0191222065443e+01, -2.7540166359194e+03, -3.0362826392837e-01,  2.9753096653882e+02,  2.7929740497954e+01, -3.2782044768729e+04,  8.4954187200000e-01,  8.9213831018519e-01,               345600
  1.0109481779876e+00,  1.1120090098698e+00,  1.1792400676948e+00, -5.3939855504297e+01,  2.6067597829227e+03,  8.6848763406373e-02,  3.8522684712227e+01, -1.6202462422098e+03, -1.1265365609444e+00,  1.1588328901266e+03,  1.7036233722205e+01, -5.5532853209382e+04,  8.4185716100000e-01,  9.0767361111111e-01,               345600
  1.0107930363680e+00,  1.1118502241608e+00,  1.1801854948849e+00, -5.4125650079933e+01,  1.8238201809212e+03,  7.2644734619539e-02,  3.9496206008396e+01, -2.0477649271174e+03, -1.0340745952298e+00, -1.0647768663296e+02,  3.4674780439175e+01, -2.7445027960205e+04,  8.4769996800000e-01,  8.9366608796296e-01,               345600
  1.0106372932784e+00,  1.1117957684686e+00,  1.1798849396712e+00, -5.3920868095453e+01,  1.9035041002775e+03,  7.4214717975810e-02,  4.0010821570456e+01, -2.3017151412342e+03, -1.0495881472005e+00, -7.2636675221286e+01,  3.1592690377155e+01, -3.0493229540032e+04,  8.3772256000000e-01,  9.0562210648148e-01,               345600
  1.0104808157171e+00,  1.1118354786301e+00,  1.1787127100285e+00, -5.4069043644546e+01,  2.7019907732841e+03,  8.8420927044246e-02,  3.7420381397537e+01, -4.4910905780276e+03, -2.6306428516177e+00, -3.1430148521422e+03,  1.7436673944382e+01, -6.3965883652826e+04,  8.4263137000000e-01,  9.0527199074074e-01,               345600
  1.0103251650445e+00,  1.1122157211004e+00,  1.1784591960904e+00, -5.3957904085812e+01,  2.1766949426462e+03,  7.9361874509819e-02,  3.9754727681705e+01, -3.2009214414688e+03, -2.8635105755567e-01, -4.5080643420713e+02,  2.4861651912828e+01, -3.9646414354577e+04,  8.5384178400000e-01,  9.0859664351852e-01,               345600
  1.0101689977771e+00,  1.1126006862117e+00,  1.1779516608776e+00, -5.3962455163887e+01,  2.3160703901262e+03,  8.1863255273796e-02,  4.1458585119664e+01, -3.5352281808960e+03, -1.7126711104272e-01, -1.5964221298636e+02,  2.1071754987440e+01, -3.9822143544983e+04,  8.7850641800000e-01,  9.1133680555556e-01,               345600
  1.0100116954477e+00,  1.1129685411990e+00,  1.1774295475125e+00, -5.3981753603460e+01,  2.3448995507782e+03,  8.2371173806390e-02,  3.7880045964847e+01, -2.7439312719901e+03, -2.9463735077291e+00, -1.9747943598000e+02,  2.2914859183476e+01, -4.5461283407312e+04,  8.4782707400000e-01,  8.9918113425926e-01,               345600
  1.0098546589214e+00,  1.1135514407492e+00,  1.1769484321661e+00, -5.4314509639384e+01,  2.1005618711027e+03,  7.7961623080394e-02,  4.1644100360459e+01, -2.4592612037846e+03,  7.8241682474420e-01,  5.9507393066004e+02,  2.6949801683383e+01, -3.5253469699383e+04,  8.4228311900000e-01,  9.0502604166667e-01,               345600
  1.0096962050260e+00,  1.1139878789045e+00,  1.1759953040124e+00, -5.4678455816535e+01,  2.0476029191534e+03,  7.6972572810989e-02,  4.0711299503146e+01, -2.7008745496871e+03,  1.5430382418052e+00,  7.5120938761575e+02,  2.4232357266300e+01, -3.1674157571378e+04,  8.4610942300000e-01,  9.0051504629630e-01,               345600
  1.0095368787674e+00,  1.1142225855717e+00,  1.1746672432714e+00, -5.3773907487948e+01,  2.5219190414907e+03,  8.5423763958034e-02,  3.9019878418343e+01, -2.9785161687401e+03, -1.0939279394853e+00,  4.0024985293973e+02,  1.2810841524108e+01, -4.3462998437741e+04,  8.3592750900000e-01,  9.0792245370370e-01,               345600
  1.0093774982400e+00,  1.1145084279317e+00,  1.1739684388206e+00, -5.4685465230602e+01,  2.2276661436660e+03,  8.0285697604084e-02,  4.0909815078761e+01, -2.4189218794805e+03,  1.2974154723108e+00,  1.2891220314494e+03,  2.2492803630030e+01, -3.6408165901567e+04,  8.6773115000000e-01,  9.0348958333333e-01,               345600
  1.0092171284896e+00,  1.1146047255820e+00,  1.1730979265507e+00, -5.4216381982036e+01,  3.0199296531350e+03,  9.3478459422315e-02,  3.9404402517347e+01, -6.9518342366978e+03, -1.8107495775800e-01, -2.3798273085611e+03,  1.0468415189376e+01, -6.7257725970306e+04,  8.3830216500000e-01,  9.0552662037037e-01,               345600
  1.0090574171602e+00,  1.1148058070823e+00,  1.1736130649828e+00, -5.4171455179360e+01,  2.3895198506318e+03,  8.3151187232479e-02,  4.1494972920738e+01, -1.9830936832167e+03,  3.6551755052498e-01,  1.4531230393272e+03,  1.4031849914284e+01, -3.9308788788202e+04,  8.3451160900000e-01,  9.0792245370370e-01,               345600
  1.0088963452070e+00,  1.1148959662283e+00,  1.1743938264092e+00, -5.3846181838090e+01,  2.1640326898802e+03,  7.9130706194547e-02,  4.1109358479406e+01, -2.5165268746690e+03, -7.7121919339804e-01,  1.7851437268362e+02,  2.2948377377065e+01, -3.3637778957528e+04,  8.5730354100000e-01,  9.0114583333333e-01,               345600
  1.0087342875394e+00,  1.1150343290111e+00,  1.1747525137563e+00, -5.4286967233011e+01,  2.1301307333462e+03,  7.8508424540318e-02,  4.1102325702544e+01, -2.3202348417952e+03, -5.6233001628789e-01,  1.0572570811555e+01,  2.4477797530668e+01, -3.2499221560141e+04,  8.5316983400000e-01,  9.0235821759259e-01,               345600
  1.0085712693863e+00,  1.1152058053954e+00,  1.1746113864362e+00, -5.3939148761822e+01,  2.4533011097394e+03,  8.4253618275615e-02,  3.9360701451566e+01, -2.7620765169009e+03, -1.2305321089289e+00,  1.3640107980979e+02,  1.4909290485961e+01, -4.3785695744890e+04,  8.5800994100000e-01,  9.1328125000000e-01,               345600
  1.0084081825875e+00,  1.1154580818454e+00,  1.1748792093628e+00, -5.4343239330367e+01,  2.6230523964502e+03,  8.7119749105315e-02,  3.8351362418325e+01, -3.4561472732889e+03, -1.3849943943268e+00,  5.1244497622989e+02,  1.3775667577112e+01, -4.9429893339495e+04,  8.1905587900000e-01,  9.0019386574074e-01,               345600
  1.0082455777125e+00,  1.1157805946820e+00,  1.1757407848602e+00, -5.4376620151927e+01,  2.2546300831535e+03,  8.0770129986361e-02,  4.0370710313325e+01, -2.6230177856181e+03, -3.0918459796420e-01,  8.4841015674082e+02,  2.3492052830037e+01, -3.9028786107660e+04,  8.4829591700000e-01,  9.0728877314815e-01,               345600
  1.0080823420786e+00,  1.1160617370693e+00,  1.1762918325397e+00, -5.3654058649419e+01,  2.8928280063389e+03,  9.1490171096301e-02,  4.1499317671292e+01, -4.1267136256917e+02,  1.2818845055190e+00,  2.8814945441836e+03,  1.0512988206287e+01, -5.5105475871232e+04,  8.3962590400000e-01,  8.9634837962963e-01,               345600
  1.0079175542235e+00,  1.1160851897887e+00,  1.1777581819372e+00, -5.4434162672658e+01,  2.5483846028989e+03,  8.5870821824386e-02,  3.9590617062847e+01, -3.6565789320049e+03,  4.3381536781990e-01,  3.3494309936685e+02,  1.8761745367416e+01, -5.1309056653499e+04,  9.9053940200000e-01,  9.0567129629630e-01,               345600
  1.0077528387816e+00,  1.1160554259503e+00,  1.1794734290197e+00, -5.4251340906018e+01,  2.2400275811588e+03,  8.0508144234451e-02,  4.1672941504230e+01, -2.5563653388598e+03,  7.6802465898746e-01,  1.1960383589288e+02,  2.5018525473278e+01, -4.0065700591470e+04,  8.3780514200000e-01,  9.0573206018519e-01,               345600
  1.0075870321948e+00,  1.1159583509536e+00,  1.1807354017463e+00, -5.3747333567986e+01,  2.6297941287706e+03,  8.7231634236033e-02,  3.7675234257639e+01, -3.4588540154370e+03, -1.0292277805705e-01,  2.4522048607702e+03,  1.3792243236533e+01, -5.2852870991770e+04,  8.5421530700000e-01,  9.1146122685185e-01,               345600
  1.0074221139705e+00,  1.1157753295410e+00,  1.1825963187339e+00, -5.4166093041584e+01,  2.2197283499146e+03,  8.0142529823799e-02,  3.8376422115014e+01, -4.0801782864108e+03, -9.1741489254904e-01, -2.6289084019248e+02,  2.5244343146589e+01, -4.2014187009986e+04,  8.1423777200000e-01,  9.0339699074074e-01,               345600
  1.0072577997272e+00,  1.1156996245642e+00,  1.1840314650669e+00, -5.4081458202693e+01,  1.9640533537863e+03,  7.5385839191051e-02,  4.0779691895493e+01, -2.5184448223675e+03, -9.1297739318566e-01, -5.9203341610269e+02,  3.4237336512448e+01, -3.1893799365197e+04,  8.6957154400000e-01,  9.0588831018519e-01,               345600
  1.0070926310464e+00,  1.1157345374450e+00,  1.1842747470965e+00, -5.3902481208640e+01,  2.2259515647355e+03,  8.0254794709646e-02,  4.1380579137339e+01, -1.2898409437578e+03,  1.0757042357613e+00,  2.3725964534791e+03,  2.4821141709865e+01, -3.9321279546282e+04,  8.5720712700000e-01,  8.9327835648148e-01,               345600
  1.0069261357810e+00,  1.1155725932227e+00,  1.1841971376042e+00, -5.3566630205938e+01,  2.5045236199171e+03,  8.5128640740335e-02,  3.8519847345961e+01, -4.0758668695450e+03, -7.9675925921775e-01, -9.4573207684675e+02,  2.2956970976881e+01, -5.0688803853451e+04,  8.0638742800000e-01,  9.0115162037037e-01,               345600
  1.0067602471625e+00,  1.1155353383320e+00,  1.1842648184364e+00, -5.3725638357826e+01,  2.2650528768071e+03,  8.0956608405151e-02,  4.0978866307039e+01, -2.7764608580815e+03, -2.1228336711982e+00, -3.6027951695222e+02,  2.7290960995984e+01, -4.7082571062831e+04,  1.0609893140000e+00,  9.0552951388889e-01,               345600
  1.0065935310264e+00,  1.1156994425119e+00,  1.1841092133606e+00, -5.4718288023716e+01,  1.9219275897831e+03,  7.4573004983634e-02,  3.8787077509192e+01, -2.6539524189448e+03, -1.5847580401526e+00,  3.1127825731817e+02,  3.3687960814321e+01, -3.2286064479461e+04,  1.0110148370000e+00,  9.0244502314815e-01,               345600
  1.0064269595746e+00,  1.1159703439771e+00,  1.1829535302491e+00, -5.3929467176421e+01,  2.3468757088727e+03,  8.2405875544675e-02,  3.8107194969227e+01, -4.1533175791817e+03, -1.4633241491622e+00,  7.5547757631299e+02,  2.5870881755091e+01, -4.6563017784564e+04,  9.0076255900000e-01,  9.0241898148148e-01,               345600
  1.0062611087147e+00,  1.1163081816357e+00,  1.1817612556194e+00, -5.4104008502586e+01,  2.8700112555733e+03,  9.1128649262226e-02,  3.9310066855412e+01, -5.5983581835631e+03,  1.5669319001175e-01,  2.3740113092185e+03,  2.0198032011411e+01, -7.5706324599724e+04,  8.0866892000000e-01,  9.0394965277778e-01,               345600
  1.0061783889718e+00,  1.1164024914853e+00,  1.1817365658863e+00, -5.3994319254156e+01,  2.3049960496273e+03,  8.1667305298440e-02,  4.0046481780024e+01, -4.0133262929937e+03,  1.4526349993258e+00,  1.2246043291855e+03,  2.1406832166451e+01, -4.4781038740534e+04,  1.0746647860000e+00,  9.0635995370370e-01,               345600
  1.0060955065583e+00,  1.1163982139129e+00,  1.1817429261650e+00, -5.4723082064344e+01,  1.6979735411857e+03,  7.0093636554079e-02,  4.1965769775174e+01, -2.2922892746882e+03,  1.9789856975052e+00,  1.1476655929443e+02,  3.8324209729793e+01, -2.4373634845243e+04,  8.5745618500000e-01,  9.1140046296296e-01,               345600
  1.0060118548804e+00,  1.1163061041190e+00,  1.1809870126296e+00, -5.4256832645891e+01,  1.9552363344062e+03,  7.5216437975249e-02,  4.0043674748982e+01, -2.8972142670576e+03, -1.7875231569065e-01, -1.3795786754327e+02,  3.3343210433731e+01, -3.2631086962260e+04,  8.3472555300000e-01,  9.0880208333333e-01,               345600
  1.0059279795752e+00,  1.1162338031740e+00,  1.1798084942831e+00, -5.4337176707890e+01,  2.0258853119604e+03,  7.6563285369372e-02,  4.0477281853869e+01, -2.4094055030654e+03,  1.4520831808814e+00,  7.3109796956626e+02,  2.6038623346884e+01, -3.2871003289764e+04,  7.9257990400000e-01,  8.9877025462963e-01,               345600
  1.0058437383628e+00,  1.1160895337908e+00,  1.1784650400200e+00, -5.4223291218682e+01,  2.3846899498281e+03,  8.3067108597522e-02,  3.8693073923060e+01, -3.1750191179436e+03,  1.3404956584940e+00,  1.5277324633963e+03,  1.8764041849244e+01, -4.4327799754949e+04,  8.0154131600000e-01,  9.0943287037037e-01,               345600
  1.0057596271437e+00,  1.1158677224257e+00,  1.1773532491183e+00, -5.3765966388182e+01,  2.9591847016428e+03,  9.2533538427535e-02,  3.9010138083272e+01, -4.6017304181299e+03,  9.8991922502835e-01, -1.8992224960282e+02,  8.4025236954698e+00, -6.5226477238772e+04,  8.2072174200000e-01,  9.0799189814815e-01,               345600
  1.0056757052553e+00,  1.1156286304696e+00,  1.1770615623402e+00, -5.4557692881260e+01,  2.2182034577993e+03,  8.0114997241365e-02,  4.1151713274895e+01, -2.8309059811504e+03, -1.8127067396397e+00, -6.4082502921529e+02,  2.3819757275059e+01, -3.7744378800287e+04,  8.9271634000000e-01,  9.0127893518519e-01,               345600
  1.0055912718245e+00,  1.1155063696093e+00,  1.1766531048716e+00, -5.4336202506088e+01,  2.2909237336985e+03,  8.1417628606895e-02,  4.1295140550439e+01, -2.5075825464536e+03,  8.5087201055351e-01,  1.4851993413434e+02,  1.9145142179733e+01, -3.7693986300632e+04,  8.1994593400000e-01,  9.0053240740741e-01,               345600
  1.0055062935808e+00,  1.1153555740588e+00,  1.1762760166995e+00, -5.3793360524231e+01,  2.9833197274346e+03,  9.2910122580877e-02,  3.9451959512688e+01, -1.5572405564728e+03, -6.6334770698198e-01,  2.2416623892959e+03,  6.1229678789366e+00, -5.9412762661855e+04,  8.4102835400000e-01,  9.0429687500000e-01,               345600
  1.0054211105443e+00,  1.1151995107623e+00,  1.1766317682283e+00, -5.4516415079285e+01,  2.2149286050684e+03,  8.0055836364139e-02,  4.1637848906229e+01, -2.2722694443672e+03,  6.5527209351461e-01,  7.3982521219790e+02,  2.4054738209748e+01, -3.5373569774363e+04,  8.1412801600000e-01,  9.0803530092593e-01,               345600
  1.0053353217738e+00,  1.1150136819749e+00,  1.1767643558200e+00, -5.4669949953619e+01,  2.0834519726879e+03,  7.7643459901118e-02,  3.7988697228599e+01, -3.1799055731564e+03,  7.5542494430437e-01,  5.6861948188672e+02,  2.3514140802671e+01, -3.4210039346123e+04,  7.8328987400000e-01,  9.0433449074074e-01,               345600
  1.0052498817792e+00,  1.1148002888932e+00,  1.1766941574607e+00, -5.4171342754052e+01,  2.3904739317182e+03,  8.3167785767462e-02,  3.6772968681196e+01, -4.2007767636641e+03, -1.9596131769422e+00,  6.5776352718997e+01,  1.9204193366651e+01, -4.2078803833515e+04,  8.6309358300000e-01,  9.0247395833333e-01,               345600
  1.0051651257006e+00,  1.1146929698542e+00,  1.1766852952959e+00, -5.4497749042060e+01,  2.3751605967943e+03,  8.2900972076809e-02,  3.7497720945264e+01, -4.3418297068863e+03,  8.2778007188918e-02, -7.4850121489564e+02,  2.3248764337607e+01, -4.6535455589489e+04,  7.9007650900000e-01,  9.1065682870370e-01,               345600
  1.0050808264296e+00,  1.1146090993358e+00,  1.1766778679997e+00, -5.4666008127828e+01,  2.0376178312241e+03,  7.6784665971211e-02,  4.0811756099186e+01, -2.8573810238190e+03, -2.7172003483399e+00, -7.4351748143709e+02,  2.8849740613306e+01, -3.3315076491206e+04,  8.0271502700000e-01,  8.9741898148148e-01,               345600
  1.0049960187140e+00,  1.1146704052462e+00,  1.1763082285083e+00, -5.3828674894803e+01,  2.2938700176493e+03,  8.1469966092682e-02,  3.9967411270175e+01, -2.8544495729171e+03,  2.7999144684030e-01,  8.6205929284476e+02,  2.1741812001735e+01, -3.9231277557182e+04,  7.9551041600000e-01,  8.9757812500000e-01,               345600
  1.0049109252444e+00,  1.1146941060016e+00,  1.1759115269231e+00, -5.4698795021223e+01,  1.9671567268302e+03,  7.5445373734322e-02,  3.9858235923842e+01, -3.0668507995323e+03, -8.4389409270072e-01,  1.5849765006265e+02,  3.1679685903796e+01, -3.0142142009827e+04,  7.9365251200000e-01,  8.9581307870370e-01,               345600
  1.0048256068376e+00,  1.1147494972366e+00,  1.1750577627374e+00, -5.3185485379109e+01,  2.6295803059389e+03,  8.7228087856870e-02,  3.9826609096340e+01, -2.0221363660573e+03,  6.7201139425233e-01,  2.0857508432148e+03,  8.6753830501436e+00, -4.7114010766869e+04,  8.1335783900000e-01,  9.0301215277778e-01,               345600
  1.0047399599166e+00,  1.1147230007703e+00,  1.1747333847359e+00, -5.3965667916213e+01,  2.5935093148083e+03,  8.6627750925139e-02,  3.7704390696622e+01, -4.8630143735987e+03, -9.8873586916766e-03,  1.1071811894041e+03,  1.5248679205100e+01, -4.9312000926925e+04,  8.3530127800000e-01,  9.0921296296296e-01,               345600
  1.0046547983388e+00,  1.1146748301841e+00,  1.1747229210600e+00, -5.3936864960596e+01,  2.7556392858787e+03,  8.9294419221176e-02,  3.8306936532141e+01, -3.9265749952398e+03, -1.3501026178984e+00, -3.1285589360273e+02,  1.2560576472318e+01, -5.7918264915113e+04,  7.9596462200000e-01,  9.1120659722222e-01,               345600
  1.0045698187873e+00,  1.1146987969028e+00,  1.1752058577560e+00, -5.4065359331111e+01,  2.9891821386758e+03,  9.3001364901184e-02,  4.0932315882991e+01, -3.7312729095346e+03,  2.9752447674798e-01,  1.7136520893525e+03,  1.3575882367828e+01, -6.5835264458060e+04,  7.9107601400000e-01,  9.0822337962963e-01,               345600
  1.0044843737226e+00,  1.1146686682835e+00,  1.1762228191194e+00, -5.4091861957294e+01,  2.4721834805901e+03,  8.4577235011929e-02,  3.9208838825435e+01, -5.5245947138201e+03,  1.3888543858395e-01, -5.8840217934505e+02,  1.3775480556432e+01, -4.9803986412490e+04,  8.0330033000000e-01,  9.0492476851852e-01,               345600
  1.0043990860560e+00,  1.1146484770024e+00,  1.1774748467324e+00, -5.3824132726278e+01,  2.9669180313547e+03,  9.2654369927442e-02,  3.8718344013329e+01, -5.6224354132844e+03, -7.4336578758405e-01, -6.6468583779572e+02,  1.0588883774378e+01, -6.4014304571100e+04,  8.5556750100000e-01,  9.1771701388889e-01,               345600
  1.0043140479397e+00,  1.1146786609961e+00,  1.1792495033429e+00, -5.3929798453263e+01,  2.0828844713354e+03,  7.7632884718678e-02,  4.1461450718355e+01, -1.5014672682127e+03,  3.8731619664909e-01,  1.0202731170674e+03,  2.9272052430979e+01, -3.4476007658327e+04,  8.1891472500000e-01,  9.1017939814815e-01,               345600
  1.0042281295547e+00,  1.1146654320253e+00,  1.1804857520314e+00, -5.4446500513374e+01,  1.9167865994781e+03,  7.4473200022815e-02,  4.0816595579175e+01, -2.2659972995410e+03,  9.2319864644984e-01,  3.3788228732511e+02,  3.0029286684207e+01, -2.8055530954824e+04,  8.2110522700000e-01,  8.9894675925926e-01,               345600
  1.0041416347910e+00,  1.1146041979341e+00,  1.1811158265349e+00, -5.4349682101557e+01,  1.9814974445900e+03,  7.5719875530262e-02,  4.0287629893592e+01, -2.7991873978266e+03, -1.6438256181488e+00, -4.0154945521491e+02,  3.3891597765401e+01, -3.2409254768873e+04,  7.8738998000000e-01,  9.0361979166667e-01,               345600
  1.0040547857305e+00,  1.1146324155406e+00,  1.1811475720426e+00, -5.3874895315277e+01,  2.6405952670475e+03,  8.7410590348735e-02,  3.9455541833688e+01, -2.9374069014710e+03, -1.7725871414430e+00, -1.0830240651836e+02,  1.7879505272537e+01, -5.5350021333940e+04,  8.0540130300000e-01,  8.9859375000000e-01,               345600
  1.0039678073954e+00,  1.1147406250278e+00,  1.1814736762026e+00, -5.4081252152122e+01,  1.9776437562239e+03,  7.5646208309910e-02,  4.1714949871010e+01, -2.9313000731036e+03,  2.2560904399463e+00,  1.0782930151171e+03,  2.9899377592936e+01, -3.2585859288653e+04,  8.0117110600000e-01,  8.9978009259259e-01,               345600
  1.0038801797801e+00,  1.1147113114489e+00,  1.1813537513473e+00, -5.4669406033448e+01,  2.0124055627207e+03,  7.6308143487454e-02,  4.1690506718416e+01, -1.7080850644938e+03, -1.5719476161151e+00, -4.7872180068490e+02,  3.1232363195456e+01, -3.3556743354695e+04,  7.8649259300000e-01,  8.9813078703704e-01,               345600
  1.0037918160845e+00,  1.1147672443048e+00,  1.1808052341879e+00, -5.4747159917298e+01,  1.9597662178663e+03,  7.5303518134037e-02,  4.1917643179843e+01, -2.4697862729936e+03,  5.6019122219876e-01,  2.7268412972633e+02,  3.5246255153960e+01, -3.1199940236277e+04,  8.1795853600000e-01,  9.1860821759259e-01,               345600
  1.0037028076567e+00,  1.1147859450841e+00,  1.1797113125952e+00, -5.4563793621902e+01,  2.1527677515161e+03,  7.8924478807790e-02,  4.0842453052499e+01, -3.3767815488958e+03,  4.7284285464929e-01,  1.0480439528803e+03,  2.4680198648858e+01, -3.7870912563176e+04,  8.3602866000000e-01,  9.0312210648148e-01,               345600
  1.0036135531947e+00,  1.1147573153394e+00,  1.1785494404227e+00, -5.4282879237589e+01,  2.3195994262479e+03,  8.1925599756078e-02,  3.9719509153223e+01, -3.0820472201778e+03, -7.7914980462060e-01, -6.2037909188052e+02,  1.9998277169841e+01, -4.0899505080041e+04,  9.8625066800000e-01,  8.9724247685185e-01,               345600
  1.0035242860087e+00,  1.1147813014629e+00,  1.1775157217849e+00, -5.4017173398413e+01,  2.5723242911959e+03,  8.6273217003948e-02,  3.7924683825593e+01, -3.4444990850966e+03,  3.5927279514211e-01,  4.4339225128394e+02,  7.7345424013011e+00, -4.8930181497256e+04,  7.8033638600000e-01,  9.1388599537037e-01,               345600
  1.0034354481516e+00,  1.1147763214225e+00,  1.1770970671290e+00, -5.4361926436136e+01,  2.1366476645923e+03,  7.8628427334185e-02,  4.1364113132428e+01, -2.2423035169426e+03,  4.0032449743551e-01,  1.0367026096131e+03,  2.5112717073510e+01, -3.3938416627696e+04,  8.0241201900000e-01,  8.9935763888889e-01,               345600
  1.0033460488227e+00,  1.1147296857577e+00,  1.1764694273505e+00, -5.5095672614021e+01,  2.2499270318279e+03,  8.0685844681143e-02,  4.0807071551672e+01, -2.4448065145123e+03, -2.2026781603431e-01,  7.7499503932992e+02,  2.4661581075542e+01, -3.9370747024194e+04,  9.1542219000000e-01,  9.0298321759259e-01,               345600
  1.0032562796760e+00,  1.1146799541221e+00,  1.1757504082201e+00, -5.4246389821231e+01,  2.4904356367948e+03,  8.4888878153998e-02,  3.8990697778205e+01, -3.0896573227940e+03,  7.0455541082696e-01,  2.7605829449006e+03,  1.5915268322088e+01, -4.5415107681125e+04,  8.8086563700000e-01,  9.0677083333333e-01,               345600
  1.0031666575420e+00,  1.1145391347633e+00,  1.1753115865927e+00, -5.4041251094553e+01,  2.5766241413234e+03,  8.6345293260149e-02,  3.8761962480046e+01, -3.9768580279124e+03, -4.4194656475379e-01,  1.5999825590993e+03,  1.2243308177050e+01, -4.6432031067706e+04,  7.9551779300000e-01,  9.1098668981481e-01,               345600
  1.0030773093142e+00,  1.1143956621791e+00,  1.1752548516616e+00, -5.4517620532265e+01,  2.3756248123977e+03,  8.2909073012095e-02,  3.8872541776243e+01, -3.7244403138344e+03, -3.4136888937166e-01,  8.4652156552650e+02,  2.1180911630339e+01, -4.2757941788954e+04,  8.0786941600000e-01,  9.0245081018519e-01,               345600
  1.0029881382897e+00,  1.1142625273023e+00,  1.1752098280313e+00, -5.4168727641955e+01,  3.0773202251590e+03,  9.4362508756970e-02,  3.9387173270462e+01, -2.3490197678274e+03,  1.3821703757547e+00,  2.4133386960860e+03,  3.4520313204678e+00, -6.3001006928114e+04,  8.2918344400000e-01,  9.0452835648148e-01,               345600
  1.0028988319044e+00,  1.1140226865813e+00,  1.1760379866171e+00, -5.4554441090090e+01,  3.1693213634773e+03,  9.5762675695481e-02,  3.7756620676527e+01, -8.7799935666814e+03, -1.2883579899168e+00,  9.2878890279171e+02,  9.4710767580857e+00, -8.9177669647832e+04,  8.6358159100000e-01,  8.9721643518519e-01,               345600
  1.0028105204976e+00,  1.1138446533627e+00,  1.1778725214495e+00, -5.4093097156177e+01,  2.4018449695807e+03,  8.3365357901783e-02,  3.8030096189283e+01, -4.6390553932016e+03, -1.0363209215123e+00,  2.8526052655754e+02,  2.0027089702992e+01, -4.7571846461283e+04,  8.3286084800000e-01,  9.0838831018519e-01,               345600
  1.0027225443458e+00,  1.1137256490676e+00,  1.1796431731842e+00, -5.3936461039862e+01,  2.1939189604484e+03,  7.9675247976936e-02,  3.8391774186365e+01, -2.9236170234606e+03, -1.4954385950693e+00, -5.5946088324722e+01,  2.0513657614296e+01, -3.6208084569776e+04,  8.3383002500000e-01,  9.0007812500000e-01,               345600
  1.0026345704113e+00,  1.1136892311637e+00,  1.1811645649647e+00, -5.4640137791358e+01,  2.0343293150705e+03,  7.6722679475640e-02,  3.8979872011886e+01, -4.0838126338888e+03, -2.3342105614478e+00, -7.6663063655442e+02,  2.9823971492740e+01, -3.5753789123995e+04,  8.0920438300000e-01,  9.0287326388889e-01,               345600
  1.0025465819573e+00,  1.1137830390968e+00,  1.1821638212008e+00, -5.4481719726631e+01,  1.9687015743430e+03,  7.5474992300749e-02,  3.9829296218230e+01, -2.6215255782924e+03, -3.4360994571236e-02,  7.8448816715370e+02,  3.0158553568349e+01, -3.1037353258459e+04,  8.4874675000000e-01,  9.1410300925926e-01,               345600
  1.0024581939396e+00,  1.1138509053077e+00,  1.1826077303756e+00, -5.4607174188746e+01,  1.7058215691161e+03,  7.0255436085229e-02,  4.0010694677273e+01, -2.7901052849676e+03, -3.1456534339007e+00, -1.4065503123748e+02,  3.9481927527637e+01, -2.6468269429433e+04,  1.1127612330000e+00,  9.0978009259259e-01,               345600
  1.0023694075453e+00,  1.1140624724597e+00,  1.1821876936762e+00, -5.4002859926532e+01,  2.1674598500360e+03,  7.9193340718930e-02,  3.8085851389675e+01, -3.4224028763105e+03,  5.5274408136474e-01,  9.2824559638654e+02,  2.1175481194362e+01, -3.6905941612957e+04,  1.1096761600000e+00,  9.0528356481481e-01,               345600
  1.0022807757252e+00,  1.1142055779628e+00,  1.1817238108785e+00, -5.4513452545732e+01,  2.2437340944933e+03,  8.0574724033334e-02,  3.9737502067442e+01, -2.1759238299189e+03,  4.5465050876878e-02,  5.6990983120179e+02,  2.5203619016894e+01, -4.0121729932372e+04,  1.2582696060000e+00,  9.0645254629630e-01,               345600
  1.0021917309380e+00,  1.1143190896485e+00,  1.1811443911513e+00, -5.4166793020022e+01,  2.0531748625836e+03,  7.7077230662773e-02,  4.0481544227835e+01, -2.7174173378252e+03, -4.6751984540216e-02,  1.3712119314611e+02,  2.6977399241792e+01, -3.3153670744592e+04,  1.0790283370000e+00,  9.0638888888889e-01,               345600
  1.0021021864450e+00,  1.1144203997115e+00,  1.1802954902701e+00, -5.4602309394932e+01,  1.6852374498464e+03,  6.9830263992280e-02,  4.1111558146891e+01, -1.6811852683392e+03,  6.5444824262140e-01,  5.3870673675311e+02,  3.6097528824439e+01, -2.3524090412707e+04,  8.6510829500000e-01,  9.1276620370370e-01,               345600
  1.0020119035542e+00,  1.1144682396395e+00,  1.1787654257330e+00, -5.3835117556740e+01,  2.2354896049139e+03,  8.0426553884734e-02,  4.0200942636619e+01, -2.6421541761873e+03,  7.7212084849989e-01,  1.2622134258335e+03,  1.9743331735708e+01, -3.5824226145477e+04,  1.0930736920000e+00,  8.9521412037037e-01,               345600
  1.0019212696937e+00,  1.1144451897220e+00,  1.1773283590598e+00, -5.4033597416706e+01,  2.1408979565699e+03,  7.8706593647504e-02,  4.0172161686669e+01, -2.5464068941679e+03, -6.1328883627118e-01, -3.0425543227048e+02,  2.1201917638596e+01, -3.6035933987937e+04,  9.6247891200000e-01,  9.0953414351852e-01,               345600
  1.0018302995307e+00,  1.1144605693646e+00,  1.1759323739509e+00, -5.5029165854199e+01,  2.1466955271655e+03,  7.8813090673278e-02,  4.1491674480877e+01, -2.8839204817967e+03, -5.8840074029291e-01, -6.0674908681767e+02,  2.8796250502434e+01, -3.5761451666107e+04,  9.6394451400000e-01,  9.0658275462963e-01,               345600
  1.0017387363952e+00,  1.1145166348839e+00,  1.1743290813710e+00, -5.4188413079117e+01,  2.5830919501744e+03,  8.6453596760723e-02,  3.8759002849011e+01, -2.8086972636945e+03, -1.4205942309022e-01,  1.6035511701145e+03,  1.4745423552000e+01, -4.8085639868025e+04,  9.5433798200000e-01,  9.0023148148148e-01,               345600
  1.0016472667107e+00,  1.1145359073570e+00,  1.1731780166374e+00, -5.4184252449479e+01,  2.7629328696973e+03,  8.9412512680792e-02,  3.9593661065712e+01, -1.4367692344887e+03, -2.7610030398316e+00, -1.5217807524991e+03,  9.8539312904876e+00, -5.1831245592652e+04,  8.9885378900000e-01,  9.0341145833333e-01,               345600
  1.0015555026954e+00,  1.1147205029126e+00,  1.1726495880059e+00, -5.4118505571816e+01,  2.4619915956075e+03,  8.4402714851640e-02,  3.8916395462884e+01, -3.5514726845109e+03, -2.9898325811401e+00, -1.5716504427637e+03,  1.1259468090188e+01, -4.2275898501596e+04,  8.6577684900000e-01,  9.1079861111111e-01,               345600
  1.0014638738109e+00,  1.1150664814639e+00,  1.1724868387239e+00, -5.3796071189674e+01,  2.1468407850038e+03,  7.8815757103001e-02,  3.9752063651480e+01, -3.2336441079801e+03,  6.9720899912853e-01,  2.5476478127440e+02,  1.8170678149858e+01, -3.2713764686746e+04,  8.9142948000000e-01,  8.9486111111111e-01,               345600
  1.0013721133515e+00,  1.1153391012696e+00,  1.1722824422238e+00, -5.3534753069260e+01,  2.6448705296450e+03,  8.7481322901586e-02,  3.7764261205927e+01, -4.2161038270225e+03, -3.3831186570405e-02,  7.0729362576366e+02,  7.6654120782686e+00, -4.7742197849333e+04,  8.5517848500000e-01,  9.1071759259259e-01,               345600
  1.0012808154905e+00,  1.1155696083343e+00,  1.1726142989242e+00, -5.4827071296358e+01,  3.0017496320716e+03,  9.3196663826316e-02,  4.0908839487517e+01, -6.2365913543782e+03, -1.3207743773739e+00, -3.1421214867905e+03,  1.6592630466945e+01, -7.0752590580316e+04,  8.6540589800000e-01,  8.9974537037037e-01,               345600
  1.0011894065127e+00,  1.1159156306037e+00,  1.1735124110951e+00, -5.4097757875066e+01,  2.5687141846092e+03,  8.6212656042764e-02,  3.9657720045119e+01, -4.1512930143963e+03,  7.5164659976945e-01,  4.0695643933756e+02,  1.5231952652367e+01, -4.9355104565156e+04,  8.7947381600000e-01,  9.0864293981481e-01,               345600
  1.0010979328296e+00,  1.1161818401109e+00,  1.1746237104566e+00, -5.4134129806338e+01,  2.7149157038027e+03,  8.8632154803829e-02,  3.9869855719359e+01, -3.3249368353835e+03,  1.0463297210627e-01,  9.0671998755878e+02,  9.4926268538227e+00, -4.9066204569726e+04,  8.7447790800000e-01,  9.0187789351852e-01,               345600
  1.0010062349297e+00,  1.1163950671034e+00,  1.1761065024176e+00, -5.4604548590163e+01,  2.1332612762836e+03,  7.8566093244892e-02,  4.0985381951253e+01, -2.5410207306331e+03,  1.6177994890082e+00,  6.9802157566641e+02,  2.4017381426260e+01, -3.4007750891411e+04,  8.7995931500000e-01,  9.1099826388889e-01,               345600
  1.0009139549460e+00,  1.1164928110198e+00,  1.1772184577110e+00, -5.4004715578862e+01,  2.2536117081267e+03,  8.0751886733467e-02,  3.9085413823445e+01, -2.8384974758006e+03, -1.0597109048232e+00, -1.8628975735274e+02,  1.8286371022400e+01, -3.7590956674395e+04,  9.9202124300000e-01,  9.0470775462963e-01,               345600
  1.0008216314569e+00,  1.1166363955022e+00,  1.1782372112532e+00, -5.4019407313827e+01,  2.6347710585701e+03,  8.7314138889581e-02,  3.9685831474255e+01, -4.7526497946902e+03,  5.6273479811073e-01,  2.4233935260102e+03,  1.7260302468531e+01, -5.5790606682042e+04,  9.7699212200000e-01,  9.0818287037037e-01,               345600
  1.0007293406300e+00,  1.1166803167914e+00,  1.1794973764154e+00, -5.4793831736093e+01,  2.1141898302379e+03,  7.8214112700054e-02,  4.0066854626621e+01, -3.5896686686086e+03,  3.2177015477870e-01,  3.5251172214330e+02,  2.6348172389872e+01, -3.3739129109108e+04,  8.9415900900000e-01,  8.9535011574074e-01,               345600
  1.0006368304636e+00,  1.1166958695575e+00,  1.1803281521201e+00, -5.3926727136197e+01,  2.3541350406243e+03,  8.2533225643614e-02,  4.0065021742788e+01, -1.9827208475142e+03, -3.0570014102018e-01,  2.5794307444696e+03,  2.2978529606173e+01, -4.5658861293651e+04,  8.6148736700000e-01,  9.0252604166667e-01,               345600
  1.0005439122271e+00,  1.1166623102674e+00,  1.1810722699470e+00, -5.4508540364249e+01,  1.7135815980089e+03,  7.0415055824953e-02,  4.0661455351777e+01, -2.3808709260170e+03, -2.5795517810832e-01,  1.4529749251380e+02,  3.5676606232661e+01, -2.3981908537551e+04,  8.5310697000000e-01,  9.0278645833333e-01,               345600
  1.0004505138406e+00,  1.1166410321596e+00,  1.1809780535259e+00, -5.3932434467442e+01,  2.5371359745219e+03,  8.5681094334040e-02,  3.8831187969487e+01, -2.1009299109515e+03,  1.9992357630869e+00,  1.9218545280597e+03,  1.2162282676512e+01, -4.5889285654931e+04,  8.9197822200000e-01,  9.0426793981481e-01,               345600
  1.0003570804537e+00,  1.1164782524197e+00,  1.1812417942238e+00, -5.4409374041686e+01,  2.0012738231077e+03,  7.6096799326834e-02,  3.9961751113458e+01, -3.1654962971483e+03, -4.2150491617422e-01, -6.5502933498758e+02,  3.0813141495690e+01, -3.3420902809074e+04,  8.5210796600000e-01,  8.9787037037037e-01,               345600
  1.0002634542417e+00,  1.1163679062538e+00,  1.1810228019288e+00, -5.4393523970785e+01,  2.0673825294580e+03,  7.7343452430367e-02,  3.9610832000279e+01, -3.0620940621654e+03, -1.6942933187373e+00, -3.9195018883105e+02,  2.7906485426390e+01, -3.3238554830487e+04,  8.9738422800000e-01,  9.0722222222222e-01,               345600
  1.0001697126175e+00,  1.1163604295767e+00,  1.1804593159135e+00, -5.4309828389439e+01,  2.0664918476092e+03,  7.7326789855940e-02,  3.9269043027071e+01, -3.3826216827887e+03, -2.7660359793791e+00, -6.4469739777089e+02,  2.9068868074449e+01, -3.3188711067018e+04,  8.5627136700000e-01,  9.0864872685185e-01,               345600
  1.0000759754487e+00,  1.1165042373159e+00,  1.1795462055621e+00, -5.4930909625298e+01,  2.2042355152500e+03,  7.9862358358316e-02,  4.1319885885475e+01, -1.4759969088504e+03,  9.8792297980294e-02,  5.8833310314277e+02,  3.2927015463243e+01, -4.0764588969211e+04,  8.7247768900000e-01,  9.0466724537037e-01,               345600
  9.9998148834054e-01,  1.1166146875710e+00,  1.1783150719452e+00, -5.4404002135846e+01,  1.9785750349904e+03,  7.5664017234239e-02,  4.1297005312044e+01, -1.9678785320818e+03, -9.1270698692192e-01,  4.3540516640979e+02,  2.8704662191942e+01, -3.0884197866410e+04,  8.5527036400000e-01,  9.0536458333333e-01,               345600
  9.9988637562148e-01,  1.1167482420375e+00,  1.1767733155395e+00, -5.4774182146760e+01,  2.1968074792295e+03,  7.9727681032189e-02,  3.9093952501477e+01, -3.2635447819724e+03, -1.3754358516332e+00, -1.8465504148664e+02,  2.3880878676750e+01, -3.5401865356786e+04,  8.7587709200000e-01,  9.0795428240741e-01,               345600
  9.9979138707995e-01,  1.1169405297781e+00,  1.1751818761269e+00, -5.4413502872058e+01,  2.4374459070940e+03,  8.3980919678601e-02,  4.0800102673193e+01, -4.6938010023246e+03,  3.2594369956349e-01,  3.5420425501445e+02,  1.9564442264772e+01, -4.4655762119603e+04,  8.6411917200000e-01,  9.0727719907407e-01,               345600
  9.9969625083427e-01,  1.1170891868700e+00,  1.1738376040223e+00, -5.4977452587283e+01,  2.2099007811342e+03,  7.9964922524194e-02,  3.7775260037561e+01, -3.9656095043908e+03, -2.0866063015651e+00, -1.1599787477235e+03,  1.9304890526615e+01, -3.7773704971586e+04,  8.6468906800000e-01,  8.9993923611111e-01,               345600
  9.9960162550306e-01,  1.1173542276279e+00,  1.1726121316736e+00, -5.4894643952289e+01,  2.4059029808010e+03,  8.3435752700546e-02,  4.0711641437777e+01, -3.1252543682843e+03,  6.7771024292227e-01,  2.2115213094167e+02,  1.4094237187194e+01, -3.9429054113088e+04,  9.0074481600000e-01,  9.0221643518519e-01,               345600
  9.9950661413359e-01,  1.1175543479025e+00,  1.1716917442617e+00, -5.4597529963494e+01,  2.1348112126933e+03,  7.8594629444187e-02,  3.8593523880787e+01, -2.2394102013367e+03, -8.4262818252118e-01,  6.8538673383867e+02,  2.2100421408745e+01, -3.2119260684551e+04,  8.5854685800000e-01,  8.9949363425926e-01,               345600
  9.9941165579746e-01,  1.1177593893836e+00,  1.1706637180082e+00, -5.4073938852584e+01,  2.6021942672096e+03,  8.6772676004337e-02,  4.0915091228002e+01, -2.0181692120803e+03,  9.3026870698109e-01,  8.7045212191174e+02,  9.4058694680662e+00, -4.5961150730454e+04,  9.1001982700000e-01,  9.1079282407407e-01,               345600
  9.9931612540700e-01,  1.1178767982312e+00,  1.1701835838408e+00, -5.4731491084948e+01,  2.6639674278432e+03,  8.7796577867218e-02,  4.1462521295018e+01, -1.9819862810218e+03,  2.4968946476301e+00,  2.4345077159296e+03,  1.3804234049678e+01, -4.9375858282727e+04,  8.4986955300000e-01,  9.0772858796296e-01,               345600
  9.9921992287189e-01,  1.1177989557090e+00,  1.1701092864688e+00, -5.4984952697121e+01,  2.8287425870372e+03,  9.0471095161461e-02,  3.7524359182937e+01, -6.2211188094492e+03, -3.4831001169293e+00, -4.5038080551944e+03,  6.7966614653475e+00, -5.7350013948346e+04,  8.8312209700000e-01,  9.0620949074074e-01,               345600
  9.9912461113035e-01,  1.1180128381589e+00,  1.1707638152840e+00, -5.4704339095256e+01,  2.4101135483345e+03,  8.3508731183261e-02,  4.1134971805007e+01, -2.9548509998212e+03,  1.3491597172103e+00,  1.0287365764491e+02,  1.6571456744290e+01, -3.9832044603654e+04,  8.4773664800000e-01,  8.9682870370370e-01,               345600
  9.9902877779776e-01,  1.1181361571638e+00,  1.1714642866076e+00, -5.4926110307275e+01,  2.3075303317815e+03,  8.1712188485275e-02,  4.0321732666005e+01, -1.8890682203577e+03, -1.2416479166046e-01,  7.4630315835737e+02,  1.9992592477149e+01, -3.7038930393348e+04,  1.0147108740000e+00,  8.9971932870370e-01,               345600
  9.9893252911943e-01,  1.1182349487041e+00,  1.1720469741527e+00, -5.5545849039450e+01,  2.3622510347292e+03,  8.2675371873240e-02,  3.9693765006203e+01, -2.9583767503899e+03,  5.8564380215533e-01,  2.1828698813495e+02,  2.0187038622770e+01, -4.1009594152438e+04,  9.1713654400000e-01,  9.0158854166667e-01,               345600
  9.9883618241950e-01,  1.1182894259585e+00,  1.1725827487010e+00, -5.4675483471482e+01,  2.3169142572805e+03,  8.1878167476201e-02,  4.0811699696708e+01, -2.6202110523373e+03,  6.0658196613187e-01,  7.2208653518041e+02,  1.6360010124337e+01, -3.6341382067085e+04,  9.5666539700000e-01,  9.0505208333333e-01,               345600
  9.9873940920314e-01,  1.1182903040291e+00,  1.1731257916570e+00, -5.4083162477764e+01,  4.9430824803046e+03,  1.1959473523248e-01,  4.0862062594743e+01, -1.7229757074928e+03,  1.6521342261098e+00,  5.5874665217279e+03, -1.3870005000109e+00, -1.8305151520603e+05,  9.3044476000000e-01,  9.1915509259259e-01,               345600
  9.9864211065519e-01,  1.1180691631467e+00,  1.1766799399908e+00, -5.4746805174379e+01,  2.1812078108946e+03,  7.9444101062073e-02,  3.9425380814100e+01, -3.8844313299649e+03, -2.6946185259322e+00, -7.4125378614916e+02,  2.0139711114621e+01, -3.6290256180478e+04,  9.4580398000000e-01,  8.9675636574074e-01,               345600
  9.9854495755807e-01,  1.1180230783342e+00,  1.1798177169270e+00, -5.3929855026024e+01,  2.8392579236072e+03,  9.0639094108491e-02,  4.0236837801756e+01, -4.5367880829583e+03,  6.7450467050149e-01,  1.0418291581765e+03,  1.1828753122672e+01, -5.7531785476612e+04,  1.0125118620000e+00,  9.0962673611111e-01,               345600
  9.9844779858611e-01,  1.1179216774010e+00,  1.1832063886071e+00, -5.4889522849484e+01,  1.9047379430089e+03,  7.4238766901271e-02,  3.9307653268548e+01, -1.9717194290009e+03, -1.7285599094940e+00,  9.0515690546878e+01,  3.1922971138225e+01, -2.9993692109156e+04,  9.6179319300000e-01,  9.0365451388889e-01,               345600
  9.9835053031187e-01,  1.1179146959390e+00,  1.1856990283512e+00, -5.4123479878287e+01,  2.0414644029167e+03,  7.6857108030004e-02,  3.8716586625126e+01, -3.7077049663676e+03, -1.4691426446572e+00, -8.7071899797378e+02,  3.1214418594549e+01, -3.6574516410671e+04,  9.3863656100000e-01,  9.1172743055556e-01,               345600
  9.9825351816939e-01,  1.1180040661372e+00,  1.1875163432014e+00, -5.4122144690469e+01,  1.8643345553298e+03,  7.3447168499274e-02,  3.9937053197457e+01, -2.5159679064784e+03, -1.8903585695485e+00, -1.8334845654016e+02,  3.5437672081995e+01, -3.2559302452130e+04,  1.0005702420000e+00,  9.0397280092593e-01,               345600
  9.9815626203758e-01,  1.1181843355073e+00,  1.1885170236286e+00, -5.4071423819888e+01,  2.4687883233674e+03,  8.4519138258538e-02,  3.8940746688627e+01, -4.6526686835323e+03, -1.6097610814411e+00,  1.6893138134895e+03,  2.5423498603683e+01, -5.5034835387992e+04,  9.3797086600000e-01,  9.0539062500000e-01,               345600
  9.9805929547775e-01,  1.1183853798261e+00,  1.1894887587740e+00, -5.4410533475985e+01,  1.6795830128775e+03,  6.9713015650955e-02,  4.2068953547748e+01, -2.4148533656412e+03, -1.4349019761443e+00, -1.7248111411820e+02,  4.3777456176134e+01, -2.5580973185553e+04,  9.4469447400000e-01,  9.2040509259259e-01,               345600
  9.9796149536522e-01,  1.1186433613689e+00,  1.1893313081859e+00, -5.4122878230767e+01,  1.7732637962095e+03,  7.1630800864925e-02,  4.3341110322091e+01, -3.7923486161639e+02,  1.5602014081929e+00,  1.4191919182490e+03,  4.1128717242602e+01, -2.8877818981465e+04,  1.0017507500000e+00,  9.0383969907407e-01,               345600
  9.9786234465805e-01,  1.1187611833202e+00,  1.1882990606826e+00, -5.3602171324086e+01,  2.4101846616367e+03,  8.3509963187006e-02,  3.9383291308767e+01, -4.1798756024289e+03, -2.6892884147716e+00, -7.6819912969333e+02,  2.2412684331651e+01, -4.8685472706163e+04,  9.9714503800000e-01,  9.0159432870370e-01,               345600
  9.9776345478191e-01,  1.1190229539984e+00,  1.1874330961080e+00, -5.4227065327734e+01,  1.7334668621705e+03,  7.0822443243145e-02,  4.1323211432439e+01, -2.1323300635883e+03, -3.7997080669592e-01, -2.4672158481534e+02,  4.0802747232666e+01, -2.6382236983634e+04,  9.3378463200000e-01,  8.9528067129630e-01,               345600
  9.9766402821041e-01,  1.1192844268201e+00,  1.1857295312217e+00, -5.3985764828046e+01,  2.1313891751609e+03,  7.8531611778302e-02,  3.9855678268589e+01, -2.9370298098480e+03, -4.5536909708893e-01,  3.6142460209192e+02,  2.6166370237588e+01, -3.8421855850668e+04,  9.3660513600000e-01,  9.1067708333333e-01,               345600
  9.9756458099317e-01,  1.1195340589596e+00,  1.1839610573597e+00, -5.5159457822937e+01,  2.1700049512032e+03,  7.9239822763452e-02,  4.1288464621409e+01, -8.6239270955191e+02, -3.0722091082136e-01,  1.2595997862997e+03,  3.1923600816735e+01, -4.1439435342201e+04,  8.6297303800000e-01,  8.9934895833333e-01,               345600
  9.9746446715847e-01,  1.1197426683769e+00,  1.1819913390898e+00, -5.4857390501806e+01,  2.2938871013524e+03,  8.1470269467787e-02,  3.8722999736628e+01, -3.8173051520005e+03, -1.4901454643683e+00, -6.4848671766443e+02,  2.4742679814581e+01, -4.4764652608582e+04,  9.2452182400000e-01,  9.0603009259259e-01,               345600
  9.9736477475290e-01,  1.1200231078738e+00,  1.1801365971091e+00, -5.4479524110359e+01,  1.8766635082901e+03,  7.3689623518277e-02,  4.0367414998680e+01, -2.3668829457778e+03, -1.1674786049475e+00, -9.8815840073257e+02,  3.0898379867996e+01, -2.8723247758351e+04,  9.9432597000000e-01,  9.0694155092593e-01,               345600
  9.9726483873717e-01,  1.1203606375023e+00,  1.1779088714634e+00, -5.4676780926209e+01,  2.1487724587519e+03,  7.8851207355888e-02,  3.8282653688440e+01, -3.0861615785253e+03,  2.2596378193553e-01,  5.3608924466469e+02,  2.4830442545302e+01, -3.6124403011027e+04,  9.2470437200000e-01,  8.9816261574074e-01,               345600
  9.9716529759965e-01,  1.1206396405676e+00,  1.1756729284032e+00, -5.4961040471823e+01,  2.0992656613787e+03,  7.7937565181942e-02,  4.0627578711062e+01, -3.2911358692587e+03,  8.4735620172936e-01,  1.3942807443458e+02,  2.6697520559915e+01, -3.4989554090715e+04,  9.0640484700000e-01,  9.0469328703704e-01,               345600
  9.9706551990885e-01,  1.1208442056454e+00,  1.1733471809143e+00, -5.3968771777291e+01,  2.8174433578053e+03,  9.0290223893214e-02,  4.0135387166861e+01, -2.3290781678672e+03, -1.3280129616376e+00, -1.4684104846001e+03,  5.3381120567002e+00, -5.2573734868173e+04,  1.1424913700000e+00,  9.0585937500000e-01,               345600
  9.9696551691171e-01,  1.1211342577386e+00,  1.1719591192303e+00, -5.5359811731716e+01,  2.4497019147917e+03,  8.4191792089847e-02,  3.9697627741944e+01, -4.6382788227786e+03, -4.8482920923459e-01, -2.7895670644949e+02,  1.6831068643456e+01, -4.3687753671938e+04,  8.9610392300000e-01,  9.1321469907407e-01,               345600
  9.9686570783312e-01,  1.1214277366854e+00,  1.1708775662844e+00, -5.4179874550074e+01,  3.1245859193371e+03,  9.5084421543721e-02,  3.8156603104207e+01, -4.4535463257857e+03, -7.6140332314454e-01,  1.6935890176788e+03, -2.0229002625997e+00, -6.3873085317427e+04,  8.6515948000000e-01,  8.9663483796296e-01,               345600
  9.9676643456402e-01,  1.1216878780525e+00,  1.1710530285723e+00, -5.5744094999192e+01,  2.4854401975609e+03,  8.4803698258466e-02,  4.1412227726039e+01, -3.9524228149669e+03,  6.5376929027444e-01,  9.8398898584691e+01,  2.0180430349344e+01, -4.4584310568872e+04,  8.4603435400000e-01,  9.0424189814815e-01,               345600
  9.9666672066979e-01,  1.1218861752469e+00,  1.1712827677372e+00, -5.4129827478979e+01,  2.8854065754908e+03,  9.1372738602045e-02,  3.9597645988110e+01, -2.9157908327526e+03,  2.1997376967910e+00,  1.2775938223649e+03, -8.0394119195207e-03, -5.1313016886446e+04,  8.7534489300000e-01,  8.9668692129630e-01,               345600
  9.9656693136988e-01,  1.1219185879036e+00,  1.1723606127844e+00, -5.5348970345352e+01,  2.1424337724503e+03,  7.8734819459274e-02,  4.0247745237656e+01, -2.9021606563911e+03,  3.2623547579900e+00,  9.2506836599016e+02,  2.1615548157992e+01, -3.2878655820683e+04,  8.9099986400000e-01,  9.1127604166667e-01,               345600
  9.9646688851879e-01,  1.1217555083773e+00,  1.1731562051149e+00, -5.4358016130157e+01,  2.4108642448632e+03,  8.3521735722779e-02,  4.0264245191859e+01, -3.7427311903082e+03, -1.2342508579085e+00, -6.4135574341031e+02,  1.5771958679225e+01, -4.0849536996147e+04,  9.0836380200000e-01,  9.0302372685185e-01,               345600
  9.9636670752269e-01,  1.1216889092371e+00,  1.1740316505210e+00, -5.4433256400258e+01,  2.7919611295983e+03,  8.9880983703321e-02,  3.9901225005296e+01, -4.2326091068359e+03, -2.1235748369225e-02,  3.2713078640761e+02,  9.8856931352957e+00, -5.2229377294100e+04,  8.4997808400000e-01,  9.0660011574074e-01,               345600
  9.9626654602442e-01,  1.1216215107764e+00,  1.1753736129727e+00, -5.4537285075507e+01,  2.5360892587538e+03,  8.5663418299879e-02,  4.1060308183776e+01, -2.8734923673473e+03,  1.5068367600156e-01,  8.5897802937647e+02,  1.4440850962848e+01, -4.5069620781376e+04,  8.5663964700000e-01,  9.0559027777778e-01,               345600
  9.9616590695452e-01,  1.1215306763974e+00,  1.1768593398885e+00, -5.5091909108841e+01,  2.3337634248904e+03,  8.2175347201953e-02,  3.9252148495697e+01, -3.4394295016162e+03, -2.2484811571469e+00, -1.4704592280872e+03,  2.5378513839073e+01, -4.3820687187611e+04,  8.6135455700000e-01,  9.0392939814815e-01,               345600
  9.9606536978871e-01,  1.1216037555044e+00,  1.1780799409515e+00, -5.5009477837787e+01,  2.2850659781978e+03,  8.1313471970836e-02,  4.0023759861269e+01, -3.8600685265980e+03,  8.7543242688070e-01,  6.8763929681301e+02,  1.9206883566485e+01, -4.2268996033597e+04,  8.5426881400000e-01,  9.0223379629630e-01,               345600
  9.9596476295196e-01,  1.1216062119650e+00,  1.1792460896107e+00, -5.4508024510370e+01,  2.6535411342418e+03,  8.7624599351890e-02,  3.8348933574985e+01, -4.4534827664176e+03, -4.0546247521132e-01, -1.6870555113750e+03,  1.3124365869329e+01, -5.0656484418432e+04,  8.8945356700000e-01,  8.9851562500000e-01,               345600
  9.9586459650594e-01,  1.1216734812087e+00,  1.1807153430355e+00, -5.4664071664021e+01,  2.2156979244192e+03,  8.0069738202082e-02,  4.0022276554906e+01, -2.0326651076656e+03, -8.6683098215622e-01,  9.1406611063854e+02,  2.6183797891332e+01, -3.9048706250695e+04,  8.7373314300000e-01,  9.0502893518519e-01,               345600
  9.9576405480148e-01,  1.1217554895541e+00,  1.1818110030970e+00, -5.4867031767555e+01,  2.2401831973824e+03,  8.0510940663366e-02,  4.1524049111807e+01, -2.6829538047403e+03, -2.2605416599779e-01,  2.8527559892655e+01,  2.6933656170099e+01, -3.8453504221595e+04,  8.7616384500000e-01,  9.0592013888889e-01,               345600
  9.9566285006275e-01,  1.1218404701257e+00,  1.1825335965747e+00, -5.4259089317150e+01,  2.0288910931019e+03,  7.6620062320176e-02,  4.1228690492118e+01, -2.1664554853218e+03, -1.2624932923892e+00, -8.6487258736910e+01,  2.7923676685452e+01, -3.2374971824459e+04,  9.7063939400000e-01,  9.0723379629630e-01,               345600
  9.9556104215537e-01,  1.1219853777638e+00,  1.1827808560944e+00, -5.3792476605908e+01,  2.1628195163041e+03,  7.9108522439995e-02,  4.0045923494893e+01, -3.0495573408817e+03, -1.9070542644758e-01,  1.5395561966992e+02,  2.3757724167624e+01, -3.8886425926844e+04,  8.4235440900000e-01,  9.0107928240741e-01,               345600
  9.9545910435575e-01,  1.1221219452636e+00,  1.1828549904270e+00, -5.4633285238137e+01,  2.0013527662548e+03,  7.6098300186316e-02,  4.0372312110410e+01, -2.8181954720082e+03, -4.7318474345258e-01, -6.3390979309251e+02,  3.3577481303519e+01, -3.4508804609277e+04,  8.5039512000000e-01,  9.0734953703704e-01,               345600
  9.9535691784569e-01,  1.1222864959776e+00,  1.1823584200483e+00, -5.4738396466358e+01,  2.0025590453381e+03,  7.6121230166837e-02,  4.1558745968213e+01, -1.0498008747198e+03,  1.0811526448917e-01,  2.9867779410669e+02,  2.8357009181327e+01, -3.2815874222016e+04,  8.7384735300000e-01,  9.0528356481481e-01,               345600
  9.9525394372819e-01,  1.1224212800116e+00,  1.1814979314238e+00, -5.4556755827361e+01,  1.7923483594620e+03,  7.2015228734897e-02,  3.8485430970058e+01, -2.4396857510742e+03, -3.4584006873174e-01,  8.4383086288111e+01,  3.1901194615596e+01, -2.6415044115931e+04,  8.3352399600000e-01,  9.0966145833333e-01,               345600
  9.9515124389284e-01,  1.1225587426297e+00,  1.1800757307301e+00, -5.4680750830661e+01,  2.0042428525816e+03,  7.6153225864392e-02,  4.0595426167728e+01, -2.6598873859550e+03, -4.4972638349565e-01, -1.4033536180582e+02,  2.7996534233834e+01, -3.4733514741394e+04,  8.7682206200000e-01,  9.0132523148148e-01,               345600
  9.9504824569447e-01,  1.1227100389755e+00,  1.1784256770213e+00, -5.4520417902806e+01,  2.3871649037554e+03,  8.3110203078647e-02,  3.8939092785046e+01, -3.7446831406103e+03, -9.1850731113965e-01,  2.7350912546981e+02,  2.1120990293826e+01, -4.7084261875061e+04,  8.7248255400000e-01,  9.0090567129630e-01,               345600
  9.9494554871087e-01,  1.1228876638290e+00,  1.1770224838415e+00, -5.4483927842339e+01,  1.8312715650960e+03,  7.2792981708689e-02,  4.0124533540358e+01, -2.0849250132321e+03, -5.4659526202036e-01, -3.1543048199725e+02,  3.1894976784815e+01, -2.6515880665052e+04,  8.6721174600000e-01,  9.1228877314815e-01,               345600
  9.9484257206567e-01,  1.1230849852028e+00,  1.1751106469175e+00, -5.5403708753296e+01,  2.3282936929271e+03,  8.2078991934809e-02,  4.1489269467245e+01, -2.7629522115514e+03,  1.0887850080490e+00,  9.2523786888585e+02,  2.0254507928439e+01, -4.0216994996692e+04,  8.7972224500000e-01,  9.0251157407407e-01,               345600
  9.9473905475314e-01,  1.1231807128848e+00,  1.1733824151128e+00, -5.4537658170600e+01,  2.6024603521820e+03,  8.6777112320870e-02,  3.9815632876911e+01, -3.4508497123473e+03,  3.3607749008535e-02, -2.8159054332493e+02,  1.2738336447922e+01, -4.8066692164421e+04,  9.2627813600000e-01,  8.9634259259259e-01,               345600
  9.9463557409879e-01,  1.1232726745286e+00,  1.1722184063415e+00, -5.4379891279394e+01,  2.9946584806336e+03,  9.3086517661539e-02,  3.9784878603032e+01, -2.8980468193290e+03, -1.9743723866271e+00, -1.4869326500510e+03,  5.3846711845510e+00, -5.6523057945532e+04,  8.6401294500000e-01,  9.0817129629630e-01,               345600
  9.9453204626669e-01,  1.1234998338605e+00,  1.1719675298854e+00, -5.4080737141671e+01,  3.2768907317567e+03,  9.7374247188359e-02,  3.8965038969915e+01, -4.1966954958143e+03,  3.7440974734747e-01,  1.6847192386785e+03, -3.0498295474640e+00, -6.8886653040124e+04,  8.6566974700000e-01,  9.1268518518519e-01,               345600
  9.9442885513876e-01,  1.1236398871777e+00,  1.1730496697924e+00, -5.4898146894634e+01,  2.7786336574747e+03,  8.9666202908799e-02,  4.0877840919284e+01, -4.9919988598996e+03,  5.2959478766921e-01, -6.8979768489028e+02,  1.3072452429128e+01, -5.7983695934906e+04,  8.5318472700000e-01,  9.1363136574074e-01,               345600
  9.9432554679630e-01,  1.1237562840387e+00,  1.1745808698696e+00, -5.5058007380428e+01,  2.1052483047562e+03,  7.8048542304721e-02,  4.1591606408089e+01, -2.0695655638357e+03,  1.2976750715947e+00,  6.4916963229928e+02,  2.4513981545805e+01, -3.2885834576777e+04,  8.4571531200000e-01,  9.0805266203704e-01,               345600
  9.9422153359120e-01,  1.1237747022538e+00,  1.1756785493084e+00, -5.4276017341106e+01,  2.3895508379448e+03,  8.3151726383370e-02,  3.8320088154837e+01, -3.3664680046747e+03, -1.5130057319772e+00,  2.2761125305394e+00,  1.6733407762877e+01, -4.2000007003142e+04,  9.4399605200000e-01,  9.0192708333333e-01,               345600
  9.9411792492286e-01,  1.1238720214834e+00,  1.1768173160303e+00, -5.4485763921369e+01,  2.7200335664302e+03,  8.8715655300841e-02,  3.9559840879965e+01, -5.5309298696986e+03,  1.2824605394573e-01, -1.2245439262675e+03,  1.1011438411045e+01, -5.2640520977470e+04,  8.5974303100000e-01,  8.9646122685185e-01,               345600
  9.9401462451202e-01,  1.1239856136036e+00,  1.1783803961834e+00, -5.4162853742481e+01,  2.3450431425495e+03,  8.2373695799642e-02,  3.8437793209126e+01, -2.9478528323469e+03, -7.5128808118028e-01, -5.0756499746799e+02,  1.6228250893680e+01, -4.0729226203577e+04,  8.4025630200000e-01,  9.0859953703704e-01,               345600
  9.9391154223370e-01,  1.1241418072641e+00,  1.1799344374516e+00, -5.4012596868371e+01,  3.9732836352291e+03,  1.0722299090149e-01,  3.7186199551520e+01, -6.8418815803117e+03, -8.3756281215993e-01, -2.0288192125364e+03,  8.2876353889176e+00, -1.3077005437374e+05,  8.3339236400000e-01,  9.0490162037037e-01,               345600
  9.9380950729563e-01,  1.1243818828949e+00,  1.1833346138799e+00, -5.4240115190597e+01,  3.1806058442671e+03,  9.5933007408790e-02,  4.1173876081747e+01, -3.7936745444217e+03,  3.1767218243659e-01,  3.1313883993153e+03,  1.9488617804524e+01, -8.4784306358037e+04,  9.6176924300000e-01,  8.9877314814815e-01,               345600
  9.9370691131331e-01,  1.1244971294119e+00,  1.1872022044623e+00, -5.4762068830586e+01,  1.7471351629577e+03,  7.1101110739376e-02,  4.0215393593728e+01, -1.9683028306358e+03, -6.5147994554916e-02, -9.8607260935556e+01,  3.5318471144963e+01, -2.6025594254943e+04,  8.6636000900000e-01,  9.0460358796296e-01,               345600
  9.9360380720443e-01,  1.1246071530924e+00,  1.1899024970189e+00, -5.4381033752671e+01,  2.0347106884048e+03,  7.6729870694059e-02,  4.0963641990662e+01, -3.3006813834512e+03, -1.5798311453008e-01,  3.6269204419545e+01,  3.6099380771292e+01, -3.6143259854949e+04,  8.7605592200000e-01,  9.0662615740741e-01,               345600
  9.9350020799220e-01,  1.1247138455862e+00,  1.1917011039053e+00, -5.3909234247497e+01,  1.9053844317492e+03,  7.4251364554216e-02,  4.1789622115220e+01, -1.7844868179366e+03, -1.0590922212095e+00,  1.5126203380494e+02,  3.4868752678027e+01, -3.2162064395370e+04,  8.5663810900000e-01,  9.0713541666667e-01,               345600
  9.9339571697564e-01,  1.1248630372645e+00,  1.1926597055854e+00, -5.4027103257964e+01,  1.7962823163856e+03,  7.2094217153313e-02,  4.1667200393549e+01, -2.2121303625226e+03, -1.1329438754613e+00, -6.2556145260305e+01,  4.2109354585080e+01, -2.7906082358255e+04,  8.8891555300000e-01,  9.1067997685185e-01,               345600
  9.9329049826132e-01,  1.1250603679768e+00,  1.1925302462104e+00, -5.3789900307640e+01,  1.7483663635266e+03,  7.1126158690168e-02,  3.9552802837364e+01, -2.3879444909332e+03, -2.7358623149918e+00, -3.7680953402902e+02,  3.7692895368227e+01, -2.8933154905231e+04,  9.2651300700000e-01,  9.0699652777778e-01,               345600
  9.9318520881923e-01,  1.1253963460520e+00,  1.1915937675387e+00, -5.3929624693852e+01,  1.9418427434180e+03,  7.4958374703103e-02,  3.8823037658310e+01, -2.9167508046245e+03, -1.2990323014465e+00,  2.2667516878307e+02,  3.2325480454118e+01, -3.4112582393520e+04,  8.4020578400000e-01,  9.0583622685185e-01,               345600
  9.9308011258416e-01,  1.1257633595172e+00,  1.1902102642676e+00, -5.4112458878758e+01,  2.1726142517779e+03,  7.9287449013804e-02,  3.9500150416213e+01, -3.7300527808239e+03,  1.6340693625405e-01, -3.9482935724431e+02,  2.7733206188134e+01, -4.1324363766686e+04,  8.8165685400000e-01,  9.0144675925926e-01,               345600
  9.9297510241655e-01,  1.1260959805770e+00,  1.1887131646788e+00, -5.4578682870148e+01,  2.0052433992612e+03,  7.6172231882092e-02,  4.0112776526364e+01, -2.5040847581871e+03,  8.1581130146530e-01,  5.8488165583034e+02,  3.1137981435397e+01, -3.3951592930228e+04,  8.4742759500000e-01,  8.9914062500000e-01,               345600
  9.9286982002130e-01,  1.1263355765172e+00,  1.1868622697165e+00, -5.3968626020822e+01,  2.1810087138284e+03,  7.9440475215804e-02,  4.1703718787744e+01, -2.0501467213861e+03,  1.9922461821713e+00,  1.7510899750196e+03,  2.6519024186362e+01, -3.9559388736095e+04,  8.7061612200000e-01,  9.0309027777778e-01,               345600
  9.9276377913826e-01,  1.1263955627271e+00,  1.1849550596332e+00, -5.5159117920423e+01,  1.7597167508235e+03,  7.1356660557058e-02,  4.2772943612688e+01, -2.3561711399586e+03,  1.3788335599684e+00,  3.6064592012361e+02,  4.3382698191462e+01, -2.8521446973230e+04,  8.5217160000000e-01,  9.0525462962963e-01,               345600
  9.9265678771915e-01,  1.1263647211273e+00,  1.1822032289748e+00, -5.4850290336260e+01,  2.1489111388124e+03,  7.8853751811847e-02,  4.0986767348339e+01, -2.5546381382417e+03, -2.4568878430093e-01, -8.0822493445993e+02,  2.6832794211252e+01, -3.6326400303250e+04,  8.6483491300000e-01,  9.0716145833333e-01,               345600
  9.9254944232486e-01,  1.1263723595271e+00,  1.1794150106149e+00, -5.4591658907517e+01,  2.3194170162911e+03,  8.1922378437184e-02,  4.0799204501895e+01, -3.5046573398445e+03,  1.3348350122952e+00,  2.7856220544312e+02,  2.1297879437544e+01, -3.9956470395595e+04,  8.4374022000000e-01,  8.9873263888889e-01,               345600
  9.9244194536118e-01,  1.1262987462116e+00,  1.1768551315472e+00, -5.4840828632019e+01,  2.2437928527876e+03,  8.0575779060835e-02,  4.2258089289556e+01, -2.9999963566917e+03,  1.1328916940674e+00, -8.3671287579425e+02,  2.0277959027160e+01, -3.5587225761035e+04,  8.5322878500000e-01,  9.0857349537037e-01,               345600
  9.9233382523956e-01,  1.1261933289868e+00,  1.1744594652197e+00, -5.5006631450372e+01,  2.2296547533493e+03,  8.0321524628951e-02,  3.9806578603501e+01, -3.7877368772119e+03,  8.8292937793320e-01,  1.1917686259191e+03,  2.0091994295470e+01, -3.6778872997984e+04,  8.5866426900000e-01,  9.1639756944444e-01,               345600
  9.9222591376528e-01,  1.1260173437228e+00,  1.1722395856365e+00, -5.5002308967036e+01,  2.5671127487693e+03,  8.6185777699623e-02,  4.1829655770458e+01, -2.0846812251135e+03,  1.8435665775670e+00,  1.4005779955616e+03,  1.4512241214608e+01, -4.5986195358562e+04,  9.0423313000000e-01,  9.0227141203704e-01,               345600
  9.9211738124176e-01,  1.1257192487423e+00,  1.1705422436067e+00, -5.5693473402090e+01,  2.1217699457072e+03,  7.8354199823238e-02,  4.2710059885775e+01, -1.8171365700948e+03,  1.3046666034533e+00,  6.3574655539517e+02,  2.3724655675829e+01, -3.1703168384679e+04,  8.5535980900000e-01,  9.0125868055556e-01,               345600
  9.9200799282220e-01,  1.1253614995769e+00,  1.1687307413720e+00, -5.5591334606211e+01,  2.9952377409242e+03,  9.3095520143182e-02,  3.8809526789906e+01, -5.0066667385760e+03, -1.0808893639333e+00,  1.0069032488152e+03,  6.9329056891322e+00, -6.1913940044632e+04,  8.5748282600000e-01,  9.0665798611111e-01,               345600
  9.9189934090257e-01,  1.1250708313866e+00,  1.1679597306769e+00, -5.4822536177166e+01,  2.9625696705163e+03,  9.2586447194178e-02,  4.0854482634273e+01, -5.0891456720164e+03, -3.6283409808624e-01, -1.1533832680410e+03,  7.0575440847657e+00, -5.9084332505922e+04,  8.9285247600000e-01,  9.0366030092593e-01,               345600
  9.9179078278164e-01,  1.1248606012624e+00,  1.1680716208016e+00, -5.5027542351402e+01,  2.6192293525189e+03,  8.7056238350625e-02,  3.7967692613187e+01, -4.2219298452636e+03, -8.2342009442192e-01, -1.8168555304788e+02,  1.1574084159341e+01, -4.9022447309388e+04,  8.9616918000000e-01,  9.0055555555556e-01,               345600
  9.9168297683040e-01,  1.1247215438433e+00,  1.1686370556410e+00, -5.4298648652648e+01,  5.1839552263497e+03,  1.2247395823853e-01,  4.1220122833645e+01, -6.2954538167484e+03,  2.2458730112350e+00,  7.5203628372728e+02, -1.4058908559881e+01, -1.6584084913255e+05,  1.0208387590000e+00,  8.9537905092593e-01,               345600
  9.9157521843411e-01,  1.1244514607998e+00,  1.1726049089191e+00, -5.4508199271812e+01,  3.3801582882104e+03,  9.8896666285880e-02,  3.8001607764483e+01, -7.8377317790772e+03, -6.3076447244940e-01, -9.6563156895464e+02, -2.6460592079208e+00, -7.6669165064583e+04,  9.4854877400000e-01,  9.0005787037037e-01,               345600
  9.9146860085560e-01,  1.1242696206933e+00,  1.1776392539083e+00, -5.5046475170078e+01,  2.5977455804279e+03,  8.6698471401563e-02,  4.0062344689038e+01, -3.4464329746333e+03, -5.4119240413134e-01, -6.6081868821006e+02,  1.6421964674341e+01, -5.6434555960357e+04,  8.1261447600000e-01,  9.0040798611111e-01,               345600
  9.9136181037207e-01,  1.1241539957238e+00,  1.1825975144088e+00, -5.4465287450500e+01,  1.7014594296563e+03,  7.0165549725050e-02,  4.0758148237323e+01, -2.1922628270457e+03,  3.1945648781276e-01,  2.6105264555481e+02,  3.5885505006948e+01, -2.3658839429251e+04,  8.6875115700000e-01,  9.0554976851852e-01,               345600
  9.9125447983362e-01,  1.1240248441806e+00,  1.1862033512873e+00, -5.4637054245073e+01,  1.9256302551888e+03,  7.4644804261304e-02,  4.0566157749590e+01, -1.9278842841748e+03,  7.9902306990311e-02,  7.1838712903624e+02,  3.2430548844526e+01, -2.9172800851747e+04,  9.8225867400000e-01,  9.0466145833333e-01,               345600
  9.9114666441271e-01,  1.1238840726865e+00,  1.1888130796960e+00, -5.4531924055218e+01,  1.7401170014171e+03,  7.0958162095626e-02,  4.0196352960650e+01, -2.0380665370002e+03,  3.9545655430291e-01,  3.9885787750992e+01,  3.5982653080184e+01, -2.6016660342493e+04,  8.5925087300000e-01,  9.0832754629630e-01,               345600
  9.9103851622661e-01,  1.1237341133410e+00,  1.1903403811307e+00, -5.4724174702807e+01,  1.5372477053899e+03,  6.6693738110079e-02,  4.1252877745609e+01, -1.8062529066330e+03,  3.4341500793411e-01,  3.4496872340920e+02,  4.5298075420523e+01, -2.0376096211622e+04,  8.1373371100000e-01,  9.1209780092593e-01,               345600
  9.9092972433144e-01,  1.1235702481296e+00,  1.1904562111329e+00, -5.4678022095329e+01,  1.6665417776654e+03,  6.9441842541508e-02,  4.0956112540701e+01, -1.5992913072983e+03, -4.7661257540317e-01,  5.1434821314529e+02,  4.1205003791650e+01, -2.3650926539174e+04,  8.2954453200000e-01,  9.0574652777778e-01,               345600
  9.9082039148357e-01,  1.1234348010637e+00,  1.1895060476766e+00, -5.4591379337041e+01,  1.7243164589393e+03,  7.0635271682970e-02,  4.3678554564573e+01, -1.4679880410318e+03, -2.5747326504016e-02, -3.1189658696537e+01,  4.3774799811892e+01, -2.6787742452898e+04,  8.6657408200000e-01,  8.9822337962963e-01,               345600
  9.9070977130460e-01,  1.1233150410274e+00,  1.1875592342736e+00, -5.4862052774065e+01,  1.6885616106085e+03,  6.9899100780734e-02,  4.2642950183188e+01, -1.7685870597679e+03, -2.8499337580657e-01,  1.7452922183335e+02,  3.9663907265728e+01, -2.3331222250183e+04,  9.3275346700000e-01,  8.9820601851852e-01,               345600
  9.9059830906288e-01,  1.1232181627731e+00,  1.1847994999869e+00, -5.4344035618330e+01,  1.9814604314769e+03,  7.5719168327380e-02,  3.9914056800708e+01, -3.1277031755492e+03, -1.6091197407959e+00, -4.0575186766043e+02,  2.6288174687563e+01, -3.2382604848148e+04,  9.3828167300000e-01,  8.9568576388889e-01,               345600
  9.9048703420636e-01,  1.1232322693322e+00,  1.1819492223532e+00, -5.4804554746538e+01,  2.1871313075656e+03,  7.9551900925577e-02,  4.0923863814387e+01, -3.9610051536390e+03,  4.3434846292253e-02, -2.4674261865868e+03,  2.8764616878645e+01, -4.3816258791464e+04,  9.2092394900000e-01,  9.1111400462963e-01,               345600
  9.9037574622639e-01,  1.1233116898431e+00,  1.1791335366927e+00, -5.4509389918821e+01,  2.2417820694787e+03,  8.0539666826473e-02,  4.0360903670167e+01, -3.2904530115062e+03,  5.2431931684944e-01, -6.9189510522828e+02,  2.4863251292593e+01, -3.8071827213650e+04,  8.2054241200000e-01,  9.1400462962963e-01,               345600
  9.9026449625791e-01,  1.1233732544994e+00,  1.1763858122682e+00, -5.4862409011007e+01,  2.2307853839842e+03,  8.0341887078901e-02,  4.0796808655488e+01, -2.2847441061627e+03, -6.6811791967979e-01,  7.3047168828135e+02,  2.7116350950835e+01, -3.9074707405557e+04,  1.1186041210000e+00,  9.0985821759259e-01,               345600
