#                p[0],                 p[1],                 p[2],               energy,             variance,                error,             gradE[0],          gradVarE[0],             gradE[1],          gradVarE[1],             gradE[2],          gradVarE[2],         elapsed time,        accept. ratio,             MC steps
  4.9000000000000e+00,  1.1000000000000e+00,  9.4000000000000e-01,  7.1134284713164e-01,  5.3734144185403e-01,  4.2321839982607e-04, -2.2713200063809e-03, -1.6572635078277e-01, -9.5494241306966e-02, -2.1288506149252e+00, -1.8263149594086e-01, -1.1201793986130e+01,  2.1676042310000e+00,  9.0487300000000e-01,              3000000
  4.9299999715846e+00,  1.1299999985144e+00,  9.6999999959608e-01,  7.1070638745212e-01,  4.9830915191956e-01,  4.0755742005250e-04,  1.7789395108615e-03, -1.5293535977087e-01,  1.9374801824035e-01, -2.4552702146106e-01, -3.6146857156099e-02, -1.0909658523247e+01,  1.9886900590000e+00,  9.0294700000000e-01,              3000000
  4.9584173869691e+00,  1.1300223231237e+00,  9.9959161460077e-01,  7.1188077692014e-01,  5.0691011325036e-01,  4.1105965230137e-04,  3.5698499479107e-03, -1.3156818947587e-01,  1.9293550944792e-01, -1.7272148968735e-01,  2.4074776418504e-02, -1.0343293593418e+01,  2.0176492530000e+00,  9.0588833333333e-01,              3000000
  4.9843675478339e+00,  1.1192672491837e+00,  1.0287434500279e+00,  7.1185561022557e-01,  6.3654973908690e-01,  4.6063352718001e-04,  3.3182532054686e-03, -1.7541022595072e-01,  1.0207157826382e-01, -2.5968755124174e-01,  1.2762523299341e-01, -1.3771293924705e+01,  4.3344383870000e+00,  9.0561166666667e-01,              3000000
  5.0108367524468e+00,  1.1061935449417e+00,  1.0579987491819e+00,  7.1448152246306e-01,  7.2227871025936e-01,  4.9067256911963e-04,  3.7588308819467e-03, -2.0827317787358e-01, -1.6954164385757e-02, -1.1443428053730e+00,  1.8828225725685e-01, -1.4245994749180e+01,  4.0041230050000e+00,  9.0011333333333e-01,              3000000
  5.0381296918587e+00,  1.0988905015323e+00,  1.0872063044046e+00,  7.2041476158436e-01,  7.0837686334906e-01,  4.8592758834661e-04,  4.1122033308481e-03, -1.8136921532787e-01, -9.0006984908413e-02, -2.0550457154984e+00,  1.7827864100581e-01, -1.2418238657741e+01,  4.2447868870000e+00,  9.0194533333333e-01,              3000000
  5.0653637393213e+00,  1.1009872173479e+00,  1.1160685964552e+00,  7.2676444530737e-01,  7.3780705947279e-01,  4.9591903219269e-04,  5.2622972122660e-03, -2.1822896178981e-01, -7.2503054248541e-02, -2.1387821959462e+00,  2.1821931176996e-01, -1.2654571408619e+01,  4.2432227330000e+00,  9.0391300000000e-01,              3000000
  5.0928621872917e+00,  1.1089119914215e+00,  1.1445755468895e+00,  7.3512885727781e-01,  5.9209925851936e-01,  4.4425940564771e-04,  5.6076276058203e-03, -1.8575003503066e-01,  2.8486583068169e-02, -6.2244736210766e-01,  1.5555786880626e-01, -1.0337449464744e+01,  4.1847852430000e+00,  9.0740966666667e-01,              3000000
  5.1197182302462e+00,  1.1159880394078e+00,  1.1725669160432e+00,  7.3821930426398e-01,  8.8160602362685e-01,  5.4209655463052e-04,  6.4659522452397e-03, -2.3622636208030e-01,  7.9708726819179e-02, -4.3607046713355e-01,  2.8043505147704e-01, -2.1660081866836e+01,  3.9576546020000e+00,  9.0132700000000e-01,              3000000
  5.1468318023409e+00,  1.1202813825935e+00,  1.2013985930265e+00,  7.4729105766007e-01,  5.6443565159977e-01,  4.3375709469693e-04,  5.7468833343348e-03, -1.6755961679719e-01,  1.1581805701238e-01, -2.6564450574855e-01,  1.8695551039368e-01, -9.5470604154637e+00,  4.2539312380000e+00,  9.0786300000000e-01,              3000000
  5.1728737933892e+00,  1.1207065697704e+00,  1.2292214726620e+00,  7.4999809327418e-01,  7.6522702107784e-01,  5.0505016948083e-04,  7.4328219878796e-03, -2.3658372457841e-01,  1.2425406071390e-01, -1.7084376134698e-01,  2.7402349432648e-01, -1.5553992173371e+01,  4.3086065910000e+00,  8.9826966666667e-01,              3000000
  5.1989533323778e+00,  1.1174773462484e+00,  1.2572244743512e+00,  7.5977274086390e-01,  6.8422495279553e-01,  4.7757196762915e-04,  5.4001364714125e-03, -1.7279725197383e-01,  9.4302696802218e-02, -4.2036268807996e-01,  2.2836272780887e-01, -1.3408379864761e+01,  4.4525312660000e+00,  9.0259600000000e-01,              3000000
  5.2245201057824e+00,  1.1123602852966e+00,  1.2851378350926e+00,  7.6387202787677e-01,  6.3042578364261e-01,  4.5841239935332e-04,  5.7019996209314e-03, -1.7597365149279e-01,  4.6975410228949e-02, -7.8261954617352e-01,  2.2645444285708e-01, -1.0640958946585e+01,  4.1370353580000e+00,  9.0415966666667e-01,              3000000
  5.2495938282792e+00,  1.1075067855024e+00,  1.3123336717640e+00,  7.7221345810062e-01,  5.8327967498968e-01,  4.4093827043010e-04,  5.7060128179404e-03, -1.4326711675669e-01,  5.0692984887042e-03, -9.9000121086617e-01,  1.8651001166691e-01, -9.1168333996704e+00,  3.9546845720000e+00,  9.0284400000000e-01,              3000000
  5.2732765093440e+00,  1.1045061812443e+00,  1.3387273771440e+00,  7.7467187495246e-01,  7.0663738390150e-01,  4.8533060343835e-04,  6.5263984203956e-03, -2.0976810488869e-01, -1.1128644332383e-02, -9.6133604407355e-01,  2.4762881241572e-01, -1.2475066681869e+01,  4.0694032090000e+00,  9.0653066666667e-01,              3000000
  5.2972036545096e+00,  1.1036258411151e+00,  1.3650097336212e+00,  7.8216203519393e-01,  6.0343428869242e-01,  4.4849165309677e-04,  5.3426483533837e-03, -1.6346243934841e-01, -1.8642163006020e-02, -1.1025019780628e+00,  1.8902816902084e-01, -9.8328291365131e+00,  4.1011491320000e+00,  8.9843133333333e-01,              3000000
  5.3207553543907e+00,  1.1050868562366e+00,  1.3908259426113e+00,  7.8625753352601e-01,  5.7754814087933e-01,  4.3876650619638e-04,  7.2131574612776e-03, -1.3835365887162e-01, -8.0321633791624e-03, -1.2005133603597e+00,  1.9718304552895e-01, -8.5991520062917e+00,  4.1642108710000e+00,  9.0382766666667e-01,              3000000
  5.3419015861689e+00,  1.1084708409534e+00,  1.4158445020183e+00,  7.9203638153995e-01,  5.3676229573668e-01,  4.2299026613571e-04,  6.8668625794020e-03, -1.5269007723100e-01,  3.5145132040067e-02, -6.9642392965036e-01,  1.7738676426739e-01, -8.0807311381770e+00,  4.2182401350000e+00,  9.0262700000000e-01,              3000000
  5.3616668281566e+00,  1.1115340502503e+00,  1.4401336414617e+00,  7.9799921993136e-01,  5.1966038930964e-01,  4.1619722460617e-04,  6.6095053650638e-03, -1.4379501842046e-01,  4.9675087605934e-02, -5.0185506627644e-01,  1.7628755369038e-01, -7.9484576532505e+00,  3.8724505930000e+00,  9.0453566666667e-01,              3000000
  5.3800619055248e+00,  1.1135530318047e+00,  1.4637542924415e+00,  8.0257619175733e-01,  4.8874741387597e-01,  4.0362830007982e-04,  7.0352811853505e-03, -1.0916698744953e-01,  6.5044616735873e-02, -3.8597107218823e-01,  1.6153394069017e-01, -7.2082266111501e+00,  3.9458453580000e+00,  9.0336333333333e-01,              3000000
  5.3955357974156e+00,  1.1139555421555e+00,  1.4866499262593e+00,  8.0605470651499e-01,  5.0031033356444e-01,  4.0837496395855e-04,  8.6833964928717e-03, -1.3251880574072e-01,  7.5680460177874e-02, -3.3708600369765e-01,  1.8001825680879e-01, -7.4794016616943e+00,  3.9634125740000e+00,  9.0545200000000e-01,              3000000
  5.4079629586548e+00,  1.1124793231805e+00,  1.5088773394645e+00,  8.1212681559479e-01,  5.1650021736395e-01,  4.1492980023290e-04,  7.7132392965352e-03, -1.3238055065415e-01,  5.5714404695499e-02, -5.1402737698562e-01,  1.5555467800205e-01, -8.1555779761801e+00,  4.0172374550000e+00,  9.0898066666667e-01,              3000000
  5.4184104051946e+00,  1.1101905657343e+00,  1.5308989795354e+00,  8.1527577968609e-01,  5.0831837194230e-01,  4.1163024343955e-04,  8.7539975953033e-03, -1.5938879625064e-01,  3.1319173548656e-02, -7.1872955287149e-01,  1.7812093042190e-01, -7.1627693798345e+00,  3.8391897430000e+00,  9.0306966666667e-01,              3000000
  5.4273015507519e+00,  1.1082541887069e+00,  1.5522720636607e+00,  8.1814847939052e-01,  5.3466813576525e-01,  4.2216431862694e-04,  8.8170914937618e-03, -1.5878881914859e-01,  2.2499852130974e-02, -7.8046747164510e-01,  1.8103208891873e-01, -7.9838111638336e+00,  3.9874797820000e+00,  9.0062266666667e-01,              3000000
  5.4346967487289e+00,  1.1070254053936e+00,  1.5733336645768e+00,  8.2225432717662e-01,  5.1977700507752e-01,  4.1624392090757e-04,  8.5732137453937e-03, -1.3197762105175e-01,  6.9667969244758e-03, -1.2555037799276e+00,  1.7374858964624e-01, -7.1223868191108e+00,  3.7929618600000e+00,  8.9824633333333e-01,              3000000
  5.4398269649961e+00,  1.1077261397542e+00,  1.5938818603521e+00,  8.2386165003046e-01,  4.7746986700330e-01,  3.9894438501429e-04,  8.2887931846622e-03, -1.0206232963863e-01,  2.3732692912197e-02, -6.6108162793269e-01,  1.6858931797653e-01, -6.3176761409872e+00,  4.1465546400000e+00,  9.0616666666667e-01,              3000000
  5.4419046442270e+00,  1.1086708451647e+00,  1.6137271631798e+00,  8.2724828216315e-01,  4.4704522943456e-01,  3.8602470967308e-04,  9.9322442492952e-03, -1.4477078543124e-01,  3.3498350252926e-02, -6.9888396980135e-01,  1.5937680816059e-01, -5.6150757278476e+00,  4.4245288070000e+00,  9.0355666666667e-01,              3000000
  5.4416269886846e+00,  1.1095796631258e+00,  1.6327540165568e+00,  8.3229073165137e-01,  4.3663865937568e-01,  3.8150520283725e-04,  7.5857814491446e-03, -1.0217572874354e-01,  3.3443003525831e-02, -7.7639895821263e-01,  1.4110418995198e-01, -5.4610836455541e+00,  4.3366175930000e+00,  9.0341300000000e-01,              3000000
  5.4393847988750e+00,  1.1105888016118e+00,  1.6511278775240e+00,  8.3456779798884e-01,  4.6448308145748e-01,  3.9348150378278e-04,  9.5476762067106e-03, -1.5642676573326e-01,  4.2385052890702e-02, -5.7730445050867e-01,  1.6631608277540e-01, -6.3486073682182e+00,  4.0964604430000e+00,  9.0154866666667e-01,              3000000
  5.4359490104961e+00,  1.1110469801975e+00,  1.6690653379078e+00,  8.3682122491163e-01,  4.3628480803391e-01,  3.8135058587163e-04,  8.8437333559038e-03, -1.0039512113158e-01,  5.4504633692800e-02, -4.7189138421777e-01,  1.4547076350050e-01, -5.7782674917253e+00,  4.2015396390000e+00,  9.0680600000000e-01,              3000000
  5.4297831747348e+00,  1.1103988725949e+00,  1.6865591145408e+00,  8.4174944545032e-01,  4.5374199364993e-01,  3.8890529851963e-04,  8.4185657312063e-03, -1.0522181390418e-01,  3.4476538287504e-02, -7.8058790301115e-01,  1.3942392356643e-01, -6.0431603838955e+00,  4.0037743980000e+00,  9.0256466666667e-01,              3000000
  5.4216754563034e+00,  1.1099671766361e+00,  1.7038104975676e+00,  8.4119203405959e-01,  4.8274636171615e-01,  4.0114268521984e-04,  9.9747288060856e-03, -1.3280655967616e-01,  4.5166012165732e-02, -5.3866413273650e-01,  1.7014861059587e-01, -6.7687510223228e+00,  3.8751766830000e+00,  9.0721833333333e-01,              3000000
  5.4216754563034e+00,  1.1099671766361e+00,  1.7038104975676e+00,  8.4205990211704e-01,  4.5436913845856e-01,  3.5526560426225e-04,  9.9205528403237e-03, -1.1889470974549e-01,  2.3301094495191e-02, -8.8332553797181e-01,  1.6392717205931e-01, -5.5612737440833e+00,  4.6580129150000e+00,  9.0353722222222e-01,              3600000
  5.4216754563034e+00,  1.1099671766361e+00,  1.7038104975676e+00,  8.4193022059492e-01,  4.9309785733213e-01,  3.3785059202343e-04,  9.0980598953466e-03, -1.4386900469409e-01,  3.8731179776083e-02, -6.3772117833917e-01,  1.8200400328376e-01, -7.0958607114553e+00,  5.5184234190000e+00,  9.0233449074074e-01,              4320000
  5.4127663921391e+00,  1.1093323516917e+00,  1.7209316134553e+00,  8.4502452821596e-01,  4.5581843995141e-01,  3.2482845898494e-04,  8.5778047069565e-03, -1.1368849040339e-01,  3.3569619471388e-02, -5.8802886074972e-01,  1.5630879982937e-01, -5.9462558712209e+00,  5.5466511550000e+00,  9.0331990740741e-01,              4320000
  5.4023589692396e+00,  1.1086051933440e+00,  1.7376947986344e+00,  8.4788213285164e-01,  4.4102527664963e-01,  3.1951398155580e-04,  7.9621727385662e-03, -1.1198609178107e-01,  3.4340263929856e-02, -6.3840884560017e-01,  1.3969684500084e-01, -5.6888236903513e+00,  5.7945693480000e+00,  9.0398842592593e-01,              4320000
  5.3909925644871e+00,  1.1078553834457e+00,  1.7541732556018e+00,  8.5051708265529e-01,  4.1445599876299e-01,  3.0974003390350e-04,  8.3705742342396e-03, -1.1811701454671e-01,  6.5307301968010e-03, -1.0625271629450e+00,  1.3266880568232e-01, -4.6222495580931e+00,  5.6566846090000e+00,  9.0553958333333e-01,              4320000
  5.3786687061079e+00,  1.1088725740811e+00,  1.7700214901626e+00,  8.5043463999798e-01,  4.9388336935404e-01,  3.3811958537940e-04,  7.9636168945076e-03, -9.4573275423226e-02,  3.4892688161441e-02, -6.0879380640664e-01,  1.5518580359976e-01, -7.4316740086721e+00,  5.6529913490000e+00,  9.0501620370370e-01,              4320000
  5.3648900165648e+00,  1.1096347524710e+00,  1.7862720027418e+00,  8.5353253234448e-01,  4.3643755473352e-01,  3.1784778077544e-04,  7.8397032505962e-03, -1.1859421772092e-01,  3.2504055970750e-02, -8.0174699600563e-01,  1.4878529294749e-01, -5.3029318245457e+00,  5.6734123720000e+00,  9.0147731481481e-01,              4320000
  5.3507974679210e+00,  1.1106113619496e+00,  1.8020757786028e+00,  8.5542509964806e-01,  4.3228765270109e-01,  3.1633303063923e-04,  7.5791761109417e-03, -1.0563573530082e-01,  3.5371390638979e-02, -6.9814601455977e-01,  1.4216146616327e-01, -5.3636601840862e+00,  5.7971539510000e+00,  9.0099166666667e-01,              4320000
  5.3361076687338e+00,  1.1114829917968e+00,  1.8175641038935e+00,  8.5705704175300e-01,  3.9078781004052e-01,  3.0076592428844e-04,  8.1995712896800e-03, -9.7684836677162e-02,  6.2142562474613e-02, -4.0945949029004e-01,  1.3061100998979e-01, -4.6202953267716e+00,  5.4080690560000e+00,  9.0572986111111e-01,              4320000
  5.3200981809571e+00,  1.1106898898973e+00,  1.8325535117129e+00,  8.5954024534372e-01,  4.0579540041095e-01,  3.0648673782971e-04,  8.4157532865810e-03, -1.2195289274425e-01,  5.1033138074547e-02, -6.6899762423263e-01,  1.2797992183738e-01, -4.9484950986154e+00,  5.7426410160000e+00,  9.0551782407407e-01,              4320000
  5.3036457751587e+00,  1.1092930571707e+00,  1.8472632213916e+00,  8.6230783515155e-01,  4.1052283436141e-01,  3.0826682254170e-04,  7.9055089844343e-03, -8.7798629933344e-02,  2.9050742414883e-02, -5.5906202300675e-01,  1.3170241207649e-01, -4.8971571355487e+00,  5.6038376700000e+00,  9.0547523148148e-01,              4320000
  5.2858850148764e+00,  1.1079792459717e+00,  1.8616717840911e+00,  8.6400817821722e-01,  4.2417839080663e-01,  3.1335194640587e-04,  6.9329857091214e-03, -1.2223151942189e-01,  1.6435665229241e-02, -8.8834359401368e-01,  1.3294077433384e-01, -4.9312342956310e+00,  5.7930064520000e+00,  9.0253680555556e-01,              4320000
  5.2690343765348e+00,  1.1078827612101e+00,  1.8758189118826e+00,  8.6578836239558e-01,  4.2421284872414e-01,  3.1336467364102e-04,  6.4372914377056e-03, -1.2104819140943e-01,  1.7803477814639e-02, -1.0976366181953e+00,  1.1217771683172e-01, -5.2922357663454e+00,  5.4213622670000e+00,  9.0021805555556e-01,              4320000
  5.2533745309426e+00,  1.1092606693071e+00,  1.8900839071439e+00,  8.6448393210416e-01,  4.5261822720578e-01,  3.2368617174528e-04,  7.2437859307093e-03, -9.6473067059804e-02,  2.7131047123426e-02, -7.3112529863856e-01,  1.5872038259072e-01, -5.3732672237120e+00,  5.6495967490000e+00,  9.0395787037037e-01,              4320000
  5.2371128669480e+00,  1.1108902857048e+00,  1.9040819003960e+00,  8.7093547353531e-01,  3.8966665453829e-01,  3.0033417134328e-04,  5.7136280232636e-03, -9.1746887180548e-02,  3.2442475831913e-02, -6.3752259971375e-01,  1.1240122180519e-01, -4.3442839342515e+00,  5.6843703800000e+00,  9.0475115740741e-01,              4320000
  5.2213558881407e+00,  1.1123495763862e+00,  1.9177977902143e+00,  8.7096616470356e-01,  3.9419899379638e-01,  3.0207576381182e-04,  5.8634655483267e-03, -1.0552043093275e-01,  4.9699770735222e-02, -5.3994130978845e-01,  1.1785010827843e-01, -4.6039140905503e+00,  6.0841860090000e+00,  9.0272083333333e-01,              4320000
  5.2065128452433e+00,  1.1127503483792e+00,  1.9313348230289e+00,  8.7290053008909e-01,  3.7985503043370e-01,  2.9652892808795e-04,  7.1740490640419e-03, -1.1576833509055e-01,  5.7389045811845e-02, -4.9804624553751e-01,  1.1415029860213e-01, -4.3295570754113e+00,  5.8867959300000e+00,  9.0529953703704e-01,              4320000
  5.1918075740102e+00,  1.1117797457280e+00,  1.9446230982966e+00,  8.7269237891262e-01,  3.9616256231814e-01,  3.0282717320759e-04,  6.5707564707185e-03, -1.1266798150420e-01,  4.8573070846473e-02, -5.8519965375504e-01,  1.2865791968771e-01, -4.4229117019932e+00,  5.8696189570000e+00,  9.0702222222222e-01,              4320000
  5.1776075581938e+00,  1.1100974162965e+00,  1.9575989096580e+00,  8.7390724310361e-01,  4.2421803003184e-01,  3.1336658734289e-04,  6.4379706900447e-03, -1.1352142349269e-01,  2.1168018388894e-02, -8.2326557143013e-01,  1.4167029685469e-01, -4.8116981585265e+00,  5.8167231650000e+00,  9.0507430555556e-01,              4320000
  5.1640159752061e+00,  1.1094059331330e+00,  1.9703592206882e+00,  8.7538760760113e-01,  4.1665635069413e-01,  3.1056115231520e-04,  4.8392359801001e-03, -1.0065415487114e-01,  2.8556600332755e-02, -8.8616428023141e-01,  1.2570161345666e-01, -4.7268641146266e+00,  5.7143605500000e+00,  9.0071828703704e-01,              4320000
  5.1518410381220e+00,  1.1094428925988e+00,  1.9830442751788e+00,  8.7768520306296e-01,  3.6278818472966e-01,  2.8979086677326e-04,  6.2185433287875e-03, -9.5236321965853e-02,  2.6585090723590e-02, -8.2068142702967e-01,  1.0112213388456e-01, -3.5468185898561e+00,  5.7006925050000e+00,  9.0227708333333e-01,              4320000
  5.1394549097191e+00,  1.1100922061806e+00,  1.9953311453888e+00,  8.7800542074551e-01,  3.7856194191451e-01,  2.9602378138737e-04,  5.4820708026565e-03, -1.0469191495908e-01,  4.5211743653362e-02, -6.2048928571064e-01,  1.1050225906404e-01, -4.0529251263617e+00,  5.5903434250000e+00,  9.0007013888889e-01,              4320000
  5.1394549097191e+00,  1.1100922061806e+00,  1.9953311453888e+00,  8.7925609305600e-01,  3.9883721733545e-01,  2.7737373995322e-04,  6.1245262916772e-03, -9.4439906081196e-02,  3.2196651205914e-02, -8.3742546669004e-01,  1.2149517708954e-01, -4.4552392900375e+00,  6.6389842970000e+00,  9.0588175154321e-01,              5184000
  5.1269172218832e+00,  1.1110981910724e+00,  2.0075099998657e+00,  8.7946817484417e-01,  4.2078493295852e-01,  2.8490337494538e-04,  6.0711611731040e-03, -1.2615139766330e-01,  4.3041306143172e-02, -5.4275338298323e-01,  1.3930539227770e-01, -5.1520877477707e+00,  6.8632528380000e+00,  9.0527025462963e-01,              5184000
  5.1157497863219e+00,  1.1113214751098e+00,  2.0197669889375e+00,  8.8069279138114e-01,  3.8766615001296e-01,  2.7346165899022e-04,  4.9808793965053e-03, -8.7202768196971e-02,  4.2032871311706e-02, -5.9589706727857e-01,  1.2587375818716e-01, -4.2118034385271e+00,  6.9347095720000e+00,  9.0421739969136e-01,              5184000
  5.1050216595860e+00,  1.1109883956965e+00,  2.0317655880107e+00,  8.8052601851706e-01,  3.7661374010975e-01,  2.6953525821756e-04,  5.2162557783899e-03, -8.2906789645847e-02,  3.7961457613980e-02, -6.2834917540302e-01,  1.2250496838051e-01, -3.8745105029045e+00,  6.6710388010000e+00,  9.0218962191358e-01,              5184000
  5.0942661175755e+00,  1.1103967970615e+00,  2.0433978262119e+00,  8.8455797545393e-01,  3.5450237956831e-01,  2.6150324410222e-04,  4.6970323513618e-03, -9.4215004016692e-02,  3.2487723624383e-02, -6.0752937813056e-01,  8.9457412656150e-02, -3.4730662336812e+00,  6.6329514580000e+00,  9.0353703703704e-01,              5184000
  5.0845122604508e+00,  1.1097654584748e+00,  2.0548359549980e+00,  8.8584068550784e-01,  3.8837344156518e-01,  2.7371100882374e-04,  4.9109878594321e-03, -1.0370671442063e-01,  2.7361901256619e-02, -7.6215024727665e-01,  1.0754049902633e-01, -4.2519479012703e+00,  6.7707695580000e+00,  9.0258641975309e-01,              5184000
  5.0759232318784e+00,  1.1096754962523e+00,  2.0663193082052e+00,  8.8631786807033e-01,  3.7266663960388e-01,  2.6811910573821e-04,  5.2456023782751e-03, -9.8825329982654e-02,  2.7897550795364e-02, -7.4512115974645e-01,  1.0938381734238e-01, -3.7996220407930e+00,  6.6959019790000e+00,  9.0321932870370e-01,              5184000
  5.0678278749806e+00,  1.1100182192200e+00,  2.0775959067769e+00,  8.8745142176888e-01,  3.8230893662603e-01,  2.7156558298411e-04,  5.9169870462177e-03, -9.2749041066699e-02,  2.7907965962975e-02, -7.3284820385592e-01,  1.0164780490005e-01, -4.1805584501215e+00,  6.7057595660000e+00,  9.0353896604938e-01,              5184000
  5.0592273688767e+00,  1.1107287121456e+00,  2.0889717039619e+00,  8.8721292251647e-01,  3.8528977668060e-01,  2.7262221770809e-04,  6.7786963523849e-03, -1.0739649063551e-01,  3.2870994429041e-02, -6.6565733974648e-01,  1.2295015687681e-01, -4.0547673023136e+00,  6.7982593950000e+00,  9.0308757716049e-01,              5184000
  5.0500355957850e+00,  1.1113925808956e+00,  2.1001526240124e+00,  8.8923679436516e-01,  3.6097174272332e-01,  2.6387856073477e-04,  5.5757076817187e-03, -9.3723410366318e-02,  4.2275324651082e-02, -6.0352110371207e-01,  1.0314635883561e-01, -3.7032669496117e+00,  6.6343743280000e+00,  9.0081095679012e-01,              5184000
  5.0408091711484e+00,  1.1114323737752e+00,  2.1111860495714e+00,  8.9012587637108e-01,  3.6199443299838e-01,  2.6425210128227e-04,  5.4182130168567e-03, -8.8532256450515e-02,  5.2527390181670e-02, -5.9206481243044e-01,  1.0420835839292e-01, -3.7207349551802e+00,  6.7527125390000e+00,  9.0598804012346e-01,              5184000
  5.0408091711484e+00,  1.1114323737752e+00,  2.1111860495714e+00,  8.9040660899697e-01,  3.6348911932057e-01,  2.4172556730884e-04,  6.0285357055864e-03, -1.0001950748326e-01,  4.0778976649568e-02, -7.0531391390984e-01,  9.6062525114585e-02, -3.7330880496995e+00,  7.9937527860000e+00,  8.9971498842593e-01,              6220800
  5.0314086865777e+00,  1.1112100602338e+00,  2.1221836191939e+00,  8.9125161036305e-01,  3.6517204355908e-01,  2.4228450568191e-04,  6.8035861848346e-03, -9.9283354142806e-02,  4.1335819449269e-02, -5.3519694205220e-01,  1.0541370050043e-01, -3.9172569074934e+00,  8.0833070470000e+00,  9.0127893518519e-01,              6220800
  5.0210418061824e+00,  1.1103199605353e+00,  2.1331531905653e+00,  8.9226351142505e-01,  3.6106653001820e-01,  2.4091869202710e-04,  4.9389285940613e-03, -7.4527850657229e-02,  2.9013484495834e-02, -7.6817318535900e-01,  9.3321292373716e-02, -3.5558677094160e+00,  8.0513751680000e+00,  9.0723797582305e-01,              6220800
  5.0104123365486e+00,  1.1099598345500e+00,  2.1440380895929e+00,  8.9418048704009e-01,  3.7163587444010e-01,  2.4441941239943e-04,  5.8085999414414e-03, -1.0695776483340e-01,  3.3096815102572e-02, -7.2946776853293e-01,  9.8363619903342e-02, -3.8992492807204e+00,  8.5519840440000e+00,  9.0252893518519e-01,              6220800
  5.0002982406795e+00,  1.1097951706610e+00,  2.1549852368958e+00,  8.9420688480566e-01,  3.7174163374699e-01,  2.4445418809067e-04,  5.4736223776656e-03, -1.0106518557523e-01,  2.6434891555969e-02, -7.0595953515340e-01,  1.1127033956429e-01, -3.7414987307618e+00,  8.1969333190000e+00,  9.0647424768519e-01,              6220800
  4.9906904200902e+00,  1.1100743442972e+00,  2.1657645664199e+00,  8.9580578369583e-01,  3.5037950581055e-01,  2.3732649669135e-04,  5.6543751332511e-03, -9.0287059144787e-02,  3.1850072201366e-02, -7.0902530817033e-01,  9.3069233239461e-02, -3.4850640307119e+00,  8.0916541900000e+00,  9.0046858924897e-01,              6220800
  4.9807984298120e+00,  1.1105029744558e+00,  2.1764570039399e+00,  8.9564216620832e-01,  3.6815496930309e-01,  2.4327204951603e-04,  5.9391823952249e-03, -9.6359493086658e-02,  4.2083317708338e-02, -6.4056292450578e-01,  1.0621501036950e-01, -3.8219490649607e+00,  8.1852402740000e+00,  9.0134500385802e-01,              6220800
  4.9706616775441e+00,  1.1103980995956e+00,  2.1871176853780e+00,  8.9690815028010e-01,  3.4761838992133e-01,  2.3638953828785e-04,  6.3797100978715e-03, -1.0736578045864e-01,  3.1853759932248e-02, -7.1945447465917e-01,  8.8966316274249e-02, -3.4779925412608e+00,  8.0427578220000e+00,  9.0471048739712e-01,              6220800
  4.9604104051898e+00,  1.1105066706310e+00,  2.1977557247987e+00,  8.9840112975724e-01,  3.5649831618689e-01,  2.3938978903633e-04,  4.9174766145456e-03, -9.2489518337839e-02,  2.9561816417563e-02, -7.1532100095983e-01,  9.3684806973703e-02, -3.4735849823013e+00,  8.3191913030000e+00,  9.0205954218107e-01,              6220800
  4.9508048854199e+00,  1.1109141179130e+00,  2.2083224189932e+00,  8.9888021840817e-01,  3.6176515864077e-01,  2.4115165651075e-04,  6.2848519636067e-03, -1.0418120256000e-01,  3.9892967186803e-02, -6.7301413967157e-01,  1.0300065829721e-01, -3.5952755425112e+00,  8.7423778670000e+00,  9.0212705761317e-01,              6220800
  4.9409541541758e+00,  1.1109703122999e+00,  2.2187925272941e+00,  9.0006842073031e-01,  3.4462343868259e-01,  2.3536901308178e-04,  5.4377927169875e-03, -1.0126287974681e-01,  3.9148041680152e-02, -6.3985286609463e-01,  8.2468436102601e-02, -3.3829326256385e+00,  9.1120265570000e+00,  9.0454105581276e-01,              6220800
  4.9409541541758e+00,  1.1109703122999e+00,  2.2187925272941e+00,  8.9827212905967e-01,  3.3301793280739e-01,  2.1121271921499e-04,  6.2897975996187e-03, -8.2988368953465e-02,  3.7996715589236e-02, -6.7750748719774e-01,  8.7192814708276e-02, -3.0648050566575e+00,  9.7985405520000e+00,  9.0562923311043e-01,              7464960
  4.9297636369076e+00,  1.1108130079500e+00,  2.2290558578532e+00,  9.0091686570603e-01,  3.2883280159741e-01,  2.0988133782794e-04,  5.8167541656707e-03, -8.1824901418403e-02,  3.5918299854543e-02, -7.1687244157122e-01,  8.0472502575061e-02, -2.9145671016437e+00,  1.1046797153000e+01,  9.0335474001200e-01,              7464960
  4.9177869501131e+00,  1.1106666252345e+00,  2.2391268924933e+00,  9.0249408015736e-01,  3.6238366390099e-01,  2.2032844194290e-04,  5.6155751205629e-03, -9.4124938248545e-02,  2.8746431072642e-02, -9.2474549074180e-01,  9.3373220434709e-02, -3.6433723876169e+00,  1.0124972326000e+01,  9.0482038751715e-01,              7464960
  4.9059533448918e+00,  1.1114298095697e+00,  2.2493044217720e+00,  9.0316617687363e-01,  3.3895819294800e-01,  2.1308816297253e-04,  5.6039763872047e-03, -9.1777139707643e-02,  3.5372857900876e-02, -7.0644985869216e-01,  8.6399140875213e-02, -3.1584456497990e+00,  1.0774781657000e+01,  9.0323698988340e-01,              7464960
  4.8941308097563e+00,  1.1121188502615e+00,  2.2593800873991e+00,  9.0227709571979e-01,  3.3922278398876e-01,  2.1317131514509e-04,  5.9293192914676e-03, -8.6245696699990e-02,  4.3536999544245e-02, -7.3736362982732e-01,  9.3418420354151e-02, -3.1510080341845e+00,  9.9451045970000e+00,  9.0332968964335e-01,              7464960
  4.8816695652928e+00,  1.1123969487106e+00,  2.2692800433420e+00,  9.0521944879758e-01,  3.2546660759467e-01,  2.0880431830830e-04,  5.0757404217878e-03, -8.4290641302449e-02,  4.8979083500033e-02, -6.5680023869238e-01,  7.7560339799823e-02, -2.9673005201283e+00,  9.6859485010000e+00,  9.0144796489198e-01,              7464960
  4.8694357432716e+00,  1.1118056477100e+00,  2.2791050371365e+00,  9.0457482022277e-01,  3.4388803094759e-01,  2.1463215580984e-04,  5.1336700668535e-03, -8.3044674909707e-02,  4.1590133451038e-02, -6.4589465399017e-01,  9.0928983018845e-02, -3.3408372995246e+00,  1.0027950708000e+01,  9.0469406400034e-01,              7464960
  4.8572720163401e+00,  1.1107812225129e+00,  2.2889306974093e+00,  9.0596360088241e-01,  3.3120527487013e-01,  2.1063710634157e-04,  5.0485943542834e-03, -7.5600286896771e-02,  3.4168773844849e-02, -6.0328148207023e-01,  8.1829987607579e-02, -3.0331721968392e+00,  1.0080117679000e+01,  9.0201434435014e-01,              7464960
  4.8448531391011e+00,  1.1096412010865e+00,  2.2986855854674e+00,  9.0740434411414e-01,  3.4201222144049e-01,  2.1404597726693e-04,  4.6794965249318e-03, -8.6863073184285e-02,  1.3343917885908e-02, -9.8017678051456e-01,  7.9218839745837e-02, -3.0387236120805e+00,  9.8209934080000e+00,  9.0650144140089e-01,              7464960
  4.8332265767181e+00,  1.1105063010351e+00,  2.3084161231091e+00,  9.0797143187458e-01,  3.3675939301591e-01,  2.1239589388606e-04,  5.3534990208143e-03, -8.4073505350162e-02,  2.5760117867172e-02, -7.2953887627782e-01,  7.8219673322170e-02, -3.0447547599849e+00,  9.6457855030000e+00,  9.0538422175069e-01,              7464960
  4.8214099267985e+00,  1.1118627528797e+00,  2.3181451998384e+00,  9.0765137512525e-01,  3.3394666779263e-01,  2.1150703379595e-04,  5.4895323060329e-03, -8.8164002365945e-02,  3.0334015228356e-02, -7.3353661850698e-01,  8.6168213441577e-02, -3.0152463148370e+00,  9.8602207650000e+00,  9.0132271304870e-01,              7464960
  4.8214099267985e+00,  1.1118627528797e+00,  2.3181451998384e+00,  9.0853900185484e-01,  3.2519511568499e-01,  1.9053187508415e-04,  5.1053575064308e-03, -7.9554636187236e-02,  3.5507748144841e-02, -8.1896633940325e-01,  7.0288846880943e-02, -2.7937766775052e+00,  1.2551880806000e+01,  9.0240659918696e-01,              8957952
  4.8214099267985e+00,  1.1118627528797e+00,  2.3181451998384e+00,  9.0695844268786e-01,  3.2666125725660e-01,  1.7432270462182e-04,  5.8077926102465e-03, -8.3905504932323e-02,  4.1952838127241e-02, -6.1892539841189e-01,  8.0228318419662e-02, -2.9588405017975e+00,  1.5039609060000e+01,  9.0545257023187e-01,             10749536
  4.8089049115426e+00,  1.1124989371369e+00,  2.3277997358969e+00,  9.0869434862179e-01,  3.2187524848987e-01,  1.7304096628109e-04,  5.9203210352939e-03, -9.0930140010371e-02,  5.3154528197040e-02, -5.0595816088580e-01,  7.5756187487280e-02, -3.0044276621590e+00,  1.4932547242000e+01,  9.0238806586628e-01,             10749536
  4.7960346636708e+00,  1.1115685290149e+00,  2.3374749821075e+00,  9.0941978423193e-01,  3.1800504131392e-01,  1.7199750346794e-04,  4.5455304876903e-03, -8.0178501323297e-02,  3.5626678846368e-02, -6.7427144501562e-01,  6.7154830988760e-02, -2.7506907829035e+00,  1.5401944338000e+01,  8.9954394310601e-01,             10749536
  4.7837676001101e+00,  1.1106218880505e+00,  2.3471225808410e+00,  9.1029040289901e-01,  3.3108513619297e-01,  1.7549913598628e-04,  5.1069836043267e-03, -9.3557534183698e-02,  2.8654568174182e-02, -7.3440658772133e-01,  7.5498894435739e-02, -2.9486675638036e+00,  1.4589229283000e+01,  9.0501887709386e-01,             10749536
  4.7721665360016e+00,  1.1102060962671e+00,  2.3567691025001e+00,  9.1078095384008e-01,  3.3574130304156e-01,  1.7672888057073e-04,  4.6045116982765e-03, -8.6939220891215e-02,  2.2425629317309e-02, -8.8188831028446e-01,  7.1063601444082e-02, -2.9231210931676e+00,  1.4284097007000e+01,  9.0141862867383e-01,             10749536
  4.7613639222051e+00,  1.1110217047850e+00,  2.3664590195691e+00,  9.1213005248528e-01,  3.1412206378125e-01,  1.7094419672945e-04,  4.4248784524529e-03, -8.6228012457883e-02,  2.2604382827213e-02, -9.0527679015775e-01,  6.1840785773387e-02, -2.5729146551091e+00,  1.4933163253000e+01,  9.0248518633735e-01,             10749536
  4.7514506321675e+00,  1.1130118627727e+00,  2.3760875021166e+00,  9.1268522479297e-01,  3.1199974162007e-01,  1.7036573762457e-04,  5.0179992215825e-03, -7.8054279578089e-02,  4.4359262375135e-02, -6.6625439421805e-01,  6.7137231613659e-02, -2.6557133675114e+00,  1.4746992897000e+01,  9.0409176730977e-01,             10749536
  4.7411786769894e+00,  1.1141991924491e+00,  2.3856497363544e+00,  9.1213515666621e-01,  3.2053840189128e-01,  1.7268124629069e-04,  5.3920503545711e-03, -8.9156872448813e-02,  5.7250485747807e-02, -6.3240697367845e-01,  7.4630632869542e-02, -2.8742672337090e+00,  1.4641403866000e+01,  9.0327433667835e-01,             10749536
  4.7307863893371e+00,  1.1138414058199e+00,  2.3952002490044e+00,  9.1351145768057e-01,  3.0239952068212e-01,  1.6772418489966e-04,  5.3447019982040e-03, -7.4650593533844e-02,  5.9067990494706e-02, -4.7537479858200e-01,  6.6216580096060e-02, -2.6296602463357e+00,  1.4540319211000e+01,  9.0364216650840e-01,             10749536
  4.7194953898317e+00,  1.1115405958190e+00,  2.4046950517655e+00,  9.1247484881337e-01,  3.2108810029883e-01,  1.7282925031170e-04,  5.2319126754011e-03, -8.0175477000768e-02,  3.3349206356211e-02, -7.5913389878501e-01,  7.2107272188327e-02, -2.7735721119540e+00,  1.5036487991000e+01,  9.0214991605219e-01,             10749536
  4.7078365040637e+00,  1.1097176013706e+00,  2.4141604260127e+00,  9.1360003387199e-01,  3.3472268991391e-01,  1.7646058604737e-04,  6.5055176204021e-03, -9.4407744686344e-02,  1.4775350646038e-02, -8.9275106043204e-01,  7.4444925457063e-02, -2.9117392572746e+00,  1.5432148314000e+01,  9.0225587411401e-01,             10749536
  4.6951884546187e+00,  1.1097597935859e+00,  2.4236629622599e+00,  9.1399471969656e-01,  3.3118545094612e-01,  1.7552572102023e-04,  5.7844672739273e-03, -8.3662312775035e-02,  7.9190889174447e-03, -9.1677210542197e-01,  7.2702218669846e-02, -2.7512013561679e+00,  1.5497392637000e+01,  9.0470184015384e-01,             10749536
  4.6818541548143e+00,  1.1119488936892e+00,  2.4331208778825e+00,  9.1630491120503e-01,  3.1212249575050e-01,  1.7039924893654e-04,  4.9900492760990e-03, -7.9069713046299e-02,  3.5707979595848e-02, -6.9261177741170e-01,  6.6548706144592e-02, -2.5721283656818e+00,  1.4166998003000e+01,  9.0179734269461e-01,             10749536
  4.6685536202801e+00,  1.1138686765737e+00,  2.4425053656980e+00,  9.1628852013916e-01,  3.0031699731207e-01,  1.6714565723965e-04,  3.9145951233571e-03, -7.8735431470030e-02,  4.9980210889569e-02, -5.5468061414256e-01,  5.7001526671818e-02, -2.5161322283582e+00,  1.4027940697000e+01,  9.0531712252510e-01,             10749536
  4.6565434024186e+00,  1.1143295548377e+00,  2.4519167944612e+00,  9.1500841676432e-01,  3.0204855842984e-01,  1.6762682702854e-04,  5.1601830289082e-03, -8.0233599924143e-02,  6.2087279811509e-02, -5.1403372272676e-01,  6.3944647497776e-02, -2.5343464185879e+00,  1.4873998205000e+01,  9.0211186789830e-01,             10749536
  4.6442956840580e+00,  1.1126545791974e+00,  2.4612762190652e+00,  9.1629328168496e-01,  3.0346988431931e-01,  1.6802075826677e-04,  5.2643894569284e-03, -7.9988019471425e-02,  3.9904781030675e-02, -6.3750305914175e-01,  5.9691412769857e-02, -2.4926676830503e+00,  1.4192900597000e+01,  8.9971241549403e-01,             10749536
  4.6316893169018e+00,  1.1106752019727e+00,  2.4706214921852e+00,  9.1782524860812e-01,  3.1554011287467e-01,  1.7132961108042e-04,  4.2702011904479e-03, -8.6889387413948e-02,  1.1256353299008e-02, -8.7156340186889e-01,  6.1922448818613e-02, -2.4789326911643e+00,  1.4344699269000e+01,  9.0069943484072e-01,             10749536
  4.6203733042702e+00,  1.1107613300531e+00,  2.4799185077317e+00,  9.1703567569770e-01,  3.2999809987884e-01,  1.7521079507270e-04,  4.8071757482812e-03, -8.2555595796473e-02,  1.5274780143852e-02, -8.6787458672022e-01,  6.6307896711848e-02, -2.9353653277841e+00,  1.3991162508000e+01,  9.0451606469340e-01,             10749536
  4.6093035011104e+00,  1.1124750830257e+00,  2.4894250908773e+00,  9.1771050311682e-01,  3.1052750689309e-01,  1.6996330950311e-04,  4.6653286693884e-03, -8.1585218041780e-02,  3.0751535467364e-02, -6.9451465850190e-01,  6.1936507792829e-02, -2.5688348369269e+00,  1.4206320743000e+01,  9.0463132548233e-01,             10749536
  4.6039352377794e+00,  1.1133665437299e+00,  2.4941806193257e+00,  9.1662776835830e-01,  3.0011729896573e-01,  1.6709007553372e-04,  5.4141780315825e-03, -9.1958621587637e-02,  4.5529677563018e-02, -6.2651235390018e-01,  6.0601328326588e-02, -2.4387862221219e+00,  1.4206502152000e+01,  9.0207242433534e-01,             10749536
  4.5985748039815e+00,  1.1137553640009e+00,  2.4989047934645e+00,  9.1909622879106e-01,  3.0343025283880e-01,  1.6800978661988e-04,  6.2472555073514e-03, -8.0865272607245e-02,  4.6013121916190e-02, -6.3742394720609e-01,  6.1709877254772e-02, -2.5204322011129e+00,  1.4172488358000e+01,  9.0159017096180e-01,             10749536
  4.5923772531808e+00,  1.1136894397537e+00,  2.5036228646136e+00,  9.1841703539060e-01,  2.9208373669386e-01,  1.6483856638012e-04,  4.5394276685560e-03, -7.6205103611415e-02,  5.1733341381459e-02, -5.6539578531815e-01,  5.2625528660649e-02, -2.3433133614837e+00,  1.3900458335000e+01,  9.0243523069275e-01,             10749536
  4.5863183731241e+00,  1.1129343112522e+00,  2.5083388802673e+00,  9.1785398348180e-01,  3.0569789648784e-01,  1.6863641688741e-04,  5.0425006608422e-03, -8.0672619042296e-02,  3.9044573594126e-02, -6.8150940245993e-01,  5.7640498727309e-02, -2.5194736171554e+00,  1.4814371721000e+01,  9.0364877144465e-01,             10749536
  4.5802103080461e+00,  1.1121032174064e+00,  2.5130812203331e+00,  9.1956243689481e-01,  2.9629005002419e-01,  1.6602124808860e-04,  4.6150973208706e-03, -7.2756223778020e-02,  3.4923070247505e-02, -6.3558928808321e-01,  4.5803107737619e-02, -2.3262275742989e+00,  1.4596981095000e+01,  9.0318503049806e-01,             10749536
  4.5740749533261e+00,  1.1112573393647e+00,  2.5178644730024e+00,  9.2125318045804e-01,  3.1031873273242e-01,  1.6990616494642e-04,  4.8233132530109e-03, -7.8060549033066e-02,  1.4331517041231e-02, -9.3116657170826e-01,  5.4959076510925e-02, -2.4355808447095e+00,  1.4251523032000e+01,  9.0313340036258e-01,             10749536
  4.5679480588930e+00,  1.1114616324373e+00,  2.5226609359390e+00,  9.1978499220550e-01,  3.0761879323917e-01,  1.6916541278738e-04,  4.3208391177087e-03, -8.9124461647747e-02,  1.7952922405726e-02, -7.8407497886502e-01,  6.0690547364155e-02, -2.4087195548548e+00,  1.4178109696000e+01,  9.0582951673449e-01,             10749536
  4.5624925722991e+00,  1.1122870184022e+00,  2.5274215190509e+00,  9.1949633673358e-01,  3.0359059440375e-01,  1.6805417143973e-04,  5.0832505396856e-03, -8.4516465555006e-02,  2.9243513864960e-02, -6.9996036897385e-01,  5.9905040356573e-02, -2.3827448121289e+00,  1.4782780884000e+01,  9.0414423469069e-01,             10749536
  4.5570148336002e+00,  1.1132078260182e+00,  2.5321477650533e+00,  9.2051022014112e-01,  3.0214810887319e-01,  1.6765444833269e-04,  4.9524909429638e-03, -7.6558946275544e-02,  3.7989331711050e-02, -6.4020278513452e-01,  5.9169176730572e-02, -2.4472955425624e+00,  1.3989704103000e+01,  9.0010433938730e-01,             10749536
  4.5513464467127e+00,  1.1138584974021e+00,  2.5368728115178e+00,  9.2193981774094e-01,  2.8200939512534e-01,  1.6197087535016e-04,  5.2208766424741e-03, -7.3795314312339e-02,  4.4837737611880e-02, -6.0050378710652e-01,  5.0660486734651e-02, -2.1569072641119e+00,  1.3701064652000e+01,  9.0378700996955e-01,             10749536
  4.5452479159921e+00,  1.1139937285432e+00,  2.5415557194174e+00,  9.2304689319767e-01,  2.9641259463993e-01,  1.6605557746757e-04,  4.5734665094639e-03, -7.5405684574938e-02,  4.6789801310366e-02, -6.3725410774545e-01,  5.2194241036776e-02, -2.3896808776769e+00,  1.4240725596000e+01,  9.0356690744605e-01,             10749536
  4.5392182900716e+00,  1.1136575348930e+00,  2.5462745366633e+00,  9.2128877165136e-01,  2.9368657018506e-01,  1.6529023017716e-04,  4.9870584856510e-03, -7.6263055103749e-02,  4.7711706154970e-02, -5.8150413049321e-01,  5.4775839284906e-02, -2.3601511004514e+00,  1.4290921033000e+01,  9.0454146113842e-01,             10749536
  4.5330129988286e+00,  1.1127790630319e+00,  2.5509985375425e+00,  9.2238977073924e-01,  2.8884722088216e-01,  1.6392275233268e-04,  4.7999593073265e-03, -8.4744544491294e-02,  3.5333055750922e-02, -6.5913863497299e-01,  4.2019370246464e-02, -2.2298344706461e+00,  1.4012308435000e+01,  9.0186562471162e-01,             10749536
  4.5270378261493e+00,  1.1119111099020e+00,  2.5557740467413e+00,  9.2224679354152e-01,  3.0098576303471e-01,  1.6733165924079e-04,  3.4401892272077e-03, -7.5653991937920e-02,  1.8061195044905e-02, -7.6083562538195e-01,  5.1094563945414e-02, -2.3005092715188e+00,  1.4707235718000e+01,  9.0062659448743e-01,             10749536
  4.5218591948808e+00,  1.1117483362151e+00,  2.5605578810940e+00,  9.2176016251397e-01,  3.0214232989477e-01,  1.6765284501955e-04,  5.7545277800925e-03, -8.0031756717246e-02,  2.0205781427238e-02, -8.0446240466697e-01,  5.7549681163911e-02, -2.3436694112024e+00,  1.5331208165000e+01,  9.0028323082968e-01,             10749536
  4.5160429547165e+00,  1.1122262132990e+00,  2.5653197359733e+00,  9.2257154010124e-01,  3.0275110876847e-01,  1.6782165974775e-04,  4.5557695153461e-03, -8.3933259075168e-02,  2.4442305819002e-02, -7.8812576428170e-01,  5.0482396882734e-02, -2.4106519984001e+00,  1.4241266872000e+01,  9.0591724145117e-01,             10749536
  4.5105489639322e+00,  1.1131271926193e+00,  2.5701395402666e+00,  9.2243856577545e-01,  2.9681001064674e-01,  1.6616685991709e-04,  5.1485154309720e-03, -8.3561401538931e-02,  3.9766242076670e-02, -5.7583764227902e-01,  5.6903625082999e-02, -2.3633985536999e+00,  1.4865412340000e+01,  9.0499906228511e-01,             10749536
  4.5049460078484e+00,  1.1135960526139e+00,  2.5749491737116e+00,  9.2340030301104e-01,  2.9683561131519e-01,  1.6617402593375e-04,  3.7489151883325e-03, -7.8488800391907e-02,  3.8162398248238e-02, -7.4570428656898e-01,  5.2254248385760e-02, -2.3347785908408e+00,  1.4997251899000e+01,  9.0467235050890e-01,             10749536
  4.4999969545973e+00,  1.1139921909612e+00,  2.5797750426358e+00,  9.2416870232922e-01,  2.8121320950340e-01,  1.6174207085967e-04,  4.6884447139607e-03, -8.1713176092796e-02,  4.9914795641158e-02, -5.6873687131142e-01,  4.3880331505122e-02, -2.1466617464619e+00,  1.4962492599000e+01,  9.0343713440282e-01,             10749536
  4.4951233227813e+00,  1.1136682915143e+00,  2.5846097201465e+00,  9.2285922676258e-01,  2.9667504118674e-01,  1.6612907480076e-04,  4.6851267007376e-03, -8.3684384234278e-02,  3.6253893236799e-02, -8.2175706290840e-01,  5.1025939271818e-02, -2.3066789935077e+00,  1.5409226242000e+01,  9.0286994713074e-01,             10749536
  4.4903839291110e+00,  1.1135296002077e+00,  2.5894604536938e+00,  9.2399907072859e-01,  2.9853693289371e-01,  1.6664956105192e-04,  4.2287366041283e-03, -7.8198440635664e-02,  3.7847839535913e-02, -6.0881230702358e-01,  5.0772457480696e-02, -2.4253987226652e+00,  1.4799186651000e+01,  9.0224471084147e-01,             10749536
  4.4858861566424e+00,  1.1131670902785e+00,  2.5943735880096e+00,  9.2316679688512e-01,  2.9596703404075e-01,  1.6593072506749e-04,  5.0981404717323e-03, -7.6775209139447e-02,  4.0061898540497e-02, -5.6339411458287e-01,  5.7135994285950e-02, -2.3789041557159e+00,  1.4319897564000e+01,  9.0263523932568e-01,             10749536
  4.4809787218371e+00,  1.1124571938139e+00,  2.5992799589918e+00,  9.2475384133754e-01,  2.9121765859443e-01,  1.6459399771583e-04,  5.5153521850912e-03, -7.8791397536455e-02,  3.1008317443599e-02, -7.9482651611333e-01,  4.8984897022342e-02, -2.1887081658250e+00,  1.3942982183000e+01,  9.0311432977200e-01,             10749536
  4.4754899111599e+00,  1.1120975274350e+00,  2.6041716843934e+00,  9.2392274837546e-01,  2.9941860585219e-01,  1.6689546377345e-04,  6.4643889283021e-03, -7.8331254489489e-02,  3.0723918272466e-02, -7.0513841637300e-01,  5.3858689481308e-02, -2.3536972455296e+00,  1.4050998199000e+01,  9.0053896279802e-01,             10749536
  4.4688408680111e+00,  1.1119194046011e+00,  2.6090773038450e+00,  9.2376053971492e-01,  3.0884863922467e-01,  1.6950323330092e-04,  5.7539436987405e-03, -8.8889889128652e-02,  1.7813322694572e-02, -8.5956292124913e-01,  5.8070249771192e-02, -2.4025036577101e+00,  1.4051368394000e+01,  9.0510213650152e-01,             10749536
  4.4619557590016e+00,  1.1125769079156e+00,  2.6139837733042e+00,  9.2472538525077e-01,  2.9770885069422e-01,  1.6641827415133e-04,  4.5799852372240e-03, -7.8285403523600e-02,  2.5603539959989e-02, -7.7953951862809e-01,  4.7859853342680e-02, -2.3180327132060e+00,  1.4373470299000e+01,  9.0047412279004e-01,             10749536
  4.4552839330418e+00,  1.1136075236895e+00,  2.6189381985766e+00,  9.2531030805219e-01,  2.9088292579954e-01,  1.6449937630767e-04,  4.6666689001835e-03, -7.5918104448004e-02,  3.9868359956465e-02, -6.2742591639260e-01,  5.1344340233096e-02, -2.2599540525697e+00,  1.4048950515000e+01,  9.0440015271357e-01,             10749536
  4.4486655288124e+00,  1.1142603476424e+00,  2.6238889887174e+00,  9.2514944598644e-01,  2.9277172539718e-01,  1.6503258671515e-04,  6.2787940290951e-03, -9.1522038354790e-02,  5.0141223115109e-02, -5.7880912690774e-01,  5.6893121260055e-02, -2.4295331323666e+00,  1.4144711952000e+01,  9.0340448183066e-01,             10749536
  4.4415386425706e+00,  1.1141526427172e+00,  2.6288605949078e+00,  9.2522736438433e-01,  2.8702051870129e-01,  1.6340359730822e-04,  3.9351531091312e-03, -7.9687816067613e-02,  4.3437910803025e-02, -6.8260065166784e-01,  4.1720921591763e-02, -2.2086299148953e+00,  1.4222518360000e+01,  9.0370802981636e-01,             10749536
  4.4351314996452e+00,  1.1137480195328e+00,  2.6338844311397e+00,  9.2517144980584e-01,  2.9740586831621e-01,  1.6633356951524e-04,  4.2434335122850e-03, -8.0924866606475e-02,  3.5784135557679e-02, -6.5314426793109e-01,  5.3139947505019e-02, -2.3601513087739e+00,  1.3881081915000e+01,  9.0296939328358e-01,             10749536
  4.4292059937809e+00,  1.1132787034560e+00,  2.6389275890874e+00,  9.2539070103778e-01,  2.8707160668859e-01,  1.6341813910736e-04,  5.6040667150593e-03, -7.9016335852845e-02,  3.8903370266633e-02, -6.1625489051904e-01,  4.8817276353541e-02, -2.1935179036339e+00,  1.4078615548000e+01,  9.0108642828863e-01,             10749536
  4.4227258676065e+00,  1.1125853703719e+00,  2.6439588446675e+00,  9.2474690776962e-01,  3.0254029368039e-01,  1.6776321983121e-04,  4.8746955833196e-03, -8.7874474870212e-02,  2.6609568590331e-02, -8.0128809346212e-01,  5.5245544346615e-02, -2.3705549364809e+00,  1.4904875253000e+01,  9.0254965423624e-01,             10749536
  4.4227258676065e+00,  1.1125853703719e+00,  2.6439588446675e+00,  9.2456815787211e-01,  2.9047817744238e-01,  1.5006220619566e-04,  4.5273121482196e-03, -8.5295842440033e-02,  2.9737300325201e-02, -6.9141065652740e-01,  4.0067131570637e-02, -2.2776471327876e+00,  1.7054947984000e+01,  9.0374837977463e-01,             12899440
  4.4166889770414e+00,  1.1121203702417e+00,  2.6490816100883e+00,  9.2399728702036e-01,  2.9598093957243e-01,  1.5147691228259e-04,  4.3369432397757e-03, -8.4372505916946e-02,  2.3904817746579e-02, -6.8977465650417e-01,  5.1707766796520e-02, -2.3241343252348e+00,  1.6702113949000e+01,  9.0565396637373e-01,             12899440
  4.4111518152600e+00,  1.1120552955880e+00,  2.6542162838472e+00,  9.2547347712939e-01,  2.8824274279042e-01,  1.4948367368189e-04,  5.7171775211673e-03, -7.7082259253751e-02,  2.2216512981469e-02, -7.4386440629753e-01,  4.6663383937374e-02, -2.0945731280335e+00,  1.7646270134000e+01,  9.0074065230739e-01,             12899440
  4.4048693043352e+00,  1.1125006767797e+00,  2.6593130055787e+00,  9.2696396750748e-01,  2.8490729680737e-01,  1.4861627020098e-04,  4.8215701485118e-03, -8.6116859084573e-02,  2.7779230284250e-02, -6.9090333721807e-01,  4.1644506891663e-02, -2.0985283148524e+00,  1.7300957351000e+01,  9.0142533319276e-01,             12899440
  4.3988342955076e+00,  1.1131317241429e+00,  2.6644179754414e+00,  9.2575818477480e-01,  2.8844686714976e-01,  1.4953659411036e-04,  5.2178436935341e-03, -7.7774292016192e-02,  3.0885170432066e-02, -6.8274336199935e-01,  4.6729313208542e-02, -2.1454760608590e+00,  2.0488267003000e+01,  9.0318672748584e-01,             12899440
  4.3924606990799e+00,  1.1138122289642e+00,  2.6695104412762e+00,  9.2697261600014e-01,  2.8964130449507e-01,  1.4984588429474e-04,  5.5013362200095e-03, -7.5522272943486e-02,  3.4755579581508e-02, -6.8834120067395e-01,  4.7596738054536e-02, -2.1997976510738e+00,  1.8091284379000e+01,  9.0655896690089e-01,             12899440
  4.3855092092774e+00,  1.1144155580634e+00,  2.6746078161327e+00,  9.2772836647436e-01,  2.7545250894513e-01,  1.4612951330356e-04,  4.0033408844800e-03, -8.3479499159217e-02,  4.0835995496101e-02, -5.8993229353761e-01,  3.6344079762406e-02, -2.0473331261921e+00,  1.7653343079000e+01,  9.0318052566623e-01,             12899440
  4.3793484982750e+00,  1.1145729088642e+00,  2.6797400420846e+00,  9.2611054848790e-01,  2.7959181823297e-01,  1.4722338563371e-04,  5.9248835809598e-03, -7.6027417340033e-02,  5.3555841702341e-02, -5.2288888267918e-01,  4.3602392935575e-02, -2.1679478659864e+00,  1.7652784972000e+01,  9.0507890265004e-01,             12899440
  4.3723117702641e+00,  1.1137756276441e+00,  2.6848956362250e+00,  9.2776735241278e-01,  2.8847312529034e-01,  1.4954340032668e-04,  4.7890593871036e-03, -8.3734280712110e-02,  3.5321329274862e-02, -6.1577976188810e-01,  4.8751944949150e-02, -2.2086570108269e+00,  1.7971997624000e+01,  9.0740807352877e-01,             12899440
  4.3655316278170e+00,  1.1128994552164e+00,  2.6900490814046e+00,  9.2732202579028e-01,  2.9195843443157e-01,  1.5044407370739e-04,  4.4432043258928e-03, -8.4404001467297e-02,  2.7643539925605e-02, -7.8038269273906e-01,  4.5409644707777e-02, -2.2135324005487e+00,  1.7964496908000e+01,  9.0053831794248e-01,             12899440
  4.3592486167701e+00,  1.1125007450455e+00,  2.6952309209176e+00,  9.2945201053121e-01,  2.9319320188702e-01,  1.5076187142799e-04,  4.5632777571874e-03, -8.2932476692177e-02,  1.4751766555399e-02, -9.1827944463095e-01,  4.0751811457567e-02, -2.1445028947871e+00,  1.7449539268000e+01,  9.0476051673561e-01,             12899440
  4.3532773324669e+00,  1.1132188534576e+00,  2.7004497426303e+00,  9.2609361401713e-01,  2.8501649617738e-01,  1.4864474832090e-04,  5.4881070276112e-03, -8.1695968384817e-02,  3.1002990236048e-02, -6.8539596922964e-01,  4.7098405268565e-02, -2.1041513475349e+00,  1.7457875495000e+01,  9.0189829946106e-01,             12899440
  4.3468930547795e+00,  1.1139809667373e+00,  2.7056360725507e+00,  9.2789432745382e-01,  2.8154583810643e-01,  1.4773694954941e-04,  3.7269568761600e-03, -7.7176475265550e-02,  4.0534250085723e-02, -6.1240883929092e-01,  4.0257110020873e-02, -2.1122436428595e+00,  1.7546607452000e+01,  9.0469423478849e-01,             12899440
  4.3412199665897e+00,  1.1143239706830e+00,  2.7108532598002e+00,  9.2882771749945e-01,  2.7378254538077e-01,  1.4568587611189e-04,  4.0643625834505e-03, -7.8571535812003e-02,  3.9655182797677e-02, -6.9091321994146e-01,  3.3516025361435e-02, -2.0241856390337e+00,  1.8178257804000e+01,  9.0320711596782e-01,             12899440
  4.3359978887398e+00,  1.1144551716604e+00,  2.7161189247100e+00,  9.2703989853010e-01,  2.8216568064940e-01,  1.4789948667143e-04,  5.5378874441558e-03, -7.6491541395154e-02,  3.8941805460650e-02, -6.8371640907454e-01,  4.8891619325148e-02, -2.0893308211992e+00,  1.7972432682000e+01,  9.0381846033626e-01,             12899440
  4.3300622572510e+00,  1.1144068008815e+00,  2.7213311886581e+00,  9.2813785126001e-01,  2.8766836795756e-01,  1.4933466303451e-04,  4.8604417382233e-03, -8.4837288020966e-02,  4.4456010586714e-02, -5.6029928073708e-01,  4.7577702238993e-02, -2.2801638270159e+00,  1.8719906619000e+01,  9.0314432254423e-01,             12899440
  4.3242566897797e+00,  1.1137844243999e+00,  2.7265854883439e+00,  9.2935966437064e-01,  2.8059881810425e-01,  1.4748827299776e-04,  3.8693364443513e-03, -8.3897973253179e-02,  3.2158073342511e-02, -7.2817304143813e-01,  3.8667012477248e-02, -2.0655350018628e+00,  1.8391648953000e+01,  9.0302974392687e-01,             12899440
  4.3192484168006e+00,  1.1133724166654e+00,  2.7318644284424e+00,  9.2864862638786e-01,  2.8655919047400e-01,  1.4904648637328e-04,  3.9247736563988e-03, -8.4639401773141e-02,  1.8575888737316e-02, -8.6500708206028e-01,  4.1783111327075e-02, -2.0475070752924e+00,  1.7715231191000e+01,  9.0265530906768e-01,             12899440
  4.3149478359460e+00,  1.1138744660442e+00,  2.7371341225314e+00,  9.2861635342207e-01,  2.7833541406134e-01,  1.4689222367784e-04,  5.3052322291757e-03, -7.9866035896214e-02,  3.4153818224929e-02, -7.0040170565191e-01,  3.9041327618471e-02, -2.0715888154941e+00,  1.9037659886000e+01,  9.0502293122802e-01,             12899440
  4.3101151611558e+00,  1.1143587256962e+00,  2.7424295651154e+00,  9.2968517731491e-01,  2.8341381159141e-01,  1.4822623483929e-04,  5.7268243668975e-03, -8.5801565106010e-02,  3.8514048123457e-02, -6.7286418235315e-01,  4.6612032853957e-02, -2.1228711345192e+00,  1.7454593529000e+01,  9.0321572099254e-01,             12899440
  4.3047112441968e+00,  1.1146223857265e+00,  2.7477083393236e+00,  9.2826347612022e-01,  2.7457954694508e-01,  1.4589777327862e-04,  4.6267600275099e-03, -7.1950473465378e-02,  3.9394013289285e-02, -6.5607984725445e-01,  3.9754640122235e-02, -2.0014822192416e+00,  1.7671678597000e+01,  9.0256181663700e-01,             12899440
  4.2990830575523e+00,  1.1146246589170e+00,  2.7529800892781e+00,  9.2959536211962e-01,  2.6918597276697e-01,  1.4445772935733e-04,  5.9588235573660e-03, -7.5705694158004e-02,  4.5226278142394e-02, -5.7329624396087e-01,  3.5415598326562e-02, -1.9317592594652e+00,  1.7831300124000e+01,  9.0365853091297e-01,             12899440
  4.2924331062797e+00,  1.1140322347908e+00,  2.7582540953654e+00,  9.3046806066441e-01,  2.7428117404173e-01,  1.4581848154849e-04,  4.6704786450930e-03, -7.8685534326556e-02,  3.8750951337323e-02, -6.7871418652287e-01,  4.0162972489006e-02, -1.9879326188241e+00,  1.7772928778000e+01,  9.0294950788561e-01,             12899440
  4.2858907116404e+00,  1.1133237572363e+00,  2.7635154101267e+00,  9.3012137107272e-01,  2.8360694087125e-01,  1.4827672982157e-04,  4.3692900325586e-03, -7.8063520447344e-02,  2.4710019602019e-02, -7.9157554884513e-01,  4.4234810837651e-02, -2.0835879256225e+00,  1.9194226531000e+01,  9.0275360790856e-01,             12899440
  4.2796405795078e+00,  1.1132213858097e+00,  2.7687726889764e+00,  9.3162756564641e-01,  2.7953932413436e-01,  1.4720956419616e-04,  3.4621985571415e-03, -7.9554468353820e-02,  1.6561214014800e-02, -7.8029557335356e-01,  3.7411179406529e-02, -1.9760214301419e+00,  1.9117826692000e+01,  9.0456120575777e-01,             12899440
  4.2743771307300e+00,  1.1139422587934e+00,  2.7740399567693e+00,  9.2885021374477e-01,  2.8195479792048e-01,  1.4784420837360e-04,  5.4182700899150e-03, -8.2690863981610e-02,  3.2439480693752e-02, -7.2466613383865e-01,  4.3251258575573e-02, -2.1047372747699e+00,  1.7827170638000e+01,  9.0414924988992e-01,             12899440
  4.2686820155456e+00,  1.1147311463677e+00,  2.7793227582236e+00,  9.3053243511093e-01,  2.6997457374368e-01,  1.4466917461449e-04,  5.2784663931381e-03, -7.8274653693215e-02,  4.6520658848716e-02, -5.5827093546377e-01,  3.9528787583656e-02, -1.9579420644385e+00,  1.7707019024000e+01,  9.0322316317608e-01,             12899440
  4.2625368743982e+00,  1.1147650060974e+00,  2.7845904293929e+00,  9.3136232794254e-01,  2.6948570219966e-01,  1.4453813136854e-04,  6.6999086221856e-03, -7.5354721708166e-02,  4.7537877388890e-02, -5.8397557897812e-01,  3.9532072940436e-02, -1.9556120994042e+00,  1.9068220099000e+01,  9.0379466085349e-01,             12899440
  4.2548648913042e+00,  1.1141254202152e+00,  2.7898448426626e+00,  9.3016020276922e-01,  2.8094572109239e-01,  1.4757941436329e-04,  4.3338384538532e-03, -8.2134429627680e-02,  3.4326405933924e-02, -6.2052778271296e-01,  4.5309599460114e-02, -2.1009287319294e+00,  1.7917853866000e+01,  9.0181697810137e-01,             12899440
  4.2477689357921e+00,  1.1134268545721e+00,  2.7951013890915e+00,  9.3275025523689e-01,  2.7343752920148e-01,  1.4559405172307e-04,  4.1254097713079e-03, -7.8720991936154e-02,  2.6918063729725e-02, -7.5152393086495e-01,  3.5024428959088e-02, -1.8991960032955e+00,  1.9381482176000e+01,  9.0250111632753e-01,             12899440
  4.2412206476152e+00,  1.1131881781639e+00,  2.8003629957634e+00,  9.3209052375725e-01,  2.7550559072050e-01,  1.4614359275480e-04,  4.9496646315816e-03, -7.5550023409865e-02,  1.7609956170042e-02, -6.9804194674146e-01,  3.5254083293022e-02, -1.9590895028297e+00,  1.8229056951000e+01,  9.0251080667068e-01,             12899440
  4.2412206476152e+00,  1.1131881781639e+00,  2.8003629957634e+00,  9.3184803307234e-01,  2.7117656500937e-01,  1.3235794821313e-04,  4.2774879155991e-03, -7.7758452257043e-02,  2.1632543450015e-02, -7.1868465035878e-01,  3.4282504332885e-02, -1.8852796053871e+00,  2.2592345910000e+01,  9.0257748915198e-01,             15479328
  4.2350180589470e+00,  1.1135003088235e+00,  2.8056310021084e+00,  9.3285016416088e-01,  2.7120160367202e-01,  1.3236405860383e-04,  4.4450774463219e-03, -7.9991058252042e-02,  2.5812032471529e-02, -6.8488571840832e-01,  3.5400728825614e-02, -1.8940732013842e+00,  2.2057091492000e+01,  9.0330258522851e-01,             15479328
  4.2290852070273e+00,  1.1140941733025e+00,  2.8109003821376e+00,  9.3220492492651e-01,  2.6555261641116e-01,  1.3097826732001e-04,  4.3452540239157e-03, -7.3711556299036e-02,  3.3020587352722e-02, -6.1086931759924e-01,  3.3292160653922e-02, -1.8313807338520e+00,  2.0904204812000e+01,  9.0436264416647e-01,             15479328
  4.2232356098806e+00,  1.1145384462517e+00,  2.8161635661258e+00,  9.3080282599152e-01,  2.7002351443388e-01,  1.3207625354409e-04,  3.4263955841747e-03, -7.3150111919665e-02,  3.7372147685112e-02, -6.1859854889876e-01,  3.4767827737153e-02, -1.9295782688583e+00,  2.0534877782000e+01,  9.0447033617997e-01,             15479328
  4.2181275308881e+00,  1.1146996152584e+00,  2.8214522601728e+00,  9.3153670884169e-01,  2.7036129466935e-01,  1.3215883673132e-04,  3.2083858748659e-03, -7.5893832550097e-02,  3.7295377644405e-02, -6.1855380022789e-01,  3.9229721534036e-02, -1.9534449711912e+00,  2.0859502599000e+01,  9.0146439173587e-01,             15479328
  4.2139584795716e+00,  1.1146071854843e+00,  2.8267370734076e+00,  9.3255751996415e-01,  2.7473040067764e-01,  1.3322241691725e-04,  3.9921435924100e-03, -8.0576396029180e-02,  3.2883221023023e-02, -6.2096706250917e-01,  3.7516391993497e-02, -2.0498214352896e+00,  2.1103964823000e+01,  9.0270242997629e-01,             15479328
  4.2102218252395e+00,  1.1144549393020e+00,  2.8320765919088e+00,  9.3379834309054e-01,  2.6286408874856e-01,  1.3031355061064e-04,  3.4305789972296e-03, -7.9344894803544e-02,  2.5659990547173e-02, -7.6786571163304e-01,  2.6237171891733e-02, -1.7540660764057e+00,  2.1378413248000e+01,  9.0304417607793e-01,             15479328
  4.2072558439580e+00,  1.1147962756868e+00,  2.8374363840723e+00,  9.3099380361122e-01,  2.6674210412328e-01,  1.3127128451218e-04,  3.6972710616097e-03, -7.5568436801669e-02,  3.6938085514470e-02, -6.2285339150786e-01,  3.1239348734400e-02, -1.9239015282274e+00,  2.1188472079000e+01,  9.0280508301136e-01,             15479328
  4.2046396151790e+00,  1.1148858595775e+00,  2.8428464213670e+00,  9.3330199852283e-01,  2.6786545473616e-01,  1.3154741030099e-04,  5.4551112113846e-03, -7.9666064440746e-02,  3.9369963040265e-02, -6.1112299272629e-01,  3.6040761998407e-02, -1.9501981876875e+00,  2.0762167582000e+01,  9.0267019343475e-01,             15479328
  4.2011599423203e+00,  1.1146332789914e+00,  2.8482727189986e+00,  9.3372013470310e-01,  2.6902418227894e-01,  1.3183162597388e-04,  4.7461845055811e-03, -7.9175055578029e-02,  3.4673957509218e-02, -6.1495065644405e-01,  3.7317238377237e-02, -1.9469168995851e+00,  2.0906243075000e+01,  9.0272723725474e-01,             15479328
  4.1974180934815e+00,  1.1142562193251e+00,  2.8537024439329e+00,  9.3311032510890e-01,  2.7324013580393e-01,  1.3286059554750e-04,  4.6744760610633e-03, -6.9255909660892e-02,  3.4055196925726e-02, -6.6293907700179e-01,  4.0277127923845e-02, -2.0279451910699e+00,  2.1491059957000e+01,  9.0184470540323e-01,             15479328
  4.1974180934815e+00,  1.1142562193251e+00,  2.8537024439329e+00,  9.3409323716722e-01,  2.6108740796024e-01,  1.1855673050632e-04,  4.6742240758842e-03, -7.2508598924754e-02,  1.8742305120595e-02, -8.0657619712270e-01,  2.7708082460181e-02, -1.7293644037893e+00,  2.5619796731000e+01,  9.0359118609759e-01,             18575200
  4.1974180934815e+00,  1.1142562193251e+00,  2.8537024439329e+00,  9.3273753995273e-01,  2.7277306289860e-01,  1.1062247423217e-04,  5.0769807414531e-03, -8.0564780220423e-02,  2.6968023466991e-02, -6.9586554747936e-01,  4.3098784715335e-02, -1.9529307646892e+00,  3.1556273101000e+01,  9.0450179091836e-01,             22290240
  4.1932395401030e+00,  1.1142137250344e+00,  2.8590882852378e+00,  9.3401712832200e-01,  2.5926184879779e-01,  1.0784795998343e-04,  4.0673344441920e-03, -7.1423668938417e-02,  3.0439803255050e-02, -6.7189471643581e-01,  2.6041232803714e-02, -1.7620469175821e+00,  2.9518990074000e+01,  9.0510676421609e-01,             22290240
  4.1890865852781e+00,  1.1142958406592e+00,  2.8645022988208e+00,  9.3313737493263e-01,  2.6387447555357e-01,  1.0880311250377e-04,  4.5893097540907e-03, -7.4659079059376e-02,  2.5343782706263e-02, -7.3014512882868e-01,  3.6953857898457e-02, -1.7816376046807e+00,  2.9542500708000e+01,  9.0189351931608e-01,             22290240
  4.1846799338195e+00,  1.1147975007190e+00,  2.8698549998217e+00,  9.3433134797317e-01,  2.6584034802348e-01,  1.0920765360766e-04,  4.3880341559892e-03, -7.1086431110471e-02,  3.3896654029618e-02, -6.2850123870562e-01,  4.0713130239702e-02, -1.8489194592008e+00,  2.9973930918000e+01,  9.0148064803250e-01,             22290240
  4.1800601151299e+00,  1.1151554484863e+00,  2.8751500789512e+00,  9.3402659340832e-01,  2.5734418905540e-01,  1.0744836485019e-04,  3.1578449411913e-03, -6.9750116424293e-02,  4.0734595526061e-02, -5.8367362962711e-01,  3.4307503017111e-02, -1.7706975150459e+00,  3.0022795031000e+01,  9.0279606679874e-01,             22290240
  4.1761450166503e+00,  1.1150334975173e+00,  2.8804166610110e+00,  9.3533383952349e-01,  2.5898104944432e-01,  1.0778954058647e-04,  3.9651902158023e-03, -7.2264290814843e-02,  3.4512253124865e-02, -5.8450084342696e-01,  3.5125708582714e-02, -1.7712579827191e+00,  3.0177990897000e+01,  9.0352418816487e-01,             22290240
  4.1723374865720e+00,  1.1147190908421e+00,  2.8856517192750e+00,  9.3527617861089e-01,  2.6090626948899e-01,  1.0818944310286e-04,  4.2061717019002e-03, -7.2714960006885e-02,  2.9283898886394e-02, -6.6086945446392e-01,  3.5500641073916e-02, -1.7477764732099e+00,  3.0176147820000e+01,  9.0494835407784e-01,             22290240
  4.1684567608069e+00,  1.1145809887229e+00,  2.8908456664357e+00,  9.3576991348705e-01,  2.5565669783073e-01,  1.0709549814495e-04,  4.2006390999046e-03, -7.7956266649542e-02,  2.7985093725745e-02, -7.5891428598336e-01,  3.1980962675918e-02, -1.6849392295733e+00,  2.9455098636000e+01,  9.0539935864307e-01,             22290240
  4.1647170885992e+00,  1.1148435347071e+00,  2.8960071367892e+00,  9.3466275784069e-01,  2.6136680360800e-01,  1.0828488535200e-04,  3.8913359311530e-03, -7.9299720580265e-02,  3.2926808931778e-02, -6.4725084368722e-01,  3.6707437082761e-02, -1.8072387421837e+00,  2.8976972783000e+01,  9.0398075570294e-01,             22290240
  4.1613988559056e+00,  1.1150585448545e+00,  2.9011530673337e+00,  9.3606885259952e-01,  2.5146461573954e-01,  1.0621382992584e-04,  4.2743529042680e-03, -7.2580356100513e-02,  3.4004906181126e-02, -6.1375708717689e-01,  3.1453115468044e-02, -1.6603098336173e+00,  2.8616984543000e+01,  9.0274420553570e-01,             22290240
  4.1578973571952e+00,  1.1151229124390e+00,  2.9062672721315e+00,  9.3510560152494e-01,  2.5961300979350e-01,  1.0792097339014e-04,  4.6458683705952e-03, -7.9243348058603e-02,  3.6396252750624e-02, -6.2567342098814e-01,  3.9054932655648e-02, -1.7762867748845e+00,  3.0384248981000e+01,  9.0317129829019e-01,             22290240
  4.1541991001536e+00,  1.1149804785471e+00,  2.9113376707589e+00,  9.3587352084688e-01,  2.6137996442728e-01,  1.0828761159697e-04,  4.7594997285154e-03, -7.1010734332241e-02,  2.8330998852305e-02, -6.7597375427591e-01,  3.7503909049128e-02, -1.8116385673631e+00,  3.0324300485000e+01,  9.0358726509899e-01,             22290240
  4.1499105827255e+00,  1.1150670068553e+00,  2.9163999414723e+00,  9.3425676378583e-01,  2.5390993413112e-01,  1.0672900830851e-04,  4.9981423917513e-03, -7.0099860824761e-02,  3.5364900780949e-02, -6.1589902535266e-01,  3.4720765523178e-02, -1.6813210475392e+00,  3.1503395425000e+01,  9.0381561616205e-01,             22290240
  4.1448667540843e+00,  1.1149648031520e+00,  2.9214220078704e+00,  9.3576374124690e-01,  2.6482115204700e-01,  1.0899810887884e-04,  5.7652354459985e-03, -7.5695032743340e-02,  3.4005117234653e-02, -6.6486391320215e-01,  4.4590373863268e-02, -1.8352241008961e+00,  2.8983937491000e+01,  9.0317183664240e-01,             22290240
  4.1387640897921e+00,  1.1148423954197e+00,  2.9263890210580e+00,  9.3585026110568e-01,  2.6195082960358e-01,  1.0840579951994e-04,  4.5784715236967e-03, -7.7298527153185e-02,  3.0627304997237e-02, -6.4322383014172e-01,  3.9846515195666e-02, -1.8305545108729e+00,  2.9130594642000e+01,  9.0213434220538e-01,             22290240
  4.1326926825733e+00,  1.1147927820581e+00,  2.9313489076730e+00,  9.3596186552992e-01,  2.6246711221870e-01,  1.0851257619984e-04,  4.9969876310670e-03, -7.4777247505401e-02,  2.3865174136205e-02, -6.9944457784081e-01,  3.9171118175554e-02, -1.7978100845513e+00,  2.8474272646000e+01,  9.0411848414373e-01,             22290240
  4.1262214826840e+00,  1.1151900262822e+00,  2.9362947018618e+00,  9.3613220839195e-01,  2.6314550407384e-01,  1.0865272050507e-04,  4.8502610323752e-03, -7.7337885391291e-02,  3.2216747946595e-02, -6.2498212507757e-01,  4.4462161346725e-02, -1.8737293314225e+00,  2.9947086796000e+01,  9.0100501385360e-01,             22290240
  4.1196032861527e+00,  1.1155099715543e+00,  2.9412151459110e+00,  9.3766208873675e-01,  2.5343997215789e-01,  1.0663019018497e-04,  3.9596230471107e-03, -7.0248852129148e-02,  3.3848572499272e-02, -6.4212084944427e-01,  3.1022814156374e-02, -1.7061714814351e+00,  3.0815775517000e+01,  9.0190675380794e-01,             22290240
  4.1132740820427e+00,  1.1157290088270e+00,  2.9461607261213e+00,  9.3668323347085e-01,  2.5366759307609e-01,  1.0667806308832e-04,  4.9758212173758e-03, -7.3513395496428e-02,  3.8229261885655e-02, -6.0663728830340e-01,  3.5453444599628e-02, -1.6881503896957e+00,  3.0629698448000e+01,  9.0331414107699e-01,             22290240
  4.1065312688395e+00,  1.1156096911826e+00,  2.9510807286267e+00,  9.3631287251035e-01,  2.5179398187244e-01,  1.0628336613202e-04,  3.5159576318264e-03, -7.1003994288763e-02,  3.9080456261779e-02, -6.0426903875638e-01,  3.1846295492988e-02, -1.6970445186819e+00,  2.9482346776000e+01,  9.0350498693599e-01,             22290240
  4.1004726379870e+00,  1.1151451263554e+00,  2.9560165036131e+00,  9.3641494105899e-01,  2.5481807990559e-01,  1.0691970385151e-04,  4.3045726508439e-03, -7.2208827764691e-02,  2.8423706087552e-02, -6.1067987383085e-01,  3.6989895604711e-02, -1.6877631721331e+00,  3.0337633099000e+01,  9.0499734412909e-01,             22290240
  4.1004726379870e+00,  1.1151451263554e+00,  2.9560165036131e+00,  9.3569020487643e-01,  2.6293843747688e-01,  9.9146878038698e-05,  4.0516477853897e-03, -7.8082512656035e-02,  2.9215115471781e-02, -6.9897479051201e-01,  4.4622146489375e-02, -1.8050104852160e+00,  3.6725184115000e+01,  9.0389654096741e-01,             26748288
  4.1004726379870e+00,  1.1151451263554e+00,  2.9560165036131e+00,  9.3564975665209e-01,  2.5941132393047e-01,  8.9899195119842e-05,  3.8711760614848e-03, -7.6074213467673e-02,  2.5957077571695e-02, -6.6961114600899e-01,  3.7718450197150e-02, -1.7722740063900e+00,  4.2821230577000e+01,  9.0431112240432e-01,             32097952
  4.1004726379870e+00,  1.1151451263554e+00,  2.9560165036131e+00,  9.3735518995937e-01,  2.5610545939865e-01,  8.1541776633814e-05,  4.0870530749647e-03, -7.5429138370966e-02,  2.8980939542042e-02, -7.0386056252912e-01,  3.5908725887188e-02, -1.6940422861290e+00,  5.1318023128000e+01,  9.0458371999704e-01,             38517536
  4.0947512769397e+00,  1.1149765777949e+00,  2.9609284041614e+00,  9.3623364944877e-01,  2.5566467217191e-01,  8.1471574982649e-05,  3.8980815063124e-03, -7.2319626651711e-02,  2.7561356482275e-02, -7.0325820262241e-01,  3.8078019474062e-02, -1.6924458123435e+00,  5.1833733544000e+01,  9.0455549908488e-01,             38517536
  4.0893605504355e+00,  1.1151321171302e+00,  2.9657988337171e+00,  9.3713691500021e-01,  2.5395152898728e-01,  8.1198156154993e-05,  3.3123585655262e-03, -7.3820940502657e-02,  3.0327555176298e-02, -6.3320295092638e-01,  3.5171563978430e-02, -1.7038100700304e+00,  5.1210821384000e+01,  9.0222640409812e-01,             38517536
  4.0848013676481e+00,  1.1153265861678e+00,  2.9706655340998e+00,  9.3776605327789e-01,  2.5339662717606e-01,  8.1109395823051e-05,  3.0177527667385e-03, -7.5681053722738e-02,  2.9982847310003e-02, -6.3624674996753e-01,  3.4156777171463e-02, -1.6931239271119e+00,  5.3993958311000e+01,  9.0551807363794e-01,             38517536
  4.0813085338423e+00,  1.1155765659856e+00,  2.9755345351802e+00,  9.3694196322943e-01,  2.5084146733233e-01,  8.0699420804016e-05,  3.7863033743087e-03, -7.4709707285056e-02,  3.7414964024599e-02, -6.0764020443423e-01,  3.6090725603814e-02, -1.6689271033641e+00,  5.1299993393000e+01,  9.0419623415163e-01,             38517536
  4.0781148894614e+00,  1.1155151292828e+00,  2.9803771099202e+00,  9.3825968599074e-01,  2.4931183185101e-01,  8.0452991334965e-05,  4.2762587778385e-03, -7.1574616574786e-02,  3.0900900716502e-02, -6.3288279070293e-01,  3.5629007605563e-02, -1.6346595839516e+00,  5.1307095345000e+01,  9.0408662174029e-01,             38517536
  4.0746663206796e+00,  1.1154900993727e+00,  2.9851850894284e+00,  9.3805665699746e-01,  2.4829672457058e-01,  8.0289036585327e-05,  3.5157933078357e-03, -7.2573549123339e-02,  3.8061704229884e-02, -5.4922214946769e-01,  3.2796740371296e-02, -1.6669272463433e+00,  5.0913025678000e+01,  9.0405294876599e-01,             38517536
  4.0716460463320e+00,  1.1150325578488e+00,  2.9900050726884e+00,  9.3878577711660e-01,  2.4948402024103e-01,  8.0480769158123e-05,  2.8986497420315e-03, -7.1803884702509e-02,  2.1716746351044e-02, -7.3257831301503e-01,  3.0011842230066e-02, -1.5730533926785e+00,  5.3625814712000e+01,  9.0331440204275e-01,             38517536
  4.0694867315601e+00,  1.1152331006757e+00,  2.9948188900672e+00,  9.3726797426439e-01,  2.5689202360680e-01,  8.1666898278508e-05,  3.9104407176892e-03, -7.1520036819846e-02,  2.8289283115569e-02, -7.0877432829144e-01,  3.7520300356656e-02, -1.7316304761979e+00,  5.8904304433000e+01,  9.0189826784351e-01,             38517536
  4.0683753520490e+00,  1.1154709917877e+00,  2.9972255741026e+00,  9.3823659673481e-01,  2.5434117176873e-01,  8.1260424236297e-05,  4.2707131371138e-03, -7.2075016605082e-02,  2.8185377103625e-02, -6.8067513411111e-01,  3.6828401337314e-02, -1.6830815480275e+00,  4.6480490611000e+01,  9.0389930446226e-01,             38517536
  4.0670986786154e+00,  1.1158065738298e+00,  2.9996243214068e+00,  9.3737848056437e-01,  2.5487373245488e-01,  8.1345454663923e-05,  4.4410177208691e-03, -7.3045794862421e-02,  3.6007456382073e-02, -6.4508771620974e-01,  3.5768079829832e-02, -1.7739688017786e+00,  4.8580750639000e+01,  9.0434673702908e-01,             38517536
  4.0656223139274e+00,  1.1160316184908e+00,  3.0020432807720e+00,  9.3976001779248e-01,  2.4395857936532e-01,  7.9584556286548e-05,  3.4293368237310e-03, -7.4330535128243e-02,  3.7328904999325e-02, -5.6094792858910e-01,  3.0026512221784e-02, -1.6168818676714e+00,  5.1344346332000e+01,  9.0266173827942e-01,             38517536
  4.0644086262403e+00,  1.1160417843835e+00,  3.0044709265431e+00,  9.3946305377998e-01,  2.4411548344944e-01,  7.9610144922924e-05,  3.5864363655800e-03, -7.1738103226366e-02,  3.6623517303986e-02, -5.8037767256735e-01,  3.0562861592658e-02, -1.6121252732871e+00,  5.0090981255000e+01,  9.0421952224566e-01,             38517536
  4.0633135310800e+00,  1.1158925051685e+00,  3.0069032535388e+00,  9.3826144789956e-01,  2.4183556688933e-01,  7.9237513359152e-05,  4.5180304817304e-03, -7.1303533715417e-02,  4.0548355948882e-02, -5.6900029836472e-01,  3.0131744392644e-02, -1.5714942375661e+00,  5.0034613981000e+01,  9.0286738487114e-01,             38517536
  4.0619307476894e+00,  1.1155051418536e+00,  3.0093326453816e+00,  9.3869082923035e-01,  2.5108206715701e-01,  8.0738113794166e-05,  4.3070336649508e-03, -6.9156659617432e-02,  3.4250367545468e-02, -6.1165828326912e-01,  3.6388438992241e-02, -1.6985082458923e+00,  5.1678218613000e+01,  9.0361260387996e-01,             38517536
  4.0603306194609e+00,  1.1150787811971e+00,  3.0117603883383e+00,  9.3832361997748e-01,  2.4621502280537e-01,  7.9951759435171e-05,  4.4897439380907e-03, -7.5131362026718e-02,  2.9828235129623e-02, -6.3318549207225e-01,  3.2186672990647e-02, -1.5931485938246e+00,  5.4037122994000e+01,  9.0198051609532e-01,             38517536
  4.0585818175000e+00,  1.1147324778020e+00,  3.0141820197271e+00,  9.3956841406994e-01,  2.5300957028989e-01,  8.1047425882753e-05,  3.2049356164507e-03, -7.2966945090547e-02,  1.6276950805953e-02, -7.6810830091772e-01,  3.3732329848122e-02, -1.6173538906727e+00,  5.2911795077000e+01,  9.0533846713352e-01,             38517536
  4.0571891480180e+00,  1.1148857109758e+00,  3.0165970409284e+00,  9.3782391714558e-01,  2.4808852055340e-01,  8.0255367180767e-05,  4.3911826199429e-03, -7.4107659094527e-02,  2.2343256339712e-02, -7.0622328291655e-01,  3.4560498277169e-02, -1.5757364678451e+00,  5.3640156927000e+01,  9.0261703136982e-01,             38517536
  4.0556458075818e+00,  1.1152973168612e+00,  3.0189924535835e+00,  9.3827600705774e-01,  2.4452308589212e-01,  7.9676580191862e-05,  4.3184887429341e-03, -7.1303814482700e-02,  2.9401030846773e-02, -6.2501950390170e-01,  3.1336810750526e-02, -1.5731881055999e+00,  5.1988290955000e+01,  9.0388988018341e-01,             38517536
  4.0539377394395e+00,  1.1157078427008e+00,  3.0213858000153e+00,  9.3912090569999e-01,  2.3991576130468e-01,  7.8922374175220e-05,  3.8950637183451e-03, -7.1372612930507e-02,  3.4984829501893e-02, -5.8847370429585e-01,  2.9042467506290e-02, -1.5394162493352e+00,  5.1744101277000e+01,  9.0414153179476e-01,             38517536
  4.0522592598082e+00,  1.1159604192989e+00,  3.0237807766416e+00,  9.3866021183046e-01,  2.4649047284192e-01,  7.9996469459036e-05,  4.0207136458486e-03, -7.0526673835303e-02,  3.4464343896591e-02, -6.0640115354568e-01,  3.6208918937124e-02, -1.6221027991095e+00,  5.1039653384000e+01,  9.0406348941947e-01,             38517536
  4.0522592598082e+00,  1.1159604192989e+00,  3.0237807766416e+00,  9.3969019424060e-01,  2.4464641031412e-01,  7.2752763094879e-05,  2.8659245841898e-03, -7.1217608569967e-02,  3.4256380879853e-02, -6.4805805483288e-01,  3.0158495362385e-02, -1.5792916990433e+00,  6.2429946490000e+01,  9.0322936369087e-01,             46221056
  4.0510382175643e+00,  1.1161489533820e+00,  3.0261820637785e+00,  9.3912745286211e-01,  2.4714258588601e-01,  7.3122976546102e-05,  4.4362644424677e-03, -7.1465575477806e-02,  4.0339323451042e-02, -5.8281534462508e-01,  3.8525949147204e-02, -1.6490595268764e+00,  6.0025390697000e+01,  9.0341458230638e-01,             46221056
  4.0495725729963e+00,  1.1160805414624e+00,  3.0285655843082e+00,  9.3926052858401e-01,  2.4274109000917e-01,  7.2468907994373e-05,  3.1695331584628e-03, -7.3398056393444e-02,  3.9435158813539e-02, -5.5187848868583e-01,  3.4857673021744e-02, -1.5981079990870e+00,  6.6104375824000e+01,  9.0381690976511e-01,             46221056
  4.0484621856715e+00,  1.1157660678989e+00,  3.0309390980727e+00,  9.4044552533388e-01,  2.4483608782750e-01,  7.2780960707648e-05,  4.5218548874043e-03, -7.3766745177283e-02,  3.2269464042176e-02, -6.0817447058645e-01,  3.4804273138553e-02, -1.6095055973927e+00,  6.5796677552000e+01,  9.0477021987555e-01,             46221056
  4.0471072012679e+00,  1.1154424880284e+00,  3.0333071693687e+00,  9.3831065116998e-01,  2.4680410948481e-01,  7.3072886267345e-05,  4.9631240289115e-03, -7.2315562021521e-02,  3.2651952107112e-02, -6.1848144292992e-01,  3.4738883049296e-02, -1.6115832096940e+00,  6.0315462405000e+01,  9.0331099315429e-01,             46221056
  4.0453141697082e+00,  1.1151134422231e+00,  3.0356716784322e+00,  9.4021591975669e-01,  2.4837181014560e-01,  7.3304598519044e-05,  3.9729299700817e-03, -7.0199372512678e-02,  2.2205381744853e-02, -7.0834559705899e-01,  3.2072899472123e-02, -1.5825543007524e+00,  6.1778436571000e+01,  9.0483839226867e-01,             46221056
  4.0434994830408e+00,  1.1151007494765e+00,  3.0380395146940e+00,  9.4063931723569e-01,  2.5043898935783e-01,  7.3609020640412e-05,  4.2176928520508e-03, -7.0645944409139e-02,  2.3893956774652e-02, -6.9407402304130e-01,  3.5500514182694e-02, -1.6419923357821e+00,  6.2168698674000e+01,  9.0506586435412e-01,             46221056
  4.0415702932403e+00,  1.1153222839935e+00,  3.0404086037011e+00,  9.4021606460677e-01,  2.4218682953326e-01,  7.2386125128526e-05,  4.1070063912294e-03, -7.0063431136756e-02,  3.2612697519981e-02, -6.2146541355546e-01,  3.0485895935544e-02, -1.5535753566845e+00,  6.4019114881000e+01,  9.0303482032085e-01,             46221056
  4.0395719125570e+00,  1.1154889086221e+00,  3.0427822991614e+00,  9.3988969406033e-01,  2.4637000419014e-01,  7.3008593805030e-05,  3.4342648682786e-03, -7.3634976791585e-02,  2.8578549621790e-02, -6.1060380107414e-01,  3.5767952594859e-02, -1.6461146709064e+00,  6.2099799075000e+01,  9.0359023818062e-01,             46221056
  4.0378749821468e+00,  1.1156815284900e+00,  3.0451573930605e+00,  9.4015205151935e-01,  2.5100677581995e-01,  7.3692415290230e-05,  3.6582628911549e-03, -7.4847226461484e-02,  2.7552956650105e-02, -6.6553308541851e-01,  3.8619021068242e-02, -1.6776107540098e+00,  6.0381723388000e+01,  9.0386874761148e-01,             46221056
  4.0363800315111e+00,  1.1159796092243e+00,  3.0475278633756e+00,  9.4026251950395e-01,  2.3833413901744e-01,  7.1808060345214e-05,  3.9273317904474e-03, -7.5469108482305e-02,  3.6338041221918e-02, -6.2914400680446e-01,  2.8034765861127e-02, -1.4983703728354e+00,  6.0886403182000e+01,  9.0466111375733e-01,             46221056
  4.0349649174439e+00,  1.1161422898807e+00,  3.0499028113540e+00,  9.4001041066488e-01,  2.3923815632548e-01,  7.1944117833079e-05,  3.7046097005761e-03, -7.1230962130803e-02,  3.4881395547460e-02, -5.9273876943083e-01,  3.1619577610805e-02, -1.5442395784997e+00,  6.2147072839000e+01,  9.0440434766354e-01,             46221056
  4.0336263511518e+00,  1.1161746112281e+00,  3.0522758094997e+00,  9.3932906138954e-01,  2.4271896502039e-01,  7.2465605277241e-05,  3.8511674888278e-03, -6.6819482991274e-02,  3.8134867110484e-02, -6.0789926335934e-01,  3.3475245941653e-02, -1.5816016080259e+00,  6.3179956443000e+01,  9.0394438413523e-01,             46221056
  4.0321980331591e+00,  1.1160344602598e+00,  3.0546476117611e+00,  9.4039206511925e-01,  2.3860952239131e-01,  7.1849533709294e-05,  4.5003767461447e-03, -7.1238274151184e-02,  4.0172798875743e-02, -5.3522739029465e-01,  3.3418213313492e-02, -1.5343974775036e+00,  6.2068182891000e+01,  9.0267093854368e-01,             46221056
  4.0305033224702e+00,  1.1156140673061e+00,  3.0570071834894e+00,  9.4115149102604e-01,  2.4208196812893e-01,  7.2370452656664e-05,  3.4419862207391e-03, -7.4670365835973e-02,  2.8606856925656e-02, -6.5419845755404e-01,  3.1121180269703e-02, -1.5338777379554e+00,  6.0613906809000e+01,  9.0439556378807e-01,             46221056
  4.0291011360787e+00,  1.1153249518388e+00,  3.0593677151751e+00,  9.3925436168212e-01,  2.4308960480486e-01,  7.2520912843826e-05,  3.6048360043197e-03, -7.2263547459665e-02,  2.9724760098864e-02, -6.3617251604280e-01,  3.2186832904800e-02, -1.5430351209095e+00,  6.4110331915000e+01,  9.0460153052323e-01,             46221056
  4.0278396861216e+00,  1.1151100122347e+00,  3.0617265218012e+00,  9.4038068955287e-01,  2.4799152411007e-01,  7.3248458102105e-05,  3.8861993932516e-03, -7.4701701415732e-02,  2.3525085750087e-02, -6.0954075222958e-01,  3.8938459901387e-02, -1.6059718761550e+00,  6.5586814143000e+01,  9.0344058777021e-01,             46221056
  4.0266355976623e+00,  1.1150696133488e+00,  3.0640659008629e+00,  9.3953575854190e-01,  2.4647965399608e-01,  7.3024838655221e-05,  3.7167453777685e-03, -7.1915303223631e-02,  2.2349053805673e-02, -7.5813717709510e-01,  3.2255971009326e-02, -1.5653476402222e+00,  6.0731277011000e+01,  9.0274250765712e-01,             46221056
  4.0254962983055e+00,  1.1153773733980e+00,  3.0664119583268e+00,  9.4198571189510e-01,  2.4395497604366e-01,  7.2649881252484e-05,  3.6227325215629e-03, -7.4027754223894e-02,  2.3812671667677e-02, -6.5916849742181e-01,  3.4526200192590e-02, -1.5517818028324e+00,  6.1587214270000e+01,  9.0226192582013e-01,             46221056
  4.0245029578577e+00,  1.1158577760543e+00,  3.0687494537192e+00,  9.4032620634535e-01,  2.4336255037426e-01,  7.2561615342481e-05,  4.2136925247767e-03, -7.2223308518052e-02,  3.2934515719225e-02, -6.3251548517579e-01,  3.7591736037343e-02, -1.5823655041626e+00,  6.2182542320000e+01,  9.0323347437151e-01,             46221056
  4.0233419970550e+00,  1.1162620987006e+00,  3.0710718175431e+00,  9.4023811331436e-01,  2.4113300140252e-01,  7.2228466476713e-05,  3.6466605422902e-03, -7.4846665288785e-02,  3.4753568655201e-02, -6.3617837182586e-01,  3.4291314119801e-02, -1.5550728845194e+00,  6.0468355399000e+01,  9.0502538496741e-01,             46221056
  4.0233419970550e+00,  1.1162620987006e+00,  3.0710718175431e+00,  9.3912408728980e-01,  2.4171736855100e-01,  6.6015115370035e-05,  4.0189274175184e-03, -7.1605280039552e-02,  3.6848764259982e-02, -5.6009307237567e-01,  3.8301957556160e-02, -1.5765477311376e+00,  7.1804188644000e+01,  9.0366224525678e-01,             55465264
  4.0221013649043e+00,  1.1164297869060e+00,  3.0733758417663e+00,  9.4131003240695e-01,  2.3751864793616e-01,  6.5439250110117e-05,  3.5033916182426e-03, -6.7168892705918e-02,  3.7209944233427e-02, -5.8604417505618e-01,  3.4596618031281e-02, -1.5050708579233e+00,  7.5732269965000e+01,  9.0190462268421e-01,             55465264
  4.0209180615970e+00,  1.1164044857127e+00,  3.0756644471102e+00,  9.4024819843280e-01,  2.3685559659015e-01,  6.5347846957326e-05,  4.0278864538045e-03, -7.0985249461004e-02,  3.9885587898316e-02, -5.9813799279580e-01,  3.4024793155356e-02, -1.5095116074607e+00,  7.6082883935000e+01,  9.0319103141743e-01,             55465264
  4.0196387364625e+00,  1.1161583714883e+00,  3.0779436910560e+00,  9.4215863038608e-01,  2.3799315612910e-01,  6.5504583858901e-05,  3.8181508607341e-03, -7.0614511533220e-02,  3.5561242278637e-02, -5.8907567211709e-01,  3.4485117911393e-02, -1.5127644511038e+00,  7.3224675293000e+01,  9.0237578243565e-01,             55465264
  4.0183570610982e+00,  1.1157993727747e+00,  3.0802134038899e+00,  9.4197576796386e-01,  2.4348549075110e-01,  6.6256120219884e-05,  3.2752957675985e-03, -7.0800060047041e-02,  2.5743458202879e-02, -6.4010956132800e-01,  3.6739027089975e-02, -1.5638384084816e+00,  7.2907719212000e+01,  9.0320850181115e-01,             55465264
  4.0173186614713e+00,  1.1156163032037e+00,  3.0824765248589e+00,  9.4070277482818e-01,  2.3991344148653e-01,  6.5768319967371e-05,  3.7081003331950e-03, -7.2466523416023e-02,  2.9124833830004e-02, -6.3274910938516e-01,  3.4674451922832e-02, -1.5268447444836e+00,  7.3123687436000e+01,  9.0293865724681e-01,             55465264
  4.0163440727909e+00,  1.1155077695508e+00,  3.0847352693041e+00,  9.4083570053480e-01,  2.4155099117582e-01,  6.5992391905139e-05,  4.4701023244871e-03, -7.6042466099645e-02,  2.5317057417626e-02, -7.4587138220197e-01,  3.4205605825312e-02, -1.5047635149667e+00,  7.4675504736000e+01,  9.0335334922412e-01,             55465264
  4.0151666508299e+00,  1.1156803177863e+00,  3.0869872102524e+00,  9.4086914572437e-01,  2.4119331394300e-01,  6.5943514605163e-05,  3.8282026469159e-03, -7.5596159888653e-02,  2.6672530855603e-02, -6.5170869614606e-01,  3.9756989988214e-02, -1.5190187542191e+00,  7.2708935256000e+01,  9.0391146429953e-01,             55465264
  4.0140827927877e+00,  1.1159697843583e+00,  3.0892081900358e+00,  9.4203239279088e-01,  2.3472297594518e-01,  6.5052989478674e-05,  3.8740386419954e-03, -6.8937432497543e-02,  3.3392196394048e-02, -6.1016971644332e-01,  3.0161874925596e-02, -1.4704959603659e+00,  7.3285516521000e+01,  9.0385050722917e-01,             55465264
  4.0129133906647e+00,  1.1161654967854e+00,  3.0914391647387e+00,  9.4199642477859e-01,  2.3898759721874e-01,  6.5641294817675e-05,  4.1536260929947e-03, -7.0561918510064e-02,  3.8486211913380e-02, -5.8061746013887e-01,  3.6868370706982e-02, -1.5549041212259e+00,  7.3316560872000e+01,  9.0324232478187e-01,             55465264
  4.0115773988548e+00,  1.1161270669901e+00,  3.0936665846518e+00,  9.4173947382587e-01,  2.3558005890577e-01,  6.5171650644454e-05,  3.8678030838542e-03, -7.0537419112511e-02,  3.0983576042286e-02, -6.3059485331515e-01,  3.5343788318116e-02, -1.4820555808586e+00,  7.2883378048000e+01,  9.0433234032745e-01,             55465264
  4.0102185979422e+00,  1.1161048445453e+00,  3.0958801097181e+00,  9.4170045064726e-01,  2.3628254640655e-01,  6.5268747552613e-05,  2.7570671227480e-03, -6.9452658114866e-02,  3.0361972308540e-02, -6.4235018007190e-01,  3.2501162157397e-02, -1.4785822058812e+00,  7.2881603413000e+01,  9.0337502044523e-01,             55465264
  4.0093166089932e+00,  1.1161248926846e+00,  3.0980955840198e+00,  9.4162119791473e-01,  2.3582983124928e-01,  6.5206190417452e-05,  3.8267709718022e-03, -7.1408103749171e-02,  3.0735905729016e-02, -6.4882802302573e-01,  3.4886306291774e-02, -1.4825665447067e+00,  7.4560494311000e+01,  9.0379829437033e-01,             55465264
  4.0083869119080e+00,  1.1161820194833e+00,  3.1003017247642e+00,  9.4151272005216e-01,  2.3696942495438e-01,  6.5363547546953e-05,  3.8659918871138e-03, -7.0795418192756e-02,  3.7429979367324e-02, -5.9628624127974e-01,  3.2937598210569e-02, -1.5256508757265e+00,  7.3042693117000e+01,  9.0277280569691e-01,             55465264
  4.0074003017902e+00,  1.1160588292537e+00,  3.1025215750652e+00,  9.4219281484247e-01,  2.3888252893041e-01,  6.5626863992047e-05,  3.5927279075152e-03, -7.5556394756829e-02,  2.9663641002875e-02, -6.9151457723252e-01,  3.3393764227739e-02, -1.5169126493793e+00,  7.2637518428000e+01,  9.0370091810976e-01,             55465264
  4.0065945148064e+00,  1.1160606539289e+00,  3.1047495195925e+00,  9.4079455251992e-01,  2.3529014625767e-01,  6.5131537100019e-05,  5.1850728786110e-03, -7.0954506275823e-02,  3.4212387503560e-02, -5.9004090879458e-01,  3.4711463550152e-02, -1.4795925052967e+00,  7.3115481481000e+01,  9.0360056701434e-01,             55465264
  4.0051246053281e+00,  1.1159537505670e+00,  3.1069683076571e+00,  9.4165234660934e-01,  2.3926177848727e-01,  6.5678937889234e-05,  4.4148853340861e-03, -7.1072079110748e-02,  3.0180634540025e-02, -6.3428077435318e-01,  3.8062749761818e-02, -1.5309402226132e+00,  7.3201728662000e+01,  9.0427221260499e-01,             55465264
  4.0034071254042e+00,  1.1158927359672e+00,  3.1091750881889e+00,  9.4242039127043e-01,  2.3985190150345e-01,  6.5759884339810e-05,  4.1206698682740e-03, -7.4318958066453e-02,  2.9152224391407e-02, -6.3725034614663e-01,  3.8033855497322e-02, -1.5440478075730e+00,  7.2812927752000e+01,  9.0385533908213e-01,             55465264
  4.0016733200493e+00,  1.1159004408523e+00,  3.1113751062361e+00,  9.4202273740544e-01,  2.3670244058279e-01,  6.5326715867514e-05,  4.0356460034258e-03, -7.0194686081473e-02,  2.9019049793195e-02, -5.9933098375770e-01,  3.6877869613671e-02, -1.5021159862854e+00,  7.2524844996000e+01,  9.0286864946681e-01,             55465264
  3.9998691355950e+00,  1.1159293748340e+00,  3.1135644182627e+00,  9.4290833782131e-01,  2.3663321801618e-01,  6.5317162916573e-05,  4.0461252669715e-03, -7.2046097689761e-02,  2.9022150381987e-02, -6.2462342274613e-01,  3.3813345809554e-02, -1.4978496186864e+00,  7.2880067805000e+01,  9.0296013014560e-01,             55465264
  3.9980385141891e+00,  1.1160068429083e+00,  3.1157597623096e+00,  9.4152092478462e-01,  2.3702892992039e-01,  6.5371753693247e-05,  3.1638117154956e-03, -7.2352900373246e-02,  2.9818123494196e-02, -6.1803368762290e-01,  3.6664925975927e-02, -1.4957693910311e+00,  7.2653652621000e+01,  9.0349262558274e-01,             55465264
  3.9965960113884e+00,  1.1161019749204e+00,  3.1179451178007e+00,  9.4228979986270e-01,  2.3684939163055e-01,  6.5346990985561e-05,  4.8409366482633e-03, -7.1342225233371e-02,  3.1672206122391e-02, -6.1690277131665e-01,  3.6648877076956e-02, -1.5120663372498e+00,  7.1622840832000e+01,  9.0314013469764e-01,             55465264
  3.9947109470783e+00,  1.1161684664483e+00,  3.1201263458247e+00,  9.4200748936163e-01,  2.3852863982992e-01,  6.5578234986409e-05,  3.5553303480193e-03, -6.7859884741700e-02,  3.2233952763824e-02, -6.1075837564212e-01,  3.6750046831271e-02, -1.5411644134017e+00,  7.1788573363000e+01,  9.0302099706945e-01,             55465264
  3.9929358306515e+00,  1.1161887367495e+00,  3.1223115667006e+00,  9.4315594102658e-01,  2.3607625864987e-01,  6.5240249714457e-05,  3.9211100381411e-03, -6.7517520770608e-02,  3.3472421456925e-02, -5.6996400201203e-01,  3.7154508782100e-02, -1.4983257484480e+00,  7.1761387655000e+01,  9.0307245269760e-01,             55465264
  3.9910833300602e+00,  1.1160903161124e+00,  3.1244870619170e+00,  9.4254225677579e-01,  2.3785601911167e-01,  6.5485708531047e-05,  3.6150037307492e-03, -6.9083419819863e-02,  2.6525795571523e-02, -6.7423966436351e-01,  3.5824043079919e-02, -1.4836489465405e+00,  7.1995726842000e+01,  9.0416223386226e-01,             55465264
  3.9893379938557e+00,  1.1161705061986e+00,  3.1266574214037e+00,  9.4314629432638e-01,  2.3702520658783e-01,  6.5371240250152e-05,  3.9832991302007e-03, -7.9287055749004e-02,  2.9003501997492e-02, -6.8526379870055e-01,  3.5946034388618e-02, -1.5128206019950e+00,  7.1428474017000e+01,  9.0273698147367e-01,             55465264
  3.9877549300059e+00,  1.1163667599286e+00,  3.1288308097934e+00,  9.4168523522234e-01,  2.3285548700315e-01,  6.4793687330111e-05,  4.0919735273274e-03, -6.7821055432785e-02,  3.1159963387478e-02, -6.2244021594386e-01,  3.6884117801285e-02, -1.4298479066642e+00,  7.4046920716000e+01,  9.0400442338109e-01,             55465264
  3.9860019934094e+00,  1.1165428815556e+00,  3.1309796976953e+00,  9.4216542192421e-01,  2.3609595311312e-01,  6.5242970964174e-05,  4.0303969900252e-03, -7.2004928736843e-02,  3.7289292477990e-02, -5.7538723662883e-01,  4.0937585270447e-02, -1.5131942482704e+00,  7.4704008530000e+01,  9.0388474487384e-01,             55465264
  3.9842208860236e+00,  1.1165001170894e+00,  3.1331074838691e+00,  9.4348083480758e-01,  2.3512616173881e-01,  6.5108836562966e-05,  3.4161106168350e-03, -6.8809973209786e-02,  3.5287001119632e-02, -6.0078324133328e-01,  3.8741752887729e-02, -1.4946913335788e+00,  7.2625171845000e+01,  9.0330200177178e-01,             55465264
  3.9826257574799e+00,  1.1163371091624e+00,  3.1352235523216e+00,  9.4279817050005e-01,  2.3450958243311e-01,  6.5023411968459e-05,  3.3270121774097e-03, -7.4636846349620e-02,  2.9641351259461e-02, -6.5011493845391e-01,  3.8577603751339e-02, -1.4652565730982e+00,  7.3608750738000e+01,  9.0349729517198e-01,             55465264
  3.9813764634522e+00,  1.1162581526636e+00,  3.1373222851240e+00,  9.4175040707810e-01,  2.3481808569814e-01,  6.5066167879937e-05,  4.8216246498540e-03, -6.9726076295431e-02,  3.5652780930605e-02, -5.6790336253998e-01,  4.0209680415681e-02, -1.4958780241741e+00,  7.3581476674000e+01,  9.0354373865416e-01,             55465264
  3.9796266776378e+00,  1.1160141234554e+00,  3.1394052035426e+00,  9.4326443882659e-01,  2.3457476132908e-01,  6.5032447547552e-05,  3.1009845644094e-03, -7.1770280292048e-02,  2.9769474278002e-02, -6.0650798856946e-01,  3.8114888209007e-02, -1.4753365998293e+00,  7.3904166220000e+01,  9.0402272312271e-01,             55465264
  3.9782772906199e+00,  1.1158072877953e+00,  3.1414800982956e+00,  9.4225867490878e-01,  2.3609082277501e-01,  6.5242262099167e-05,  3.7743933097559e-03, -7.4288179764036e-02,  2.6307332913856e-02, -6.2995423376439e-01,  3.5577450906459e-02, -1.4906679648772e+00,  7.2497900546000e+01,  9.0447102171911e-01,             55465264
  3.9770320447215e+00,  1.1157448686166e+00,  3.1435663242642e+00,  9.4305141708803e-01,  2.3855038684106e-01,  6.5581224350923e-05,  3.5406252485128e-03, -7.1980810128972e-02,  2.2812279171043e-02, -7.1020399387576e-01,  4.2093401251374e-02, -1.4635625981942e+00,  7.3302467519000e+01,  9.0415945734974e-01,             55465264
  3.9759364117210e+00,  1.1159927984185e+00,  3.1456197610866e+00,  9.4296794668641e-01,  2.3720915442262e-01,  6.5396601616024e-05,  2.4623485287440e-03, -6.5751898105621e-02,  2.7632635015499e-02, -6.3952322820421e-01,  3.7870607125542e-02, -1.5000975164511e+00,  7.6687018651000e+01,  9.0346487848683e-01,             55465264
  3.9753378875328e+00,  1.1163206833370e+00,  3.1476774067811e+00,  9.4240069132346e-01,  2.3177394957921e-01,  6.4643039477561e-05,  3.7521545537291e-03, -7.3428878838597e-02,  3.7518702675229e-02, -5.8862235125233e-01,  3.0819777077502e-02, -1.4554071938817e+00,  7.5991488285000e+01,  9.0361241226581e-01,             55465264
  3.9747599309313e+00,  1.1164218164170e+00,  3.1497659048409e+00,  9.4464382315573e-01,  2.3180139835388e-01,  6.4646867171951e-05,  4.4275727514995e-03, -7.1222489649765e-02,  3.2519853997935e-02, -6.0763475448652e-01,  3.6931326945703e-02, -1.4478643764691e+00,  7.3079742318000e+01,  9.0411090443922e-01,             55465264
  3.9738289885264e+00,  1.1164614863864e+00,  3.1518466673077e+00,  9.4400440955689e-01,  2.3211539469418e-01,  6.4690637421665e-05,  3.0431545895311e-03, -7.0274061973858e-02,  3.3766317698832e-02, -5.8429549485424e-01,  3.7519819034933e-02, -1.4608442014248e+00,  7.3107434653000e+01,  9.0450778346606e-01,             55465264
  3.9732126118331e+00,  1.1163873125437e+00,  3.1539211675461e+00,  9.4391369754965e-01,  2.3148546683296e-01,  6.4602797232924e-05,  4.2915657340647e-03, -7.0630278853437e-02,  3.5982749575761e-02, -5.7287545369950e-01,  3.9446573253974e-02, -1.4662770500073e+00,  7.2844549619000e+01,  9.0200614568426e-01,             55465264
  3.9722960290228e+00,  1.1161427811749e+00,  3.1559811768750e+00,  9.4394294805020e-01,  2.3513197390059e-01,  6.5109641281484e-05,  3.2453684097465e-03, -6.7813293014231e-02,  2.3866808744967e-02, -7.0259343778307e-01,  3.9813719060222e-02, -1.4430817879139e+00,  7.2872543304000e+01,  9.0346127262641e-01,             55465264
  3.9715385211215e+00,  1.1161954190433e+00,  3.1580199546022e+00,  9.4394787237155e-01,  2.3445856643638e-01,  6.5016338878805e-05,  3.9685429519095e-03, -7.3669055342283e-02,  2.6997054294206e-02, -6.7401985976882e-01,  3.8802424757588e-02, -1.4601140525210e+00,  7.4307736521000e+01,  9.0349242726042e-01,             55465264
  3.9715385211215e+00,  1.1161954190433e+00,  3.1580199546022e+00,  9.4449576059323e-01,  2.2905684951908e-01,  5.8663837075908e-05,  3.9467302488491e-03, -6.8018665328325e-02,  2.9995921097881e-02, -6.2227039399479e-01,  3.1805074471544e-02, -1.3994102618530e+00,  8.7124221305000e+01,  9.0479980564413e-01,             66558320
  3.9705952844417e+00,  1.1162700509705e+00,  3.1600725138388e+00,  9.4456187527260e-01,  2.3252779835357e-01,  5.9106638929281e-05,  3.6314455145611e-03, -7.2192683194483e-02,  3.2192550516425e-02, -6.2046024612719e-01,  3.4511915260164e-02, -1.4608405156950e+00,  9.0021613328000e+01,  9.0316698197911e-01,             66558320
  3.9697341695977e+00,  1.1163088805016e+00,  3.1621399433582e+00,  9.4476837411535e-01,  2.3001125036425e-01,  5.8785926014686e-05,  3.6359075147912e-03, -6.9430516959282e-02,  3.1217727730966e-02, -6.1917108703523e-01,  3.2174858223048e-02, -1.4121334431900e+00,  8.6392461467000e+01,  9.0434441554414e-01,             66558320
  3.9688788645424e+00,  1.1163375757276e+00,  3.1642206326704e+00,  9.4450595597991e-01,  2.2795859991319e-01,  5.8523031531773e-05,  3.7906802760656e-03, -6.8227024087711e-02,  3.0763220386936e-02, -6.0557859264310e-01,  3.5764563706698e-02, -1.3843811200953e+00,  8.6070188552000e+01,  9.0357961258638e-01,             66558320
  3.9679256176051e+00,  1.1163516127811e+00,  3.1662856825370e+00,  9.4376425110533e-01,  2.3208985944959e-01,  5.9050952477527e-05,  4.1347279694318e-03, -7.1692304131815e-02,  3.1080234880169e-02, -6.2312554731900e-01,  3.8760181293202e-02, -1.4462951066264e+00,  8.6492803370000e+01,  9.0423706607979e-01,             66558320
  3.9668017675667e+00,  1.1163661357414e+00,  3.1683375486570e+00,  9.4293613098167e-01,  2.2917752088209e-01,  5.8679287635664e-05,  3.8740785342638e-03, -6.9899039839286e-02,  3.1942281570663e-02, -6.0319131004648e-01,  3.6702731617264e-02, -1.4002960755739e+00,  8.5992511556000e+01,  9.0366589781713e-01,             66558320
  3.9656057799635e+00,  1.1163354593497e+00,  3.1703765121589e+00,  9.4421762371233e-01,  2.3239836224531e-01,  5.9090185846405e-05,  3.0519626456842e-03, -7.2367080944523e-02,  2.9817818585782e-02, -6.0251903759655e-01,  4.1745469739841e-02, -1.4785334925003e+00,  8.6486767850000e+01,  9.0366313332428e-01,             66558320
  3.9648006706056e+00,  1.1163153753197e+00,  3.1723977930709e+00,  9.4493501857955e-01,  2.2789901651899e-01,  5.8515382711449e-05,  3.2055755042748e-03, -6.9851545222901e-02,  2.7229367387895e-02, -6.3913453925887e-01,  3.2618193011713e-02, -1.3776910372660e+00,  8.5666993448000e+01,  9.0382801128394e-01,             66558320
  3.9642133463982e+00,  1.1164138157296e+00,  3.1744266342498e+00,  9.4466984628281e-01,  2.2829457107412e-01,  5.8566142016700e-05,  4.1194383145366e-03, -7.0752219318635e-02,  3.1554200256066e-02, -6.0570214827873e-01,  3.5395216105800e-02, -1.4310396638404e+00,  8.6879386851000e+01,  9.0404295060332e-01,             66558320
  3.9634021145547e+00,  1.1164712402335e+00,  3.1764620495299e+00,  9.4493948478208e-01,  2.2638892560911e-01,  5.8321194923434e-05,  4.0325365894989e-03, -6.8532292184575e-02,  3.3681976663923e-02, -6.0504933701207e-01,  3.2949404409634e-02, -1.3689771709999e+00,  8.5472505868000e+01,  9.0373884136499e-01,             66558320
  3.9623768587127e+00,  1.1164381281961e+00,  3.1785000299804e+00,  9.4547728650493e-01,  2.2814453004634e-01,  5.8546893270688e-05,  3.8263546782855e-03, -7.0062874275621e-02,  3.0206476850368e-02, -5.7566566033054e-01,  3.7150789945589e-02, -1.4083558992686e+00,  8.5855137263000e+01,  9.0314186115275e-01,             66558320
  3.9612952599418e+00,  1.1163729634094e+00,  3.1805279647221e+00,  9.4292864090173e-01,  2.2635519705167e-01,  5.8316850269560e-05,  2.8924257142823e-03, -6.7651284398307e-02,  2.8408708129061e-02, -6.3536817031499e-01,  2.9725713975780e-02, -1.3581261335320e+00,  8.6584286433000e+01,  9.0354358403277e-01,             66558320
  3.9605586659990e+00,  1.1163977043494e+00,  3.1825752602042e+00,  9.4351470863219e-01,  2.2964869639398e-01,  5.8739577246707e-05,  3.8641531696073e-03, -7.3713920550061e-02,  3.1101502527795e-02, -6.1756749003194e-01,  3.7689818924331e-02, -1.4200089562316e+00,  8.5234356632000e+01,  9.0386301817714e-01,             66558320
  3.9598073494691e+00,  1.1164144591377e+00,  3.1846125363862e+00,  9.4345978478713e-01,  2.2869344793048e-01,  5.8617283144262e-05,  3.4531306110535e-03, -7.0951540717333e-02,  3.2065286757192e-02, -6.1602635551430e-01,  3.5956393775471e-02, -1.4229244748619e+00,  8.6289425273000e+01,  9.0361096854608e-01,             66558320
  3.9591759689998e+00,  1.1163980250640e+00,  3.1866519046212e+00,  9.4457436689968e-01,  2.3127440400018e-01,  5.8947122450793e-05,  3.4419607610558e-03, -6.9280624129434e-02,  2.8525133449707e-02, -6.4349359002826e-01,  3.7647288087854e-02, -1.4253248206671e+00,  8.6118866027000e+01,  9.0346135539479e-01,             66558320
  3.9586173915468e+00,  1.1164744645258e+00,  3.1886845006811e+00,  9.4453661404919e-01,  2.2666755080261e-01,  5.8357072909643e-05,  4.4585686077977e-03, -7.1232878752805e-02,  3.1399628316485e-02, -5.7062610654505e-01,  3.6556329702622e-02, -1.3869121875764e+00,  8.6574969030000e+01,  9.0320337111874e-01,             66558320
  3.9576741228330e+00,  1.1164715297532e+00,  3.1907065658835e+00,  9.4504362183793e-01,  2.3035472320076e-01,  5.8829801773955e-05,  3.3189982246586e-03, -6.9710176657216e-02,  2.8674674379596e-02, -6.4182844633412e-01,  3.7777486619005e-02, -1.4153299753854e+00,  8.5834623233000e+01,  9.0445559623500e-01,             66558320
  3.9569053254076e+00,  1.1165546607958e+00,  3.1927206313240e+00,  9.4536844925931e-01,  2.2757967202445e-01,  5.8474370871319e-05,  4.0255964881686e-03, -6.5814895130060e-02,  3.0619753755788e-02, -6.0025657596394e-01,  3.4617082627837e-02, -1.4070913855760e+00,  8.6096783460000e+01,  9.0369761436286e-01,             66558320
  3.9558506805119e+00,  1.1166143608131e+00,  3.1947437092568e+00,  9.4567990931248e-01,  2.2677068258900e-01,  5.8370347383038e-05,  4.2989253796070e-03, -6.5008595987424e-02,  3.5238016184307e-02, -6.0875148925989e-01,  3.5800555487577e-02, -1.3922502415039e+00,  8.5954974510000e+01,  9.0449656782202e-01,             66558320
  3.9543839357519e+00,  1.1165472049995e+00,  3.1967641377091e+00,  9.4566703022869e-01,  2.3039575912000e-01,  5.8835041578582e-05,  4.2023728393149e-03, -7.0454845305631e-02,  2.6253050886593e-02, -6.4770938234339e-01,  4.2091921014587e-02, -1.4185920841847e+00,  8.5898256010000e+01,  9.0289738382820e-01,             66558320
  3.9527263974684e+00,  1.1166415047660e+00,  3.1987536736012e+00,  9.4507563655589e-01,  2.2537977908625e-01,  5.8191064077173e-05,  4.5225457007520e-03, -6.6926169068574e-02,  3.1159312347056e-02, -5.9987331499926e-01,  3.6240952642495e-02, -1.3570901751935e+00,  8.9701939016000e+01,  9.0327596910499e-01,             66558320
  3.9506525442089e+00,  1.1166970493904e+00,  3.2007317937773e+00,  9.4555296513634e-01,  2.3037605586783e-01,  5.8832525763078e-05,  4.2826903645730e-03, -7.0860371412929e-02,  3.3924063785689e-02, -5.8380317579032e-01,  4.2782318615949e-02, -1.4568658461958e+00,  8.6046946327000e+01,  9.0526814679217e-01,             66558320
  3.9484174307793e+00,  1.1166271292374e+00,  3.2026909106632e+00,  9.4491170077789e-01,  2.2786733477718e-01,  5.8511315265899e-05,  1.6720791307464e-03, -6.8993329166616e-02,  3.1623504909572e-02, -6.2760445789339e-01,  3.5887719290488e-02, -1.3777475733065e+00,  8.6502475632000e+01,  9.0424056676911e-01,             66558320
  3.9472858440465e+00,  1.1165578978388e+00,  3.2046503524617e+00,  9.4586233245415e-01,  2.2340084260522e-01,  5.7935028870048e-05,  2.6243824691300e-03, -6.9761846086996e-02,  3.2224674965031e-02, -5.5697645846728e-01,  3.4998505536180e-02, -1.3787930962441e+00,  8.6063438827000e+01,  9.0425106883707e-01,             66558320
  3.9466935048975e+00,  1.1163841087934e+00,  3.2066159319770e+00,  9.4530078318926e-01,  2.2759595937599e-01,  5.8476463271722e-05,  3.4524373317815e-03, -6.8799112840802e-02,  3.0812899825477e-02, -6.0505662456330e-01,  4.0257623408370e-02, -1.3845346722240e+00,  8.7685971445000e+01,  9.0355521293206e-01,             66558320
  3.9461531676718e+00,  1.1162131116822e+00,  3.2085582847748e+00,  9.4499625724963e-01,  2.3218013826119e-01,  5.9062436244000e-05,  4.6415411064646e-03, -7.0250978137481e-02,  2.5617040468683e-02, -6.6061253090274e-01,  4.5796194100849e-02, -1.4321924587070e+00,  8.5845889430000e+01,  9.0432238974782e-01,             66558320
  3.9451061456751e+00,  1.1162483160721e+00,  3.2104614805735e+00,  9.4685063927546e-01,  2.2783243970667e-01,  5.8506834951406e-05,  3.9581951295347e-03, -7.0657906338292e-02,  2.4957248421963e-02, -6.4456591795265e-01,  4.1962669273223e-02, -1.3673112791587e+00,  8.6024267633000e+01,  9.0392237965141e-01,             66558320
  3.9439506917638e+00,  1.1164661385958e+00,  3.2123331087129e+00,  9.4569367258905e-01,  2.2495103797536e-01,  5.8135689149657e-05,  3.9547226113882e-03, -6.8888799792725e-02,  2.8900756878303e-02, -5.9629237373615e-01,  3.4456422541927e-02, -1.3620579950839e+00,  8.9422580411000e+01,  9.0343673037420e-01,             66558320
  3.9426548643597e+00,  1.1166859915900e+00,  3.2142192116753e+00,  9.4637444146497e-01,  2.2497334149338e-01,  5.8138571106246e-05,  2.6744740143823e-03, -6.9802553153841e-02,  3.1753911489444e-02, -6.0359745645773e-01,  3.8642407025539e-02, -1.3613228700646e+00,  8.5878660034000e+01,  9.0346578759800e-01,             66558320
  3.9422743310124e+00,  1.1167648968635e+00,  3.2151565073836e+00,  9.4657055806211e-01,  2.2284894328388e-01,  5.7863421988769e-05,  3.3986180837750e-03, -6.7816087029252e-02,  3.0481266328567e-02, -5.9203507775785e-01,  3.6603423278521e-02, -1.3498141585989e+00,  8.5597757228000e+01,  9.0401918197455e-01,             66558320
  3.9419292384565e+00,  1.1168247288662e+00,  3.2160930925996e+00,  9.4452179837182e-01,  2.2579480568642e-01,  5.8244617531790e-05,  4.1059634337782e-03, -7.1268386679412e-02,  3.5950557960437e-02, -6.0371397187129e-01,  3.9149147854633e-02, -1.3810302932378e+00,  8.7312648755000e+01,  9.0254172581279e-01,             66558320
  3.9414823641167e+00,  1.1168043447812e+00,  3.2170262820136e+00,  9.4580736624631e-01,  2.2256209452955e-01,  5.7826169411031e-05,  3.5271939441995e-03, -6.9107128597934e-02,  3.0920337923856e-02, -5.9926147809452e-01,  3.5852601596355e-02, -1.3473064582350e+00,  8.9751890965000e+01,  9.0396275026173e-01,             66558320
  3.9410613960393e+00,  1.1167735973170e+00,  3.2179613417132e+00,  9.4593497525146e-01,  2.2103473731593e-01,  5.7627408548569e-05,  2.6974385105874e-03, -6.8929934358259e-02,  3.2470857944642e-02, -6.0158815430736e-01,  3.6409031148403e-02, -1.3098687204086e+00,  8.4746339541000e+01,  9.0381250608489e-01,             66558320
  3.9408700622330e+00,  1.1167149188454e+00,  3.2188910357233e+00,  9.4671465890132e-01,  2.2254039492579e-01,  5.7823350342597e-05,  2.7539724740350e-03, -6.7467369168627e-02,  2.9795665500479e-02, -6.0368126738573e-01,  3.2311382542154e-02, -1.3424790914844e+00,  8.5925046979000e+01,  9.0440562502179e-01,             66558320
  3.9408533585981e+00,  1.1166670442718e+00,  3.2198330921021e+00,  9.4613846620604e-01,  2.2608577153750e-01,  5.8282133316333e-05,  3.0544958717399e-03, -6.6685889754174e-02,  2.7330150106566e-02, -6.0741702868841e-01,  3.9812041112193e-02, -1.3749062442038e+00,  8.7529979370000e+01,  9.0406569757169e-01,             66558320
  3.9409087918389e+00,  1.1166633819482e+00,  3.2207689432026e+00,  9.4514239715931e-01,  2.2064041492466e-01,  5.7575982420756e-05,  4.3781762581089e-03, -6.6700463085427e-02,  3.1295273435326e-02, -6.0264288470321e-01,  3.3194779436149e-02, -1.3179233128883e+00,  8.7584057147000e+01,  9.0403393595271e-01,             66558320
  3.9406956585899e+00,  1.1166449392497e+00,  3.2217106059386e+00,  9.4623269853742e-01,  2.2179840808159e-01,  5.7726873504285e-05,  4.0147498001883e-03, -6.6550545611842e-02,  3.4166807242774e-02, -5.9446886307703e-01,  3.3808590955827e-02, -1.3361002384093e+00,  8.6337783178000e+01,  9.0289664763173e-01,             66558320
  3.9403299864696e+00,  1.1165703644904e+00,  3.2226585589840e+00,  9.4637762984251e-01,  2.2522433324615e-01,  5.8170993245817e-05,  4.1868339853353e-03, -7.0979565683816e-02,  2.9762771564043e-02, -6.1131710894359e-01,  3.7208350341927e-02, -1.4168948109834e+00,  8.5840368533000e+01,  9.0401743914209e-01,             66558320
  3.9398390293520e+00,  1.1165136134662e+00,  3.2236142701821e+00,  9.4723756403569e-01,  2.2634730906930e-01,  5.8315834153517e-05,  2.7806269059623e-03, -7.1882985443978e-02,  2.4593050407679e-02, -6.3255348306033e-01,  4.0409377938490e-02, -1.3976809690610e+00,  8.6183447363000e+01,  9.0399655520151e-01,             66558320
  3.9396026395821e+00,  1.1165545207258e+00,  3.2245646518896e+00,  9.4654237574454e-01,  2.2206593139799e-01,  5.7761676798942e-05,  2.9503329473192e-03, -6.7012388634147e-02,  2.9915260895152e-02, -5.8561350139454e-01,  3.8405460932052e-02, -1.3268991134757e+00,  8.5891734625000e+01,  9.0384159335752e-01,             66558320
  3.9394910812270e+00,  1.1165830848488e+00,  3.2255057622420e+00,  9.4590559427319e-01,  2.2492235322756e-01,  5.8131982430272e-05,  4.4499007643944e-03, -7.0601290541805e-02,  3.1510283230409e-02, -5.9742764475972e-01,  4.2165398652385e-02, -1.3677282563852e+00,  1.0295999997700e+02,  9.0433541591795e-01,             66558320
  3.9391569125454e+00,  1.1165873092821e+00,  3.2264334783088e+00,  9.4578023097454e-01,  2.2503210577747e-01,  5.8146163669026e-05,  4.0965086660625e-03, -6.8857788687343e-02,  2.7855572165555e-02, -6.0742606903721e-01,  4.0698856691570e-02, -1.3683051598611e+00,  8.7943708528000e+01,  9.0378694955041e-01,             66558320
  3.9386894328498e+00,  1.1166242300818e+00,  3.2273537707998e+00,  9.4579175732957e-01,  2.2332910045568e-01,  5.7925725598849e-05,  3.0330349439612e-03, -6.3961793075747e-02,  3.0477337642824e-02, -5.9658798739123e-01,  3.5137129862901e-02, -1.3524680296328e+00,  8.7825503186000e+01,  9.0387072570341e-01,             66558320
  3.9383099946256e+00,  1.1166489766247e+00,  3.2282819407733e+00,  9.4517199833289e-01,  2.2281040044157e-01,  5.7858417887881e-05,  3.7207454804816e-03, -6.6571899518721e-02,  3.2167568789088e-02, -5.6462830730759e-01,  3.9998422810015e-02, -1.3550215357143e+00,  8.8568482574000e+01,  9.0314494115837e-01,             66558320
  3.9378677955963e+00,  1.1166192910956e+00,  3.2292030370130e+00,  9.4641227025137e-01,  2.2877324590522e-01,  5.8627508912774e-05,  3.3310040622080e-03, -7.3335738682097e-02,  2.7596455704748e-02, -6.0415618174854e-01,  4.5484720246921e-02, -1.4407384328463e+00,  8.7820356348000e+01,  9.0268959613163e-01,             66558320
  3.9375549947886e+00,  1.1166270852598e+00,  3.2301142550423e+00,  9.4890320585177e-01,  2.2539415822358e-01,  5.8192920330560e-05,  4.5537096839581e-03, -6.8257271279041e-02,  2.8106290903097e-02, -5.4835244011885e-01,  5.4900218491476e-02, -1.4054760034241e+00,  8.7275718758000e+01,  9.0314770565122e-01,             66558320
  3.9369812879251e+00,  1.1166249818995e+00,  3.2309826903542e+00,  9.4639125614749e-01,  2.2529718127198e-01,  5.8180400087765e-05,  3.8225001169002e-03, -6.5820440852293e-02,  2.8247667326018e-02, -6.0809563400095e-01,  4.1042694397557e-02, -1.3739877004335e+00,  8.7874322870000e+01,  9.0418924335831e-01,             66558320
  3.9363278864032e+00,  1.1166517388444e+00,  3.2318500761058e+00,  9.4477788472004e-01,  2.2480037127099e-01,  5.8116216957129e-05,  3.2574204566536e-03, -6.8882846610097e-02,  2.9157431977704e-02, -5.9025521996702e-01,  3.7552652489836e-02, -1.3609810614846e+00,  8.6799686354000e+01,  9.0451453702557e-01,             66558320
  3.9357867148503e+00,  1.1166805928492e+00,  3.2327253251744e+00,  9.4761418474013e-01,  2.2437437546544e-01,  5.8061125845905e-05,  2.5267761268926e-03, -6.4483933502461e-02,  2.9154749650603e-02, -6.3961244957932e-01,  3.5394551715684e-02, -1.3652520179374e+00,  8.6200587695000e+01,  9.0456172872152e-01,             66558320
  3.9354783272519e+00,  1.1167442821897e+00,  3.2336150682490e+00,  9.4544288936036e-01,  2.2649398468268e-01,  5.8334725753190e-05,  3.8989182569218e-03, -7.1277313544700e-02,  3.1900511394198e-02, -5.8100371284771e-01,  4.2134749539762e-02, -1.4047327922006e+00,  8.6305044502000e+01,  9.0356017098989e-01,             66558320
  3.9351139848449e+00,  1.1167636378064e+00,  3.2345034516797e+00,  9.4664679726156e-01,  2.2342886138229e-01,  5.7938661841495e-05,  2.7153025868107e-03, -6.9396731613437e-02,  3.0730424834403e-02, -5.8804305191072e-01,  3.9259042211926e-02, -1.3592087512602e+00,  8.7362133286000e+01,  9.0367746661875e-01,             66558320
  3.9349802765962e+00,  1.1167633171638e+00,  3.2353925931030e+00,  9.4620817226898e-01,  2.2162940148494e-01,  5.7704875867472e-05,  3.8773952865415e-03, -6.9738821411686e-02,  3.5517262308260e-02, -5.8817288946283e-01,  3.4404271354503e-02, -1.3285050582539e+00,  8.5658355908000e+01,  9.0468141323279e-01,             66558320
  3.9347588470722e+00,  1.1166811531999e+00,  3.2362927642587e+00,  9.4608785975702e-01,  2.2469100460284e-01,  5.8102078301082e-05,  3.6691763402789e-03, -6.6560599408190e-02,  3.1064560356821e-02, -5.8368570806811e-01,  4.0899825384003e-02, -1.3658847576991e+00,  8.6045651067000e+01,  9.0277625697283e-01,             66558320
  3.9344709200713e+00,  1.1165818252452e+00,  3.2371888022380e+00,  9.4728781883500e-01,  2.2371736202490e-01,  5.7976056179595e-05,  3.3528535921609e-03, -7.0567864894878e-02,  3.1918411127412e-02, -5.9448927281144e-01,  3.6330793525768e-02, -1.3819783612733e+00,  8.6362508252000e+01,  9.0430332376178e-01,             66558320
  3.9342568407475e+00,  1.1164627578778e+00,  3.2380978212909e+00,  9.4705164163762e-01,  2.1664860343730e-01,  5.7052774767006e-05,  5.3471424241311e-03, -6.5718044065864e-02,  3.4975198960377e-02, -5.9000663906543e-01,  3.2267761866037e-02, -1.2945700455935e+00,  8.6410495051000e+01,  9.0357312203794e-01,             66558320
  3.9335310488397e+00,  1.1162816392993e+00,  3.2390177590222e+00,  9.4584216469792e-01,  2.2268637066405e-01,  5.7842311894547e-05,  4.0160118079544e-03, -7.2311649299489e-02,  2.7258655788752e-02, -6.1108694135636e-01,  3.8798335161092e-02, -1.3442515083140e+00,  8.5888057532000e+01,  9.0382165595526e-01,             66558320
  3.9327729439379e+00,  1.1161628310481e+00,  3.2399351881060e+00,  9.4763741975394e-01,  2.2280999480708e-01,  5.7858365221173e-05,  2.4115733515014e-03, -6.7650930229433e-02,  2.4574522448428e-02, -6.1505740473795e-01,  3.8972217735740e-02, -1.3323659388662e+00,  8.5501626546000e+01,  9.0471729154221e-01,             66558320
  3.9323419438652e+00,  1.1161392626145e+00,  3.2408481204024e+00,  9.4644564546450e-01,  2.2548887060401e-01,  5.8205145605542e-05,  2.8511765654988e-03, -6.7454217982223e-02,  2.5290932925805e-02, -6.1035706260298e-01,  4.0887571376415e-02, -1.3676342477318e+00,  8.6078187848000e+01,  9.0330785091931e-01,             66558320
  3.9320889882581e+00,  1.1161888125872e+00,  3.2417566685964e+00,  9.4882108624297e-01,  2.2641898211593e-01,  5.8325066299230e-05,  3.3113684581163e-03, -7.0500804772507e-02,  1.7125457897692e-02, -6.5506252875655e-01,  4.1260862855019e-02, -1.3785673475145e+00,  8.6090220137000e+01,  9.0382482610739e-01,             66558320
  3.9319165615890e+00,  1.1164453938744e+00,  3.2426619441900e+00,  9.4887990628148e-01,  2.2822582197099e-01,  5.8557322987646e-05,  3.8843860578673e-03, -6.1443478133082e-02,  3.0320512668254e-02, -5.9966709368187e-01,  3.3655796824946e-02, -1.4063203371352e+00,  8.6054703912000e+01,  9.0429663789591e-01,             66558320
  3.9315494704571e+00,  1.1166721471827e+00,  3.2435924097888e+00,  9.4651707340587e-01,  2.2101926600367e-01,  5.7625391699893e-05,  2.8960552613608e-03, -6.7156215901806e-02,  3.0906217668969e-02, -5.7280030174510e-01,  3.9619708583390e-02, -1.3288504405576e+00,  8.6268196283000e+01,  9.0333701331404e-01,             66558320
  3.9313391200515e+00,  1.1168457430679e+00,  3.2445150854954e+00,  9.4745775730049e-01,  2.2138369319702e-01,  5.7672879891108e-05,  4.6062936261500e-03, -6.6058605203166e-02,  3.0951410640396e-02, -6.2137552649239e-01,  3.9858542360149e-02, -1.3304341721656e+00,  8.6071448045000e+01,  9.0478736542629e-01,             66558320
  3.9308093519083e+00,  1.1170038558886e+00,  3.2454303766786e+00,  9.4623070840305e-01,  2.2359013636337e-01,  5.7959568654888e-05,  3.4134076730437e-03, -6.7841897548047e-02,  3.4460243641510e-02, -5.7260570687046e-01,  4.1823252612376e-02, -1.3830201741639e+00,  8.6642017014000e+01,  9.0394049909914e-01,             66558320
  3.9303261433305e+00,  1.1170667807366e+00,  3.2463412272871e+00,  9.4764945656433e-01,  2.2339596188412e-01,  5.7934396002556e-05,  4.3431232864926e-03, -6.7937290205305e-02,  3.4494300299542e-02, -5.5140545826967e-01,  4.3108764027080e-02, -1.3759340574847e+00,  8.5999573841000e+01,  9.0420314094466e-01,             66558320
  3.9296430122790e+00,  1.1170287929805e+00,  3.2472430719326e+00,  9.4635757013675e-01,  2.1737365422252e-01,  5.7148163351535e-05,  3.1190403320073e-03, -6.7643396462750e-02,  3.7318289591894e-02, -5.5447598839308e-01,  3.5327166619104e-02, -1.3016496092553e+00,  8.6457388807000e+01,  9.0390738528256e-01,             66558320
  3.9290961781376e+00,  1.1168631065756e+00,  3.2481497035825e+00,  9.4584751872887e-01,  2.2196380324599e-01,  5.7748392969956e-05,  3.7663795163656e-03, -6.9055651077206e-02,  3.4414974422928e-02, -5.9862809599904e-01,  4.3394409270937e-02, -1.3374112097909e+00,  8.6026471608000e+01,  9.0296657127163e-01,             66558320
  3.9285208038563e+00,  1.1166522049361e+00,  3.2490410455757e+00,  9.4864604200432e-01,  2.2014493066030e-01,  5.7511297926336e-05,  4.5304791976644e-03, -6.9022166629150e-02,  2.7428888239309e-02, -5.8949054493580e-01,  3.7370528798881e-02, -1.3087145721867e+00,  8.5866394149000e+01,  9.0362775082063e-01,             66558320
  3.9277187449397e+00,  1.1164901855361e+00,  3.2499331879065e+00,  9.4814398944153e-01,  2.1970178715165e-01,  5.7453384721913e-05,  3.9806781770977e-03, -6.8879067060454e-02,  3.0416537980353e-02, -5.9315111755790e-01,  3.8136340285796e-02, -1.3070783490960e+00,  8.6382161904000e+01,  9.0339855332887e-01,             66558320
  3.9268544622139e+00,  1.1163336620735e+00,  3.2508235184997e+00,  9.4744836970410e-01,  2.2333502234355e-01,  5.7926493585147e-05,  2.3482008177145e-03, -7.1314022336256e-02,  2.0452344136892e-02, -6.7352220659455e-01,  4.0559025470440e-02, -1.3142071622373e+00,  8.6266305404000e+01,  9.0404817910067e-01,             66558320
  3.9263970316679e+00,  1.1163749522994e+00,  3.2517058205236e+00,  9.4686301842245e-01,  2.2205257432500e-01,  5.7759939615461e-05,  3.3692000159429e-03, -7.0226687078294e-02,  2.6808610244440e-02, -6.0538946688934e-01,  3.7817882953382e-02, -1.3344151083454e+00,  8.6321108013000e+01,  9.0380956129902e-01,             66558320
  3.9260221511970e+00,  1.1164599816988e+00,  3.2525928948070e+00,  9.4834460605838e-01,  2.1956066133062e-01,  5.7434929117418e-05,  2.8641351837391e-03, -6.6373907298664e-02,  2.7828595899729e-02, -6.2060028445988e-01,  3.4275093261560e-02, -1.3009196580440e+00,  8.6865627800000e+01,  9.0453337764535e-01,             66558320
  3.9258043943355e+00,  1.1165809352286e+00,  3.2534903411800e+00,  9.4799245651580e-01,  2.2131142263927e-01,  5.7663465486288e-05,  2.8700549469610e-03, -6.9302935274232e-02,  2.5623271441666e-02, -6.0434016909085e-01,  3.9493542806859e-02, -1.3237905059464e+00,  8.6589198737000e+01,  9.0368224438357e-01,             66558320
  3.9257656659600e+00,  1.1167536437748e+00,  3.2543843460216e+00,  9.4666650080566e-01,  2.2229682132915e-01,  5.7791697443405e-05,  3.6267418252675e-03, -6.9729347043269e-02,  2.8267718523348e-02, -6.0997596595886e-01,  4.1695188235727e-02, -1.3343705324108e+00,  8.6450888163000e+01,  9.0337744402202e-01,             66558320
  3.9256935545695e+00,  1.1169403222461e+00,  3.2552700600518e+00,  9.4711964807804e-01,  2.2027564353312e-01,  5.7528369296979e-05,  4.8796575774781e-03, -6.4193517856451e-02,  3.3033614606861e-02, -6.0674438052916e-01,  3.7531016971912e-02, -1.3186004387298e+00,  8.6301876295000e+01,  9.0423092109296e-01,             66558320
  3.9251861697073e+00,  1.1170711196782e+00,  3.2561591885708e+00,  9.4917817842349e-01,  2.2214683102367e-01,  5.7772197261244e-05,  2.9818621869691e-03, -6.9913298070652e-02,  3.2719812408893e-02, -5.5151385387689e-01,  3.8323914676492e-02, -1.3752764614901e+00,  8.6966274240000e+01,  9.0344783341887e-01,             66558320
  3.9248651993940e+00,  1.1171173741968e+00,  3.2570580530235e+00,  9.4719448228022e-01,  2.2138888835072e-01,  5.7673556584394e-05,  3.3336477413288e-03, -6.9990704640770e-02,  3.5490678913838e-02, -5.8178473290179e-01,  4.1005504217854e-02, -1.3558805420750e+00,  8.7520119114000e+01,  9.0385906675529e-01,             66558320
  3.9246199373280e+00,  1.1170697546601e+00,  3.2579541703025e+00,  9.4697898858541e-01,  2.1677215319193e-01,  5.7069040396112e-05,  2.7734587909734e-03, -6.5566750785628e-02,  3.7955321085531e-02, -5.2320816143009e-01,  4.0439194414816e-02, -1.3047098704777e+00,  8.6646164233000e+01,  9.0352547960946e-01,             66558320
  3.9245332854407e+00,  1.1168620439139e+00,  3.2588415644470e+00,  9.4519617846835e-01,  2.1891247254230e-01,  5.7350086518064e-05,  2.5322961098541e-03, -6.6671931205758e-02,  3.1033912790420e-02, -6.3588172304203e-01,  2.9447632833990e-02, -1.2855871509306e+00,  8.5896987085000e+01,  9.0383929462162e-01,             66558320
  3.9246687815381e+00,  1.1166854254644e+00,  3.2597534105444e+00,  9.4782937533612e-01,  2.2234323761324e-01,  5.7797730673700e-05,  5.4256398827238e-03, -7.0182052789632e-02,  3.7410638445367e-02, -5.8358520861695e-01,  4.4441779657614e-02, -1.3700649916864e+00,  8.5423587218000e+01,  9.0460925095465e-01,             66558320
  3.9242804708426e+00,  1.1164108464530e+00,  3.2606528676279e+00,  9.4610497943290e-01,  2.2030549299217e-01,  5.7532266987406e-05,  2.9319462978483e-03, -6.8328504679583e-02,  2.3644490943511e-02, -6.3283632994253e-01,  3.7767069158542e-02, -1.3020378232147e+00,  8.6411023641000e+01,  9.0342921816536e-01,             66558320
  3.9240596048600e+00,  1.1162756147896e+00,  3.2615518149636e+00,  9.4775202178682e-01,  2.1800866672050e-01,  5.7231575790448e-05,  4.3770950450113e-03, -6.7352485256236e-02,  3.1804979186771e-02, -6.5588749331791e-01,  3.1538217440292e-02, -1.3030124364909e+00,  8.5999488798000e+01,  9.0450492139826e-01,             66558320
  3.9235913739998e+00,  1.1161676140807e+00,  3.2624706705571e+00,  9.4769881885355e-01,  2.2188337627857e-01,  5.7737929667255e-05,  4.6224056150112e-03, -6.9054897877387e-02,  2.7795692546873e-02, -6.0719678577039e-01,  3.8714571215487e-02, -1.3255383800788e+00,  8.6045547040000e+01,  9.0448593053430e-01,             66558320
  3.9228575652570e+00,  1.1161063688123e+00,  3.2633881090835e+00,  9.4664988619144e-01,  2.2073307955059e-01,  5.7588071540552e-05,  4.5723276772933e-03, -6.9985986340444e-02,  2.4397869034002e-02, -6.7254977131654e-01,  3.0814215591210e-02, -1.3035786792853e+00,  8.6308386899000e+01,  9.0455426158593e-01,             66558320
  3.9219100835035e+00,  1.1161813636978e+00,  3.2643263968096e+00,  9.4708645075884e-01,  2.2302340462068e-01,  5.7886067272219e-05,  3.9769421405706e-03, -6.8855474807090e-02,  2.8263023613795e-02, -5.9365763122518e-01,  3.8771004215943e-02, -1.3294534136346e+00,  8.5835135544000e+01,  9.0432921083345e-01,             66558320
  3.9209132535493e+00,  1.1162690345755e+00,  3.2652620742314e+00,  9.4529442480779e-01,  2.1944808223589e-01,  5.7420202432430e-05,  3.1619364598583e-03, -6.5926767801788e-02,  2.2462408636634e-02, -6.2745159048555e-01,  3.5798644754956e-02, -1.2950309502186e+00,  8.5026975824000e+01,  9.0382404483767e-01,             66558320
  3.9200506277448e+00,  1.1164741432275e+00,  3.2661995949560e+00,  9.4569155580388e-01,  2.2602608947846e-01,  5.8274440157924e-05, -1.5725359275323e-04, -7.9544687540381e-02,  9.5293103338561e-03, -7.3603782322977e-01,  3.2750005032966e-02, -1.3344724952758e+00,  8.5647832729000e+01,  9.0336943600740e-01,             66558320
  3.9203777682102e+00,  1.1170446189822e+00,  3.2671552249487e+00,  9.5059565715704e-01,  2.1885159347914e-01,  5.7342111498935e-05,  3.2576572326957e-03, -6.9486070376190e-02,  3.3787272390344e-02, -5.9138409137333e-01,  3.8665384042434e-02, -1.3020998088100e+00,  8.6705604360000e+01,  9.0384640117118e-01,             66558320
  3.9207300766227e+00,  1.1174990994793e+00,  3.2681028383019e+00,  9.4803981643213e-01,  2.1359346871861e-01,  5.6649073147947e-05,  2.4317515737606e-03, -6.3149653010081e-02,  4.2082298651823e-02, -5.3737664445525e-01,  3.4211565068219e-02, -1.2555932915474e+00,  8.8438689377000e+01,  9.0442855228317e-01,             66558320
  3.9212400693306e+00,  1.1176927330278e+00,  3.2690502931466e+00,  9.4790789985978e-01,  2.1454095731221e-01,  5.6774580164914e-05,  3.6620105665443e-03, -6.4499602586377e-02,  4.4382619900899e-02, -5.2395354137348e-01,  3.9872728259644e-02, -1.2931272578071e+00,  8.9053344683000e+01,  9.0343078070480e-01,             66558320
  3.9215836382433e+00,  1.1176089166408e+00,  3.2699853951576e+00,  9.4747828511389e-01,  2.1602838231520e-01,  5.6971050959415e-05,  3.5869134538514e-03, -6.6272738745659e-02,  4.4541681167367e-02, -5.4998703452911e-01,  4.1598453463990e-02, -1.3051391054030e+00,  8.8580041715000e+01,  9.0327514276202e-01,             66558320
  3.9218206213754e+00,  1.1172911633276e+00,  3.2709058077076e+00,  9.4814408376755e-01,  2.1229335901459e-01,  5.6476403013062e-05,  3.9895374716034e-03, -6.6887931947972e-02,  3.6293666462748e-02, -5.6325059943609e-01,  3.5894908708038e-02, -1.2432061948086e+00,  9.1204215635000e+01,  9.0323079068101e-01,             66558320
  3.9218622835643e+00,  1.1168890070554e+00,  3.2718216348121e+00,  9.4754966692431e-01,  2.0317548488992e-01,  5.5250279167241e-05,  2.2022182303647e-03, -3.8437653495196e-02,  2.1539394724529e-02, -4.7202850841936e-01,  3.3760690131304e-02, -1.2067864429311e+00,  8.7336262054000e+01,  9.0302244708100e-01,             66558320
  3.9218250241162e+00,  1.1165558765791e+00,  3.2727344869232e+00,  9.4852421800445e-01,  2.1924295204958e-01,  5.7393359248111e-05,  5.1170015364152e-03, -6.6866579605588e-02,  2.7939991029437e-02, -5.9944686779470e-01,  4.2338422563879e-02, -1.3065014036961e+00,  8.8475870995000e+01,  9.0395762693530e-01,             66558320
  3.9213186328915e+00,  1.1162845961041e+00,  3.2736329901424e+00,  9.4840595630445e-01,  2.2007509300036e-01,  5.7502174906683e-05,  3.3156409822383e-03, -6.8463708244628e-02,  2.4208851538288e-02, -6.1096499034938e-01,  4.1656358621941e-02, -1.3036020477746e+00,  8.6856482655000e+01,  9.0358732011265e-01,             66558320
  3.9208908582917e+00,  1.1161307468772e+00,  3.2745204422197e+00,  9.4754484844321e-01,  2.1666016175690e-01,  5.7054296644830e-05,  1.9956285162901e-03, -6.7516109488830e-02,  1.7419026651187e-02, -6.6932085336074e-01,  3.3053127668777e-02, -1.2283886865332e+00,  8.7799935885000e+01,  9.0389952751211e-01,             66558320
  3.9208744374617e+00,  1.1162219148693e+00,  3.2754140079538e+00,  9.4663804842053e-01,  2.1808318320200e-01,  5.7241355978001e-05,  2.9007798534276e-03, -6.7829126589409e-02,  2.3580108921376e-02, -6.1551549016454e-01,  3.7168060992802e-02, -1.2775361473221e+00,  8.5973191807000e+01,  9.0375951496372e-01,             66558320
  3.9209908678798e+00,  1.1164072782461e+00,  3.2763077550419e+00,  9.4594818408395e-01,  2.1995149728844e-01,  5.7486025827143e-05,  4.3416148637734e-03, -6.8687490804413e-02,  2.1287194458053e-02, -6.2932216407245e-01,  3.3211249822475e-02, -1.2911922776002e+00,  8.8129327517000e+01,  9.0444207425909e-01,             66558320
  3.9208528856005e+00,  1.1167205063718e+00,  3.2772171294084e+00,  9.4753758015023e-01,  2.2253300035947e-01,  5.7822389658243e-05,  4.1020607682317e-03, -6.8400629144052e-02,  2.9727429210659e-02, -6.1815175000651e-01,  4.8068048293549e-02, -1.3279534302677e+00,  8.5423855765000e+01,  9.0362524174288e-01,             66558320
  3.9205457421876e+00,  1.1170198431791e+00,  3.2780976449263e+00,  9.4940492695846e-01,  2.1739906825119e-01,  5.7151503964774e-05,  4.3816613745528e-03, -6.6731590090327e-02,  3.2578666537091e-02, -5.7730584102093e-01,  3.8244710819493e-02, -1.2893801028547e+00,  8.7746710766000e+01,  9.0354777584530e-01,             66558320
