#                p[0],                 p[1],                 p[2],               energy,             variance,                error,             gradE[0],          gradVarE[0],             gradE[1],          gradVarE[1],             gradE[2],          gradVarE[2],         elapsed time,        accept. ratio,             MC steps
  9.0000000000000e+00,  1.0000000000000e+00,  1.0000000000000e+00,  2.7758674428455e-01,  1.5286449028654e+01,  5.5292764497092e-03, -3.0802701220778e-02, -4.2288125616230e+00, -3.0866238341645e+00, -5.3250169417478e+02, -9.8743698101316e-01,  1.2781795798517e+00,  7.8993693700000e-01,  9.0779000000000e-01,               500000
  9.0499999848103e+00,  1.0499999998509e+00,  1.0499999994933e+00,  1.4732288526114e-01,  1.3011815256836e+00,  1.6131841343651e-03, -4.6174107613256e-03, -2.2615693644257e-01, -8.6905755671994e-01, -2.3555820901131e+01, -2.9607740467275e-01, -1.1160978951629e+00,  7.0407482700000e-01,  9.0152400000000e-01,               500000
  9.0884570419395e+00,  1.0918605909162e+00,  1.0927992665634e+00,  1.2642656537025e-01,  3.1444013230419e-01,  7.9301971262282e-04,  1.0665093490583e-03, -4.3627291908226e-02, -1.4923872148973e-01, -3.9778729217860e+00,  4.4701052826475e-02, -2.9102376826518e+00,  7.3196797600000e-01,  9.0393800000000e-01,               500000
  9.1171658731809e+00,  1.1255815339793e+00,  1.1245134380201e+00,  1.3328718732212e-01,  1.7149984702549e-01,  5.8566175737450e-04,  1.8326532725293e-04, -2.0103315378388e-02,  2.0722623723807e-01, -1.0347955180095e-01,  1.4618630455729e-01, -2.6855080582284e+00,  7.1730811600000e-01,  9.0747600000000e-01,               500000
  9.1405305871387e+00,  1.1514201584051e+00,  1.1461916344458e+00,  1.4035118123774e-01,  3.4112051842774e-01,  8.2597883559779e-04,  3.4181773308033e-04, -7.0189089613283e-02,  4.0084324279262e-01, -8.2004692541199e-01,  3.1197099734375e-01, -5.2457482008029e+00,  7.4066220000000e-01,  9.0475000000000e-01,               500000
  9.1600263315660e+00,  1.1699883525231e+00,  1.1559734794086e+00,  1.4928162756894e-01,  5.4215078588327e-01,  1.0412980225500e-03, -4.6642657697077e-04, -6.4281289531570e-02,  4.9512556365576e-01, -2.0171173132208e+00,  3.8337336999345e-01, -9.2118185937901e+00,  7.1413108400000e-01,  9.0617400000000e-01,               500000
  9.1772193434001e+00,  1.1821747811751e+00,  1.1553206523039e+00,  1.6319425592442e-01,  3.8800079893017e-01,  8.8090952876010e-04, -4.4938972680752e-03, -9.1774274230651e-02,  5.1120668861413e-01, -2.8708975376760e+00,  2.4195168102170e-01, -4.0018414578572e+00,  7.9405218100000e-01,  9.0374200000000e-01,               500000
  9.1955278851103e+00,  1.1890823934176e+00,  1.1495809780432e+00,  1.6356927718757e-01,  4.0144828015943e-01,  8.9604495440734e-04, -5.9970217141611e-03, -2.3241033251761e-02,  4.8414690457952e-01, -2.3208410966036e+00,  2.8167833582081e-01, -4.8932319725944e+00,  7.2682510600000e-01,  9.0280600000000e-01,               500000
  9.2157939080598e+00,  1.1917827688222e+00,  1.1389134251943e+00,  1.6252964287093e-01,  4.0609212175902e-01,  9.0121265166332e-04, -3.3197117588927e-03, -5.9156448011228e-02,  5.3818923974950e-01, -3.1707074093388e+00,  2.0816151407454e-01, -4.2731659958966e+00,  7.3200656000000e-01,  9.0575200000000e-01,               500000
  9.2360945994162e+00,  1.1905404031576e+00,  1.1254575948337e+00,  1.5894609361327e-01,  3.4518730060506e-01,  8.3088783912760e-04, -4.6468063206071e-03, -5.3106486519973e-02,  5.1119737105440e-01, -2.9795949389818e+00,  1.7079640447962e-01, -3.3005479652463e+00,  7.3216309600000e-01,  9.0621200000000e-01,               500000
  9.2573304155493e+00,  1.1860720739939e+00,  1.1102384486711e+00,  1.5397297148607e-01,  2.9050125078275e-01,  7.6223520094883e-04, -4.5402711393899e-03, -4.8182022575305e-03,  4.9545742725014e-01, -2.0464757918601e+00,  1.2369939558549e-01, -3.0506061912415e+00,  7.1887677200000e-01,  9.0508000000000e-01,               500000
  9.2793508987000e+00,  1.1788774266080e+00,  1.0942869150390e+00,  1.4522008611775e-01,  2.8250082383126e-01,  7.5166591492665e-04, -8.7862021278294e-04, -6.5913876215961e-02,  4.9614050144329e-01, -4.1087704560704e+00,  8.0417242477479e-02, -2.2618847048190e+00,  7.9985447600000e-01,  9.0791000000000e-01,               500000
  9.2997752867488e+00,  1.1692732176106e+00,  1.0784345079428e+00,  1.4333566583949e-01,  1.4052825447311e-01,  5.3014762938847e-04, -2.0112532496655e-03, -1.7777743635156e-02,  4.1661262996646e-01, -9.5524076977642e-01, -3.6632281985360e-02, -1.1505045832018e+00,  8.4244862900000e-01,  9.0652400000000e-01,               500000
  9.3195569461639e+00,  1.1579920097558e+00,  1.0648731465811e+00,  1.3583993419964e-01,  1.2653875968808e-01,  5.0306810610111e-04, -9.0233004140230e-04, -9.9228088765523e-03,  4.4768380809783e-01, -1.3787045202192e+00, -1.4849331947106e-01, -9.7029722905930e-01,  7.9862631500000e-01,  9.0520800000000e-01,               500000
  9.3380529733545e+00,  1.1450065691642e+00,  1.0555949742612e+00,  1.3414265661594e-01,  7.5134194533769e-02,  3.8764466856586e-04,  1.5945303852748e-05, -1.0571760938326e-02,  3.5458331265841e-01, -4.7904916207924e-01, -2.2434800058407e-01, -4.6872321048554e-01,  1.1239910290000e+00,  9.0788600000000e-01,               500000
  9.3547840162695e+00,  1.1310324140076e+00,  1.0516364607687e+00,  1.3321672306194e-01,  5.1518412452901e-02,  3.2099349667213e-04, -5.0704505603265e-04, -8.4187727679777e-03,  2.3905365113584e-01, -1.1440953583079e-01, -2.5469981114510e-01, -2.8155570008440e-01,  1.1596123120000e+00,  9.0621800000000e-01,               500000
  9.3703049006099e+00,  1.1168520075850e+00,  1.0529420898453e+00,  1.2999857020541e-01,  7.2078457932140e-02,  3.7968001773109e-04, -3.7523810408893e-04, -7.7914723395454e-03,  1.1861801922577e-01, -3.9301947932351e-01, -2.3669501821722e-01, -5.5331457075902e-01,  1.1389081950000e+00,  9.0338000000000e-01,               500000
  9.3846551832252e+00,  1.1032228616115e+00,  1.0585538373173e+00,  1.2785215503885e-01,  9.6016336555939e-02,  4.3821532733564e-04, -6.3711068432254e-05, -9.1832652012305e-03,  3.1295312664364e-02, -9.1097478380256e-01, -2.1719534110690e-01, -3.7741955574162e-01,  1.2355030470000e+00,  9.0534200000000e-01,               500000
  9.3977362561741e+00,  1.0906437575963e+00,  1.0676423288090e+00,  1.2559749610735e-01,  1.6815441852708e-01,  5.7992140592855e-04, -8.0371204140592e-04, -2.5844628164414e-02, -1.0012168193925e-01, -2.1873741116107e+00, -1.4439430436539e-01, -4.3269741677199e-01,  1.1666244830000e+00,  9.0239200000000e-01,               500000
  9.4102120700981e+00,  1.0798853983221e+00,  1.0785657855311e+00,  1.3020045961729e-01,  4.3529069871790e-01,  9.3304951499682e-04, -4.1435496636681e-04, -6.8027796980299e-02, -3.3546481418980e-01, -8.0263113558759e+00, -4.2611872843250e-02, -9.8939261698750e-01,  1.2561310840000e+00,  9.0506600000000e-01,               500000
  9.4218842852691e+00,  1.0724023402901e+00,  1.0893109071563e+00,  1.2962866231236e-01,  5.9143520524038e-01,  1.0875984601317e-03,  1.7103421515545e-03, -6.7927853084461e-02, -3.7521136442843e-01, -9.3456530260461e+00,  7.1888109142676e-02, -2.7070985450651e+00,  1.2386005480000e+00,  9.0761400000000e-01,               500000
  9.4312553899646e+00,  1.0681733974329e+00,  1.0977253177146e+00,  1.2910300371193e-01,  6.2764716085397e-01,  1.1203991796266e-03, -1.4348018690834e-03, -1.5291996128430e-01, -3.9117423159438e-01, -8.1565738086941e+00,  1.3106684107167e-01, -4.5443771820841e+00,  1.2287553570000e+00,  9.0270200000000e-01,               500000
  9.4409035658897e+00,  1.0670092862205e+00,  1.1028700446515e+00,  1.3095290925164e-01,  9.2988203184997e-01,  1.3637316685111e-03, -3.4264907572839e-03, -1.7620934349811e-01, -4.7415297286010e-01, -1.2168991153181e+01,  1.7398270722989e-01, -1.1287026321736e+01,  1.2601960880000e+00,  9.0350200000000e-01,               500000
  9.4522803638026e+00,  1.0692076894469e+00,  1.1042653910733e+00,  1.3698282771304e-01,  6.3789576498401e-01,  1.1295094200439e-03, -3.3815036243001e-04, -8.3627435935350e-02, -4.8500675597644e-01, -8.8671025686179e+00,  9.0824314076768e-02, -2.5157786485625e+00,  1.3100959150000e+00,  9.0522200000000e-01,               500000
  9.4629293923414e+00,  1.0745193244034e+00,  1.1037859819226e+00,  1.3027170393688e-01,  6.3887586268018e-01,  1.1303768068040e-03,  1.8969085663735e-03,  5.9115688504751e-03, -3.5126031836571e-01, -1.2372072597745e+01,  1.4803039956363e-01, -3.6488514107545e+00,  1.2502740320000e+00,  8.9853800000000e-01,               500000
  9.4711576182573e+00,  1.0817850548360e+00,  1.1004814743618e+00,  1.3065399744288e-01,  3.9411351817379e-01,  8.8782151153685e-04, -2.1926957415123e-03, -1.0744456916396e-01, -2.5408061210037e-01, -6.1721332554329e+00,  5.1062078680361e-02, -1.6355536907345e+00,  1.3475436160000e+00,  9.0706600000000e-01,               500000
  9.4803789613795e+00,  1.0901685805228e+00,  1.0964752946162e+00,  1.3140703305580e-01,  3.1970332759712e-01,  7.9962907350486e-04, -9.5300243270895e-04, -3.8461248029571e-02, -1.9150014990473e-01, -3.8861264578614e+00,  5.8792298795761e-02, -2.4076642118394e+00,  1.4671519690000e+00,  9.0621400000000e-01,               500000
  9.4895395193660e+00,  1.0991501042232e+00,  1.0916719042847e+00,  1.2639507099020e-01,  1.5280940830523e-01,  5.5282801720830e-04,  2.4274535415372e-03, -2.2325274490870e-02, -9.3039587142890e-03, -1.3151336149878e+00, -1.5342182765804e-02, -1.2598345927992e+00,  1.4194421890000e+00,  9.0213400000000e-01,               500000
  9.4959523274414e+00,  1.1074038474732e+00,  1.0876204854212e+00,  1.2779569318655e-01,  1.3023001580825e-01,  5.1035285011109e-04,  1.1172531183451e-04, -2.4969733630494e-02,  4.3468012544636e-02, -6.7037822413818e-01, -6.0347590008056e-03, -1.5529493848052e+00,  1.4272863280000e+00,  9.0585000000000e-01,               500000
  9.5017156304368e+00,  1.1146145027459e+00,  1.0840693641919e+00,  1.2529845423501e-01,  1.2848227965892e-01,  5.0691671832544e-04,  9.0582291035441e-04, -2.6132799415547e-03,  1.0919862462242e-01, -7.7300417598475e-01,  3.0438561037036e-03, -1.7720341766078e+00,  1.4008838480000e+00,  9.0581200000000e-01,               500000
  9.5062309648357e+00,  1.1203925521995e+00,  1.0807889343420e+00,  1.2715210789143e-01,  8.7730731155720e-02,  4.1888120310112e-04,  1.2485544083368e-04, -1.7620152569859e-02,  1.6745717404333e-01, -1.8502944464775e-01, -3.4624712907801e-02, -1.1361545076397e+00,  1.3629522340000e+00,  9.0537000000000e-01,               500000
  9.5102494280743e+00,  1.1244243971083e+00,  1.0785433199568e+00,  1.2705939438026e-01,  1.0002886634652e-01,  4.4727813795561e-04,  1.1171988695548e-03, -2.4873936281778e-03,  1.9510812100460e-01, -1.0956610224323e-01, -2.6613849714827e-02, -1.8024889761814e+00,  1.3982892800000e+00,  9.0416200000000e-01,               500000
  9.5129810796904e+00,  1.1266465410828e+00,  1.0770851312282e+00,  1.2739684960115e-01,  7.5604268365775e-02,  3.8885541880183e-04, -1.7403000506649e-04, -1.6876141030886e-02,  2.1229202905098e-01, -8.3064161924924e-02, -4.3449044874120e-02, -1.0227560482828e+00,  1.4459109410000e+00,  9.0624000000000e-01,               500000
  9.5156229056706e+00,  1.1270771121469e+00,  1.0767065472199e+00,  1.2921031216185e-01,  6.0747200607536e-02,  3.4856046995475e-04,  6.4342216214304e-04, -9.9397723060862e-03,  2.1704241305125e-01, -1.4093268757105e-01, -9.6142071984642e-02, -5.7248767345348e-01,  1.4169379240000e+00,  9.0559800000000e-01,               500000
  9.5174854406743e+00,  1.1258254947191e+00,  1.0784641992465e+00,  1.2710303748598e-01,  1.0867702608818e-01,  4.6621245390526e-04,  1.5647311397677e-03, -2.7977784227000e-02,  2.0613257244841e-01, -8.6835546032694e-02, -1.3273414030333e-02, -2.1981566331495e+00,  1.4427312340000e+00,  9.0263000000000e-01,               500000
  9.5178457697037e+00,  1.1231098521708e+00,  1.0803818887463e+00,  1.2681061941350e-01,  9.9457158668634e-02,  4.4599811360281e-04,  1.0907082110604e-03, -1.6504695679551e-02,  1.9432390548654e-01, -1.3141489391810e-01, -9.1434834725730e-03, -1.6874115441185e+00,  1.3354911990000e+00,  9.0483000000000e-01,               500000
  9.5172317755460e+00,  1.1191373404670e+00,  1.0823510629216e+00,  1.2764402662869e-01,  9.8837928197451e-02,  4.4460753074470e-04,  1.7355159800356e-03, -1.7311286838459e-02,  1.5386345038167e-01, -1.9636753923090e-01, -1.6236893630444e-02, -1.4227607117482e+00,  1.3802693910000e+00,  9.0201600000000e-01,               500000
  9.5151548861909e+00,  1.1143206243414e+00,  1.0845265445066e+00,  1.2614591621218e-01,  1.2986972711868e-01,  5.0964640118160e-04,  2.2994098063843e-03, -3.2583626322345e-02,  1.0298863965990e-01, -7.2504693631874e-01,  1.2415038472338e-02, -1.9387288814122e+00,  1.3785498410000e+00,  9.0418200000000e-01,               500000
  9.5112414622471e+00,  1.1091253725271e+00,  1.0862457270028e+00,  1.2666111403567e-01,  1.1615854070179e-01,  4.8199282297932e-04,  1.4193175831221e-03, -1.1442734355129e-02,  6.7949101222526e-02, -7.4147280929069e-01, -1.9736135789554e-02, -1.2170364441168e+00,  1.4837653290000e+00,  9.0421200000000e-01,               500000
  9.5064138637091e+00,  1.1038564306505e+00,  1.0882803679522e+00,  1.2700593872602e-01,  1.6796912295554e-01,  5.7960179943741e-04,  1.3163396382404e-05, -1.6951740512336e-02, -2.7615530589459e-03, -1.6540347163348e+00,  8.4432984091892e-03, -1.7207515712794e+00,  1.4242592970000e+00,  9.0333200000000e-01,               500000
  9.5020156508849e+00,  1.0990897928149e+00,  1.0899551219181e+00,  1.2655757245417e-01,  2.0587942127430e-01,  6.4168437923063e-04,  9.4958032139715e-04, -3.4584699723686e-02, -5.0276172441880e-02, -1.4897912706688e+00,  3.6409045178215e-02, -2.6045177947094e+00,  1.4225261460000e+00,  9.0493600000000e-01,               500000
  9.4971595780340e+00,  1.0951694754509e+00,  1.0906499317987e+00,  1.2521431288516e-01,  2.1173793392214e-01,  6.5075023460948e-04,  6.6390686887897e-04, -4.2014207240606e-02, -5.8525181890903e-02, -2.7540505431828e+00,  1.4019526024158e-02, -1.4729521697837e+00,  1.4389191030000e+00,  9.0614000000000e-01,               500000
  9.4921457829535e+00,  1.0920978690894e+00,  1.0909650993695e+00,  1.2553784004577e-01,  2.6855445360427e-01,  7.3287714332522e-04,  1.0512106335083e-03, -3.1669912467561e-02, -1.2439684696327e-01, -3.1538047071989e+00,  6.0757964207271e-02, -2.0219888794476e+00,  1.4462607310000e+00,  9.0574000000000e-01,               500000
  9.4866165843584e+00,  1.0903568367137e+00,  1.0898115093549e+00,  1.2739959785332e-01,  3.0117821625940e-01,  7.7611624935882e-04, -2.0177403263384e-05, -6.7489981233634e-02, -1.8539383528799e-01, -4.2022622133074e+00,  2.1762907701682e-02, -1.7707071263399e+00,  1.4505945850000e+00,  9.0433600000000e-01,               500000
  9.4816380365058e+00,  1.0903556725177e+00,  1.0882537459471e+00,  1.2494675852438e-01,  2.4961337521840e-01,  7.0655979961841e-04, -2.7991945318810e-04, -3.5434945235764e-02, -1.0387672391533e-01, -1.8296874546586e+00,  2.1712474402602e-02, -3.5565286170865e+00,  1.4829769260000e+00,  9.0241600000000e-01,               500000
  9.4773948939117e+00,  1.0912471178190e+00,  1.0863464683962e+00,  1.2871708374508e-01,  2.1280230676886e-01,  6.5238379312925e-04, -2.5521213565807e-04, -2.9800325695863e-02, -1.3899443959268e-01, -2.4255908144945e+00, -3.7069592357654e-02, -9.9018207376406e-01,  1.3288004800000e+00,  9.0227800000000e-01,               500000
  9.4737974847948e+00,  1.0932630648297e+00,  1.0855465359993e+00,  1.2077553565023e-01,  1.8337983651349e-01,  6.0560686342460e-04,  1.8578370237444e-03, -2.4634356056072e-02, -3.0810883316162e-02, -1.7048048519374e+00,  8.0887632369583e-03, -1.4573639233844e+00,  1.4058686450000e+00,  9.0408600000000e-01,               500000
  9.4687315291816e+00,  1.0953710801558e+00,  1.0846343740862e+00,  1.2705259433165e-01,  3.1416968974513e-01,  7.9267861046597e-04,  7.1665398443405e-04, -6.5187129368771e-02, -1.3041293739509e-01, -4.8392578813290e+00,  2.2489133257019e-02, -3.0488766170098e+00,  1.4120323090000e+00,  9.0143600000000e-01,               500000
  9.4634532584054e+00,  1.0984514772024e+00,  1.0832734457164e+00,  1.2299052839990e-01,  1.2401404295324e-01,  4.9802418204991e-04,  8.0274560535120e-04, -1.6814644743022e-02,  7.1254438833325e-03, -9.4941024641579e-01, -4.9370491697451e-02, -8.2519404172122e-01,  1.3550214290000e+00,  9.0489600000000e-01,               500000
  9.4578668278290e+00,  1.1011925581662e+00,  1.0833117241265e+00,  1.2324258957556e-01,  2.3319353815308e-01,  6.8292538121391e-04,  1.7830777368241e-03, -4.7991051278460e-02, -5.8748480609754e-03, -1.5006838024622e+00,  5.4545035689091e-02, -4.1521619535143e+00,  1.4287468210000e+00,  9.0749600000000e-01,               500000
  9.4510319383925e+00,  1.1037430331807e+00,  1.0819910431901e+00,  1.2700265799127e-01,  1.2224502439588e-01,  4.9445934998922e-04, -4.3595476703225e-04, -3.1422721678362e-02,  1.3544211620193e-02, -1.2611833726353e+00, -8.7535648890077e-02, -9.0188261148276e-01,  1.4078900630000e+00,  9.0209400000000e-01,               500000
  9.4452788020142e+00,  1.1059440357948e+00,  1.0830836199534e+00,  1.2531674148798e-01,  1.4199936949354e-01,  5.3291532065336e-04,  9.4154970158813e-04, -2.9039124230862e-02,  2.3176396326107e-02, -1.2495364446154e+00, -8.1777175441011e-03, -1.3655774673117e+00,  1.4147725030000e+00,  9.0624600000000e-01,               500000
  9.4391061873980e+00,  1.1077381756255e+00,  1.0843091235171e+00,  1.2304719802181e-01,  1.3724591127780e-01,  5.2391967185401e-04,  2.1826069070440e-03, -2.0924925847036e-02,  5.4501857068134e-02, -8.1191748427425e-01,  1.3619094403190e-02, -1.5260421034389e+00,  1.4960309880000e+00,  9.0420000000000e-01,               500000
  9.4312733684548e+00,  1.1088700837463e+00,  1.0850814214770e+00,  1.2410682728981e-01,  1.4121208848404e-01,  5.3143595754154e-04, -3.7149287310968e-04, -1.3634920105418e-02,  4.8777844095743e-02, -9.7612045566936e-01,  1.5025848375121e-02, -1.5971204132578e+00,  1.4572786470000e+00,  8.9974200000000e-01,               500000
  9.4245519605562e+00,  1.1094496680702e+00,  1.0854020729195e+00,  1.2670443259307e-01,  8.3796490573937e-02,  4.0938121738530e-04, -1.1591195037473e-04, -1.2170093174606e-02,  7.3014873733308e-02, -4.3118160674391e-01, -5.0943023547527e-02, -6.1673229604510e-01,  1.4489090750000e+00,  9.0639800000000e-01,               500000
  9.4185754030315e+00,  1.1092937857416e+00,  1.0870764565483e+00,  1.2599158403092e-01,  1.3302714038965e-01,  5.1580449860320e-04, -4.5342741808877e-04, -1.8248178324344e-02,  4.9673638153305e-02, -9.2827611567017e-01, -8.1883553105394e-03, -1.3983493551616e+00,  1.4336372210000e+00,  9.0426800000000e-01,               500000
  9.4136378248553e+00,  1.1086870019793e+00,  1.0888389707709e+00,  1.2533772574851e-01,  1.4356888761672e-01,  5.3585238194249e-04,  1.6690139098815e-04, -2.1420839528611e-02,  5.9584175964352e-02, -1.1065185726774e+00,  2.4181703512984e-03, -1.6637280835035e+00,  1.3695827830000e+00,  9.0644000000000e-01,               500000
  9.4089879804219e+00,  1.1075731399769e+00,  1.0903957128015e+00,  1.2571412880674e-01,  1.3869882142571e-01,  5.2668552557614e-04,  6.8963912088355e-04, -1.9129758823825e-02,  8.2342863508001e-02, -4.3962574370888e-01,  3.5716881573583e-02, -2.0499361608151e+00,  1.4704583540000e+00,  9.0275400000000e-01,               500000
  9.4040354564302e+00,  1.1057722490202e+00,  1.0908473675271e+00,  1.2430900633984e-01,  1.9264814932719e-01,  6.2072240063847e-04,  2.2505069650867e-03, -2.8453120388836e-02,  1.9243365531937e-02, -1.6860462302397e+00,  4.9998290270173e-02, -2.4516972931651e+00,  1.4099123590000e+00,  9.0318800000000e-01,               500000
  9.3971265234277e+00,  1.1039590020914e+00,  1.0898950120583e+00,  1.2783191970879e-01,  1.3696189767481e-01,  5.2337729731965e-04,  1.2013404901558e-03, -2.9958436250577e-02,  9.6798394317610e-03, -1.1397330424468e+00, -1.5902231865751e-02, -1.0262476141016e+00,  1.3901379840000e+00,  9.0752400000000e-01,               500000
  9.3895639893156e+00,  1.1022241003526e+00,  1.0894929722553e+00,  1.2603166742854e-01,  1.4078817486849e-01,  5.3063768216834e-04, -4.5922418448704e-04, -2.4652991175231e-02,  7.4760813854408e-03, -9.5245721000688e-01,  1.2202146643981e-02, -1.2086953665230e+00,  1.3794013080000e+00,  9.0672600000000e-01,               500000
  9.3832204591953e+00,  1.1005805639612e+00,  1.0887987762425e+00,  1.2804930004748e-01,  1.6863782404992e-01,  5.8075437845946e-04,  1.1832182125643e-03, -3.8129576457840e-02, -1.7985070487043e-02, -1.6359952709759e+00,  1.8252603012776e-03, -1.5556643777075e+00,  1.3987487640000e+00,  9.0709800000000e-01,               500000
  9.3761759044546e+00,  1.0992762132925e+00,  1.0881388531074e+00,  1.2744616656046e-01,  1.6196370493110e-01,  5.6914621132201e-04, -5.3191782140602e-05, -3.5658183404686e-02, -1.3954864642595e-02, -1.3235462100759e+00, -3.4835400472082e-02, -2.0456620569498e+00,  1.4092603370000e+00,  9.0756000000000e-01,               500000
  9.3698636363866e+00,  1.0982393174102e+00,  1.0885749684754e+00,  1.2529308454117e-01,  2.3753882188979e-01,  6.8925876402086e-04, -1.2821702325159e-03, -1.7563608324709e-02, -5.7271883212037e-02, -2.3577689343854e+00,  3.5205866322808e-02, -2.5741733223092e+00,  1.5351177920000e+00,  9.0280200000000e-01,               500000
  9.3655952356388e+00,  1.0978894745099e+00,  1.0879842417080e+00,  1.2623139792097e-01,  1.6097659947207e-01,  5.6740919885400e-04, -1.0623624919648e-04, -3.4688153032104e-02, -3.5800549605676e-02, -1.4049784696130e+00, -1.1359287395660e-02, -1.1205793478714e+00,  1.4143978710000e+00,  9.0468200000000e-01,               500000
  9.3618636049962e+00,  1.0979439700466e+00,  1.0877977154786e+00,  1.2672002323520e-01,  2.0741782662372e-01,  6.4407736588661e-04,  2.1449015805446e-04, -2.7649639561404e-02, -6.1727632771907e-02, -1.7982051448995e+00,  1.6608693529197e-02, -2.2329218588701e+00,  1.3882160630000e+00,  9.0848400000000e-01,               500000
  9.3582493329822e+00,  1.0986362313284e+00,  1.0871710078946e+00,  1.2774331460149e-01,  1.5132525102882e-01,  5.5013680303869e-04, -1.2561796126357e-04, -5.3229711636143e-03, -3.0986606821024e-02, -1.4618010165119e+00, -3.7962869310793e-02, -9.6676314703852e-01,  1.4759093740000e+00,  9.0213400000000e-01,               500000
  9.3551193693044e+00,  1.0995921121630e+00,  1.0877465795716e+00,  1.2413118678231e-01,  2.1673081603232e-01,  6.5837803127432e-04,  7.5729953722300e-04, -4.9579388495305e-02, -2.4731078809052e-02, -1.4081802579501e+00,  6.8657916668373e-02, -2.8505548020195e+00,  1.3868965800000e+00,  9.0273200000000e-01,               500000
  9.3514306832607e+00,  1.1007240070969e+00,  1.0862550802325e+00,  1.2643812026427e-01,  1.3788315656350e-01,  5.2513456668458e-04,  9.7723107651075e-04, -1.4519862686723e-02, -9.8413490361525e-03, -1.2375555760832e+00, -1.8112661066181e-02, -9.4358092250743e-01,  1.5056636900000e+00,  9.0949400000000e-01,               500000
  9.3469524575915e+00,  1.1018601827975e+00,  1.0854632893150e+00,  1.2227168332653e-01,  1.3577364748043e-01,  5.2110200053430e-04,  9.6503129170880e-04, -1.9137650631285e-02,  2.4429021995426e-02, -9.3759184800274e-01,  4.7203021619925e-04, -1.1449887464388e+00,  1.3571917350000e+00,  9.0489000000000e-01,               500000
  9.3417680574941e+00,  1.1026368544902e+00,  1.0847484530082e+00,  1.2591221197574e-01,  1.5937082746709e-01,  5.6457209896893e-04,  4.7357683944048e-04, -3.3025129885866e-02, -2.0673531375021e-02, -1.5674519681341e+00, -7.6641093547749e-03, -1.2316570748627e+00,  1.3798579320000e+00,  9.0548800000000e-01,               500000
  9.3365260189604e+00,  1.1035695767974e+00,  1.0843538143248e+00,  1.2629995013414e-01,  1.5265892400145e-01,  5.5255574198709e-04,  1.7763800778421e-03, -1.7575007664757e-02,  1.1516215479419e-02, -1.2605909020761e+00, -1.7850000714781e-02, -1.5144177494004e+00,  1.4289406450000e+00,  9.0534600000000e-01,               500000
  9.3296702787692e+00,  1.1042982588000e+00,  1.0845696318445e+00,  1.2653861469636e-01,  1.3310288912448e-01,  5.1595133321755e-04,  1.0710904641917e-03, -2.4617812414654e-02,  3.7146203333378e-02, -8.4596887042257e-01, -1.8776593516194e-02, -1.3804720836334e+00,  1.4771029940000e+00,  9.0855400000000e-01,               500000
  9.3221867381768e+00,  1.1045618310498e+00,  1.0853694602556e+00,  1.2585167003658e-01,  1.6182200209393e-01,  5.6889718243972e-04, -1.2426304769407e-03, -1.3708195308795e-02,  2.3768992095691e-02, -7.6720781183310e-01,  1.6557148200595e-02, -2.1556472755340e+00,  1.3862114580000e+00,  9.0017000000000e-01,               500000
  9.3169195298520e+00,  1.1045462008215e+00,  1.0856105127628e+00,  1.2868127602420e-01,  1.6090280043338e-01,  5.6727912077455e-04, -1.2814821433376e-03, -3.4465014323704e-02,  2.6669660812616e-03, -1.3583018817392e+00, -2.7831596790847e-02, -1.7740039102874e+00,  1.4372406820000e+00,  9.0483800000000e-01,               500000
  9.3137297802174e+00,  1.1045102516342e+00,  1.0867325561435e+00,  1.2405765912471e-01,  1.4272707844912e-01,  5.3427910018851e-04,  6.7282632434000e-04, -3.2569091617057e-02,  6.0131709537366e-02, -8.1207494378076e-01,  1.2385965268897e-03, -2.1408207600517e+00,  1.5062428360000e+00,  9.0093400000000e-01,               500000
  9.3100355448472e+00,  1.1038187386067e+00,  1.0877439966739e+00,  1.2522656685763e-01,  1.5585568751485e-01,  5.5831118117918e-04, -1.6623159135795e-04, -1.2294627571025e-02,  2.1016346478809e-02, -7.9037747055163e-01,  2.5269045335121e-02, -1.8026364977764e+00,  1.3861414080000e+00,  9.0354400000000e-01,               500000
  9.3069008301887e+00,  1.1029631189453e+00,  1.0878832095458e+00,  1.2724961169344e-01,  2.2897763914795e-01,  6.7672393063635e-04,  1.6975783242709e-03, -2.5233956447738e-02, -1.7303231288109e-02, -2.1162404594549e+00,  3.2931424121681e-02, -3.2013993722143e+00,  1.5168647530000e+00,  9.0679200000000e-01,               500000
  9.3019744482985e+00,  1.1023932234141e+00,  1.0870037249002e+00,  1.2514027347074e-01,  2.1431918080543e-01,  6.5470478966543e-04,  3.7897942391557e-04, -3.8787240953986e-02, -2.0663237295249e-02, -1.6639416987545e+00,  2.3593376749434e-02, -3.2070332263691e+00,  1.4476051250000e+00,  9.0371600000000e-01,               500000
  9.2970627445149e+00,  1.1021188706287e+00,  1.0854967000951e+00,  1.2835936892577e-01,  2.3835202200782e-01,  6.9043757430751e-04, -9.4112066660971e-04, -3.3748368832228e-02, -9.0040150825795e-02, -3.7028548951958e+00,  6.2152881658372e-03, -1.5528302833412e+00,  1.3850326740000e+00,  9.0248400000000e-01,               500000
  9.2938181668925e+00,  1.1029111657843e+00,  1.0839546748347e+00,  1.2504341272617e-01,  1.3142614574146e-01,  5.1269122430847e-04,  5.8298292621419e-04, -2.2498462465871e-02,  1.8242525227621e-02, -9.5996860269346e-01, -4.0776183785697e-02, -1.1191779929266e+00,  1.5497108890000e+00,  9.0580600000000e-01,               500000
  9.2901569547492e+00,  1.1034263574105e+00,  1.0839106143065e+00,  1.2198615622421e-01,  1.2865729581630e-01,  5.0726185706457e-04, -7.0239105335552e-04, -1.4350990152438e-02,  5.3865896103375e-02, -6.6278234214230e-01, -7.8610319060026e-03, -1.3316932580396e+00,  1.4202286810000e+00,  9.0698400000000e-01,               500000
  9.2877438577320e+00,  1.1032788668437e+00,  1.0841513944891e+00,  1.2359286845007e-01,  1.2861782703450e-01,  5.0718404358675e-04,  6.4021401367591e-04, -2.0837237822030e-02,  2.9591596575662e-02, -8.1059201752311e-01, -1.1603443571294e-02, -1.1739101652639e+00,  1.4704406540000e+00,  9.0262800000000e-01,               500000
  9.2847528652220e+00,  1.1028083968883e+00,  1.0847732573911e+00,  1.2407333181028e-01,  2.1865587566270e-01,  6.6129550983309e-04,  8.7246403495489e-04, -5.6965734192708e-02, -2.2070578977318e-02, -1.9552579698695e+00,  4.2050541914307e-02, -2.6121705893777e+00,  1.4933666020000e+00,  9.0328200000000e-01,               500000
  9.2809586265513e+00,  1.1026500364402e+00,  1.0839787241143e+00,  1.2638857029153e-01,  1.4396232607992e-01,  5.3658610880253e-04,  1.3226473864168e-03, -2.2045327474754e-02, -7.7611211246318e-03, -1.2330467896097e+00, -3.3421641993062e-02, -1.1363709831090e+00,  1.4051812070000e+00,  9.0907600000000e-01,               500000
  9.2758276748489e+00,  1.1026045371770e+00,  1.0843984973575e+00,  1.2408933268793e-01,  1.5841605884237e-01,  5.6287842176153e-04,  1.0242504391878e-04, -2.4611020389479e-02,  1.6022000563535e-02, -1.0852763710504e+00,  3.8734705989724e-03, -1.7325246835155e+00,  1.3989400600000e+00,  9.0436800000000e-01,               500000
  9.2710642881340e+00,  1.1023813358470e+00,  1.0846772092686e+00,  1.2914974196319e-01,  1.8109793788507e-01,  6.0182711451890e-04, -8.7717402420222e-04, -2.8804687770084e-02, -5.9732296072782e-02, -2.1400142128079e+00, -2.4710090280905e-02, -1.4100415451415e+00,  1.4054783170000e+00,  9.0588800000000e-01,               500000
  9.2679202874044e+00,  1.1028983928482e+00,  1.0857914334287e+00,  1.2260695295528e-01,  1.4357580172170e-01,  5.3586528479031e-04,  2.6119055544450e-03, -2.3875734353813e-02,  4.0610643999997e-02, -9.1967371814571e-01, -2.9210942191396e-03, -1.6190475380320e+00,  1.3955168920000e+00,  9.0926200000000e-01,               500000
  9.2616661176252e+00,  1.1028888124391e+00,  1.0869274969924e+00,  1.2556588369948e-01,  2.6333130148200e-01,  7.2571523544983e-04,  1.4312620903957e-03, -5.7499920969125e-02, -3.4418991253895e-02, -1.9562916786967e+00,  4.8086135836736e-02, -4.4935207272757e+00,  1.4531045740000e+00,  9.0614000000000e-01,               500000
  9.2541567842334e+00,  1.1033037422883e+00,  1.0863832168132e+00,  1.2620076897755e-01,  1.6249519994623e-01,  5.7007929263609e-04, -1.0625337250731e-03, -1.6963541449326e-02, -1.8878418131190e-02, -1.9855080339047e+00, -1.4316708880379e-02, -1.1677638414331e+00,  1.4116656630000e+00,  9.0607800000000e-01,               500000
  9.2487838091784e+00,  1.1039185474501e+00,  1.0864045432674e+00,  1.2724506109038e-01,  1.9872760524429e-01,  6.3044048925221e-04, -5.1472181482581e-04, -2.5541944043693e-02, -1.8729842475707e-02, -2.1675812912073e+00,  6.0597727871753e-03, -2.1167751935813e+00,  1.3140514250000e+00,  9.0255800000000e-01,               500000
  9.2446249122311e+00,  1.1047149409629e+00,  1.0862503219391e+00,  1.2626068607188e-01,  1.8146572774574e-01,  6.0243792667086e-04, -7.8420435251247e-04, -1.7428520704857e-02, -1.5286293973799e-02, -1.4629075145431e+00,  1.9857886627690e-02, -1.9165460030747e+00,  1.3951204200000e+00,  9.0751600000000e-01,               500000
  9.2419257882057e+00,  1.1056308222821e+00,  1.0854513171459e+00,  1.2499182084694e-01,  2.0823260439531e-01,  6.4534115690122e-04, -4.6811577603401e-04, -2.6236665672956e-02,  3.2698003553026e-02, -1.1541661750787e+00,  1.7435736436095e-02, -3.6503352142337e+00,  1.4882831230000e+00,  9.0323000000000e-01,               500000
  9.2401326089582e+00,  1.1060664604018e+00,  1.0841804673188e+00,  1.2284977613766e-01,  1.1907715981836e-01,  4.8801057328373e-04,  1.6894950690616e-03, -1.9693762600925e-02,  6.6793784608755e-02, -5.4565168591930e-01, -7.3751822546854e-03, -1.2790367457176e+00,  1.4138281420000e+00,  9.0512800000000e-01,               500000
  9.2362342824865e+00,  1.1056417225978e+00,  1.0833130838374e+00,  1.2269612203471e-01,  2.5638257104224e-01,  7.1607621248333e-04,  6.3776859001128e-04, -3.8633442001212e-02,  3.3529485576586e-02, -1.3216457753389e+00,  5.4008971468083e-02, -6.6108020867065e+00,  1.3918983140000e+00,  9.0339000000000e-01,               500000
  9.2318638206653e+00,  1.1048504627725e+00,  1.0807310518811e+00,  1.2505846263489e-01,  1.2058490700845e-01,  4.9109043364426e-04,  1.4561327325576e-03, -2.4423578297253e-02,  3.2645642021557e-02, -9.0060986827422e-01, -3.2840047731570e-02, -9.4265665832638e-01,  1.3835311980000e+00,  9.0730800000000e-01,               500000
  9.2259347624757e+00,  1.1037337079880e+00,  1.0795822895540e+00,  1.2716900188150e-01,  1.2173008667479e-01,  4.9341683529202e-04,  3.8678554881451e-04, -1.8636174241824e-02,  9.5432223009302e-03, -1.0093654647397e+00, -6.3484021252222e-02, -8.4609620281462e-01,  1.4010692980000e+00,  9.1088800000000e-01,               500000
  9.2200501514321e+00,  1.1026100442065e+00,  1.0808312395394e+00,  1.2761501213962e-01,  1.7587186760701e-01,  5.9307987254164e-04,  2.6312055970335e-04, -2.3334354809248e-02, -4.2935418849687e-02, -2.1940547026751e+00, -3.2056631154584e-02, -1.2584488512071e+00,  1.3944688990000e+00,  8.9883400000000e-01,               500000
  9.2143775083426e+00,  1.1021473415925e+00,  1.0831368389454e+00,  1.2550487246619e-01,  1.4889778074513e-01,  5.4570647924526e-04,  1.3535930168138e-04, -1.5769777742475e-02, -1.2225415535010e-02, -1.2503303311329e+00, -2.4360791348313e-02, -1.2228125056091e+00,  1.4856910430000e+00,  9.0375400000000e-01,               500000
  9.2090674998604e+00,  1.1018912260013e+00,  1.0861255745815e+00,  1.2167228007713e-01,  2.4053695415740e-01,  6.9359491658663e-04,  3.4889091266825e-04, -5.8352427876522e-02, -1.2527817352706e-02, -2.0466921930588e+00,  7.4394477921540e-02, -3.5695992177913e+00,  1.4036335730000e+00,  9.0611800000000e-01,               500000
  9.2038161586334e+00,  1.1018318096020e+00,  1.0861901785157e+00,  1.2315012018077e-01,  1.4647336664469e-01,  5.4124553881707e-04, -2.5251641264467e-04, -3.5060907786922e-02,  8.4632332387802e-03, -1.8642281160683e+00, -3.1084759438618e-02, -9.1205401514884e-01,  1.4074304220000e+00,  9.0438400000000e-01,               500000
  9.1994450663525e+00,  1.1016817934361e+00,  1.0873991408061e+00,  1.2161113828631e-01,  1.9284242839280e-01,  6.2103531041770e-04,  2.1935754444646e-03, -4.6420119476462e-02,  1.8102271153124e-02, -1.0461960117175e+00,  5.2110124658125e-02, -2.6176221862146e+00,  1.4386047990000e+00,  9.0855000000000e-01,               500000
  9.1924364318329e+00,  1.1013202217357e+00,  1.0866306778737e+00,  1.2848134225512e-01,  1.8187241240897e-01,  6.0311261371151e-04, -1.6107372330378e-03, -3.6400566375762e-02, -4.6910457599614e-02, -1.9488066215473e+00, -1.2902891360128e-02, -1.4359861835211e+00,  1.4098615770000e+00,  9.0879400000000e-01,               500000
  9.1884104713050e+00,  1.1016115009637e+00,  1.0864371597598e+00,  1.2328471733666e-01,  1.4800866688955e-01,  5.4407475017603e-04,  1.4899275020991e-03, -3.1238291635829e-02,  2.0637149277542e-02, -1.3083386586913e+00, -1.7910077552645e-02, -1.3960692363098e+00,  1.4140485100000e+00,  9.0579400000000e-01,               500000
  9.1826747819047e+00,  1.1016156309389e+00,  1.0869508351911e+00,  1.2500339471115e-01,  1.2561240137058e-01,  5.0122330626296e-04, -6.0072959284857e-05, -2.1628632972175e-02,  1.4488029888684e-02, -1.0484177307971e+00, -4.2962420097337e-02, -8.3056993282785e-01,  1.4471271240000e+00,  9.0335600000000e-01,               500000
  9.1775879438485e+00,  1.1014372199062e+00,  1.0890279716269e+00,  1.2154506063239e-01,  2.2069206219635e-01,  6.6436746187084e-04, -1.7054584963272e-04, -3.9216397486324e-03,  1.3616464783642e-02, -9.6301330405477e-01,  8.9883841692928e-02, -3.4683724713543e+00,  1.4705321910000e+00,  9.0639200000000e-01,               500000
  9.1732347817857e+00,  1.1011036559111e+00,  1.0876160802630e+00,  1.2470777198638e-01,  1.8207253548111e-01,  6.0344433957261e-04,  1.0832083816205e-04, -3.0636751355975e-02, -1.4141073752127e-02, -1.0892491416941e+00,  3.2464382308726e-02, -2.1988387976931e+00,  1.4383495510000e+00,  9.0871400000000e-01,               500000
  9.1691632328430e+00,  1.1009954356206e+00,  1.0851645084033e+00,  1.2799275678835e-01,  1.6654631819290e-01,  5.7714178187495e-04, -2.5162201220075e-04, -2.1038444476233e-02, -2.1131807629146e-02, -1.1688222820687e+00, -2.9008310443540e-02, -1.8216149717045e+00,  1.4987798050000e+00,  9.0789200000000e-01,               500000
  9.1658612746829e+00,  1.1011850586222e+00,  1.0840737794770e+00,  1.2402322840184e-01,  1.5793955990214e-01,  5.6203124450895e-04,  1.0046321895501e-03, -1.6812247647583e-02, -2.1431115529676e-02, -1.3027313557850e+00, -5.9272942041683e-03, -1.2026865587800e+00,  1.3890509230000e+00,  9.0419600000000e-01,               500000
  9.1614243435141e+00,  1.1016503155573e+00,  1.0833342460032e+00,  1.2845596243973e-01,  1.6562713433787e-01,  5.7554693003763e-04, -5.9073613811604e-04, -1.3575909867537e-03, -3.3704157368278e-02, -1.9789618466074e+00, -5.1339171612843e-02, -1.0068504666494e+00,  1.3540095970000e+00,  9.0592200000000e-01,               500000
  9.1582783600618e+00,  1.1025347992595e+00,  1.0846344995247e+00,  1.2132388941644e-01,  1.8827614661815e-01,  6.1363856889565e-04,  7.9243599209091e-04, -2.3880489446011e-02,  4.3001699742675e-02, -9.3335465031533e-01,  4.3498682253507e-02, -2.8786630426645e+00,  1.4797686560000e+00,  9.0437200000000e-01,               500000
  9.1542861100849e+00,  1.1027633482551e+00,  1.0842058277409e+00,  1.2423687194796e-01,  2.0773175464412e-01,  6.4456458891894e-04, -4.7305420142280e-04, -3.7776823564326e-02, -2.2615104550030e-02, -1.6385442164420e+00,  2.3659117866216e-02, -2.7190234717772e+00,  1.4026885980000e+00,  8.9925800000000e-01,               500000
  9.1514033327455e+00,  1.1032862303670e+00,  1.0829639292120e+00,  1.2600407013270e-01,  1.5292935599960e-01,  5.5304494573154e-04,  9.9766970098553e-04, -2.3389825107233e-02, -4.6172532341348e-05, -1.2369765492091e+00, -1.4549781262712e-02, -1.3048281877785e+00,  1.4347272720000e+00,  9.0569200000000e-01,               500000
  9.1473343899098e+00,  1.1037680514976e+00,  1.0824261416327e+00,  1.2621367821257e-01,  1.3845884621928e-01,  5.2622969551191e-04, -2.6644203815861e-04, -1.9388041218449e-02,  2.6398819202676e-02, -1.1543163754827e+00, -4.3423624011278e-02, -1.2273702802251e+00,  1.4167457950000e+00,  9.0218000000000e-01,               500000
  9.1440670638964e+00,  1.1038520098261e+00,  1.0836420741966e+00,  1.2650933138055e-01,  1.5455088431457e-01,  5.5596921554088e-04,  7.9609553297635e-04, -1.3601742591203e-02, -1.7965917872672e-02, -2.2177095248468e+00, -3.0794888030853e-02, -8.3938410104010e-01,  1.4111884650000e+00,  9.0287600000000e-01,               500000
  9.1399316502429e+00,  1.1041889234879e+00,  1.0859528170680e+00,  1.2390430498268e-01,  1.9395669744673e-01,  6.2282693815654e-04, -2.9238345198909e-04, -3.2163409304790e-02,  1.8280277050628e-03, -1.0717154514770e+00,  5.3052643211149e-02, -2.7243175717761e+00,  1.3856071260000e+00,  9.0015200000000e-01,               500000
  9.1366568536403e+00,  1.1044757766305e+00,  1.0860263387164e+00,  1.2450058030792e-01,  3.0398261327193e-01,  7.7972124925762e-04,  2.2296558987035e-03, -1.6532268891216e-01,  1.2667233669231e-02, -1.7819414742413e+00,  1.2177743175728e-01, -6.7019731414628e+00,  1.3841577910000e+00,  9.0278600000000e-01,               500000
  9.1304634397179e+00,  1.1045725066821e+00,  1.0814748921845e+00,  1.2335491831037e-01,  1.4102961832954e-01,  5.3109249350663e-04,  2.8542170345823e-04, -2.7214236385095e-02,  6.6975073533197e-03, -1.3562162910770e+00, -4.9222060455924e-02, -1.1193592340784e+00,  1.4311176140000e+00,  9.0549800000000e-01,               500000
  9.1244525261909e+00,  1.1045764624426e+00,  1.0793114049811e+00,  1.2582963337576e-01,  1.2363574581678e-01,  4.9726400597022e-04, -6.3667229269575e-04, -1.8387545228739e-02,  2.6002891092657e-02, -8.4845797733845e-01, -4.2763870663591e-02, -1.0596982452531e+00,  1.4854753340000e+00,  9.0559200000000e-01,               500000
  9.1200021273598e+00,  1.1042236556963e+00,  1.0790578386418e+00,  1.2265913967238e-01,  2.0471416540668e-01,  6.3986586939245e-04,  7.9140322187560e-04, -4.1936807640836e-02, -3.4776236179146e-02, -1.8224090389190e+00,  1.7979345332418e-02, -2.2318808569805e+00,  1.4184650230000e+00,  9.0687400000000e-01,               500000
  9.1148027192100e+00,  1.1044041476813e+00,  1.0781630618466e+00,  1.2423169710640e-01,  2.0827586991583e-01,  6.4540819628484e-04, -1.7912685618599e-03, -6.1363931094467e-03, -5.6168009023636e-03, -1.6538584460672e+00, -1.8587052737724e-02, -3.3089185235486e+00,  1.4195658900000e+00,  9.0417000000000e-01,               500000
  9.1128590101887e+00,  1.1046578798818e+00,  1.0781566331170e+00,  1.2484630896327e-01,  1.1262058504027e-01,  4.7459579652642e-04, -4.9644143247225e-05, -2.2860881738994e-02,  3.6840927417017e-02, -7.7898987766028e-01, -7.2573612687328e-02, -8.4335788851890e-01,  1.4188349880000e+00,  9.0535800000000e-01,               500000
  9.1111960318228e+00,  1.1043726492958e+00,  1.0810526296632e+00,  1.2217683885652e-01,  2.7034069059495e-01,  7.3531039785243e-04,  5.9442015499254e-04, -3.8569728448387e-02,  1.0370030963775e-02, -1.6801461322984e+00,  8.5777487994411e-02, -5.3350087962181e+00,  1.3527208120000e+00,  9.0625800000000e-01,               500000
  9.1088039583776e+00,  1.1039797097418e+00,  1.0803534327291e+00,  1.1970996517990e-01,  1.4707511154442e-01,  5.4235617733077e-04,  9.8312695618370e-04, -1.6688820949697e-02,  3.6675600441860e-02, -9.2696284363672e-01, -1.1038291051586e-04, -1.6620421167712e+00,  1.4876858650000e+00,  9.0494000000000e-01,               500000
  9.1051298476295e+00,  1.1031089433677e+00,  1.0797591186339e+00,  1.2368720468260e-01,  1.4539981204713e-01,  5.3925840196910e-04,  1.1325570448596e-03, -3.4932968107356e-02,  1.6431050943614e-02, -1.0708791335642e+00, -3.0491999359891e-02, -1.5595326781564e+00,  1.5083193340000e+00,  9.0111200000000e-01,               500000
  9.1000736264263e+00,  1.1020946072659e+00,  1.0804786735676e+00,  1.2555517849833e-01,  1.4698026700534e-01,  5.4218127412397e-04,  4.5519123565315e-04, -2.5321168415819e-02,  3.6819625534082e-03, -1.2502972301676e+00, -4.1904677695132e-02, -1.2458934010018e+00,  1.3886300340000e+00,  9.0285200000000e-01,               500000
  9.0948118242696e+00,  1.1011339303312e+00,  1.0828439810166e+00,  1.2826282522615e-01,  3.0805782860071e-01,  7.8493035181564e-04, -1.8287593025949e-03, -9.9106485818550e-02, -1.4650957283732e-01, -6.6371087589372e+00, -1.7118314827600e-02, -1.7297702955350e+00,  1.3560860510000e+00,  9.0707200000000e-01,               500000
  9.0930094539033e+00,  1.1024253017016e+00,  1.0857098597654e+00,  1.2218816870224e-01,  2.4503065726584e-01,  7.0004379472408e-04,  9.0265169571611e-04, -5.3129320111021e-02, -2.5087888955140e-02, -1.8849712421596e+00,  8.4196978338323e-02, -3.3425907352688e+00,  1.4379262710000e+00,  9.0688400000000e-01,               500000
  9.0900015136549e+00,  1.1039690186937e+00,  1.0849451166037e+00,  1.2671591275130e-01,  1.3392243705257e-01,  5.1753731663053e-04, -1.1633124580559e-03, -1.8591639478637e-02,  2.4186440044109e-02, -7.4119475418986e-01, -1.3103273045438e-02, -1.3376912146685e+00,  1.3748704430000e+00,  9.0520400000000e-01,               500000
  9.0891377328905e+00,  1.1050180816178e+00,  1.0848153732545e+00,  1.2495062006508e-01,  1.7615311595522e-01,  5.9355389975169e-04, -5.3906286075113e-04, -3.7038361662631e-02,  3.0822269988127e-02, -8.9195335040163e-01,  2.0314941170126e-02, -2.4448544023523e+00,  1.3840214460000e+00,  9.0833600000000e-01,               500000
  9.0892418909594e+00,  1.1055229497382e+00,  1.0839167947818e+00,  1.2248937818491e-01,  1.6933234434408e-01,  5.8194904303398e-04, -2.4151579342069e-04, -2.5699576335324e-02,  3.2485203600952e-02, -8.6233307063504e-01,  4.4457168701344e-02, -2.3390042321419e+00,  1.3149494910000e+00,  9.0420000000000e-01,               500000
  9.0897412364243e+00,  1.1055096485291e+00,  1.0813273422966e+00,  1.2497678182079e-01,  1.3354842315255e-01,  5.1681413129393e-04, -5.4192869443620e-04, -3.0215223808886e-02, -1.2098439631840e-03, -9.9875607793588e-01, -1.2185043221859e-02, -1.1418203519245e+00,  1.4191148440000e+00,  9.1244600000000e-01,               500000
  9.0910833076754e+00,  1.1055227672174e+00,  1.0795134613750e+00,  1.2641526885096e-01,  1.5523672978466e-01,  5.5720145330869e-04,  1.0126749351345e-04, -1.7308325842122e-02, -2.8068764146667e-03, -1.1744942063347e+00, -2.6213364591354e-02, -1.5589513540432e+00,  1.3913069900000e+00,  9.0845400000000e-01,               500000
  9.0921473262212e+00,  1.1055847424237e+00,  1.0789920381772e+00,  1.2360522099694e-01,  1.5954062276115e-01,  5.6487276932270e-04,  3.3360516018902e-04, -2.8978018157647e-02,  2.2682405284327e-02, -9.0562905033565e-01,  5.5900889650892e-03, -2.0307809015954e+00,  1.3797203220000e+00,  9.1094600000000e-01,               500000
  9.0925942745677e+00,  1.1053111700499e+00,  1.0783307571979e+00,  1.2099783922945e-01,  7.1976427348044e-01,  1.1998035451527e-03,  2.8269520478941e-04,  1.0558659133368e-01,  6.2288715977050e-02, -1.0749989249146e-02,  1.2301785974782e-01, -4.3012023844433e+01,  1.3585426870000e+00,  9.1055200000000e-01,               500000
  9.0924551210825e+00,  1.1041370545193e+00,  1.0735113408157e+00,  1.2737127657835e-01,  1.7724716423100e-01,  5.9539426304089e-04, -1.5655417020699e-03, -4.6360167174571e-02, -5.8772959908617e-02, -3.1154876117059e+00, -8.9652830644325e-02, -7.4325160488450e-01,  1.5140039070000e+00,  9.0017800000000e-01,               500000
  9.0949083377004e+00,  1.1039776360482e+00,  1.0729184729203e+00,  1.2603777099573e-01,  1.0429659074383e-01,  4.5672002527552e-04, -9.5236350008514e-04, -1.8493803198735e-02,  2.9478139321264e-02, -8.2743727303518e-01, -1.0012837822075e-01, -6.7515516214573e-01,  1.3807411230000e+00,  8.9988000000000e-01,               500000
  9.0986904699012e+00,  1.1033976921440e+00,  1.0765764539418e+00,  1.2526626743547e-01,  1.7590053384636e-01,  5.9312820510638e-04,  1.2393075605082e-03, -3.3727631994345e-02, -1.0128781636267e-02, -1.6114836827780e+00, -3.2920572376515e-02, -2.1187009247941e+00,  1.4292204150000e+00,  9.0318000000000e-01,               500000
  9.1001077171781e+00,  1.1030383441943e+00,  1.0813034145360e+00,  1.2358935441494e-01,  1.4191976802794e-01,  5.3276592989406e-04,  5.2926780694024e-04, -1.9615752394903e-02,  2.5209335073886e-02, -1.0124443986109e+00, -4.9545633477721e-02, -1.6207293301443e+00,  1.4381873490000e+00,  9.0223600000000e-01,               500000
  9.1005358948217e+00,  1.1023403120159e+00,  1.0876866786418e+00,  1.2479842713829e-01,  1.7031619121064e-01,  5.8363720102584e-04,  5.6557741841272e-04, -2.7108480780836e-02,  2.0216352543184e-02, -1.1050743741872e+00,  2.7366662907343e-02, -2.1949329424981e+00,  1.4763087880000e+00,  9.0452200000000e-01,               500000
  9.1000137588889e+00,  1.1014113278693e+00,  1.0923450249184e+00,  1.2673990368920e-01,  1.3212814458442e-01,  5.1405864370599e-04,  2.1276071432548e-04, -2.7673605116686e-02,  2.0132138651485e-02, -1.2104802784376e+00, -3.8316482115738e-02, -9.5328183249433e-01,  1.4555314160000e+00,  9.0352000000000e-01,               500000
  9.0992132651945e+00,  1.1002746603046e+00,  1.0981930860470e+00,  1.2615012374973e-01,  2.0897002330282e-01,  6.4648282777320e-04,  6.4570799357483e-04, -1.9046103133797e-02, -1.8212396546067e-02, -1.0885134535266e+00,  7.6162881686695e-02, -2.6409425370616e+00,  1.4988773400000e+00,  8.9943400000000e-01,               500000
  9.0974349006948e+00,  1.0995345358799e+00,  1.1002946851334e+00,  1.2505296589352e-01,  2.4339230632747e-01,  6.9769951458700e-04,  6.4195795626897e-04, -4.9754984349865e-02, -1.2653884798009e-02, -1.1803253040108e+00,  1.1031912348995e-01, -3.4696789268627e+00,  1.3206984500000e+00,  9.0653400000000e-01,               500000
  9.0948012758577e+00,  1.0990691501500e+00,  1.0975801974746e+00,  1.2618758955762e-01,  2.3702748397452e-01,  6.8851649794979e-04, -4.4856388489837e-04, -6.1403473290891e-02, -6.5927056693341e-02, -1.9524291636555e+00,  6.1313547189651e-02, -2.2601352168637e+00,  1.3787195760000e+00,  9.0181400000000e-01,               500000
  9.0932231523337e+00,  1.0996791386939e+00,  1.0925698780571e+00,  1.2941074434056e-01,  1.4943303560031e-01,  5.4668644687849e-04, -1.5172355150217e-03, -2.1751243343019e-02, -2.5656367653768e-02, -1.1553244392309e+00, -1.1540835622924e-02, -1.0140270892733e+00,  1.3994056570000e+00,  9.0236600000000e-01,               500000
  9.0943592401476e+00,  1.1006356685625e+00,  1.0885584461890e+00,  1.2516394405500e-01,  2.0302392467248e-01,  6.3721883944604e-04, -6.5228259152380e-04, -2.6952508815759e-02, -5.0886249593788e-02, -1.7572183884707e+00,  3.7470416775539e-02, -2.0133105745414e+00,  1.4223338610000e+00,  9.0987800000000e-01,               500000
  9.0965046907294e+00,  1.1023026815681e+00,  1.0833738283076e+00,  1.2207081518393e-01,  1.7178583171812e-01,  5.8614986431478e-04, -1.2686553807815e-03,  1.9177940720207e-02,  1.8081697374074e-02, -9.6004807408938e-01,  1.2117848739739e-02, -2.3226516142461e+00,  1.4455792080000e+00,  9.0495200000000e-01,               500000
  9.1005647364260e+00,  1.1035344345566e+00,  1.0782195337166e+00,  1.2591318814565e-01,  1.1797644023210e-01,  4.8574981262395e-04, -2.7208228338712e-04, -1.7781241638027e-02,  3.5998163068695e-02, -9.1108992254723e-01, -6.2169634873078e-02, -8.7288159239055e-01,  1.4409038400000e+00,  9.0820200000000e-01,               500000
  9.1047075590714e+00,  1.1040916183178e+00,  1.0762677314199e+00,  1.2773931717869e-01,  1.6037292650747e-01,  5.6634428841028e-04, -8.1136895885231e-04, -1.4284784145874e-02, -2.2469719010289e-02, -1.7162598648338e+00, -7.0094410010117e-02, -1.4496862001133e+00,  1.4606193050000e+00,  9.0324600000000e-01,               500000
  9.1098385841852e+00,  1.1049607342475e+00,  1.0775672178545e+00,  1.2322685614609e-01,  1.8921024532222e-01,  6.1515891495161e-04, -7.8149277089603e-05, -1.8234651031960e-02,  2.7657246009352e-02, -1.3216580328944e+00, -9.3629417431323e-03, -2.9566682716318e+00,  1.4015236040000e+00,  9.0261000000000e-01,               500000
  9.1146218805176e+00,  1.1053208511901e+00,  1.0792110636777e+00,  1.2572820484843e-01,  2.7121823440367e-01,  7.3650286408631e-04, -1.0636237415492e-04, -5.6366928959094e-02,  8.0867119315026e-03, -1.5035344595264e+00, -6.3239441619691e-04, -7.4142626999055e+00,  1.4256978150000e+00,  9.0826800000000e-01,               500000
  9.1191723775215e+00,  1.1055302615553e+00,  1.0808846763218e+00,  1.2441190187681e-01,  2.3600182031262e-01,  6.8702521105505e-04,  1.2029862431600e-04,  1.0926257853167e-01, -1.1035165378371e-02, -3.7988764533518e+00,  8.8589564987150e-03, -2.6212964642271e+00,  1.4067038590000e+00,  9.0261200000000e-01,               500000
  9.1229820995243e+00,  1.1059244314084e+00,  1.0820666056066e+00,  1.2580865902290e-01,  1.1630423460918e-01,  4.8229500227388e-04, -1.5825532495429e-03, -2.6049435628509e-02,  3.7632763902902e-02, -8.0123964673256e-01, -3.0116918224160e-02, -1.0208790599226e+00,  1.3228005110000e+00,  9.0446400000000e-01,               500000
  9.1291649049053e+00,  1.1056881848070e+00,  1.0844758575089e+00,  1.2346620837987e-01,  1.7861973805606e-01,  5.9769513643004e-04, -6.9407445858585e-04, -1.5435597702100e-02,  4.1218911979377e-02, -1.0898134891142e+00,  9.2619184468967e-03, -2.9386640604486e+00,  1.4542465060000e+00,  9.0805800000000e-01,               500000
  9.1359594701291e+00,  1.1048256012979e+00,  1.0863091317823e+00,  1.2648503289445e-01,  1.4951667921180e-01,  5.4683942654457e-04, -5.6231690706608e-04, -7.5224061475686e-03,  5.7189462880657e-02, -8.2372266738182e-01, -1.8632535320546e-02, -2.2524264306115e+00,  1.4290293310000e+00,  9.0217400000000e-01,               500000
  9.1430757408628e+00,  1.1031373169933e+00,  1.0888364396771e+00,  1.2469445115223e-01,  1.4313015322083e-01,  5.3503299565697e-04, -4.1528107891431e-04, -2.1813575791480e-02,  1.0528929079498e-02, -1.0525063476684e+00,  2.4006215854127e-03, -1.2075378962652e+00,  1.3484173800000e+00,  9.0877400000000e-01,               500000
  9.1502429465091e+00,  1.1014518254024e+00,  1.0910393724827e+00,  1.2548018269601e-01,  2.3760405195807e-01,  6.8935339552086e-04, -1.7995932515145e-03, -2.2335552347297e-02, -5.0667875093252e-02, -1.7557561694094e+00,  7.0446986440722e-02, -2.8981033843278e+00,  1.4030339100000e+00,  9.0440000000000e-01,               500000
  9.1598607828024e+00,  1.1007609772452e+00,  1.0899648937661e+00,  1.2026474791810e-01,  2.6417764345888e-01,  7.2688051763530e-04,  8.7890941139739e-04, -4.3295491454035e-02, -1.2929321513287e-02, -2.0656570584817e+00,  8.1157965193802e-02, -4.0771222856325e+00,  1.4166605240000e+00,  9.1070800000000e-01,               500000
  9.1670461045489e+00,  1.1003629982821e+00,  1.0854795880547e+00,  1.2906272992506e-01,  2.9407170194021e-01,  7.6690508140213e-04, -3.8989914281864e-04, -4.5118587368984e-02, -1.3637061067295e-01, -6.4845032671321e+00,  3.3929618379456e-03, -1.6779274694651e+00,  1.3532593140000e+00,  9.0405000000000e-01,               500000
  9.1742575939040e+00,  1.1022690130160e+00,  1.0813151214463e+00,  1.2469472705203e-01,  2.2260681804625e-01,  6.6724331101368e-04, -5.4905800368859e-04, -6.4574215981411e-02, -8.6648179017946e-03, -1.2534740271091e+00,  2.6529561936561e-02, -4.0498491336793e+00,  1.3648891190000e+00,  9.0363600000000e-01,               500000
  9.1817915126758e+00,  1.1041415126346e+00,  1.0764585756217e+00,  1.2399740712983e-01,  1.4102912173015e-01,  5.3109155845325e-04, -1.0107227970746e-04, -2.8558393173672e-02,  2.1855488709345e-02, -1.0923346585575e+00, -3.5118111974981e-02, -1.3690710519928e+00,  1.4222764100000e+00,  9.0484800000000e-01,               500000
  9.1887984649206e+00,  1.1054843513897e+00,  1.0736812032453e+00,  1.2426902901564e-01,  1.3964437590722e-01,  5.2847776851485e-04, -1.2486166034909e-03, -2.9991034444423e-02,  1.7702162426246e-02, -1.2120326603869e+00, -7.3379416396043e-02, -1.5466320256288e+00,  1.6461387390000e+00,  9.0713800000000e-01,               500000
  9.1973575555337e+00,  1.1064167615877e+00,  1.0745109594384e+00,  1.2575986767898e-01,  2.0159967675837e-01,  6.3497980559759e-04,  1.0761265811302e-03, -3.0061496068081e-02, -1.4394302084882e-02, -4.0709029899443e+00, -6.9931422242732e-02, -1.7714156001147e+00,  1.4028969930000e+00,  9.0242200000000e-01,               500000
  9.2031998923901e+00,  1.1075288907451e+00,  1.0784496091262e+00,  1.2526957982819e-01,  1.4469175280472e-01,  5.3794377550951e-04, -7.2956525037311e-04, -7.0572406088397e-03,  2.6740126496202e-02, -1.3897775581155e+00, -3.7648996878811e-02, -1.4124061461671e+00,  1.3873274490000e+00,  9.0308400000000e-01,               500000
  9.2097791765393e+00,  1.1081034145289e+00,  1.0837377459563e+00,  1.2135667325648e-01,  1.6195303071862e-01,  5.6912745623212e-04,  6.4530114595578e-04, -1.9949840159833e-02,  7.8615198213919e-02, -5.6845524462686e-01,  4.6351621176281e-02, -2.6012582980406e+00,  1.4723882190000e+00,  9.0537200000000e-01,               500000
  9.2145846550939e+00,  1.1073258019958e+00,  1.0864690384387e+00,  1.2675077215661e-01,  1.8588156729536e-01,  6.0972381829047e-04, -1.3359297550005e-03,  1.3370782277764e-02,  4.5137004753933e-02, -9.6842377975363e-01,  1.2687177047945e-02, -3.5985498880570e+00,  1.3982546250000e+00,  9.0957600000000e-01,               500000
  9.2213000739957e+00,  1.1058823838033e+00,  1.0884402909008e+00,  1.2392455815724e-01,  1.6121683236228e-01,  5.6783242662300e-04,  1.5438071647801e-03, -3.8057513603493e-02,  4.6380338719290e-02, -1.0153040915186e+00,  3.3164525624936e-02, -1.9281513000853e+00,  1.5494629770000e+00,  9.0162200000000e-01,               500000
  9.2246220096349e+00,  1.1038151636039e+00,  1.0887516916940e+00,  1.2778186757584e-01,  1.8617485498208e-01,  6.1020464597065e-04, -7.8727549755339e-04, -2.1494318247959e-02,  2.0851088954547e-03, -1.6993860807068e+00,  8.2920101052011e-03, -2.2872666138570e+00,  1.4930222980000e+00,  9.0481200000000e-01,               500000
  9.2290567492832e+00,  1.1019279812222e+00,  1.0887059097961e+00,  1.2546648088852e-01,  1.6350888676329e-01,  5.7185467867859e-04, -1.8332838293925e-04, -3.0868291049814e-02, -1.9320314897801e-02, -1.4248343936442e+00, -4.8675686194139e-03, -1.3270459292147e+00,  1.4734442810000e+00,  8.9940200000000e-01,               500000
  9.2334196733431e+00,  1.1005598571559e+00,  1.0889183665834e+00,  1.2429229214234e-01,  1.6454359873037e-01,  5.7366122185549e-04,  1.2315253327644e-03, -3.6047449865764e-02,  8.1227959361023e-03, -1.1187917669929e+00,  2.5879582986471e-02, -1.6850747875470e+00,  1.4563671300000e+00,  9.0193600000000e-01,               500000
  9.2351600226389e+00,  1.0991974034984e+00,  1.0879578440629e+00,  1.2778587012688e-01,  2.9577704190031e-01,  7.6912553188710e-04, -1.3638492528620e-03, -4.4695862477041e-02, -1.4293361758859e-01, -5.1043839719292e+00,  1.2191558757291e-02, -2.0822819135547e+00,  1.4704381600000e+00,  9.0471000000000e-01,               500000
  9.2392451141099e+00,  1.1004207081107e+00,  1.0865758275079e+00,  1.2459267727217e-01,  1.8396679050249e-01,  6.0657528881828e-04,  9.7517579690354e-04, -2.3557962691176e-02, -8.9950736124759e-03, -1.4569045209786e+00,  2.4007403271261e-02, -2.0417207960566e+00,  1.4232238460000e+00,  9.0281800000000e-01,               500000
  9.2411791405191e+00,  1.1016896092429e+00,  1.0842637327349e+00,  1.2533300142266e-01,  2.2457656017627e-01,  6.7018886916490e-04,  6.0922584108067e-06, -1.7021533256254e-02, -4.0127327542538e-02, -2.4129450969333e+00,  3.9139009607838e-02, -2.3256699385227e+00,  1.5927784780000e+00,  9.0530000000000e-01,               500000
  9.2429296802742e+00,  1.1035363106952e+00,  1.0804135431905e+00,  1.2222034464774e-01,  1.3082155068781e-01,  5.1151060729532e-04,  1.4320791439202e-03, -1.7392383610652e-02,  3.4160088682972e-02, -8.6487821986506e-01, -3.3195349350067e-02, -1.2909855085740e+00,  1.4278883840000e+00,  9.0291400000000e-01,               500000
  9.2419049318649e+00,  1.1046295964599e+00,  1.0785145160360e+00,  1.2541212014978e-01,  2.0782081489887e-01,  6.4470274530030e-04,  4.5089021177152e-04, -5.6425039795393e-02,  7.0312730184397e-03, -1.2725043769926e+00,  2.4343146083023e-02, -3.4344701227014e+00,  1.3887747850000e+00,  9.0815200000000e-01,               500000
  9.2402042632931e+00,  1.1055074731454e+00,  1.0757434543691e+00,  1.2799813631727e-01,  1.5697352658638e-01,  5.6030978322063e-04, -1.7207432763876e-03, -2.7336575481163e-02, -3.9622048917769e-02, -2.0114090646462e+00, -7.0990129600751e-02, -1.0611667703437e+00,  1.3484693540000e+00,  9.0647800000000e-01,               500000
  9.2418592197646e+00,  1.1069955630351e+00,  1.0765916041788e+00,  1.2167017203513e-01,  1.2519314826639e-01,  5.0038614742295e-04,  5.8443682573629e-04, -1.1781619366831e-02,  6.1813103918766e-02, -6.0489762132600e-01, -2.5257438150411e-02, -1.6300926331137e+00,  1.4073243620000e+00,  9.0302000000000e-01,               500000
  9.2422863921677e+00,  1.1072825625611e+00,  1.0785806192918e+00,  1.2205204553747e-01,  2.4313649784412e-01,  6.9733277256145e-04,  4.6453589767573e-04, -7.0160922711826e-02,  4.7002266432512e-02, -8.7220230811664e-01,  8.4570806644776e-02, -5.8519730646337e+00,  1.3493968180000e+00,  9.0685000000000e-01,               500000
  9.2418778200715e+00,  1.1067396183808e+00,  1.0765369381282e+00,  1.2606846977765e-01,  1.2283115470174e-01,  4.9564332881971e-04,  4.2509849040228e-04, -1.4341555462928e-02,  2.8171773700415e-02, -1.1477773520577e+00, -7.3919321365436e-02, -1.0027072972692e+00,  1.3497393860000e+00,  9.0397800000000e-01,               500000
  9.2407338317334e+00,  1.1057727183489e+00,  1.0781968527885e+00,  1.2424934101697e-01,  1.2436716630170e-01,  4.9873272662159e-04,  1.0481147369864e-03, -1.6383453421449e-02,  3.8871771752130e-02, -1.2008771464172e+00, -5.4534470584294e-02, -9.2432772310418e-01,  1.4984262340000e+00,  9.0153400000000e-01,               500000
  9.2377677192208e+00,  1.1042367670801e+00,  1.0822879130661e+00,  1.2282135323334e-01,  1.6669076618754e-01,  5.7739200927539e-04,  5.8754401636093e-05, -8.8989160095707e-03,  2.0362304595648e-02, -9.0796144839502e-01,  2.3083213708196e-02, -2.1970336428502e+00,  1.3744396450000e+00,  9.0141400000000e-01,               500000
  9.2349888342544e+00,  1.1025042423943e+00,  1.0849406767546e+00,  1.2454057890026e-01,  2.0383548629220e-01,  6.3849116875991e-04,  6.1094747103955e-05, -3.2951747814103e-02, -1.6198024400986e-02, -1.5891559588819e+00,  4.1179767561562e-02, -2.4535003603063e+00,  1.4181411870000e+00,  9.0242200000000e-01,               500000
  9.2323968179139e+00,  1.1012364931612e+00,  1.0854396779796e+00,  1.2509779697650e-01,  1.3126433984032e-01,  5.1237552603598e-04,  5.5326441161472e-04, -2.0564299628629e-02,  2.2991151377838e-02, -8.0268801261025e-01, -4.5579188170412e-02, -1.3714089683683e+00,  1.4253522490000e+00,  9.0479400000000e-01,               500000
  9.2290385153997e+00,  1.0996971602479e+00,  1.0880891589985e+00,  1.2555766356324e-01,  1.8175540801867e-01,  6.0291858159899e-04,  4.1621527797756e-04, -2.0638779976549e-02,  1.8945643455831e-03, -1.0519437572951e+00,  1.3796809036788e-02, -2.5128811101510e+00,  1.3555347070000e+00,  9.0528200000000e-01,               500000
  9.2252434378739e+00,  1.0982836228778e+00,  1.0898828266815e+00,  1.2140369820427e-01,  2.0972295045362e-01,  6.4764643201922e-04, -3.8437040270103e-04, -2.6484792369972e-02, -1.8299299087601e-02, -1.5186191847662e+00,  6.2883834594090e-02, -2.5523667911201e+00,  1.3693023990000e+00,  9.0305600000000e-01,               500000
  9.2225683192208e+00,  1.0973428753140e+00,  1.0885572930139e+00,  1.2415637939477e-01,  3.0967141065290e-01,  7.8698336787114e-04,  6.9654541771188e-04, -8.5440087997067e-02, -1.1550889740707e-01, -4.1180854022517e+00,  7.0926964354783e-02, -3.1432085694540e+00,  1.4381831460000e+00,  9.0230600000000e-01,               500000
  9.2189167018473e+00,  1.0985669639368e+00,  1.0840437745335e+00,  1.2321959209534e-01,  2.9500707455208e-01,  7.6812378501395e-04,  1.4286356346815e-03, -1.0292764147758e-01, -6.7406114458827e-02, -2.3037408088964e+00,  1.2264794096488e-01, -5.1139843528874e+00,  1.3636810000000e+00,  9.0293800000000e-01,               500000
  9.2130114153302e+00,  1.1008837877943e+00,  1.0742446195724e+00,  1.2586858186738e-01,  1.6480189387895e-01,  5.7411130258678e-04,  1.6173971461401e-04, -4.2387377370794e-02, -1.7253754551113e-02, -2.3536823399499e+00, -8.2932902789975e-02, -1.3718602641992e+00,  1.4249649960000e+00,  9.0351200000000e-01,               500000
  9.2074138127911e+00,  1.1033018100521e+00,  1.0694175939227e+00,  1.2372143008720e-01,  1.3130038247104e-01,  5.1244586537710e-04,  1.0545197685324e-03, -1.5483762776421e-02,  2.2322700005384e-02, -1.1461902452291e+00, -8.2453728622574e-02, -1.1491575281473e+00,  1.4167651800000e+00,  9.0256000000000e-01,               500000
  9.2003677405238e+00,  1.1050975677081e+00,  1.0690461232933e+00,  1.2452407869014e-01,  1.3421832503259e-01,  5.1810872417397e-04,  1.4103159197158e-03, -2.7407881911450e-03,  9.0660426682033e-03, -1.0698273095810e+00, -8.1465795048881e-02, -1.2459034279157e+00,  1.3904464010000e+00,  9.0393400000000e-01,               500000
  9.1913212460265e+00,  1.1065662868837e+00,  1.0726482661705e+00,  1.2465942175821e-01,  1.1930424586383e-01,  4.8847568181811e-04,  5.1390986912132e-04, -3.2865690194812e-02,  4.5230574118267e-02, -8.1462380442569e-01, -8.6552812850875e-02, -1.6466152839367e+00,  1.4284208900000e+00,  9.0181400000000e-01,               500000
  9.1822036147826e+00,  1.1070902132120e+00,  1.0800869699333e+00,  1.2112006901799e-01,  6.9091326150751e-01,  1.1755111751978e-03, -1.8762867838737e-03,  1.6483564029065e-01,  4.9845923245794e-02, -3.4557672370127e-01,  2.1396726343246e-01, -3.0513776577574e+01,  1.4042561900000e+00,  9.0634800000000e-01,               500000
  9.1774274731221e+00,  1.1066722109176e+00,  1.0772650562310e+00,  1.2736871286072e-01,  1.3410596473110e-01,  5.1789181250741e-04, -7.9653793239393e-04, -2.9028448727699e-02,  1.5149798563197e-02, -1.3852159952365e+00, -7.4032336782150e-02, -1.1858748207951e+00,  1.4076496920000e+00,  9.0012200000000e-01,               500000
  9.1746781414399e+00,  1.1060349183941e+00,  1.0782819923194e+00,  1.2539302182245e-01,  1.6592377856997e-01,  5.7606211222396e-04,  4.0857564476064e-04, -3.4911562478017e-02,  2.2682492560529e-02, -1.6388763895414e+00, -3.5144941272206e-02, -1.8611870048041e+00,  1.4404751430000e+00,  9.0541400000000e-01,               500000
  9.1714423358051e+00,  1.1050654059742e+00,  1.0809249466969e+00,  1.2167250102610e-01,  1.9835959739176e-01,  6.2985648745053e-04,  7.8628918175287e-04, -4.5713341670186e-02,  1.5359983427747e-02, -1.0694259785715e+00,  3.1841311279933e-02, -3.2751724974255e+00,  1.4026896320000e+00,  9.0656200000000e-01,               500000
  9.1670460028377e+00,  1.1039222328556e+00,  1.0818614496146e+00,  1.2460083238537e-01,  1.3262179804562e-01,  5.1501805414105e-04,  1.1302380883748e-04, -1.5449969313136e-02,  1.7383045745997e-02, -1.1152341156901e+00, -4.3386822987876e-02, -9.9390239032693e-01,  1.5139983470000e+00,  9.0522600000000e-01,               500000
  9.1628739299780e+00,  1.1025853074192e+00,  1.0848154515947e+00,  1.2396330609126e-01,  1.2315134876962e-01,  4.9628892546503e-04,  1.3585725624152e-03, -1.9639390970647e-02,  4.8494374343178e-02, -6.3307105011285e-01, -7.1319770055531e-03, -1.1854884608773e+00,  1.4490086850000e+00,  9.0678400000000e-01,               500000
  9.1564900881503e+00,  1.1005025748092e+00,  1.0878537854022e+00,  1.2499384918128e-01,  2.9839478463414e-01,  7.7252156556842e-04,  1.4668370068944e-03, -9.4363059666662e-02, -9.1211146711088e-02, -2.1551407907337e+00,  9.2548186020249e-02, -5.1115230331014e+00,  1.4396591640000e+00,  9.0803000000000e-01,               500000
  9.1479689944327e+00,  1.1003061148839e+00,  1.0862497830650e+00,  1.2311618842136e-01,  2.0991737396694e-01,  6.4794656256043e-04, -1.4304264234946e-04, -3.3497882197987e-02, -2.7373236501566e-02, -1.5128624659929e+00,  5.4734605380987e-02, -2.4621245127164e+00,  1.4201422570000e+00,  9.0516000000000e-01,               500000
  9.1405907876473e+00,  1.1006430968462e+00,  1.0822174720920e+00,  1.2536266000660e-01,  1.6897730350230e-01,  5.8133863367628e-04, -4.5931684088596e-04, -2.9635836923014e-02, -2.3141399234803e-02, -1.2929647331949e+00, -1.2072905494038e-02, -1.5905841791878e+00,  1.4063930120000e+00,  9.0055800000000e-01,               500000
  9.1348609627430e+00,  1.1013833122495e+00,  1.0792021017343e+00,  1.2546488035859e-01,  1.1737624932365e-01,  4.8451264033801e-04, -5.6416397773651e-05, -1.9425181473793e-02,  6.7217953485450e-03, -9.4863342314041e-01, -8.8634416394990e-02, -6.6186689351206e-01,  1.3394826010000e+00,  9.0640000000000e-01,               500000
  9.1298197485676e+00,  1.1019364919637e+00,  1.0808007092391e+00,  1.2449260254300e-01,  1.8211243652437e-01,  6.0351045811049e-04,  2.1702617675452e-04, -1.3404455410336e-02, -6.1023255665522e-03, -1.6755713750027e+00, -1.0103758601505e-02, -2.1205021591554e+00,  1.3487293380000e+00,  9.0708600000000e-01,               500000
  9.1248562384436e+00,  1.1025636507095e+00,  1.0827862208943e+00,  1.2583934737849e-01,  2.0248229288201e-01,  6.3636827840804e-04, -6.1966918768374e-04, -4.3374148550687e-02, -3.1469953847821e-02, -1.7876617982550e+00,  1.4726421936745e-02, -2.4395851941904e+00,  1.4607021260000e+00,  9.0834800000000e-01,               500000
  9.1216434930072e+00,  1.1037278037957e+00,  1.0839194381977e+00,  1.2755438789086e-01,  1.5372577828409e-01,  5.5448314362854e-04,  3.9787083883918e-04, -2.0320441275233e-02, -1.1608320256358e-02, -1.3080473534269e+00, -1.9720567523934e-02, -1.2322757054322e+00,  1.3670347030000e+00,  9.0067400000000e-01,               500000
  9.1179770942676e+00,  1.1050056488202e+00,  1.0859361395724e+00,  1.2707116531844e-01,  2.0116895211650e-01,  6.3430111479722e-04, -1.4477216835549e-03, -1.6877820049146e-02,  4.0067402411046e-03, -1.2461145110795e+00,  2.8244720277154e-02, -3.0160834184584e+00,  1.4144511710000e+00,  9.0645600000000e-01,               500000
  9.1175582120971e+00,  1.1060959412077e+00,  1.0864454529355e+00,  1.2635112540750e-01,  1.6250760827401e-01,  5.7010105818882e-04, -1.3671227860233e-03, -4.2125996718638e-02,  1.6131537739163e-02, -1.2593273774065e+00,  1.0919780393283e-02, -1.7220446851692e+00,  1.4365874060000e+00,  8.9997800000000e-01,               500000
  9.1199377498828e+00,  1.1067909850440e+00,  1.0864107892692e+00,  1.2397844576005e-01,  1.5823639590104e-01,  5.6255914515904e-04,  4.2128285832143e-04, -2.2260773951518e-02,  7.6346216797057e-02, -6.2092861325646e-01,  1.0531565586795e-02, -2.6255079898606e+00,  1.4079805560000e+00,  9.0265200000000e-01,               500000
  9.1212681478821e+00,  1.1059977538811e+00,  1.0859253075642e+00,  1.2287965765156e-01,  1.6168799660217e-01,  5.6866158055943e-04, -3.9969510648280e-04, -1.6805866187406e-02,  3.5564784547554e-02, -7.7408118243827e-01,  3.1139730148678e-02, -2.0457516187387e+00,  1.4435447630000e+00,  9.0512400000000e-01,               500000
  9.1232834232696e+00,  1.1046231414223e+00,  1.0839998689824e+00,  1.2485482634569e-01,  1.2543764014192e-01,  5.0087451550647e-04,  6.7875286612846e-04, -2.4223199173923e-02,  3.9504507890116e-02, -6.9755161705447e-01, -1.0414125390668e-02, -1.2557578701414e+00,  1.4482152000000e+00,  9.0423200000000e-01,               500000
  9.1237673576056e+00,  1.1026475289843e+00,  1.0828092059661e+00,  1.2278953654023e-01,  1.5007075013203e-01,  5.4785171375478e-04,  1.0451439089211e-03, -1.6585597975735e-02,  2.3903280369618e-02, -9.6681972776110e-01, -3.4767223247035e-03, -1.5219461080416e+00,  1.4522226270000e+00,  9.0700000000000e-01,               500000
  9.1221240276755e+00,  1.1004238852900e+00,  1.0819451761368e+00,  1.2423670379807e-01,  2.4234135348078e-01,  6.9619157346348e-04, -2.6290491761152e-04, -5.0208312877865e-02, -1.0276543167921e-01, -2.9956494435346e+00,  1.9349912308425e-02, -1.9950511194464e+00,  1.5534982630000e+00,  9.0433600000000e-01,               500000
  9.1212204042692e+00,  1.1003854541739e+00,  1.0802520518030e+00,  1.2549340245206e-01,  1.2007956132243e-01,  4.9006032551601e-04,  2.6111973425002e-04, -2.4027077153948e-02,  1.3767461699816e-02, -9.1810344968764e-01, -6.0513585260668e-02, -7.1956876784198e-01,  1.6114967770000e+00,  9.0453600000000e-01,               500000
  9.1199027424282e+00,  1.1000990054850e+00,  1.0817607933709e+00,  1.2303070868399e-01,  2.0918561703589e-01,  6.4681622897990e-04,  4.4859095104364e-04, -3.1265283194841e-02, -6.3763793746031e-02, -2.0869219332918e+00,  2.7692851525525e-02, -1.8785710802222e+00,  1.4091970760000e+00,  9.0264000000000e-01,               500000
  9.1178386295661e+00,  1.1010696123877e+00,  1.0817848143014e+00,  1.2073731261436e-01,  2.5181516427434e-01,  7.0966916837966e-04,  1.3579780907167e-03, -1.1500716479456e-02, -2.8134028998007e-02, -3.0474265468950e+00,  7.4372677158656e-02, -3.5503936153185e+00,  1.4943933800000e+00,  9.0778400000000e-01,               500000
  9.1132390718183e+00,  1.1025092984009e+00,  1.0781735712361e+00,  1.2418254506628e-01,  1.7123370691993e-01,  5.8520715463831e-04, -2.0722400449180e-04, -4.9675782322277e-03, -5.1913522195308e-03, -1.2274576634884e+00, -1.4246418465668e-02, -2.0988412738880e+00,  1.4044387110000e+00,  9.0958600000000e-01,               500000
  9.1095145956740e+00,  1.1039190347935e+00,  1.0756825872834e+00,  1.2550506494915e-01,  1.4896501792547e-01,  5.4582967659421e-04,  8.8576838014054e-04, -2.8108622266516e-02,  7.2559113789696e-03, -1.2440406899316e+00, -4.0309227267171e-02, -1.3604965023758e+00,  1.4059850950000e+00,  9.0496400000000e-01,               500000
  9.1043811027764e+00,  1.1050642861976e+00,  1.0754966741410e+00,  1.2284453086390e-01,  2.0298159228380e-01,  6.3715240293638e-04, -3.7125101320501e-04, -3.6046190817292e-03,  1.2858291131908e-02, -1.6368002063298e+00, -4.1804773966002e-03, -3.3389983646798e+00,  1.4279571620000e+00,  9.0254000000000e-01,               500000
  9.1005104041894e+00,  1.1058669625318e+00,  1.0756237896981e+00,  1.2359522155449e-01,  1.5177803504841e-01,  5.5095922725446e-04,  1.7004193794001e-04, -3.2531149002085e-02,  1.9660819228587e-02, -9.6440391185198e-01, -1.0287382294317e-02, -1.7792225456483e+00,  1.4290356160000e+00,  9.0178800000000e-01,               500000
  9.0967033741027e+00,  1.1062227956729e+00,  1.0763032804234e+00,  1.2426422081936e-01,  1.2706035253281e-01,  5.0410386337106e-04, -8.3686196167383e-04, -2.1188016768401e-02,  3.4867561601697e-02, -8.6493772708075e-01, -4.2078976797185e-02, -1.2229241571347e+00,  1.4411864760000e+00,  9.0685600000000e-01,               500000
  9.0950065242145e+00,  1.1058807019070e+00,  1.0790778052768e+00,  1.2642750357864e-01,  1.4142397060659e-01,  5.3183450547439e-04, -1.6381394045494e-03, -2.5192476847953e-02, -3.3348240991730e-03, -2.0649815898958e+00, -8.1387953763038e-02, -7.6117456685661e-01,  1.3869447300000e+00,  9.0202800000000e-01,               500000
  9.0968656826432e+00,  1.1056563543214e+00,  1.0857206740072e+00,  1.2403102873845e-01,  1.7127365060381e-01,  5.8527540628973e-04,  3.6010580859032e-04, -2.2343299795611e-02, -4.3740394162993e-03, -2.2975743384420e+00,  2.1973758419605e-02, -1.2726545157749e+00,  1.3396227980000e+00,  9.0787600000000e-01,               500000
  9.0978250484958e+00,  1.1055608284524e+00,  1.0906297415489e+00,  1.2610817066056e-01,  1.6690274648236e-01,  5.7775902672717e-04, -1.1485101938542e-04, -1.1615601751448e-02,  1.6225054865728e-02, -9.8350413854048e-01,  1.4006885383018e-02, -2.1336640155849e+00,  1.4610481100000e+00,  9.0391600000000e-01,               500000
  9.0989395591616e+00,  1.1051693474246e+00,  1.0943998665582e+00,  1.2552065879928e-01,  1.9163761238562e-01,  6.1909225869109e-04,  1.0063890129618e-04, -7.3207402458836e-03,  3.4358959423416e-03, -1.4884870940445e+00,  6.0164904052610e-02, -2.1765336262208e+00,  1.4037313590000e+00,  9.0710200000000e-01,               500000
  9.0997445706145e+00,  1.1047637699465e+00,  1.0947850999175e+00,  1.2514927224905e-01,  1.7029433361529e-01,  5.8359974916940e-04, -6.0036150421220e-06, -2.0277606281930e-02,  3.4610955797633e-02, -6.3588876910537e-01,  7.8894285695091e-02, -2.2562990901262e+00,  1.3833635270000e+00,  9.0557200000000e-01,               500000
  9.1005043595062e+00,  1.1037291185405e+00,  1.0911618698090e+00,  1.2349018792329e-01,  1.4977997428185e-01,  5.4732069992254e-04, -1.7086562483913e-03, -1.5508867498681e-02,  4.0108411653183e-02, -7.8991921609331e-01,  1.3363557647115e-02, -1.5874818430290e+00,  1.4651756910000e+00,  9.0236600000000e-01,               500000
  9.1047519571009e+00,  1.1020193503665e+00,  1.0872496692231e+00,  1.2645398837871e-01,  2.5437949569175e-01,  7.1327343381308e-04, -1.1111830895274e-04, -7.3199148217611e-02, -6.4610255020387e-02, -4.2235968233958e+00,  4.2290988448229e-02, -2.2176266370502e+00,  1.4293027490000e+00,  9.0413600000000e-01,               500000
  9.1088916317042e+00,  1.1017843011259e+00,  1.0816095613920e+00,  1.2505757951803e-01,  1.2628721529349e-01,  5.0256783680114e-04, -8.2972321501983e-04, -1.7178424074301e-02,  1.7197162169542e-02, -9.5130112423647e-01, -3.4350376905199e-02, -9.4552211005190e-01,  1.4825756420000e+00,  9.0434200000000e-01,               500000
  9.1143736803426e+00,  1.1012438030480e+00,  1.0783122175904e+00,  1.2464592606762e-01,  1.3920569559073e-01,  5.2764703276097e-04,  3.9282426720550e-06, -2.0162008528268e-02,  6.0821989773520e-03, -1.1938965148752e+00, -6.9435028275394e-02, -1.0531554466947e+00,  1.4745670330000e+00,  9.0365400000000e-01,               500000
  9.1193325262543e+00,  1.1006481556396e+00,  1.0789409329830e+00,  1.2715503863932e-01,  1.3411517621677e-01,  5.1790959870767e-04,  8.2226737271048e-05, -2.5097420665411e-02, -1.5267105937353e-02, -1.3752415142573e+00, -7.6917287244325e-02, -6.1506562811646e-01,  1.4298184060000e+00,  9.0844000000000e-01,               500000
  9.1236603915971e+00,  1.1004256746285e+00,  1.0834844355795e+00,  1.2160890221531e-01,  2.4825720287614e-01,  7.0463778336978e-04, -8.6792745191350e-04, -2.3647513949445e-02, -2.1015298781418e-02, -1.6411893152632e+00,  5.2766002896860e-02, -3.9731337013240e+00,  1.4765201220000e+00,  9.0805600000000e-01,               500000
  9.1294112684996e+00,  1.1006569921314e+00,  1.0849610118158e+00,  1.2474307105800e-01,  1.4153151548032e-01,  5.3203668196906e-04, -1.4986219101389e-03, -2.8288129468397e-02,  1.2594924994866e-02, -9.8808219836991e-01, -3.3546513381457e-02, -1.2337749592210e+00,  1.3964308920000e+00,  9.0779200000000e-01,               500000
  9.1377761469090e+00,  1.1006256792076e+00,  1.0880590749377e+00,  1.2490399957254e-01,  1.6880666100766e-01,  5.8104502580722e-04, -7.4795364536429e-04, -1.5863801389425e-02, -1.6263770562114e-02, -1.2719377689039e+00,  2.6959416735120e-02, -1.6052665557610e+00,  1.4488661900000e+00,  9.0293800000000e-01,               500000
  9.1469141374099e+00,  1.1009334201994e+00,  1.0894981973239e+00,  1.2534742889573e-01,  2.4631678812555e-01,  7.0187860506722e-04,  4.2100778703465e-04, -5.6639262949014e-02, -3.9880429825051e-02, -1.8965043406115e+00,  5.4648345941864e-02, -3.5887925175707e+00,  1.4284120500000e+00,  9.0151600000000e-01,               500000
  9.1543280021840e+00,  1.1020246765310e+00,  1.0880521835353e+00,  1.2601510822168e-01,  1.4555326853662e-01,  5.3954289641626e-04,  1.8920268615354e-04, -6.9717031331068e-03,  2.8164475479934e-02, -9.0541709050250e-01, -6.1488129518047e-03, -1.3708709887551e+00,  1.3287832130000e+00,  9.0953200000000e-01,               500000
  9.1606231230485e+00,  1.1024555847422e+00,  1.0871032416613e+00,  1.1910834535672e-01,  2.4054044004610e-01,  6.9359994239634e-04, -2.1676048223930e-04, -2.8324481803526e-02,  4.2230037691077e-03, -1.3873987113687e+00,  9.2690333390921e-02, -3.8840967939939e+00,  1.3568239130000e+00,  9.0401200000000e-01,               500000
  9.1667923638824e+00,  1.1027736625414e+00,  1.0815261532532e+00,  1.2478419457622e-01,  1.2978333678901e-01,  5.0947686265229e-04, -1.0295856076303e-03, -1.2171616944800e-02,  1.2183395719908e-02, -1.1927144089950e+00, -4.5404346093900e-02, -8.9136597330296e-01,  1.3370827720000e+00,  9.0440400000000e-01,               500000
  9.1745580694286e+00,  1.1028280513485e+00,  1.0788881025040e+00,  1.2420401909270e-01,  1.9684603834131e-01,  6.2744886379896e-04,  1.7960715289655e-03, -3.1601675608037e-02, -4.9614088739908e-02, -1.9180408851757e+00,  2.6316417892027e-04, -1.9512005103248e+00,  1.3501281810000e+00,  9.0108200000000e-01,               500000
  9.1777640895519e+00,  1.1038944756219e+00,  1.0765454475507e+00,  1.2396800816089e-01,  1.3359911146184e-01,  5.1691220040127e-04,  5.4966179952176e-04, -1.7923135736807e-02,  4.2399794030854e-02, -8.7533375116715e-01, -5.1335584082529e-02, -1.6095982059430e+00,  1.4318492880000e+00,  9.0454400000000e-01,               500000
  9.1795022483438e+00,  1.1040103850105e+00,  1.0771630866955e+00,  1.2299822231402e-01,  1.2315601878651e-01,  4.9629833525110e-04,  8.7248000219982e-04, -2.1945770213125e-02,  3.7297596240911e-02, -9.1885280535358e-01, -4.3200016607239e-02, -9.5610033613486e-01,  1.3985838120000e+00,  9.0327000000000e-01,               500000
  9.1792277763912e+00,  1.1033704643387e+00,  1.0800107964162e+00,  1.2338665847446e-01,  1.2438233126626e-01,  4.9876313269178e-04,  1.2286964605762e-03, -1.3850103757819e-02,  1.9968000691075e-02, -1.2769951764943e+00, -5.5267548910425e-02, -6.6541616329203e-01,  1.4193699170000e+00,  9.0038600000000e-01,               500000
  9.1763635766901e+00,  1.1024016387261e+00,  1.0854983082209e+00,  1.2247985359723e-01,  1.5951733687783e-01,  5.6483154458269e-04,  1.6483578555602e-03, -2.0121258689953e-02,  3.2931039297565e-02, -7.9542721553792e-01,  1.8655385044019e-02, -2.2582676930702e+00,  1.4338802780000e+00,  9.0337400000000e-01,               500000
  9.1702697196310e+00,  1.1008671556797e+00,  1.0895255296437e+00,  1.2606955346217e-01,  1.7551652867911e-01,  5.9248042782714e-04,  1.1806936801279e-03, -1.5513380623562e-02, -3.1188371044899e-02, -1.5703194732485e+00,  7.1049000346197e-03, -1.4874022295797e+00,  1.4586823120000e+00,  9.0108600000000e-01,               500000
  9.1622561765382e+00,  1.1001336100747e+00,  1.0928227693291e+00,  1.2406782174451e-01,  1.5950474704825e-01,  5.6480925461301e-04, -6.1866407882404e-04, -2.2818121826154e-02,  1.1048508961775e-02, -1.1305999203618e+00,  4.8991151525867e-04, -1.4494636197175e+00,  1.4335009810000e+00,  8.9969400000000e-01,               500000
  9.1563847941057e+00,  1.0992580601087e+00,  1.0958096040464e+00,  1.2255248829443e-01,  2.4954367671458e-01,  7.0646114785540e-04,  5.6952261098936e-04, -4.0984540512024e-02, -3.2405908730531e-02, -1.5090236726860e+00,  1.1654754484279e-01, -3.2026661832475e+00,  1.4016628500000e+00,  9.0207400000000e-01,               500000
  9.1499045297929e+00,  1.0991461873101e+00,  1.0924217169514e+00,  1.2852364798454e-01,  1.8618237179659e-01,  6.1021696436036e-04, -1.4430005513195e-03, -2.6706610273053e-02, -3.2895074253617e-02, -1.7226173662044e+00, -3.3058981606428e-03, -1.6221689629631e+00,  1.4004944430000e+00,  8.9989000000000e-01,               500000
  9.1472104460720e+00,  1.0997369335879e+00,  1.0895836126513e+00,  1.2515673216441e-01,  1.7436078457049e-01,  5.9052651857556e-04, -6.0159717683647e-04, -2.3386266986345e-02, -2.3526927766204e-02, -1.5485564015854e+00,  1.2759270578906e-04, -1.4167837421772e+00,  1.3468596400000e+00,  9.0644200000000e-01,               500000
  9.1461083645181e+00,  1.1007688749498e+00,  1.0870542723913e+00,  1.2338068244223e-01,  1.3679038382025e-01,  5.2304948871067e-04,  1.1745153480264e-03, -2.6889660156420e-02,  2.1037503232895e-02, -1.1300034416066e+00, -1.7409337336731e-02, -1.0654751813067e+00,  1.4157048240000e+00,  9.0017800000000e-01,               500000
  9.1425967698322e+00,  1.1012783472545e+00,  1.0857272636141e+00,  1.2403627686244e-01,  1.6727379498077e-01,  5.7840089035334e-04,  9.0725081673099e-05, -4.6326823330123e-02,  3.9027012938607e-03, -1.5155516755377e+00, -1.0443622763137e-02, -1.5672879576911e+00,  1.4029749540000e+00,  9.0303600000000e-01,               500000
  9.1392822689397e+00,  1.1016730389221e+00,  1.0851288433623e+00,  1.2557126592796e-01,  1.7590381869587e-01,  5.9313374325841e-04,  5.6036741366744e-05, -4.2123213479954e-02, -3.5820559006978e-02, -2.5406718994380e+00, -2.2586731323762e-02, -9.7921245246175e-01,  1.3654768670000e+00,  8.9791200000000e-01,               500000
  9.1362162360272e+00,  1.1027959398246e+00,  1.0858220454671e+00,  1.2602631179504e-01,  1.7086007658409e-01,  5.8456834773034e-04, -2.1511431902759e-04, -2.4614217386610e-02,  3.1325700324812e-02, -6.9473105715736e-01,  1.0266084057237e-03, -2.8120463214311e+00,  1.3670943770000e+00,  9.0364600000000e-01,               500000
  9.1339471848882e+00,  1.1031668696149e+00,  1.0864676592097e+00,  1.2636777206056e-01,  1.9302963085770e-01,  6.2133667340291e-04, -1.4296418870061e-03, -1.7488892755589e-02, -1.8685404130695e-02, -1.4418674528947e+00,  2.5136871536531e-02, -2.1858299933422e+00,  1.4167649240000e+00,  9.0392600000000e-01,               500000
  9.1350472434870e+00,  1.1039044973016e+00,  1.0857596798157e+00,  1.2572874241082e-01,  1.6185212072154e-01,  5.6895012210481e-04,  2.0950292765318e-03, -1.7444753801675e-02, -1.1995320566421e-03, -1.5848688686093e+00, -2.7415649327637e-02, -1.3931334355940e+00,  1.4595013420000e+00,  9.0315600000000e-01,               500000
  9.1314742967063e+00,  1.1046113200070e+00,  1.0866328507123e+00,  1.2244725968644e-01,  1.5326786198778e-01,  5.5365668421466e-04,  8.6854949238452e-04, -2.9549087663457e-02,  4.9864372541056e-02, -8.1110251437273e-01,  2.8564502588067e-02, -1.9345284006809e+00,  1.4802933760000e+00,  9.0190400000000e-01,               500000
  9.1263813776396e+00,  1.1042171150265e+00,  1.0859333124665e+00,  1.2192409958351e-01,  1.9566217267371e-01,  6.2555922609088e-04,  8.2232751673710e-04, -1.8426320049169e-02,  3.7646635691528e-02, -8.4239751819133e-01,  4.2699313799254e-02, -3.3764513651597e+00,  1.3800349710000e+00,  9.0280400000000e-01,               500000
  9.1200033786586e+00,  1.1030833394113e+00,  1.0830888570070e+00,  1.2420743938439e-01,  2.2195516232082e-01,  6.6626595638802e-04,  1.8258817657394e-03, -5.4092351530662e-02, -2.3858278685327e-02, -2.0524327488084e+00,  1.6148207685110e-02, -2.9388883762108e+00,  1.4628770560000e+00,  9.0206600000000e-01,               500000
  9.1103052116241e+00,  1.1025820625001e+00,  1.0797292211502e+00,  1.2107695607599e-01,  2.5743132417456e-01,  7.1753930090911e-04,  4.9958551961838e-04, -5.8965935568247e-02,  1.2602687225130e-02, -9.6896253523895e-01,  6.3206442976144e-02, -5.9506253863106e+00,  1.5169079640000e+00,  9.0696400000000e-01,               500000
  9.1005230071261e+00,  1.1018754563183e+00,  1.0734392564666e+00,  1.2684645094734e-01,  1.2090529830549e-01,  4.9174240879853e-04,  8.3669126730662e-04, -1.8164609902172e-02,  3.5599964620016e-03, -1.1721680921089e+00, -9.7027464357947e-02, -7.3519045202549e-01,  1.4702941720000e+00,  8.9909200000000e-01,               500000
  9.0898760031010e+00,  1.1011755195803e+00,  1.0730538143124e+00,  1.2876528072192e-01,  1.7904328735291e-01,  5.9840335452420e-04, -6.6532195755574e-04, -2.7693493825452e-02, -5.5421193843484e-02, -1.6406225943224e+00, -7.2854614124182e-02, -1.6500432625595e+00,  1.3896453510000e+00,  9.0107600000000e-01,               500000
  9.0817760807697e+00,  1.1017302995588e+00,  1.0766997095837e+00,  1.2574098200166e-01,  2.2534354883225e-01,  6.7133233026906e-04,  2.3989672575245e-05, -1.6911583227732e-02, -3.9061201210069e-02, -1.8752963284794e+00, -5.7407843415166e-04, -3.1968097163395e+00,  1.3834972580000e+00,  9.0607400000000e-01,               500000
  9.0744357114853e+00,  1.1030759732536e+00,  1.0801062185288e+00,  1.2322515048661e-01,  1.4712648360462e-01,  5.4245088921417e-04, -1.7117397106158e-04, -2.9996482825718e-02,  3.5547768910395e-02, -8.6449528085158e-01, -2.4748537532064e-02, -2.0134237270025e+00,  1.4460879460000e+00,  9.0592200000000e-01,               500000
  9.0682284282394e+00,  1.1035459788503e+00,  1.0845799594471e+00,  1.2273230538937e-01,  1.9225568534568e-01,  6.2008980856917e-04, -5.7567812853311e-04, -2.5027093267509e-02,  4.6893909884316e-02, -6.8551303405258e-01,  1.4131035040468e-02, -3.6505618337678e+00,  1.3666803490000e+00,  9.1091000000000e-01,               500000
  9.0639393236362e+00,  1.1029819189114e+00,  1.0879437966684e+00,  1.2463107923664e-01,  2.8428794379630e-01,  7.5403971221189e-04,  7.1677743403763e-04, -3.7764296505732e-02, -6.1305385818804e-05, -1.2131775882297e+00,  9.6650811160900e-02, -6.0347382474487e+00,  1.3397474770000e+00,  9.0284000000000e-01,               500000
  9.0585155773346e+00,  1.1024873661225e+00,  1.0858646455270e+00,  1.2518974824011e-01,  1.9447792247254e-01,  6.2366324642797e-04, -6.0985719438956e-04, -3.4431486957395e-02, -2.2806631589385e-02, -1.8589095678983e+00,  6.4067989763311e-03, -2.0594549010486e+00,  1.3831153280000e+00,  9.0742800000000e-01,               500000
  9.0550253132043e+00,  1.1025472422022e+00,  1.0836954929084e+00,  1.2465052565723e-01,  2.1442367241273e-01,  6.5486437132086e-04,  1.4381930643952e-03,  1.1475821577830e-02, -4.0027362865494e-02, -3.4409110904470e+00, -7.3245104008698e-03, -1.3658767844002e+00,  1.4667664160000e+00,  9.0412600000000e-01,               500000
  9.0486503577861e+00,  1.1034929496045e+00,  1.0821776392949e+00,  1.2188678796143e-01,  1.8226311966587e-01,  6.0376008424849e-04, -6.3453661658774e-05, -3.1928904931289e-02,  2.5877650360182e-02, -1.1996261476193e+00,  3.8207574594632e-02, -2.4852550659342e+00,  1.3969748560000e+00,  9.1232400000000e-01,               500000
  9.0430785793546e+00,  1.1038048306130e+00,  1.0787808890518e+00,  1.2353399527001e-01,  1.6034379778851e-01,  5.6629285319261e-04,  4.7239830371164e-04, -3.4138207358594e-02, -3.2986130704233e-03, -1.1764032272140e+00, -2.2606564952601e-02, -1.6888270917860e+00,  1.4197230780000e+00,  9.0868800000000e-01,               500000
  9.0370309008845e+00,  1.1041695010206e+00,  1.0770069936033e+00,  1.2332031834835e-01,  1.1815773861956e-01,  4.8612290342991e-04,  3.5704261040096e-04, -1.0976556159566e-02,  5.1017639568017e-02, -6.9671874176824e-01, -6.1484173484630e-02, -1.0930796657499e+00,  1.4351486600000e+00,  9.0572200000000e-01,               500000
  9.0307853249888e+00,  1.1034092638288e+00,  1.0788229340039e+00,  1.2314193531852e-01,  2.0458614431239e-01,  6.3966576321137e-04,  6.2820982832214e-04, -6.9106751326901e-02, -1.8299615654660e-02, -1.7219972847991e+00,  7.5710547718358e-05, -2.8428570904963e+00,  1.4208401120000e+00,  9.0719400000000e-01,               500000
  9.0238142757302e+00,  1.1031363207602e+00,  1.0805349935901e+00,  1.1964225664578e-01,  1.4159135026027e-01,  5.3214913372149e-04,  3.2257280623761e-04, -2.0828515599292e-02,  4.2628253360188e-02, -1.0120989954767e+00, -1.4421841757901e-02, -1.4482522279824e+00,  1.4468748620000e+00,  9.0503000000000e-01,               500000
  9.0168217668227e+00,  1.1019809896183e+00,  1.0829161932102e+00,  1.2532918869662e-01,  1.5853674759927e-01,  5.6309279448289e-04,  1.0055059942740e-04, -1.3392147326019e-02,  1.4117410019028e-03, -9.9603808316742e-01, -4.3614354673739e-02, -1.9267117370116e+00,  1.3817254670000e+00,  9.0345000000000e-01,               500000
  9.0103026340022e+00,  1.1009192245959e+00,  1.0875305996394e+00,  1.2401526084383e-01,  2.3905554600066e-01,  6.9145577732876e-04, -9.4056115278364e-05, -4.2686416594199e-02, -2.3578349335361e-02, -1.8685835176018e+00,  5.5781359742026e-02, -3.4471105471822e+00,  1.3618975340000e+00,  9.0537800000000e-01,               500000
  9.0046849666037e+00,  1.1004929565492e+00,  1.0886924123114e+00,  1.2148480531445e-01,  4.0039986780397e-01,  8.9487414512206e-04,  1.0782735749419e-03, -7.5878286355924e-02, -2.7675204099640e-02, -2.0370443990979e+00,  1.5354302491329e-01, -1.0828296867887e+01,  1.4399784450000e+00,  9.0224600000000e-01,               500000
  8.9972558016309e+00,  1.1007317509503e+00,  1.0815516872661e+00,  1.2493269425182e-01,  3.6072311045871e-01,  8.4937990376357e-04, -1.0095891336018e-03, -5.9344246335635e-02, -5.2358568837632e-02, -2.2252839040758e+00,  7.4171675181271e-02, -9.3003859722929e+00,  1.3360602350000e+00,  9.0190000000000e-01,               500000
  8.9929250706445e+00,  1.1021107982322e+00,  1.0712758434790e+00,  1.2425407729440e-01,  1.4259334556111e-01,  5.3402873623263e-04, -1.4654722795113e-04, -7.6097401442775e-03, -3.5639159946295e-03, -1.5944965176869e+00, -1.1204105604651e-01, -7.6571388144823e-01,  1.4391970980000e+00,  9.0437200000000e-01,               500000
  8.9893623638159e+00,  1.1034496475914e+00,  1.0682466677733e+00,  1.2406468299389e-01,  1.2013042073990e-01,  4.9016409648178e-04, -6.6254327653115e-04, -2.2805543023631e-02,  1.4731858586280e-02, -1.0508406670380e+00, -1.0760333324829e-01, -7.4106747657663e-01,  1.3687658320000e+00,  9.0367400000000e-01,               500000
  8.9876905551832e+00,  1.1043466470327e+00,  1.0714804039166e+00,  1.2362757088537e-01,  2.0436885679238e-01,  6.3932598381792e-04,  2.2207255863507e-03, -4.1117769368138e-02, -2.2572054073169e-03, -2.9204914553523e+00, -3.3930572959677e-02, -2.0762915636494e+00,  1.4491292330000e+00,  9.0486000000000e-01,               500000
  8.9811563814160e+00,  1.1052370342880e+00,  1.0763287711508e+00,  1.2556057799191e-01,  1.3845855902453e-01,  5.2622914975232e-04, -7.9928616662316e-04, -3.9367170289485e-02,  3.0401994958817e-02, -1.6365383968641e+00, -6.4542386168627e-02, -1.0161954296961e+00,  1.4307188090000e+00,  9.0662800000000e-01,               500000
  8.9771406521238e+00,  1.1053908283255e+00,  1.0842958479829e+00,  1.2582057057796e-01,  1.7902482231061e-01,  5.9837249654476e-04, -6.9983716076686e-04, -2.6862780910245e-02,  1.1825348964917e-03, -1.2459724248252e+00, -1.1102814433101e-02, -2.3209039039782e+00,  1.4082544850000e+00,  9.0250000000000e-01,               500000
  8.9751562784914e+00,  1.1055172247372e+00,  1.0921606464527e+00,  1.2222900843199e-01,  2.5358845796563e-01,  7.1216354577531e-04, -1.4827004677306e-04, -6.8536221701840e-02,  3.2377909427348e-02, -1.0326998751042e+00,  1.0204401994915e-01, -4.7745901660736e+00,  1.3766719040000e+00,  9.0438200000000e-01,               500000
  8.9737863434339e+00,  1.1049291807208e+00,  1.0937131604320e+00,  1.2702264079873e-01,  1.7400887750543e-01,  5.8993029673924e-04, -5.7456873113019e-06, -1.6906606922278e-02,  1.7323249348813e-02, -1.3969009439435e+00,  1.7309689868173e-02, -1.8282895633168e+00,  1.4491190540000e+00,  9.0500200000000e-01,               500000
  8.9725835813449e+00,  1.1040318055704e+00,  1.0942028145484e+00,  1.2672866064067e-01,  1.9130773731500e-01,  6.1855919250303e-04, -1.6882251000548e-03, -3.2967002186813e-02, -5.4106143562391e-03, -1.6690450193673e+00,  3.4668253958269e-02, -1.9531858795737e+00,  1.3475018040000e+00,  9.0244800000000e-01,               500000
  8.9754304691991e+00,  1.1033606832644e+00,  1.0927702187267e+00,  1.2602946566526e-01,  1.7154442279311e-01,  5.8573786422446e-04, -1.3736924546550e-03, -2.0637487473644e-02,  2.1548000152554e-02, -1.1152853395688e+00,  3.8018815999546e-02, -1.8083148412856e+00,  1.4761026660000e+00,  9.0340800000000e-01,               500000
  8.9811904665544e+00,  1.1022901236002e+00,  1.0894107496495e+00,  1.2284532557620e-01,  1.9718480782525e-01,  6.2798854738800e-04, -6.1051375383139e-04, -6.9590033343591e-03, -1.2636993941091e-02, -1.4502954846192e+00,  4.5875526839838e-02, -2.1379624826547e+00,  1.4444405690000e+00,  9.0355400000000e-01,               500000
  8.9878040849996e+00,  1.1016214882212e+00,  1.0838822777698e+00,  1.2287385606499e-01,  2.7966521443269e-01,  7.4788396751461e-04,  2.5120903580009e-04,  2.3430879077053e-02, -3.1585776427700e-02, -3.4836200257733e+00,  3.5230663640521e-02, -3.6886604248650e+00,  1.3959531260000e+00,  9.0919800000000e-01,               500000
  8.9931589753320e+00,  1.1017603162951e+00,  1.0770316613602e+00,  1.2584006778478e-01,  2.0020772316993e-01,  6.3278388596729e-04, -5.9905709882554e-04, -4.1374295941352e-02, -4.3566264479786e-02, -3.7675309986518e+00, -5.7444046105439e-02, -1.2692318804669e+00,  1.3863174620000e+00,  9.0329200000000e-01,               500000
  8.9994260654740e+00,  1.1028990749731e+00,  1.0741093148953e+00,  1.2499212938834e-01,  1.3434657216738e-01,  5.1835619445972e-04,  1.1322881108989e-03, -2.8502020302093e-02,  9.9728826173677e-03, -1.1700178239208e+00, -7.5209177948210e-02, -9.5881255572582e-01,  1.4477832730000e+00,  9.0552400000000e-01,               500000
  9.0024753733839e+00,  1.1037162415474e+00,  1.0757160724282e+00,  1.2524752125455e-01,  1.4147610569185e-01,  5.3193252521697e-04,  3.1158285267675e-05, -1.6258602262584e-02,  7.2790878311149e-03, -1.2657809445498e+00, -7.1070053651265e-02, -1.2323829833296e+00,  1.4853880620000e+00,  9.0408400000000e-01,               500000
  9.0051716154550e+00,  1.1043043561582e+00,  1.0811802880215e+00,  1.2496777293471e-01,  1.5554493081233e-01,  5.5775430220185e-04, -1.0305286968115e-03, -2.6907643251907e-02,  9.8482867794870e-03, -1.1851526429756e+00, -3.2208893758832e-02, -1.5598714486654e+00,  1.4266129740000e+00,  9.0589200000000e-01,               500000
  9.0100377325654e+00,  1.1046270633258e+00,  1.0879583837797e+00,  1.2235969029800e-01,  1.3479091519844e-01,  5.1921270246103e-04,  5.8751210873063e-04, -1.6300835522248e-02,  5.5400817359873e-02, -7.4469101773400e-01, -4.2979240492043e-03, -1.3241374067185e+00,  1.4872650630000e+00,  9.0328000000000e-01,               500000
  9.0130710912978e+00,  1.1036811501051e+00,  1.0943497951827e+00,  1.2499981942711e-01,  1.6346474258045e-01,  5.7177747871081e-04,  5.1186764696828e-05, -2.3392829217912e-02,  5.4173160474078e-02, -8.3294446290949e-01,  2.0182728508195e-02, -2.2666117505803e+00,  1.4106855350000e+00,  9.0392400000000e-01,               500000
  9.0157140564470e+00,  1.1016176591473e+00,  1.0990395045688e+00,  1.2165014695913e-01,  2.4722739584272e-01,  7.0317479454645e-04, -7.6676573857891e-04, -7.6820855671516e-03,  3.9205273627463e-02, -6.6513119109925e-01,  1.1987843557026e-01, -4.3891089656769e+00,  1.4781206060000e+00,  9.0218600000000e-01,               500000
  9.0199048174724e+00,  1.0988798654805e+00,  1.0966320455390e+00,  1.2964760555043e-01,  1.9487708542166e-01,  6.2430294796943e-04, -1.9065894681338e-03, -4.2153225539778e-02, -7.2648901893721e-02, -1.7629793484765e+00,  4.5434528572894e-02, -1.4491391577981e+00,  1.4483628100000e+00,  9.0728200000000e-01,               500000
  9.0282021434281e+00,  1.0980734869037e+00,  1.0919426631748e+00,  1.2664631765940e-01,  2.2905130448943e-01,  6.7683277770720e-04, -4.6036468757761e-04, -4.0075339586333e-02, -6.0931850389329e-02, -1.8421844627111e+00,  6.0760074918809e-02, -2.4603666294526e+00,  1.4474894160000e+00,  9.0794400000000e-01,               500000
  9.0368133533756e+00,  1.0987470036413e+00,  1.0843594168765e+00,  1.2314928630073e-01,  1.9490585840472e-01,  6.2434903444262e-04,  3.7089417551994e-04, -3.1511487122214e-02, -3.4831590517235e-02, -1.4067712030138e+00,  4.6800392081848e-02, -1.9453672344806e+00,  1.3413062790000e+00,  9.1306000000000e-01,               500000
  9.0437415882258e+00,  1.1001605150929e+00,  1.0749356845215e+00,  1.2765890980686e-01,  1.2543874490948e-01,  5.0087672117894e-04, -3.3575052848141e-04, -1.6637983898070e-02, -1.2090482468103e-02, -1.2062399927647e+00, -1.0077103119346e-01, -5.7705875010464e-01,  1.4489308020000e+00,  9.0522000000000e-01,               500000
  9.0508010611491e+00,  1.1017237070369e+00,  1.0721652037621e+00,  1.2415743751403e-01,  1.2418056396031e-01,  4.9835843317900e-04,  6.0531258643514e-04, -2.2606829706749e-02,  6.7797239094384e-03, -1.3289321669340e+00, -1.0272056956118e-01, -6.8039682648191e-01,  1.4498544700000e+00,  9.0875200000000e-01,               500000
  9.0557613970156e+00,  1.1029940497038e+00,  1.0754883052466e+00,  1.2565198818653e-01,  1.9865667118200e-01,  6.3032796412979e-04, -5.7385117063954e-04, -1.7592846588601e-02, -7.3591091436003e-03, -1.3577315676319e+00, -4.1112685034784e-02, -3.3059608592346e+00,  1.4017417000000e+00,  8.9949800000000e-01,               500000
  9.0616140009403e+00,  1.1043230139231e+00,  1.0809000675655e+00,  1.2508352438888e-01,  1.3152737693608e-01,  5.1288863691074e-04,  1.8193707912866e-03, -2.4345682508894e-02,  1.2798100991548e-02, -1.4697846620630e+00, -4.9611842970956e-02, -7.6174224980862e-01,  1.4879356900000e+00,  9.0404400000000e-01,               500000
  9.0626007150457e+00,  1.1052455819061e+00,  1.0886057016911e+00,  1.2627999638224e-01,  1.3455690934865e-01,  5.1876181306771e-04, -5.1356990635485e-04, -3.2572666925021e-02,  2.6334030971928e-02, -9.9628695599531e-01, -1.0873713327810e-02, -1.1714123520174e+00,  1.4904227730000e+00,  9.0710400000000e-01,               500000
  9.0647484995500e+00,  1.1054856267115e+00,  1.0962036100549e+00,  1.3038042175055e-01,  2.3421670224771e-01,  6.8442194916252e-04, -2.3129077191228e-04, -2.9029201677524e-02, -4.2388361008655e-02, -2.4726077503684e+00,  5.7128070729590e-02, -2.5861427353843e+00,  1.4277262250000e+00,  9.0677800000000e-01,               500000
  9.0660092317198e+00,  1.1060944567588e+00,  1.0980422013946e+00,  1.2800642830793e-01,  1.5361788259217e-01,  5.5428852160616e-04,  2.9680966817505e-05, -3.6171354061732e-02,  3.6706585563851e-02, -1.0065144379063e+00,  1.8057264578775e-02, -1.6525063267909e+00,  1.5908400870000e+00,  9.1026200000000e-01,               500000
  9.0671322594653e+00,  1.1062272054998e+00,  1.0992101324082e+00,  1.2524572741512e-01,  2.4280687409976e-01,  6.9685992006967e-04, -1.0781685004989e-03, -2.6563586088769e-02, -4.4083390449093e-03, -1.6557110239014e+00,  9.5145475113523e-02, -3.5093498838671e+00,  1.4955272080000e+00,  9.0968000000000e-01,               500000
  9.0694470072892e+00,  1.1064072246158e+00,  1.0976066058391e+00,  1.2495232818790e-01,  1.7406607385933e-01,  5.9002724320040e-04,  1.9151022160140e-03, -3.1032852344829e-02,  4.5438553263342e-02, -7.4762631339228e-01,  8.1242943514480e-02, -2.1777983951224e+00,  1.3936030720000e+00,  9.0144400000000e-01,               500000
  9.0692631306563e+00,  1.1060494866712e+00,  1.0938840406073e+00,  1.2635400213162e-01,  1.6929218401756e-01,  5.8188002890211e-04, -2.0665113286875e-04, -3.2057205440871e-02,  7.4191937259781e-03, -1.3396947806851e+00,  3.8483173554061e-02, -1.6320871493135e+00,  1.3640797500000e+00,  9.0672600000000e-01,               500000
  9.0693636819571e+00,  1.1056488704854e+00,  1.0894558891975e+00,  1.2529877251386e-01,  1.7361082160361e-01,  5.8925515967805e-04, -5.8221159594911e-05, -2.0658337666212e-02,  3.8972596562806e-02, -1.7131638173044e+00,  9.2556197325442e-03, -2.0125330171216e+00,  1.4894184500000e+00,  9.0092600000000e-01,               500000
  9.0695365015078e+00,  1.1048461323091e+00,  1.0852276677375e+00,  1.2191572294366e-01,  1.8358282890323e-01,  6.0594195910702e-04,  5.8050757144186e-05, -1.6159390696635e-02,  1.0832764295206e-02, -1.3268894215770e+00,  4.4290774711846e-02, -2.0320757699545e+00,  1.4615196150000e+00,  9.0710000000000e-01,               500000
  9.0696323353175e+00,  1.1040042774011e+00,  1.0801804009648e+00,  1.2304397942062e-01,  1.4298742529151e-01,  5.3476616439620e-04,  2.1077589839064e-03, -2.4312681959319e-02,  3.6138901648694e-02, -8.1052611154983e-01, -1.3175138082951e-02, -1.5391617154071e+00,  1.4256609160000e+00,  9.0699400000000e-01,               500000
  9.0672024935635e+00,  1.1028297399656e+00,  1.0760286176381e+00,  1.2481325215577e-01,  1.7374713389052e-01,  5.8948644410287e-04,  1.3780148842703e-03, -4.0567190842564e-02, -3.4895530803505e-03, -1.4802153814140e+00, -2.8422021130644e-02, -2.0744377084416e+00,  1.4711925140000e+00,  9.0601400000000e-01,               500000
  9.0633813294894e+00,  1.1018199291358e+00,  1.0731303998230e+00,  1.2911297575189e-01,  1.4155172330537e-01,  5.3207466262804e-04, -6.2395808927146e-04, -9.2052893127172e-03, -3.8718665143125e-02, -1.9493829129493e+00, -1.2653706360549e-01, -5.9763883572991e-01,  1.4220370480000e+00,  9.0815200000000e-01,               500000
  9.0606931873900e+00,  1.1013726690631e+00,  1.0741564528197e+00,  1.2581547523685e-01,  1.4793684653002e-01,  5.4394272957733e-04, -1.3912941546308e-03, -2.2191600413516e-02, -4.3921749734216e-03, -1.8131200693321e+00, -9.9605191159573e-02, -9.0739097713272e-01,  1.8574563470000e+00,  9.0623000000000e-01,               500000
  9.0599616107533e+00,  1.1010313314214e+00,  1.0779405492265e+00,  1.2299650152003e-01,  2.2744405157549e-01,  6.7445392959858e-04,  1.7143356119023e-03, -3.4932250312211e-02,  6.8134443635045e-04, -1.9120130630441e+00, -5.1209038136448e-03, -3.5566783276828e+00,  1.6708185420000e+00,  9.0424000000000e-01,               500000
  9.0572563764316e+00,  1.1007267688738e+00,  1.0815502338895e+00,  1.2270651510625e-01,  2.0312589398433e-01,  6.3737884179557e-04,  6.9453070016666e-06, -2.5633831533379e-02, -1.6526226970663e-02, -1.0527474299183e+00,  3.0586924879033e-02, -2.7377425060409e+00,  1.3904510020000e+00,  9.0380000000000e-01,               500000
  9.0548242070825e+00,  1.1006522773944e+00,  1.0839659049172e+00,  1.2647315340062e-01,  1.5758621261228e-01,  5.6140219560006e-04, -5.0561851149809e-04, -1.5305403308660e-02, -4.3597003306641e-02, -1.2919336092792e+00, -1.5335441983153e-02, -1.1162000662154e+00,  1.3900588960000e+00,  9.0476800000000e-01,               500000
  9.0532526670612e+00,  1.1011052638143e+00,  1.0866008291382e+00,  1.2775549943953e-01,  1.9232240482309e-01,  6.2019739571058e-04, -5.3851035848546e-04, -7.5350072729672e-03, -2.8157816159443e-02, -1.2873392702353e+00,  8.1412226350960e-03, -2.2115052032093e+00,  1.3954230790000e+00,  9.0541800000000e-01,               500000
  9.0524933197916e+00,  1.1018529225283e+00,  1.0887740158397e+00,  1.2371926677786e-01,  2.3668906138806e-01,  6.8802479808225e-04, -3.5389446313188e-04, -1.4741210701093e-02, -2.7878479444482e-02, -1.5458856824486e+00,  7.3788030546642e-02, -3.3865369240186e+00,  1.3471929570000e+00,  8.9956800000000e-01,               500000
  9.0522474837016e+00,  1.1028651143002e+00,  1.0886534341556e+00,  1.2332762278181e-01,  2.1131274681710e-01,  6.5009652639759e-04,  5.0839728356558e-05, -1.6381344041488e-02,  3.0479477949123e-02, -9.0175783971127e-01,  5.5155505283029e-02, -3.6330180339977e+00,  1.4286387330000e+00,  9.0314600000000e-01,               500000
  9.0519739233406e+00,  1.1034227720921e+00,  1.0870059361292e+00,  1.2140231543411e-01,  1.4207112564460e-01,  5.3304995196435e-04,  1.0010508136964e-03, -1.6825613479065e-02,  4.3269446086561e-02, -1.4557132574329e+00, -4.3473573190886e-03, -1.0716251356075e+00,  1.4410374850000e+00,  9.0428800000000e-01,               500000
  9.0505177424646e+00,  1.1034217812399e+00,  1.0856616015930e+00,  1.2403587589420e-01,  1.8351985103094e-01,  6.0583801635576e-04,  7.2329207526799e-04, -3.3157737317603e-02, -5.5507126234277e-03, -1.3112350550029e+00,  4.3294262967486e-02, -2.0442240294366e+00,  1.4807399670000e+00,  9.0771800000000e-01,               500000
  9.0483424586376e+00,  1.1034945173743e+00,  1.0832264875328e+00,  1.2514788969724e-01,  1.2833206299336e-01,  5.0662029764581e-04,  6.5212860917202e-04, -1.4332500573963e-02,  2.3004459426079e-02, -1.1222128748765e+00, -3.5563426300609e-02, -7.8734451292857e-01,  1.4339091430000e+00,  9.0691200000000e-01,               500000
  9.0455929419516e+00,  1.1032933562332e+00,  1.0820738776130e+00,  1.2679754569324e-01,  1.5783662076741e-01,  5.6184805911813e-04, -7.1711832541029e-04, -1.3911045625174e-02, -2.0878709495599e-02, -1.4990064162670e+00, -4.1344255831266e-02, -1.2071496543260e+00,  1.3266972150000e+00,  9.0609600000000e-01,               500000
  9.0440010810892e+00,  1.1033695031900e+00,  1.0822527516318e+00,  1.2438086034943e-01,  1.5597498244856e-01,  5.5852481135320e-04, -3.7264908395824e-04, -2.6047049047530e-02,  3.6945524249314e-02, -8.7191369145690e-01,  3.9057932713033e-03, -2.0352469994643e+00,  1.4581512540000e+00,  9.0584000000000e-01,               500000
  9.0430389909244e+00,  1.1030026803361e+00,  1.0823300404431e+00,  1.2344998280272e-01,  1.3426053433876e-01,  5.1819018581744e-04,  1.1896300537019e-03, -2.0389874452175e-02,  2.5283777604209e-02, -9.9557474455108e-01, -3.3448587058238e-02, -1.1596206584177e+00,  1.3742663410000e+00,  9.0027400000000e-01,               500000
  9.0407234951966e+00,  1.1023757758852e+00,  1.0833908106505e+00,  1.2653659074867e-01,  3.1796172359833e-01,  7.9744808432692e-04, -3.5780479113994e-04, -1.3857254264576e-01, -6.8766750870892e-02, -4.8402688004812e+00,  3.2614362338419e-02, -4.4869705386579e+00,  1.4161155000000e+00,  9.0208200000000e-01,               500000
  9.0391613906190e+00,  1.1026626437695e+00,  1.0834610397520e+00,  1.2276386457441e-01,  1.3836113671375e-01,  5.2604398430882e-04,  8.4274570390157e-04, -2.1519839614453e-02,  3.8325160566184e-02, -8.0523281056550e-01, -1.5750902367819e-02, -1.4359900876052e+00,  1.4140433890000e+00,  9.0140400000000e-01,               500000
  9.0367282286046e+00,  1.1024666130904e+00,  1.0840056249625e+00,  1.2171653462188e-01,  2.3040017107221e-01,  6.7882276195221e-04,  1.8746271106785e-03, -5.0348297123755e-02,  2.2007472347367e-02, -1.2805971769090e+00,  4.9395509635665e-02, -4.3707175891009e+00,  1.3898888910000e+00,  9.0740800000000e-01,               500000
  9.0322581764498e+00,  1.1020332354367e+00,  1.0831150181903e+00,  1.2448755627619e-01,  1.4079302944496e-01,  5.3064683066039e-04,  4.9344804565561e-04, -2.9749051042045e-02,  3.3557669994424e-03, -1.0819723801757e+00, -2.2503750526694e-02, -1.1985665158461e+00,  1.3193877980000e+00,  9.0722000000000e-01,               500000
  9.0276374189380e+00,  1.1016086246780e+00,  1.0829892472625e+00,  1.2346033161488e-01,  1.3340573976688e-01,  5.1653797491932e-04,  2.2752885121293e-04, -2.4955543178841e-02,  2.1289654716485e-02, -9.7844330443218e-01, -2.6548368249406e-02, -1.0686191997899e+00,  1.4304306570000e+00,  9.0658800000000e-01,               500000
  9.0232053665039e+00,  1.1009750723604e+00,  1.0836709029249e+00,  1.2524991715320e-01,  1.5466504322831e-01,  5.5617451079371e-04,  6.8446996607186e-04, -1.9633955861462e-02,  1.3729451959474e-02, -1.1207826962277e+00, -1.9319355769236e-02, -1.4704024822585e+00,  1.4331848020000e+00,  9.0455200000000e-01,               500000
  9.0183744048881e+00,  1.1002448378738e+00,  1.0848751442631e+00,  1.2451896300496e-01,  1.8040485039006e-01,  6.0067437166914e-04, -5.8436925294569e-04, -3.4286654496831e-02,  9.3164274094318e-03, -1.0070302541026e+00,  1.3745996885608e-02, -2.4892240030931e+00,  1.4168132820000e+00,  9.0339800000000e-01,               500000
  9.0147658308424e+00,  1.0994798462393e+00,  1.0855926052747e+00,  1.2580634563849e-01,  2.4140137954629e-01,  6.9484009605993e-04, -1.3633833906052e-04, -1.3691467224752e-02, -4.2142649134531e-02, -2.2074461346099e+00,  1.0952511699799e-02, -3.3520987151525e+00,  1.4062380000000e+00,  9.0423000000000e-01,               500000
  9.0116903345591e+00,  1.0993142143788e+00,  1.0859657208746e+00,  1.2138527718794e-01,  1.7544048275795e-01,  5.9235206213526e-04, -1.1957136931944e-03, -1.8125810680170e-02,  1.8651675783675e-04, -1.1824027651529e+00,  2.2236360015792e-02, -1.8022463404021e+00,  1.5154165290000e+00,  9.0732600000000e-01,               500000
  9.0104185075957e+00,  1.0991697930648e+00,  1.0856714596604e+00,  1.2235046595298e-01,  1.8786103365371e-01,  6.1296171765243e-04, -1.5807445292882e-03, -2.7321331414381e-02, -1.1913818615066e-02, -1.1827900139074e+00,  7.4517767865917e-04, -2.4929604228043e+00,  1.4784143700000e+00,  9.0351600000000e-01,               500000
  9.0112585557439e+00,  1.0991916527739e+00,  1.0854209985456e+00,  1.2650743846692e-01,  3.0719516978838e-01,  7.8383055539877e-04, -5.1329254399181e-04, -5.6854899419213e-02, -1.1107424327824e-01, -5.5260992922229e+00,  1.2605613497370e-02, -2.3075645940267e+00,  1.4420331560000e+00,  9.0537800000000e-01,               500000
  9.0126915255647e+00,  1.1005973563314e+00,  1.0848555108950e+00,  1.2671512802854e-01,  1.6953842336518e-01,  5.8230305402802e-04, -6.8043049891683e-05, -1.4883698281808e-03, -2.2895912080808e-02, -1.3705033430077e+00, -1.8399451507760e-02, -1.6026714593461e+00,  1.4688935130000e+00,  9.0498800000000e-01,               500000
  9.0140694211841e+00,  1.1021523009922e+00,  1.0849162020330e+00,  1.2681993908299e-01,  1.6640625528986e-01,  5.7689904713019e-04, -1.6330271870218e-03, -2.6478005574316e-02, -9.2382993209640e-03, -1.3829176471671e+00, -1.4123891888593e-02, -1.6979353513217e+00,  1.4294871550000e+00,  9.0281000000000e-01,               500000
  9.0173684032542e+00,  1.1036755301755e+00,  1.0854165394233e+00,  1.2621057022774e-01,  1.7810144013928e-01,  5.9682734545140e-04,  1.7124623067541e-04, -2.5558547448409e-02, -1.6598383084868e-02, -1.4680516521773e+00,  2.8860672068271e-02, -1.7957096737863e+00,  1.3876305560000e+00,  9.0653200000000e-01,               500000
  9.0201442057557e+00,  1.1052609619536e+00,  1.0850340175272e+00,  1.2559627088225e-01,  1.3349588792786e-01,  5.1671246922802e-04, -5.6651774559155e-04, -2.4733370877782e-02,  1.8665866597147e-02, -8.8996842236569e-01, -1.7744226218281e-02, -1.1108403829908e+00,  1.4438329070000e+00,  9.0224000000000e-01,               500000
  9.0233725853796e+00,  1.1064669325479e+00,  1.0852355676549e+00,  1.2216706225692e-01,  1.4232901641931e-01,  5.3353353487725e-04, -1.4331784179630e-03, -1.6838394173604e-02,  5.7291150735003e-02, -7.4931123949860e-01,  4.8433280582556e-03, -1.7153987515206e+00,  1.4607225150000e+00,  9.0455400000000e-01,               500000
  9.0280903831882e+00,  1.1068551049839e+00,  1.0852980679295e+00,  1.2635268380095e-01,  1.3021755843208e-01,  5.1032844018745e-04,  5.7169949979394e-04, -3.7774363601164e-02,  5.1441616183996e-02, -7.0094507576796e-01, -1.4875770439470e-02, -1.4321896899246e+00,  1.4284475000000e+00,  9.0419800000000e-01,               500000
  9.0316480908929e+00,  1.1065765936570e+00,  1.0858215534192e+00,  1.2369061957533e-01,  1.2480440208227e-01,  4.9960865101050e-04, -7.4503875783702e-04, -1.7369822058932e-02,  7.1676150263255e-02, -5.5529710137040e-01, -2.8475084344591e-02, -1.5374343367525e+00,  1.4835473880000e+00,  9.0237000000000e-01,               500000
  9.0358039794378e+00,  1.1054459898559e+00,  1.0871709042560e+00,  1.2468315565408e-01,  1.9212165100159e-01,  6.1987361776670e-04, -1.3883809842053e-03, -3.5668322289098e-02, -4.5509542417280e-03, -1.2576836392233e+00,  3.6323599222008e-02, -2.3650519252593e+00,  1.4153529580000e+00,  9.0776400000000e-01,               500000
  9.0413199237576e+00,  1.1044906036891e+00,  1.0873310975463e+00,  1.2346628330231e-01,  1.4541951733512e-01,  5.3929494218864e-04, -1.2810987975636e-04, -2.1988795628257e-02,  3.4680366708200e-02, -9.8759218726986e-01,  1.6623693559651e-02, -1.4368155994683e+00,  1.4260003100000e+00,  9.0713800000000e-01,               500000
  9.0464684505801e+00,  1.1032067261355e+00,  1.0869967778025e+00,  1.2650077738279e-01,  1.7292172212674e-01,  5.8808455536044e-04, -1.2463488547825e-03, -1.3971584535946e-02, -3.0222993368762e-02, -1.3712842459059e+00,  8.9079189656290e-03, -1.7678672977397e+00,  1.3764427360000e+00,  8.9820000000000e-01,               500000
  9.0526909906091e+00,  1.1024319988234e+00,  1.0864534484239e+00,  1.2321983065280e-01,  1.6735523127234e-01,  5.7854166880587e-04, -7.6682299443811e-04, -4.1824532535143e-02,  1.0270548006551e-02, -1.1292433337161e+00,  1.8298876408183e-02, -1.9226226281630e+00,  1.4138212110000e+00,  9.0605800000000e-01,               500000
  9.0592964381515e+00,  1.1016131617784e+00,  1.0854400502504e+00,  1.2417680499130e-01,  2.0757090822267e-01,  6.4431499784294e-04,  1.3995704628104e-03, -4.5799673916836e-02, -1.3904233619576e-02, -1.8820733236361e+00,  2.8192024376009e-02, -2.4163347129818e+00,  1.4417629080000e+00,  9.0354400000000e-01,               500000
  9.0635025663820e+00,  1.1010593936481e+00,  1.0837104258404e+00,  1.2016512435394e-01,  1.1843547588621e-01,  4.8669389946087e-04,  1.7954081314335e-03, -1.9319386044537e-02,  4.3992292403177e-02, -9.7427900166744e-01, -4.5654330074291e-02, -7.9413612116988e-01,  1.3967700130000e+00,  9.0497200000000e-01,               500000
  9.0650263009708e+00,  1.1000187795108e+00,  1.0835464630392e+00,  1.2444935455486e-01,  2.0412513454072e-01,  6.3894465259633e-04,  4.3914509523462e-04, -5.8988211097763e-02, -3.2242948296322e-02, -2.5901765601082e+00, -1.3892585803209e-02, -1.8882675242677e+00,  1.4413386270000e+00,  9.0437400000000e-01,               500000
  9.0658799338033e+00,  1.0994987354324e+00,  1.0838486836587e+00,  1.2252451659270e-01,  2.1951259383804e-01,  6.6258975820344e-04, -5.9737180186411e-04, -1.4487764544759e-02, -3.9227053167694e-02, -1.6300751031838e+00,  3.0962857173565e-02, -2.7971895312564e+00,  1.4252997120000e+00,  9.0548600000000e-01,               500000
  9.0674180139058e+00,  1.0995298866976e+00,  1.0832230036746e+00,  1.2666922101560e-01,  2.2759536232398e-01,  6.7467823786451e-04, -1.3371236694395e-03, -4.7709726732500e-02, -1.0260142740370e-01, -2.3133789727551e+00,  3.0114739634540e-02, -2.0275960001136e+00,  1.5269233000000e+00,  9.0771200000000e-01,               500000
  9.0705352017895e+00,  1.1008550700146e+00,  1.0817737308263e+00,  1.2206574699493e-01,  1.6360878112255e-01,  5.7202933687452e-04,  6.3100973344839e-04, -3.4251137684791e-02,  1.0981598255071e-02, -1.1848677257141e+00, -1.6142324277338e-02, -1.8502353824151e+00,  1.4032141520000e+00,  9.0390800000000e-01,               500000
  9.0725626717407e+00,  1.1019196552205e+00,  1.0809873448506e+00,  1.2545927713934e-01,  1.5895835714511e-01,  5.6384103636594e-04, -3.1846123865429e-04, -3.6889846593510e-03, -1.6902767293356e-02, -1.9633904926658e+00, -6.6851924534287e-02, -9.5653005133071e-01,  1.3711163280000e+00,  9.0628200000000e-01,               500000
  9.0747992497549e+00,  1.1031037242236e+00,  1.0823320162466e+00,  1.2480149747438e-01,  1.5102097154324e-01,  5.4958342686664e-04,  9.5764044753190e-04, -2.4930496418219e-02,  2.7647174862757e-02, -8.6293120370956e-01, -1.4204211250079e-02, -1.8177542017781e+00,  1.3892548350000e+00,  9.0402200000000e-01,               500000
  9.0756067608149e+00,  1.1038292065692e+00,  1.0840057243858e+00,  1.2526527980213e-01,  1.7604572705244e-01,  5.9337294689334e-04,  9.8257657236086e-04, -6.7686245054397e-03, -9.8472204141784e-03, -1.5586269191791e+00, -2.7012565692852e-03, -1.8153335603765e+00,  1.4443557500000e+00,  9.0776400000000e-01,               500000
  9.0750813668837e+00,  1.1046169764804e+00,  1.0856249905521e+00,  1.2599076229506e-01,  1.2871334695467e-01,  5.0737234247577e-04,  6.8816021964663e-04, -3.0807613440256e-02,  3.7277880190709e-02, -1.1108459828849e+00, -4.3810829487772e-02, -1.1699684200992e+00,  1.3837442750000e+00,  9.0352000000000e-01,               500000
  9.0737456117948e+00,  1.1048642039122e+00,  1.0884437207156e+00,  1.2484992674478e-01,  1.3021278881396e-01,  5.1031909392842e-04, -2.7103964736341e-04, -3.6483068631971e-02,  4.7376681120574e-02, -8.7072970535429e-01,  1.5135013832478e-03, -1.2368164702913e+00,  1.4294255080000e+00,  9.0467600000000e-01,               500000
  9.0729128097677e+00,  1.1044943910414e+00,  1.0909573718894e+00,  1.2486415988882e-01,  1.4989668355446e-01,  5.4753389585388e-04,  3.7572791208865e-04, -4.0969482009915e-02,  4.8153096699278e-02, -7.6718296434800e-01,  1.8126134522526e-02, -1.8475758703711e+00,  1.3545258490000e+00,  9.0710600000000e-01,               500000
  9.0717053146871e+00,  1.1035569589371e+00,  1.0926947079091e+00,  1.2732350477070e-01,  2.5047639938995e-01,  7.0778019100559e-04, -1.9176090157646e-03, -3.1336096293732e-02, -3.1518040840762e-02, -1.4338493653935e+00,  5.2759215831562e-02, -5.3932060744286e+00,  1.4060104020000e+00,  9.0657800000000e-01,               500000
  9.0731043467250e+00,  1.1031201936688e+00,  1.0927200951985e+00,  1.2121926815669e-01,  2.4283369533866e-01,  6.9689840771616e-04, -2.6068465714376e-04, -4.0004634349994e-02, -1.5727639057204e-02, -1.7874408717031e+00,  1.1802187857387e-01, -3.0379335951969e+00,  1.4411084790000e+00,  9.0563400000000e-01,               500000
  9.0747270224701e+00,  1.1029373323832e+00,  1.0891657453140e+00,  1.2955019322293e-01,  2.1033502868905e-01,  6.4859082430921e-04, -1.0573376639343e-03, -2.8447865301249e-02, -6.9683845245185e-02, -3.2412925841262e+00, -2.3598275969984e-02, -1.2652169085836e+00,  1.4386501840000e+00,  8.9971600000000e-01,               500000
  9.0775707634042e+00,  1.1036784743690e+00,  1.0867071105989e+00,  1.2086547766658e-01,  2.2195711188889e-01,  6.6626888249248e-04,  1.3468198881546e-03, -4.3360606093007e-02,  1.6289675463720e-02, -1.3272398370981e+00,  9.4772696734539e-02, -3.1140654386280e+00,  1.3340364160000e+00,  9.0367800000000e-01,               500000
  9.0784222756021e+00,  1.1041477378224e+00,  1.0816305108762e+00,  1.2519089115048e-01,  1.4301975970753e-01,  5.3482662556670e-04,  6.9965130451190e-04, -3.1908524475206e-02,  3.3363801367864e-02, -8.7838726518232e-01, -2.3022385169005e-02, -1.5754985590747e+00,  1.4299017410000e+00,  8.9997200000000e-01,               500000
  9.0783061475698e+00,  1.1041510698896e+00,  1.0777875747145e+00,  1.2499478223950e-01,  1.2765257730254e-01,  5.0527730466060e-04,  6.2278967043877e-04, -2.2268563882981e-02,  3.0134807408955e-02, -1.0866398444993e+00, -5.3310028167758e-02, -9.6558825695505e-01,  1.3853936360000e+00,  9.0299000000000e-01,               500000
  9.0774098112282e+00,  1.1037762684926e+00,  1.0759830831396e+00,  1.2471444124375e-01,  1.8857535709854e-01,  6.1412597583646e-04, -7.3681239022684e-04, -3.5970463285980e-02, -1.5827903547354e-02, -3.3972550320747e+00, -4.6445569534212e-02, -1.1843989701060e+00,  1.4417226340000e+00,  9.0612200000000e-01,               500000
  9.0775802808897e+00,  1.1036625293240e+00,  1.0758080776532e+00,  1.2536980211387e-01,  1.4516595046955e-01,  5.3882455487766e-04,  1.5716389819985e-04, -2.2648956935694e-02, -1.9983365422995e-02, -1.6212459894173e+00, -7.0951564080124e-02, -8.2171085762570e-01,  1.4983343020000e+00,  9.0378600000000e-01,               500000
  9.0775446222693e+00,  1.1038263473214e+00,  1.0778523937706e+00,  1.2431006678460e-01,  1.1503682236807e-01,  4.7965992613116e-04,  3.0065186196028e-04, -1.5008476291116e-02,  3.4772074054253e-02, -8.3448470323113e-01, -7.2107491563516e-02, -8.3292130384560e-01,  1.5291395610000e+00,  9.0684200000000e-01,               500000
  9.0771312986978e+00,  1.1035332692116e+00,  1.0819313219588e+00,  1.2536672943927e-01,  1.0661838176616e-01,  4.6177566364233e-04,  8.4930947730936e-04, -1.6078638877568e-02,  4.0068224735949e-02, -6.2701536472542e-01, -5.2983729075874e-02, -7.2407163873177e-01,  1.3691695740000e+00,  9.0270600000000e-01,               500000
  9.0756634685157e+00,  1.1027582616910e+00,  1.0872537865030e+00,  1.2352010039906e-01,  3.1465875620359e-01,  7.9329535004762e-04, -1.1966401529943e-03,  2.6774338742779e-02, -1.2740969636032e-02, -1.5839553540769e+00,  7.6304306130353e-02, -8.0505126006911e+00,  1.4325509730000e+00,  9.0340000000000e-01,               500000
  9.0758832580501e+00,  1.1022337952411e+00,  1.0898118970320e+00,  1.2437796752559e-01,  2.1812059505145e-01,  6.6048557145702e-04, -3.6435075316219e-05, -1.2962574800342e-02,  9.4669938311300e-03, -1.1297657228810e+00,  5.4695274859287e-02, -3.5916462986394e+00,  1.4187350390000e+00,  9.0048400000000e-01,               500000
  9.0761374156178e+00,  1.1016462505029e+00,  1.0904800329576e+00,  1.2648561708489e-01,  1.8797337925794e-01,  6.1314497348986e-04,  9.1181756837852e-04, -5.5857759505135e-02, -2.7226422088848e-02, -1.4407194049212e+00,  3.8237816764420e-02, -1.8549651676867e+00,  1.3749785370000e+00,  9.0652400000000e-01,               500000
  9.0752111016254e+00,  1.1014774584426e+00,  1.0899265520900e+00,  1.2243853400745e-01,  2.6133511711404e-01,  7.2295935862819e-04,  1.2467960645749e-04, -7.0638934066598e-02, -3.0631403112775e-02, -1.6372647795009e+00,  7.4897903341450e-02, -4.5904049947966e+00,  1.4178398020000e+00,  9.0619200000000e-01,               500000
  9.0742590782687e+00,  1.1017320180907e+00,  1.0871789292926e+00,  1.2226435032359e-01,  1.4449049661129e-01,  5.3756952408278e-04, -3.8104537328001e-04, -3.0612590716363e-02,  2.7755771564796e-02, -8.1159241016907e-01,  6.8808068961614e-04, -1.4317728435916e+00,  1.4200788590000e+00,  9.0337600000000e-01,               500000
  9.0739206509968e+00,  1.1016072343519e+00,  1.0847029345571e+00,  1.2244202612822e-01,  1.6341212102053e-01,  5.7168543976654e-04,  7.4734646439177e-04, -3.1433728831869e-02,  1.9519090709485e-02, -1.3204420739620e+00, -1.1444684252426e-02, -1.6492471878233e+00,  1.4462979070000e+00,  9.0282000000000e-01,               500000
  9.0726549744111e+00,  1.1012500900742e+00,  1.0828523639456e+00,  1.2436469509701e-01,  1.9459867005082e-01,  6.2385682660498e-04, -5.0546430727754e-04, -5.5904133611854e-02, -1.8654546338469e-02, -1.6053587977087e+00,  2.7781427788983e-02, -2.1962129052564e+00,  1.4693949950000e+00,  9.0805400000000e-01,               500000
  9.0722156225786e+00,  1.1011809724154e+00,  1.0803539501170e+00,  1.2767433191798e-01,  1.5092347404951e-01,  5.4940599568899e-04, -7.1242066509029e-05, -3.4394296096132e-02, -3.3671558775858e-02, -1.9312704593183e+00, -6.1143883906026e-02, -7.2587552667231e-01,  1.3911822480000e+00,  9.1001400000000e-01,               500000
  9.0719360568714e+00,  1.1015694393497e+00,  1.0800195497132e+00,  1.2299658999777e-01,  1.3534302294231e-01,  5.2027497141860e-04, -9.1604960985079e-04, -2.4019162304934e-02,  3.2410454129252e-02, -8.8901518592729e-01, -5.3943495768616e-02, -1.4304840921522e+00,  1.4964798510000e+00,  9.0645000000000e-01,               500000
  9.0729079895226e+00,  1.1015029504160e+00,  1.0814221681075e+00,  1.2211905497135e-01,  1.6435405006079e-01,  5.7333070746436e-04,  3.8248040914322e-04, -1.4440761224348e-02,  3.6111066854232e-03, -1.1789550808313e+00, -6.5492786715207e-03, -1.6609923846836e+00,  1.3685593420000e+00,  8.9886800000000e-01,               500000
  9.0732884501745e+00,  1.1014035669733e+00,  1.0829169344950e+00,  1.2278297963363e-01,  2.9579422964359e-01,  7.6914787868600e-04,  6.6592485929673e-04, -4.5499358391943e-02, -6.3006018433786e-02, -5.0966448150160e+00,  5.9844138965687e-02, -3.0186060151201e+00,  1.4721413760000e+00,  8.9801800000000e-01,               500000
  9.0727806802618e+00,  1.1021710213143e+00,  1.0824405567608e+00,  1.2513994180116e-01,  2.0600996244997e-01,  6.4188778217063e-04,  4.7210455760275e-04, -3.1222656115533e-02, -6.0271395327495e-02, -2.6712853632136e+00, -1.4498456178479e-02, -1.6611540236685e+00,  1.3382844470000e+00,  9.0159800000000e-01,               500000
  9.0717183369650e+00,  1.1036692840321e+00,  1.0824908497409e+00,  1.2423300155441e-01,  1.5076216632476e-01,  5.4911231332900e-04,  5.1852873495589e-05, -2.5564791344336e-02,  3.8611634821621e-02, -8.2761412218861e-01, -9.5838545644598e-03, -1.9029481224129e+00,  1.3422165470000e+00,  9.0708600000000e-01,               500000
  9.0707088757766e+00,  1.1045189218919e+00,  1.0828663797113e+00,  1.2561690990649e-01,  1.3440087124434e-01,  5.1846093631891e-04,  8.5149719512920e-05, -3.0143729478927e-02,  2.8846836131793e-02, -9.8411743370241e-01, -3.9645382289094e-02, -1.2008645838970e+00,  1.4919077110000e+00,  9.0604000000000e-01,               500000
  9.0697058042125e+00,  1.1049124137411e+00,  1.0844676191559e+00,  1.2415416331496e-01,  2.3259378401186e-01,  6.8204660253073e-04,  1.2746572346362e-03, -2.0553209084164e-02,  2.1827755946502e-02, -1.8058876083596e+00,  4.3165435399856e-02, -5.0044588705848e+00,  1.4458631850000e+00,  9.0466600000000e-01,               500000
  9.0671207057792e+00,  1.1049918867223e+00,  1.0846329669727e+00,  1.2178622052927e-01,  1.3699547550131e-01,  5.2344144945029e-04,  1.9667740553127e-03, -2.2323958919196e-02,  4.2274333605376e-02, -8.4282734854275e-01,  5.9321291640167e-03, -1.2800030456384e+00,  1.4335673400000e+00,  9.0290800000000e-01,               500000
  9.0621939061993e+00,  1.1045122042557e+00,  1.0846154981803e+00,  1.2711573496295e-01,  1.1737589772430e-01,  4.8451191466114e-04, -1.3702100322143e-03, -1.8276342812595e-02,  2.0333188892405e-02, -8.2321243703407e-01, -5.7897142106624e-02, -8.0127353807051e-01,  1.3484752470000e+00,  9.0036000000000e-01,               500000
  9.0595921135843e+00,  1.1038169883875e+00,  1.0864354227684e+00,  1.2607333540017e-01,  1.9953863276750e-01,  6.3172562520053e-04, -1.0815734340239e-03, -7.0960833701841e-02, -3.2974459184866e-02, -3.2916916311910e+00, -7.8284394451167e-05, -1.4817770103042e+00,  1.4110435360000e+00,  9.0659200000000e-01,               500000
  9.0587361345424e+00,  1.1036477901884e+00,  1.0881017622906e+00,  1.2624206833220e-01,  1.6942780199330e-01,  5.8211305086435e-04, -4.5250653601387e-04, -3.7113837189356e-02, -3.8031385308215e-03, -1.5598168804769e+00, -1.1950136303215e-02, -1.5673579485499e+00,  1.4393179320000e+00,  9.0758800000000e-01,               500000
  9.0585930400417e+00,  1.1035559249742e+00,  1.0900059588309e+00,  1.2614317922078e-01,  1.7524707322970e-01,  5.9202546098914e-04, -1.5718818405531e-04, -3.5642909264354e-02,  9.5512121949590e-03, -1.1704162246815e+00,  7.9603716970369e-03, -2.1425479737913e+00,  1.4049684740000e+00,  9.0721400000000e-01,               500000
  9.0586978874246e+00,  1.1033542764861e+00,  1.0915044647653e+00,  1.2332279878203e-01,  1.7780433413259e-01,  5.9632932869781e-04,  1.3172450937952e-03, -2.0863507871482e-02,  2.8115614232620e-02, -8.9276883160271e-01,  5.2785319936121e-02, -2.2296435437028e+00,  1.4128977060000e+00,  9.0603200000000e-01,               500000
  9.0570448844203e+00,  1.1028052110675e+00,  1.0912183059267e+00,  1.2292767067354e-01,  2.6089166348335e-01,  7.2234571153063e-04,  8.3941375854149e-04, -2.8801403240270e-02, -2.1709755875295e-02, -1.7618176145344e+00,  1.1292469062318e-01, -3.6832643035082e+00,  1.4564413950000e+00,  9.0405800000000e-01,               500000
  9.0544507444350e+00,  1.1026106413659e+00,  1.0874493249218e+00,  1.2483723117993e-01,  1.4323275252181e-01,  5.3522472387177e-04,  5.1007554470134e-04, -1.6322039917134e-02,  2.5822593882434e-02, -1.4270266850028e+00, -2.6309604628634e-02, -1.0525727116706e+00,  1.4183717240000e+00,  9.0052400000000e-01,               500000
  9.0514396927796e+00,  1.1021009208640e+00,  1.0849021459654e+00,  1.2281957184437e-01,  1.7401123755597e-01,  5.8993429728398e-04, -1.4159849659401e-04, -2.7639923961845e-02,  1.5209714646404e-03, -1.2430138008086e+00,  2.2251336897693e-02, -1.8757168964818e+00,  1.4318277630000e+00,  9.0268600000000e-01,               500000
  9.0489342754768e+00,  1.1016294653894e+00,  1.0819306777736e+00,  1.2402979610279e-01,  1.7871711889967e-01,  5.9785804151098e-04,  1.1366069513972e-03, -3.2587609484961e-02, -6.1218164059081e-03, -1.7104392217639e+00, -1.8239735439954e-02, -1.9032111884092e+00,  1.4739624610000e+00,  9.0472000000000e-01,               500000
  9.0451712788309e+00,  1.1012976903480e+00,  1.0798617798213e+00,  1.2602894828384e-01,  1.6119675306736e-01,  5.6779706421812e-04, -2.8843466849420e-04, -2.7123356821496e-02, -3.2643368920940e-02, -1.4943549022199e+00, -3.4116792606946e-02, -1.2010018099609e+00,  1.3965399170000e+00,  9.1060600000000e-01,               500000
  9.0421860348489e+00,  1.1014453037069e+00,  1.0791010869352e+00,  1.2446779667922e-01,  1.5288607402239e-01,  5.5296667896428e-04,  1.2774768040313e-03, -1.5038446014311e-02, -4.0510031512485e-03, -1.7106757077550e+00, -4.6002116009006e-02, -1.1092254478436e+00,  1.4665296620000e+00,  9.0837200000000e-01,               500000
  9.0377860994543e+00,  1.1016440924484e+00,  1.0798972554413e+00,  1.2487546667075e-01,  2.3758471673790e-01,  6.8932534660768e-04, -2.1244036416929e-04, -5.6083744939508e-02, -6.2203412985545e-02, -2.3253587498846e+00,  1.1600472372405e-02, -2.9304464199898e+00,  1.4562403310000e+00,  9.0783800000000e-01,               500000
  9.0341446601596e+00,  1.1026733397582e+00,  1.0802918903876e+00,  1.2093925919030e-01,  2.5286180597192e-01,  7.1114246951215e-04,  8.3943565641000e-04, -1.6808694502601e-02, -1.0588928937812e-02, -1.4954459729119e+00,  7.1154711143290e-02, -4.2607200401743e+00,  1.4246031960000e+00,  9.0552200000000e-01,               500000
  9.0297406317528e+00,  1.1037533996735e+00,  1.0784466841561e+00,  1.2261264792735e-01,  1.3257239650893e-01,  5.1492212325541e-04,  5.8343412199070e-04, -2.0856143072503e-02,  4.3920725247724e-02, -9.6818283450197e-01, -4.2660118186245e-02, -1.3806759795793e+00,  1.4582217830000e+00,  9.0238400000000e-01,               500000
  9.0249963193511e+00,  1.1041423964975e+00,  1.0781677175192e+00,  1.2319954329575e-01,  2.3037582328133e-01,  6.7878689333447e-04,  1.5071035141942e-03, -6.4434499959636e-02,  2.4740725498786e-02, -9.4491335624531e-01,  2.3971207627984e-02, -5.0690425609146e+00,  1.4051892980000e+00,  9.0170400000000e-01,               500000
  9.0187276488276e+00,  1.1041659854971e+00,  1.0772311957049e+00,  1.1979384682002e-01,  3.1565160567538e-01,  7.9454591519355e-04,  6.0575747178292e-04, -7.0143108927992e-02,  3.3379386265119e-02, -8.8470161747949e-01,  6.6620627795045e-02, -9.1791324341477e+00,  1.4873988080000e+00,  9.0667800000000e-01,               500000
  9.0123045083894e+00,  1.1037427384253e+00,  1.0744042726343e+00,  1.2689451914590e-01,  1.5395709093101e-01,  5.5490015485853e-04, -3.6252664401338e-04, -1.1680760052087e-02, -4.1995243457182e-03, -2.0371408893943e+00, -9.7562265497208e-02, -9.7493178454334e-01,  1.4547486090000e+00,  9.0882800000000e-01,               500000
  9.0070152759396e+00,  1.1034317655512e+00,  1.0749948794771e+00,  1.2674433597827e-01,  1.2466137983884e-01,  4.9932230040093e-04, -1.6544578775250e-03, -2.9269518759355e-02,  1.5104501863268e-02, -1.0239809692336e+00, -8.2799197825828e-02, -9.2933675457716e-01,  1.4407457960000e+00,  9.0238200000000e-01,               500000
  9.0045200183740e+00,  1.1029539336850e+00,  1.0781860131415e+00,  1.2466896431925e-01,  2.8858234208764e-01,  7.5971355402894e-04, -1.5653131492059e-03, -4.4533012314774e-02, -4.5812616679537e-02, -2.6739489834316e+00,  1.8316556210829e-02, -4.8530254316165e+00,  1.4791932050000e+00,  9.0559400000000e-01,               500000
  9.0044299122085e+00,  1.1031624274532e+00,  1.0805538957328e+00,  1.2524548506877e-01,  1.9114997448637e-01,  6.1830409102055e-04, -2.2856865238234e-05, -5.1950020223484e-02, -1.5665776417881e-02, -2.2178815972335e+00, -2.3088150553762e-02, -2.0642811959888e+00,  1.6997907760000e+00,  9.0339200000000e-01,               500000
  9.0044151253805e+00,  1.1035780899761e+00,  1.0834605568917e+00,  1.2545337883469e-01,  1.9328932412192e-01,  6.2175449193700e-04,  5.8061902271643e-04, -3.4496421676824e-02, -9.9006694704692e-04, -1.1913367324718e+00,  5.5474531907809e-02, -2.4900269240141e+00,  1.6024703560000e+00,  9.0379200000000e-01,               500000
  9.0036343354659e+00,  1.1039743119142e+00,  1.0843400935870e+00,  1.2812186923655e-01,  2.7858239705061e-01,  7.4643472192899e-04, -1.5943055006598e-03, -5.1145491962209e-02, -8.3121270948346e-02, -4.2634456061646e+00,  2.6839467875996e-02, -2.7896885672009e+00,  1.4970340960000e+00,  9.0795600000000e-01,               500000
  9.0051388370210e+00,  1.1054918617388e+00,  1.0843159359520e+00,  1.2330002899521e-01,  1.4189823568304e-01,  5.3272551221627e-04, -9.9234622061239e-04, -2.1095442532823e-02,  2.6596784484021e-02, -8.8801085363548e-01,  1.0420505167101e-02, -1.3730300886119e+00,  1.4020136270000e+00,  9.0140800000000e-01,               500000
  9.0078624229279e+00,  1.1065031331521e+00,  1.0839812251248e+00,  1.2583046471505e-01,  2.2140360279482e-01,  6.6543760458036e-04,  4.0194830313174e-04, -4.4361829669891e-02,  1.6241771613642e-03, -3.4007172246061e+00,  8.1271211328781e-03, -2.6498556825865e+00,  1.3627979670000e+00,  9.0392000000000e-01,               500000
  9.0097983639990e+00,  1.1074156838261e+00,  1.0834605280624e+00,  1.2593462201491e-01,  1.4621769764698e-01,  5.4077296094938e-04, -1.4803994379734e-03, -1.8784344561446e-02,  1.5044873850573e-02, -1.0978230932685e+00, -2.5203503747101e-02, -1.4840120474615e+00,  1.3317406640000e+00,  9.0262600000000e-01,               500000
  9.0135778498168e+00,  1.1080399900180e+00,  1.0838277499837e+00,  1.2783993301301e-01,  1.0753298417046e-01,  4.6375205481046e-04,  3.9093723871942e-04, -2.4627180261885e-02,  5.8890599966222e-02, -8.1532880931925e-01, -5.7656078061561e-02, -7.8219903816724e-01,  1.4944813920000e+00,  9.0335800000000e-01,               500000
  9.0164660079926e+00,  1.1078018736852e+00,  1.0860311130242e+00,  1.2474669722710e-01,  1.5487539868974e-01,  5.5655260073014e-04,  5.5425811824234e-04, -3.3132102940178e-02,  3.5647069793139e-02, -7.9128240418880e-01,  2.8714069849515e-02, -1.9820026238295e+00,  1.3617749420000e+00,  9.0582600000000e-01,               500000
  9.0183319156742e+00,  1.1071039067381e+00,  1.0871211885752e+00,  1.2342467915105e-01,  1.6751033527519e-01,  5.7880970149989e-04, -1.0389044366237e-03, -7.0735362150636e-03,  4.5056481955194e-02, -7.5755109571728e-01,  4.0590319641800e-02, -2.2037826722578e+00,  1.4400127700000e+00,  9.0407200000000e-01,               500000
  9.0214431478075e+00,  1.1058613958303e+00,  1.0868263482366e+00,  1.2622901266956e-01,  1.4326064398839e-01,  5.3527683302827e-04,  9.8944972357721e-04, -1.9707655345690e-02,  2.8986209689084e-02, -8.5540905766185e-01, -8.5440142177785e-03, -1.4765845020158e+00,  1.3923678720000e+00,  9.0881400000000e-01,               500000
  9.0229007859960e+00,  1.1043488148034e+00,  1.0868612168905e+00,  1.2351630058734e-01,  1.7272999138149e-01,  5.8775843912528e-04,  4.3469830125658e-04, -3.7615642567779e-02, -6.3631783824358e-03, -1.1362997709222e+00,  2.6081088010761e-02, -1.9687169751366e+00,  1.4077121340000e+00,  9.0581400000000e-01,               500000
  9.0236424960331e+00,  1.1030809273783e+00,  1.0860787880430e+00,  1.2045290907610e-01,  3.4850964800875e-01,  8.3487681487600e-04,  1.4827074399150e-03, -7.3552777071832e-02,  5.6029765188400e-02, -3.0769501521949e+00,  1.1786367607094e-01, -9.8869308386779e+00,  1.4560200610000e+00,  9.0907000000000e-01,               500000
  9.0223206093326e+00,  1.1011868766282e+00,  1.0817201247200e+00,  1.2141512882632e-01,  1.9693657893415e-01,  6.2759314676651e-04,  1.9350935578916e-04, -4.0868204563000e-02, -2.3770260865333e-02, -1.3696095786632e+00,  2.6128540057192e-02, -2.3805928401729e+00,  1.3744331810000e+00,  9.0457000000000e-01,               500000
  9.0208906467450e+00,  1.0998174738082e+00,  1.0769837209820e+00,  1.2611500212250e-01,  1.9153799812545e-01,  6.1893133403545e-04,  6.7140655041731e-04, -3.1040815622608e-02, -3.7114331084960e-02, -1.5833701967040e+00, -3.4857076028598e-02, -2.2605218414856e+00,  1.4040853550000e+00,  9.0311200000000e-01,               500000
  9.0186969670116e+00,  1.0991074801719e+00,  1.0738839790794e+00,  1.2380912185419e-01,  1.8009543362890e-01,  6.0015903497139e-04,  1.9218527349479e-03, -4.0725421993923e-02, -4.3967800142626e-02, -1.4097420432686e+00, -3.5885747199204e-02, -1.8337851089110e+00,  1.4329542070000e+00,  8.9929200000000e-01,               500000
  9.0140994552518e+00,  1.0990862400155e+00,  1.0722867966433e+00,  1.2405467098568e-01,  1.1940702748676e-01,  4.8868604949754e-04,  4.1351512437337e-04, -2.4136270872455e-02,  8.9187892260865e-03, -9.7452937854444e-01, -9.6875337792147e-02, -6.7377288342058e-01,  1.4056950680000e+00,  9.0224200000000e-01,               500000
  9.0094012634301e+00,  1.0989501630813e+00,  1.0740063475300e+00,  1.2401600585607e-01,  1.3577527750997e-01,  5.2110512856807e-04,  9.5110970766273e-04, -3.2523658914962e-02,  3.6365350887262e-03, -1.0458156400734e+00, -7.9194966106402e-02, -1.1454184852577e+00,  1.4012108840000e+00,  9.0764200000000e-01,               500000
  9.0038753459622e+00,  1.0987842696372e+00,  1.0781429677746e+00,  1.2366305482108e-01,  1.2993584444410e-01,  5.0977611643564e-04, -7.8749102057585e-04, -1.9126464004678e-02, -2.0515443950780e-03, -1.3844895160994e+00, -9.7067731769508e-02, -5.3174810916322e-01,  1.3966911640000e+00,  9.0509600000000e-01,               500000
  8.9999998775248e+00,  1.0986729109287e+00,  1.0850192981490e+00,  1.2581690655066e-01,  2.1967482048453e-01,  6.6283455022279e-04, -2.0298658505553e-03, -3.8453083601540e-02, -7.3022569199355e-02, -2.5930770020417e+00, -1.8742213299977e-02, -1.8362316551656e+00,  1.4579069990000e+00,  9.0607800000000e-01,               500000
  8.9993497003354e+00,  1.0996075348930e+00,  1.0918549172527e+00,  1.2819127124585e-01,  2.3335806459063e-01,  6.8316625295843e-04, -1.1196844551813e-03, -2.0497903937400e-02, -8.9705467453556e-02, -3.1738342871630e+00,  4.5965024676739e-03, -1.5817133508894e+00,  1.6366947410000e+00,  9.0574600000000e-01,               500000
  9.0003294219192e+00,  1.1017223162711e+00,  1.0978921519141e+00,  1.2616117088219e-01,  2.0547357766090e-01,  6.4105160113817e-04, -1.9191367157074e-03, -4.7700086156747e-02, -1.7497080273226e-02, -1.4455211302857e+00,  5.7848604612450e-02, -2.3595549387404e+00,  1.5040690310000e+00,  9.0563200000000e-01,               500000
  9.0039021416888e+00,  1.1038827294355e+00,  1.1014850404717e+00,  1.2152802324983e-01,  2.6933872762700e-01,  7.3394649345439e-04,  1.6387206881773e-03, -5.0777399793697e-02,  2.6242849908140e-02, -8.4896444553427e-01,  1.6881091617358e-01, -4.5635056676210e+00,  1.4537311680000e+00,  9.0070200000000e-01,               500000
  9.0048832963262e+00,  1.1054689002068e+00,  1.0993107476197e+00,  1.2702050820366e-01,  1.2861987097702e-01,  5.0718807355264e-04, -6.1820570251498e-04, -9.7577225257833e-03,  6.4239522621096e-02, -5.4060955699551e-01,  2.1787771097957e-02, -1.3777221195844e+00,  1.4268054130000e+00,  9.0274200000000e-01,               500000
  9.0066318320145e+00,  1.1060027759050e+00,  1.0966673534737e+00,  1.2110097530895e-01,  2.4098713727636e-01,  6.9424367087696e-04, -4.2436157685943e-04, -2.6321866005914e-02,  3.5310113688685e-02, -9.3390087686592e-01,  1.3765411960820e-01, -3.7590895953927e+00,  1.4186151120000e+00,  9.0319400000000e-01,               500000
  9.0088154323870e+00,  1.1059954971468e+00,  1.0899077125072e+00,  1.2182028322774e-01,  1.7828545473038e-01,  5.9713558716657e-04,  2.0061424718678e-03, -3.4468272708558e-02,  5.7535574713459e-02, -7.8780778993804e-01,  6.0832817510210e-02, -2.5128391110704e+00,  1.4254822040000e+00,  9.0406000000000e-01,               500000
  9.0080180726042e+00,  1.1051868815829e+00,  1.0818940337690e+00,  1.2147440552917e-01,  2.5072374151088e-01,  7.0812956654963e-04,  1.6059516319643e-03, -6.9785969554587e-02, -2.6176150174074e-03, -2.4012319402596e+00,  8.7139375371151e-02, -3.4233864939364e+00,  1.4653045950000e+00,  9.0380600000000e-01,               500000
  9.0051177435125e+00,  1.1045117501417e+00,  1.0719225441857e+00,  1.2435697473367e-01,  1.3597391535615e-01,  5.2148617499633e-04,  2.9167015344652e-04, -3.0294520503617e-02,  2.8466106527089e-02, -8.3553300175005e-01, -4.5513355410928e-02, -1.4453787241217e+00,  1.3146132420000e+00,  9.0468000000000e-01,               500000
  9.0021191058764e+00,  1.1035084651827e+00,  1.0644358850998e+00,  1.2734366754824e-01,  1.5565652166281e-01,  5.5795433802922e-04,  4.9827605249122e-04,  1.8413014445324e-02, -2.7392567951177e-02, -2.8404873144960e+00, -1.7094238932189e-01, -4.3784667841956e-01,  1.4079057850000e+00,  9.0496800000000e-01,               500000
  8.9987098670419e+00,  1.1030103886334e+00,  1.0632424914703e+00,  1.2736966703359e-01,  1.1618254644510e-01,  4.8204262559466e-04, -1.4954949775571e-03, -1.9329877193516e-02,  1.9398820808873e-02, -9.3830765419338e-01, -1.4370888157011e-01, -8.9251399018971e-01,  1.4390772180000e+00,  9.0945000000000e-01,               500000
  8.9977377573574e+00,  1.1022942760918e+00,  1.0667943135333e+00,  1.2279421134144e-01,  1.3165683084371e-01,  5.1314097642599e-04, -3.2212970250543e-05, -3.0447877642422e-02,  1.3451447703548e-02, -9.8413322471423e-01, -9.7020408097095e-02, -1.2470725961455e+00,  1.3916215270000e+00,  9.0388200000000e-01,               500000
  8.9969278079489e+00,  1.1014656647023e+00,  1.0731166510257e+00,  1.2619329707321e-01,  1.3919079228491e-01,  5.2761878716534e-04, -1.3614825012350e-03, -3.5250056923363e-02, -7.8726414468700e-03, -1.5705926979175e+00, -1.0156128390635e-01, -9.2300136687594e-01,  1.3742061130000e+00,  9.0413600000000e-01,               500000
  8.9981241434157e+00,  1.1008414146639e+00,  1.0820662896416e+00,  1.2398768618056e-01,  1.6126855059755e-01,  5.6792349942144e-04,  5.4196841335208e-04, -6.8189078743042e-03, -9.4668461755761e-03, -1.8773568682260e+00, -4.4401898023874e-02, -9.9162445037037e-01,  1.3205156430000e+00,  9.0359400000000e-01,               500000
  8.9984492506586e+00,  1.1004263023502e+00,  1.0915669841433e+00,  1.2843359974537e-01,  2.1290062086384e-01,  6.5253447550891e-04, -8.1354690935918e-04, -3.8612129572784e-02, -8.3761476620553e-02, -2.5588730399144e+00,  1.9907278167786e-02, -1.5728507159559e+00,  1.7115860230000e+00,  9.0700600000000e-01,               500000
  8.9999079288077e+00,  1.1012591648480e+00,  1.0995156686746e+00,  1.2361546613660e-01,  2.5418541690627e-01,  7.1300128598239e-04,  6.6548284524542e-04, -4.1994512172892e-02, -1.7790368534012e-02, -1.5607617659788e+00,  1.3493085241766e-01, -3.3419175710119e+00,  1.4501182120000e+00,  9.0211200000000e-01,               500000
  9.0003191508444e+00,  1.1022737133195e+00,  1.1023868610898e+00,  1.2753143615191e-01,  2.7175304392460e-01,  7.3722865370874e-04, -8.7263853649244e-05, -5.4202513123617e-02, -3.4849978612096e-02, -2.2296148943077e+00,  9.9462732444241e-02, -3.5215985050525e+00,  1.3667906330000e+00,  9.0534000000000e-01,               500000
  9.0008502753813e+00,  1.1036998574785e+00,  1.1018457202898e+00,  1.2492319100219e-01,  2.0932133103689e-01,  6.4702601344441e-04, -4.6894883690063e-04, -2.0193616926030e-02,  7.4036579717716e-04, -1.4905010198429e+00,  9.2996404800437e-02, -2.2820059827248e+00,  1.3975504770000e+00,  9.0370000000000e-01,               500000
  9.0020020992888e+00,  1.1049852727057e+00,  1.0984242590368e+00,  1.2673797474217e-01,  2.1170363542154e-01,  6.5069752638463e-04, -1.0160900772756e-03, -3.2363685232542e-02, -2.2093662172472e-03, -1.2802339572147e+00,  5.9673441786433e-02, -3.1147357468622e+00,  1.3775184900000e+00,  9.0462000000000e-01,               500000
  9.0044916812978e+00,  1.1061844450327e+00,  1.0934850671301e+00,  1.2568227724171e-01,  3.9746222861728e-01,  8.9158536172066e-04,  2.4700116009244e-05, -7.2409673880564e-02, -4.6671116177071e-03, -1.7356487619025e+00,  1.5326667768696e-01, -1.1286848931824e+01,  1.3755169670000e+00,  9.0234000000000e-01,               500000
  9.0067516684260e+00,  1.1073443209639e+00,  1.0843532559044e+00,  1.2479788609564e-01,  2.0634722641056e-01,  6.4241299241307e-04,  3.8870162043059e-04, -4.0141389501887e-02,  3.6730132505592e-02, -8.8816912943294e-01,  4.2617414523939e-02, -3.6715142869494e+00,  1.3748992840000e+00,  9.0707800000000e-01,               500000
  9.0082684573079e+00,  1.1078703443343e+00,  1.0748257714560e+00,  1.2469898618229e-01,  1.1040482827961e-01,  4.6990388012785e-04, -6.8060114852821e-04, -1.2627896607252e-02,  5.0790378460497e-02, -7.0323534916239e-01, -7.8432435326636e-02, -1.0625384920302e+00,  1.4011806420000e+00,  9.0648600000000e-01,               500000
  9.0106052156805e+00,  1.1076216432273e+00,  1.0687690984950e+00,  1.2720148740699e-01,  7.6317940277666e-02,  3.9068642228177e-04, -5.0446343588534e-07, -1.2908352409821e-02,  7.3538402289618e-02, -5.3251405407700e-01, -1.5489268028130e-01, -2.9692922765102e-01,  1.3769137100000e+00,  9.0569000000000e-01,               500000
  9.0127210869437e+00,  1.1063464333772e+00,  1.0682638922932e+00,  1.2583548328804e-01,  1.2792392929392e-01,  5.0581405534825e-04, -1.4963452364521e-03,  6.9260460748120e-03,  5.3059861001542e-02, -1.0892671528072e+00, -1.1147757829716e-01, -1.3786299301965e+00,  1.4444244510000e+00,  9.0647000000000e-01,               500000
  9.0167380935127e+00,  1.1044429725919e+00,  1.0713668995699e+00,  1.2517846847163e-01,  1.3689867896584e-01,  5.2325649344435e-04, -9.3684896231684e-04, -2.4786016399107e-02,  1.5091084939163e-02, -9.9761984465481e-01, -7.1910395863837e-02, -1.2333316473804e+00,  1.4566870840000e+00,  9.0782800000000e-01,               500000
  9.0217012031684e+00,  1.1025175921331e+00,  1.0764606775106e+00,  1.2428467617094e-01,  1.6152881738244e-01,  5.6838159256338e-04,  1.4764132310660e-03, -2.0732287590427e-02,  7.0421574477424e-03, -1.2712581274193e+00, -3.8822463464382e-02, -1.6549414260312e+00,  1.4285312500000e+00,  9.0189800000000e-01,               500000
  9.0240929793708e+00,  1.1006900593879e+00,  1.0823088085207e+00,  1.2638118376034e-01,  1.7913849088571e-01,  5.9856242930159e-04,  7.0254231006220e-04, -9.7990891721863e-03, -3.4224732132950e-02, -2.0406119228911e+00, -3.0019918260522e-02, -1.3818955516817e+00,  1.5390731850000e+00,  9.0362200000000e-01,               500000
  9.0252585923216e+00,  1.0995514191078e+00,  1.0885546131898e+00,  1.2372323934888e-01,  2.3556281581781e-01,  6.8638592033610e-04, -1.3954270983854e-04, -4.6389172692307e-02, -6.5249097681660e-02, -2.3295637448921e+00,  6.6873839596281e-02, -2.2522051500983e+00,  1.4368589260000e+00,  9.0714000000000e-01,               500000
  9.0265402281728e+00,  1.0994844412714e+00,  1.0920872374817e+00,  1.2252504181787e-01,  3.0176077946247e-01,  7.7686650006609e-04, -2.3985528681992e-04,  1.8121977114267e-02, -4.4140138552888e-02, -2.5880846754043e+00,  8.6497821578521e-02, -4.7780336646707e+00,  1.4127807600000e+00,  9.0356800000000e-01,               500000
  9.0280235213145e+00,  1.1000809977278e+00,  1.0925916210054e+00,  1.2535124272064e-01,  3.4359297629483e-01,  8.2896679824325e-04,  7.6389726964845e-04,  2.3273136197813e-02, -6.8761530505095e-02, -2.6850106854511e+00,  1.1247939727431e-01, -5.9831866123979e+00,  1.4299852070000e+00,  9.0791400000000e-01,               500000
  9.0282557360306e+00,  1.1016332975459e+00,  1.0895681893314e+00,  1.2601658185057e-01,  1.7320700345692e-01,  5.8856945801990e-04, -1.8187722457240e-04, -2.6354452494773e-02, -1.3036069332260e-02, -1.5727124671570e+00,  2.0213227790558e-02, -1.3495177230240e+00,  1.4756145270000e+00,  9.0488400000000e-01,               500000
  9.0287431202169e+00,  1.1032326446320e+00,  1.0862223227112e+00,  1.2747321387916e-01,  1.6829497981661e-01,  5.8016373519311e-04,  2.9596601434863e-04, -2.2085221128647e-02, -1.2918568110287e-02, -1.5028114719425e+00, -2.3290829751411e-02, -1.7571331940907e+00,  1.4450000080000e+00,  9.0852600000000e-01,               500000
  9.0287755700646e+00,  1.1048724510182e+00,  1.0839767366876e+00,  1.2503591403454e-01,  1.4214745513060e-01,  5.3319312660723e-04,  1.3457295139765e-03, -1.6945877369288e-02,  2.5698241357539e-02, -1.1854305371408e+00, -2.0237502821696e-02, -1.2129181685571e+00,  1.4081484760000e+00,  9.0534400000000e-01,               500000
  9.0268944960868e+00,  1.1059853665047e+00,  1.0826175586108e+00,  1.2533516692895e-01,  2.0400787251263e-01,  6.3876110168455e-04, -1.0249383127248e-03, -1.1304188097873e-02,  7.4702349832051e-03, -1.1891470269524e+00,  2.3699859862128e-02, -3.3519317288238e+00,  1.4030024530000e+00,  9.0217600000000e-01,               500000
  9.0266735487319e+00,  1.1068882929358e+00,  1.0806898118120e+00,  1.2227782319695e-01,  1.8327920321479e-01,  6.0544067127142e-04,  5.4236040717185e-04, -3.0215756723811e-02,  3.4630063460075e-02, -9.9667504211874e-01,  6.0917209399045e-02, -2.4847917946633e+00,  1.4557736080000e+00,  9.0765400000000e-01,               500000
  9.0257196418302e+00,  1.1072045700393e+00,  1.0770481026595e+00,  1.2375951668484e-01,  1.1227961615827e-01,  4.7387681133026e-04, -5.2115511411286e-04, -1.7782132215456e-02,  4.9640447675028e-02, -8.5088224979649e-01, -6.0112164287966e-02, -9.6192571202132e-01,  1.3958812090000e+00,  9.0594400000000e-01,               500000
  9.0256198071956e+00,  1.1067714275261e+00,  1.0757048938639e+00,  1.2379498294386e-01,  1.0036776576580e-01,  4.4803519005944e-04, -1.0768420236043e-03, -1.8504122358185e-02,  5.9435201582862e-02, -7.5080059668342e-01, -8.2957514908526e-02, -6.9914281695636e-01,  1.4607412410000e+00,  9.0541600000000e-01,               500000
  9.0270879517509e+00,  1.1055182853623e+00,  1.0771576455275e+00,  1.2389974420022e-01,  1.4447975818472e-01,  5.3754954782741e-04,  1.5224507358394e-03, -2.8801500076521e-02,  4.6702488037020e-02, -7.0795816559721e-01, -2.5332232250537e-02, -1.9430282967561e+00,  1.3214761780000e+00,  9.0635600000000e-01,               500000
  9.0262456001280e+00,  1.1037110377691e+00,  1.0793080507058e+00,  1.2354551745888e-01,  2.3255457860191e-01,  6.8198911809780e-04, -5.8670977293815e-04, -1.5010671467636e-02,  9.3174236851206e-03, -1.1474173946230e+00,  1.0698146662345e-02, -4.7408821601862e+00,  1.4308637180000e+00,  9.0642200000000e-01,               500000
  9.0263403287326e+00,  1.1019542256028e+00,  1.0809792961883e+00,  1.2369637901429e-01,  2.0221021904247e-01,  6.3594059320423e-04, -2.2784573618214e-04, -5.9527801172379e-02, -3.4149209658581e-02, -2.2367842584942e+00,  6.8442893235366e-03, -1.8931884623277e+00,  1.4068175960000e+00,  9.0499000000000e-01,               500000
  9.0267963195061e+00,  1.1008883093094e+00,  1.0822962998910e+00,  1.2271057066033e-01,  1.6932147662579e-01,  5.8193036804379e-04, -1.9502974365233e-03, -6.2580821996392e-03, -1.4147289624826e-03, -1.1509046672489e+00, -4.8848681911987e-03, -1.9891039562307e+00,  1.4556261120000e+00,  9.0294200000000e-01,               500000
  9.0300159444008e+00,  1.0999569116467e+00,  1.0836720246330e+00,  1.2755149458297e-01,  1.5790731744507e-01,  5.6197387385014e-04, -2.4506658912941e-03, -3.1420511017077e-02, -4.2275408848284e-02, -1.7815958938707e+00, -5.7765403524552e-02, -8.6074813768579e-01,  1.5058478910000e+00,  9.0338400000000e-01,               500000
  9.0364518834861e+00,  1.0997523781254e+00,  1.0867810206089e+00,  1.2494660282821e-01,  2.6272024363208e-01,  7.2487273866807e-04, -1.6125797201472e-05, -4.0388762982181e-02, -5.1860453495503e-02, -1.8368794594285e+00,  6.1103629667699e-02, -3.7200802070141e+00,  1.5734408440000e+00,  9.0630400000000e-01,               500000
  9.0423043000622e+00,  1.1003451707470e+00,  1.0876758498453e+00,  1.2549505804716e-01,  2.1512371347726e-01,  6.5593248658266e-04,  2.5804846204374e-04, -3.6823646996250e-02, -4.3259326688045e-02, -1.4871947112060e+00,  6.4314703484495e-02, -2.5841375549698e+00,  1.4872904100000e+00,  9.0602000000000e-01,               500000
  9.0472333654093e+00,  1.1015280567707e+00,  1.0864542670023e+00,  1.2678665220812e-01,  2.1014294227842e-01,  6.4829459704431e-04, -6.6376836831812e-04, -1.8711657761165e-02, -4.2553828770915e-02, -2.2972975897373e+00, -1.2470604204224e-02, -2.4919543513715e+00,  1.4079200790000e+00,  9.0513400000000e-01,               500000
  9.0526450591740e+00,  1.1032390771121e+00,  1.0857952150062e+00,  1.2162311259523e-01,  3.8661241927116e-01,  8.7933204112117e-04,  5.6045899790486e-04,  7.0329842990178e-02, -2.0101698176287e-02, -2.5479204863113e+00,  1.4398345941368e-01, -7.9864403366455e+00,  1.3602068560000e+00,  9.0500800000000e-01,               500000
  9.0566616293359e+00,  1.1050969755855e+00,  1.0807083802201e+00,  1.2257522012800e-01,  1.4766339803200e-01,  5.4343978145145e-04, -1.3998673009506e-04, -2.1483477744669e-02,  3.0044951582830e-02, -1.0348378605551e+00, -1.5551953593543e-02, -1.6263739233527e+00,  1.4283919560000e+00,  9.0196000000000e-01,               500000
  9.0604992212795e+00,  1.1063342680581e+00,  1.0766505516450e+00,  1.2364339580872e-01,  1.9593013037694e-01,  6.2598742859092e-04, -1.4464866266907e-03,  3.2358781197220e-03,  3.3089379006034e-02, -1.2877024763489e+00, -1.9052814345638e-02, -3.6612668448778e+00,  1.4341583820000e+00,  9.0618400000000e-01,               500000
  9.0660436409181e+00,  1.1069684692059e+00,  1.0736662818435e+00,  1.2605029307767e-01,  1.3277437022397e-01,  5.1531421525895e-04, -6.8043153137473e-04, -6.1084935637401e-03,  2.5674281721644e-02, -9.3766234464767e-01, -8.0721646249955e-02, -1.7237543266793e+00,  1.4398200840000e+00,  9.0380200000000e-01,               500000
  9.0720286520694e+00,  1.1071659959210e+00,  1.0736069540921e+00,  1.2716683714632e-01,  1.1531109751484e-01,  4.8023139738014e-04,  1.7212497138274e-04, -2.8353717720993e-02,  2.8989246970393e-02, -1.4138138360082e+00, -1.1789466818409e-01, -6.2744184788252e-01,  1.4643488000000e+00,  9.0222600000000e-01,               500000
  9.0771933630369e+00,  1.1069237981643e+00,  1.0773520649873e+00,  1.2527609294182e-01,  1.5570786240983e-01,  5.5804634647998e-04,  7.1011610378319e-04, -3.6764206777218e-02,  1.6107967332470e-02, -1.3074917436132e+00, -2.8056331725195e-02, -1.6623686127253e+00,  1.4160983360000e+00,  9.0033400000000e-01,               500000
  9.0808430251319e+00,  1.1064756174668e+00,  1.0816558609635e+00,  1.2432133185752e-01,  1.8649362765129e-01,  6.1072682543227e-04,  3.4270443264322e-04, -3.1144618320499e-02,  2.2617634142322e-02, -1.5933485209419e+00, -5.3020043673199e-03, -2.3820702651846e+00,  1.4611421430000e+00,  9.0868600000000e-01,               500000
  9.0836566259601e+00,  1.1057466679238e+00,  1.0857435642639e+00,  1.2448176336190e-01,  1.3957462660912e-01,  5.2834577051230e-04,  3.9199748750027e-04, -2.0998564612230e-02,  3.4065075287532e-02, -8.3701807600761e-01,  1.4152089101466e-03, -1.4210053915648e+00,  1.4544907400000e+00,  9.0229400000000e-01,               500000
  9.0856370607543e+00,  1.1045879153872e+00,  1.0894046629196e+00,  1.2763224048790e-01,  1.3789651164245e-01,  5.2515999779581e-04,  1.1586246671061e-03, -2.6031823855627e-02,  3.6219899820766e-02, -9.3953843009185e-01, -3.5200780138344e-02, -1.5558441537498e+00,  1.4857137970000e+00,  9.0412400000000e-01,               500000
  9.0857528852109e+00,  1.1030098032916e+00,  1.0938648105657e+00,  1.2324811185067e-01,  3.3404611050340e-01,  8.1736908493458e-04,  6.5550616043759e-04, -6.1483573307859e-02, -1.9058269845604e-02, -1.4441809418444e+00,  1.5292165926040e-01, -7.2007899432096e+00,  1.4605366150000e+00,  9.0658800000000e-01,               500000
  9.0849466116340e+00,  1.1018834417585e+00,  1.0930603630348e+00,  1.2292174303461e-01,  1.8906951128323e-01,  6.1493009567466e-04, -8.8520727015131e-04, -3.1700728434845e-02,  1.0954647525667e-02, -1.3805158141512e+00,  4.5787151078178e-02, -1.9482729659520e+00,  1.4432179050000e+00,  9.0368600000000e-01,               500000
  9.0855348799750e+00,  1.1007146817075e+00,  1.0908926504410e+00,  1.2265360413777e-01,  1.9162058377939e-01,  6.1906475231496e-04,  9.2539223845113e-04, -2.7377794627160e-03,  2.8194940856487e-04, -1.0680750236118e+00,  3.7860385782375e-02, -2.5005169640528e+00,  1.4647013150000e+00,  9.0679000000000e-01,               500000
  9.0847154380455e+00,  1.0996651864907e+00,  1.0877595716852e+00,  1.2231104750394e-01,  1.9615219281651e-01,  6.2634206759008e-04,  3.4057977949703e-04,  1.9205358323512e-03,  1.5900179416098e-02, -1.4069874836716e+00,  1.9640297354013e-02, -2.5116180779903e+00,  1.3935409990000e+00,  9.0228200000000e-01,               500000
  9.0834776119881e+00,  1.0984912526809e+00,  1.0843429232609e+00,  1.2527708343154e-01,  2.2728229620993e-01,  6.7421405534137e-04, -1.2216907422536e-03,  1.1095953332109e-02, -3.7369951264290e-02, -1.6214154104547e+00,  3.5618822443957e-02, -3.0888609266407e+00,  1.4731742520000e+00,  9.0524000000000e-01,               500000
  9.0841422221483e+00,  1.0980073244421e+00,  1.0801637431198e+00,  1.2211633659339e-01,  1.8309895831903e-01,  6.0514288943857e-04,  7.0852987545459e-04, -2.1188483026073e-02, -1.3209349447470e-02, -1.3195896270681e+00, -1.4126855902612e-02, -2.1772881264320e+00,  1.4612534930000e+00,  9.0561400000000e-01,               500000
  9.0837187352281e+00,  1.0977799732004e+00,  1.0768899518956e+00,  1.2310543090079e-01,  1.7652970945970e-01,  5.9418803330208e-04,  7.1912822483542e-05, -3.3637426273422e-02, -3.8663603348477e-02, -1.9194567367660e+00, -4.7356346324636e-02, -1.3310899415200e+00,  1.4660401950000e+00,  9.0313400000000e-01,               500000
  9.0832562926039e+00,  1.0981722382231e+00,  1.0754959471726e+00,  1.2640307640315e-01,  2.0484215429939e-01,  6.4006586270382e-04, -1.0450823027584e-03, -1.5069469271206e-02, -6.2582784400796e-02, -2.3287487087085e+00, -7.8435926935321e-02, -2.1793919374262e+00,  1.4574898330000e+00,  9.0579800000000e-01,               500000
  9.0843848380321e+00,  1.0994874322636e+00,  1.0768160006246e+00,  1.2673700056482e-01,  1.7657443136630e-01,  5.9426329411516e-04, -7.7024521626220e-04, -3.0044950379028e-02, -5.7948430326304e-02, -2.1129715467004e+00, -7.1956906292561e-02, -1.0882304405393e+00,  1.4636418220000e+00,  8.9986000000000e-01,               500000
  9.0865554168275e+00,  1.1015636917579e+00,  1.0803517405097e+00,  1.2479413018048e-01,  1.5650945684711e-01,  5.5948093237770e-04,  5.3273205588418e-04, -2.2722915326489e-02, -3.2129994993044e-03, -1.2580746451284e+00, -2.8967785550910e-02, -1.4658454320089e+00,  1.4715094450000e+00,  8.9921000000000e-01,               500000
  9.0877442628177e+00,  1.1034928741904e+00,  1.0845001987434e+00,  1.2531637543113e-01,  1.5167697107707e-01,  5.5077576394948e-04,  7.5263785091623e-04, -2.5330136142180e-02,  2.4671735555012e-03, -1.1758661472998e+00, -6.0417060908765e-03, -1.2834341048817e+00,  1.4196203170000e+00,  9.0323800000000e-01,               500000
  9.0877256302593e+00,  1.1052029453284e+00,  1.0884555714573e+00,  1.2529696672368e-01,  1.4499734973531e-01,  5.3851155927297e-04, -4.0174483772196e-04, -1.8266358458268e-02,  4.0555360029191e-02, -7.3404296033315e-01, -5.1228007555345e-03, -1.7221170349125e+00,  1.3946839650000e+00,  9.0095400000000e-01,               500000
  9.0883146645025e+00,  1.1061345441610e+00,  1.0922144873512e+00,  1.2581643033395e-01,  1.9923313544481e-01,  6.3124184817677e-04,  2.4005840143016e-04, -4.6936515934249e-02, -1.3852441786990e-02, -1.9336259917936e+00,  4.0341244173863e-02, -2.3624362848853e+00,  1.4645428630000e+00,  9.0269800000000e-01,               500000
  9.0885257110738e+00,  1.1071990505290e+00,  1.0943268813296e+00,  1.2328522604791e-01,  1.8447692402112e-01,  6.0741571270609e-04,  7.5472426164117e-05, -1.3691073468784e-02,  4.9102502737139e-02, -7.0676141489416e-01,  9.7953777123044e-02, -2.7083442771652e+00,  1.5089955970000e+00,  9.0630600000000e-01,               500000
  9.0886144506659e+00,  1.1074172569583e+00,  1.0930865490057e+00,  1.2315680799333e-01,  1.7518324517332e-01,  5.9191763814456e-04,  5.2919837397369e-04, -3.6660915966907e-02,  7.3667998354584e-02, -6.5417264926088e-01,  7.5097882835810e-02, -2.5852527972952e+00,  1.4551268540000e+00,  9.0513400000000e-01,               500000
  9.0879383230879e+00,  1.1064979103030e+00,  1.0895707822068e+00,  1.2754072248074e-01,  2.3526744413863e-01,  6.8595545648188e-04, -4.5275010800207e-04, -2.8707731822668e-02,  5.3556619180208e-03, -1.3187344184857e+00,  8.0796650644910e-02, -4.2452175876838e+00,  1.4339805330000e+00,  9.0309200000000e-01,               500000
  9.0880212237080e+00,  1.1055978778019e+00,  1.0838493029386e+00,  1.2584137978116e-01,  1.6209776913674e-01,  5.6938171578783e-04,  7.1133779003080e-04, -3.4824409296457e-02,  5.9648090456882e-03, -1.3249061483662e+00,  1.2830907369217e-02, -1.5700076066451e+00,  1.4266338720000e+00,  9.0532600000000e-01,               500000
  9.0870665687833e+00,  1.1047059145019e+00,  1.0783014050020e+00,  1.2395542779313e-01,  1.2628487114823e-01,  5.0256317244348e-04, -7.0893331438570e-04, -2.2741149872778e-02, -8.9217818941638e-04, -1.1850844176697e+00, -6.4964828894074e-02, -7.9074318338908e-01,  1.4633486970000e+00,  9.0530600000000e-01,               500000
  9.0872760743241e+00,  1.1039247902772e+00,  1.0754346399186e+00,  1.2735913539660e-01,  1.2652291687768e-01,  5.0303661273843e-04, -1.2423702785096e-03, -3.3442079642874e-02, -1.9159953427735e-02, -1.3507812274973e+00, -1.1019634979976e-01, -6.7257636944378e-01,  1.4763295270000e+00,  9.0451200000000e-01,               500000
  9.0893354597032e+00,  1.1035242512778e+00,  1.0764520755743e+00,  1.2436546023809e-01,  2.0929226284763e-01,  6.4698108604137e-04, -1.1861929572928e-04, -5.6750422781810e-02, -1.4065443226698e-02, -1.5349048705470e+00,  3.5888130654694e-04, -3.4962553070979e+00,  1.3944677460000e+00,  9.0812600000000e-01,               500000
  9.0914099522822e+00,  1.1033904527144e+00,  1.0774141749433e+00,  1.2574953918545e-01,  1.5198166104205e-01,  5.5132868788418e-04, -7.3395660025771e-04, -2.2857402822901e-02, -7.2880852961158e-03, -1.5097886101355e+00, -4.1276824221806e-02, -1.1425423053137e+00,  1.4868266990000e+00,  9.0292200000000e-01,               500000
  9.0943889523250e+00,  1.1033932053121e+00,  1.0796445181856e+00,  1.2789588081792e-01,  1.1218975221354e-01,  4.7368713770491e-04, -3.1884347976833e-05, -1.8436405941223e-02,  1.5773338620393e-02, -9.1993351950294e-01, -8.0478252922017e-02, -8.5259592599199e-01,  1.4801348340000e+00,  9.0654200000000e-01,               500000
  9.0971347776366e+00,  1.1031605823888e+00,  1.0842875365032e+00,  1.2691741235674e-01,  1.3825700793860e-01,  5.2584600015328e-04,  1.0140076947814e-03, -1.0042816765641e-02, -1.3531802596344e-02, -1.4959034407840e+00, -6.0099152334435e-02, -7.4090265039308e-01,  1.3744683190000e+00,  9.0200600000000e-01,               500000
  9.0981022968466e+00,  1.1031704687735e+00,  1.0904394279434e+00,  1.2743477240201e-01,  1.8807796123663e-01,  6.1331551625020e-04,  1.1129755392868e-03, -3.3482212699058e-02, -3.8674230625731e-02, -1.9279913295623e+00,  4.6917139642787e-03, -1.9109602776068e+00,  1.4446197670000e+00,  9.0259000000000e-01,               500000
  9.0973365614606e+00,  1.1037894417476e+00,  1.0958612459939e+00,  1.2378654933058e-01,  2.3871973558258e-01,  6.9096994953844e-04,  1.0661233913450e-04, -1.6632602154946e-02, -1.7780330944991e-02, -1.3721117602465e+00,  1.1592888344034e-01, -3.2272858291934e+00,  1.4593864560000e+00,  9.0327600000000e-01,               500000
  9.0964995387972e+00,  1.1046317902367e+00,  1.0970079616324e+00,  1.2410073836762e-01,  2.1070187579313e-01,  6.4915618427792e-04,  7.1668810177020e-04, -2.7033557748128e-02,  1.3320281895847e-02, -1.3806060604100e+00,  8.3196834254214e-02, -2.7047246745421e+00,  1.4737732120000e+00,  9.0735200000000e-01,               500000
  9.0946928592007e+00,  1.1051959871724e+00,  1.0953731441009e+00,  1.2465438830009e-01,  2.0314467943719e-01,  6.3740831409260e-04,  6.0355946241531e-04, -5.1837261765835e-02,  2.7316857764116e-02, -1.0139287935654e+00,  8.2739015994441e-02, -2.9548517842161e+00,  1.4518658280000e+00,  9.0515000000000e-01,               500000
  9.0921993936163e+00,  1.1052902114744e+00,  1.0912547560386e+00,  1.2821795953456e-01,  1.3450880482333e-01,  5.1866907527503e-04, -3.7597494216901e-04, -1.6472756694313e-02,  1.1020110046811e-02, -1.0844019017081e+00, -1.9959479019290e-02, -1.0399354460373e+00,  1.4244543850000e+00,  9.0368800000000e-01,               500000
  9.0905290330096e+00,  1.1052130444000e+00,  1.0882117842817e+00,  1.2293320599180e-01,  2.6369738467040e-01,  7.2621950493002e-04,  9.5125396240958e-04, -4.8604938186595e-02,  1.5130142240560e-02, -1.3641692730138e+00,  6.9534167555826e-02, -6.1298173852231e+00,  1.4719644660000e+00,  8.9990800000000e-01,               500000
  9.0876324057067e+00,  1.1049197373289e+00,  1.0833036266740e+00,  1.2360354744402e-01,  1.1966934913479e-01,  4.8922254472742e-04, -1.8580043274603e-04, -1.3811514753237e-02,  3.4437586931096e-02, -8.6343928138853e-01, -4.6727260373572e-02, -9.1647243191881e-01,  1.4234614770000e+00,  9.0363800000000e-01,               500000
  9.0853119280364e+00,  1.1041281262409e+00,  1.0804234946626e+00,  1.2749998133796e-01,  1.5764472312232e-01,  5.6150640801742e-04, -1.3584105882177e-03, -2.2094830262698e-02, -2.9178466086387e-02, -1.3656167791637e+00, -3.5560626724580e-02, -1.3193666200398e+00,  1.4381776730000e+00,  9.0358200000000e-01,               500000
  9.0852825469934e+00,  1.1038784183005e+00,  1.0790126431978e+00,  1.2675344192612e-01,  1.2015860846850e-01,  4.9022159982706e-04, -1.4169318976909e-03, -2.7632949785933e-02,  1.3785789904445e-02, -1.3691498257697e+00, -8.3997280367492e-02, -5.9857288080481e-01,  1.4847963860000e+00,  9.0806200000000e-01,               500000
  9.0874088867858e+00,  1.1034497406582e+00,  1.0804975933192e+00,  1.2574976428089e-01,  1.7978699714596e-01,  5.9964489015743e-04,  7.1811166128082e-05, -4.3300632805614e-03, -2.1350600011760e-02, -1.5045515638883e+00, -9.0832915976494e-03, -2.0118017592950e+00,  1.4905348040000e+00,  9.0591800000000e-01,               500000
  9.0892200758420e+00,  1.1034074680175e+00,  1.0821657751760e+00,  1.2369987296966e-01,  2.1007204926778e-01,  6.4818523474047e-04,  9.1625060503356e-04, -4.3035498069059e-02, -1.1939090994576e-02, -1.5557389721265e+00,  3.1416635055417e-02, -2.9671008855393e+00,  1.4982976100000e+00,  9.0778000000000e-01,               500000
  9.0895024334079e+00,  1.1035675525651e+00,  1.0826884258511e+00,  1.2629162722419e-01,  2.0642878079118e-01,  6.4253992995171e-04, -2.6319859722225e-04, -6.5850515387254e-02, -2.3793924410752e-02, -1.4656603796183e+00,  1.4482436929304e-03, -3.2864585277503e+00,  1.4668327710000e+00,  9.0607000000000e-01,               500000
  9.0902039330358e+00,  1.1040944928565e+00,  1.0831657966639e+00,  1.2420572388964e-01,  1.8032326419329e-01,  6.0053853197491e-04, -1.0336728700696e-03, -2.7712832249525e-02,  2.0330541011562e-02, -1.1907706946788e+00,  2.8994182074162e-02, -2.3548683317607e+00,  1.3978026070000e+00,  9.0574000000000e-01,               500000
  9.0924184392330e+00,  1.1042610200312e+00,  1.0826827575958e+00,  1.2812973784879e-01,  1.6842716898633e-01,  5.8039153850885e-04, -6.9888981564531e-04, -2.3506783339618e-02, -2.2977515193281e-02, -1.8025916052703e+00, -3.1617157596049e-02, -1.3017984739886e+00,  1.4018021940000e+00,  9.0857000000000e-01,               500000
  9.0954883187556e+00,  1.1047845734308e+00,  1.0833079277852e+00,  1.2524983309977e-01,  1.8025309906098e-01,  6.0042168358742e-04, -2.1870428920811e-04, -4.0440937788127e-02, -2.5084261485502e-02, -1.3598003354505e+00,  2.0043362758690e-02, -1.8854548053713e+00,  1.4800489550000e+00,  9.0380800000000e-01,               500000
  9.0986163919195e+00,  1.1056598216676e+00,  1.0832428436878e+00,  1.2519697091502e-01,  1.4039582961370e-01,  5.2989778186684e-04, -3.2325109274811e-04, -2.9626055060082e-02,  8.6024296016848e-03, -1.1496909315120e+00, -4.9435306939684e-03, -1.1918126354475e+00,  1.4265764900000e+00,  8.9993200000000e-01,               500000
  9.1019475606399e+00,  1.1063226554910e+00,  1.0833666651618e+00,  1.2699146329252e-01,  1.4702404454890e-01,  5.4226201148319e-04, -9.6783921046545e-04, -1.9305689904968e-02,  1.7633150397892e-02, -1.1319395570204e+00, -1.4810338004424e-02, -1.5745305513644e+00,  1.4525796050000e+00,  9.0104200000000e-01,               500000
  9.1064311928538e+00,  1.1066520004747e+00,  1.0839926392672e+00,  1.2290889347782e-01,  3.1006189796133e-01,  7.8747939396701e-04, -9.5344704824742e-04, -9.5254940058237e-03,  4.6849188928343e-03, -7.5644658044148e-01,  1.1058104390138e-01, -8.6086162233959e+00,  1.4175424940000e+00,  8.9995600000000e-01,               500000
  9.1119248834647e+00,  1.1068810840927e+00,  1.0810545851028e+00,  1.2528902566902e-01,  1.2581060296808e-01,  5.0161858611514e-04, -1.2735290375723e-03, -3.0523227867774e-02,  5.5860513146062e-02, -1.2521744167899e+00, -6.6944140904568e-02, -1.0785293772943e+00,  1.4659163450000e+00,  9.0246600000000e-01,               500000
  9.1188296277390e+00,  1.1062183186555e+00,  1.0806331300789e+00,  1.2717461001298e-01,  1.1826767358894e-01,  4.8634899730325e-04, -5.3321053778848e-04, -1.1323451945313e-02,  5.0561957666124e-02, -5.9369676580433e-01, -4.1366154158353e-02, -1.2819861623859e+00,  1.4261608900000e+00,  9.0491400000000e-01,               500000
  9.1258703977283e+00,  1.1048293097492e+00,  1.0816387609720e+00,  1.2403425864305e-01,  2.2490575731516e-01,  6.7067988983592e-04,  1.0130675820551e-03, -5.7181743014882e-02,  2.8038204453081e-02, -1.3471642806902e+00,  3.0367991502420e-02, -5.9638181840493e+00,  1.4043187580000e+00,  9.0563400000000e-01,               500000
  9.1307135754557e+00,  1.1031460888724e+00,  1.0816407218074e+00,  1.2548765063346e-01,  1.7673008326251e-01,  5.9452516054833e-04, -3.9892430478964e-04, -8.7958387914720e-03, -2.0167796473558e-02, -2.0155729672133e+00, -1.7506398715218e-02, -1.5340439450991e+00,  1.5037581530000e+00,  9.0511800000000e-01,               500000
  9.1356921520154e+00,  1.1019637454261e+00,  1.0822464433864e+00,  1.2741159073111e-01,  1.1445345375167e-01,  4.7844216735500e-04,  5.7852282801261e-04, -1.6421221894749e-02,  1.9119291389423e-02, -9.2420521479679e-01, -7.1238958654688e-02, -6.7901737677431e-01,  1.4174130470000e+00,  9.0352000000000e-01,               500000
  9.1393076678296e+00,  1.1006033508931e+00,  1.0851577081660e+00,  1.2249704592609e-01,  1.9567561096283e-01,  6.2558070776332e-04,  2.2251918511661e-03, -2.8477622275304e-02, -3.0672041607809e-03, -2.0094227390264e+00,  2.7536775318648e-02, -2.0838946643312e+00,  1.4786106580000e+00,  9.0306400000000e-01,               500000
  9.1391887015385e+00,  1.0994419451055e+00,  1.0869039423217e+00,  1.2434826853110e-01,  3.1009491165441e-01,  7.8752131609806e-04,  9.1574770178811e-05, -2.2955614049820e-02, -8.5964485754609e-02, -4.0963387613408e+00,  5.2232765327924e-02, -3.3826656923338e+00,  1.4345549640000e+00,  9.0750600000000e-01,               500000
  9.1389592767003e+00,  1.0997902558365e+00,  1.0868030145776e+00,  1.2816238826143e-01,  1.9367960829376e-01,  6.2238188966865e-04, -4.5321377226801e-04, -3.3384183973014e-02, -8.6491674273215e-02, -2.1788409949339e+00, -1.5481905840278e-02, -1.2012948622633e+00,  1.4854803180000e+00,  9.0214600000000e-01,               500000
  9.1394704211381e+00,  1.1014928103737e+00,  1.0872452498373e+00,  1.2455763774632e-01,  1.7629990856374e-01,  5.9380115958752e-04,  1.3114352902049e-04, -1.2570518031161e-02, -5.7484514419135e-03, -1.3822536296947e+00,  3.7498970523237e-02, -1.6785146204450e+00,  1.4897579660000e+00,  9.0299400000000e-01,               500000
  9.1397400383269e+00,  1.1031292305624e+00,  1.0864271329986e+00,  1.2603503375136e-01,  1.6869744004010e-01,  5.8085702206327e-04, -1.3846424048859e-03, -1.2093539444999e-02, -1.0507184308016e-02, -1.3069810613375e+00, -6.3391674168813e-04, -1.6366509323656e+00,  1.5149143380000e+00,  9.0312200000000e-01,               500000
  9.1421106038961e+00,  1.1047812207057e+00,  1.0857381740025e+00,  1.2660050964424e-01,  1.3039744877383e-01,  5.1068081768131e-04, -2.9256692476462e-04, -2.3574389040643e-02,  2.2721589607554e-02, -9.2937877568746e-01, -2.2325085179670e-02, -1.0980846511346e+00,  1.4937139530000e+00,  9.0359400000000e-01,               500000
  9.1447128664774e+00,  1.1059155716301e+00,  1.0858782445402e+00,  1.2571421620376e-01,  1.6624150805516e-01,  5.7661340264542e-04, -4.8454512676547e-04, -3.7140721491160e-02,  2.2832616852352e-02, -7.9554444348907e-01,  2.9049799569353e-02, -2.3408192558875e+00,  1.5125888240000e+00,  9.0822200000000e-01,               500000
  9.1478290547537e+00,  1.1065802251274e+00,  1.0850761573209e+00,  1.2556755082498e-01,  1.5628367629765e-01,  5.5907723312196e-04,  1.4012408935970e-03, -2.0883702000327e-02,  3.1935500049243e-02, -1.0093443664198e+00, -4.3770754002445e-04, -1.7479217744975e+00,  1.4586066200000e+00,  9.0779400000000e-01,               500000
  9.1485009733588e+00,  1.1066776950246e+00,  1.0843971238985e+00,  1.2503547849252e-01,  1.5322697354072e-01,  5.5358282766127e-04, -3.6252863204781e-04, -3.3214350152996e-02,  5.2917984863905e-02, -1.2624786760693e+00,  6.8184961047942e-03, -1.7712889092641e+00,  1.4231448160000e+00,  9.0381800000000e-01,               500000
  9.1496886903936e+00,  1.1059304711879e+00,  1.0835872285220e+00,  1.2444208998568e-01,  1.5282199534766e-01,  5.5285078519915e-04,  5.8560690502985e-04, -4.1435822052743e-02,  2.0561670475814e-02, -1.1228704437647e+00,  1.2308580395761e-03, -1.5509829355977e+00,  1.4482901400000e+00,  9.0685000000000e-01,               500000
  9.1498902721073e+00,  1.1049373680954e+00,  1.0828422167237e+00,  1.2283345012861e-01,  1.6904302640649e-01,  5.8145167710910e-04,  1.6792399340947e-03, -3.8528577725557e-02,  4.5821269260857e-02, -7.4975166459398e-01,  1.8984033529670e-02, -2.6353881405936e+00,  1.5077922030000e+00,  9.0661200000000e-01,               500000
  9.1475196265736e+00,  1.1033151012038e+00,  1.0815798794785e+00,  1.2401748736569e-01,  1.2049037462649e-01,  4.9089790104764e-04,  5.4286777031150e-04, -2.3355182339944e-02,  2.3306257378758e-02, -1.0821775809044e+00, -4.3568182070164e-02, -8.3641454728760e-01,  1.4529812260000e+00,  9.0724600000000e-01,               500000
  9.1445661871549e+00,  1.1014884797598e+00,  1.0819156784698e+00,  1.2297896602896e-01,  1.3189084769754e-01,  5.1359682183117e-04,  8.5475742930434e-04, -2.3980582521275e-02,  2.2094357038014e-02, -8.0011245012343e-01, -1.8096052221485e-02, -1.2693863382603e+00,  1.5375512770000e+00,  9.0186200000000e-01,               500000
  9.1406075020202e+00,  1.0994944678240e+00,  1.0828461193681e+00,  1.2206021172446e-01,  1.7556110625196e-01,  5.9255566194571e-04,  1.2885893345004e-03, -3.8944834417843e-02, -5.6622298422151e-03, -1.3050690212853e+00,  4.8194179812463e-03, -1.8238991129744e+00,  1.4477877160000e+00,  9.0551200000000e-01,               500000
  9.1350870905389e+00,  1.0977991319159e+00,  1.0835533866920e+00,  1.2634197421604e-01,  1.8445021583824e-01,  6.0737174092682e-04, -6.6423830378065e-04, -1.7735748887777e-02, -5.3430516560874e-02, -1.6847177711914e+00, -1.9831087767609e-02, -1.4392641894121e+00,  1.4237720960000e+00,  9.0410000000000e-01,               500000
  9.1311521513601e+00,  1.0971445241776e+00,  1.0848811285222e+00,  1.2746873843885e-01,  2.4446721329938e-01,  6.9923846189891e-04, -3.8869011955236e-04, -8.5714302621459e-02, -6.9587413953598e-02, -2.0393895995064e+00, -5.6780303022718e-03, -4.2510237576965e+00,  1.4768433340000e+00,  9.0349800000000e-01,               500000
  9.1282732296374e+00,  1.0976914043155e+00,  1.0863400312257e+00,  1.2648226599030e-01,  1.5438389364537e-01,  5.5566877480271e-04, -2.1332963635577e-03, -2.8480493922959e-02, -3.4393345699875e-02, -1.2359041264868e+00, -1.3036695327508e-02, -1.0950328034895e+00,  1.5394553270000e+00,  9.0330600000000e-01,               500000
  9.1289982801455e+00,  1.0987483971031e+00,  1.0881120735481e+00,  1.2381547169610e-01,  1.7354772000312e-01,  5.8914806288932e-04, -8.5571624522408e-04, -3.8894988660755e-02, -3.3825817843292e-02, -1.6335287798446e+00,  5.2587319504737e-03, -1.2930664580820e+00,  1.4527232090000e+00,  9.0446200000000e-01,               500000
  9.1310029369745e+00,  1.1002597136820e+00,  1.0895533068683e+00,  1.2071774923217e-01,  1.9386447845925e-01,  6.2267885536487e-04, -3.9326027310543e-04, -1.4854402551064e-02,  6.0197596884639e-03, -9.8443593961527e-01,  6.1462954983803e-02, -2.5741160750478e+00,  1.3913041220000e+00,  9.0282600000000e-01,               500000
  9.1334286646628e+00,  1.1015322431292e+00,  1.0888210386767e+00,  1.2691870113741e-01,  2.2641641112365e-01,  6.7292854170951e-04, -6.6069076748174e-04, -2.2292493993848e-02, -5.7765366038188e-02, -1.5920304840350e+00,  7.0566728452499e-02, -2.7410952638936e+00,  1.4479202000000e+00,  9.0784200000000e-01,               500000
  9.1366537419926e+00,  1.1036256550171e+00,  1.0858273457600e+00,  1.2343843347703e-01,  2.0654508561715e-01,  6.4272091239845e-04,  7.5376360702460e-06, -3.2498738845833e-02, -7.0858819826401e-03, -1.5907431860711e+00,  2.7565214271603e-02, -2.7728000081523e+00,  1.4280933170000e+00,  9.0480000000000e-01,               500000
  9.1395732932984e+00,  1.1056395757099e+00,  1.0822460412988e+00,  1.2624859537416e-01,  1.1814587943311e-01,  4.8609850736884e-04,  1.8644131755451e-04, -1.4138872621252e-02,  3.3743940866533e-02, -8.1604371979096e-01, -5.3541523806367e-02, -1.0063129486389e+00,  1.4500139670000e+00,  9.0595400000000e-01,               500000
  9.1419257365836e+00,  1.1069138606427e+00,  1.0808473671426e+00,  1.2580383077908e-01,  1.2024024527964e-01,  4.9038810197565e-04, -5.9952707042816e-04, -1.6808804547755e-02,  4.2392431446292e-02, -7.2286019079790e-01, -5.0336468096386e-02, -1.2313288168984e+00,  1.4643403960000e+00,  9.0310400000000e-01,               500000
  9.1449891701832e+00,  1.1073799871004e+00,  1.0813106483223e+00,  1.2532751152100e-01,  9.2732584732153e-02,  4.3065667237871e-04,  7.1929846209781e-04, -1.5446808661053e-02,  8.3430744297495e-02, -4.9123087671541e-01, -6.1373603588426e-02, -7.5179721091261e-01,  1.4614395100000e+00,  9.0482800000000e-01,               500000
  9.1466428371971e+00,  1.1064489413316e+00,  1.0838164835374e+00,  1.2277963666910e-01,  1.3546044013524e-01,  5.2050060544679e-04,  1.9123890277628e-04, -1.8897444462852e-02,  7.4045049897842e-02, -6.5059919419837e-01,  5.2140944745238e-03, -1.6937261911367e+00,  1.4189085620000e+00,  9.0281000000000e-01,               500000
  9.1478499830158e+00,  1.1044119310194e+00,  1.0859265159939e+00,  1.2726301475255e-01,  1.8144149408058e-01,  6.0239769933256e-04, -2.3235543713885e-04, -3.1907348048559e-02, -4.9291613417832e-02, -2.7596733772111e+00, -3.8942320524328e-02, -8.7836064684029e-01,  1.4933981470000e+00,  8.9965600000000e-01,               500000
  9.1493245542101e+00,  1.1034012029304e+00,  1.0891619981514e+00,  1.2430829221147e-01,  1.9057238490808e-01,  6.1736923296854e-04, -1.9596800927064e-04, -3.9258778087525e-02, -2.0681919630762e-02, -1.4887887643507e+00,  6.0664946074038e-02, -2.0990832469658e+00,  1.4542066320000e+00,  9.0245000000000e-01,               500000
  9.1509895215763e+00,  1.1028395431076e+00,  1.0900536371084e+00,  1.2370174079977e-01,  1.7719465800375e-01,  5.9530606918416e-04,  4.3288391720518e-04, -3.7347152928931e-02,  4.5822104242418e-02, -6.3704804038072e-01,  5.4773475047749e-03, -3.2003510415503e+00,  1.4746563740000e+00,  9.0432800000000e-01,               500000
  9.1518428257943e+00,  1.1015913974461e+00,  1.0907254366136e+00,  1.2537513706750e-01,  1.8313499039545e-01,  6.0520242959764e-04,  1.0199336034789e-03, -2.1652090242906e-02, -9.7052738519450e-03, -1.5301724885167e+00,  3.8655391582542e-02, -1.7845370789588e+00,  1.4178587520000e+00,  9.0786200000000e-01,               500000
  9.1510344066282e+00,  1.1006376990305e+00,  1.0900474389484e+00,  1.2349786714383e-01,  1.6223721370571e-01,  5.6962656838618e-04, -1.1308845808747e-04, -3.0870944130684e-02,  2.3664945980102e-02, -8.7995402619834e-01,  2.9051843284817e-02, -1.9200256696995e+00,  1.4144676960000e+00,  9.0593600000000e-01,               500000
  9.1505070547082e+00,  1.0993987212233e+00,  1.0884811304857e+00,  1.2297317819521e-01,  2.9151325699740e-01,  7.6356172900087e-04,  1.5431420938235e-03, -7.1930426320728e-02, -5.8318402876859e-02, -2.1026915889663e+00,  1.0649823335372e-01, -4.7654327965948e+00,  1.4595273930000e+00,  9.0455400000000e-01,               500000
  9.1476740158774e+00,  1.0992540051431e+00,  1.0835360283331e+00,  1.2873839468062e-01,  1.7539634703111e-01,  5.9227754816659e-04,  5.6635164127615e-05,  1.2228894875912e-02, -6.2721456859007e-02, -2.0825626396790e+00, -4.6371242334473e-02, -1.0493756116668e+00,  1.4618106220000e+00,  9.0527800000000e-01,               500000
  9.1450229684451e+00,  1.1001680199402e+00,  1.0806766192208e+00,  1.2458781611521e-01,  1.3384370360645e-01,  5.1738516330959e-04, -1.1843685534686e-03, -2.0971686888899e-02,  1.5888773228280e-02, -7.8457990736089e-01, -2.9147288886141e-02, -1.2628400651685e+00,  1.4556213030000e+00,  9.0305800000000e-01,               500000
  9.1445086183356e+00,  1.1007374767834e+00,  1.0791139874020e+00,  1.2332487846515e-01,  2.1976630956295e-01,  6.6297256287564e-04,  1.0023613855431e-03, -7.8935161579478e-02, -8.7838016099575e-03, -1.5008098826238e+00,  5.9082982059818e-03, -3.7145882426697e+00,  1.4272844060000e+00,  9.0434600000000e-01,               500000
  9.1425349758188e+00,  1.1014071189029e+00,  1.0775679476632e+00,  1.2433998664312e-01,  1.6826006724932e-01,  5.8010355497846e-04,  5.7505770904607e-05, -2.5039877343321e-02, -3.1257274067878e-03, -1.1435734432672e+00, -1.2634378742812e-02, -1.9577648801682e+00,  1.4756688660000e+00,  9.0274200000000e-01,               500000
  9.1406859612261e+00,  1.1020712817096e+00,  1.0766392638400e+00,  1.3044467164834e-01,  2.0366371833551e-01,  6.3822209039723e-04, -2.3390127001438e-03, -9.8383614772808e-03, -7.2647186072271e-02, -2.1202317394212e+00, -5.1746483779430e-02, -2.4377202209878e+00,  1.4307249740000e+00,  9.0543800000000e-01,               500000
  9.1427000705224e+00,  1.1038821788576e+00,  1.0776105827901e+00,  1.2314874345544e-01,  1.3104986518003e-01,  5.1195676610438e-04, -6.1839055810103e-05, -2.4593592304174e-02,  4.3189482662035e-02, -9.3120536144523e-01, -4.2011624966922e-02, -1.2306283036930e+00,  1.4702787630000e+00,  9.0282000000000e-01,               500000
  9.1446312944117e+00,  1.1048101062401e+00,  1.0799413509576e+00,  1.2001027034148e-01,  2.6415606336294e-01,  7.2685082838632e-04,  1.5897631123246e-03, -4.0132868153432e-02,  5.1512866660665e-02, -7.7067536557233e-01,  8.7978255331362e-02, -7.1583785188466e+00,  1.4247200280000e+00,  9.0517800000000e-01,               500000
  9.1439047611936e+00,  1.1048031877371e+00,  1.0791567349833e+00,  1.2509542546293e-01,  1.4783369911566e-01,  5.4375306733050e-04, -4.7421641098349e-04, -1.6969378315382e-03,  2.9431677787800e-02, -8.6001163972563e-01, -2.4677165986077e-02, -1.7481888663475e+00,  1.3782833600000e+00,  9.0749000000000e-01,               500000
  9.1439969124615e+00,  1.1043182747380e+00,  1.0793231062322e+00,  1.2589233844079e-01,  1.5031733313574e-01,  5.4830161979652e-04, -4.5260512669723e-04, -2.3601808955531e-02, -5.2702319619271e-03, -1.6331981587303e+00, -5.4196782766074e-02, -1.0976221142205e+00,  1.5352567130000e+00,  9.0151600000000e-01,               500000
  9.1448106923138e+00,  1.1039819254190e+00,  1.0813448891511e+00,  1.2468599676815e-01,  1.4689920828497e-01,  5.4203174867340e-04,  7.9937309528110e-04, -3.0729093895626e-02,  1.5874069321808e-02, -8.9872064401009e-01, -2.7260258082999e-02, -1.6945257620966e+00,  1.4083461180000e+00,  9.0173200000000e-01,               500000
  9.1443089936647e+00,  1.1034236811225e+00,  1.0841283692387e+00,  1.2248855419422e-01,  1.6520097877041e-01,  5.7480601731438e-04,  6.0574627284611e-04, -2.7404212995153e-02,  1.4045604938859e-02, -9.5543087566372e-01,  1.8600935422055e-02, -2.0753017546118e+00,  1.4132500920000e+00,  9.0077800000000e-01,               500000
  9.1429236563553e+00,  1.1026959588181e+00,  1.0860344362513e+00,  1.2526912212494e-01,  2.1698673675322e-01,  6.5876663053500e-04, -9.8068839278620e-04, -6.5619759289760e-03,  1.1175556712015e-02, -1.1894570480034e+00,  3.0761173656914e-02, -4.1273419642604e+00,  1.4433499030000e+00,  9.0810400000000e-01,               500000
  9.1432282945896e+00,  1.1018647992816e+00,  1.0867672788135e+00,  1.2630239882735e-01,  1.5681864895489e-01,  5.6003330071503e-04, -8.0712920331192e-04, -1.6201261159590e-02, -2.0898411961248e-02, -1.3838523694459e+00,  6.0592484253194e-03, -1.1736667206237e+00,  1.4192901690000e+00,  9.0577000000000e-01,               500000
  9.1447899293010e+00,  1.1014743207261e+00,  1.0872396824678e+00,  1.2554296356724e-01,  1.5633627915303e-01,  5.5917131391557e-04,  9.8746384622494e-06, -2.2770071857064e-02, -4.1106088788143e-03, -9.8864800446124e-01,  7.7391658692972e-03, -1.6389795912901e+00,  1.4569324890000e+00,  9.1052600000000e-01,               500000
  9.1461994206169e+00,  1.1011990165592e+00,  1.0874274466824e+00,  1.2556667309940e-01,  2.0787756194595e-01,  6.4479075977552e-04,  2.2196707188835e-03, -2.7831710694456e-02, -1.5824912474492e-02, -1.4854567703149e+00,  4.4630374367920e-02, -2.7210044015737e+00,  1.4575685830000e+00,  9.0667400000000e-01,               500000
  9.1439835144160e+00,  1.1012266298627e+00,  1.0861078916629e+00,  1.2603092311621e-01,  1.8236377238773e-01,  6.0392677103723e-04,  1.9889337036441e-04, -3.6666059031407e-02, -5.3438005949156e-04, -8.8881190316178e-01,  1.9681007206113e-02, -2.5958072631824e+00,  1.3757520060000e+00,  9.0593600000000e-01,               500000
  9.1417014735773e+00,  1.1012678156275e+00,  1.0842858612165e+00,  1.2742990154520e-01,  1.5212044076245e-01,  5.5158034911053e-04, -1.5132723394816e-03, -1.9273885056591e-02, -2.5611870891843e-02, -1.2844285859115e+00, -3.3756325928570e-02, -1.1321602325656e+00,  1.3691219440000e+00,  9.0531400000000e-01,               500000
  9.1420552106115e+00,  1.1017427657609e+00,  1.0838277411776e+00,  1.2480845276907e-01,  1.7223662470033e-01,  5.8691843504926e-04,  1.2526675272962e-03, -3.6004275771790e-02, -2.3319591091799e-02, -1.3261765319365e+00,  9.0229806597249e-03, -1.6941813784839e+00,  1.4647377730000e+00,  9.0604000000000e-01,               500000
  9.1404208105855e+00,  1.1025711133302e+00,  1.0831327978234e+00,  1.2300352058077e-01,  2.0312857230769e-01,  6.3738304387187e-04,  1.4337018347521e-03, -7.3764376100529e-02, -1.6956779669846e-03, -1.5685333104677e+00,  2.1700255081133e-02, -2.7979100247682e+00,  1.4869106320000e+00,  9.0264200000000e-01,               500000
  9.1367395309809e+00,  1.1033589386884e+00,  1.0818053038132e+00,  1.2620412216515e-01,  1.5061800384702e-01,  5.4884971321304e-04, -6.7580086219801e-04, -2.0183272203662e-02,  1.0686038370224e-02, -1.1654462408280e+00, -4.2161829349030e-02, -1.5600487230204e+00,  1.4480389660000e+00,  9.0261800000000e-01,               500000
  9.1345094665081e+00,  1.1038997231091e+00,  1.0820943526168e+00,  1.2607470402815e-01,  1.5113439806071e-01,  5.4978977447877e-04,  1.5711466229345e-03, -1.1393374330726e-02, -2.5427895659692e-02, -1.3893364936861e+00, -2.8979972588504e-02, -1.1104254177933e+00,  1.4626510600000e+00,  9.0341400000000e-01,               500000
  9.1300232637065e+00,  1.1048246021768e+00,  1.0833768833284e+00,  1.2507268421940e-01,  1.5162721520820e-01,  5.5068541874322e-04, -6.4033075568825e-04, -2.2014441509713e-02,  2.9921031693071e-02, -8.7524126781000e-01, -1.5097796876182e-03, -1.9851987503004e+00,  1.4613461280000e+00,  9.0398600000000e-01,               500000
  9.1270142987832e+00,  1.1051634329221e+00,  1.0846191864554e+00,  1.2053927566764e-01,  1.9147953279738e-01,  6.1883686509028e-04,  1.4266527109071e-03, -3.6581113880578e-02,  6.7161388211976e-02, -5.6866817118758e-01,  7.0303573243227e-02, -3.2460877207220e+00,  1.3745965880000e+00,  9.0301000000000e-01,               500000
  9.1220726205374e+00,  1.1043460064919e+00,  1.0833575367934e+00,  1.2529000968412e-01,  1.8621170029777e-01,  6.1026502488307e-04, -9.4991349304815e-04, -3.4271715251603e-02, -1.5865497568191e-03, -3.7434262521837e+00, -3.0433828632990e-02, -1.1581033738846e+00,  1.4718346720000e+00,  9.0284200000000e-01,               500000
  9.1191562996508e+00,  1.1036675995447e+00,  1.0832966198074e+00,  1.2721677081415e-01,  1.9777605548200e-01,  6.2892933701967e-04, -3.4743748736541e-04, -3.8623837807260e-02, -4.2641122789807e-02, -1.7693441370071e+00,  3.4768448633990e-03, -2.5067382034836e+00,  1.4435428720000e+00,  9.0317800000000e-01,               500000
  9.1171113016534e+00,  1.1037886570851e+00,  1.0831645261538e+00,  1.2523727256878e-01,  2.5804325728243e-01,  7.1839161643553e-04,  3.8038448969308e-04, -9.4875348784780e-02,  2.2256187896519e-02, -8.7099075164193e-01,  5.0720132747041e-02, -7.2037232182628e+00,  1.4551361950000e+00,  9.0661200000000e-01,               500000
  9.1147393737941e+00,  1.1035302162826e+00,  1.0814084096903e+00,  1.1854904667130e-01,  4.0759387878928e-01,  9.0287748757988e-04,  4.5983000181568e-03, -2.7771087929813e-01,  6.5764379157581e-02, -1.8646032157748e+00,  1.8137675130955e-01, -1.4885181468783e+01,  1.4514180800000e+00,  9.0391000000000e-01,               500000
  9.1055868837476e+00,  1.1022044632381e+00,  1.0738262053568e+00,  1.2121809888055e-01,  1.2021119173164e-01,  4.9032885236673e-04,  6.5744711448601e-04, -2.1454362948708e-02,  3.6796979366811e-02, -9.2898304714600e-01, -7.9324613184327e-02, -9.3968777586434e-01,  1.4093301990000e+00,  9.0061600000000e-01,               500000
  9.0963206556331e+00,  1.1003968555318e+00,  1.0697605485798e+00,  1.2535569833373e-01,  1.7556213123170e-01,  5.9255739170430e-04, -1.3870659975375e-03, -4.7085070196807e-02, -4.1156388867673e-02, -2.3093340173092e+00, -7.9005759182994e-02, -1.1487649889377e+00,  1.4474469900000e+00,  9.0462400000000e-01,               500000
  9.0902069416862e+00,  1.0994830996796e+00,  1.0688509160260e+00,  1.2824248273727e-01,  1.5778417466726e-01,  5.6175470566300e-04,  1.0569668271257e-03, -1.5146988801381e-02, -5.3224289625000e-02, -2.0875476904355e+00, -1.1258465532549e-01, -6.4566817566858e-01,  1.3899658710000e+00,  9.0276200000000e-01,               500000
  9.0830426755668e+00,  1.0995776039243e+00,  1.0719269124393e+00,  1.2456202413760e-01,  1.5076542089361e-01,  5.4911824026089e-04, -1.1879081543722e-04, -2.4318062459600e-02, -2.3135232203076e-02, -1.8990887959163e+00, -9.3843532836849e-02, -7.8295280349569e-01,  1.4745142250000e+00,  9.0230400000000e-01,               500000
  9.0767947417510e+00,  1.1000704851966e+00,  1.0779400708131e+00,  1.2052108178039e-01,  2.5975190193239e-01,  7.2076612286148e-04,  2.4073580537931e-03, -8.3402978074931e-02, -2.2088165917950e-02, -1.5114946743068e+00,  5.9943413124957e-02, -4.5722130141154e+00,  1.4252249740000e+00,  8.9877400000000e-01,               500000
  9.0674419404054e+00,  1.1009017246445e+00,  1.0813667270227e+00,  1.2268085973576e-01,  1.5418417454439e-01,  5.5530923735228e-04,  1.7264895529725e-03, -2.2958224357612e-02,  3.9388907885290e-02, -6.6465345437019e-01, -6.4473374287242e-03, -2.0979064458670e+00,  1.4288136540000e+00,  9.0522800000000e-01,               500000
  9.0563170359215e+00,  1.1009880062428e+00,  1.0847128620883e+00,  1.2563778908935e-01,  2.0633281107801e-01,  6.4239055266716e-04, -3.5244139110743e-04, -1.9327004583173e-02, -2.4106692736964e-02, -1.2476677042261e+00,  2.0203648284397e-02, -2.9122600556494e+00,  1.4672873270000e+00,  9.0444400000000e-01,               500000
  9.0468664812062e+00,  1.1014857772698e+00,  1.0870799291138e+00,  1.2494609646134e-01,  1.9503635708225e-01,  6.2455801505105e-04, -1.8066963338446e-03, -2.3552492252760e-02, -4.7471023418114e-02, -2.5166420353247e+00,  1.0790714669179e-02, -1.4602074554537e+00,  1.4595000770000e+00,  9.0258400000000e-01,               500000
  9.0412385903047e+00,  1.1027626916789e+00,  1.0888647211642e+00,  1.2496754732082e-01,  1.8957099825463e-01,  6.1574507428746e-04, -9.9449271494671e-05,  4.7464391219645e-04, -6.4692344626447e-03, -1.0915669058655e+00,  1.7001481807437e-02, -2.5982569935377e+00,  1.4864346960000e+00,  8.9905000000000e-01,               500000
  9.0363247959029e+00,  1.1040326090195e+00,  1.0899291373399e+00,  1.2198569467275e-01,  2.2562188160625e-01,  6.7174679992725e-04,  1.4955721597934e-03, -4.7854421954438e-02,  4.1275590996931e-02, -7.4825660639470e-01,  7.6016132477853e-02, -4.4273615821902e+00,  1.4626134520000e+00,  9.0409800000000e-01,               500000
  9.0295724905494e+00,  1.1044798316732e+00,  1.0883321086147e+00,  1.2903922278782e-01,  1.4590311296157e-01,  5.4019091617976e-04,  1.3408575406799e-03, -2.9910591710395e-02,  4.9763262226240e-03, -1.0830115985306e+00, -1.4064612455827e-02, -1.3401601396438e+00,  1.4612496050000e+00,  9.0566800000000e-01,               500000
  9.0213941402746e+00,  1.1048071380927e+00,  1.0874038800327e+00,  1.2424782021532e-01,  1.9516514488922e-01,  6.2476418733666e-04,  3.7660102308412e-04, -2.3824086300856e-02, -2.6291512034171e-03, -1.1477853268269e+00,  5.1400975502160e-02, -2.4627805857043e+00,  1.4267283920000e+00,  9.1058400000000e-01,               500000
  9.0134477739003e+00,  1.1051567423135e+00,  1.0848282934107e+00,  1.2689904537696e-01,  1.8101916705224e-01,  6.0169621413507e-04, -1.4184405432499e-06, -2.9391742496947e-02, -2.2340466036371e-02, -2.4198358278809e+00, -2.2718787439178e-02, -1.5423414343806e+00,  1.4748846220000e+00,  9.0713800000000e-01,               500000
  9.0063135800590e+00,  1.1058743322210e+00,  1.0833233011343e+00,  1.2335107523485e-01,  1.8831234744316e-01,  6.1369755978521e-04, -1.2269533704851e-03, -1.4496226941751e-02,  2.4378093298950e-02, -1.2765568157556e+00,  1.6484455997929e-02, -2.8486561291911e+00,  1.4465421640000e+00,  9.0389200000000e-01,               500000
  9.0018492205727e+00,  1.1061145851023e+00,  1.0814440401214e+00,  1.2177597149210e-01,  1.9393405892027e-01,  6.2279058907512e-04, -1.0947714111183e-04, -1.7287013337695e-02,  5.2544082057565e-02, -8.2436969260545e-01,  7.1800980133055e-02, -3.2132328483318e+00,  1.4117404450000e+00,  9.0853600000000e-01,               500000
  8.9980145359463e+00,  1.1054379658310e+00,  1.0773133436706e+00,  1.2302007899599e-01,  1.2769421616990e-01,  5.0535970589255e-04,  4.0572680605728e-04, -1.5214394269555e-02,  4.0144904814898e-02, -7.2451829063175e-01, -2.6993183847191e-02, -1.3002465805233e+00,  1.4788909420000e+00,  9.0509600000000e-01,               500000
  8.9939263552739e+00,  1.1041461653159e+00,  1.0745536988172e+00,  1.2410632319006e-01,  2.0630242687158e-01,  6.4234325227494e-04, -1.2369186635339e-03, -3.7391147879277e-02, -4.5986140983801e-03, -2.2816732846483e+00, -3.9591863933572e-02, -2.7544208046312e+00,  1.4683566830000e+00,  9.0594600000000e-01,               500000
  8.9922438110554e+00,  1.1030807800395e+00,  1.0734942627163e+00,  1.2228965729988e-01,  1.5552668891394e-01,  5.5772159526764e-04, -3.9809314791301e-04, -3.0014598093625e-02,  5.5375198864574e-03, -1.6426609810286e+00, -5.5309875036294e-02, -1.2876235477246e+00,  1.4669534670000e+00,  9.0595000000000e-01,               500000
  8.9913860782683e+00,  1.1020398078241e+00,  1.0744889320169e+00,  1.2561340861585e-01,  1.5062181657758e-01,  5.4885665993514e-04,  2.5788121020318e-05, -3.9795198714798e-02,  1.0981594352072e-02, -1.0166955122089e+00, -5.9387371384697e-02, -1.7269409104234e+00,  1.3875716040000e+00,  9.0459000000000e-01,               500000
  8.9906038630477e+00,  1.1009216925507e+00,  1.0774833474679e+00,  1.2299489563604e-01,  3.0771736621988e-01,  7.8449648338266e-04, -8.3563842605195e-04, -2.9666814038618e-02, -4.5486120586162e-02, -1.6266168731529e+00,  4.3729349372282e-02, -7.0853001085723e+00,  1.4673161290000e+00,  9.0472000000000e-01,               500000
  8.9912568208599e+00,  1.1007117996800e+00,  1.0787793536268e+00,  1.2210067791089e-01,  1.8920223519434e-01,  6.1514589358028e-04, -1.1951471110332e-03, -1.8145865776354e-02,  4.2925537055027e-03, -1.9686374024272e+00, -2.1943658102299e-02, -2.0787564343539e+00,  1.4841363020000e+00,  9.0390000000000e-01,               500000
  8.9937677727428e+00,  1.1004656448208e+00,  1.0807489791505e+00,  1.2360685614095e-01,  1.5086585641744e-01,  5.4930111308360e-04, -8.8509379895281e-04, -2.7817960930463e-02, -1.1477695147549e-02, -1.3461625398111e+00, -3.1191348704917e-02, -1.1251999250316e+00,  1.4846173770000e+00,  9.0867400000000e-01,               500000
  8.9974660000517e+00,  1.1004535983300e+00,  1.0836323540012e+00,  1.2281857457891e-01,  3.2556974427898e-01,  8.0693214619196e-04, -7.0044449786478e-06, -8.8299930453253e-03, -7.6252773187869e-02, -4.3773245117191e+00,  7.5724298112854e-02, -4.1510444516851e+00,  1.3845314220000e+00,  9.0944800000000e-01,               500000
  8.9991411836510e+00,  1.1011257013655e+00,  1.0836436372245e+00,  1.2540739105892e-01,  1.8034228404003e-01,  6.0057020245768e-04, -3.8560197033293e-04, -1.0698926228171e-02, -6.0337656603885e-03, -1.0726705487073e+00, -6.4354548263602e-03, -2.3167663320253e+00,  1.3807612890000e+00,  9.0283200000000e-01,               500000
  9.0009634746208e+00,  1.1017880742989e+00,  1.0837865620660e+00,  1.2369870804076e-01,  1.9885540157631e-01,  6.3064316626173e-04, -1.1343422516326e-03,  1.0908453018690e-03, -9.4259287880722e-03, -1.2621194471439e+00,  2.0811738778316e-02, -2.7823589157871e+00,  1.4173729080000e+00,  9.0445400000000e-01,               500000
  9.0035127707882e+00,  1.1024719244826e+00,  1.0835754594822e+00,  1.2445441845795e-01,  1.4342546501664e-01,  5.3558466187269e-04, -2.7903819383583e-04, -2.1959708739669e-02, -3.7683119117131e-03, -1.1393661480760e+00, -3.1491234809688e-02, -1.2371904056952e+00,  1.4867380260000e+00,  9.0773400000000e-01,               500000
  9.0060421913335e+00,  1.1031256626199e+00,  1.0839477287889e+00,  1.2804507330239e-01,  1.6325310358281e-01,  5.7140721658517e-04, -1.5514018163509e-03, -4.7688321920421e-02, -5.5295394207998e-03, -1.2805647297455e+00, -3.2260922269866e-02, -1.7033208262646e+00,  1.4046724130000e+00,  9.0038000000000e-01,               500000
  9.0095819910060e+00,  1.1037682021660e+00,  1.0848635569657e+00,  1.2732784865127e-01,  2.1792857053973e-01,  6.6019477510767e-04, -1.6063453858895e-03, -5.8524340988713e-02, -5.9314287340041e-02, -3.4704363863687e+00, -2.1914444101908e-02, -1.6153730168930e+00,  1.4012935470000e+00,  9.0143600000000e-01,               500000
  9.0140790954421e+00,  1.1048771291837e+00,  1.0860873545197e+00,  1.2452809197045e-01,  1.4151810732542e-01,  5.3201147981115e-04, -1.1295840780412e-03, -2.5102976559387e-02,  3.3575539319066e-02, -7.9482975763550e-01, -1.2626566212697e-03, -1.6009502906895e+00,  1.4071823290000e+00,  9.0977600000000e-01,               500000
  9.0190449301048e+00,  1.1055878044798e+00,  1.0872262289946e+00,  1.2790966971620e-01,  1.5312267739640e-01,  5.5339439353213e-04, -3.1166582159381e-04, -1.6478489191231e-02, -1.5407865438880e-02, -1.4690100263742e+00, -1.9796575686141e-02, -1.0988309592189e+00,  1.4248543380000e+00,  9.0531800000000e-01,               500000
  9.0237758331919e+00,  1.1063685766692e+00,  1.0886100437673e+00,  1.2477264122348e-01,  1.3627117713141e-01,  5.2205589189552e-04, -8.8116449307114e-04, -1.8903732612848e-02,  3.9162385155484e-02, -6.8383780521856e-01,  1.3318259951440e-02, -1.4451870682685e+00,  1.4554027120000e+00,  9.0349200000000e-01,               500000
  9.0287526469825e+00,  1.1067338308401e+00,  1.0896350671395e+00,  1.2456174203295e-01,  1.5349583465558e-01,  5.5406828939325e-04, -3.2016631697155e-04,  1.9351238188800e-04,  5.7249172531542e-02, -5.7674106650160e-01,  3.7720930113650e-02, -2.0583694300257e+00,  1.4637202700000e+00,  9.0537400000000e-01,               500000
  9.0334940218653e+00,  1.1065662317779e+00,  1.0899118849177e+00,  1.2324290536300e-01,  1.7782180207641e-01,  5.9635862042300e-04, -1.0380058372206e-03, -1.4861921620658e-02,  5.6424082751479e-02, -6.1805489623703e-01,  5.5085303558590e-02, -2.8144875513250e+00,  1.4957436390000e+00,  9.0262200000000e-01,               500000
  9.0386055013283e+00,  1.1059255407313e+00,  1.0892149800255e+00,  1.2572761832144e-01,  2.1574972726459e-01,  6.5688618080241e-04,  8.7739059615734e-04, -2.7983833769495e-02,  4.5371478320930e-03, -1.8371080955173e+00,  4.3546856460421e-02, -2.8734748869965e+00,  1.4711242770000e+00,  9.0285800000000e-01,               500000
  9.0425136603346e+00,  1.1053166740187e+00,  1.0878445403438e+00,  1.2611224678123e-01,  1.2815211700586e-01,  5.0626498398735e-04,  1.0671312771971e-03, -2.4444720856682e-02,  4.0466683895654e-02, -8.2441598594952e-01, -3.1181270747575e-02, -1.2228656038406e+00,  1.4322720700000e+00,  9.0436200000000e-01,               500000
  9.0451826183714e+00,  1.1044178540413e+00,  1.0871713491190e+00,  1.2452252361740e-01,  1.7467209858921e-01,  5.9105346389174e-04,  3.2104388779485e-04, -1.0926464921148e-02,  4.4810500098344e-02, -7.8062153405631e-01,  2.9259226066943e-02, -2.6462824335586e+00,  1.5460585390000e+00,  9.0543200000000e-01,               500000
  9.0473325129951e+00,  1.1032192674713e+00,  1.0860712682590e+00,  1.2278190083526e-01,  2.3106423487116e-01,  6.7980031607989e-04, -9.3492095269899e-05, -2.4698837530538e-02,  2.3543355126768e-03, -1.5404890963946e+00,  4.0868254143974e-02, -3.9199375943861e+00,  1.4116184810000e+00,  9.0896400000000e-01,               500000
  9.0493550294922e+00,  1.1021254805357e+00,  1.0843923829121e+00,  1.2622206666473e-01,  2.5186511626205e-01,  7.0973955259947e-04,  1.0171376892872e-03, -3.5745979839298e-02, -9.0714065781575e-02, -2.9590923270147e+00,  1.1624608951620e-02, -2.5754306103380e+00,  1.3602159450000e+00,  8.9932800000000e-01,               500000
  9.0503686257311e+00,  1.1019488955030e+00,  1.0826967805973e+00,  1.2364849081813e-01,  2.2527293869145e-01,  6.7122714291282e-04, -1.7093925499203e-03, -3.6296932828380e-03, -1.9612895492161e-02, -1.1920401184608e+00,  3.0970390376865e-02, -3.6610504641985e+00,  1.4663505110000e+00,  9.0293200000000e-01,               500000
  9.0526636735491e+00,  1.1019672008224e+00,  1.0806530318597e+00,  1.2392976738369e-01,  1.6434264550502e-01,  5.7331081536113e-04, -1.2982168135113e-04, -1.6818531743938e-02,  7.3992164324943e-03, -1.3602095076396e+00, -7.4881089090893e-03, -1.7122763514649e+00,  1.4495359440000e+00,  9.0010000000000e-01,               500000
  9.0548432861357e+00,  1.1019246466351e+00,  1.0789596961462e+00,  1.2185677819421e-01,  1.1653512932528e-01,  4.8277350657483e-04,  6.0202967437899e-04, -1.5915761035501e-02,  3.3442548645456e-02, -7.8582179725396e-01, -5.8886182006410e-02, -8.9204009096100e-01,  1.4670349190000e+00,  9.0786400000000e-01,               500000
  9.0563256484387e+00,  1.1015955734099e+00,  1.0784879783778e+00,  1.2433656693259e-01,  1.7228671939198e-01,  5.8700378089409e-04, -2.4678500109926e-04, -3.0001426379691e-02, -2.0444424946709e-02, -1.4140677135048e+00, -2.7464662899025e-02, -2.0154220868681e+00,  1.4058963120000e+00,  9.0326000000000e-01,               500000
  9.0578734082759e+00,  1.1014853584788e+00,  1.0785687074055e+00,  1.2803191494368e-01,  1.0996687362724e-01,  4.6897094500031e-04, -4.8622389069215e-04, -1.6377939138987e-02,  1.1847909633266e-02, -1.0860343508520e+00, -9.1261985849126e-02, -5.9157361093255e-01,  1.5207796810000e+00,  9.0960800000000e-01,               500000
  9.0596689533988e+00,  1.1012863973194e+00,  1.0802661297438e+00,  1.2211050079614e-01,  1.3900200591859e-01,  5.2726085748628e-04, -3.0292359247195e-04, -1.1940439068187e-02,  3.4106741514589e-04, -1.0186271868201e+00, -1.9868542809609e-02, -1.1952181035341e+00,  1.3762119190000e+00,  9.0650600000000e-01,               500000
  9.0615375447153e+00,  1.1011086233059e+00,  1.0821588836385e+00,  1.2368348723291e-01,  1.1548822470977e-01,  4.8060009302907e-04,  2.5704455496900e-04, -2.0385188236624e-02,  2.6438366542569e-02, -7.9254177152680e-01, -5.5692881719041e-02, -8.0492859846999e-01,  1.4480684430000e+00,  9.0172200000000e-01,               500000
  9.0630203126492e+00,  1.1007183909159e+00,  1.0848599013914e+00,  1.2436852974033e-01,  2.5274404793078e-01,  7.1097686028559e-04,  9.8573763386917e-04, -6.1374446070973e-02, -5.4737268716425e-02, -3.0904764880362e+00,  3.4349420008781e-02, -2.8441184020433e+00,  1.4847671210000e+00,  9.0343400000000e-01,               500000
  9.0635785446787e+00,  1.1008645417926e+00,  1.0867072218430e+00,  1.2545235347701e-01,  2.2382643846158e-01,  6.6906866383291e-04,  6.1231875972921e-04,  5.2036332448569e-03, -5.6090803303127e-02, -2.4314504491121e+00,  1.8218638952070e-02, -2.1813021382203e+00,  1.5582113310000e+00,  9.0446000000000e-01,               500000
  9.0635805824371e+00,  1.1015033867405e+00,  1.0880665501371e+00,  1.2626777402211e-01,  1.7866842052493e-01,  5.9777658121564e-04, -8.9479534662258e-04, -1.7035179662892e-02, -4.7906038841824e-02, -2.2741449785176e+00, -1.2782189473108e-02, -1.0999773427339e+00,  1.4653514010000e+00,  9.0242800000000e-01,               500000
  9.0643186443370e+00,  1.1025133582676e+00,  1.0895288282885e+00,  1.2503075709396e-01,  1.4732228628599e-01,  5.4281172847681e-04,  4.6980960092798e-04, -1.9957836498933e-02,  3.3422326874350e-03, -1.1936141097578e+00, -8.9006578931714e-03, -1.0474441946469e+00,  1.4445341640000e+00,  9.0726600000000e-01,               500000
  9.0646084079416e+00,  1.1033989627874e+00,  1.0910144123013e+00,  1.2581938559280e-01,  1.5532621029466e-01,  5.5736201932794e-04,  3.5599526977704e-05, -3.0132604939200e-02,  2.9582414965463e-03, -1.5536750210625e+00, -7.1577202881976e-03, -1.3055275884912e+00,  1.4860390110000e+00,  8.9774800000000e-01,               500000
  9.0648527058457e+00,  1.1041774969269e+00,  1.0924923541197e+00,  1.2672109593049e-01,  1.5392797753539e-01,  5.5484768637058e-04,  1.3614769281372e-03, -1.8120295196801e-02,  1.6977065831604e-02, -1.3335714438310e+00,  1.1413786637247e-02, -1.2031580294802e+00,  1.4724703250000e+00,  9.0358800000000e-01,               500000
  9.0639678417423e+00,  1.1047339649101e+00,  1.0936305845731e+00,  1.2121044262984e-01,  3.0547029156881e-01,  7.8162688230230e-04,  2.8373867540600e-04, -8.0123563057933e-02,  5.2473101021351e-02, -8.0301931011543e-01,  1.4284220553160e-01, -7.6534452988025e+00,  1.5262240240000e+00,  9.0665000000000e-01,               500000
  9.0629713650879e+00,  1.1047720439297e+00,  1.0921741383089e+00,  1.2740308929128e-01,  1.8996772984688e-01,  6.1638904897293e-04, -5.2241251382350e-04, -1.5024933482599e-02, -4.8856164421052e-02, -2.3152802992404e+00,  2.4234470126498e-02, -1.4812988303257e+00,  1.4922877910000e+00,  9.0410000000000e-01,               500000
  9.0625074454326e+00,  1.1052516634978e+00,  1.0904429693300e+00,  1.2540762131945e-01,  2.1261029671499e-01,  6.5208940600963e-04, -7.5999295892046e-04, -3.9570649919250e-02,  1.8013162022503e-03, -1.2407275290672e+00,  5.6518967144253e-02, -3.1153826744728e+00,  1.4448671940000e+00,  9.0370600000000e-01,               500000
  9.0627283564948e+00,  1.1056732565869e+00,  1.0879033843924e+00,  1.2687861500338e-01,  1.6083755300642e-01,  5.6716409090565e-04, -6.2683845447817e-04, -1.8622565432220e-02,  2.0652183808875e-02, -8.8907295822949e-01,  6.8491222136325e-04, -2.2072979322471e+00,  1.4248084030000e+00,  9.0529800000000e-01,               500000
  9.0634489249322e+00,  1.1058727801926e+00,  1.0856227967224e+00,  1.2397132910912e-01,  2.0676169456673e-01,  6.4305784275869e-04,  9.4332748408070e-04, -3.1732038260925e-02,  1.8671077692145e-02, -1.7498641677375e+00,  3.5388792216450e-02, -2.9466603911239e+00,  1.4633015880000e+00,  9.0484800000000e-01,               500000
  9.0633369446761e+00,  1.1058935832049e+00,  1.0829621627460e+00,  1.2442520531925e-01,  1.7515158326425e-01,  5.9186414533109e-04, -1.2923597457320e-03, -1.5040396288185e-03,  2.0317029660950e-02, -1.1886931087492e+00,  1.8440866973286e-02, -2.3769754999004e+00,  1.4112380930000e+00,  9.0635000000000e-01,               500000
  9.0642973706102e+00,  1.1057359765675e+00,  1.0802564026375e+00,  1.2627118507584e-01,  1.2087059952145e-01,  4.9167184080737e-04,  1.1959054017517e-03, -1.5200181796851e-02,  1.2096668609985e-02, -1.2291031675982e+00, -5.5861090552421e-02, -6.5937154209574e-01,  1.4714350770000e+00,  9.0744600000000e-01,               500000
  9.0641864827711e+00,  1.1054912054461e+00,  1.0788264142917e+00,  1.2731689065279e-01,  1.9476889647490e-01,  6.2412962832235e-04, -1.0140028829375e-03, -6.6750959613430e-02, -3.0107079098963e-02, -2.9230502250856e+00, -6.1619495856461e-02, -1.8414429835322e+00,  1.4639807960000e+00,  9.0335400000000e-01,               500000
  9.0649470355094e+00,  1.1055535412196e+00,  1.0786591873473e+00,  1.2541389104096e-01,  1.2199139691805e-01,  4.9394614467176e-04,  2.7460864314901e-04, -1.5761975910561e-02,  3.2181646824009e-02, -1.0393784937742e+00, -6.7553708594775e-02, -8.9937852651905e-01,  1.4712369960000e+00,  9.0277600000000e-01,               500000
  9.0654128989797e+00,  1.1053257254792e+00,  1.0797266132301e+00,  1.2369946026132e-01,  1.0946014818755e-01,  4.6788919241109e-04,  5.8851075379579e-05, -1.0033675498876e-02,  5.8148869009156e-02, -5.8907453196629e-01, -3.7705094845195e-02, -9.5496423319990e-01,  1.5205469330000e+00,  9.0051400000000e-01,               500000
  9.0657883039672e+00,  1.1046011629723e+00,  1.0813723675225e+00,  1.2540627847645e-01,  1.5214814052243e-01,  5.5163056572752e-04,  2.2590834638038e-04, -1.7234455306635e-02, -1.8786928277250e-02, -1.9729951590157e+00, -5.2326774720711e-02, -8.5825362013485e-01,  1.4284257740000e+00,  9.0821200000000e-01,               500000
  9.0659474584822e+00,  1.1041260662944e+00,  1.0838002045868e+00,  1.2310555082340e-01,  1.5923220226304e-01,  5.6432650524859e-04,  1.4922302123009e-03, -7.9325419074460e-03,  1.0947918737083e-02, -1.4209286156799e+00, -1.0569807098463e-02, -1.4898519481718e+00,  1.4077318170000e+00,  9.0172400000000e-01,               500000
  9.0648642365363e+00,  1.1036059366987e+00,  1.0861906091126e+00,  1.2285411495085e-01,  2.7122392315523e-01,  7.3651058805047e-04, -2.3576694365634e-03,  2.3363251585853e-02,  2.1836359024736e-02, -1.1847944508240e+00,  6.2813541466877e-02, -5.4454833931565e+00,  1.4416425450000e+00,  9.0346200000000e-01,               500000
  9.0658212408790e+00,  1.1029460365000e+00,  1.0872636396678e+00,  1.2262222016582e-01,  1.7830447397469e-01,  5.9716743711406e-04,  8.7317583382317e-04, -2.0174701946008e-02,  2.0757603886657e-02, -9.0662296280824e-01,  4.1690247014882e-02, -2.4127587654023e+00,  1.4857931150000e+00,  9.0563800000000e-01,               500000
  9.0659724318849e+00,  1.1021684848179e+00,  1.0875026572039e+00,  1.2267931206204e-01,  1.7735904997336e-01,  5.9558215213917e-04, -7.9900694134368e-06, -2.4051607447150e-02,  2.5782760958633e-02, -1.0968181156140e+00,  3.0361807767206e-02, -2.2835839004123e+00,  1.5336883850000e+00,  9.0428400000000e-01,               500000
  9.0661251472872e+00,  1.1012402740068e+00,  1.0871924994535e+00,  1.2254701923757e-01,  2.2100130749093e-01,  6.6483277219302e-04,  3.7140895791313e-04, -1.8101521964043e-02, -1.4660523074508e-02, -1.6912500815033e+00,  4.1369882638486e-02, -3.3523546822505e+00,  1.3987050860000e+00,  9.0741400000000e-01,               500000
  9.0659637242512e+00,  1.1005440787037e+00,  1.0861988445831e+00,  1.2883087231351e-01,  1.8849524560120e-01,  6.1399551399209e-04, -2.7597295652179e-04, -5.3202874891887e-02, -4.5304806541105e-02, -1.6538287157170e+00,  8.8605938179059e-03, -1.7094931150225e+00,  1.4688016410000e+00,  9.0058800000000e-01,               500000
  9.0660682213811e+00,  1.1003340057611e+00,  1.0851594056260e+00,  1.2500534566722e-01,  1.7393842456040e-01,  5.8981085876812e-04, -3.8315460765406e-04, -2.3039784626832e-02, -1.9425246008388e-02, -1.2575867246337e+00,  9.4666917125634e-03, -1.7856403826926e+00,  1.4618443430000e+00,  9.0339800000000e-01,               500000
  9.0664886795120e+00,  1.1003262460890e+00,  1.0840683286013e+00,  1.2392510193806e-01,  1.9290465021771e-01,  6.2113549281571e-04, -3.8971123205592e-04, -3.7361026877240e-02, -8.2664359713305e-03, -1.2148636696915e+00,  2.0449271907434e-02, -2.3603392176861e+00,  1.4430892520000e+00,  9.0478200000000e-01,               500000
  9.0672054493118e+00,  1.1003996527731e+00,  1.0827375900842e+00,  1.2580351883909e-01,  1.5776564207907e-01,  5.6172171415937e-04, -1.0712611499502e-03, -2.9331023653521e-02, -3.2420864343159e-02, -1.9211218592608e+00, -5.4576068367288e-02, -8.3515277986194e-01,  1.4580084110000e+00,  9.0357800000000e-01,               500000
  9.0687500475345e+00,  1.1007685203524e+00,  1.0825325094218e+00,  1.2372786829982e-01,  1.8738547832572e-01,  6.1218539402001e-04,  8.9978290212206e-04, -2.3562738934320e-02, -1.1337252741711e-02, -1.2699119315546e+00,  2.1677016501291e-02, -2.2234828273707e+00,  1.5671884620000e+00,  9.0962200000000e-01,               500000
  9.0694053438781e+00,  1.1012095356355e+00,  1.0819760479192e+00,  1.2386345763677e-01,  2.1075135869844e-01,  6.4923240630523e-04,  5.8193488466654e-04, -1.7892120432619e-02, -2.7422042430293e-02, -1.9175723833255e+00,  2.1914080924408e-02, -2.3377437402001e+00,  1.4466181250000e+00,  9.0462600000000e-01,               500000
  9.0695204372084e+00,  1.1018647595000e+00,  1.0810994331926e+00,  1.2641507721145e-01,  3.3935063085280e-01,  8.2383327300225e-04, -5.3000347093245e-04, -8.8279718767785e-02, -3.9769537457733e-02, -2.0685709417310e+00,  3.0415946373767e-02, -9.7492678331231e+00,  1.3961370430000e+00,  9.0420400000000e-01,               500000
  9.0701006989623e+00,  1.1028261839532e+00,  1.0798472570054e+00,  1.2508079823888e-01,  1.4182124493820e-01,  5.3258097025372e-04, -1.7957724799728e-04, -1.5357376582774e-02, -8.3081717977139e-03, -1.2341678645632e+00, -5.4128883128544e-02, -1.0370479277586e+00,  1.3881482640000e+00,  9.0380800000000e-01,               500000
  9.0707790692964e+00,  1.1037736369980e+00,  1.0797098180276e+00,  1.2275791196991e-01,  2.1596684450812e-01,  6.5721662259580e-04,  2.7783920067569e-03, -7.2381760220672e-02,  6.2353764375734e-03, -1.6495260537614e+00,  4.9107416565715e-02, -3.1739500838205e+00,  1.4605926310000e+00,  9.0222000000000e-01,               500000
  9.0691150372640e+00,  1.1045779148813e+00,  1.0787247319118e+00,  1.2410356581184e-01,  1.5885937749122e-01,  5.6366546371268e-04,  9.8454611057865e-04, -9.0093306215051e-03,  3.6795308828483e-02, -8.2384473510015e-01, -4.1723305446002e-02, -2.8655649900395e+00,  1.4280705630000e+00,  9.0442400000000e-01,               500000
  9.0668036322728e+00,  1.1049705042842e+00,  1.0786203061283e+00,  1.2563793089212e-01,  1.3358844477591e-01,  5.1689156459728e-04,  7.5517692024978e-04, -2.6314700517402e-02,  3.3193872973401e-02, -9.1141421800579e-01, -5.4498035097422e-02, -1.4726414003563e+00,  1.4868769430000e+00,  9.0559200000000e-01,               500000
  9.0641057887588e+00,  1.1050251850815e+00,  1.0795284360383e+00,  1.2580427141106e-01,  1.2142056461171e-01,  4.9278913261497e-04, -6.4840299477724e-04, -1.4273463286777e-02,  3.1785035507110e-02, -1.0949107840352e+00, -7.1752506549657e-02, -8.8634949738659e-01,  1.4728630610000e+00,  9.0494600000000e-01,               500000
  9.0622202937031e+00,  1.1047888730724e+00,  1.0816554231552e+00,  1.2493076262794e-01,  1.7629182418460e-01,  5.9378754480808e-04,  2.8391904872798e-04, -1.6942038144409e-02, -6.3686738626525e-03, -1.5872292431548e+00,  1.1528850871120e-02, -1.7568926798066e+00,  1.5039784400000e+00,  9.0714600000000e-01,               500000
  9.0602925760191e+00,  1.1046415171544e+00,  1.0833782411395e+00,  1.1788186568204e-01,  4.0041260714929e-01,  8.9488838091607e-04,  1.5584529677980e-03, -9.2202919276789e-02,  4.0618829492657e-02, -9.0610991416023e-01,  2.1907989487382e-01, -1.0937715276079e+01,  1.4191829740000e+00,  9.0260400000000e-01,               500000
  9.0572999703177e+00,  1.1041408471678e+00,  1.0810701359616e+00,  1.2636421220945e-01,  1.9598085881183e-01,  6.2606846081211e-04, -4.8547876457527e-04, -4.1298531509208e-02, -4.5142858992960e-02, -1.6651606339887e+00,  1.9224658586214e-02, -2.1105477759824e+00,  1.4601835340000e+00,  9.1178200000000e-01,               500000
  9.0550254353513e+00,  1.1041113582818e+00,  1.0786634735491e+00,  1.2542419086393e-01,  2.1814886633182e-01,  6.6052837385205e-04, -1.1813009909450e-04, -3.3137645027541e-02, -4.2174343615453e-02, -3.6472933367735e+00, -2.2627737145731e-02, -1.9788252920700e+00,  1.4139474310000e+00,  9.0697600000000e-01,               500000
  9.0530884847499e+00,  1.1044885660372e+00,  1.0769213973967e+00,  1.2749914266545e-01,  1.2194138660098e-01,  4.9384488779572e-04, -5.4984769738722e-04, -1.3736016817100e-02, -7.6381099800097e-03, -1.1506352243177e+00, -8.4274079275909e-02, -8.1589709896266e-01,  1.4247238040000e+00,  9.0633000000000e-01,               500000
  9.0518079582344e+00,  1.1049038559937e+00,  1.0768806771391e+00,  1.2670863241670e-01,  1.6925051170177e-01,  5.8180840781440e-04,  9.4052884052492e-04, -2.6328509307056e-02, -3.7980228364755e-02, -1.8546627290983e+00, -4.6693475630756e-02, -1.5588434342735e+00,  1.4614850130000e+00,  9.0273600000000e-01,               500000
  9.0498808614423e+00,  1.1056357364239e+00,  1.0777001535953e+00,  1.2420315898266e-01,  1.5347914770657e-01,  5.5403817144051e-04,  3.8084871183046e-04, -3.5829650638013e-02,  3.8020326165317e-02, -8.7832618880903e-01, -1.5012876514723e-02, -2.0402397045884e+00,  1.4570055500000e+00,  9.0304800000000e-01,               500000
  9.0478416247628e+00,  1.1059491593274e+00,  1.0787278312725e+00,  1.2080420149070e-01,  1.6120379799433e-01,  5.6780947155596e-04, -8.7983445113712e-05, -1.2674732279374e-02,  4.9638795762110e-02, -9.6702571205854e-01,  1.7529088205992e-02, -2.1069153204272e+00,  1.4299469310000e+00,  9.0529600000000e-01,               500000
  9.0460832942063e+00,  1.1057786611177e+00,  1.0793559334660e+00,  1.2676841762868e-01,  1.0132839126583e-01,  4.5017416910753e-04, -1.1278010956708e-03, -1.8735265747589e-02,  5.5634660928938e-02, -6.3721451570858e-01, -7.4778104022122e-02, -8.1992515491137e-01,  1.5190086820000e+00,  9.0777400000000e-01,               500000
  9.0454513912754e+00,  1.1051150567608e+00,  1.0812794839061e+00,  1.2694270226607e-01,  1.2513885914262e-01,  5.0027764120059e-04, -8.8975465454854e-04, -1.7833328357316e-02,  2.5210843099066e-02, -9.5880031764224e-01, -5.9759995151503e-02, -1.0577316159725e+00,  1.4891706800000e+00,  9.0732400000000e-01,               500000
  9.0456345686254e+00,  1.1042889630885e+00,  1.0841005691581e+00,  1.2072778118571e-01,  2.6348755547833e-01,  7.2593051386249e-04, -4.2463692224201e-05, -4.4644891100137e-02,  1.4634886314445e-02, -2.2258346807613e+00,  9.3729166335027e-02, -4.3353991788920e+00,  1.4343535650000e+00,  9.0690200000000e-01,               500000
  9.0458538845830e+00,  1.1034197956174e+00,  1.0849842848469e+00,  1.2823917180387e-01,  1.6247026562091e-01,  5.7003555261213e-04, -6.0499064185536e-04,  3.0541408666517e-03, -6.7512306484571e-03, -1.1584640676951e+00, -1.6414789487022e-02, -1.7916153751534e+00,  1.4306144000000e+00,  9.0553600000000e-01,               500000
  9.0465575411796e+00,  1.1027045373384e+00,  1.0860932690367e+00,  1.2384692779964e-01,  1.8372529324480e-01,  6.0617702570256e-04, -6.7663574099883e-04, -1.7563429859374e-02, -1.8130918717545e-02, -1.5291265357432e+00,  1.8534686734415e-02, -1.8273478356545e+00,  1.4111385530000e+00,  9.0389000000000e-01,               500000
  9.0477666438349e+00,  1.1022350825725e+00,  1.0867735222870e+00,  1.2370900417178e-01,  1.7103069248244e-01,  5.8486014137131e-04,  6.4315605954452e-04, -4.3176599498483e-02,  1.4219717656235e-02, -1.0258988362786e+00,  1.7416587918782e-02, -2.1546916638560e+00,  1.4073413430000e+00,  9.0427000000000e-01,               500000
  9.0483336079839e+00,  1.1016851251043e+00,  1.0870904555323e+00,  1.2232210166028e-01,  1.4484361731179e-01,  5.3822600701153e-04,  4.5581795071631e-04, -1.3707745873915e-02,  5.2821506953830e-02, -7.1953076615958e-01, -1.2983494827710e-02, -1.7944696756350e+00,  1.3986843980000e+00,  9.0399200000000e-01,               500000
  9.0484668464280e+00,  1.1007031521348e+00,  1.0876275887484e+00,  1.2436810538708e-01,  1.4466473227775e-01,  5.3789354388718e-04,  9.2213547980246e-04, -3.3034571987551e-02, -3.0221024816949e-03, -8.8866902818379e-01, -1.5033455994622e-03, -1.3781816206457e+00,  1.4609403530000e+00,  9.0638400000000e-01,               500000
  9.0478248740043e+00,  1.0998506568884e+00,  1.0881512851447e+00,  1.2421855304275e-01,  2.3553802552400e-01,  6.8634980224955e-04, -5.1424060537758e-04, -3.1767801722317e-02, -6.9755818024944e-02, -2.7356251366023e+00,  3.5969963828557e-02, -1.8969774956631e+00,  1.4134277010000e+00,  9.0702800000000e-01,               500000
  9.0476930146378e+00,  1.0997436764659e+00,  1.0879870119916e+00,  1.2578850326827e-01,  1.6584719499514e-01,  5.7592915362072e-04,  6.0858884319896e-05, -4.4151272275019e-02, -1.4035221597723e-02, -1.2451803547679e+00,  9.8820543437551e-03, -1.7637661727615e+00,  1.4848249870000e+00,  9.0961400000000e-01,               500000
  9.0475415264796e+00,  1.0997836243370e+00,  1.0876754191801e+00,  1.2366865573531e-01,  1.6868953256905e-01,  5.8084340844853e-04,  7.0282318263089e-04, -2.7809091813329e-03, -1.3417435858023e-02, -1.5460887876974e+00, -1.0750587285363e-02, -1.4686136381239e+00,  1.4308529780000e+00,  9.0853600000000e-01,               500000
  9.0468133147683e+00,  1.0999517276628e+00,  1.0876036787179e+00,  1.2623332935840e-01,  1.7603360598037e-01,  5.9335251913238e-04, -4.5299288481628e-04, -2.8814829775537e-02, -3.1513706326475e-02, -1.7079609106874e+00, -1.0962139032752e-02, -1.3908927401035e+00,  1.4368096230000e+00,  9.0262800000000e-01,               500000
  9.0465520075242e+00,  1.1004047995255e+00,  1.0877513715377e+00,  1.1867084834891e-01,  4.9449094355195e-01,  9.9447568452120e-04,  1.4562880010476e-03, -4.2505807772235e-02,  1.4625743231750e-02, -1.1195546507562e+00,  2.5983715787815e-01, -1.4805007633099e+01,  1.4061480400000e+00,  9.0608000000000e-01,               500000
  9.0451049630653e+00,  1.1006817622926e+00,  1.0833424066578e+00,  1.2441706480813e-01,  1.0909387716755e-01,  4.6710572072615e-04,  5.1270592502072e-04, -1.0487103202960e-02,  3.1318980791740e-02, -6.9035572195118e-01, -6.7235088059462e-02, -7.1014375242349e-01,  1.3899205170000e+00,  9.0096200000000e-01,               500000
  9.0433725303079e+00,  1.1006420559472e+00,  1.0805898468755e+00,  1.2554872277792e-01,  2.5924862254887e-01,  7.2006752815118e-04,  3.0743168718106e-04, -3.8686947912557e-02, -8.4731636604688e-02, -3.5040743386038e+00, -1.9642866008085e-03, -2.8600273587416e+00,  1.4407807260000e+00,  9.0545000000000e-01,               500000
  9.0415680775403e+00,  1.1014143035057e+00,  1.0781711472930e+00,  1.2282414843521e-01,  1.1670277572042e-01,  4.8312063859956e-04, -8.3524453384217e-04, -2.6848039446425e-02,  3.2388638187742e-02, -7.7739580838087e-01, -7.2828533443681e-02, -8.7962144391284e-01,  1.5474156800000e+00,  9.0440000000000e-01,               500000
  9.0406614789225e+00,  1.1018107343280e+00,  1.0773136107377e+00,  1.2135122349912e-01,  3.5588187626593e-01,  8.4366092272420e-04,  3.9103668755816e-04, -1.2651422230690e-01, -9.7276577704026e-02, -4.0959265947029e+00,  6.2441989374581e-02, -5.6532597488533e+00,  1.4291958680000e+00,  9.0519800000000e-01,               500000
  9.0395669770028e+00,  1.1030969674668e+00,  1.0754680879487e+00,  1.2379857610432e-01,  1.3811901535370e-01,  5.2558351449355e-04,  1.8926415570845e-04, -2.4453566297689e-02,  2.1456555076361e-03, -1.2220366874404e+00, -5.5997215920479e-02, -1.0696322933182e+00,  1.3959325670000e+00,  9.0839200000000e-01,               500000
  9.0384307621496e+00,  1.1042413765889e+00,  1.0748249093937e+00,  1.2458202487428e-01,  1.5818079445900e-01,  5.6246029985947e-04, -6.8857355169467e-04, -1.0081988564691e-02,  4.0194797689974e-03, -1.7251752693723e+00, -4.9702365384369e-02, -1.3867071000900e+00,  1.5216475980000e+00,  9.0347600000000e-01,               500000
  9.0379962176351e+00,  1.1052427902371e+00,  1.0751540250796e+00,  1.2500116965581e-01,  1.1876647713322e-01,  4.8737352643166e-04, -1.0957061886966e-03, -1.6350933386542e-02,  3.4199591808618e-02, -7.7579961683168e-01, -8.5143735439941e-02, -1.1906839409235e+00,  1.4587722400000e+00,  9.0718400000000e-01,               500000
  9.0385425247010e+00,  1.1058276312387e+00,  1.0769944744880e+00,  1.2492857393760e-01,  1.7907794963420e-01,  5.9846127633156e-04,  4.0483879175831e-04, -1.8102895968969e-02,  2.1273171687406e-02, -1.2067841468355e+00, -5.7765360842354e-03, -2.4239938151544e+00,  1.3855371940000e+00,  9.0758800000000e-01,               500000
  9.0386981889434e+00,  1.1061603537821e+00,  1.0787785429865e+00,  1.2728841904586e-01,  1.6152615472807e-01,  5.6837690791952e-04, -2.3679609076712e-03, -2.9725286153626e-02, -1.8164407060178e-02, -1.2992299069729e+00, -3.4685408490955e-02, -1.5620034659871e+00,  1.4939102220000e+00,  9.0814200000000e-01,               500000
  9.0408604695083e+00,  1.1066369962162e+00,  1.0810253639915e+00,  1.2607957886508e-01,  1.6385136406123e-01,  5.7245325409370e-04,  8.8571657183351e-04, -2.4938612388282e-02,  1.1864537886495e-02, -1.2642586799338e+00, -1.1566181154355e-02, -1.8718222902075e+00,  1.4368571230000e+00,  9.0650600000000e-01,               500000
  9.0420661436470e+00,  1.1069606866711e+00,  1.0832752841115e+00,  1.2171121951317e-01,  2.0736579834554e-01,  6.4399658127282e-04,  2.5347741606920e-03, -8.0184036232682e-02,  3.8154272533365e-02, -1.3089838943490e+00,  7.1627778427220e-02, -3.1933020519196e+00,  1.4963782540000e+00,  9.0408800000000e-01,               500000
  9.0410344568178e+00,  1.1068990119040e+00,  1.0840353039164e+00,  1.2485792378122e-01,  1.5836704888130e-01,  5.6279134478294e-04, -1.9667016510283e-03, -1.0639933651207e-02,  2.8030837995415e-02, -1.0537199533550e+00, -1.0099325510586e-03, -1.8821636465433e+00,  1.4419687740000e+00,  9.0589400000000e-01,               500000
  9.0417770456911e+00,  1.1065841012522e+00,  1.0847552822931e+00,  1.2597162401154e-01,  1.6901118700608e-01,  5.8139691606694e-04, -7.5970584179091e-04, -3.2057486092635e-02, -3.5567876901587e-03, -2.0962976331146e+00, -3.3446200773779e-04, -1.4618625176373e+00,  1.4550520140000e+00,  9.0609000000000e-01,               500000
  9.0431034135522e+00,  1.1063438633713e+00,  1.0854231946144e+00,  1.2661683367829e-01,  1.7229454341262e-01,  5.8701710948254e-04, -1.4567476043371e-03,  5.0261388641205e-03,  1.6891423201765e-03, -2.0073436997188e+00, -7.6583731507693e-03, -1.4936983466648e+00,  1.4533054570000e+00,  9.0655600000000e-01,               500000
  9.0455298950934e+00,  1.1061209557047e+00,  1.0861771753128e+00,  1.2523397195145e-01,  1.1768484648952e-01,  4.8514914508741e-04,  2.2022404685730e-05, -2.2076472620502e-02,  4.7342652473823e-02, -7.4497303463087e-01, -2.1530848422993e-02, -9.9235520354769e-01,  1.5325574520000e+00,  9.0391200000000e-01,               500000
  9.0477065968834e+00,  1.1054759781083e+00,  1.0872557600818e+00,  1.2447339942736e-01,  1.6325258708082e-01,  5.7140631267220e-04, -1.4824121403167e-04, -2.7877485070314e-02,  9.1160320860452e-03, -1.2160943817007e+00,  2.5293036667252e-02, -1.6338225037318e+00,  1.4477551240000e+00,  9.0332200000000e-01,               500000
  9.0498053159766e+00,  1.1048143813548e+00,  1.0877831492205e+00,  1.2818200148895e-01,  1.1861490618337e-01,  4.8706243169305e-04, -8.1348706088339e-04, -2.5488663172678e-02,  1.7880901365139e-02, -8.2783134689824e-01, -4.7635100800565e-02, -8.8832795248351e-01,  1.3826419040000e+00,  9.0573000000000e-01,               500000
  9.0523977076368e+00,  1.1040528510183e+00,  1.0891310201263e+00,  1.2569280971352e-01,  1.4891683420354e-01,  5.4574139334220e-04, -2.4978541532028e-04, -2.7583207985288e-02,  4.0440278085820e-02, -9.2043042928204e-01, -3.9445486656690e-04, -1.6682493664165e+00,  1.3850961340000e+00,  9.0432800000000e-01,               500000
  9.0549573592697e+00,  1.1029876777616e+00,  1.0903676454520e+00,  1.2477780149985e-01,  2.2126016531451e-01,  6.6522201604353e-04, -3.4723889253926e-04, -3.4045107565303e-02, -5.3451340463579e-03, -1.6512712763658e+00,  5.1403161495707e-02, -3.0504215250580e+00,  1.4940311040000e+00,  9.0477600000000e-01,               500000
  9.0575733959009e+00,  1.1020866492582e+00,  1.0905741649126e+00,  1.2556797730707e-01,  1.6709181834580e-01,  5.7808618448429e-04, -7.3743072902125e-04, -5.0377276331785e-02, -5.4160632744139e-03, -1.6635647301219e+00, -1.4022527765065e-02, -1.3965168712373e+00,  1.4843869320000e+00,  9.0067000000000e-01,               500000
  9.0605794343565e+00,  1.1013342897843e+00,  1.0910281435003e+00,  1.2241882445846e-01,  2.2190589490783e-01,  6.6619200671853e-04,  3.1308133870301e-05, -1.4152802911109e-02, -9.5917748848209e-03, -1.4027122243976e+00,  8.0970254216416e-02, -2.9465658430913e+00,  1.3974080110000e+00,  9.0858600000000e-01,               500000
  9.0632668932458e+00,  1.1007544079560e+00,  1.0899901443860e+00,  1.2284201775993e-01,  1.5432409656685e-01,  5.5556115156992e-04,  8.4129977018260e-04, -1.7394453418143e-02,  2.3052900452912e-02, -9.7861482541300e-01,  1.9392447369696e-02, -1.5848531663432e+00,  1.5178202870000e+00,  9.0509800000000e-01,               500000
  9.0649765200556e+00,  1.1000171693409e+00,  1.0887163454102e+00,  1.2316768577938e-01,  2.3222049992471e-01,  6.8149908279426e-04, -1.0918389205926e-03, -2.4216450652731e-02, -1.4229435545499e-02, -1.2676116948338e+00,  5.8594927906445e-02, -3.9831673853460e+00,  1.4776111900000e+00,  9.0471200000000e-01,               500000
  9.0674585855472e+00,  1.0994946636073e+00,  1.0865383907564e+00,  1.2443325136301e-01,  1.2688924360831e-01,  5.0376431713314e-04,  1.7894724389890e-04, -2.1170848803874e-02,  2.1660432334051e-02, -8.9211033523454e-01, -3.9724101295422e-02, -8.7497036698405e-01,  1.4073593020000e+00,  9.0207800000000e-01,               500000
  9.0695507166887e+00,  1.0988215654902e+00,  1.0853090732829e+00,  1.2556362245519e-01,  1.6780598687397e-01,  5.7932026871838e-04,  5.6888605435399e-05, -2.5237385028848e-02, -4.7578022988784e-02, -1.6545859741941e+00, -1.5281652033914e-02, -1.0026655558289e+00,  1.5121808090000e+00,  9.0322000000000e-01,               500000
  9.0713976216854e+00,  1.0986774471430e+00,  1.0844896323678e+00,  1.2787265583126e-01,  2.4196111624678e-01,  6.9564519152623e-04, -2.7000134391089e-04, -6.7962909586552e-02, -1.2253457804978e-01, -4.5299183754174e+00, -3.0120547722623e-02, -1.1831931204803e+00,  1.4350755510000e+00,  9.0491200000000e-01,               500000
  9.0733217646675e+00,  1.0997394612633e+00,  1.0843123850143e+00,  1.2452903030452e-01,  2.1734846142735e-01,  6.5931549568829e-04, -8.2521896668549e-04, -2.6476295745853e-02, -2.3229479568509e-02, -1.2715524411362e+00,  2.6590813334863e-02, -3.2821799820489e+00,  1.4960705000000e+00,  9.0636200000000e-01,               500000
  9.0757732311063e+00,  1.1009243007995e+00,  1.0836967280625e+00,  1.2544689360656e-01,  1.6990786196719e-01,  5.8293715264544e-04,  2.8884033946447e-04, -2.0747466740444e-02, -2.3219893058080e-02, -1.5138141376161e+00, -1.9074759143896e-02, -1.4918223691483e+00,  1.4263530550000e+00,  9.0726000000000e-01,               500000
  9.0777427704441e+00,  1.1022210729664e+00,  1.0835047183987e+00,  1.2781174817643e-01,  1.9794092850477e-01,  6.2919143113168e-04,  8.1375527989133e-04, -5.2942088556882e-02, -5.6988979099532e-02, -2.1514778625110e+00, -1.8777300608913e-02, -1.9057269139896e+00,  1.4089941170000e+00,  9.0409000000000e-01,               500000
  9.0788407480872e+00,  1.1039450656201e+00,  1.0836930082310e+00,  1.2123206754188e-01,  2.8898434177106e-01,  7.6024251626841e-04,  1.1785276692229e-03, -7.0674337143627e-02,  5.1391934242327e-03, -1.2822524231240e+00,  1.1400073526785e-01, -6.3059542671032e+00,  1.4725684610000e+00,  9.0604600000000e-01,               500000
  9.0788475531884e+00,  1.1054550777963e+00,  1.0818358645147e+00,  1.2333770503383e-01,  1.7920939307076e-01,  5.9868087170170e-04,  5.0977954689342e-04, -5.9160234538850e-02,  4.1043711856998e-02, -7.6087615715207e-01,  2.0929295668605e-02, -3.6056668422785e+00,  1.4576440090000e+00,  9.0461800000000e-01,               500000
  9.0784409351327e+00,  1.1064252153141e+00,  1.0798129596919e+00,  1.2568219182732e-01,  1.6367389606703e-01,  5.7214315702808e-04, -1.1899833461702e-03, -2.8156981112504e-02,  1.7412880256283e-02, -1.6196418540277e+00, -4.6600243634153e-02, -1.8709728005955e+00,  1.3894510730000e+00,  9.0638000000000e-01,               500000
  9.0791101188628e+00,  1.1071397577079e+00,  1.0788616204474e+00,  1.2664620142233e-01,  1.3302405720869e-01,  5.1579852114695e-04,  1.3401228150499e-03, -2.2941807828801e-02,  3.0898741211009e-02, -1.1437641167410e+00, -4.6576578781077e-02, -1.1783258222864e+00,  1.4022086020000e+00,  9.0375800000000e-01,               500000
  9.0785699207505e+00,  1.1074919651838e+00,  1.0788688458601e+00,  1.2239608084739e-01,  1.0683641960035e-01,  4.6224759512701e-04,  7.8662699113952e-04, -1.3580347156197e-02,  7.4493707688516e-02, -6.2737418581186e-01, -4.2883912120789e-02, -9.1402347256021e-01,  1.4267511900000e+00,  9.0656200000000e-01,               500000
  9.0774123194141e+00,  1.1070957253515e+00,  1.0796696354605e+00,  1.2506145022388e-01,  1.5092354324655e-01,  5.4940612163782e-04,  5.1766290688925e-04, -2.5045783098527e-02,  5.7880008545471e-02, -6.1129023827479e-01, -1.5275024985833e-02, -2.0751453051728e+00,  1.4531376550000e+00,  9.0064400000000e-01,               500000
  9.0759345084796e+00,  1.1061846610234e+00,  1.0806902419194e+00,  1.2577941243144e-01,  1.6992280000675e-01,  5.8296277755402e-04, -9.8418275458729e-04, -3.4198270592983e-02,  2.5840029138578e-03, -1.5742102504521e+00, -2.9677719340546e-02, -1.8589593730254e+00,  1.3719086330000e+00,  9.0327800000000e-01,               500000
  9.0754666278958e+00,  1.1053465856792e+00,  1.0821713866580e+00,  1.2605722556669e-01,  1.5775067938502e-01,  5.6169507632704e-04, -8.8419878211333e-04, -3.1895618134696e-02,  7.2084832218925e-03, -1.4489993966788e+00, -1.8201393115915e-02, -1.5593010216383e+00,  1.5002391330000e+00,  9.0327600000000e-01,               500000
  9.0758214310270e+00,  1.1045290476070e+00,  1.0838543871235e+00,  1.2446212500429e-01,  1.3670955828347e-01,  5.2289493836423e-04,  3.5564977294729e-04, -1.3449926195729e-02,  4.3328350957393e-02, -8.0387614747410e-01, -2.7639153192812e-02, -1.3997510815703e+00,  1.4385614210000e+00,  9.0648000000000e-01,               500000
  9.0758399112071e+00,  1.1033782732480e+00,  1.0858914469065e+00,  1.2267304472173e-01,  1.9002297930372e-01,  6.1647867652292e-04,  7.7612494259735e-05, -2.2348026465492e-02,  3.1067786540928e-02, -7.3292747495193e-01,  2.5290956789228e-02, -3.2632171350748e+00,  1.4196956940000e+00,  9.0339600000000e-01,               500000
  9.0757991642802e+00,  1.1020450003705e+00,  1.0872909263730e+00,  1.2459512562995e-01,  1.5886329758195e-01,  5.6367241831041e-04, -1.4052771727367e-03, -1.3415758609832e-02, -4.7242859483629e-03, -1.1191194115190e+00,  5.1412685886158e-03, -1.6289264424847e+00,  1.3808808730000e+00,  9.0901000000000e-01,               500000
  9.0769823426782e+00,  1.1008949825275e+00,  1.0884719721566e+00,  1.2619801292952e-01,  1.8359127981292e-01,  6.0595590567783e-04, -1.1878005475188e-04, -1.4732803428204e-02, -2.0122743114122e-02, -1.4891621584170e+00,  1.1675408562630e-02, -1.8759222694204e+00,  1.4432519660000e+00,  9.0310800000000e-01,               500000
  9.0781573228622e+00,  1.1000609788709e+00,  1.0893379217502e+00,  1.2375685870641e-01,  1.8144058197183e-01,  6.0239618520012e-04,  1.3486727183614e-03, -3.3870012438290e-02, -4.1399829802020e-03, -1.3411182982853e+00,  4.1437640020871e-02, -1.9004708294993e+00,  1.4669379270000e+00,  9.0408200000000e-01,               500000
  9.0780631510147e+00,  1.0993562556793e+00,  1.0893706878052e+00,  1.2727295108111e-01,  1.8683688342365e-01,  6.1128861174351e-04,  1.0973683627322e-04, -4.4880718965232e-02, -6.0172319759903e-02, -1.6918165661623e+00,  1.0243469711664e-02, -1.4742975534062e+00,  1.4338839980000e+00,  9.0414600000000e-01,               500000
  9.0779027385662e+00,  1.0993132093601e+00,  1.0892246261439e+00,  1.2566985780796e-01,  1.8704303212578e-01,  6.1162575505905e-04,  2.6198951662611e-04, -3.1400425168565e-02, -4.3960492315955e-02, -1.4210739464670e+00,  1.1366453051360e-02, -1.7371048592867e+00,  1.4674431050000e+00,  9.0685000000000e-01,               500000
  9.0775448083510e+00,  1.0997079740286e+00,  1.0888989677553e+00,  1.2474200996629e-01,  1.4924326953292e-01,  5.4633921611563e-04, -1.2724856373421e-03, -2.0940035957102e-02, -2.1643670335253e-02, -1.2387152673491e+00, -7.5042055205810e-03, -1.0328558952481e+00,  1.4442038050000e+00,  9.0474400000000e-01,               500000
  9.0783345791306e+00,  1.1002798680526e+00,  1.0887540161272e+00,  1.2668174102394e-01,  1.6599629910890e-01,  5.7618798860945e-04,  2.7151083212892e-04, -1.4490948757712e-02, -5.2975779941347e-02, -1.8981139911748e+00, -1.6024197693571e-02, -7.6961777795101e-01,  1.4400163250000e+00,  9.0079600000000e-01,               500000
  9.0788167794319e+00,  1.1013192485515e+00,  1.0889273675963e+00,  1.2230705124258e-01,  2.0498089283492e-01,  6.4028258266944e-04,  5.8862078023324e-04, -2.5912295862860e-02, -1.6627810269336e-02, -1.7863285252356e+00,  4.9848284689324e-02, -2.0473354399736e+00,  1.3906791330000e+00,  9.0624800000000e-01,               500000
  9.0787512927964e+00,  1.1024260862837e+00,  1.0881787090377e+00,  1.2471264106315e-01,  1.8229243751965e-01,  6.0380864107704e-04,  6.4681339882033e-04, -3.2484513819600e-02,  7.3843805235028e-03, -9.3948286674762e-01,  9.2285793487266e-03, -2.5237751959625e+00,  1.3842917320000e+00,  9.0621800000000e-01,               500000
  9.0781443854568e+00,  1.1033558502594e+00,  1.0873565029431e+00,  1.2436137660717e-01,  2.6228378792834e-01,  7.2427037483020e-04,  1.0444873716019e-03, -1.9687191899685e-02, -4.3035408325258e-02, -2.2310116309985e+00,  7.8118944619886e-02, -3.5664659136595e+00,  1.4795370900000e+00,  9.0467000000000e-01,               500000
  9.0766984582262e+00,  1.1046237860761e+00,  1.0852012114120e+00,  1.2279826782166e-01,  1.7745142381074e-01,  5.9573723034697e-04,  1.4606292612212e-03, -4.4883209762422e-02,  2.8013562904623e-02, -1.5085551575048e+00,  1.9792295280094e-02, -2.1110076391678e+00,  1.4088851420000e+00,  9.1150400000000e-01,               500000
  9.0741468536752e+00,  1.1054999837832e+00,  1.0829119643047e+00,  1.2455644668664e-01,  1.4819462895418e-01,  5.4441643794834e-04, -1.0267585564475e-03, -5.2807881391779e-03,  4.7166487487649e-02, -6.8364027485288e-01, -1.1743615813551e-02, -2.0962906774152e+00,  1.4400066990000e+00,  9.0806200000000e-01,               500000
  9.0727446439871e+00,  1.1058319178427e+00,  1.0810873534421e+00,  1.2615343446636e-01,  1.4241760197817e-01,  5.3369954464694e-04, -1.0642610102893e-03, -2.6519531232632e-02,  2.8399000655406e-02, -1.3557100616257e+00, -5.3225907423395e-02, -1.2694527226605e+00,  1.4538314560000e+00,  9.0020400000000e-01,               500000
  9.0724196888123e+00,  1.1058599505036e+00,  1.0804455552205e+00,  1.2271388813693e-01,  1.7630634049636e-01,  5.9381199128405e-04,  6.0058147873381e-04, -3.8140288486339e-02,  5.8948454313739e-02, -9.8281087519979e-01,  7.4525251404862e-04, -2.9752480520124e+00,  1.4692318830000e+00,  9.0494200000000e-01,               500000
  9.0716206022820e+00,  1.1053133257039e+00,  1.0798811880442e+00,  1.2402235322016e-01,  1.2421950107930e-01,  4.9843655780711e-04,  1.3665739855359e-04, -2.0626462248303e-02,  3.4096751166500e-02, -1.0384349861158e+00, -6.5654862612583e-02, -8.9626856141447e-01,  1.5007791230000e+00,  9.0211000000000e-01,               500000
  9.0707906074275e+00,  1.1044921439978e+00,  1.0806028948614e+00,  1.2499128348424e-01,  1.2579837242570e-01,  5.0159420336703e-04,  2.3874753659806e-04, -2.0673052561892e-02,  4.9863436408046e-02, -1.0682714044576e+00, -5.6281382567993e-02, -1.0504588172546e+00,  1.4534455130000e+00,  9.0792200000000e-01,               500000
  9.0698436279008e+00,  1.1032690659700e+00,  1.0823096210542e+00,  1.2796085525799e-01,  1.4307121250264e-01,  5.3492282154091e-04, -5.2781821420143e-06, -1.9244321706532e-02,  5.7280352534977e-04, -1.5297657004151e+00, -6.7908342397361e-02, -9.9893865837469e-01,  1.4047920280000e+00,  9.0273400000000e-01,               500000
  9.0690035379267e+00,  1.1021691193123e+00,  1.0851184520661e+00,  1.2512170555203e-01,  1.8633083496674e-01,  6.1046021158916e-04, -6.4863065904914e-05, -3.3984979439485e-02, -9.6240333317429e-03, -1.8474759597873e+00,  7.8144625782848e-03, -2.0827325652484e+00,  1.4030048160000e+00,  9.0612000000000e-01,               500000
  9.0683182855769e+00,  1.1012817835855e+00,  1.0875226646489e+00,  1.2185221217599e-01,  2.3504494583793e-01,  6.8563101714834e-04,  1.4676809485738e-03, -6.9989369775914e-02,  6.0901223777224e-03, -1.1773880066607e+00,  7.3153347507409e-02, -4.1674489014679e+00,  1.4881160560000e+00,  9.0943000000000e-01,               500000
  9.0664491828552e+00,  1.1004283475869e+00,  1.0883627391485e+00,  1.2769619040889e-01,  1.8084379881922e-01,  6.0140468707722e-04, -1.2580182139999e-03, -2.1034351600992e-02, -5.3088120600785e-02, -2.0919537278835e+00, -1.1955936388770e-02, -1.1463592708775e+00,  1.4936212370000e+00,  9.0692800000000e-01,               500000
  9.0658757591383e+00,  1.1001920919289e+00,  1.0893530419581e+00,  1.2589500749323e-01,  1.8739852557453e-01,  6.1220670622679e-04,  9.8297231291227e-04, -2.4274896662559e-02, -1.6975227059814e-02, -1.3218959948299e+00,  1.2730381826815e-02, -2.2114409206844e+00,  1.4567810780000e+00,  9.0530400000000e-01,               500000
  9.0645101467108e+00,  1.1001528871809e+00,  1.0900282663366e+00,  1.2472069615594e-01,  2.4956171088775e-01,  7.0648667487470e-04, -1.3872968953179e-03, -5.3402522236868e-02, -2.5621298583784e-02, -1.7003183102422e+00,  5.9282059734881e-02, -3.8946850300928e+00,  1.4694683070000e+00,  9.0698600000000e-01,               500000
  9.0645180291814e+00,  1.1003784171512e+00,  1.0895661725136e+00,  1.2714749585989e-01,  2.3719860435486e-01,  6.8876498801095e-04, -1.4761052314373e-03, -6.6243899914877e-02, -9.0315388927744e-02, -2.7929568833035e+00,  2.8300903591693e-02, -2.2762670181041e+00,  1.4686873970000e+00,  9.0255800000000e-01,               500000
  9.0658452405883e+00,  1.1014856177555e+00,  1.0886426515381e+00,  1.2454842760665e-01,  1.6195195764922e-01,  5.6912557076487e-04,  4.3871654106347e-04, -2.5925336590023e-02,  5.8201356634034e-03, -1.1017019483501e+00,  1.4380240340669e-03, -1.8082692198582e+00,  1.4507106760000e+00,  9.0517400000000e-01,               500000
  9.0666680418197e+00,  1.1024310542844e+00,  1.0878007063540e+00,  1.2493546139146e-01,  1.6131828800830e-01,  5.6801107032927e-04, -1.1129890032832e-03, -2.8131069499485e-02, -8.1027124970120e-03, -1.2591723660333e+00,  7.3088500426458e-03, -1.3377289881477e+00,  1.4153919110000e+00,  9.0649600000000e-01,               500000
  9.0683958771626e+00,  1.1033690077346e+00,  1.0869179906277e+00,  1.2570955580543e-01,  1.5988701015887e-01,  5.6548564996625e-04,  1.1520730803692e-03, -1.9219181356978e-02, -1.0473315551286e-02, -1.4018002745550e+00, -4.6422172334054e-03, -1.2614283552300e+00,  1.4843624850000e+00,  9.0152200000000e-01,               500000
  9.0689505768462e+00,  1.1043244407508e+00,  1.0862215529451e+00,  1.2552434487161e-01,  1.4120890173243e-01,  5.3142996101543e-04, -2.6243043900630e-04, -2.2546922697777e-02,  2.5723105238594e-02, -9.0484812323319e-01, -1.8112356122846e-02, -1.3520878033710e+00,  1.4765054670000e+00,  9.0161400000000e-01,               500000
  9.0696902716522e+00,  1.1049350493879e+00,  1.0859464200613e+00,  1.2277162755872e-01,  1.1887607048530e-01,  4.8759833979475e-04, -1.1644751253472e-04, -1.9635807520052e-02,  5.7418476592703e-02, -1.0395674229171e+00, -4.1880576166908e-02, -8.9561827958749e-01,  1.4669124950000e+00,  9.0984400000000e-01,               500000
  9.0704674516156e+00,  1.1049215388556e+00,  1.0864926093595e+00,  1.2301134404708e-01,  2.0276681458794e-01,  6.3681522373126e-04,  5.9748320792631e-04, -4.4509293378174e-02,  3.0405115573173e-02, -9.7876313157302e-01,  4.7643722678140e-02, -3.4167836684162e+00,  1.4222137170000e+00,  9.0279400000000e-01,               500000
  9.0706621837510e+00,  1.1046128421574e+00,  1.0861223897865e+00,  1.2580773544269e-01,  1.7450889119438e-01,  5.9077726969541e-04,  3.5601513334063e-05, -2.5979135459082e-02,  2.0953920492208e-02, -1.0208551475435e+00,  1.8749634433461e-02, -2.4603693070748e+00,  1.4703834500000e+00,  9.0709800000000e-01,               500000
  9.0708177279861e+00,  1.1041319327819e+00,  1.0854598305384e+00,  1.2347020766481e-01,  1.5984939323751e-01,  5.6541912461025e-04, -4.6158282331221e-04, -2.1361349781321e-02,  2.5727816809079e-02, -1.7823510848411e+00, -2.2384079883119e-02, -1.4161553064808e+00,  1.4643928870000e+00,  9.0571000000000e-01,               500000
  9.0713734242239e+00,  1.1034520831166e+00,  1.0852971293084e+00,  1.2509826220518e-01,  1.4411717714852e-01,  5.3687461692376e-04,  8.0555128026606e-04, -2.1378795624957e-02,  2.3322558222699e-02, -9.2843721366502e-01,  6.6630719878099e-04, -1.3796358837369e+00,  1.4401552820000e+00,  9.0133600000000e-01,               500000
  9.0711739488757e+00,  1.1026124571316e+00,  1.0851510014285e+00,  1.2348990051694e-01,  2.1444210554767e-01,  6.5489251873521e-04, -1.3962481893095e-04, -1.6606171677197e-02, -1.2574787890436e-02, -1.9793950565388e+00,  2.6193206967931e-02, -2.4859719633699e+00,  1.4961326060000e+00,  9.0175600000000e-01,               500000
  9.0711246350629e+00,  1.1019910344486e+00,  1.0845495205599e+00,  1.2506625438137e-01,  1.4124848718682e-01,  5.3150444435926e-04, -2.3000613856265e-04, -2.7962488887508e-02,  3.6775927282929e-03, -1.5839026578545e+00, -5.6196562099556e-02, -8.1874820555852e-01,  1.4843226980000e+00,  9.0452600000000e-01,               500000
  9.0712954584890e+00,  1.1014024879653e+00,  1.0850743172500e+00,  1.2758115796978e-01,  1.9184570147677e-01,  6.1942828717580e-04,  2.3113116423527e-04, -1.6721145464301e-02, -3.5204835195038e-02, -1.8464997282115e+00, -4.2696713438714e-02, -2.1132081423931e+00,  1.3796928570000e+00,  9.0325200000000e-01,               500000
  9.0712526308527e+00,  1.1012324189958e+00,  1.0863714968538e+00,  1.2442352169160e-01,  1.9662871603791e-01,  6.2710240955989e-04, -8.7766875988255e-04, -3.5558421134406e-02, -7.2811435567101e-03, -1.9530784338273e+00,  3.9854417865930e-03, -2.1678470337130e+00,  1.4247182980000e+00,  9.0437200000000e-01,               500000
  9.0720052112234e+00,  1.1011615933085e+00,  1.0874853259230e+00,  1.2760000890900e-01,  1.4161265888267e-01,  5.3218917479158e-04, -1.0616206926426e-03, -2.3567110819564e-02, -1.7035792078463e-02, -1.5618365892455e+00, -3.8492699608888e-02, -7.3779326438483e-01,  1.4876599390000e+00,  9.0448800000000e-01,               500000
  9.0736315609790e+00,  1.1012756998038e+00,  1.0892219574609e+00,  1.2328023369390e-01,  2.8360550621080e-01,  7.5313412644866e-04, -3.5181388390915e-04, -3.7487357020180e-03, -8.5821686489917e-02, -3.8018881807840e+00,  7.3842738342546e-02, -2.7226958121534e+00,  1.4788754490000e+00,  9.0221800000000e-01,               500000
  9.0754094660806e+00,  1.1022548201621e+00,  1.0894167083626e+00,  1.2517312903297e-01,  2.4996065904504e-01,  7.0705114248551e-04, -2.4172356846009e-04, -7.3580451732859e-02, -4.5260800483859e-02, -2.9730197517022e+00,  4.9182023803568e-02, -2.6789079563609e+00,  1.4548161580000e+00,  9.0081600000000e-01,               500000
  9.0772576463546e+00,  1.1036041433609e+00,  1.0886887334318e+00,  1.2804724763564e-01,  1.4143307509094e-01,  5.3185162421664e-04, -1.7161923564847e-03, -1.5424424321612e-02, -2.4175274538470e-03, -1.1573469686939e+00, -3.1683517568418e-02, -1.0855171378286e+00,  1.4052906610000e+00,  9.0431200000000e-01,               500000
  9.0804459844762e+00,  1.1048496649853e+00,  1.0886419963220e+00,  1.2433716250925e-01,  1.9029944694601e-01,  6.1692697614226e-04,  1.3269872758470e-03, -3.8435277095118e-02, -2.1847214795219e-03, -1.4343257244331e+00,  6.5407784655583e-02, -2.0992965484069e+00,  1.4731568970000e+00,  9.0253600000000e-01,               500000
  9.0821582744481e+00,  1.1060007596510e+00,  1.0873838296076e+00,  1.2675719572461e-01,  1.4134184716503e-01,  5.3168006764412e-04, -1.6180530425582e-03, -7.8723435203588e-03,  2.8301610662866e-02, -1.3407412148367e+00, -2.9139174565653e-02, -1.0835716758043e+00,  1.4033368760000e+00,  9.0375200000000e-01,               500000
  9.0851341795079e+00,  1.1067606351845e+00,  1.0868118964858e+00,  1.2543670743930e-01,  1.6627084996179e-01,  5.7666428701939e-04,  5.2212509234588e-04, -4.1492965695065e-03,  2.5423560474359e-02, -1.2070786885711e+00,  2.2037463377256e-02, -2.1755968846448e+00,  1.4123869580000e+00,  9.0808200000000e-01,               500000
  9.0873541029001e+00,  1.1071960647180e+00,  1.0859002263539e+00,  1.2639408873344e-01,  1.3179411850513e-01,  5.1340845046635e-04, -7.2093120340838e-05, -1.8804461951690e-02,  3.6223317007773e-02, -7.3184762162880e-01, -1.9482484998054e-02, -1.5087652974875e+00,  1.4503900530000e+00,  9.0596800000000e-01,               500000
  9.0894261482190e+00,  1.1072281390120e+00,  1.0854623547122e+00,  1.2458745934811e-01,  1.5113668802966e-01,  5.4979393963494e-04,  1.8317586808687e-03, -3.3211270653049e-02,  5.4534739581067e-02, -7.4359502928509e-01,  1.5324972129171e-02, -1.8575574607510e+00,  1.3985115490000e+00,  9.0368000000000e-01,               500000
  9.0896817801882e+00,  1.1067126033208e+00,  1.0847949783538e+00,  1.2725450273704e-01,  1.5983726078929e-01,  5.6539766676082e-04,  4.8840689289066e-04, -3.0665921506265e-02,  2.7098888561748e-02, -8.5560885503929e-01,  6.9696097953256e-03, -2.0637840013773e+00,  1.4527244300000e+00,  9.0267200000000e-01,               500000
  9.0894925910341e+00,  1.1059798784923e+00,  1.0840811016673e+00,  1.2343120452603e-01,  1.5602896065744e-01,  5.5862144723854e-04,  6.6505041622413e-04, -3.1755548501803e-02,  4.0537729357625e-02, -1.2133957511294e+00, -8.7599969639032e-03, -1.6903326510705e+00,  1.5265939390000e+00,  9.0447600000000e-01,               500000
  9.0887461828561e+00,  1.1049178035247e+00,  1.0836204653305e+00,  1.2214369446910e-01,  1.7971212586099e-01,  5.9952001778253e-04,  1.1993923612373e-03, -7.6617671775830e-03, -1.1038824648338e-02, -1.1669219549996e+00,  4.3924075477313e-02, -1.9825970344511e+00,  1.5046425790000e+00,  9.0261600000000e-01,               500000
  9.0870131377433e+00,  1.1040781825204e+00,  1.0823897573201e+00,  1.2668683791129e-01,  1.9399233061700e-01,  6.2288414752182e-04, -3.9717461553483e-04, -5.6386544029379e-02, -2.6967597468921e-02, -2.8590413973538e+00, -1.5919093586224e-02, -1.3764985554120e+00,  1.4768630300000e+00,  9.0748200000000e-01,               500000
  9.0858299200857e+00,  1.1036083051791e+00,  1.0815970388152e+00,  1.2050467933841e-01,  1.7712564340699e-01,  5.9519012660996e-04,  1.6066192923850e-03, -3.8092417429122e-02,  5.5568059816862e-02, -9.7344379878889e-01,  1.0202149698164e-02, -3.1588126685890e+00,  1.4757776510000e+00,  9.0584800000000e-01,               500000
  9.0833554304574e+00,  1.1026290562746e+00,  1.0807187717666e+00,  1.2518223447062e-01,  1.2216642942893e-01,  4.9430037311119e-04, -3.9775299321833e-04, -1.6239942458433e-02,  2.5676636104652e-02, -8.8491343574103e-01, -5.7918796395991e-02, -9.6874672294080e-01,  1.4465321260000e+00,  9.0546200000000e-01,               500000
  9.0814872314052e+00,  1.1014919775659e+00,  1.0810403060418e+00,  1.2345530960765e-01,  3.2701735086204e-01,  8.0872411966263e-04, -1.6415468557085e-03,  2.6800006035846e-03, -5.4280669236214e-02, -2.8872565852529e+00,  6.4047327627176e-02, -5.8028761727482e+00,  1.5013909100000e+00,  9.0645600000000e-01,               500000
  9.0812637823006e+00,  1.1010313006679e+00,  1.0801652226658e+00,  1.2348903459057e-01,  1.3968685444687e-01,  5.2855814145063e-04, -1.4497329991324e-03, -2.1806753749146e-02, -4.2372056845218e-03, -1.0121020173721e+00, -3.9441237060252e-02, -1.1524532859720e+00,  1.4937339670000e+00,  9.0356400000000e-01,               500000
  9.0823604110662e+00,  1.1006643112805e+00,  1.0801397499113e+00,  1.2676534720055e-01,  1.8842430135976e-01,  6.1387995790669e-04, -3.3056221916750e-04, -3.5613280432115e-02, -7.8295113000741e-02, -2.4037067993038e+00, -3.6533430284413e-02, -1.3716775873144e+00,  1.4753765010000e+00,  9.0171200000000e-01,               500000
  9.0836580233429e+00,  1.1011388608113e+00,  1.0808264999171e+00,  1.2224350706249e-01,  1.9150739990814e-01,  6.1888189488486e-04,  5.4390053854164e-04, -1.7618946778455e-02, -4.3525133624345e-02, -1.7407955278450e+00,  1.0691208890064e-02, -1.8566136196661e+00,  1.4242842670000e+00,  9.0575200000000e-01,               500000
  9.0843506019487e+00,  1.1020162341856e+00,  1.0812588110719e+00,  1.2468850059890e-01,  2.0517768721584e-01,  6.4058986444658e-04, -1.7726488544195e-03, -3.0502001227979e-02, -1.8110110347212e-02, -1.3943187711328e+00,  4.8610953095835e-03, -2.8683652460768e+00,  1.4379275360000e+00,  9.0155000000000e-01,               500000
  9.0865637821241e+00,  1.1029973659416e+00,  1.0815827882443e+00,  1.2499176197263e-01,  1.6952766144956e-01,  5.8228457209436e-04, -2.0333158829582e-03, -3.4935015884013e-02, -8.0731989443245e-03, -1.8384513117532e+00, -2.6589097735518e-02, -1.4007890167274e+00,  1.4761778160000e+00,  9.0875800000000e-01,               500000
  9.0903756853833e+00,  1.1039725032267e+00,  1.0823962998656e+00,  1.2256075423210e-01,  2.1597824203639e-01,  6.5723396448508e-04,  1.6415405449753e-03, -3.6212897440462e-02,  2.3478638231777e-02, -1.0698635794995e+00,  5.4043594447156e-02, -3.6755716652139e+00,  1.5471052600000e+00,  9.0777200000000e-01,               500000
  9.0923633616267e+00,  1.1046177521316e+00,  1.0821303236151e+00,  1.2196380629586e-01,  1.7523082769772e-01,  5.9199801975635e-04, -3.8116901050436e-04, -3.6355492189611e-02,  3.4349989271973e-02, -8.3521661315952e-01,  1.1964604675295e-02, -3.0395940524294e+00,  1.4219519730000e+00,  9.0249600000000e-01,               500000
  9.0945088108846e+00,  1.1048538463175e+00,  1.0816908015207e+00,  1.2127640430395e-01,  2.0132438107286e-01,  6.3454610718664e-04,  1.1094715998281e-03, -5.6226657484793e-02,  5.1445530569636e-02, -9.4432439341561e-01,  5.4844066855469e-02, -3.8617049048321e+00,  1.4269032770000e+00,  9.0480000000000e-01,               500000
  9.0954787684633e+00,  1.1045476438485e+00,  1.0802819568457e+00,  1.2586055886960e-01,  1.4222728904545e-01,  5.3334283354228e-04, -2.4735376270480e-05, -1.6127075472591e-02,  3.9612477428967e-02, -8.9218971528475e-01, -2.5714628355220e-02, -1.6209032359707e+00,  1.4487317490000e+00,  9.0241600000000e-01,               500000
  9.0963817345338e+00,  1.1038728317460e+00,  1.0795212943263e+00,  1.2860464288677e-01,  2.2319348400007e-01,  6.6812197090063e-04, -3.5044717328650e-04, -3.0672223822223e-03, -7.4508762462380e-02, -5.1265050253935e+00, -7.6245998030819e-02, -9.0527823108786e-01,  1.5079324610000e+00,  9.0740000000000e-01,               500000
  9.0975086955620e+00,  1.1040507579013e+00,  1.0803061336323e+00,  1.2243266877467e-01,  1.3974757999487e-01,  5.2867301802696e-04,  5.5676802936712e-04, -2.0963957732030e-02,  3.5794883880204e-02, -9.2188790669103e-01, -2.4705024384832e-02, -1.3611217159531e+00,  1.4185717490000e+00,  9.0602600000000e-01,               500000
  9.0980366774601e+00,  1.1038505619358e+00,  1.0814996962359e+00,  1.2316318745890e-01,  2.4008873705489e-01,  6.9294839209698e-04, -8.9198532836186e-04, -5.9693859612915e-02,  2.9359691119541e-02, -5.9118719005158e-01,  2.1935467999988e-02, -6.3572320188844e+00,  1.4982396360000e+00,  9.0763200000000e-01,               500000
  9.0993344639661e+00,  1.1033734674244e+00,  1.0822149311735e+00,  1.2560223953222e-01,  1.3336259047149e-01,  5.1645443259109e-04, -4.0345227028111e-04, -1.2700340823475e-02,  2.9829185311598e-02, -1.0497078520840e+00, -5.8757694947071e-02, -1.1856240029820e+00,  1.4823092770000e+00,  9.0550000000000e-01,               500000
  9.1008693456629e+00,  1.1026442342466e+00,  1.0839976620381e+00,  1.2961568936315e-01,  1.5295567560193e-01,  5.5309253403373e-04, -2.0130966092847e-03, -1.4173209462597e-02, -2.8802278340494e-02, -1.4450813459093e+00, -4.7037715697823e-02, -1.0640654620196e+00,  1.4436489260000e+00,  9.0356600000000e-01,               500000
  9.1040512670889e+00,  1.1022893439684e+00,  1.0865160521187e+00,  1.2422244501419e-01,  1.1685543308069e-01,  4.8343651719888e-04,  3.2732712547996e-04, -2.0267254103532e-02,  5.0742657475154e-02, -7.6507189854842e-01, -3.3756944559882e-02, -9.4862253589081e-01,  1.4301705670000e+00,  9.0544000000000e-01,               500000
  9.1066343325464e+00,  1.1014542039709e+00,  1.0894417228567e+00,  1.2934618959748e-01,  1.5366485784099e-01,  5.5437326385926e-04,  6.2931723528310e-04, -2.6167967348356e-02, -7.1261124025772e-03, -1.2498506931386e+00, -3.5803431844544e-02, -1.3326860703387e+00,  1.4229759120000e+00,  9.0935000000000e-01,               500000
  9.1084102788757e+00,  1.1007813021354e+00,  1.0927775435551e+00,  1.2603775341796e-01,  2.8734163889202e-01,  7.5807867519409e-04, -2.7188195138164e-04, -1.0324425706731e-02, -4.3098628019793e-02, -1.2643050451468e+00,  8.7296306670610e-02, -6.1378889177595e+00,  1.4317657970000e+00,  9.0213000000000e-01,               500000
  9.1102577719653e+00,  1.1006236101240e+00,  1.0941598283425e+00,  1.2735197675021e-01,  2.2454411761840e-01,  6.7014045933431e-04,  1.8905111713590e-04, -5.1526236287695e-02, -2.9647175082978e-02, -1.8679426690597e+00,  3.8441415589203e-02, -2.8126246544107e+00,  1.5263708280000e+00,  9.0552000000000e-01,               500000
  9.1117758819706e+00,  1.1007954071881e+00,  1.0946927369295e+00,  1.2434154829334e-01,  2.2597753111135e-01,  6.7227603127190e-04, -1.5081218778852e-03, -1.8423593298572e-02,  5.8847877261197e-04, -1.3528291817439e+00,  7.9334349393343e-02, -3.0721690231961e+00,  1.4813027860000e+00,  9.0672200000000e-01,               500000
  9.1144997351116e+00,  1.1009510698790e+00,  1.0936772511265e+00,  1.2815156631866e-01,  1.8603925420390e-01,  6.0998238368645e-04, -1.2121091847171e-03, -2.3721474824219e-02, -2.7736246706410e-02, -1.6261282409843e+00,  2.5501673889058e-02, -1.7302829728157e+00,  1.4280756980000e+00,  9.0149800000000e-01,               500000
  9.1180472229520e+00,  1.1013848016009e+00,  1.0922888258847e+00,  1.2257224838903e-01,  1.5202870552373e-01,  5.5141401056507e-04,  2.1424173723841e-04, -2.7870586287034e-02,  2.6708809427321e-02, -9.7612925438142e-01,  2.4847090900012e-02, -1.4506153277146e+00,  1.4345121100000e+00,  9.0650800000000e-01,               500000
  9.1210633874252e+00,  1.1015056918441e+00,  1.0905740175488e+00,  1.2524473140914e-01,  1.9476663445333e-01,  6.2412600403017e-04, -4.1501778945814e-04, -4.3630035193634e-02, -1.3958771499001e-02, -1.4288013706943e+00,  2.1086259366063e-02, -2.4015846617191e+00,  1.5257856720000e+00,  9.0743600000000e-01,               500000
  9.1241718350810e+00,  1.1017657136062e+00,  1.0886463834155e+00,  1.2533646474955e-01,  1.6402559707665e-01,  5.7275753522175e-04,  4.5802639402448e-04, -2.6302640250153e-02,  3.2046920447243e-03, -1.1681216358633e+00, -3.9212119585827e-03, -1.7593537436770e+00,  1.4288365410000e+00,  9.0405000000000e-01,               500000
  9.1265725439441e+00,  1.1019729322091e+00,  1.0870024895944e+00,  1.2361863762962e-01,  1.9735778166306e-01,  6.2826392807968e-04, -1.2623558706283e-03,  1.5815644379103e-02, -1.4797874165431e-03, -1.2938987859360e+00,  2.6098779254245e-02, -2.9124265596279e+00,  1.3892993510000e+00,  9.0295600000000e-01,               500000
  9.1298593890362e+00,  1.1021815433694e+00,  1.0850463691083e+00,  1.2408817056054e-01,  1.8185672719865e-01,  6.0308660605032e-04, -4.1121986119346e-05, -2.6572093275175e-02,  1.5302358137218e-02, -1.2477027226002e+00,  1.4481451069390e-02, -2.2667530352611e+00,  1.4622608150000e+00,  9.0522800000000e-01,               500000
  9.1328691240631e+00,  1.1022178721086e+00,  1.0830265540548e+00,  1.2532780815846e-01,  1.4484051613596e-01,  5.3822024513383e-04,  3.1279644304720e-05, -2.2668949922245e-02,  1.3121000946463e-02, -1.1040316441857e+00, -1.7427970253800e-02, -1.2883270913573e+00,  1.4680144410000e+00,  9.0435600000000e-01,               500000
  9.1355624263237e+00,  1.1021206756310e+00,  1.0815564758236e+00,  1.2556701232484e-01,  1.1261363182830e-01,  4.7458114549210e-04,  4.1320281142144e-04, -1.0027397985130e-02,  1.3179785324626e-02, -9.9889970699403e-01, -6.9569540485246e-02, -5.9043912569742e-01,  1.4339606110000e+00,  9.0391400000000e-01,               500000
  9.1376211055056e+00,  1.1019019286546e+00,  1.0815837008018e+00,  1.2614201340959e-01,  1.8278369372930e-01,  6.0462168953701e-04,  7.3471997166005e-04, -2.2741622185104e-02, -5.3567265043637e-02, -2.2922149298933e+00, -3.8226540906998e-02, -1.1490872427573e+00,  1.5532630790000e+00,  9.0442400000000e-01,               500000
  9.1388238003603e+00,  1.1022713903717e+00,  1.0823584625408e+00,  1.1920563801228e-01,  2.3524698109729e-01,  6.8592562438982e-04,  2.2132184065858e-03, -8.2649765439595e-02,  4.1252543684255e-02, -8.1850324114473e-01,  7.8220030149705e-02, -5.0037172291912e+00,  1.4127658930000e+00,  9.0324400000000e-01,               500000
  9.1379516695376e+00,  1.1021809606784e+00,  1.0815919458290e+00,  1.2450070122165e-01,  1.5638952307078e-01,  5.5926652513946e-04, -2.4996567592983e-04, -2.5191991180083e-02,  2.1345646599628e-02, -1.2622926747940e+00, -2.7156013743131e-02, -1.7799786479282e+00,  1.4958441070000e+00,  9.0447800000000e-01,               500000
  9.1374023855741e+00,  1.1018846711329e+00,  1.0814440764724e+00,  1.2373351042997e-01,  1.0992412174034e-01,  4.6887977508172e-04,  4.3791249702156e-04, -2.6733423382673e-02,  3.2780494834449e-02, -9.0725021002256e-01, -6.7640597527627e-02, -6.1496076061916e-01,  1.4337381500000e+00,  9.0224400000000e-01,               500000
  9.1365251880739e+00,  1.1012822391669e+00,  1.0826252286392e+00,  1.2409556582640e-01,  1.7570288896597e-01,  5.9279488689760e-04, -1.5630446404287e-03, -2.4335401845001e-02, -3.2977138004016e-02, -1.4660830640602e+00,  1.0209773525202e-02, -1.5984110467284e+00,  1.4642224040000e+00,  9.0272400000000e-01,               500000
  9.1371545096242e+00,  1.1010897940842e+00,  1.0835070343048e+00,  1.2656584165758e-01,  1.7839254793038e-01,  5.9731490510514e-04, -1.2722064023744e-05, -1.6157730875742e-02, -4.6097638108894e-02, -1.7535455112320e+00, -3.1041883128605e-02, -1.6919484043508e+00,  1.4135054110000e+00,  9.0659200000000e-01,               500000
  9.1377401630343e+00,  1.1014048289307e+00,  1.0849189375480e+00,  1.2371794643594e-01,  1.5855076168110e-01,  5.6311768162809e-04,  3.2507883098954e-04, -1.6340187884050e-02,  7.7577238832251e-03, -9.3101604725936e-01,  2.7903996241618e-03, -1.7654792326315e+00,  1.4357105710000e+00,  9.0177400000000e-01,               500000
  9.1379818003748e+00,  1.1016127346840e+00,  1.0861538137559e+00,  1.2569618233874e-01,  1.5247390416859e-01,  5.5222079672643e-04, -5.2510979611451e-04, -3.4133584915508e-02, -9.2536114595929e-03, -1.2290893823819e+00, -1.9924145813149e-02, -1.3567598205010e+00,  1.3367346020000e+00,  9.0510600000000e-01,               500000
  9.1386889492648e+00,  1.1019027977357e+00,  1.0876659073030e+00,  1.2522805352597e-01,  1.9028416092636e-01,  6.1690219796393e-04,  4.1080828697528e-04, -2.1435797754798e-02, -3.0219019701057e-02, -1.4882414103347e+00,  2.0780231318322e-02, -2.0603179295970e+00,  1.5050861560000e+00,  9.0018200000000e-01,               500000
  9.1389643870450e+00,  1.1024868369248e+00,  1.0886443357292e+00,  1.2288905592574e-01,  1.6012446734087e-01,  5.6590541142645e-04,  5.4671103910265e-04, -2.7927867846599e-02,  1.5399123508358e-02, -9.5189500366426e-01,  3.4916556624915e-02, -1.6411415634497e+00,  1.4920287620000e+00,  9.0117400000000e-01,               500000
  9.1387307068879e+00,  1.1028572418934e+00,  1.0888628741413e+00,  1.2773290461954e-01,  1.4956320746568e-01,  5.4692450569650e-04, -1.5226489349447e-03, -2.1554512047364e-02, -1.2796541511956e-02, -1.3209347571569e+00, -1.7656315157656e-02, -1.0986071302891e+00,  1.5190553040000e+00,  9.0521800000000e-01,               500000
  9.1399068328738e+00,  1.1033314311843e+00,  1.0894138241518e+00,  1.2464132605814e-01,  1.2699922223026e-01,  5.0398258348928e-04,  5.7492492306850e-04, -6.3398864263638e-03,  3.8761615557376e-02, -9.6418318577490e-01, -7.5315030864419e-03, -1.0668633030458e+00,  1.4947846220000e+00,  9.0347800000000e-01,               500000
  9.1404488194062e+00,  1.1033584830495e+00,  1.0900671238683e+00,  1.2565440230025e-01,  1.7573560286708e-01,  5.9285007019833e-04,  5.7732098105942e-04, -1.5152558288619e-02, -2.1461929071519e-03, -1.1747379106912e+00,  1.5288139715214e-02, -2.0689620434254e+00,  1.3980738410000e+00,  9.0392200000000e-01,               500000
  9.1404210856928e+00,  1.1034114463291e+00,  1.0903778779183e+00,  1.2404978352650e-01,  2.1824011685800e-01,  6.6066650718498e-04,  8.5682287984014e-04, -2.0871555966881e-02,  4.1253916538737e-04, -1.4630244457292e+00,  4.1412043569645e-02, -3.2658092381275e+00,  1.4890636000000e+00,  9.0737600000000e-01,               500000
  9.1396293013027e+00,  1.1034624959433e+00,  1.0898822187524e+00,  1.2485812138059e-01,  2.1640864573670e-01,  6.5788850991136e-04, -9.7995064917923e-04, -2.9077520863823e-02, -2.8874478521032e-02, -1.9771915395081e+00,  4.3605378354589e-02, -2.3267290732742e+00,  1.4628835740000e+00,  9.0606600000000e-01,               500000
  9.1398177646613e+00,  1.1038214104337e+00,  1.0886080750439e+00,  1.2252993118202e-01,  1.9560578991644e-01,  6.2546908783158e-04, -5.2981732242060e-04, -4.5941679451710e-02,  3.5150084598592e-02, -9.7503764229980e-01,  5.9444355681364e-02, -3.1672650946094e+00,  1.4204120890000e+00,  9.0823200000000e-01,               500000
  9.1404889206173e+00,  1.1037811761067e+00,  1.0863324031581e+00,  1.2249603400515e-01,  1.8466380039815e-01,  6.0772329295191e-04,  4.8844047256272e-04, -3.0809706045934e-02,  1.3962653450494e-02, -1.1303520362646e+00,  5.2065819445660e-02, -2.4865508434510e+00,  1.4860550650000e+00,  9.0482800000000e-01,               500000
  9.1406640293387e+00,  1.1036043020650e+00,  1.0832918341198e+00,  1.2329423182205e-01,  1.3023677306217e-01,  5.1036609029630e-04, -5.4998161416634e-05, -1.6353126569221e-02,  5.9630983304731e-02, -4.9615147621497e-01, -1.3970834728992e-02, -1.6494253670060e+00,  1.4501458170000e+00,  9.0621200000000e-01,               500000
  9.1408791687203e+00,  1.1028212548617e+00,  1.0808419670272e+00,  1.2448386687383e-01,  2.0999659869656e-01,  6.4806882149439e-04, -1.5126318398359e-03, -3.3071957447001e-02, -4.0928454185300e-02, -2.0942879766291e+00,  1.2384432209166e-02, -2.1633483356664e+00,  1.4225719630000e+00,  9.0860000000000e-01,               500000
  9.1424618501775e+00,  1.1025572129268e+00,  1.0784142182781e+00,  1.2714133468718e-01,  3.0994918752003e-01,  7.8733625284249e-04, -1.9994342734326e-03, -9.3794036816279e-02, -1.3470646137484e-01, -5.4049558333248e+00,  1.6314289907659e-02, -3.0706876505742e+00,  1.4238443700000e+00,  9.0261800000000e-01,               500000
  9.1457415905457e+00,  1.1037636798279e+00,  1.0759382397383e+00,  1.2304401691855e-01,  1.3068409537823e-01,  5.1124181241019e-04, -9.5128416869114e-06, -1.7585192580221e-02,  3.1479649731250e-02, -8.8007681418561e-01, -5.4935990202329e-02, -1.2967675131238e+00,  1.5390642260000e+00,  9.0663000000000e-01,               500000
  9.1487126305144e+00,  1.1045239392905e+00,  1.0747971090037e+00,  1.2614514525475e-01,  9.8798740643209e-02,  4.4451938235179e-04, -9.6120818524311e-04, -1.7125576182660e-02,  4.9173584949957e-02, -6.9217616134180e-01, -1.1206733769648e-01, -6.5841852994429e-01,  1.4260520930000e+00,  9.0656200000000e-01,               500000
  9.1522689445011e+00,  1.1046947418290e+00,  1.0759673949097e+00,  1.2495633983303e-01,  1.2046424535583e-01,  4.9084467065627e-04,  1.7862379185367e-03, -2.0612499570378e-02,  2.9946817363051e-02, -1.2488159310673e+00, -7.1093287384027e-02, -7.7635143052085e-01,  1.5025417300000e+00,  9.0545400000000e-01,               500000
  9.1538550007486e+00,  1.1045396966002e+00,  1.0784163187991e+00,  1.2749466356985e-01,  2.6709381657999e-01,  7.3088140841041e-04, -2.1636411131801e-03, -8.7434004800974e-02, -8.9505745956174e-02, -7.6718742929658e+00, -9.3758431317670e-02, -1.1995732228165e+00,  1.4067205840000e+00,  9.0224600000000e-01,               500000
  9.1572821366081e+00,  1.1053837512127e+00,  1.0824587537682e+00,  1.2175730464791e-01,  1.1749310587759e-01,  4.8475376404436e-04,  1.4091428523321e-03, -2.3152674195173e-02,  4.6830266948467e-02, -7.9320416067951e-01, -2.5471043365437e-02, -9.1823970914508e-01,  1.5224302390000e+00,  9.0596400000000e-01,               500000
  9.1590991659177e+00,  1.1056542830070e+00,  1.0866058818509e+00,  1.2438465679956e-01,  2.0405117563038e-01,  6.3882889043997e-04,  8.2183618920348e-04, -6.7706487109850e-02,  3.9867970223408e-02, -9.2899454393200e-01,  6.8504881722306e-02, -3.9386632641746e+00,  1.4198082760000e+00,  9.0381600000000e-01,               500000
  9.1600205016786e+00,  1.1054820731408e+00,  1.0890391981464e+00,  1.2646323554976e-01,  1.4782778676413e-01,  5.4374219399294e-04, -3.4873287193653e-04, -2.7067237429837e-02,  2.9620943394722e-02, -8.1469219975576e-01,  1.9358789452770e-02, -1.6081964159139e+00,  1.4234346620000e+00,  9.0786800000000e-01,               500000
  9.1611793678300e+00,  1.1050183622263e+00,  1.0908684738146e+00,  1.2139519283284e-01,  1.9213182866219e-01,  6.1989003647775e-04, -4.9817905232144e-04, -2.0473778623082e-02,  5.8307586198800e-02, -6.7845778995746e-01,  9.1981133851450e-02, -2.9140732608106e+00,  1.4882387140000e+00,  9.0366200000000e-01,               500000
  9.1626851999140e+00,  1.1039879870178e+00,  1.0907463745239e+00,  1.2378412566377e-01,  1.5328588860228e-01,  5.5368924244973e-04, -2.6214328173075e-04, -2.2428639970449e-02,  4.3539040888383e-02, -8.8311700420018e-01,  2.0591221984404e-02, -1.9135299226682e+00,  1.6221525500000e+00,  9.0706600000000e-01,               500000
  9.1642902498370e+00,  1.1026040198513e+00,  1.0902528332528e+00,  1.2341644504622e-01,  2.2188933100842e-01,  6.6616714270282e-04,  1.7503918240533e-03, -1.8426971274837e-02,  1.6695998835470e-05, -2.4925675780638e+00,  4.6565482775805e-02, -2.5989895235703e+00,  1.5153795590000e+00,  9.0706000000000e-01,               500000
  9.1641511297543e+00,  1.1013703587242e+00,  1.0889237748652e+00,  1.2861576696055e-01,  1.8511512840324e-01,  6.0846549352159e-04, -1.5159619797043e-03, -4.0671719659183e-02, -5.1466935633261e-02, -2.1678434903652e+00, -4.6634245720324e-04, -1.3925645541857e+00,  1.4740520100000e+00,  9.0464600000000e-01,               500000
  9.1654222738629e+00,  1.1008160800413e+00,  1.0877493002191e+00,  1.2476720990610e-01,  1.4596402462073e-01,  5.4030366391638e-04,  3.1104215706553e-04, -2.5727285666409e-02,  9.1764861920801e-03, -1.1864941884653e+00, -2.2559108117119e-02, -1.1229802716387e+00,  1.3983040490000e+00,  9.0767600000000e-01,               500000
  9.1662960323745e+00,  1.1002257626372e+00,  1.0871440742428e+00,  1.2108353368045e-01,  2.8453288875097e-01,  7.5436448584351e-04,  1.0017268243655e-03, -7.1296674206105e-02, -2.8058135417013e-02, -1.6706194125540e+00,  9.9043060539831e-02, -5.1012008548063e+00,  1.3866357140000e+00,  9.0761200000000e-01,               500000
  9.1662035708741e+00,  1.1000007038672e+00,  1.0847131635458e+00,  1.2695911548428e-01,  2.2845590646998e-01,  6.7595252269665e-04,  7.5392999345153e-04, -1.3978278392222e-02, -8.8938317236280e-02, -2.3551142927888e+00,  1.1639673330669e-02, -2.3815695284666e+00,  1.4403401720000e+00,  9.0524000000000e-01,               500000
  9.1654401112500e+00,  1.1007549047981e+00,  1.0823189570787e+00,  1.2598233772105e-01,  1.3208133879166e-01,  5.1396758417562e-04, -3.7415534352506e-04, -2.5205386136946e-02,  3.1251836828701e-03, -1.1688452853721e+00, -5.3353774370429e-02, -9.6437540778939e-01,  1.4670278720000e+00,  9.0386000000000e-01,               500000
  9.1651049202926e+00,  1.1014072866606e+00,  1.0812175144496e+00,  1.2378184928030e-01,  1.6678365749155e-01,  5.7755286769533e-04,  1.5556558517441e-03, -4.0649128898597e-02,  8.1735349328345e-03, -1.3611560595247e+00, -1.3969217929467e-02, -1.8582355058032e+00,  1.3913101950000e+00,  9.0940400000000e-01,               500000
  9.1634043573756e+00,  1.1019152496174e+00,  1.0805172802458e+00,  1.2619732586779e-01,  1.6903518906889e-01,  5.8143819803809e-04, -2.9090018977827e-04, -3.8157096001084e-02, -2.0825689215046e-02, -1.5139804590701e+00, -1.8938177261649e-02, -1.7523820202327e+00,  1.4771397790000e+00,  9.0739200000000e-01,               500000
  9.1621552468707e+00,  1.1026025697355e+00,  1.0802750883394e+00,  1.2871952850812e-01,  1.4436862163591e-01,  5.3734276143986e-04,  9.4944045187769e-04, -2.3863897264769e-02, -2.1287081713983e-02, -1.3432382125494e+00, -4.2834508669333e-02, -1.1276508135048e+00,  1.4871711700000e+00,  8.9892000000000e-01,               500000
  9.1601751608744e+00,  1.1034556511534e+00,  1.0809083778426e+00,  1.2507287164019e-01,  1.4150089493941e-01,  5.3197912541641e-04,  1.0947583138758e-04, -1.5516279692169e-02,  1.1872558634882e-02, -1.3718408685842e+00, -5.3219871185472e-02, -1.2484661058245e+00,  1.4162397740000e+00,  8.9764400000000e-01,               500000
  9.1582986293770e+00,  1.1041048020617e+00,  1.0825350347512e+00,  1.2479546252302e-01,  1.5787938724323e-01,  5.6192417147375e-04, -4.0319581075601e-05, -2.1939327734482e-02,  3.0378502244071e-02, -1.1030287639655e+00, -1.9583643135888e-02, -1.8856921393234e+00,  1.4201761670000e+00,  9.0139800000000e-01,               500000
  9.1566551374546e+00,  1.1043711798072e+00,  1.0844032844428e+00,  1.2413256247679e-01,  1.2013625695564e-01,  4.9017600299410e-04,  2.0876583642844e-04, -2.1978078190233e-02,  5.2267552341282e-02, -7.2924192115066e-01, -2.8496462923443e-02, -1.1471820700028e+00,  1.4045416050000e+00,  9.0422200000000e-01,               500000
  9.1549937947097e+00,  1.1040567408598e+00,  1.0866571604797e+00,  1.2253162295306e-01,  2.1226005215663e-01,  6.5155207337039e-04, -1.5169090759135e-03, -1.7115314141253e-02, -9.2302832162816e-03, -1.4633170764929e+00,  7.2872900293782e-02, -2.7509097672906e+00,  1.4701869670000e+00,  9.0716800000000e-01,               500000
  9.1548940623306e+00,  1.1038799895330e+00,  1.0872804575875e+00,  1.2774928333232e-01,  1.8913931610864e-01,  6.1504360188306e-04,  1.7149823323735e-04, -4.2466635885743e-02, -6.3248639896247e-03, -1.0982188019476e+00,  1.8841209377006e-02, -2.7400235320365e+00,  1.4577656290000e+00,  9.0886000000000e-01,               500000
  9.1546666769030e+00,  1.1037943198862e+00,  1.0874983434421e+00,  1.2300363376214e-01,  1.8155098180655e-01,  6.0257942514916e-04, -4.2932646208482e-04, -2.1553677466060e-02,  1.6094438220476e-02, -1.1515439222865e+00,  5.3594255174485e-02, -2.2755784048163e+00,  1.4618472100000e+00,  9.0480000000000e-01,               500000
  9.1548650441335e+00,  1.1035509685625e+00,  1.0866627459889e+00,  1.2434568349779e-01,  3.4954834648135e-01,  8.3612002306051e-04,  1.6419445002127e-03, -3.3395973883368e-02, -5.7392704758119e-02, -3.2459249484975e+00,  1.1796885352643e-01, -6.8252643474457e+00,  1.4939390940000e+00,  9.0453600000000e-01,               500000
  9.1535551793775e+00,  1.1039641932248e+00,  1.0836634652139e+00,  1.2764774653995e-01,  1.4408368955074e-01,  5.3681223821880e-04, -7.9607765123933e-04, -3.6011250174954e-02,  1.4904765725991e-04, -1.4930300048854e+00, -6.1259488121656e-02, -9.6830801719865e-01,  1.4095237200000e+00,  9.0326200000000e-01,               500000
  9.1531215572790e+00,  1.1043428305190e+00,  1.0821760553762e+00,  1.2674325650533e-01,  1.0564994006791e-01,  4.5967366700283e-04, -3.4193896571030e-04, -1.4020552286514e-02,  3.3034986865524e-02, -9.0249181857047e-01, -8.9524955237695e-02, -6.3308286730313e-01,  1.4793736130000e+00,  9.0644400000000e-01,               500000
  9.1530509729647e+00,  1.1043341375958e+00,  1.0826006889475e+00,  1.2565940091668e-01,  1.5661203519743e-01,  5.5966424791554e-04,  6.7787990450987e-04, -4.2300520811809e-02,  9.1116415492076e-03, -1.4069081439977e+00, -2.3157813711942e-02, -1.7140419264626e+00,  1.4557086030000e+00,  9.0614400000000e-01,               500000
  9.1523847584354e+00,  1.1042359776333e+00,  1.0834545260766e+00,  1.2544064277771e-01,  1.3077768396858e-01,  5.1142484094651e-04,  1.4816583643492e-03, -1.6999314807575e-02,  2.5322619082565e-02, -1.0020085444795e+00, -2.0897388331055e-02, -1.1033270348514e+00,  1.4904708620000e+00,  9.0655000000000e-01,               500000
  9.1504336162686e+00,  1.1038806765640e+00,  1.0846449212617e+00,  1.2479536476078e-01,  1.2542541573445e-01,  5.0085010878395e-04,  7.1910737298035e-04, -2.0793995197312e-02,  2.8028143950658e-02, -8.8625507833019e-01, -4.5022068531428e-02, -1.0975662381602e+00,  1.3898043250000e+00,  9.0157800000000e-01,               500000
  9.1480257999199e+00,  1.1032638000147e+00,  1.0866123074566e+00,  1.2517439664386e-01,  2.0754070993700e-01,  6.4426812731501e-04,  1.2980062470626e-03, -3.8148155165383e-02, -1.4546068377825e-02, -2.2941140712455e+00,  2.7625995002476e-02, -2.2137938411428e+00,  1.4857279560000e+00,  9.0545400000000e-01,               500000
  9.1446842370068e+00,  1.1028771514733e+00,  1.0878626980665e+00,  1.2470744017571e-01,  1.7266694497523e-01,  5.8765116348942e-04, -7.0834907325905e-04, -1.7474161573259e-02, -7.6389005430624e-03, -1.0417581938925e+00,  5.3585261512260e-02, -1.8726443892883e+00,  1.4948416720000e+00,  8.9940600000000e-01,               500000
  9.1423337666527e+00,  1.1026168235619e+00,  1.0879526512675e+00,  1.2171907772714e-01,  1.7381306821526e-01,  5.8959828394469e-04,  1.3642585183109e-03, -3.1932980564552e-02,  4.7804796297329e-02, -1.1624803431581e+00,  1.6758474312179e-02, -2.7067397149440e+00,  1.4128596380000e+00,  9.0306800000000e-01,               500000
  9.1389795169307e+00,  1.1018729349135e+00,  1.0877303776688e+00,  1.2861056785511e-01,  2.0031269328852e-01,  6.3294975043604e-04,  6.3930515389568e-04, -1.9710219068486e-02, -3.3268009772905e-02, -1.5096674792371e+00,  2.4962181695686e-02, -2.4214795311843e+00,  1.3904990450000e+00,  9.0481800000000e-01,               500000
  9.1353798892400e+00,  1.1015702136193e+00,  1.0870622069951e+00,  1.2514352513292e-01,  1.9693437268691e-01,  6.2758963134664e-04, -7.2676365528698e-04, -3.0535638676338e-02, -2.8684786354892e-02, -1.5220941475293e+00,  2.4178514906815e-02, -2.3246933023299e+00,  1.5260295150000e+00,  9.0487200000000e-01,               500000
  9.1328208929654e+00,  1.1016157013976e+00,  1.0860065659601e+00,  1.2456707530202e-01,  1.8395392847259e-01,  6.0655408410560e-04, -1.3340692744030e-03, -2.6439016205458e-02, -3.6101999736377e-02, -1.8007422440950e+00,  1.5973464825887e-02, -1.6439857858560e+00,  1.3856075320000e+00,  9.0161200000000e-01,               500000
  9.1317572630882e+00,  1.1020567933365e+00,  1.0847567050588e+00,  1.2832271132511e-01,  1.6620014356738e-01,  5.7654166123080e-04, -1.2910537095205e-03, -2.9512817789908e-02, -2.6429789535813e-02, -1.7255211690603e+00, -3.1653775890321e-02, -1.3658928019242e+00,  1.4363763840000e+00,  9.0743200000000e-01,               500000
  9.1320013526372e+00,  1.1027494712599e+00,  1.0842696543391e+00,  1.2408114923760e-01,  1.4728726934869e-01,  5.4274721436169e-04, -1.7770628176118e-04, -1.3492009953980e-02,  3.6491100078529e-02, -1.0794256247850e+00,  1.1154254152318e-03, -1.5858073082966e+00,  1.4363529330000e+00,  9.0208400000000e-01,               500000
  9.1323910732373e+00,  1.1029839894190e+00,  1.0838245520423e+00,  1.2368320060092e-01,  2.7847795980339e-01,  7.4629479403703e-04,  4.6470634094223e-04, -5.7888711059753e-02,  1.7020504378493e-02, -1.1347656879461e+00,  5.3872811324957e-02, -7.3028592963205e+00,  1.3532256500000e+00,  9.0468600000000e-01,               500000
  9.1323405130849e+00,  1.1030168830536e+00,  1.0824309306718e+00,  1.2282653899753e-01,  1.6826170793368e-01,  5.8010638323273e-04,  4.5017389701755e-04, -2.3441650437027e-02,  7.2648802620767e-03, -1.2933260297449e+00,  1.5098151865618e-02, -1.7794354855200e+00,  1.4793849820000e+00,  9.0528600000000e-01,               500000
  9.1318905955600e+00,  1.1029747088438e+00,  1.0808944946811e+00,  1.2086790342207e-01,  1.6136545383629e-01,  5.6809410107181e-04, -2.1056051094742e-05, -6.8903480704886e-03,  3.2676050524599e-02, -9.6435764121445e-01,  1.0570236262832e-02, -1.9621455952164e+00,  1.4096528330000e+00,  9.0484400000000e-01,               500000
  9.1315079342609e+00,  1.1025871548360e+00,  1.0793206263869e+00,  1.2586501523090e-01,  1.3603772371528e-01,  5.2160851932322e-04,  1.2150231107650e-04, -2.1600962661810e-02, -5.7778328311877e-03, -1.2089118064534e+00, -4.7288749333204e-02, -8.9024007770879e-01,  1.4228905960000e+00,  9.0595200000000e-01,               500000
  9.1310609661035e+00,  1.1023074139574e+00,  1.0788492740269e+00,  1.2435099981371e-01,  1.3632221124089e-01,  5.2215363877098e-04, -1.9214284225642e-03, -3.4241633833309e-02,  1.2022875706147e-02, -1.2871285625984e+00, -6.1611713488063e-02, -9.9258088749439e-01,  1.4304227980000e+00,  9.0634000000000e-01,               500000
  9.1324484199525e+00,  1.1019316584464e+00,  1.0796555007323e+00,  1.2878132813553e-01,  1.6895480537139e-01,  5.8129993182761e-04, -1.0420092245046e-03, -3.5531355196998e-02, -5.4546670170146e-02, -2.2603738394805e+00, -7.4726046866751e-02, -8.5132271578937e-01,  1.4742792800000e+00,  9.0255200000000e-01,               500000
  9.1346760916566e+00,  1.1021992500072e+00,  1.0818691723066e+00,  1.2170451468751e-01,  1.4024267587937e-01,  5.2960867794887e-04, -3.9407449579765e-04,  1.5641228460858e-03,  1.6681577924338e-02, -1.0100645949016e+00, -1.4380635883358e-02, -1.4312042643964e+00,  1.4504684630000e+00,  9.0363200000000e-01,               500000
  9.1370460238366e+00,  1.1022640692766e+00,  1.0841623220866e+00,  1.2453101188275e-01,  2.4366782597401e-01,  6.9809430018301e-04,  1.7690005801903e-03, -4.8799772802431e-02, -5.6886028875972e-02, -2.3934543386273e+00,  5.7557469825622e-02, -2.7238083037270e+00,  1.4624494030000e+00,  9.0623600000000e-01,               500000
  9.1375665069562e+00,  1.1029555721019e+00,  1.0851124993396e+00,  1.2360884817503e-01,  2.1276915283402e-01,  6.5233297147088e-04,  1.0200265941667e-03, -4.6768747325312e-02, -1.4951264711142e-02, -1.5539181931974e+00,  5.6408318726760e-02, -2.8131324238533e+00,  1.3947901860000e+00,  9.0350200000000e-01,               500000
  9.1371143104540e+00,  1.1037500440544e+00,  1.0848772506521e+00,  1.2547414038202e-01,  2.0375888581812e-01,  6.3837118640823e-04,  4.6461303477539e-04, -3.9824023758620e-02, -5.2865634836569e-02, -2.2669544189015e+00, -2.2325379281678e-03, -1.9321410155954e+00,  1.4444490950000e+00,  9.0453200000000e-01,               500000
  9.1362958343026e+00,  1.1050550615258e+00,  1.0847288213890e+00,  1.2617675449860e-01,  1.3337137672081e-01,  5.1647144494310e-04,  1.5187987385439e-03, -2.0197425583190e-02,  2.0829453435439e-02, -9.7929007581966e-01, -1.2373843685608e-02, -1.0335973370562e+00,  1.4176788020000e+00,  9.0521600000000e-01,               500000
  9.1341646644203e+00,  1.1060083243814e+00,  1.0848511551804e+00,  1.2719568551941e-01,  1.3563758192521e-01,  5.2084082390921e-04,  4.1654188921044e-04, -3.2589835061036e-02,  3.9114398689116e-02, -8.0478789514818e-01, -2.2016491696407e-02, -1.5245132932354e+00,  1.4793264740000e+00,  9.0569000000000e-01,               500000
  9.1318748041197e+00,  1.1064436186845e+00,  1.0854141041503e+00,  1.2035610491161e-01,  1.9494643999744e-01,  6.2441402930658e-04,  1.1023503528378e-03, -5.2214647964835e-02,  5.8229740287513e-02, -8.4835775082885e-01,  7.2198729178110e-02, -3.5795346316867e+00,  1.4181032610000e+00,  9.0280800000000e-01,               500000
  9.1288172625474e+00,  1.1062031504454e+00,  1.0845214571175e+00,  1.2569056427392e-01,  1.2465567455121e-01,  4.9931087420806e-04,  6.5247978809132e-05, -1.6413413775594e-02,  5.6350048997922e-02, -6.9563180682238e-01, -1.9286422304742e-02, -1.2564310930574e+00,  1.5111277880000e+00,  9.0780800000000e-01,               500000
  9.1260102692142e+00,  1.1053734317935e+00,  1.0841135085358e+00,  1.2725728287527e-01,  1.7697143780540e-01,  5.9493098390553e-04, -1.2348125397262e-03, -3.0121688554413e-02, -3.6435793531112e-02, -1.8710532439020e+00, -4.8220695892947e-03, -1.6516637245884e+00,  1.4995958090000e+00,  9.0805200000000e-01,               500000
  9.1246415089160e+00,  1.1050355948939e+00,  1.0838584609147e+00,  1.2295017576377e-01,  1.9084533193859e-01,  6.1781118788606e-04, -9.5915652539815e-04, -9.1028385241336e-03,  4.2677004643577e-02, -1.2978046588725e+00,  4.4344304296170e-02, -2.9633427193917e+00,  1.3850313150000e+00,  9.0589400000000e-01,               500000
  9.1243022301589e+00,  1.1042704619808e+00,  1.0827752484735e+00,  1.2438024259040e-01,  1.4942748963341e-01,  5.4667630209001e-04, -7.3328297197188e-04, -2.5160339986329e-02,  2.9606345291260e-02, -9.5216065597269e-01, -2.0049374032469e-02, -1.8460763925783e+00,  1.3996866190000e+00,  9.0519600000000e-01,               500000
  9.1246883455913e+00,  1.1032616070317e+00,  1.0822175743199e+00,  1.2510604924230e-01,  1.7363868402397e-01,  5.8930244191581e-04, -5.4140179283129e-04, -6.8798682091346e-03, -4.0475932070192e-03, -1.7121790436035e+00, -1.0580460904233e-02, -1.5267369822159e+00,  1.4914798350000e+00,  9.0222200000000e-01,               500000
  9.1255417024080e+00,  1.1024067176699e+00,  1.0819415111256e+00,  1.2275127059739e-01,  2.9174567602956e-01,  7.6386605636009e-04,  3.9757696207707e-04, -1.6847562067888e-02, -1.7026533869132e-02, -1.8513673364277e+00,  8.6877212943339e-02, -5.8135869237862e+00,  1.4844691940000e+00,  9.0650400000000e-01,               500000
  9.1259489175349e+00,  1.1018340175744e+00,  1.0800195122204e+00,  1.1718569429846e-01,  5.9257203773159e-01,  1.0886432268945e-03,  2.0802204419030e-03, -1.7884859257628e-01,  4.2852393600201e-02, -1.0063504063612e+00,  1.8290263124500e-01, -2.5491284150324e+01,  1.4324755940000e+00,  9.0666800000000e-01,               500000
  9.1244680431429e+00,  1.1008523238110e+00,  1.0749258581043e+00,  1.2829313765542e-01,  1.5047882429890e-01,  5.4859607052712e-04, -4.1362534381847e-04, -3.2371541055144e-02, -4.0462449631523e-02, -1.6129408057719e+00, -7.9626296520921e-02, -8.2107695693718e-01,  1.4218005380000e+00,  9.0595400000000e-01,               500000
  9.1235333002739e+00,  1.1004224770912e+00,  1.0719298053195e+00,  1.2334467539206e-01,  1.7257457879474e-01,  5.8749396387493e-04,  6.8567376114549e-04, -1.1971715547110e-02, -4.1670320146599e-03, -2.2592863980262e+00, -8.2487453561598e-02, -1.5933737279194e+00,  1.4285881070000e+00,  9.0776400000000e-01,               500000
  9.1220600120338e+00,  1.1000936456390e+00,  1.0708841991675e+00,  1.2728767918988e-01,  1.6603406049314e-01,  5.7625352145239e-04, -3.2000688770674e-04, -3.9517234952464e-02, -5.4359308540790e-02, -1.9506237916751e+00, -1.0063974863299e-01, -1.0374003427791e+00,  1.4641488980000e+00,  9.0877800000000e-01,               500000
  9.1210489095111e+00,  1.1004076119440e+00,  1.0719447893370e+00,  1.2422697181724e-01,  1.3566942948432e-01,  5.2090196675444e-04,  4.9957209948796e-04, -2.5831209332852e-02, -1.1835053870283e-02, -1.3130757139632e+00, -1.0639088280571e-01, -9.5562615100188e-01,  1.4139066560000e+00,  9.0551800000000e-01,               500000
  9.1196853987551e+00,  1.1008282671385e+00,  1.0750077453009e+00,  1.2476842198668e-01,  1.7107540434584e-01,  5.8493658518825e-04, -7.6452099628928e-04, -2.6229095876112e-02, -5.9755170111241e-02, -2.1996179632065e+00, -7.3992451781100e-02, -9.7799819565709e-01,  1.4461822710000e+00,  8.9901400000000e-01,               500000
  9.1191815535822e+00,  1.1018790387355e+00,  1.0792335269136e+00,  1.2361200774156e-01,  1.6879746136887e-01,  5.8102919267258e-04,  8.2542839273409e-04, -1.8454459085269e-02,  1.6410615129660e-02, -1.4060573074577e+00, -2.4290895752883e-02, -2.0629920315191e+00,  1.4711709290000e+00,  9.0002200000000e-01,               500000
  9.1179675193238e+00,  1.1026519405807e+00,  1.0835396067840e+00,  1.2354747015104e-01,  1.6297327940546e-01,  5.7091729594654e-04, -2.8344297638022e-04, -2.3413538563599e-02,  1.6289728547427e-04, -1.2564178999019e+00,  1.9237937790013e-03, -1.6424711201551e+00,  1.4263595540000e+00,  9.0715200000000e-01,               500000
  9.1171491686917e+00,  1.1033532937375e+00,  1.0873965967738e+00,  1.2463013401174e-01,  1.9934121197859e-01,  6.3141303752551e-04, -8.2214612192526e-04, -9.7433096586947e-03, -1.0168296046644e-02, -1.8773617392456e+00,  4.2327943289245e-02, -2.1129545015445e+00,  1.4405689190000e+00,  8.9809400000000e-01,               500000
  9.1171837035749e+00,  1.1041079992212e+00,  1.0900533402278e+00,  1.2435011976699e-01,  1.6816427690857e-01,  5.7993840519242e-04,  6.6309113042969e-04,  5.0666694759821e-02,  5.8379070060151e-02, -5.4918428597099e-01, -2.8948333033718e-04, -3.4852961628702e+00,  1.4435126940000e+00,  9.0541800000000e-01,               500000
  9.1165722402631e+00,  1.1041440444757e+00,  1.0924866741174e+00,  1.2802693459247e-01,  1.6337739379663e-01,  5.7162469120329e-04, -9.7112784288742e-04, -3.5329056358397e-02,  1.2445791266203e-02, -9.6803364478646e-01,  2.0041561961515e-02, -1.7701676897929e+00,  1.4925245300000e+00,  9.0494000000000e-01,               500000
  9.1169449905702e+00,  1.1040439017008e+00,  1.0942988857123e+00,  1.2867567393122e-01,  1.6477346292866e-01,  5.7406177878109e-04, -1.2204876726127e-03, -2.5259186085199e-02,  1.7100137627415e-03, -1.3595347003578e+00,  1.6330639873784e-02, -1.5013844664061e+00,  1.4598751170000e+00,  9.0630200000000e-01,               500000
  9.1184320758433e+00,  1.1039422650693e+00,  1.0956222996441e+00,  1.2476238966634e-01,  1.7527988281919e-01,  5.9208087761587e-04,  2.7878187466113e-04, -2.7469770171765e-02,  1.6704962004629e-02, -1.2040127488614e+00,  5.5575680528036e-02, -1.8673230784278e+00,  1.4684047220000e+00,  9.0598400000000e-01,               500000
  9.1195238272526e+00,  1.1036718934351e+00,  1.0957300817461e+00,  1.2749132684395e-01,  1.8212739102637e-01,  6.0353523679462e-04, -8.4326035512596e-05, -2.4479294550535e-02,  1.3900825734911e-02, -1.1428036697565e+00,  4.0407669326586e-02, -2.0207695283793e+00,  1.4701277810000e+00,  9.0336000000000e-01,               500000
  9.1205975656389e+00,  1.1032802079522e+00,  1.0950454886227e+00,  1.2490177385246e-01,  1.9612923117459e-01,  6.2630540661020e-04,  8.0139894829357e-04, -2.3640060772989e-02,  9.2785757096734e-03, -1.2625664831408e+00,  4.2275978114839e-02, -2.3136766040693e+00,  1.3624482570000e+00,  9.0736800000000e-01,               500000
  9.1208254662519e+00,  1.1028312032299e+00,  1.0936128464955e+00,  1.2424148842930e-01,  2.8173688252245e-01,  7.5064889598593e-04,  1.2449251614284e-03, -5.2357503783491e-02, -3.1273548632748e-02, -2.9057390972559e+00,  1.0678388995790e-01, -3.6774238869426e+00,  1.4624640600000e+00,  9.0189800000000e-01,               500000
  9.1198897696538e+00,  1.1027911054612e+00,  1.0902454050186e+00,  1.2287556598259e-01,  2.9259516405980e-01,  7.6497733830460e-04,  3.0935627755529e-03, -8.8427583350433e-02, -1.3417537004008e-02, -1.7567370519188e+00,  1.2904781889511e-01, -5.3539536616880e+00,  1.5092101360000e+00,  9.0172600000000e-01,               500000
  9.1162063798398e+00,  1.1029142669407e+00,  1.0847241572608e+00,  1.3024506983342e-01,  3.1035882473459e-01,  7.8785636347571e-04, -1.5491076497195e-03, -7.9176475349202e-02, -1.1833741696856e-01, -6.4276651011524e+00,  3.7541284456213e-03, -2.5436145579581e+00,  1.5074599470000e+00,  9.0530200000000e-01,               500000
  9.1143738040290e+00,  1.1043791749819e+00,  1.0797017053092e+00,  1.2401902953420e-01,  9.8317477245006e-02,  4.4343540058278e-04, -3.5619852574325e-04, -9.1938425807284e-03,  5.4347580139967e-02, -6.5102084567556e-01, -7.0137675264158e-02, -6.2034632177345e-01,  1.4453108020000e+00,  9.0699000000000e-01,               500000
  9.1130598662470e+00,  1.1050962542343e+00,  1.0765760361898e+00,  1.2479869098815e-01,  1.3169431278914e-01,  5.1321401537593e-04, -5.1112268781257e-04, -2.4685624880053e-02,  3.4126351203079e-02, -1.6988323554651e+00, -8.6432963024090e-02, -8.7460281639186e-01,  1.4502847930000e+00,  9.0450400000000e-01,               500000
  9.1123652988331e+00,  1.1053708916223e+00,  1.0754822329085e+00,  1.2670446139429e-01,  1.1775577007831e-01,  4.8529531231677e-04,  2.9821260054335e-04, -1.7230335624019e-02,  1.7798765844168e-02, -9.7066126250097e-01, -8.4624030059167e-02, -9.4613568478072e-01,  1.5260099980000e+00,  9.0528000000000e-01,               500000
  9.1114690309610e+00,  1.1054249636221e+00,  1.0761794618450e+00,  1.2476161000124e-01,  1.0999459648499e-01,  4.6903005550815e-04,  1.5408931820706e-03, -2.2023715945979e-02,  5.9614237778091e-02, -6.3656244322317e-01, -6.5426934268759e-02, -1.0099807049368e+00,  1.4655376670000e+00,  9.0204200000000e-01,               500000
  9.1092331748339e+00,  1.1048112099698e+00,  1.0781092233121e+00,  1.2302552862261e-01,  1.2343142180200e-01,  4.9685293961494e-04,  7.0275001447444e-04, -2.4366833314428e-02,  5.3100605506273e-02, -8.2235483134308e-01, -6.6185616128979e-02, -1.3480644935160e+00,  1.4977602070000e+00,  9.0355200000000e-01,               500000
  9.1065740329393e+00,  1.1036694397504e+00,  1.0811663338525e+00,  1.2148384604651e-01,  1.9450685111456e-01,  6.2370962973896e-04,  1.3112389664690e-03, -5.1066621536193e-02, -9.0724739409610e-04, -1.9674983462977e+00,  3.7664358184305e-02, -2.0778247797657e+00,  1.4833727880000e+00,  9.0440600000000e-01,               500000
  9.1029785482759e+00,  1.1026621355714e+00,  1.0831955113387e+00,  1.2347531086368e-01,  4.0104615743579e-01,  8.9559606680221e-04, -1.6757312472679e-03,  6.7358884795687e-02, -5.2158785980130e-02, -1.5612771253871e+00,  1.0105769796602e-01, -1.1795666077318e+01,  1.4673335600000e+00,  9.0463800000000e-01,               500000
  9.1012786217334e+00,  1.1023476792899e+00,  1.0831413395735e+00,  1.2314803669114e-01,  1.7020420782375e-01,  5.8344529790504e-04,  1.7448814036956e-03, -2.2421961293003e-02,  1.2350169240294e-02, -1.4193286560053e+00,  1.2059318122534e-02, -1.9416709325828e+00,  1.5500245430000e+00,  9.0378000000000e-01,               500000
  9.0981302473761e+00,  1.1019339959102e+00,  1.0828734755440e+00,  1.2356649684246e-01,  2.0216883884308e-01,  6.3587552059044e-04,  6.0709091660647e-04, -2.6707283645037e-02, -3.4376920811313e-02, -2.0594692452953e+00,  1.6894373481566e-02, -1.9279346077646e+00,  1.4611714910000e+00,  9.0585600000000e-01,               500000
  9.0947398401769e+00,  1.1019584445493e+00,  1.0823172296610e+00,  1.2587228974352e-01,  1.2080330413261e-01,  4.9153495121428e-04, -1.4037193653556e-04, -2.3859848056192e-02,  6.0798514829157e-03, -9.3921123145391e-01, -5.9471789367460e-02, -8.0713561658271e-01,  1.4140420030000e+00,  9.0622800000000e-01,               500000
  9.0932841224048e+00,  1.1019379729008e+00,  1.0826588796803e+00,  1.2408260746482e-01,  1.4486742600783e-01,  5.3827024069296e-04, -3.7942280530133e-04, -2.4256942261338e-02, -3.5281177806362e-03, -1.3853435280735e+00, -3.4287759248745e-02, -9.6955181531999e-01,  1.5029735200000e+00,  9.0574000000000e-01,               500000
  9.0921562467370e+00,  1.1019432384798e+00,  1.0833105403560e+00,  1.2433329232357e-01,  1.7278580059879e-01,  5.8785338409980e-04,  6.5374745952552e-05, -2.3630205242349e-02,  1.2813644737897e-03, -1.3576425166330e+00,  2.5082400739215e-03, -1.6455596804641e+00,  1.4165234770000e+00,  9.0317200000000e-01,               500000
  9.0911152135148e+00,  1.1019445945288e+00,  1.0838808407433e+00,  1.2595583861208e-01,  1.4330470294780e-01,  5.3535913730466e-04,  6.1493363569049e-05, -1.8647844115180e-02,  4.3391722014935e-03, -1.3353781134448e+00, -4.1554377001291e-02, -1.0970585587768e+00,  1.4582832800000e+00,  9.0296200000000e-01,               500000
  9.0901530354303e+00,  1.1019251608288e+00,  1.0848114082799e+00,  1.2158385560373e-01,  2.6829638714051e-01,  7.3252493082559e-04,  1.1115941702475e-03, -6.3071544876827e-02, -1.4972498509674e-02, -2.4018643660880e+00,  7.2162794162462e-02, -3.9440554720596e+00,  1.4284185990000e+00,  9.0169600000000e-01,               500000
  9.0887802687763e+00,  1.1019987201086e+00,  1.0849536040949e+00,  1.2320814232455e-01,  2.0233876476233e-01,  6.3614269588251e-04, -4.4116094137627e-05, -5.5796591525415e-02, -3.3459978178952e-02, -1.6973638812867e+00,  4.3091091847511e-02, -2.0679302892002e+00,  1.4224561360000e+00,  9.0063200000000e-01,               500000
  9.0875775470711e+00,  1.1022582944792e+00,  1.0846649246724e+00,  1.2757122086517e-01,  2.0991898253372e-01,  6.4794904511654e-04, -1.7927719458852e-03, -5.0240726708435e-02, -6.9637604339912e-02, -2.8847087769966e+00, -2.9178355604720e-03, -1.5706918384754e+00,  1.4667430200000e+00,  9.0429000000000e-01,               500000
  9.0873485846522e+00,  1.1028927428895e+00,  1.0844416187390e+00,  1.2910645777595e-01,  1.5474094210701e-01,  5.5631095999811e-04, -1.0633663396912e-03, -1.4712648047644e-03, -2.2886849339221e-02, -2.0513807824368e+00, -7.6176946011002e-02, -7.9751704381340e-01,  1.4414800150000e+00,  9.0324800000000e-01,               500000
  9.0876417367964e+00,  1.1035991191140e+00,  1.0849997921768e+00,  1.2365494806488e-01,  1.4480186493938e-01,  5.3814842736810e-04, -6.4632383952634e-04, -2.9300602999743e-02,  9.3856245113960e-03, -1.0132352778823e+00, -1.1854545798659e-02, -1.2475601605107e+00,  1.4135388040000e+00,  9.0518400000000e-01,               500000
  9.0882160682245e+00,  1.1041852499954e+00,  1.0856263461449e+00,  1.2436468741298e-01,  1.5632685646981e-01,  5.5915446250532e-04, -2.8522424388998e-04, -3.4758633947774e-02,  1.4781240205189e-02, -9.4367907922821e-01,  1.4893403180639e-02, -1.7280549254303e+00,  1.4454222220000e+00,  9.0679400000000e-01,               500000
  9.0888755628348e+00,  1.1046323343516e+00,  1.0860514026004e+00,  1.2462638290580e-01,  1.5689758914132e-01,  5.6017423921727e-04, -8.4552279332543e-04, -1.7784291808228e-02,  2.0200262535745e-02, -8.6243351484368e-01,  2.2840774704621e-02, -1.7714250663846e+00,  1.4514304770000e+00,  9.0616000000000e-01,               500000
  9.0898710644507e+00,  1.1049232230752e+00,  1.0862160926087e+00,  1.2590606602807e-01,  1.9997196428178e-01,  6.3241120211738e-04,  1.2475220471681e-03, -3.8139059581195e-02, -8.9160854640627e-03, -1.6603425934158e+00,  3.1256045934893e-03, -2.4536759710501e+00,  1.4008884400000e+00,  9.0559000000000e-01,               500000
  9.0901895533845e+00,  1.1052404108531e+00,  1.0863455559367e+00,  1.2264150546939e-01,  1.4595145139814e-01,  5.4028039275573e-04,  3.8134989395192e-04, -1.6896220612924e-02,  6.4131705029431e-02, -5.8130547934564e-01,  2.9835895451110e-02, -1.7967815691152e+00,  1.4295483010000e+00,  9.0923000000000e-01,               500000
  9.0903009548475e+00,  1.1051644535404e+00,  1.0861742008923e+00,  1.2116848944541e-01,  2.8368534212411e-01,  7.5324012389690e-04, -2.9042492692707e-04, -1.9526777273727e-02, -1.6496773967025e-03, -1.6100506617826e+00,  1.4325027190232e-01, -4.8894040204782e+00,  1.4562333250000e+00,  9.0120200000000e-01,               500000
  9.0905426537192e+00,  1.1051099494885e+00,  1.0846240667456e+00,  1.2589872061383e-01,  2.5769816073597e-01,  7.1791108187013e-04,  7.7338396587810e-04, -3.7091169982626e-02, -3.1462884636573e-02, -2.6511876914667e+00,  4.9405371687115e-02, -3.6733022269118e+00,  1.4310147680000e+00,  9.0435400000000e-01,               500000
  9.0904046530264e+00,  1.1052468637251e+00,  1.0827565156922e+00,  1.2568497000170e-01,  1.4584162507357e-01,  5.4007707796863e-04, -1.8632733415447e-03, -1.7614819553827e-02,  3.4993958719972e-02, -1.0149549971873e+00, -3.3333906831172e-02, -1.8031754130881e+00,  1.4994330070000e+00,  9.0721200000000e-01,               500000
  9.0911618832942e+00,  1.1051743942061e+00,  1.0814145813594e+00,  1.2924732534477e-01,  1.7450744360252e-01,  5.9077481937287e-04, -2.1634402476366e-03, -2.6549151222137e-03, -9.8355812488565e-03, -1.1592290059137e+00, -2.6750675075009e-02, -2.3032630394710e+00,  1.4817524350000e+00,  9.0667400000000e-01,               500000
  9.0928601626982e+00,  1.1051682952852e+00,  1.0804831981480e+00,  1.2426246683663e-01,  1.5042463585662e-01,  5.4849728505549e-04,  3.4760624101688e-04, -2.8145573097953e-03,  3.1692583121178e-02, -1.1889492149633e+00, -3.1433898454691e-02, -1.5319687724835e+00,  1.4809382510000e+00,  9.0427800000000e-01,               500000
  9.0942269185514e+00,  1.1049859717532e+00,  1.0799644914757e+00,  1.2646891352389e-01,  1.2241634939390e-01,  4.9480571822465e-04,  6.9871625917371e-04,  7.1857415601854e-03,  3.4979463228059e-02, -1.2299887424777e+00, -5.9034181883499e-02, -9.1101315112322e-01,  1.3939517190000e+00,  9.0613400000000e-01,               500000
  9.0951271087570e+00,  1.1046262068687e+00,  1.0800889698995e+00,  1.2226542988340e-01,  1.2299276726909e-01,  4.9596928789812e-04,  1.7402365662897e-03, -3.4625819768727e-02,  6.2373370205444e-02, -6.1840862093920e-01, -2.6299989023836e-02, -1.4682820526405e+00,  1.4449553110000e+00,  8.9938800000000e-01,               500000
  9.0951261744744e+00,  1.1039488599797e+00,  1.0804699906757e+00,  1.2459566077366e-01,  1.1532546171187e-01,  4.8026130743976e-04,  4.5279455111553e-04, -2.9730678164027e-02,  3.2171924859311e-02, -9.6008729220479e-01, -6.1061092569351e-02, -8.4865440508411e-01,  1.4329646640000e+00,  9.0534400000000e-01,               500000
  9.0949191321484e+00,  1.1031582010325e+00,  1.0814245514092e+00,  1.2337728350554e-01,  1.2155633950801e-01,  4.9306457895089e-04,  3.8896430034728e-04, -1.9711235720877e-02,  5.6957019092275e-02, -7.0173244433819e-01, -5.2675496809863e-02, -1.2702306368602e+00,  1.4480732270000e+00,  9.1012400000000e-01,               500000
  9.0945540105107e+00,  1.1021234327693e+00,  1.0828142898861e+00,  1.2602053539707e-01,  1.4273975788466e-01,  5.3430283151909e-04, -3.3585237916254e-04, -3.5872300091525e-02,  4.3747341236502e-03, -1.7191928015196e+00, -5.4671872885989e-02, -8.1986519149203e-01,  1.5072878980000e+00,  9.0333600000000e-01,               500000
  9.0943919861377e+00,  1.1011713099865e+00,  1.0846134566561e+00,  1.2282716144917e-01,  1.8166904631381e-01,  6.0277532516488e-04, -5.8842670538750e-04,  7.3023825782738e-03,  3.7846623197881e-03, -1.0103615188361e+00,  3.6724338888076e-02, -2.3229040288457e+00,  1.4259956230000e+00,  9.0363400000000e-01,               500000
  9.0945220180572e+00,  1.1002949594440e+00,  1.0858795061291e+00,  1.2514737595199e-01,  1.5833576470529e-01,  5.6273575451590e-04, -1.5625402728202e-03, -7.8803428636209e-03, -2.0093132824442e-02, -1.2086221161426e+00, -1.7211546221265e-02, -1.3512242152316e+00,  1.4079153080000e+00,  9.0504400000000e-01,               500000
  9.0953779746697e+00,  1.0996239103296e+00,  1.0871980646682e+00,  1.2293630354892e-01,  1.7904695613979e-01,  5.9840948545254e-04,  9.3366139108755e-04, -3.8426774725413e-02, -1.5574288710351e-02, -1.6470414161863e+00,  3.5297124718609e-02, -1.6725979181382e+00,  1.4538981160000e+00,  9.0505000000000e-01,               500000
  9.0957171039077e+00,  1.0991132751646e+00,  1.0880418537188e+00,  1.2755199799053e-01,  1.6658735786034e-01,  5.7721288596208e-04,  7.8117098498461e-04, -9.6527089579845e-03, -2.5884828121459e-02, -1.4498898913270e+00, -8.3412628748781e-03, -1.2439107884608e+00,  1.4415906510000e+00,  9.0710800000000e-01,               500000
  9.0956558976507e+00,  1.0988056769337e+00,  1.0888913229613e+00,  1.2458561954043e-01,  1.5166505990607e-01,  5.5075413735363e-04, -2.7599044566133e-04, -2.3310136984693e-02, -1.2804792868166e-02, -1.0716346984616e+00, -5.6580890472198e-03, -1.1693444701239e+00,  1.4450293140000e+00,  9.0202600000000e-01,               500000
  9.0957367014176e+00,  1.0986050453206e+00,  1.0897188188372e+00,  1.2598813003764e-01,  2.8094363988736e-01,  7.4959140855183e-04,  7.0487632789708e-05, -9.9611687108927e-02, -9.1513998035246e-02, -3.3718191380474e+00,  4.3397956552456e-02, -2.9841034336562e+00,  1.4208650360000e+00,  9.0341600000000e-01,               500000
  9.0957997032884e+00,  1.0989585280944e+00,  1.0900451983985e+00,  1.2437972855953e-01,  2.2972790719149e-01,  6.7783170063297e-04, -2.7934897468126e-04, -3.8516599873413e-02, -5.5191317358633e-02, -2.1740245222344e+00,  3.5709875072078e-02, -2.5997128411287e+00,  1.4072546770000e+00,  9.0391000000000e-01,               500000
  9.0959977901611e+00,  1.0995995599657e+00,  1.0899951003861e+00,  1.2464426049766e-01,  1.5321010085597e-01,  5.5355234776120e-04, -1.7339618179967e-03, -4.3109038150503e-02, -1.8463738688626e-02, -1.5258723572944e+00, -2.3171724168669e-02, -9.5758133653982e-01,  1.4449066000000e+00,  9.0709800000000e-01,               500000
  9.0970063732412e+00,  1.1002872862446e+00,  1.0901865901622e+00,  1.2522940982610e-01,  1.7714697432758e-01,  5.9522596436577e-04, -2.7199544420336e-04, -3.3471186151859e-02, -8.9006894412630e-03, -1.5198972707935e+00, -2.3058085375161e-03, -1.9096633759741e+00,  1.4336900640000e+00,  9.0364400000000e-01,               500000
  9.0980514988412e+00,  1.1009622318247e+00,  1.0903917206586e+00,  1.2574212150722e-01,  2.2845008333746e-01,  6.7594390793536e-04, -9.9689691494780e-04, -1.9342962688127e-02, -4.4017475339200e-02, -2.5925180451948e+00,  2.1302170958590e-02, -2.4082447759972e+00,  1.5183419920000e+00,  8.9909000000000e-01,               500000
  9.0994691162939e+00,  1.1018305285548e+00,  1.0903750906475e+00,  1.2641281594035e-01,  1.4099326709198e-01,  5.3102404294340e-04, -7.0909459757523e-04, -1.6992742266999e-02,  2.3425507886859e-02, -8.9384721276292e-01, -3.1489115252633e-03, -1.2207870676690e+00,  1.5538541220000e+00,  9.0567800000000e-01,               500000
  9.1010857393066e+00,  1.1024804427777e+00,  1.0903978108344e+00,  1.2438607012470e-01,  1.8579467212750e-01,  6.0958128601114e-04, -4.7606384760484e-05, -4.0492143312042e-02,  5.0908224481258e-03, -1.3127533812786e+00,  4.1541143826929e-02, -2.1377100304578e+00,  1.4404648690000e+00,  9.0193200000000e-01,               500000
  9.1025740743110e+00,  1.1030403198858e+00,  1.0900122064283e+00,  1.2375209780923e-01,  1.7252902039462e-01,  5.8741641174659e-04,  7.8948155688930e-04,  1.8205626742390e-03, -8.0996144575160e-03, -1.1544009493073e+00,  4.6452034784086e-02, -1.7445998653666e+00,  1.4440830590000e+00,  9.0530800000000e-01,               500000
  9.1035392541185e+00,  1.1035946112609e+00,  1.0892075489330e+00,  1.2683213273394e-01,  1.4783719425967e-01,  5.4375949510730e-04, -1.0065955038571e-03, -4.0872320909638e-02,  9.9579721518778e-03, -1.2062972060475e+00,  2.1048206858866e-03, -1.2779758280002e+00,  1.4296910720000e+00,  9.0532000000000e-01,               500000
  9.1048956631736e+00,  1.1040399415021e+00,  1.0884680366471e+00,  1.2455358378423e-01,  1.5098002852634e-01,  5.4950892354236e-04,  4.5691458042062e-04, -3.0977278008541e-02,  3.2537067885299e-02, -9.5726743341626e-01,  1.9503397937431e-03, -1.5319140426284e+00,  1.3900366110000e+00,  9.0627800000000e-01,               500000
  9.1059076528337e+00,  1.1042560526517e+00,  1.0877900209806e+00,  1.2668413377061e-01,  1.8937410844748e-01,  6.1542523257903e-04,  4.0281608670993e-04, -3.1798913564361e-02,  7.7489157052290e-03, -2.2278459175132e+00,  1.1564780662443e-02, -2.2567787776307e+00,  1.4413821100000e+00,  9.0563800000000e-01,               500000
  9.1066352106393e+00,  1.1044123947229e+00,  1.0870743135912e+00,  1.2054033140449e-01,  3.1925549863775e-01,  7.9906883137531e-04,  1.6119854613811e-03, -9.9877989178182e-02,  4.2604118296521e-02, -1.0023938999170e+00,  1.2399827996012e-01, -8.4197069094735e+00,  1.4131166670000e+00,  9.0390400000000e-01,               500000
  9.1065475387891e+00,  1.1043098853660e+00,  1.0852290400581e+00,  1.2597185438156e-01,  1.8861432729931e-01,  6.1418942892126e-04,  5.7913424100966e-04, -2.2348995777807e-02, -1.9344218051744e-02, -1.6576196056325e+00,  3.7407635680821e-02, -1.9336418390874e+00,  1.4427112410000e+00,  9.0501400000000e-01,               500000
  9.1061985181567e+00,  1.1043342273763e+00,  1.0832013667564e+00,  1.2052442095309e-01,  1.6415139088417e-01,  5.7297712150515e-04, -7.4183170412689e-04, -3.1443849828554e-02,  3.6256881921700e-02, -7.3889746059087e-01,  3.9908035873956e-02, -2.2800169043229e+00,  1.4766639070000e+00,  9.0465000000000e-01,               500000
  9.1062446394629e+00,  1.1041484395845e+00,  1.0809859427867e+00,  1.2236404448561e-01,  1.8197869002172e-01,  6.0328880318091e-04,  3.0447794003319e-04, -6.0995311854418e-05,  1.8224781429401e-03, -1.9207125351095e+00, -3.2350736538308e-04, -1.8007559044754e+00,  1.4016950360000e+00,  9.0617400000000e-01,               500000
  9.1061412252218e+00,  1.1039760994939e+00,  1.0790027360177e+00,  1.2582986875878e-01,  1.4765825566112e-01,  5.4343031873667e-04, -5.8918693303934e-04, -3.2492028876870e-02,  2.3140314029449e-02, -1.1596444199782e+00, -5.1086229152539e-02, -1.5027906672957e+00,  1.4302471790000e+00,  9.0013000000000e-01,               500000
  9.1063365412767e+00,  1.1036900852395e+00,  1.0777389082737e+00,  1.2328866494072e-01,  1.3059384531004e-01,  5.1106525084384e-04,  3.7952935877884e-04, -1.2662258140977e-02,  1.7980290511039e-02, -1.0542994306407e+00, -4.5661169752166e-02, -1.0697698191385e+00,  1.5033738920000e+00,  9.0568200000000e-01,               500000
  9.1063345198323e+00,  1.1033312078590e+00,  1.0770659640445e+00,  1.1748047869044e-01,  2.1345316956326e-01,  6.5338069999543e-04,  2.1002238421799e-03, -7.0863259639593e-02,  4.7650886600643e-02, -1.0438375097365e+00,  4.3710670348175e-02, -3.9184805495432e+00,  1.4468787410000e+00,  9.0525600000000e-01,               500000
  9.1053494148237e+00,  1.1027343917737e+00,  1.0760396679373e+00,  1.2333043960864e-01,  1.4065741156828e-01,  5.3039119820804e-04, -2.6393755338034e-04, -2.7936138291073e-02,  1.9328325556088e-02, -8.4960901926868e-01, -4.3761231413513e-02, -1.5315350731202e+00,  1.5029133870000e+00,  9.0373000000000e-01,               500000
  9.1045945741531e+00,  1.1020869978138e+00,  1.0755641333441e+00,  1.2576288271788e-01,  1.5587607024449e-01,  5.5834768781556e-04, -3.9038191984106e-04, -2.9813897005955e-02, -1.0886940174075e-02, -1.5109164363189e+00, -6.7411577719138e-02, -1.4212751075803e+00,  1.4211339160000e+00,  9.0455600000000e-01,               500000
  9.1041080140563e+00,  1.1015715719909e+00,  1.0758222704603e+00,  1.2152445598372e-01,  1.4017144566155e-01,  5.2947416492507e-04, -2.2587279372955e-04, -2.8904562781457e-02,  8.9448934448891e-03, -1.3548589116632e+00, -5.3499368444448e-02, -1.2277471154964e+00,  1.4921895710000e+00,  9.0428200000000e-01,               500000
  9.1037844755735e+00,  1.1010591983153e+00,  1.0765997106519e+00,  1.2944379978921e-01,  2.6392850345863e-01,  7.2653768444401e-04, -9.9140102287596e-04, -3.6358055733090e-02, -9.3058826097654e-02, -5.2978648897520e+00, -6.6403672470647e-02, -1.7234182263907e+00,  1.4265606090000e+00,  9.0696600000000e-01,               500000
  9.1039752442735e+00,  1.1011550625240e+00,  1.0779767601014e+00,  1.2428190810481e-01,  2.0131072430793e-01,  6.3452458472140e-04,  1.6389167026068e-03, -2.5685600600227e-02, -2.7040480221501e-02, -1.4013179206357e+00, -3.4480629625635e-03, -2.6292877436209e+00,  1.4412848870000e+00,  9.0468200000000e-01,               500000
  9.1033707933114e+00,  1.1014029994504e+00,  1.0792651158377e+00,  1.2685020052638e-01,  1.5973977053180e-01,  5.6522521269278e-04,  7.3983871352235e-04,  1.4901649643135e-03, -4.0894404582167e-02, -2.0695927269693e+00, -8.2528318389843e-02, -6.2620311824701e-01,  1.5330713900000e+00,  9.0654800000000e-01,               500000
  9.1024728356886e+00,  1.1018707051493e+00,  1.0812583638740e+00,  1.2457691554015e-01,  2.0718078635746e-01,  6.4370922994386e-04, -1.0591135760793e-03, -1.7418553446025e-02, -2.5686314930823e-02, -1.4656877474851e+00,  2.0439557300865e-02, -2.9083545116823e+00,  1.3995566900000e+00,  9.0946200000000e-01,               500000
  9.1021745088063e+00,  1.1024460795506e+00,  1.0828622296127e+00,  1.2502006975762e-01,  1.4091462115734e-01,  5.3087591988588e-04,  4.9253861480715e-04, -3.1959048148530e-02,  1.0927666619231e-02, -1.1475435593564e+00, -2.3094453355107e-02, -1.1116754317990e+00,  1.4579311470000e+00,  9.0457600000000e-01,               500000
  9.1016780315030e+00,  1.1029038858324e+00,  1.0845452864960e+00,  1.2403570221125e-01,  3.2073036836496e-01,  8.0091244011435e-04, -6.9091323969661e-04, -7.7592798136074e-03, -6.9681312426354e-03, -1.0327458513898e+00,  5.5726126101663e-02, -8.8460556194138e+00,  1.4848584070000e+00,  9.0725200000000e-01,               500000
  9.1015632433240e+00,  1.1033599769725e+00,  1.0855427706866e+00,  1.2437076301603e-01,  1.8575416579509e-01,  6.0951483295338e-04,  5.1179827994228e-04, -2.9841868572134e-02,  1.5673962112410e-03, -1.3796305858538e+00,  1.9230721603621e-02, -2.1532280301276e+00,  1.4677207330000e+00,  9.0543200000000e-01,               500000
  9.1012220525392e+00,  1.1037656610569e+00,  1.0862578606894e+00,  1.2708763545479e-01,  1.4529268232237e-01,  5.3905970415599e-04, -9.6519361713924e-04, -1.5747711594829e-02,  7.9432498003698e-03, -1.2395872148466e+00, -2.6408641416168e-02, -1.2205949618438e+00,  1.4500870670000e+00,  9.0423400000000e-01,               500000
  9.1013807561746e+00,  1.1040882119817e+00,  1.0871748716029e+00,  1.2645702919042e-01,  1.5971984214368e-01,  5.6518995416351e-04, -7.2813575364719e-04, -2.4283310519399e-02,  1.5765327283188e-02, -1.4276435910543e+00,  7.4819451847217e-03, -1.4643392874280e+00,  1.4480663450000e+00,  9.0992200000000e-01,               500000
  9.1018782942460e+00,  1.1042905805865e+00,  1.0879325877245e+00,  1.2297945727142e-01,  1.8079650429977e-01,  6.0132604184381e-04, -6.4422760806366e-04, -1.2566971966682e-02,  4.9543773768906e-02, -7.0681645481191e-01,  4.9122882541707e-02, -2.8115752794796e+00,  1.4204647420000e+00,  9.0944000000000e-01,               500000
  9.1026381657066e+00,  1.1041845309477e+00,  1.0881320644157e+00,  1.2649479301133e-01,  1.5455833043596e-01,  5.5598260842577e-04,  1.1194063763282e-03, -2.3058299968356e-02, -4.2485340298954e-03, -1.2072751634577e+00,  7.5860424564852e-03, -1.3462672293342e+00,  1.4275597140000e+00,  9.0636200000000e-01,               500000
  9.1027910378579e+00,  1.1041174699062e+00,  1.0882417524206e+00,  1.2650207672219e-01,  1.9534007529894e-01,  6.2504411892112e-04,  2.5690027983908e-04, -4.1783569871964e-02,  8.3248149451577e-04, -1.3833124209554e+00,  1.9616678672930e-02, -2.8459828671917e+00,  1.4602663740000e+00,  9.1031600000000e-01,               500000
  9.1028154888364e+00,  1.1040562393272e+00,  1.0881562191684e+00,  1.2257153684744e-01,  2.3119481933635e-01,  6.7999238133430e-04,  2.0783326226155e-03, -6.4225116104991e-02,  2.8097110415843e-02, -9.6977803272964e-01,  8.1817205499272e-02, -5.2316757214451e+00,  1.4207946470000e+00,  9.0680800000000e-01,               500000
  9.1018568133849e+00,  1.1038388738798e+00,  1.0872772882046e+00,  1.2488293940144e-01,  1.2850176424552e-01,  5.0695515431944e-04, -6.6685133854374e-05, -1.7687656417751e-02,  3.5497868476876e-02, -9.3942915962264e-01, -3.6957456752185e-02, -1.1399072409291e+00,  1.4642440990000e+00,  9.0176200000000e-01,               500000
  9.1010295356141e+00,  1.1034371717411e+00,  1.0868660423543e+00,  1.2766336261407e-01,  2.0958935527613e-01,  6.4744012120988e-04, -4.8123877673309e-04, -1.5947666965277e-02, -8.3575445228674e-02, -2.9980886549903e+00,  8.4783994699778e-03, -1.3186568738098e+00,  1.4094782860000e+00,  9.0041200000000e-01,               500000
  9.1005192765364e+00,  1.1035758366108e+00,  1.0864163470578e+00,  1.2579948740054e-01,  1.4173086024969e-01,  5.3241123250677e-04, -1.3525962546861e-03, -1.0834104628266e-02,  9.0110177787620e-04, -9.7710187651529e-01, -5.3106181643848e-03, -1.2321107946663e+00,  1.4410119920000e+00,  9.0800200000000e-01,               500000
  9.1007118386739e+00,  1.1036983078786e+00,  1.0860714368943e+00,  1.2476424711128e-01,  1.8384704413808e-01,  6.0637784283083e-04,  1.0416403344261e-03, -1.6297507060899e-02,  6.4820584940920e-03, -2.0290387874622e+00,  2.4626681640984e-03, -2.1306691891058e+00,  1.5079807800000e+00,  9.0210800000000e-01,               500000
  9.1003890357597e+00,  1.1037764156987e+00,  1.0857465762320e+00,  1.2494678043337e-01,  1.7683516390475e-01,  5.9470188145784e-04, -3.2866780390851e-04, -3.2771839550100e-02,  6.0042894554640e-03, -1.3220958633387e+00,  2.7287658362629e-03, -2.2764626270269e+00,  1.4785793290000e+00,  9.0900800000000e-01,               500000
  9.1002640734101e+00,  1.1038152709728e+00,  1.0854377997807e+00,  1.2375380737837e-01,  1.5140230035241e-01,  5.5027684005855e-04,  2.8897389710882e-04, -2.5386828636233e-02, -7.3980103760769e-03, -1.0983996352040e+00,  1.0829165571345e-02, -1.2474349887667e+00,  1.4743910060000e+00,  9.0055000000000e-01,               500000
  9.1000186813369e+00,  1.1038971552323e+00,  1.0850558757811e+00,  1.2224472292352e-01,  1.6406520501751e-01,  5.7282668411573e-04,  9.1184025485168e-04, -1.6873205422011e-02,  4.8164128397693e-02, -6.3937247863825e-01,  4.0834316192148e-02, -2.1749324780935e+00,  1.5030861140000e+00,  9.0514000000000e-01,               500000
  9.0993631870624e+00,  1.1036884475839e+00,  1.0843074993837e+00,  1.2481507256370e-01,  1.4394276072039e-01,  5.3654964489856e-04,  6.2989341527009e-04, -2.4075952214067e-02,  1.8527450711314e-02, -9.7097603265195e-01, -1.4071916288891e-02, -1.3074404090248e+00,  1.5145794090000e+00,  9.0478000000000e-01,               500000
  9.0984754918940e+00,  1.1033938690552e+00,  1.0837834179345e+00,  1.2362734726127e-01,  1.6029516613496e-01,  5.6620696946428e-04, -2.2200133040686e-03, -2.0176103820565e-02,  1.5010193193220e-03, -1.1591684549410e+00,  8.6237992249419e-03, -1.5296338372325e+00,  1.4516967240000e+00,  9.0522000000000e-01,               500000
  9.0987495146353e+00,  1.1031230863484e+00,  1.0832312695837e+00,  1.2407878529222e-01,  1.4209853872806e-01,  5.3310137634048e-04,  1.0779210386329e-03, -2.5869432789206e-02,  1.3205810730843e-02, -9.5986342657600e-01, -1.0203132651923e-02, -1.3463782659745e+00,  1.4528950780000e+00,  9.0386000000000e-01,               500000
  9.0984842749657e+00,  1.1028038817693e+00,  1.0828448896326e+00,  1.2451702913400e-01,  1.4227181049949e-01,  5.3342630325001e-04,  6.4571548192010e-04, -5.6311776758437e-03,  3.0305768599577e-02, -9.3804309306182e-01, -2.7714668517898e-02, -1.2966867788170e+00,  1.4229371530000e+00,  9.0265800000000e-01,               500000
  9.0979361923321e+00,  1.1023396920854e+00,  1.0827864206372e+00,  1.2580095694620e-01,  1.9573207247023e-01,  6.2567095580701e-04, -2.7732622272177e-04, -3.0451405250194e-02, -4.4296899282642e-02, -1.3586893127061e+00,  1.9062391475681e-02, -2.3005086836567e+00,  1.4638634910000e+00,  9.0480600000000e-01,               500000
  9.0975833602463e+00,  1.1021881703414e+00,  1.0825508014701e+00,  1.2487755704977e-01,  1.5076411570097e-01,  5.4911586336759e-04,  8.6110681453610e-04, -2.8724897346480e-02, -5.0615366487818e-03, -1.1518786120948e+00, -2.2683162150352e-02, -1.3237744819885e+00,  1.4633958790000e+00,  9.0908200000000e-01,               500000
  9.0968578985971e+00,  1.1020851252483e+00,  1.0825772136278e+00,  1.2324633018696e-01,  2.4851155970849e-01,  7.0499866625191e-04,  6.3007435663077e-04, -9.2746394830588e-02, -1.2985515722560e-02, -1.2632310716920e+00,  7.2231346534363e-02, -4.5572990284598e+00,  1.3675852620000e+00,  9.0440200000000e-01,               500000
  9.0959232919861e+00,  1.1020731334237e+00,  1.0818861533430e+00,  1.2441980844747e-01,  1.6177788998199e-01,  5.6881963746338e-04, -1.2273929912616e-04, -2.2783116858763e-02, -8.1798681043845e-03, -1.2512881788892e+00,  7.0387683814596e-03, -1.5663654764887e+00,  1.4616259320000e+00,  9.0573200000000e-01,               500000
  9.0951461638334e+00,  1.1021146373870e+00,  1.0811997301268e+00,  1.2300195913748e-01,  1.9061816177064e-01,  6.1744337678956e-04,  1.6557734970949e-03, -5.1005113934090e-02,  1.5418340936523e-03, -2.1433004729834e+00, -1.7966761233396e-02, -2.2930544456821e+00,  1.3972310320000e+00,  9.0592800000000e-01,               500000
  9.0936612259354e+00,  1.1021492257736e+00,  1.0807771115706e+00,  1.2346205100019e-01,  1.3208634826412e-01,  5.1397733075326e-04,  1.2350206496955e-03, -2.8693686515237e-02,  2.0597996053455e-02, -9.9949915967967e-01, -4.9784421059333e-02, -1.0819009679337e+00,  1.4424375350000e+00,  9.1064200000000e-01,               500000
  9.0917361981272e+00,  1.1020608065806e+00,  1.0809118304476e+00,  1.2084535745757e-01,  2.0122897713641e-01,  6.3439573948192e-04,  1.6651911664542e-03, -4.7527228841768e-02,  1.7372161539695e-02, -1.1197763531547e+00,  5.5459903435905e-02, -3.1084854367074e+00,  1.4264153820000e+00,  9.0483400000000e-01,               500000
  9.0892135918171e+00,  1.1018810658490e+00,  1.0804811771229e+00,  1.2363752899903e-01,  1.8333263037027e-01,  6.0552890991309e-04,  1.2291950520641e-04, -4.5981884419697e-02,  5.6193138896250e-03, -1.2882211553244e+00, -1.8448832332440e-02, -2.5252181546651e+00,  1.5127070360000e+00,  9.0344800000000e-01,               500000
  9.0868932494991e+00,  1.1016895235440e+00,  1.0802952745836e+00,  1.2768325810125e-01,  1.3106067663579e-01,  5.1197788357661e-04, -9.8014874595328e-04, -3.2206374351214e-02, -1.3228021975254e-03, -1.3556204713632e+00, -7.8937173933291e-02, -7.4808227291161e-01,  1.3970159380000e+00,  9.0289400000000e-01,               500000
  9.0852848384814e+00,  1.1015289283298e+00,  1.0809402294453e+00,  1.2484021708938e-01,  1.9799979897281e-01,  6.2928498944884e-04,  1.8938880428500e-03, -8.6342654714317e-02,  1.5946384301115e-03, -1.5247472127187e+00, -1.0350266355761e-02, -3.6598339767676e+00,  1.4316704160000e+00,  9.0299000000000e-01,               500000
  9.0829464473911e+00,  1.1013793097352e+00,  1.0816459599643e+00,  1.2559326219023e-01,  1.8430542199246e-01,  6.0713330001319e-04, -4.0099129200757e-05, -3.3237243297880e-02, -2.2821146228263e-02, -1.4139073948337e+00, -2.5775586451955e-02, -2.2716048780916e+00,  1.4022719600000e+00,  9.0446600000000e-01,               500000
  9.0808675747673e+00,  1.1013850815748e+00,  1.0825574977582e+00,  1.2573997633589e-01,  1.8075429884120e-01,  6.0125585043507e-04,  2.1119304073543e-04, -3.4963898826590e-02, -4.5830035613906e-02, -1.4998671893070e+00, -1.3137377521539e-02, -1.6976959363936e+00,  1.4636851820000e+00,  9.0667200000000e-01,               500000
  9.0789016136195e+00,  1.1016686749647e+00,  1.0835220376443e+00,  1.2101736053162e-01,  3.5410247198452e-01,  8.4154913342539e-04, -1.6460083998224e-04, -5.0737014492631e-02, -5.2738587114747e-03, -2.0154553449027e+00,  1.0062598761474e-01, -9.3479559984494e+00,  1.4438106840000e+00,  9.0684800000000e-01,               500000
  9.0772226451202e+00,  1.1019616852998e+00,  1.0834055458724e+00,  1.2522376365699e-01,  1.7163236425522e-01,  5.8588798290325e-04, -5.5614751191117e-04, -3.1237981513462e-02, -2.3335536843912e-02, -1.6042636909907e+00, -9.9013312395063e-03, -1.6963961596343e+00,  1.4745793190000e+00,  9.0429200000000e-01,               500000
  9.0759870162857e+00,  1.1023700818401e+00,  1.0834108951077e+00,  1.2359975645704e-01,  2.1510672784318e-01,  6.5590659067153e-04,  3.2948755902127e-03, -6.8126433003261e-02, -2.9037083642452e-02, -2.2093520449356e+00,  4.7608347098830e-02, -2.5035076563193e+00,  1.4688455540000e+00,  9.0160800000000e-01,               500000
  9.0733099654999e+00,  1.1029184678638e+00,  1.0829400071595e+00,  1.2581121291276e-01,  1.8264333245849e-01,  6.0438949768918e-04,  1.0233597958303e-03, -3.3003775069173e-02, -2.6780691933594e-02, -1.6921635103519e+00,  3.5597743299861e-04, -1.7882878275454e+00,  1.4695534180000e+00,  9.0679400000000e-01,               500000
  9.0704150145707e+00,  1.1035779985286e+00,  1.0825213971162e+00,  1.2533153977940e-01,  1.2972335046820e-01,  5.0935910803322e-04,  3.8625833554891e-05, -1.7307140800939e-02,  9.8540395600266e-03, -9.6623403533462e-01, -3.5874821300170e-02, -1.0115690086250e+00,  1.3875092930000e+00,  9.0379800000000e-01,               500000
  9.0677930394801e+00,  1.1041158239473e+00,  1.0825182760195e+00,  1.2509553536426e-01,  1.1734641431787e-01,  4.8445105907176e-04,  1.3944416458885e-04, -2.5037664129309e-02,  4.6894795238082e-02, -8.8472148169745e-01, -5.2919867912669e-02, -9.2589871106679e-01,  1.5162459290000e+00,  9.0281200000000e-01,               500000
  9.0653701844451e+00,  1.1043213040231e+00,  1.0830640899896e+00,  1.2299338829954e-01,  1.8672195005159e-01,  6.1110056463987e-04, -1.4243932217725e-03, -2.4517236670335e-02,  3.3551305476405e-02, -9.5473983583232e-01,  2.5524973325772e-02, -2.9973386605880e+00,  1.4669321330000e+00,  9.0452800000000e-01,               500000
  9.0638827848804e+00,  1.1043076709850e+00,  1.0833085645836e+00,  1.2223358407083e-01,  2.0244612736828e-01,  6.3631144476314e-04, -3.3433681836913e-04, -1.1625933213502e-02, -8.5104257043977e-03, -1.7910234186655e+00,  4.6503140026537e-02, -2.3450622998032e+00,  1.4797943850000e+00,  9.0490000000000e-01,               500000
  9.0627072802044e+00,  1.1043519439557e+00,  1.0830623223835e+00,  1.2380133145472e-01,  1.7574328867815e-01,  5.9286303422992e-04,  1.3698770691510e-04, -2.9346402619669e-02,  1.1788302423186e-02, -1.6917360773289e+00,  3.3971007210865e-03, -1.9289310861887e+00,  1.4719236360000e+00,  9.0755600000000e-01,               500000
  9.0615894205995e+00,  1.1043259787936e+00,  1.0828154824692e+00,  1.2344669184063e-01,  1.8013156808066e-01,  6.0021924007925e-04, -7.4020026075542e-04, -4.8850272027935e-02,  4.3530755346755e-02, -1.2745491813887e+00,  6.2954996902119e-03, -2.9789149300391e+00,  1.4912910340000e+00,  9.0284200000000e-01,               500000
  9.0609522942601e+00,  1.1040443286221e+00,  1.0825436298091e+00,  1.2247381140808e-01,  1.6075303480865e-01,  5.6701505237277e-04, -1.2938454911519e-03, -1.7242759220229e-02,  5.4702975009546e-02, -1.0388255909437e+00, -1.6950435901804e-03, -2.0091401316524e+00,  1.4711798560000e+00,  9.0400800000000e-01,               500000
  9.0610082325429e+00,  1.1034642637972e+00,  1.0823266073292e+00,  1.2450247342707e-01,  1.5165128030630e-01,  5.5072911727328e-04, -1.9539601182348e-04, -3.1868931927940e-02,  1.3469340752425e-02, -8.7994441704145e-01, -1.6213870383473e-02, -1.8741796840961e+00,  1.3968666820000e+00,  9.0483000000000e-01,               500000
  9.0611608086003e+00,  1.1028632399177e+00,  1.0823081367576e+00,  1.2199574024556e-01,  2.0817811694938e-01,  6.4525671937514e-04,  1.4279554317090e-03,  3.5695864127625e-03, -4.1197013590520e-04, -1.1669791143325e+00,  5.4714762793959e-02, -3.4909687821025e+00,  1.4537004920000e+00,  9.0015600000000e-01,               500000
  9.0606068481564e+00,  1.1023278961405e+00,  1.0817447829143e+00,  1.2255655998190e-01,  1.4958204219178e-01,  5.4695894213695e-04,  4.6943697175486e-05, -2.4398399721497e-02,  2.0972462963048e-03, -1.6604885810234e+00, -5.4833171429400e-02, -1.0609715794605e+00,  1.4531820060000e+00,  9.0789400000000e-01,               500000
  9.0600910772067e+00,  1.1018380536704e+00,  1.0818092138552e+00,  1.2090259153672e-01,  3.3196568285809e-01,  8.1481983635413e-04,  3.5026656429130e-04, -1.2136888716598e-01,  2.1478614190271e-02, -1.0042069423983e+00,  6.8401052175014e-02, -1.1313419316218e+01,  1.4488691190000e+00,  9.0519800000000e-01,               500000
  9.0594863099135e+00,  1.1012700903556e+00,  1.0812195306457e+00,  1.2845941333636e-01,  1.5919566766462e-01,  5.6426176135660e-04, -1.5171692116966e-03, -1.8464892357719e-02, -5.9452774264896e-02, -1.8924994649098e+00, -6.9841808278125e-02, -7.6983784398426e-01,  1.4448793440000e+00,  9.0045400000000e-01,               500000
