#                p[0],                 p[1],                 p[2],               energy,             variance,                error,             gradE[0],          gradVarE[0],             gradE[1],          gradVarE[1],             gradE[2],          gradVarE[2],         elapsed time,        accept. ratio,             MC steps
  9.0017000000000e+00,  1.1025000000000e+00,  1.0835000000000e+00,  5.4048625320907e-03,  4.1416690063481e-01,  6.4355800098733e-04, -2.8987578714283e-03,  6.5974196308859e-03, -1.2590492096059e-02, -1.8239599525455e+00,  3.8908566212653e-02, -8.8801118319953e+00,  1.9680889706000e+01,  9.0970700000000e-01,              1000000
  9.0316998963898e+00,  1.1324999777819e+00,  1.0535000087036e+00,  1.7865296642226e-02,  1.0167186393173e-01,  3.1886025768624e-04, -4.5606490466538e-03, -1.7428361682767e-02,  4.7253501478213e-01, -2.8924447186786e-01, -4.6236900747351e-01, -5.9056032986577e-01,  1.2556584468000e+01,  9.0611000000000e-01,              1000000
  9.0613151941325e+00,  1.1107590310044e+00,  1.0742697791061e+00,  8.1969731236243e-03,  1.9045136298267e-01,  4.3640733607797e-04, -4.8809778583629e-03, -1.2026709977924e-02,  1.2280690432173e-01, -1.0589605157923e+00, -1.4206838591684e-01, -1.8529513474687e+00,  1.4494078658000e+01,  9.0372700000000e-01,              1000000
  9.0911490736757e+00,  1.0896867145137e+00,  1.0952592819076e+00,  1.2975718717680e-02,  6.2904004465323e-01,  7.9312044775887e-04, -5.3163397222911e-03, -1.5152214634368e-01, -3.7300990497913e-01, -9.1269116643528e+00,  5.9340236369636e-02, -4.4038726371325e+00,  1.4816234142000e+01,  9.0282800000000e-01,              1000000
  9.1211637310433e+00,  1.0867110631273e+00,  1.1102948061200e+00,  1.5795107323494e-02,  6.7570061823579e-01,  8.2201010835378e-04, -3.6746831552018e-03, -7.8797287241713e-02, -3.8719515629384e-01, -7.8802640811210e+00,  1.9417504810813e-01, -4.7574292752925e+00,  1.6095658073000e+01,  9.0966500000000e-01,              1000000
  9.1508447951020e+00,  1.0933548315571e+00,  1.1161382979392e+00,  9.5513790825354e-03,  6.4833156110450e-01,  8.0519038810985e-04, -3.7949706777805e-03, -1.3583652427052e-01, -2.0154620652109e-01, -4.8226807195743e+00,  2.8039356402337e-01, -8.6831519740594e+00,  1.3724438190000e+01,  9.0755100000000e-01,              1000000
  9.1803906094296e+00,  1.1030860241836e+00,  1.1132959193158e+00,  1.4423277113529e-02,  4.8851033753263e-01,  6.9893514544100e-04, -4.6271587129928e-03, -9.7280632301929e-02, -6.4219136060276e-02, -2.7211664565759e+00,  2.3538996936523e-01, -7.1464359170073e+00,  1.2956438945000e+01,  9.0428100000000e-01,              1000000
  9.2101396932567e+00,  1.1128632625345e+00,  1.1054465143457e+00,  8.2493427199570e-03,  3.3102997777816e-01,  5.7535204681843e-04, -2.6522801867488e-03, -6.0568569609693e-02,  1.6036203998732e-01, -8.1914903461825e-01,  1.9987310125088e-01, -5.2730737323045e+00,  1.2768635428000e+01,  9.0133800000000e-01,              1000000
  9.2390579495273e+00,  1.1182335448281e+00,  1.0944297402595e+00,  6.2704421515630e-03,  2.4997846342892e-01,  4.9997846296507e-04, -3.0294169806256e-03, -2.1408410475391e-02,  2.5323563387971e-01, -3.8197773260255e-01,  9.3068039621165e-02, -3.9698144642573e+00,  1.5468041727000e+01,  8.9955100000000e-01,              1000000
  9.2675753802393e+00,  1.1182203627102e+00,  1.0827509030410e+00,  8.2075858572398e-03,  1.8580414867010e-01,  4.3105005355539e-04, -3.7099200542405e-03, -2.6677394851731e-02,  2.2549984595426e-01, -5.8346018242848e-01, -5.5185906664943e-02, -2.5805265245784e+00,  1.2410529061000e+01,  9.0787600000000e-01,              1000000
  9.2961626206143e+00,  1.1143418499190e+00,  1.0735833625681e+00,  7.3383306681431e-03,  1.7658947636232e-01,  4.2022550655847e-04, -3.7053391539427e-03, -2.3759269416787e-02,  1.8694709542347e-01, -6.9048105782089e-01, -1.5080920784614e-01, -2.4591332718290e+00,  1.5289957631000e+01,  9.0382700000000e-01,              1000000
  9.3248089018649e+00,  1.1078318154994e+00,  1.0687564480025e+00,  5.4565864816194e-03,  1.9459404243837e-01,  4.4112814741113e-04, -2.6571272213219e-03, -4.0407295564458e-02,  8.4416805653519e-02, -1.4384141051338e+00, -1.8589208667311e-01, -1.8233669880980e+00,  1.1533164243000e+01,  9.0737700000000e-01,              1000000
  9.3529149958690e+00,  1.1006158634158e+00,  1.0683432657437e+00,  8.9951250083992e-03,  2.4024776119709e-01,  4.9015075354129e-04, -3.3192366387427e-03, -2.9668646120194e-02, -5.0360639980713e-02, -2.6426595260946e+00, -2.1946881518207e-01, -1.1554721712868e+00,  1.0812736947000e+01,  8.9865900000000e-01,              1000000
  9.3809779337845e+00,  1.0949801720617e+00,  1.0722450608841e+00,  8.1383203304778e-03,  3.0798561641805e-01,  5.5496451816134e-04, -3.7241283825608e-03, -4.2814621113947e-02, -1.7225448395116e-01, -3.9735933078992e+00, -2.0529757821783e-01, -1.2542419209000e+00,  9.6124662520000e+00,  9.0049200000000e-01,              1000000
  9.4092296113393e+00,  1.0928351339962e+00,  1.0794990287639e+00,  3.3273199735458e-03,  3.7850352657782e-01,  6.1522640269889e-04, -2.5798372179536e-03, -4.3908709752402e-02, -1.7746604354222e-01, -4.2941135295195e+00, -2.5076980843230e-02, -2.5788340702288e+00,  8.8247904480000e+00,  9.1507100000000e-01,              1000000
  9.4369811632531e+00,  1.0938251825046e+00,  1.0865560444030e+00,  1.0636155403479e-02,  5.3700249083730e-01,  7.3280453794808e-04, -2.4388787808578e-03,  2.7036183507913e-02, -3.0032042571106e-01, -1.3039455622018e+01, -2.9839991184913e-02, -1.9902062959636e+00,  8.7358678720000e+00,  9.0448300000000e-01,              1000000
  9.4641922779147e+00,  1.0993873298476e+00,  1.0935302101487e+00,  4.1093647782937e-03,  3.8958404619176e-01,  6.2416668141752e-04, -2.4962810807235e-03, -4.2692110301434e-02, -7.5891340604506e-02, -2.9772622795380e+00,  1.1430891115970e-01, -4.5774762185191e+00,  8.6776465040000e+00,  9.0577700000000e-01,              1000000
  9.4910080437531e+00,  1.1056114723659e+00,  1.0976766777172e+00,  8.3096047645147e-03,  3.3026398791320e-01,  5.7468599070553e-04, -2.6508264268260e-03, -4.9026798501738e-02,  1.8840917138864e-02, -3.2471705836071e+00,  5.2849302288648e-02, -4.1201198864593e+00,  8.9811536180000e+00,  9.0665400000000e-01,              1000000
  9.5175974067347e+00,  1.1109949438827e+00,  1.1004683288498e+00,  5.3980301868634e-03,  2.7394230810897e-01,  5.2339498288479e-04, -4.5931233862960e-03, -2.7142851221482e-02,  1.4111910695137e-01, -1.1255263703827e+00,  1.1625438778691e-01, -3.7122891490140e+00,  8.7524091880000e+00,  9.0101200000000e-01,              1000000
  9.5450820712386e+00,  1.1136493872239e+00,  1.1008046265107e+00,  6.0022899758149e-03,  2.7946828422409e-01,  5.2864759927960e-04, -1.5477284206831e-03, -2.8425233821271e-02,  1.8051533549145e-01, -8.1634275047809e-01,  1.5264875721763e-01, -4.1143558171392e+00,  8.7777704450000e+00,  9.0085000000000e-01,              1000000
  9.5714410044832e+00,  1.1132395012359e+00,  1.0982639519019e+00,  6.2204092077838e-03,  3.7944661640325e-01,  6.1599238339710e-04, -2.0115907994098e-03, -7.1518620894229e-02,  1.8842003698280e-01, -1.0593517475952e+00,  1.5215668573294e-01, -9.4588101365640e+00,  9.1924911220000e+00,  8.9705400000000e-01,              1000000
  9.5971798894061e+00,  1.1099902076795e+00,  1.0932241349435e+00,  5.7124745007862e-03,  3.3399829183471e-01,  5.7792585323267e-04, -2.5120489888816e-03, -3.3516827115694e-02,  7.2413555940903e-02, -1.8424241275649e+00,  1.4930053141640e-01, -5.3027893129757e+00,  8.5821545540000e+00,  9.1292800000000e-01,              1000000
  9.6227313887268e+00,  1.1059335136560e+00,  1.0859697289662e+00,  3.9807056369634e-03,  3.4262652835151e-01,  5.8534308602008e-04, -1.0832353055290e-03,  1.4192937892443e-02,  7.0142333283224e-02, -1.6342032404184e+00,  3.1226348686110e-02, -7.9273176935946e+00,  8.6211133410000e+00,  9.0469700000000e-01,              1000000
  9.6469795942005e+00,  1.1011656188090e+00,  1.0788531990457e+00,  2.5210844526826e-03,  2.6268046137353e-01,  5.1252362030792e-04, -1.9071074849027e-03, -5.0966548923365e-02, -1.5417934785282e-03, -2.4304318551525e+00, -6.5583895981725e-02, -2.5102441279834e+00,  8.6645153110000e+00,  9.1594300000000e-01,              1000000
  9.6707758224260e+00,  1.0968669488576e+00,  1.0736660123643e+00,  8.3791546217286e-03,  2.9351286475945e-01,  5.4176827588874e-04, -1.4941100727437e-03, -3.7390066857814e-02, -1.1910876067406e-01, -3.4604448833776e+00, -1.4641788963206e-01, -1.7434018415138e+00,  8.5826170500000e+00,  8.9605800000000e-01,              1000000
  9.6938322774635e+00,  1.0948989345381e+00,  1.0718094491907e+00,  7.8980397301554e-03,  3.5771046717536e-01,  5.9808901275258e-04, -2.8324096425797e-03, -7.2567809787093e-02, -1.7730639721472e-01, -4.3877868083401e+00, -1.0980226211857e-01, -2.8554593809052e+00,  8.6197255640000e+00,  9.0490700000000e-01,              1000000
  9.7173098924469e+00,  1.0959754982823e+00,  1.0722518107030e+00,  8.0802471600329e-03,  2.9340681305792e-01,  5.4167039152784e-04, -3.1696435689434e-03, -5.5748321089292e-02, -1.4076924643730e-01, -3.6588103064961e+00, -1.4150531700515e-01, -1.3597263044236e+00,  8.6410542020000e+00,  9.0614600000000e-01,              1000000
  9.7414049679712e+00,  1.0992106360239e+00,  1.0753543963744e+00,  8.0237984239249e-03,  2.4185472734235e-01,  4.9178727854871e-04, -1.5757202738472e-03, -3.2673693939593e-02, -7.2822023718738e-02, -2.5542404414552e+00, -1.4135998305041e-01, -1.2627959300669e+00,  8.6286018220000e+00,  9.0168800000000e-01,              1000000
  9.7648114081789e+00,  1.1033384751552e+00,  1.0808423318661e+00,  9.7091564658183e-03,  3.0446859375061e-01,  5.5178672850170e-04, -2.6975676616393e-03, -9.8003086383462e-02, -9.2288816792225e-02, -5.1229362363759e+00, -9.8686777047864e-02, -1.7907691187495e+00,  8.5922678210000e+00,  9.0392500000000e-01,              1000000
  9.7885375423975e+00,  1.1086166440916e+00,  1.0877141466616e+00,  4.8267404190238e-03,  2.9209784271422e-01,  5.4046076889467e-04, -1.4018178122360e-03, -7.3748239617784e-02,  1.1188580446823e-01, -1.0298847487467e+00,  6.0159684724002e-02, -5.5984164963268e+00,  8.6256957970000e+00,  9.0034500000000e-01,              1000000
  9.8114912691525e+00,  1.1115867182120e+00,  1.0928541685029e+00,  5.8635861137482e-03,  2.7355223241850e-01,  5.2302221025354e-04, -3.6920073036835e-03, -1.9632969864136e-02,  1.2803773665444e-01, -1.3326997231404e+00,  8.2093209306983e-02, -4.0836070750927e+00,  8.6080416150000e+00,  9.0924000000000e-01,              1000000
  9.8355381375088e+00,  1.1121907875989e+00,  1.0959593938824e+00,  7.4861917155210e-03,  2.7966122442512e-01,  5.2883005249808e-04, -2.0170428966341e-03, -2.3660533032334e-02,  1.3627601038729e-01, -1.1835751970184e+00,  8.2849136177179e-02, -4.8535489121475e+00,  9.0561367340000e+00,  9.0162000000000e-01,              1000000
  9.8592844201926e+00,  1.1105098687897e+00,  1.0971982809049e+00,  5.2194824437190e-03,  2.7309601789630e-01,  5.2258589523283e-04, -1.7258926880734e-03, -2.6492083733899e-02,  1.2097134554836e-01, -1.0628993396010e+00,  1.1076219169196e-01, -4.0470180342181e+00,  8.5984998200000e+00,  9.0404500000000e-01,              1000000
  9.8825246822935e+00,  1.1070005440068e+00,  1.0961743643629e+00,  3.0391111512443e-03,  2.6169231376832e-01,  5.1155870999165e-04, -2.0301703112813e-03, -2.5497233593569e-02,  1.0332500265820e-01, -9.4323514532336e-01,  8.9851507300657e-02, -3.7232646420355e+00,  8.5966724250000e+00,  9.0313600000000e-01,              1000000
  9.9055777776257e+00,  1.1021085880547e+00,  1.0934987217619e+00,  8.4143894474936e-03,  2.9347996460382e-01,  5.4173791135920e-04, -2.7705493794832e-03, -2.4938537561810e-02, -3.5157663187103e-02, -2.2025849092990e+00,  4.8303591816092e-02, -2.9061255912487e+00,  8.6602987470000e+00,  9.0454000000000e-01,              1000000
  9.9290810161368e+00,  1.0982654627543e+00,  1.0901248512302e+00,  4.9834666893739e-03,  3.2634984258829e-01,  5.7127037608149e-04, -1.2228130060142e-03, -5.1502582254477e-02, -7.4864993674450e-02, -3.5659649866072e+00,  3.7615934027551e-02, -2.6536324474537e+00,  8.6312996430000e+00,  9.0328000000000e-01,              1000000
  9.9516812378953e+00,  1.0960754827312e+00,  1.0863185519998e+00,  5.5899273151410e-03,  3.7550086863101e-01,  6.1278125675563e-04, -1.1167469681709e-03, -4.0164255670220e-02, -1.4331149044121e-01, -4.9313785289835e+00,  8.7212059463887e-03, -2.7955124966579e+00,  9.0016446640000e+00,  9.0161600000000e-01,              1000000
  9.9733663432723e+00,  1.0965799598853e+00,  1.0827025193618e+00,  6.1924052514160e-03,  3.7949479460711e-01,  6.1603148832434e-04, -3.7430582598267e-03, -5.8248829874385e-02, -1.4270830542998e-01, -3.4527555799186e+00,  5.1938471303486e-03, -4.6633689005159e+00,  8.8266925390000e+00,  9.0192500000000e-01,              1000000
  9.9964708328055e+00,  1.0994995590840e+00,  1.0793509678158e+00,  4.7233959704625e-03,  2.4509065824381e-01,  4.9506631701602e-04, -1.0442823417681e-03, -3.5993875942365e-02, -2.9815409955727e-02, -2.4559542711669e+00, -9.2806546684189e-02, -1.5440241765377e+00,  8.6451786950000e+00,  9.1277800000000e-01,              1000000
  1.0018540594227e+01,  1.1026917144842e+00,  1.0782713986562e+00,  5.9505237640145e-03,  1.9252605817283e-01,  4.3877791440868e-04, -1.8115944359135e-03, -3.6206774416796e-02,  2.4011849383080e-02, -1.8631861165915e+00, -1.2075793700009e-01, -1.2634638634087e+00,  8.6842664550000e+00,  9.0407600000000e-01,              1000000
  1.0040390211143e+01,  1.1051939356029e+00,  1.0798392959633e+00,  2.9831082105473e-03,  3.1732545263976e-01,  5.6331647644975e-04, -1.8219375983546e-03, -5.4293427712747e-02,  4.3523585837803e-02, -1.7688996956778e+00, -3.1729412212008e-03, -6.5573557001201e+00,  8.6551870560000e+00,  9.0619900000000e-01,              1000000
  1.0062067885635e+01,  1.1067179225458e+00,  1.0814027089164e+00,  4.5674871767145e-03,  1.9577845213079e-01,  4.4246858886343e-04, -1.8160344407656e-03, -3.9614202381358e-02,  5.0963791456188e-02, -1.6361740746119e+00, -7.4672977314778e-02, -1.5022243774319e+00,  8.8155291150000e+00,  9.0836000000000e-01,              1000000
  1.0083587328552e+01,  1.1072106650889e+00,  1.0844293459475e+00,  1.1650196483789e-04,  2.3716386505543e-01,  4.8699472795445e-04, -8.2788355046765e-04, -3.6970476343133e-02,  9.0300186415964e-02, -1.5315192109892e+00,  2.3182901409002e-02, -2.7010352093429e+00,  8.9067699780000e+00,  9.1341100000000e-01,              1000000
  1.0104024480244e+01,  1.1060519761175e+00,  1.0867114779610e+00,  4.9238306105901e-03,  2.4572807403259e-01,  4.9570966707599e-04, -2.2359593345606e-03, -6.0692808950237e-02,  5.8584134031149e-02, -1.7675924021436e+00,  4.1539249712154e-03, -3.0492310127924e+00,  8.6483329060000e+00,  9.1101700000000e-01,              1000000
  1.0124844804840e+01,  1.1039551446355e+00,  1.0887301078305e+00,  4.4418771957318e-03,  2.6102223373787e-01,  5.1090335068178e-04, -2.4020178509052e-03, -2.7874042802187e-02,  2.0078666870412e-02, -1.6742036057728e+00,  3.0881639881012e-02, -2.8481772022599e+00,  8.6435951570000e+00,  8.9840300000000e-01,              1000000
  1.0146154678160e+01,  1.1016964816344e+00,  1.0899168398367e+00,  5.1761503651452e-03,  2.7812982989814e-01,  5.2738015690595e-04, -2.4309276482014e-03, -3.2054049790260e-02,  2.8180173210189e-03, -2.0999543874428e+00,  2.7961839704629e-02, -3.1392092662439e+00,  8.6643615760000e+00,  9.0962600000000e-01,              1000000
  1.0167940115758e+01,  1.0996098467401e+00,  1.0904089537099e+00,  5.8384451120802e-03,  3.5319333683495e-01,  5.9430071246377e-04, -2.1762681001988e-03, -6.3485894651182e-02, -6.8910487483366e-02, -3.1984748614130e+00,  5.4817544407516e-02, -4.0766507706094e+00,  8.6991883380000e+00,  9.1145000000000e-01,              1000000
  1.0189941272216e+01,  1.0990300036907e+00,  1.0896724740639e+00,  4.5098370342919e-03,  3.3354199249130e-01,  5.7753094505082e-04, -3.5236756286753e-03, -2.9913448314337e-02, -6.4930386932228e-02, -2.6675206665815e+00,  6.5671162284722e-02, -3.7330489897463e+00,  8.6019279770000e+00,  9.0446900000000e-01,              1000000
  1.0213316559291e+01,  1.0997484602838e+00,  1.0875632636397e+00,  2.6893998037320e-03,  2.6354482019558e-01,  5.1336616580719e-04, -2.6254195822956e-04, -4.9757526151810e-02, -2.0723932614272e-02, -2.5557258256178e+00,  4.5288029248091e-03, -2.1948267746637e+00,  8.7355963830000e+00,  9.0733600000000e-01,              1000000
  1.0234865018971e+01,  1.1008186848950e+00,  1.0855677748610e+00,  6.4170884157302e-03,  2.7677063878403e-01,  5.2608995312972e-04, -3.3473896409947e-03, -2.8729956157172e-02, -5.3241676928603e-02, -2.6461269760077e+00, -6.8801133733016e-03, -2.3590515835219e+00,  8.6059407730000e+00,  9.0852200000000e-01,              1000000
  1.0257702426190e+01,  1.1028339428261e+00,  1.0839399340511e+00,  5.4926395616840e-03,  2.0235974242031e-01,  4.4984413125027e-04, -2.2198111677077e-03, -3.4189720171960e-02,  3.4176869488062e-02, -2.2647107398322e+00, -8.2964052304738e-02, -1.2963948922062e+00,  8.6628278040000e+00,  9.0006600000000e-01,              1000000
  1.0280684249885e+01,  1.1040264590608e+00,  1.0844036345700e+00,  2.0042653851332e-03,  2.7783704342145e-01,  5.2710249802240e-04, -2.2960570123835e-03, -4.6305114037312e-02, -9.3247109044779e-04, -1.9586191338355e+00,  3.9541758332981e-02, -3.2302935074261e+00,  8.6422100030000e+00,  9.0047400000000e-01,              1000000
  1.0303879465220e+01,  1.1051472222762e+00,  1.0839384323192e+00,  6.7430251125987e-03,  2.0676903880026e-01,  4.5471863696164e-04, -2.4375844505045e-03, -2.8026997244162e-02,  3.2621643213629e-02, -1.5310636017882e+00, -3.7744471540511e-02, -1.8339522154874e+00,  8.6384686450000e+00,  9.0762200000000e-01,              1000000
  1.0327395591510e+01,  1.1055385154862e+00,  1.0844271969150e+00,  5.2128225006928e-04,  2.6930144102237e-01,  5.1894261823671e-04, -3.5741757643478e-04,  2.0673713625573e-02,  8.5127168783411e-02, -1.2765606755506e+00,  4.3734533890900e-02, -4.6643259285143e+00,  8.6191626670000e+00,  9.0142700000000e-01,              1000000
  1.0349124019695e+01,  1.1042209587355e+00,  1.0838870768965e+00,  2.5429275093861e-03,  1.9819342070123e-01,  4.4518919652349e-04, -1.1234996049203e-03, -2.3537681039945e-02,  5.2213689099695e-02, -1.5396049231379e+00, -5.7870441451591e-02, -1.8869659102752e+00,  9.0546278110000e+00,  9.0761300000000e-01,              1000000
  1.0370050159035e+01,  1.1019994392204e+00,  1.0848047014574e+00,  3.0287707662287e-03,  3.1741406765454e-01,  5.6339512569292e-04, -7.2989858615117e-05, -4.9601979006390e-02, -1.5460172834543e-02, -3.5746187495604e+00,  2.4740060744711e-02, -3.8029265291186e+00,  8.6555289160000e+00,  9.1141700000000e-01,              1000000
  1.0389159154328e+01,  1.1003294329677e+00,  1.0850865599707e+00,  7.3216187556749e-03,  2.5335115179065e-01,  5.0333999621593e-04, -1.4505780161760e-03, -1.8691849520550e-02, -4.7350167899534e-02, -2.2545536995030e+00, -5.4908648585173e-02, -2.0971714427720e+00,  8.6481943020000e+00,  9.1174400000000e-01,              1000000
  1.0408061776304e+01,  1.0997978644034e+00,  1.0867019163031e+00,  9.4409265530636e-03,  3.3493863890603e-01,  5.7873883480031e-04, -1.1058728776415e-03, -7.8941003399724e-02, -1.0282083777131e-01, -2.9924747607227e+00,  1.7752141959180e-02, -4.0347656596591e+00,  8.6619989250000e+00,  9.0208000000000e-01,              1000000
  1.0426457218307e+01,  1.1014423639976e+00,  1.0877825470315e+00,  2.3754351917857e-03,  3.0745090291802e-01,  5.5448255420529e-04, -1.2422304821811e-03, -4.4340797468958e-02, -3.7829711367548e-02, -2.4668772088263e+00,  7.0249231517271e-02, -3.7223825893819e+00,  8.9363982910000e+00,  9.1290400000000e-01,              1000000
  1.0444525672833e+01,  1.1037363124263e+00,  1.0870747151823e+00,  5.9261685413111e-04,  4.7534380704300e-01,  6.8945181633164e-04, -1.0369960602874e-03, -8.0109274057427e-02, -3.3257886138780e-02, -3.5323771679650e+00,  1.0851262350768e-01, -9.9798527028091e+00,  8.7420409200000e+00,  9.0845700000000e-01,              1000000
  1.0462105267088e+01,  1.1065422460934e+00,  1.0838783263764e+00,  5.0022039659112e-03,  2.0496494358048e-01,  4.5273054191260e-04, -1.1933195763799e-03, -1.4086786137822e-02,  6.2454817877318e-02, -1.4281893568250e+00, -1.7561562650896e-02, -1.9288576294107e+00,  8.6725336540000e+00,  9.0314600000000e-01,              1000000
  1.0479381204427e+01,  1.1077982438279e+00,  1.0814395679753e+00,  1.8930873682333e-04,  1.8056338228669e-01,  4.2492750238916e-04, -3.8591114212825e-04, -1.2178731184192e-02,  1.2950034446393e-01, -7.6969607865074e-01, -2.7513159942162e-02, -2.2409435494663e+00,  8.7312142080000e+00,  9.1091800000000e-01,              1000000
  1.0495499152647e+01,  1.1062358361381e+00,  1.0799464541996e+00,  4.9542880187866e-03,  2.0736368082670e-01,  4.5537202464216e-04, -1.4543404798949e-03, -1.9364057308332e-02,  4.9260507076234e-02, -1.4848106103151e+00, -3.2563263806538e-02, -2.5197595587240e+00,  8.8957921380000e+00,  9.0490600000000e-01,              1000000
  1.0511754328790e+01,  1.1037997658389e+00,  1.0794480702176e+00,  7.3500844595768e-03,  3.1330083533860e-01,  5.5973282496080e-04, -1.9757067790064e-03, -2.9048593890675e-02, -4.9271412510108e-02, -5.7118334670990e+00, -4.8282511746711e-02, -2.2230910003387e+00,  8.6062347780000e+00,  9.0461300000000e-01,              1000000
  1.0528708052876e+01,  1.1026953575578e+00,  1.0802540896190e+00,  3.1333844493010e-03,  3.3687996537409e-01,  5.8041361577248e-04, -3.4964236764236e-04, -6.6798073441545e-02, -5.4481042328351e-02, -2.8034689266909e+00,  3.4222169252187e-02, -4.8485138859075e+00,  8.6993231840000e+00,  9.0700200000000e-01,              1000000
  1.0544525820134e+01,  1.1028853801142e+00,  1.0801693455345e+00,  3.0964957532931e-03,  2.3138805962378e-01,  4.8102812768463e-04, -5.7093699905721e-04, -2.3035870712887e-02, -1.1886614681448e-03, -1.8500324290480e+00, -4.0164734972106e-02, -2.4265402023520e+00,  9.2878836960000e+00,  8.9958200000000e-01,              1000000
  1.0559543233027e+01,  1.1031031204636e+00,  1.0811609495746e+00,  2.1497799511843e-03,  1.9437220797042e-01,  4.4087663577289e-04, -3.7280561993933e-04, -2.0213236311489e-02,  5.2364197344373e-02, -1.4484774442239e+00, -7.3588684711327e-02, -1.7249815086966e+00,  8.7144184800000e+00,  9.0810300000000e-01,              1000000
  1.0573608421288e+01,  1.1021842280979e+00,  1.0839883751332e+00,  2.1627695956256e-03,  3.4027706012785e-01,  5.8333271820450e-04, -1.5493306368631e-03, -4.7666755732004e-02, -3.7526312161228e-02, -4.8715760152296e+00,  2.2950153289273e-02, -3.8217927617669e+00,  8.6831656550000e+00,  9.0202800000000e-01,              1000000
  1.0588174540468e+01,  1.1022212309594e+00,  1.0860020660578e+00,  3.7708987405813e-03,  2.4819753855074e-01,  4.9819427791850e-04, -8.3426174934233e-04, -1.4331055249186e-02, -1.1648523018656e-02, -2.4700954956277e+00, -2.4408636918218e-02, -2.1654303558050e+00,  8.7146027500000e+00,  9.0389300000000e-01,              1000000
  1.0602366546416e+01,  1.1025372730236e+00,  1.0884980531926e+00,  5.9154986322617e-03,  2.9233944064227e-01,  5.4068423376521e-04, -6.5057300109937e-04, -5.8438939368834e-02, -2.1879321981619e-02, -2.5450834751079e+00,  4.2470160673744e-02, -4.0074116248535e+00,  8.8497785700000e+00,  9.1005000000000e-01,              1000000
  1.0616036414279e+01,  1.1033350448464e+00,  1.0896872804859e+00,  7.6976248811702e-04,  2.4696399668922e-01,  4.9695472297707e-04, -7.4955518529316e-04, -6.6016736348429e-03,  4.9099939423819e-02, -1.2469350227589e+00,  5.5327619433193e-02, -3.1644574807149e+00,  8.7300052110000e+00,  9.0420900000000e-01,              1000000
  1.0629323398583e+01,  1.1029802347233e+00,  1.0893322695710e+00,  5.8308724333297e-03,  2.2790362787322e-01,  4.7739253018163e-04,  4.2034331098091e-04, -2.4301554324493e-02,  1.1110597119720e-02, -1.6833568891318e+00,  9.4233719898325e-03, -2.0862718274782e+00,  8.6567017610000e+00,  8.9976400000000e-01,              1000000
  1.0640872956649e+01,  1.1024287546793e+00,  1.0887856830745e+00,  1.8387865785094e-03,  4.1227960589795e-01,  6.4209002943353e-04, -3.4715913423993e-04, -1.0234335378989e-01, -3.6295542335046e-02, -2.7137205493403e+00,  1.2902012999224e-01, -7.8598733518575e+00,  8.6549091850000e+00,  8.9488200000000e-01,              1000000
  1.0651823792181e+01,  1.1027775075815e+00,  1.0849454393379e+00,  3.9936245135964e-03,  2.3889594979573e-01,  4.8876983314822e-04, -1.3637209327063e-03, -2.4237456741715e-02,  3.5832591412514e-02, -1.4077914800420e+00, -2.8907412208722e-03, -2.9653255411759e+00,  8.6554474660000e+00,  9.0080900000000e-01,              1000000
  1.0663407253930e+01,  1.1022967864689e+00,  1.0815828608851e+00,  3.6492195986195e-03,  3.2341547608348e-01,  5.6869629512024e-04, -2.8352546979211e-04, -7.0952870513738e-02, -3.4240603517462e-02, -2.6535569773983e+00,  4.6277612334276e-02, -4.4222918694188e+00,  8.6850233850000e+00,  9.0288300000000e-01,              1000000
  1.0674295788602e+01,  1.1026731442453e+00,  1.0773437777628e+00,  3.6671655550881e-03,  1.9448280727437e-01,  4.4100204905915e-04, -1.6421801593385e-03, -1.8633582288315e-02,  1.9915587618284e-02, -1.7452151827284e+00, -9.6749875813808e-02, -1.5161920824888e+00,  8.6372461090000e+00,  9.0156700000000e-01,              1000000
  1.0686169679273e+01,  1.1025765838973e+00,  1.0761712669790e+00,  2.0838319660156e-03,  2.4116369994213e-01,  4.9108420860594e-04,  9.0758228300833e-04, -4.8430456977813e-02,  1.7079636834628e-02, -1.8984703296097e+00, -5.8068520368995e-02, -3.0111641939966e+00,  8.9109433000000e+00,  9.0116000000000e-01,              1000000
  1.0695822380294e+01,  1.1021159920784e+00,  1.0767367596597e+00, -4.0760253599771e-04,  1.8954268175633e-01,  4.3536499831328e-04, -2.0762350461505e-04, -3.5863272203839e-03,  5.8768360148062e-02, -1.2427201594425e+00, -6.6754855274466e-02, -2.0784287084408e+00,  8.6275101510000e+00,  9.0885200000000e-01,              1000000
  1.0704829234573e+01,  1.1003470912821e+00,  1.0791055598528e+00,  6.1230553319571e-03,  2.6306745204093e-01,  5.1290101583145e-04,  5.7195194880067e-07, -3.0702736209953e-02, -6.2443539118544e-02, -3.4874347138746e+00, -6.3915027799309e-02, -1.4207572538143e+00,  8.6555920140000e+00,  9.1200600000000e-01,              1000000
  1.0713007635907e+01,  1.1002472047731e+00,  1.0830251444771e+00,  6.4574868731768e-03,  2.1122543938717e-01,  4.5959268857019e-04,  4.4267392639392e-04, -1.7728896647179e-02,  6.2596413771208e-03, -1.8261489679478e+00, -6.7100749795783e-02, -1.8603214299247e+00,  8.6457596780000e+00,  9.0805800000000e-01,              1000000
  1.0719865604221e+01,  1.1000309578438e+00,  1.0884464463929e+00,  2.9258201551198e-03,  3.4473100507450e-01,  5.8713797788467e-04, -2.0611782803805e-03, -2.9748979256405e-02, -7.8077399173328e-02, -3.6946062537729e+00,  5.0106496660847e-02, -3.9782931520422e+00,  8.6756819800000e+00,  9.0702800000000e-01,              1000000
  1.0728678654980e+01,  1.1017229058151e+00,  1.0920145395684e+00,  2.8025813908521e-03,  2.9618701224500e-01,  5.4423066088286e-04, -1.3669777667495e-03, -5.3547072418580e-02, -3.6377333050648e-02, -2.4865858906838e+00,  9.1196577609900e-02, -3.1404792104865e+00,  8.9612030700000e+00,  8.9790400000000e-01,              1000000
  1.0738417501169e+01,  1.1041480655641e+00,  1.0927380645312e+00,  2.5049343221263e-03,  3.0048924543374e-01,  5.4816899349903e-04, -6.4875027581711e-05, -7.5652018308787e-02,  4.9332647115806e-02, -1.4519676612817e+00,  6.7199856563717e-02, -5.4626831016238e+00,  8.7262015410000e+00,  9.1027700000000e-01,              1000000
  1.0747369275383e+01,  1.1051817583620e+00,  1.0915906284936e+00,  6.5386734590632e-03,  2.2403141406297e-01,  4.7331956864572e-04, -2.3891226808806e-03, -2.5845069107821e-02,  4.0452178859572e-02, -1.5020549890770e+00,  2.3978360128406e-02, -2.3727318123963e+00,  8.6182413810000e+00,  9.0200700000000e-01,              1000000
  1.0758499061572e+01,  1.1051639622104e+00,  1.0899111807759e+00,  4.8182043738121e-03,  2.5404525492511e-01,  5.0402902190758e-04, -1.6232106104455e-03, -1.7808959038380e-02,  3.8623766683933e-02, -1.3888751328965e+00,  5.2843274810229e-02, -3.3650679542846e+00,  8.6688575210000e+00,  9.1113700000000e-01,              1000000
  1.0770644076829e+01,  1.1042319586352e+00,  1.0869477448286e+00,  3.2751411640957e-05,  2.8353055086432e-01,  5.3247586880939e-04,  8.0166134315879e-04, -7.2510064468767e-02,  6.4164576764897e-02, -1.7090556948902e+00,  7.6813450429488e-02, -4.5257238814843e+00,  8.6252488640000e+00,  9.0526200000000e-01,              1000000
  1.0780645528364e+01,  1.1018537056667e+00,  1.0821606683888e+00,  5.1379836872991e-03,  2.8690529658700e-01,  5.3563541386563e-04, -1.7315689663918e-03, -4.4674724072692e-02, -8.0305014641087e-02, -3.5625047807332e+00, -4.7988109421747e-03, -2.2613030660141e+00,  8.6118606600000e+00,  9.0425100000000e-01,              1000000
  1.0791941163729e+01,  1.1017038866711e+00,  1.0779953297342e+00,  2.2776946759043e-03,  2.5257221323681e-01,  5.0256563077554e-04, -5.1184285786217e-04, -2.5847900366136e-02,  1.7957304142386e-03, -1.9621754343058e+00, -4.9253183130471e-03, -2.8790589180238e+00,  9.0694233870000e+00,  9.0541400000000e-01,              1000000
  1.0802848203946e+01,  1.1015482987679e+00,  1.0744066672463e+00,  3.3479697432371e-03,  3.2970875873089e-01,  5.7420271571188e-04, -9.3223047126498e-04, -4.9739674082274e-02, -1.4199826356203e-02, -2.0615135072890e+00, -2.1733682053341e-02, -8.1653279207154e+00,  8.6387781540000e+00,  9.2218600000000e-01,              1000000
  1.0813964920854e+01,  1.1017825194938e+00,  1.0719031314710e+00,  2.8522064115249e-03,  1.8307020941943e-01,  4.2786704642848e-04, -1.4772088721009e-04, -2.6664906807929e-02,  1.9789392714839e-02, -1.7943045442562e+00, -1.3233649443793e-01, -1.0558126554302e+00,  8.6322184380000e+00,  9.0060200000000e-01,              1000000
  1.0824240174287e+01,  1.1015266302517e+00,  1.0734741445758e+00,  5.1839218689311e-03,  2.3091950272268e-01,  4.8054084396925e-04,  4.6995763303547e-04, -3.1369924248458e-02, -2.8786839031980e-02, -2.2044545011507e+00, -7.5988448534310e-02, -2.0314953300821e+00,  8.6221541090000e+00,  8.9537900000000e-01,              1000000
  1.0832938040831e+01,  1.1020393416730e+00,  1.0771092071938e+00,  3.2257892447579e-03,  2.8307221633217e-01,  5.3204531417180e-04, -1.0727100560035e-03, -2.1009505969306e-02, -2.4964122549000e-02, -2.5687340634404e+00, -9.2282851539124e-03, -3.5708582490790e+00,  8.6992284350000e+00,  9.1141100000000e-01,              1000000
  1.0842240620596e+01,  1.1031604722989e+00,  1.0807182420688e+00,  2.1851188944137e-03,  3.7532630987967e-01,  6.1263880866271e-04, -1.7185207099460e-03, -1.2137198846557e-01, -6.7360365637257e-02, -7.4323901407318e+00,  1.7319532061064e-02, -3.2994774833681e+00,  8.9616491250000e+00,  8.9988200000000e-01,              1000000
  1.0853001022548e+01,  1.1059592182735e+00,  1.0835280616323e+00,  2.9701288498926e-03,  2.2033066037948e-01,  4.6939392878422e-04, -2.5542942978790e-04, -2.8767524340009e-02,  5.5202536368972e-02, -1.3337205428646e+00,  1.2234106723326e-02, -2.8653409467640e+00,  8.7945551190000e+00,  9.0969000000000e-01,              1000000
  1.0863100373828e+01,  1.1071127903700e+00,  1.0857546520218e+00,  3.4312153164339e-03,  2.9973296311329e-01,  5.4747873302375e-04,  5.8328455542954e-04, -1.1425410811729e-01,  7.9134334884726e-02, -1.2532733233747e+00,  6.6814936908741e-02, -6.9286830131997e+00,  8.6407703160000e+00,  9.0591100000000e-01,              1000000
  1.0871528958478e+01,  1.1061665545972e+00,  1.0859040987925e+00,  1.1226190170330e-03,  2.9506378362107e-01,  5.4319773896904e-04,  5.8230917689532e-04, -6.1084449713246e-02,  6.1467986081912e-02, -1.8677399605820e+00,  1.0565841114407e-01, -4.6804521963569e+00,  8.6421111300000e+00,  9.0224200000000e-01,              1000000
  1.0878406992149e+01,  1.1037726481571e+00,  1.0830033475662e+00,  3.3321748570517e-03,  2.1595342348325e-01,  4.6470789048955e-04,  2.0090847194432e-05, -1.8369393462579e-02,  6.5563181569160e-02, -1.0044711134661e+00, -1.6273642060296e-02, -2.9947964225331e+00,  8.6543722500000e+00,  9.1052300000000e-01,              1000000
  1.0884616092912e+01,  1.0999498170915e+00,  1.0809037134347e+00,  2.1545855442998e-03,  2.6060659910655e-01,  5.1049642418586e-04, -2.1879951363313e-03, -6.5304921355742e-02, -4.6695138116609e-02, -3.5364202221153e+00, -6.1713216356051e-02, -1.9133143171872e+00,  8.6784979980000e+00,  8.9862000000000e-01,              1000000
  1.0893225665207e+01,  1.0977360641906e+00,  1.0808647215231e+00,  3.6780471053787e-03,  3.3156908585095e-01,  5.7582035901047e-04, -3.5672806677567e-03, -2.0519742063188e-02, -9.2030434155731e-02, -2.5106324526314e+00,  2.4004069105460e-02, -4.3912853212414e+00,  8.6554841730000e+00,  8.9700400000000e-01,              1000000
  1.0905734675770e+01,  1.0981354862807e+00,  1.0801799550013e+00,  6.7994377712044e-03,  2.6151815955656e-01,  5.1138846247893e-04, -2.2129224906967e-03, -2.6402916939694e-02, -9.9961198298699e-02, -3.4534499980678e+00, -8.3563331480803e-02, -1.3593626162361e+00,  8.7291462270000e+00,  9.1012500000000e-01,              1000000
  1.0919995966090e+01,  1.1011101784977e+00,  1.0820755669471e+00,  2.4542666100311e-03,  2.0408658157409e-01,  4.5175942887127e-04, -9.6022646554192e-04, -2.5761442687851e-02,  2.2357133063173e-02, -1.6172887897938e+00, -3.6675828836661e-02, -1.7786374704702e+00,  8.6803265350000e+00,  9.0854800000000e-01,              1000000
  1.0934203828209e+01,  1.1032440575686e+00,  1.0849148755115e+00,  4.9963230753578e-03,  2.1971046389399e-01,  4.6873282783905e-04, -3.8103469548386e-04, -4.4716638200478e-02,  1.8569037654420e-02, -1.8257639512730e+00, -1.1619445198541e-02, -2.1892745129945e+00,  8.8180399090000e+00,  9.0821700000000e-01,              1000000
  1.0947604344437e+01,  1.1047156734761e+00,  1.0878662046264e+00,  8.0754753663619e-03,  1.8197593254416e-01,  4.2658637172812e-04, -1.1934302252458e-03, -2.6206352909061e-02,  5.3265483878774e-02, -1.2029738516189e+00, -4.1133239786157e-02, -1.5817066373758e+00,  8.6377749430000e+00,  9.1025600000000e-01,              1000000
  1.0961356898715e+01,  1.1046720202985e+00,  1.0918015601123e+00,  3.4732953262512e-03,  2.7281393387763e-01,  5.2231593301146e-04, -1.0765512480701e-03, -3.1860470797918e-02,  2.5121891383054e-02, -1.3910329603113e+00,  8.8947284745710e-02, -4.1284567088334e+00,  8.8785463520000e+00,  8.9934700000000e-01,              1000000
  1.0975280184972e+01,  1.1039923943310e+00,  1.0927168053162e+00,  5.6068648601986e-03,  2.2295563200714e-01,  4.7218177856324e-04,  1.3853141040280e-04, -3.8761776971990e-02,  3.1347424237535e-02, -1.3598076380170e+00,  3.9034131923390e-02, -2.2954647083906e+00,  9.0112696990000e+00,  9.0138100000000e-01,              1000000
  1.0987709967407e+01,  1.1025703899203e+00,  1.0923919637070e+00,  3.0315845280674e-03,  2.4956428782686e-01,  4.9956409781615e-04, -7.3059896615588e-04, -2.5247404404330e-02,  1.5626922254764e-03, -2.0829860359279e+00,  6.2936078826884e-02, -2.4213053480299e+00,  8.6687675470000e+00,  9.0068200000000e-01,              1000000
  1.0999975366206e+01,  1.1012703890620e+00,  1.0902159750393e+00,  1.8464531329564e-03,  2.5394579835052e-01,  5.0393035069394e-04, -8.9577811529997e-04, -4.2241241651578e-02, -7.4717684638850e-03, -1.8493004418149e+00,  4.6223906339187e-02, -2.7825970269466e+00,  8.7388033410000e+00,  9.0546400000000e-01,              1000000
  1.1012333956040e+01,  1.1003178968432e+00,  1.0868770565097e+00, -7.6658624088328e-04,  2.9202068781513e-01,  5.4038938536497e-04, -6.4193487838266e-04, -3.7009157297994e-02,  3.7494762771664e-02, -1.5685518234078e+00,  6.0966331472569e-02, -5.2570115314636e+00,  8.6894263490000e+00,  9.0001500000000e-01,              1000000
  1.1024428569811e+01,  1.0984763845639e+00,  1.0820704705603e+00,  4.5047036153754e-03,  2.9934064372344e-01,  5.4712031923832e-04,  2.3857161507399e-04, -2.4891885560956e-02, -8.2002927488768e-02, -2.8981023942390e+00, -2.0652256207851e-02, -3.6129000034543e+00,  8.6216552580000e+00,  9.0664800000000e-01,              1000000
  1.1035048855880e+01,  1.0990491929979e+00,  1.0784176636900e+00,  4.5637775326988e-03,  2.9597539652123e-01,  5.4403620883286e-04, -1.9288950059432e-03, -6.4931005061312e-02, -9.6604033018370e-02, -4.4339644065112e+00, -3.7955719690000e-02, -2.0444950027104e+00,  8.6199620480000e+00,  8.9799500000000e-01,              1000000
  1.1047368856422e+01,  1.1022132561435e+00,  1.0763245636070e+00,  4.6775722614425e-03,  2.7036023680336e-01,  5.1996176475137e-04,  2.0266661190745e-05, -5.4340826195463e-02, -6.2796976198208e-02, -3.2487051351605e+00, -4.4300585510895e-02, -2.3814271499520e+00,  8.9946368240000e+00,  9.1038600000000e-01,              1000000
  1.1058519711310e+01,  1.1068017511210e+00,  1.0758485634910e+00, -8.2248581639232e-04,  3.2131863146826e-01,  5.6684974329029e-04,  1.0624812170176e-03, -5.5518276487234e-02,  1.6224374474434e-02, -1.6885336791337e+00,  8.8154778805132e-02, -6.0979211666140e+00,  8.6464676650000e+00,  9.0188900000000e-01,              1000000
  1.1067126409618e+01,  1.1105352701739e+00,  1.0727700984637e+00,  3.7440402997514e-03,  1.4922229030631e-01,  3.8629301094675e-04, -1.4952406854816e-05, -2.0294151846201e-02,  1.2877942043428e-01, -1.0097680779117e+00, -8.9039264082110e-02, -1.7385910098486e+00,  8.7164898200000e+00,  9.0402000000000e-01,              1000000
  1.1074944626902e+01,  1.1104313347682e+00,  1.0727986387522e+00,  3.6990333760829e-03,  2.8648893783889e-01,  5.3524661403777e-04, -1.1336125912783e-03, -8.8943962795421e-02,  1.1660691866439e-01, -1.0632452711469e+00, -1.6246729367268e-02, -8.2859496458473e+00,  8.7043924400000e+00,  9.0428900000000e-01,              1000000
  1.1083685216049e+01,  1.1072091930506e+00,  1.0734624532071e+00,  4.3926922599589e-03,  1.2996719615714e-01,  3.6050963393110e-04, -2.0069320497172e-04, -1.6809647061068e-02,  9.7921220102390e-02, -9.6758441313658e-01, -1.3112144991343e-01, -8.5692127102517e-01,  8.6196984940000e+00,  9.0209800000000e-01,              1000000
  1.1091887662346e+01,  1.1016770374817e+00,  1.0781571828416e+00,  3.8715777567093e-03,  2.6847767282833e-01,  5.1814831161390e-04, -3.7122070929420e-04, -4.1380843877816e-02, -3.6448414396188e-02, -2.0750892616414e+00, -2.8649269649534e-02, -3.5380102064143e+00,  8.7050219290000e+00,  8.9841700000000e-01,              1000000
  1.1099867063577e+01,  1.0976934216797e+00,  1.0833517922536e+00,  1.8490719407002e-03,  2.6646351417785e-01,  5.1620104046568e-04, -4.8797802640975e-04, -4.1050728164025e-02, -3.9057366860238e-02, -2.6612361192969e+00, -2.1967876496611e-02, -2.5160085179803e+00,  8.7296276590000e+00,  9.0592200000000e-01,              1000000
  1.1107814839071e+01,  1.0951925391183e+00,  1.0887769194455e+00,  1.3465700749494e-03,  2.5009611003244e-01,  5.0009610079708e-04, -5.2983649924176e-04, -2.6662255786523e-02, -7.2864658034589e-02, -2.3062582773381e+00,  1.7358134994336e-02, -1.7100631523332e+00,  8.6181649420000e+00,  8.9730700000000e-01,              1000000
  1.1115786939511e+01,  1.0949543834407e+00,  1.0931600128325e+00,  2.9705628406999e-03,  2.7498209242041e-01,  5.2438734959990e-04, -8.3307439711657e-04, -3.1365594044689e-02, -8.9393823331000e-02, -2.5575517726891e+00,  3.7506926843952e-02, -2.0031363410655e+00,  8.8844637950000e+00,  9.0859600000000e-01,              1000000
  1.1124226027523e+01,  1.0972156099129e+00,  1.0959631544573e+00,  4.8299650219919e-03,  4.2862824172013e-01,  6.5469706102909e-04, -1.8282944864243e-03, -3.1259770423825e-02, -1.2699155903614e-01, -5.4042581530428e+00,  1.1189434101736e-01, -4.5305652955512e+00,  8.6734025400000e+00,  9.0976200000000e-01,              1000000
  1.1134518609101e+01,  1.1027824090404e+00,  1.0950137116823e+00,  4.2965633068227e-03,  2.8197572167654e-01,  5.3101386203803e-04,  2.9611641389383e-04, -3.9950377805227e-02,  1.0356583003136e-02, -2.1099385139100e+00,  8.1435756317345e-02, -3.8842956699109e+00,  8.8004620470000e+00,  8.9929700000000e-01,              1000000
  1.1143417366116e+01,  1.1075598266090e+00,  1.0916397705655e+00,  1.7285893468673e-03,  3.5364792273813e-01,  5.9468304393023e-04,  8.4982178142719e-04, -9.5177113673897e-02,  6.8854192649790e-02, -2.6324490326516e+00,  1.3463602282047e-01, -7.6994678005951e+00,  9.4075485420000e+00,  9.0638000000000e-01,              1000000
  1.1150275802201e+01,  1.1100171055892e+00,  1.0844881479909e+00,  3.6018018246499e-03,  1.8988599317217e-01,  4.3575909993042e-04, -2.8796220495909e-04, -3.0689531208813e-02,  1.0246224088126e-01, -1.0218727424143e+00,  1.6172804806905e-02, -2.2924072476363e+00,  8.6695922570000e+00,  9.0147000000000e-01,              1000000
  1.1156922691183e+01,  1.1094295716395e+00,  1.0775482405822e+00,  2.0255523423447e-03,  1.6777514050576e-01,  4.0960363829654e-04, -4.0779690580024e-04, -2.5349767505729e-02,  1.1412240327525e-01, -8.6066441579312e-01, -3.3318569083931e-02, -2.1232715716534e+00,  8.6844584110000e+00,  9.1358200000000e-01,              1000000
  1.1163553294283e+01,  1.1057792880312e+00,  1.0723725069229e+00,  2.0480749049497e-03,  1.9779589972818e-01,  4.4474250946832e-04, -1.4862798634889e-03, -1.2315538680313e-02,  7.7576588634754e-02, -1.1777482458318e+00, -5.7698942358424e-02, -3.1838539546245e+00,  8.6253845820000e+00,  9.1763900000000e-01,              1000000
  1.1171750566979e+01,  1.1003685494352e+00,  1.0695930822966e+00,  5.2439644275140e-03,  2.0601830571769e-01,  4.5389239442592e-04, -6.2432600575879e-04, -1.8535563995167e-02, -4.3580721618565e-02, -2.0552589098395e+00, -1.3511925349981e-01, -1.6680717979658e+00,  8.7766013970000e+00,  9.0388100000000e-01,              1000000
  1.1180101631878e+01,  1.0967134778134e+00,  1.0714187301799e+00,  6.8293308490212e-03,  2.8187430531801e-01,  5.3091836031353e-04, -9.1447516014563e-04, -4.7243682788947e-02, -1.2031679276712e-01, -4.4549101143706e+00, -1.2051867867050e-01, -1.4576409583277e+00,  8.7923546060000e+00,  8.9670400000000e-01,              1000000
  1.1189046545457e+01,  1.0968076985158e+00,  1.0768958977486e+00,  3.3267676007656e-03,  2.7754225907049e-01,  5.2682279665034e-04, -1.2195965454180e-03, -4.6274959095839e-02, -7.9927463948673e-02, -2.6858470536260e+00, -2.7131658792197e-02, -2.7561935309087e+00,  8.6794945840000e+00,  9.0351600000000e-01,              1000000
  1.1198982630876e+01,  1.0991383972940e+00,  1.0827501131202e+00,  1.3054985402073e-04,  2.3477461271857e-01,  4.8453546074417e-04,  4.2828891492825e-04,  2.6611909282169e-03, -8.1557799229514e-04, -2.3816529171954e+00, -7.8034312497464e-03, -1.9226716284666e+00,  8.6460269380000e+00,  9.0803300000000e-01,              1000000
  1.1207313252160e+01,  1.1013004121384e+00,  1.0883202914091e+00,  5.4392641464236e-03,  2.3421285571867e-01,  4.8395542740904e-04,  3.1448153711817e-04, -2.1350064013241e-02, -7.8948176039167e-03, -1.8999794536503e+00,  2.8808404555586e-03, -2.3365117657714e+00,  8.8271625660000e+00,  9.0186200000000e-01,              1000000
  1.1214381440343e+01,  1.1035006269409e+00,  1.0932992501249e+00,  4.3053421342926e-03,  2.3056929508924e-01,  4.8017631666841e-04, -9.9832730228570e-04, -1.7583724568828e-02,  7.2319012174488e-03, -2.1167920035556e+00,  3.5470041651841e-02, -2.0855590992052e+00,  8.7191954080000e+00,  9.1008500000000e-01,              1000000
  1.1222290220524e+01,  1.1053161979365e+00,  1.0966891675666e+00,  5.6969828237647e-03,  2.8523057108248e-01,  5.3406981854667e-04, -6.0321281082014e-04, -2.8353383857420e-02,  4.8241625576963e-02, -1.7585830353399e+00,  1.0612509753843e-01, -4.2347275425965e+00,  8.6989818950000e+00,  9.0116500000000e-01,              1000000
  1.1230374431504e+01,  1.1056262524557e+00,  1.0963960316776e+00,  7.1417858623182e-03,  2.2456366420090e-01,  4.7388148750600e-04,  7.3138051880309e-04, -3.5066689198888e-02,  4.7983278850168e-02, -1.6607350281512e+00,  6.5450900020152e-02, -2.2543159250199e+00,  8.9513170120000e+00,  9.0741200000000e-01,              1000000
  1.1236584811224e+01,  1.1045784864463e+00,  1.0940609876259e+00,  1.0377079450716e-03,  3.3521692156056e-01,  5.7897920650103e-04, -3.1945905256136e-04,  8.7466719569850e-03,  8.0111223493444e-02, -6.9084765765686e-01,  1.3736276525004e-01, -7.3964163662969e+00,  8.6954926610000e+00,  9.0871300000000e-01,              1000000
  1.1242679376497e+01,  1.1013838694826e+00,  1.0876834265149e+00,  1.4260078441933e-03,  2.8734018351061e-01,  5.3604121437685e-04,  5.1129506552577e-04, -3.3674087007563e-02, -2.0479074666262e-02, -2.2451654731753e+00,  7.8218804975041e-02, -3.4128204608540e+00,  8.7430368660000e+00,  9.0260200000000e-01,              1000000
  1.1247423506322e+01,  1.0991093908564e+00,  1.0794801302083e+00,  1.0027083255862e-03,  3.2030709781246e-01,  5.6595679853895e-04,  8.9177549019920e-04, -6.2827129784129e-02, -5.5451768725954e-02, -3.2692430420894e+00,  1.1004983677938e-03, -4.2889536143175e+00,  8.9741627550000e+00,  9.0581400000000e-01,              1000000
  1.1250377720962e+01,  1.0986775469762e+00,  1.0721016209953e+00,  4.4698452663434e-03,  3.0680755581915e-01,  5.5390211754348e-04, -7.8486733441332e-04, -3.6047905548384e-02, -7.3819332145254e-02, -2.6953919889965e+00, -5.5153146147249e-02, -4.8631346286285e+00,  8.6566618050000e+00,  9.0131000000000e-01,              1000000
  1.1254289488934e+01,  1.1004265676439e+00,  1.0673050884424e+00,  6.9413754288894e-03,  2.5266118415581e-01,  5.0265413969827e-04, -1.8753753631443e-03, -3.0386153346688e-02, -7.4501941640351e-02, -3.8526551120151e+00, -1.3916378377117e-01, -1.3610443832264e+00,  8.7369026670000e+00,  9.0848900000000e-01,              1000000
  1.1260741253479e+01,  1.1041819168351e+00,  1.0675046892898e+00,  3.5760443438143e-03,  2.2940858535541e-01,  4.7896616305894e-04, -2.6147443941002e-04, -2.0479267233285e-02,  2.3740230827919e-02, -1.5780694401796e+00, -1.1130823835499e-01, -3.7863071001333e+00,  8.6366342970000e+00,  9.0471700000000e-01,              1000000
  1.1266992666501e+01,  1.1069176390463e+00,  1.0713163777715e+00,  3.0646335137040e-03,  1.4413569567448e-01,  3.7965207186907e-04,  4.1006941068018e-04, -2.3525968466531e-02,  7.9034504843781e-02, -1.3177500563415e+00, -1.2492626470355e-01, -9.5180379281556e-01,  8.6383042580000e+00,  9.0079200000000e-01,              1000000
  1.1272017620786e+01,  1.1071380943661e+00,  1.0787480824773e+00,  4.5505827074551e-03,  1.7557466388649e-01,  4.1901630503656e-04, -5.2048948611001e-04, -2.2911518474529e-02,  7.0543356218268e-02, -1.3058704146928e+00, -7.4675185514441e-02, -1.8447840402044e+00,  8.6430323500000e+00,  9.0206500000000e-01,              1000000
  1.1277389701525e+01,  1.1053299726606e+00,  1.0878671306815e+00,  4.3312571749815e-03,  3.0307473490325e-01,  5.5052223833670e-04,  9.8451908886310e-04, -6.5152138011176e-02,  3.1009926335577e-02, -1.2293636661749e+00,  9.7993062801575e-02, -5.7764173447565e+00,  8.6976064070000e+00,  9.0795400000000e-01,              1000000
  1.1280742219867e+01,  1.1028211583841e+00,  1.0930271986364e+00,  4.1367188024191e-03,  2.4425829197593e-01,  4.9422494066562e-04, -4.6461120082167e-04, -2.5171820984228e-02,  2.3600152802573e-02, -1.2583616326334e+00,  8.4970968823312e-02, -2.9522839638929e+00,  8.7096000950000e+00,  8.9898300000000e-01,              1000000
  1.1284522805446e+01,  1.0998908327767e+00,  1.0949985277035e+00,  4.2199293580364e-03,  2.4741885228816e-01,  4.9741215534822e-04, -1.5974883916138e-04, -3.1238991945445e-02, -3.8322548733592e-02, -2.1865314697008e+00,  5.2167510959790e-02, -1.9013313163258e+00,  9.0023901890000e+00,  9.0710200000000e-01,              1000000
  1.1288215599332e+01,  1.0983886001484e+00,  1.0951313846314e+00,  3.0884047902152e-03,  2.8380820711199e-01,  5.3273652691738e-04,  4.1554066228095e-04, -2.4233862281285e-02, -4.9344504694203e-02, -2.5209219396591e+00,  7.6424212455785e-02, -2.6360558640397e+00,  8.6781810430000e+00,  8.9980900000000e-01,              1000000
  1.1290909995476e+01,  1.0985050424277e+00,  1.0928342182307e+00,  5.2254541749317e-03,  4.0119337581969e-01,  6.3339827582627e-04,  6.1494787920754e-04, -3.9832828421467e-02, -1.0614290887163e-01, -4.6836978990735e+00,  1.2672345686901e-01, -4.7292741129356e+00,  8.7591004820000e+00,  9.0353800000000e-01,              1000000
  1.1292394538965e+01,  1.1017647590786e+00,  1.0867822686276e+00,  3.2556115744719e-03,  2.0453127829406e-01,  4.5225134415948e-04,  8.1431107196831e-04, -2.3952793499836e-02,  1.2497807649867e-02, -1.6006718979274e+00,  7.9732179987085e-03, -1.7330055171211e+00,  8.7052041960000e+00,  9.0274400000000e-01,              1000000
  1.1292451866844e+01,  1.1043677280322e+00,  1.0810867360441e+00,  3.4937435307112e-03,  1.8064936018595e-01,  4.2502865807607e-04, -8.0529405951322e-06, -2.7401093562499e-02,  4.7766328026279e-02, -1.2656944692576e+00, -4.7343197315778e-02, -1.6727592171741e+00,  8.7245757460000e+00,  9.0541700000000e-01,              1000000
  1.1292538556962e+01,  1.1053374740770e+00,  1.0775028343788e+00,  4.1927330621721e-03,  1.8971942303685e-01,  4.3556793159834e-04, -4.8996441531312e-04, -1.3836244553352e-02,  5.9328899099028e-02, -1.0730434834590e+00, -5.9494563737044e-02, -2.4116568831013e+00,  9.0422658350000e+00,  9.0217400000000e-01,              1000000
  1.1293416849111e+01,  1.1044872321862e+00,  1.0762347803966e+00,  4.0620091987578e-03,  1.5604753636785e-01,  3.9502852601787e-04, -7.7153980550445e-04, -1.4014232423277e-02,  5.9073366064105e-02, -1.3688003488040e+00, -9.4420010619575e-02, -1.0112001860846e+00,  8.8343554850000e+00,  8.9616900000000e-01,              1000000
  1.1295466895177e+01,  1.1020027025735e+00,  1.0781648139894e+00,  4.6191849814756e-03,  2.1768734632438e-01,  4.6656976576325e-04, -7.7853213897659e-04, -3.1559912451770e-02, -3.2147670049910e-02, -2.7042230035372e+00, -7.8290067731912e-02, -1.4761589971792e+00,  8.7649524780000e+00,  9.0632700000000e-01,              1000000
  1.1298603780834e+01,  1.1007479918529e+00,  1.0824628015236e+00,  5.1168460326616e-04,  2.3881330338129e-01,  4.8868528050401e-04, -1.8114410946850e-04, -4.6516010114414e-02,  9.3124481711654e-03, -1.7493535314515e+00,  2.5987998481207e-02, -2.8269232799355e+00,  8.7615489360000e+00,  9.0776400000000e-01,              1000000
  1.1301769122744e+01,  1.0993648932322e+00,  1.0855453376549e+00,  5.6732933376475e-03,  2.0706356036009e-01,  4.5504237204912e-04,  2.7042749763649e-04, -2.9825167930828e-02, -2.9049484591561e-02, -1.8034320753949e+00, -3.5170046063437e-02, -1.4394407618313e+00,  8.7946023890000e+00,  9.0449700000000e-01,              1000000
  1.1304211101799e+01,  1.0990058774199e+00,  1.0894975649945e+00,  5.3092082338659e-03,  2.2575617773028e-01,  4.7513806175709e-04,  9.9420419489074e-05, -2.8202913430549e-02, -6.2255781631701e-03, -1.6799408107318e+00,  1.2749669398454e-02, -2.2928508316814e+00,  8.6493021470000e+00,  9.0516000000000e-01,              1000000
  1.1306276965718e+01,  1.0988922708667e+00,  1.0926874426821e+00,  6.4126025540833e-03,  2.3869389012243e-01,  4.8856308714682e-04, -1.6782665880660e-04, -1.2389306748680e-02,  7.9305228298839e-03, -1.5498897356965e+00,  2.5265951801623e-02, -2.7229376307774e+00,  9.0094636250000e+00,  8.9740400000000e-01,              1000000
  1.1308428488083e+01,  1.0985756030014e+00,  1.0947834224560e+00,  1.2244976264980e-03,  3.0543139827346e-01,  5.5265848249480e-04,  2.1078376952391e-04, -2.9874299227799e-02, -3.0235205645585e-02, -2.6371557774905e+00,  8.5476849834797e-02, -3.5137816068308e+00,  8.6909269080000e+00,  8.9886100000000e-01,              1000000
  1.1310048766997e+01,  1.0992366278092e+00,  1.0939225977429e+00,  5.1943926588464e-03,  2.7682379492366e-01,  5.2614047071449e-04, -2.2134623804139e-03, -9.0539988249975e-03, -3.9837957005484e-02, -1.8651115642928e+00,  6.0260598895953e-02, -3.2711572567028e+00,  8.7040913630000e+00,  9.0159800000000e-01,              1000000
  1.1315153684908e+01,  1.1010602966045e+00,  1.0912179000915e+00,  6.4761932837348e-03,  5.3610778519171e-01,  7.3219381668497e-04,  3.5186084290701e-04, -1.3995452660608e-02, -9.3964918780821e-02, -8.6507560609411e+00,  9.7074139692479e-02, -9.6327214441850e+00,  8.7960093920000e+00,  9.0533900000000e-01,              1000000
  1.1319194077800e+01,  1.1056601881553e+00,  1.0857494253618e+00,  4.0491987188915e-03,  2.1583168964532e-01,  4.6457689314614e-04, -2.1377799789275e-04,  2.8029888145443e-03,  3.8617856015990e-02, -2.1416741142364e+00,  1.1186349849757e-02, -2.0355858246366e+00,  8.7683423480000e+00,  9.0699600000000e-01,              1000000
  1.1323194433073e+01,  1.1086787838119e+00,  1.0804756088405e+00, -7.5639443063981e-04,  4.2676367152501e-01,  6.5327151439888e-04, -2.7867014374367e-03,  1.4118376072327e-01,  9.5110236238461e-02, -1.6839127267118e+00,  1.1212958870792e-01, -1.3942441922444e+01,  8.7005630310000e+00,  9.0290700000000e-01,              1000000
  1.1331259316716e+01,  1.1085497867821e+00,  1.0722681275409e+00,  4.0670010436590e-03,  1.2799140631801e-01,  3.5775886616269e-04, -1.6209440904570e-03, -2.3985669003799e-02,  8.3496896039114e-02, -9.8342163096973e-01, -1.3084983639040e-01, -7.8570479859487e-01,  9.0417765210000e+00,  9.0406800000000e-01,              1000000
  1.1341217401581e+01,  1.1059244861623e+00,  1.0692187513036e+00,  4.7925995902496e-03,  1.8472562004949e-01,  4.2979718478544e-04, -1.2600361482788e-04, -3.8468720348463e-02,  4.6144615964776e-02, -2.4522084169066e+00, -1.1968559485427e-01, -1.6031613323321e+00,  8.7118965890000e+00,  9.0218200000000e-01,              1000000
  1.1350450080491e+01,  1.1021939908470e+00,  1.0704287554547e+00,  6.3189006247938e-03,  1.8615466582412e-01,  4.3145644719267e-04, -4.5410660711984e-04, -2.5000052766524e-02, -1.0625678301158e-02, -1.8005355360756e+00, -1.1320244263969e-01, -1.2716380281026e+00,  8.6788465110000e+00,  9.0135300000000e-01,              1000000
  1.1359560442217e+01,  1.0991759730824e+00,  1.0752388775787e+00,  1.4726354321437e-04,  2.4980103428410e-01,  4.9980099468098e-04,  3.3522155548427e-05, -3.4623827566018e-02, -1.5715649849106e-02, -1.9821212301786e+00, -4.7097218541160e-02, -3.1687790322426e+00,  9.0013317470000e+00,  9.0618400000000e-01,              1000000
  1.1367759976464e+01,  1.0969606624658e+00,  1.0811742268082e+00,  3.2396310172634e-03,  3.6139352063208e-01,  6.0116014557860e-04, -7.9671212772990e-04, -7.0049569335857e-02, -8.2024876841244e-02, -3.0404292036260e+00,  1.7841588039688e-02, -6.0341613892634e+00,  8.7843667950000e+00,  8.9768800000000e-01,              1000000
  1.1376548432117e+01,  1.0975160669785e+00,  1.0860456606164e+00,  7.9065895455439e-03,  2.4652874329869e-01,  4.9651660928784e-04, -6.0962983757734e-04, -2.1233285835329e-02, -8.9745190518145e-02, -2.5698237868407e+00, -2.7517612955352e-02, -1.6127017212082e+00,  9.0392257990000e+00,  9.0036700000000e-01,              1000000
  1.1385520251674e+01,  1.1007970095292e+00,  1.0913772441508e+00,  2.9402303965585e-03,  2.7222574749413e-01,  5.2175257305943e-04, -9.3075046749490e-04, -6.5969754388746e-03, -1.9726129075322e-03, -1.9751871247733e+00,  5.4195078814259e-02, -3.3248020221804e+00,  8.5750338540000e+00,  9.0730500000000e-01,              1000000
  1.1395182959525e+01,  1.1038502165827e+00,  1.0944494917000e+00,  5.4505707164691e-03,  1.7681714942360e-01,  4.2049631321047e-04, -1.0512079899496e-03, -2.7612777343628e-02,  5.1009167709581e-02, -1.0478156468882e+00,  3.2266193362715e-02, -1.4142312349057e+00,  8.6950344660000e+00,  9.1040300000000e-01,              1000000
  1.1405690188296e+01,  1.1050536727324e+00,  1.0961761609199e+00, -6.9906542510845e-06,  2.6966430483313e-01,  5.1929211897845e-04,  1.5126242477953e-03, -4.2138828156750e-02,  9.5879069786795e-02, -9.3019997868490e-01,  1.6742498716595e-01, -4.4811520451452e+00,  8.7002694130000e+00,  9.1011300000000e-01,              1000000
  1.1412642820396e+01,  1.1032052752271e+00,  1.0922830641765e+00,  4.7192584764171e-04,  3.2807712940475e-01,  5.7278017546416e-04,  5.4487892666832e-04, -3.4103178540787e-02,  1.1032590531055e-02, -2.2285504920120e+00,  1.3634979312393e-01, -5.3310994310960e+00,  8.6533083520000e+00,  8.9964100000000e-01,              1000000
  1.1418026618880e+01,  1.1012307127590e+00,  1.0844091436184e+00,  1.5611952138858e-03,  3.3754907614253e-01,  5.8098973841414e-04, -5.3501907866528e-04, -5.8652510837916e-02, -5.7505518762113e-02, -4.4308500954334e+00,  5.6910520596978e-02, -3.5007340896569e+00,  8.6078497660000e+00,  8.9856900000000e-01,              1000000
  1.1423842287054e+01,  1.1012945371877e+00,  1.0754960851693e+00,  2.8671301143065e-03,  2.0901052283976e-01,  4.5717668667569e-04, -5.4054607805607e-04, -4.3319474157406e-02, -1.0579907492303e-02, -2.1016549223912e+00, -6.2134137259143e-02, -1.8891822882329e+00,  8.8084052160000e+00,  8.9763200000000e-01,              1000000
  1.1430046771648e+01,  1.1017124960499e+00,  1.0695367559206e+00,  5.2250836911113e-03,  1.7249593643534e-01,  4.1532630116011e-04, -3.8155727280673e-04, -1.5631426762836e-02,  3.1984940110192e-03, -1.7469339433591e+00, -1.3090172904330e-01, -1.0663730675955e+00,  8.6637319650000e+00,  9.0268200000000e-01,              1000000
  1.1436311300914e+01,  1.1020175870858e+00,  1.0685019713424e+00,  5.8673072111264e-04,  1.8383400858740e-01,  4.2875868339592e-04, -4.3890988453921e-04, -2.3869235600356e-02,  2.9279982013819e-02, -2.0579285129333e+00, -1.2957738193106e-01, -1.5526480738821e+00,  8.7228039190000e+00,  9.0729800000000e-01,              1000000
  1.1442736679394e+01,  1.1014124126394e+00,  1.0718349795973e+00,  2.5214499604418e-03,  2.0122332398010e-01,  4.4857922820846e-04, -3.9005992564042e-04, -1.8998997393264e-02, -1.6359010269720e-02, -2.3110530452062e+00, -9.8671113707218e-02, -1.2121084014036e+00,  8.7802587190000e+00,  9.0188000000000e-01,              1000000
  1.1449221758721e+01,  1.1014136634716e+00,  1.0780767968751e+00,  5.5797856206474e-03,  2.3807632094617e-01,  4.8793065177970e-04, -9.5697414673348e-04, -1.4264968340326e-02, -5.7580688129206e-02, -3.3681433805299e+00, -6.3562675657480e-02, -1.3801291176824e+00,  8.7341318400000e+00,  9.0244100000000e-01,              1000000
  1.1456727614277e+01,  1.1032711372009e+00,  1.0858059969249e+00,  4.2363389780905e-03,  2.5434284680332e-01,  5.0432414854270e-04, -3.3898151267440e-04, -6.4447909640899e-02,  2.3008933526988e-02, -2.0942536226236e+00,  2.2405258513997e-02, -3.5513524471404e+00,  8.7653269900000e+00,  9.0897100000000e-01,              1000000
  1.1464142582569e+01,  1.1042578396952e+00,  1.0921056277983e+00,  5.7090062242354e-03,  2.3800831552656e-01,  4.8786095921539e-04, -6.8885991333319e-04, -4.3270146188382e-02,  2.2768806903986e-02, -1.3971286632052e+00,  5.5329149734259e-02, -3.1780087962608e+00,  8.7692531260000e+00,  9.0648200000000e-01,              1000000
  1.1472060780397e+01,  1.1044531079918e+00,  1.0960193442931e+00,  2.0283741748230e-03,  3.4335080408265e-01,  5.8596143566164e-04,  6.0929028693737e-04, -7.4461388761284e-02,  2.1756720379549e-02, -1.9396257585208e+00,  1.6634758207306e-01, -5.7711232266615e+00,  8.7350073540000e+00,  9.0422700000000e-01,              1000000
  1.1478215490236e+01,  1.1039725333050e+00,  1.0941782724187e+00,  3.1830936108635e-03,  2.6851858394639e-01,  5.1818778830303e-04,  1.2029165428323e-03, -4.3996495672537e-02,  8.9069439432343e-03, -2.2836614666281e+00,  9.2549772842555e-02, -3.1362065028359e+00,  8.7212971340000e+00,  9.0499400000000e-01,              1000000
  1.1481714416735e+01,  1.1032926003914e+00,  1.0895488986620e+00,  3.2534921751761e-03,  2.6761805219192e-01,  5.1731813441239e-04, -7.6418526377538e-04, -2.8247020531265e-02,  9.3443820761604e-03, -1.7337819129790e+00,  8.8205901090962e-02, -3.5333700248250e+00,  8.7020280390000e+00,  9.0204700000000e-01,              1000000
  1.1486224968270e+01,  1.1024093276033e+00,  1.0825561397714e+00,  5.7216436360183e-03,  2.3535599963695e-01,  4.8513503237444e-04, -4.0508523673396e-04, -2.6993882786932e-02, -1.8449624783670e-02, -2.7830469043895e+00, -1.8619163875986e-02, -1.8856100288442e+00,  8.9609281680000e+00,  8.9137400000000e-01,              1000000
  1.1491026201571e+01,  1.1022446425438e+00,  1.0768856733975e+00,  4.5055311482407e-03,  2.5734445192499e-01,  5.0729128902928e-04, -1.1289132674565e-03, -8.4510975908787e-02, -3.3832886937746e-02, -4.2413124832453e+00, -6.4167562766450e-02, -2.3048626382264e+00,  8.7089030780000e+00,  9.1274200000000e-01,              1000000
  1.1497400630251e+01,  1.1032452119187e+00,  1.0739187449871e+00,  3.1665308816887e-03,  1.7226156448440e-01,  4.1504405125769e-04,  3.4059236113233e-05, -2.2633094769001e-02,  3.2964445468823e-02, -2.0210826233027e+00, -1.0739217447316e-01, -1.2495727417243e+00,  8.6666421230000e+00,  9.0587200000000e-01,              1000000
  1.1503114892608e+01,  1.1031240783279e+00,  1.0747929103334e+00,  5.9844032817156e-03,  1.8055965930587e-01,  4.2492312164187e-04, -6.3854882164114e-04, -1.1351076382856e-02,  1.6349324287171e-03, -1.8151436020644e+00, -8.8152534607185e-02, -1.1439910928956e+00,  8.7676174180000e+00,  9.0886400000000e-01,              1000000
  1.1509402731914e+01,  1.1029913551638e+00,  1.0784890828123e+00,  2.9683832288008e-03,  2.0783291257398e-01,  4.5588695152853e-04,  9.3142512789797e-04, -1.9100405208997e-02,  1.1387586826434e-02, -1.7857087445981e+00, -1.6598792831365e-02, -1.9428058922831e+00,  8.7711010270000e+00,  9.0132900000000e-01,              1000000
  1.1513450522934e+01,  1.1025332474983e+00,  1.0824028813541e+00,  3.1282184369609e-03,  2.3321945565928e-01,  4.8292800256279e-04, -5.1848514107098e-04, -3.5109052907090e-02,  2.0311585079008e-03, -1.7907923453629e+00,  1.9483529101407e-02, -2.7062117457584e+00,  8.7195407010000e+00,  9.0826300000000e-01,              1000000
  1.1518049476294e+01,  1.1020830171557e+00,  1.0853373797449e+00,  4.0625074136302e-03,  2.2279849244174e-01,  4.7201535191320e-04, -5.6420499461746e-04, -4.0371947998550e-02,  2.6815812323266e-03, -2.1734973956246e+00,  1.5118299532964e-03, -2.0020091272294e+00,  8.8326307980000e+00,  9.0031500000000e-01,              1000000
  1.1523233521445e+01,  1.1016249101313e+00,  1.0879692688791e+00,  5.1593786152650e-03,  2.4499874265152e-01,  4.9497347671519e-04, -8.3278396890177e-05, -2.4988422719232e-02, -2.4396179235805e-02, -1.8095642587938e+00,  5.2288555606920e-02, -2.5828327526050e+00,  9.1741288520000e+00,  9.1404200000000e-01,              1000000
  1.1528082716326e+01,  1.1020341105898e+00,  1.0886526989340e+00,  4.2187314937701e-03,  2.3065118583132e-01,  4.8026158063218e-04,  4.2108236024079e-04, -1.7336537625589e-02, -4.1742175165922e-03, -1.9208114392134e+00,  4.7850084301192e-02, -2.1472806710963e+00,  8.7355325630000e+00,  9.0394300000000e-01,              1000000
  1.1531724852639e+01,  1.1025708803455e+00,  1.0877156835042e+00,  5.1219457483519e-03,  2.2667651790219e-01,  4.7610557432380e-04, -3.7665858502554e-04, -3.9597142377504e-02,  3.4383252109945e-04, -1.6403633205358e+00,  2.6269608364320e-02, -2.4569805484137e+00,  8.7282059680000e+00,  9.0908800000000e-01,              1000000
  1.1535719277138e+01,  1.1030709448588e+00,  1.0860363115583e+00,  3.5959026414276e-03,  1.9723175318134e-01,  4.4410781706849e-04, -1.8980619158651e-04, -2.6568383975666e-02,  3.0323164450291e-02, -1.7426428205849e+00, -1.4586161494936e-02, -1.7163566467587e+00,  8.6755835160000e+00,  9.0939400000000e-01,              1000000
  1.1539687922167e+01,  1.1025565744090e+00,  1.0850363570639e+00,  4.9083192855253e-03,  2.9293030398616e-01,  5.4123036129375e-04,  2.9869499737921e-04, -3.0278488807493e-02, -5.4659458368619e-02, -3.7214529757826e+00,  3.3405147189680e-02, -2.9172298154569e+00,  8.7230947580000e+00,  9.1584500000000e-01,              1000000
  1.1542760713582e+01,  1.1039491273624e+00,  1.0830647759601e+00,  6.0048303792344e-03,  1.8804157270864e-01,  4.3363760527500e-04, -5.2791858139726e-04, -3.6096964519510e-02,  2.0339786261134e-02, -2.9112550277439e+00, -7.9880292133265e-02, -1.2437209238715e+00,  8.6896590020000e+00,  9.0798300000000e-01,              1000000
  1.1546515614601e+01,  1.1045839333649e+00,  1.0839855783803e+00,  5.1197909144275e-03,  2.4294051933689e-01,  4.9288996676428e-04,  3.7409547194710e-04, -4.2326972458219e-02, -7.3056171143171e-04, -2.2125975032297e+00,  2.0510567465281e-02, -3.0384914268273e+00,  8.6823178500000e+00,  9.0713300000000e-01,              1000000
  1.1549267418570e+01,  1.1052175406525e+00,  1.0841787597644e+00,  2.2848000493722e-03,  2.2898440568900e-01,  4.7852315063015e-04, -9.8247864417215e-04, -3.2874962123105e-02,  3.0679468797520e-02, -1.8940807005175e+00, -5.6386775686914e-03, -2.7676572726089e+00,  9.0218425560000e+00,  8.9868500000000e-01,              1000000
  1.1553553957477e+01,  1.1048048101820e+00,  1.0845896068187e+00,  2.8000332300026e-03,  2.1547580054072e-01,  4.6419371014774e-04, -2.4491525058219e-05, -2.3292573327174e-02,  3.6182689499965e-02, -1.8729535683545e+00,  9.6766080778012e-03, -2.2427663272848e+00,  8.6964969880000e+00,  9.0146900000000e-01,              1000000
  1.1557488164883e+01,  1.1032627222660e+00,  1.0846714823297e+00, -1.8627434496682e-03,  7.1414526257398e-01,  8.4507115829022e-04, -3.5611438602194e-04,  4.6346869771282e-03,  9.0015276183074e-02, -1.1349154138648e+00,  1.6980387531937e-01, -3.4623661595103e+01,  8.7302181810000e+00,  9.0687000000000e-01,              1000000
  1.1561681352783e+01,  1.0989060092980e+00,  1.0796226935416e+00,  6.9553262509582e-04,  2.1440079535156e-01,  4.6303433495968e-04,  5.8799389987029e-04, -3.9024858230359e-02, -2.2574263105346e-02, -2.3189049247848e+00, -2.5008452595728e-02, -1.7214045458840e+00,  8.6450755560000e+00,  9.0724900000000e-01,              1000000
  1.1564428824223e+01,  1.0957645732844e+00,  1.0759383470195e+00,  4.1213791620617e-03,  2.2806393839954e-01,  4.7756040288066e-04,  2.7203650341098e-04, -2.9383969272153e-02, -8.2344997183658e-02, -2.3336313969947e+00, -6.0656338079531e-02, -1.3610833958237e+00,  9.0470063990000e+00,  8.9923300000000e-01,              1000000
  1.1566438137096e+01,  1.0957161756945e+00,  1.0746861200383e+00,  4.4456112767159e-03,  3.1813200173323e-01,  5.6403191552716e-04, -1.7793327751911e-03, -6.6493898994178e-02, -1.5954853412509e-01, -4.6585216453040e+00, -4.7179632172418e-02, -2.2968606862494e+00,  8.7438448110000e+00,  8.9130800000000e-01,              1000000
  1.1571554482767e+01,  1.1010289562698e+00,  1.0751898903045e+00,  2.0882126435174e-04,  2.2107891766243e-01,  4.7019029941337e-04, -7.9213845493739e-04, -1.7396058205225e-02,  4.1738732940723e-02, -1.5310791640433e+00, -2.9710762642850e-02, -3.0292087062870e+00,  8.7598791090000e+00,  8.9949000000000e-01,              1000000
  1.1577633880457e+01,  1.1044622462628e+00,  1.0767019852576e+00,  4.8804220377158e-03,  1.6028657172050e-01,  4.0035805439693e-04, -2.6083218068245e-04, -2.1977400172181e-02,  3.8117523213171e-02, -1.3649299497869e+00, -9.9299515315422e-02, -1.4284323065007e+00,  8.6501884380000e+00,  9.0235200000000e-01,              1000000
  1.1583618465075e+01,  1.1063150677939e+00,  1.0814468162473e+00,  3.8465261768314e-03,  1.7416405455915e-01,  4.1732967131412e-04, -6.2663949982045e-04, -2.3892568465663e-02,  5.3589436714079e-02, -1.3164221385247e+00, -1.7945353343350e-02, -1.6390338785866e+00,  8.6941899840000e+00,  9.1226400000000e-01,              1000000
  1.1590191036733e+01,  1.1062233094657e+00,  1.0863649999921e+00,  6.3802441024251e-03,  1.8037133369283e-01,  4.2470146419906e-04, -1.3996733909939e-03, -4.7836458867077e-03,  6.8331498977859e-02, -1.2226755993708e+00, -1.6074823557481e-02, -1.9602432613358e+00,  9.0965466260000e+00,  9.0706600000000e-01,              1000000
  1.1598690046964e+01,  1.1038833344381e+00,  1.0913831326722e+00,  5.1400713120826e-03,  2.2253157748468e-01,  4.7173252748213e-04, -5.0097913161608e-04, -3.3046120108652e-02,  1.0865859899599e-02, -1.6309295159996e+00,  5.4372401656872e-02, -2.1544096516097e+00,  8.6914026540000e+00,  9.0447100000000e-01,              1000000
  1.1607312095832e+01,  1.1014358530781e+00,  1.0940908976341e+00,  4.3391475446642e-03,  3.4052459038102e-01,  5.8354484864577e-04, -1.3616899378534e-03,  2.8248694611882e-02, -3.3185385863099e-02, -2.7281006584902e+00,  1.2123359845321e-01, -4.8392862068091e+00,  8.7369662160000e+00,  9.0601300000000e-01,              1000000
  1.1617565797114e+01,  1.1003854164390e+00,  1.0924823040318e+00,  2.0531135639767e-03,  9.5520711240187e-01,  9.7734697646326e-04,  1.3307092196881e-03,  1.6163428486125e-02, -1.8100024407297e-01, -2.5360659396725e+01,  1.8902229781056e-01, -2.2373499484330e+01,  8.7683058090000e+00,  9.0220800000000e-01,              1000000
  1.1624328770832e+01,  1.1058744390309e+00,  1.0850476682033e+00, -1.3497234092552e-03,  3.5529000197713e-01,  5.9606207896253e-04, -7.2770676787780e-04, -4.5146059277692e-03,  4.5109752691348e-02, -1.3278533837959e+00,  1.6595398968374e-01, -7.2767647822624e+00,  8.6770836240000e+00,  9.0609200000000e-01,              1000000
  1.1631779743361e+01,  1.1093470678154e+00,  1.0729558864609e+00,  2.3179559941802e-03,  1.6806887748986e-01,  4.0996204396243e-04, -2.8307771212163e-04, -1.1463356646004e-02,  1.0546831060768e-01, -9.4207418907876e-01, -4.7597201191835e-02, -2.2638620673165e+00,  8.8664278290000e+00,  9.0093200000000e-01,              1000000
  1.1639038861142e+01,  1.1089824972901e+00,  1.0636896891766e+00,  5.9676749546065e-03,  1.2057781202317e-01,  3.4724315979320e-04, -4.6995637358701e-04, -7.9311132926666e-03,  8.2621354439647e-02, -1.1176073109468e+00, -1.7300613857972e-01, -6.6733028789443e-01,  9.0738476690000e+00,  9.0058700000000e-01,              1000000
  1.1646469556244e+01,  1.1059276327050e+00,  1.0611901637609e+00,  4.5411153923007e-03,  1.2058548118861e-01,  3.4725420254996e-04,  3.8804125575562e-04, -1.3779426852010e-02,  8.0416100112489e-02, -1.3628669944589e+00, -2.1528026299588e-01, -4.6887704925167e-01,  8.6788830270000e+00,  9.0816100000000e-01,              1000000
  1.1652462861321e+01,  1.1005258880300e+00,  1.0660669478811e+00,  7.7430314811623e-03,  1.7481466624143e-01,  4.1810843837626e-04, -1.4107322942492e-03, -3.7918630550991e-02, -2.2335377322288e-02, -2.2703708013936e+00, -1.8397408126706e-01, -7.3184339704792e-01,  8.6807473730000e+00,  9.1070800000000e-01,              1000000
  1.1660527819042e+01,  1.0964346482066e+00,  1.0764447632025e+00,  3.7307632745985e-03,  3.0769155433154e-01,  5.5469951715459e-04,  5.3980092076463e-04, -3.2903445419044e-02, -1.0090427581992e-01, -4.0288933461585e+00, -4.4497657639677e-02, -2.7492469808087e+00,  8.7472258620000e+00,  9.0556600000000e-01,              1000000
  1.1666824248394e+01,  1.0961826103186e+00,  1.0873049299677e+00,  4.9135871627919e-03,  3.0840291349143e-01,  5.5534035824117e-04, -4.0946070384338e-04, -4.7306759535385e-02, -1.2553083932596e-01, -4.2358754199115e+00, -6.5215107525735e-04, -1.8910489974681e+00,  8.7646451050000e+00,  9.0357800000000e-01,              1000000
  1.1673316743314e+01,  1.1001959910466e+00,  1.0971568658041e+00,  3.0522305317344e-03,  2.8290664586653e-01,  5.3188969332610e-04,  1.5087997852055e-04, -3.6234578080723e-02, -4.6447100714584e-03, -1.8017861934604e+00,  1.1178349223412e-01, -3.6133546229126e+00,  8.7425765970000e+00,  9.0566900000000e-01,              1000000
  1.1678925407109e+01,  1.1040019881696e+00,  1.1024074854605e+00,  4.9907854710477e-03,  2.6698089696650e-01,  5.1670194209670e-04,  8.7626364486522e-04, -3.7837762967211e-02,  3.3184670989410e-02, -1.6263831918834e+00,  1.3022785146121e-01, -3.4034105445689e+00,  8.7261405070000e+00,  9.1325900000000e-01,              1000000
  1.1682367842329e+01,  1.1063547137682e+00,  1.1029176580323e+00,  2.6545425516165e-03,  3.1223709950573e-01,  5.5878179954767e-04, -7.1251245479277e-04, -5.2001287577721e-02,  6.3781198997958e-02, -1.3202337697016e+00,  1.7788736184644e-01, -5.4252036217623e+00,  8.7859693760000e+00,  9.0042800000000e-01,              1000000
  1.1686865851909e+01,  1.1063656272450e+00,  1.0976826931695e+00,  5.0809991204109e-03,  2.4665737895724e-01,  4.9664613051673e-04, -1.0147179160455e-03, -2.7567883395709e-02,  7.8525041218169e-02, -1.1773736132796e+00,  9.4026360712072e-02, -3.7359775977419e+00,  8.7456123620000e+00,  9.0391400000000e-01,              1000000
  1.1692863738645e+01,  1.1037694657412e+00,  1.0899771203155e+00,  4.2642619232357e-03,  1.9352333139202e-01,  4.3991286795457e-04, -2.1955652105254e-04, -2.7831560584447e-02,  3.2894938629981e-02, -1.8455812098294e+00,  1.0351570572921e-02, -1.5472675617800e+00,  8.7506745210000e+00,  9.0866100000000e-01,              1000000
  1.1698717569387e+01,  1.1003563052818e+00,  1.0827127256767e+00,  2.9322777846850e-03,  2.4958454289440e-01,  4.9958437014623e-04, -1.1990139795566e-03,  9.6086278863908e-03,  1.5739868616856e-02, -1.4569174319564e+00,  1.7447828936608e-02, -3.9152819822304e+00,  8.7640118240000e+00,  9.0362400000000e-01,              1000000
  1.1706256666363e+01,  1.0967726159975e+00,  1.0756529457220e+00,  5.1255826726024e-03,  2.7548962754084e-01,  5.2487105801410e-04, -4.0072317585890e-04, -9.6796660943388e-03, -1.0987078027331e-01, -4.8113429332053e+00, -6.8636998345981e-02, -1.1285814644349e+00,  9.0341520200000e+00,  9.0439900000000e-01,              1000000
  1.1713828816105e+01,  1.0973183074061e+00,  1.0715541017421e+00, -4.3854750378331e-04,  2.0811341494456e-01,  4.5619449245312e-04,  1.1515626091127e-04, -3.3457802032054e-02, -3.7258724193842e-02, -2.0829274305708e+00, -7.0244457240423e-02, -1.4662844839264e+00,  8.7276795080000e+00,  8.9970100000000e-01,              1000000
  1.1720473205242e+01,  1.0990978487620e+00,  1.0701836958147e+00,  4.5402964988919e-03,  2.4842478872869e-01,  4.9842229959011e-04, -1.4891628339488e-03, -1.6849836950521e-02, -6.6270550851527e-02, -2.3211485694355e+00, -8.2924045207442e-02, -2.7359612587938e+00,  8.7152997120000e+00,  9.0142300000000e-01,              1000000
  1.1729309339910e+01,  1.1029701903748e+00,  1.0717088114492e+00,  2.6198323591070e-03,  3.2926599576113e-01,  5.7381704031959e-04, -1.5431563307256e-03, -7.7725977612639e-02, -3.9172267011861e-02, -6.2830015709348e+00, -7.0142519958093e-02, -3.5273486933133e+00,  8.6983794300000e+00,  8.9218900000000e-01,              1000000
  1.1740277293076e+01,  1.1078886061269e+00,  1.0754385318225e+00,  4.0996856307785e-03,  1.7681267042925e-01,  4.2049098733415e-04, -2.7569261902245e-04,  2.9108221846372e-03,  6.2539293149183e-02, -1.0479879636641e+00, -5.1839754188452e-02, -2.1449700482211e+00,  8.6709692430000e+00,  9.0184700000000e-01,              1000000
  1.1750696191021e+01,  1.1102273331827e+00,  1.0805371995426e+00,  1.5916128317485e-03,  1.5883169375303e-01,  3.9853694151613e-04,  3.1669904870527e-04, -2.1199828967911e-02,  1.3654436476337e-01, -6.2623650522117e-01, -1.4169037410351e-02, -2.3345737848759e+00,  8.7576308950000e+00,  9.0613400000000e-01,              1000000
  1.1759509200241e+01,  1.1077416035602e+00,  1.0856415039610e+00,  6.1738802255107e-03,  1.5704214360098e-01,  3.9628543198177e-04, -6.0749283709695e-04, -1.9078756724039e-02,  6.8926649103916e-02, -1.1627948621273e+00, -1.8334072337833e-02, -1.2637514612686e+00,  8.7704213410000e+00,  9.0650500000000e-01,              1000000
  1.1768641654596e+01,  1.1032003138480e+00,  1.0908715440039e+00,  2.5125575383212e-03,  3.0472608717935e-01,  5.5202000614049e-04, -2.5710515419663e-05, -2.7998218292312e-02, -1.5280755171356e-03, -2.2241480182217e+00,  1.2008179310746e-01, -4.5161544137152e+00,  9.1542089520000e+00,  9.1280700000000e-01,              1000000
  1.1776957395517e+01,  1.0991922829488e+00,  1.0916922882742e+00,  3.1694784801798e-03,  2.2366712890075e-01,  4.7293459262434e-04,  1.0882080758172e-05, -3.3020031741416e-02, -2.0193405893727e-02, -2.1457774363152e+00,  2.5564528800401e-02, -1.5666152197181e+00,  8.8875644490000e+00,  9.1043600000000e-01,              1000000
  1.1784470687786e+01,  1.0962964095798e+00,  1.0916150337878e+00,  5.4188321018794e-03,  2.9188022266078e-01,  5.4025940312111e-04, -3.8705576831222e-04, -3.8211029881682e-02, -1.1806234569820e-01, -4.0886691253806e+00,  8.4512376670582e-03, -1.6937472542880e+00,  8.7100385220000e+00,  9.0597500000000e-01,              1000000
  1.1792033106262e+01,  1.0977516088443e+00,  1.0912938442004e+00,  4.1569238370563e-03,  2.4458342445259e-01,  4.9455376295464e-04, -7.6841757659885e-04, -2.5107930927531e-02, -4.4096839615527e-02, -2.4699553951337e+00,  2.4463076898619e-02, -1.9082000456761e+00,  8.7427823830000e+00,  9.0518400000000e-01,              1000000
  1.1800363981808e+01,  1.1005973121627e+00,  1.0902248715667e+00,  4.9618767093481e-04,  2.1260872630136e-01,  4.6109513801531e-04, -6.5164962602607e-05, -1.2623797656947e-02,  3.0629943155073e-02, -1.3122363602262e+00,  3.8841842330000e-02, -2.2844105527808e+00,  8.7842216300000e+00,  9.0449800000000e-01,              1000000
  1.1808018577640e+01,  1.1021476671441e+00,  1.0880087627996e+00,  1.5540680448462e-03,  2.4991691169981e-01,  4.9991690479500e-04,  2.6336761722277e-04, -2.7092246289057e-02, -8.1985309140288e-03, -2.0729399687000e+00,  6.0495049947113e-02, -2.6695428547974e+00,  8.6814779110000e+00,  9.0165400000000e-01,              1000000
  1.1814437747034e+01,  1.1038601578161e+00,  1.0840439512823e+00,  5.1657178431768e-03,  1.7347649974870e-01,  4.1650510170789e-04,  3.6265624884027e-04, -2.4074528196339e-02,  4.6661965178791e-02, -1.7051937235430e+00, -4.2235242448752e-02, -1.3524735170971e+00,  8.7735105470000e+00,  9.1280800000000e-01,              1000000
  1.1819544345776e+01,  1.1038445313082e+00,  1.0818988264585e+00,  4.2798846083850e-03,  3.1763181273747e-01,  5.6358833623263e-04, -7.6522569377138e-04, -7.6978736869254e-02, -2.8580357385206e-02, -3.4654279040192e+00,  3.8843998932612e-02, -4.8727150587307e+00,  8.7525715600000e+00,  9.1180000000000e-01,              1000000
  1.1825718358419e+01,  1.1048646049234e+00,  1.0787488395958e+00,  3.8389253218094e-03,  1.9292308978520e-01,  4.3923011028981e-04,  2.4662813986994e-04, -2.6478194121590e-02,  9.8959086874046e-03, -2.1431071462928e+00, -4.8243301505914e-02, -1.4867827004053e+00,  8.9051797630000e+00,  9.0694100000000e-01,              1000000
  1.1830830872245e+01,  1.1054830694413e+00,  1.0775473439164e+00,  4.8865376369665e-03,  1.7680349567599e-01,  4.2048007762079e-04, -2.6503212962231e-04, -2.3757688526063e-02,  3.0328605703798e-02, -1.6104130498792e+00, -5.9440314091901e-02, -1.5203653926689e+00,  9.0785328030000e+00,  9.0031200000000e-01,              1000000
  1.1835986135097e+01,  1.1050291403099e+00,  1.0784804466451e+00,  4.0073988720879e-03,  1.3297290863216e-01,  3.6465450584376e-04,  6.4564714587754e-04, -2.1633989451125e-02,  8.0535185121723e-02, -1.0758431285050e+00, -7.8547533238484e-02, -8.8088944161983e-01,  8.9777119370000e+00,  9.0560200000000e-01,              1000000
  1.1839386585090e+01,  1.1018780144353e+00,  1.0819670304102e+00, -1.1711704297426e-03,  2.2973489622728e-01,  4.7930668285272e-04,  9.5479084757011e-05, -3.1830407006339e-02,  2.0042413624496e-02, -1.5107612256834e+00,  7.3183397549860e-02, -2.8415694008951e+00,  8.6954766620000e+00,  9.0704000000000e-01,              1000000
  1.1842297341690e+01,  1.0983729918386e+00,  1.0827012929313e+00,  4.0484360779749e-03,  2.1222846536231e-01,  4.6068260805278e-04,  6.0706267060922e-04, -1.5849155397617e-02, -3.7550629246046e-02, -2.2584886636788e+00, -2.6924498204131e-02, -1.3041083120380e+00,  8.8368931640000e+00,  9.0580900000000e-01,              1000000
  1.1843738952648e+01,  1.0965440090059e+00,  1.0842901667091e+00,  1.5615517379406e-03,  3.3801899841731e-01,  5.8139401305596e-04,  3.9674798635975e-04, -1.1424352502673e-02, -7.2668244711513e-02, -2.6128175996658e+00,  7.5265573001773e-02, -4.6879324908718e+00,  8.7045852740000e+00,  9.0321000000000e-01,              1000000
  1.1844265280902e+01,  1.0974449280768e+00,  1.0832690239581e+00,  4.3290199478858e-03,  2.8872269744725e-01,  5.3732922631032e-04, -5.1873486388373e-04, -2.9742923858160e-02, -8.2149956054608e-02, -2.9025318990393e+00,  3.1428684278336e-02, -2.9790089233706e+00,  8.7257521620000e+00,  8.9970200000000e-01,              1000000
  1.1845798217418e+01,  1.1011360915390e+00,  1.0813392173258e+00,  4.9464109952493e-03,  1.9448344398338e-01,  4.4100277094751e-04, -3.1368616975662e-04, -2.6901903444817e-02, -1.6090762492815e-02, -1.9603349789875e+00, -5.7337481408880e-02, -1.4083634195357e+00,  8.7047080120000e+00,  9.0349900000000e-01,              1000000
  1.1847831134249e+01,  1.1050549660477e+00,  1.0815585560971e+00,  4.7130431190463e-03,  2.2383309256094e-01,  4.7311002162387e-04, -8.5768395921772e-04, -1.4426973459112e-02,  1.5617283033006e-02, -2.2822399851424e+00, -3.9403152386908e-04, -2.3926425551505e+00,  8.7705337670000e+00,  9.0640000000000e-01,              1000000
  1.1851385351855e+01,  1.1080889086718e+00,  1.0818102028375e+00,  1.2233946971850e-03,  1.9861622091737e-01,  4.4566379807806e-04, -1.2424859627800e-04, -1.7444571458150e-02,  1.0458295314020e-01, -7.2256562516538e-01,  3.2773839996690e-02, -3.2698855776172e+00,  8.7723508230000e+00,  9.0257900000000e-01,              1000000
  1.1854856756697e+01,  1.1072136851852e+00,  1.0809818884943e+00,  3.1879529655927e-03,  1.8202144248654e-01,  4.2663971039572e-04, -6.1525957272620e-04, -3.8245858286830e-04,  7.7148515162304e-02, -1.0749808174615e+00, -4.9437892318168e-03, -2.2749041395519e+00,  8.8282851680000e+00,  9.0270200000000e-01,              1000000
  1.1859217297338e+01,  1.1037757745407e+00,  1.0804412600554e+00,  3.0631419355919e-03,  1.7663030771626e-01,  4.2027408642011e-04, -5.7380503612181e-04, -9.2523300233288e-03,  5.5713230293698e-02, -9.1185867882778e-01, -2.4118971628385e-02, -2.2088229034950e+00,  8.7842569260000e+00,  9.0553800000000e-01,              1000000
  1.1864307972101e+01,  1.0987636418997e+00,  1.0808122044102e+00,  3.9060724201580e-04,  3.7745869143620e-01,  6.1437666902008e-04, -1.9584150032721e-03,  3.1112122702510e-02, -2.5800787559025e-02, -2.7069251963151e+00,  8.4618555878728e-02, -6.9095292821959e+00,  8.7816956650000e+00,  9.0611200000000e-01,              1000000
  1.1872767925042e+01,  1.0951858801321e+00,  1.0783826392522e+00,  6.6719531667585e-03,  2.4262613261293e-01,  4.9257094170579e-04, -2.8188117679336e-04, -2.8487047759589e-02, -1.0269965427765e-01, -2.9835855386733e+00, -6.0969659988758e-02, -1.3019187768508e+00,  8.8368007180000e+00,  9.0722400000000e-01,              1000000
  1.1880991963445e+01,  1.0955815330965e+00,  1.0782940368139e+00,  5.9689728201058e-03,  3.0686095221369e-01,  5.5395031565447e-04, -6.2086800705994e-04, -6.2188395357326e-02, -1.1808990934945e-01, -4.1345346768728e+00, -2.5914452927926e-02, -2.7050740725214e+00,  8.7335673880000e+00,  9.0556700000000e-01,              1000000
  1.1889716193416e+01,  1.1000940847806e+00,  1.0791455114199e+00,  5.2224783430849e-03,  2.3663928516278e-01,  4.8645584091753e-04, -2.6967165679719e-04, -5.0818295643997e-02, -4.3178480726371e-02, -2.6570480270029e+00, -1.6638653590641e-02, -2.2183318895620e+00,  8.7520940200000e+00,  9.0416700000000e-01,              1000000
  1.1898178750075e+01,  1.1057045165939e+00,  1.0805210278414e+00,  3.6576708089651e-03,  1.6671463266483e-01,  4.0830703234800e-04,  1.6708491093161e-04, -3.3360242401701e-02,  4.8665379298778e-02, -1.2106119613514e+00, -2.7979366794311e-02, -1.6214051488723e+00,  8.6787598400000e+00,  9.1014100000000e-01,              1000000
  1.1905508644095e+01,  1.1090936109730e+00,  1.0827489685414e+00,  2.1647064927692e-03,  1.6507581293999e-01,  4.0629522879304e-04,  5.8703198394571e-04, -2.5536675080988e-02,  1.2013915196254e-01, -7.1685475963623e-01, -1.1242142855294e-02, -2.3703887343556e+00,  8.7145246750000e+00,  9.0172200000000e-01,              1000000
  1.1910957783734e+01,  1.1079885779265e+00,  1.0851856982983e+00,  2.7222017449591e-03,  1.9661048348114e-01,  4.4340780719462e-04,  7.8650315711473e-05, -3.9616043859087e-02,  9.6588607412766e-02, -7.9252008317971e-01,  6.4106824081515e-02, -2.8564929110167e+00,  8.8082610410000e+00,  9.0303500000000e-01,              1000000
  1.1915753761747e+01,  1.1036643660321e+00,  1.0852242125481e+00,  2.2748613338449e-03,  1.8308948346543e-01,  4.2788956924121e-04, -6.1859394540776e-05, -2.0999872601287e-02,  2.8395802498233e-02, -1.3087456047780e+00,  1.2743735147360e-02, -1.6339188495061e+00,  9.0194385150000e+00,  9.0459000000000e-01,              1000000
  1.1920226554999e+01,  1.0988024963476e+00,  1.0848476308718e+00,  3.9811847678272e-03,  2.6484912993007e-01,  5.1463494822065e-04,  1.3145424647033e-03, -6.1535642138939e-02, -2.8914449848023e-02, -2.1899474375722e+00,  3.0302490134225e-02, -3.5539684758474e+00,  8.8684597720000e+00,  9.0139500000000e-01,              1000000
  1.1921647424945e+01,  1.0954613278838e+00,  1.0835223342210e+00,  6.0823496734116e-03,  4.1040540769832e-01,  6.4062891575257e-04, -5.8704222006683e-04, -7.0578104562155e-02, -1.7172332483635e-01, -6.2767257544822e+00,  3.9287921788262e-02, -3.7013628739011e+00,  8.7130666250000e+00,  9.0861000000000e-01,              1000000
  1.1924194519862e+01,  1.0985111445750e+00,  1.0810314560824e+00,  3.6970660698954e-03,  2.9388763132833e-01,  5.4211403904376e-04, -1.1999743444480e-03, -4.6187419980417e-02, -8.0946900733958e-02, -2.7822740147562e+00,  3.2158133128454e-02, -3.2549822002635e+00,  8.6356168930000e+00,  9.1463900000000e-01,              1000000
  1.1928978235895e+01,  1.1040996987315e+00,  1.0777264345268e+00, -1.1852132879887e-03,  3.2199695658244e-01,  5.6744775669874e-04,  6.5236320306148e-04, -5.4665911639760e-02,  7.3047867499017e-02, -1.2002466641373e+00,  6.5828798118027e-02, -8.7614608174489e+00,  8.7089543380000e+00,  8.9917200000000e-01,              1000000
  1.1932016670164e+01,  1.1066294848523e+00,  1.0726151345565e+00, -5.5488294469752e-04,  2.1147512510308e-01,  4.5986424638482e-04, -5.0166538245734e-05, -1.8042587357940e-02,  8.5269043876001e-02, -9.0110346959381e-01, -7.1915808524412e-03, -3.8526024266827e+00,  9.0815050330000e+00,  9.0538800000000e-01,              1000000
  1.1934878186333e+01,  1.1059755242613e+00,  1.0683223041504e+00,  2.2188884543682e-03,  1.4465170677503e-01,  3.8033104892321e-04,  1.4053338726695e-03, -1.7175960725790e-02,  7.3371572448237e-02, -1.1615048364688e+00, -1.1058558865458e-01, -1.2645850516810e+00,  8.7237755370000e+00,  8.9464000000000e-01,              1000000
  1.1934598870205e+01,  1.1028695937436e+00,  1.0683287161449e+00,  3.2607739444146e-03,  2.0611563688176e-01,  4.5399960008987e-04, -2.6098608417671e-04, -2.7068933310142e-02,  2.8675956605962e-02, -1.5457230893809e+00, -8.3538930964455e-02, -2.9686283380838e+00,  8.7354966460000e+00,  9.0496500000000e-01,              1000000
  1.1934909304941e+01,  1.0991021062612e+00,  1.0712889224097e+00,  2.3126729708213e-03,  1.7846356956033e-01,  4.2244948758441e-04, -1.1012401404130e-04, -1.9954705129179e-02, -1.2481943008213e-02, -2.1377444264459e+00, -1.2387375963809e-01, -8.3307656230064e-01,  8.7110609890000e+00,  9.0610600000000e-01,              1000000
  1.1935435847131e+01,  1.0961746852504e+00,  1.0782559394803e+00,  5.1614432822971e-03,  2.1790216929667e-01,  4.6679992426807e-04, -1.1025656086245e-05, -2.2425528100448e-02, -4.9162816242585e-02, -2.6121189222109e+00, -6.3268214250890e-02, -1.3168804995841e+00,  8.7025088570000e+00,  9.1099000000000e-01,              1000000
  1.1935956506188e+01,  1.0952909628756e+00,  1.0867507880636e+00,  3.2332420054499e-03,  3.0000138594383e-01,  5.4772382269154e-04,  1.1973471564445e-03, -3.6495713918783e-02, -9.4111504323514e-02, -3.1469500465732e+00,  3.6436782942044e-02, -2.8565397082158e+00,  9.7715589740000e+00,  9.0471500000000e-01,              1000000
  1.1933997910385e+01,  1.0978211245861e+00,  1.0931928064017e+00,  4.9211591144265e-03,  2.3091207756297e-01,  4.8053311807093e-04,  1.7122252997847e-04, -3.1236376003442e-02, -7.0244599343674e-03, -1.5877234515163e+00,  4.9188182791041e-02, -2.5242221945729e+00,  9.6787974320000e+00,  9.0482400000000e-01,              1000000
  1.1931910408887e+01,  1.1003753712172e+00,  1.0973305968766e+00,  5.4945640784803e-07,  4.3349030341240e-01,  6.5839980514305e-04, -1.4044793286144e-03, -8.7064253387327e-03, -1.8868354290524e-02, -2.1037472100475e+00,  2.4257197042400e-01, -9.2480483529107e+00,  8.6906703300000e+00,  9.0188800000000e-01,              1000000
  1.1932938439165e+01,  1.1033739441762e+00,  1.0928331098281e+00,  5.0329356573296e-03,  1.9917190473107e-01,  4.4628679650094e-04, -8.7375254022188e-04, -2.7461322937482e-02,  3.0326111717704e-02, -1.5376270542536e+00,  2.2746713547538e-02, -1.9405761522156e+00,  9.2407062110000e+00,  9.1051500000000e-01,              1000000
  1.1935698597090e+01,  1.1050443897360e+00,  1.0880281022350e+00,  2.8367229670951e-03,  2.4415886703459e-01,  4.9412434369760e-04, -1.0123797884849e-04, -1.5621564373928e-02,  7.2086489549538e-02, -1.3272795658260e+00,  1.8275527755304e-02, -5.5245656150968e+00,  9.0553672820000e+00,  9.0924100000000e-01,              1000000
  1.1938413761862e+01,  1.1040501933012e+00,  1.0831599071983e+00,  1.8628952070729e-03,  1.6296247350166e-01,  4.0368610764015e-04, -3.2005111826528e-04, -5.1567755269694e-03,  7.3264628430923e-02, -9.7808003244161e-01, -2.8697963208074e-02, -1.7178700871629e+00,  9.6240406530000e+00,  9.0783200000000e-01,              1000000
  1.1941531669694e+01,  1.1006074910271e+00,  1.0797912197778e+00,  3.7466925719467e-03,  2.1599163986439e-01,  4.6474900738397e-04, -8.4009524790728e-04, -1.4529185214208e-02, -2.1018421086086e-02, -2.5479565805376e+00, -3.0842653060649e-02, -1.5145084431781e+00,  9.3126263000000e+00,  9.0196300000000e-01,              1000000
  1.1946102095079e+01,  1.0982848211070e+00,  1.0778472933577e+00,  4.4270376359354e-03,  2.8548095295525e-01,  5.3430417643440e-04, -6.4029205384732e-04, -7.0060814656600e-03, -6.7884171045202e-02, -2.3831975633876e+00, -2.3573543185061e-02, -4.9693229752045e+00,  9.0817765040000e+00,  9.0928300000000e-01,              1000000
  1.1951562154688e+01,  1.0986172965364e+00,  1.0769978140362e+00,  2.9081724482873e-03,  2.0286042465375e-01,  4.5040029379847e-04,  1.2431980479311e-03, -2.8627981218859e-02, -4.0456512862669e-02, -1.9918498507319e+00, -4.6135763966828e-02, -1.4020052829784e+00,  9.1323787360000e+00,  8.9975300000000e-01,              1000000
  1.1953920192833e+01,  1.1003742143166e+00,  1.0778583027567e+00,  2.4987885406963e-03,  2.8646384808374e-01,  5.3522317595909e-04, -6.1236662468493e-06, -4.0393797492630e-02, -8.1833605849035e-02, -3.6376704052705e+00, -4.4756058544065e-04, -2.8736133549860e+00,  9.4951773880000e+00,  9.0621600000000e-01,              1000000
  1.1956101770688e+01,  1.1048965110979e+00,  1.0786999173948e+00,  4.4702779408007e-03,  2.4020328547230e-01,  4.9010538200707e-04,  1.6139120214007e-03, -3.2359758151678e-02, -5.9613036940856e-03, -2.0722763959131e+00,  1.4190162390176e-02, -2.9166480881348e+00,  9.1437209150000e+00,  9.1068700000000e-01,              1000000
  1.1954732077514e+01,  1.1092214960862e+00,  1.0790150454029e+00,  3.4802487777274e-03,  1.5141822811226e-01,  3.8912495179859e-04,  4.6187068685769e-04, -2.0895611955350e-02,  9.2267640232048e-02, -1.0752212010224e+00, -3.3668344134921e-02, -1.5856266498789e+00,  9.6797299300000e+00,  9.1206800000000e-01,              1000000
  1.1952553826242e+01,  1.1098821822207e+00,  1.0805026490983e+00,  2.3613664487575e-03,  1.8738053184714e-01,  4.3287472997063e-04,  1.5932445613349e-03, -3.8646222921204e-02,  1.1483679086023e-01, -1.1740189604865e+00,  1.4735812570992e-03, -2.7779143178962e+00,  8.6287046220000e+00,  9.0874800000000e-01,              1000000
  1.1947306949260e+01,  1.1064588230443e+00,  1.0818412965083e+00,  1.4643637251923e-03,  1.8512167527202e-01,  4.3025768473326e-04,  9.5967866836090e-04, -2.3247473399785e-02,  6.3545762249076e-02, -1.1803852800865e+00,  2.6469435497316e-02, -2.1644424548128e+00,  8.6800976370000e+00,  9.0711600000000e-01,              1000000
  1.1940596890956e+01,  1.1011593349464e+00,  1.0821582381192e+00,  4.8483450001038e-03,  1.9600083015505e-01,  4.4271980998714e-04,  1.3905237274290e-03, -2.4485891812296e-02, -8.1264571598267e-03, -2.1540843384758e+00, -5.1541149387703e-02, -1.2776398881035e+00,  8.6649183820000e+00,  9.0688900000000e-01,              1000000
  1.1931674436686e+01,  1.0967046728138e+00,  1.0842756963916e+00,  4.0097216862032e-03,  2.5878780895357e-01,  5.0871191155070e-04,  5.2745012461356e-04, -3.0393436391641e-02, -5.6460078199956e-02, -2.0389987723885e+00,  2.5283155258010e-02, -2.8348171567104e+00,  8.7226234730000e+00,  8.9920600000000e-01,              1000000
  1.1922556689729e+01,  1.0947202432912e+00,  1.0853455861854e+00,  1.0166353135751e-03,  2.2744823476079e-01,  4.7691533290595e-04,  1.3668009662825e-03, -4.7093012113792e-02, -3.7459014958956e-02, -1.8180064993579e+00,  1.0285624580434e-02, -2.0019533073005e+00,  8.9680177810000e+00,  9.0948500000000e-01,              1000000
  1.1911533816046e+01,  1.0942880743195e+00,  1.0859832056765e+00,  3.9653467233908e-03,  3.0501988886138e-01,  5.5228605709486e-04, -2.1153133133662e-04, -1.1680005433912e-02, -1.1529141329174e-01, -3.9812857776575e+00, -1.4698181750004e-03, -2.2692846659372e+00,  9.1619970940000e+00,  9.0463900000000e-01,              1000000
  1.1902049943401e+01,  1.0980393646052e+00,  1.0866502057915e+00,  6.7259994227354e-04,  2.4003262935265e-01,  4.8993124961840e-04,  5.5818450836951e-05, -3.8460336432834e-02, -1.2190337753333e-02, -1.6464320015302e+00,  3.7737652806866e-02, -2.9166512946638e+00,  9.0781984140000e+00,  8.9804800000000e-01,              1000000
  1.1893420180794e+01,  1.1018824396115e+00,  1.0859681733348e+00,  2.0795908389422e-03,  2.8336791100433e-01,  5.3232312649774e-04, -1.0522185142251e-03,  3.9691550219039e-03,  6.8929692860575e-03, -1.9319168206643e+00,  4.8510887770515e-02, -4.4825853724991e+00,  8.9614016270000e+00,  8.9495400000000e-01,              1000000
  1.1887857954724e+01,  1.1051381322121e+00,  1.0837144336292e+00,  3.3898034032420e-03,  1.5430564888080e-01,  3.9281757710266e-04,  9.4050462734919e-04, -2.0314320994118e-02,  7.9395765862579e-02, -1.0945386261529e+00, -4.6223226222060e-02, -1.3147636556867e+00,  8.6451747540000e+00,  8.9993900000000e-01,              1000000
  1.1880884654550e+01,  1.1052741770520e+00,  1.0833462385322e+00,  5.8445946532883e-03,  1.4465178491029e-01,  3.8033115164326e-04,  4.5830134871134e-04, -2.5909612014141e-02,  6.3649627440061e-02, -1.1240268705023e+00, -5.5585654390192e-02, -1.0890095609993e+00,  8.5872943460000e+00,  8.9923600000000e-01,              1000000
  1.1873656655534e+01,  1.1031585333729e+00,  1.0850078403595e+00,  5.1740308443626e-03,  1.8705026399896e-01,  4.3249307971222e-04,  9.3939570793323e-04, -2.5464339785492e-02,  4.4031476169220e-03, -2.5002678532162e+00, -5.7288740508356e-02, -9.0543812634134e-01,  9.1861595190000e+00,  9.0587200000000e-01,              1000000
  1.1865184441309e+01,  1.1011385601292e+00,  1.0885576329370e+00,  3.1200669645236e-03,  2.3442322031681e-01,  4.8417271744370e-04, -6.7241100856270e-04, -1.5016512364382e-02,  1.8722569465398e-02, -1.1994423746874e+00,  3.4496413058614e-02, -4.1761277087121e+00,  9.3397433540000e+00,  9.0756100000000e-01,              1000000
  1.1858987706385e+01,  1.0986716537944e+00,  1.0906037788336e+00,  1.5994747113905e-03,  2.3715107927250e-01,  4.8698160054821e-04,  1.2837835523523e-03, -4.1651102134918e-02,  1.8658890001792e-02, -1.6241518004276e+00,  6.9146573472353e-02, -2.7235138602318e+00,  8.7200571080000e+00,  9.0090400000000e-01,              1000000
  1.1850732502605e+01,  1.0958103712011e+00,  1.0900310010295e+00,  3.4130297630581e-03,  2.5982869442710e-01,  5.0973394474677e-04,  2.0516380987743e-04, -3.8023134904323e-02, -6.5762953753840e-02, -2.7526110922274e+00,  3.1560087122152e-02, -2.1303201821265e+00,  8.7117691150000e+00,  8.9985600000000e-01,              1000000
  1.1842893148045e+01,  1.0956308822369e+00,  1.0884260123948e+00,  2.7047095760412e-03,  3.5053081125296e-01,  5.9205642573403e-04,  9.5130628018829e-04, -4.8583029821181e-02, -6.0206691708933e-02, -2.3183069039350e+00,  8.3374895086693e-02, -6.1514363468229e+00,  8.6825505090000e+00,  8.9644900000000e-01,              1000000
  1.1833859637983e+01,  1.0976625611074e+00,  1.0841142833627e+00,  2.5683459821760e-03,  2.3638651649446e-01,  4.8619596511537e-04,  3.8097952538539e-04, -1.7715605497481e-02, -3.8358994289915e-02, -2.5153668376893e+00, -1.1662853400409e-02, -2.0474695290518e+00,  9.1446003160000e+00,  9.0361900000000e-01,              1000000
  1.1824922244638e+01,  1.1009120442930e+00,  1.0806800772588e+00,  3.3294735531565e-03,  1.8640820651823e-01,  4.3175016678425e-04,  4.7708328095263e-04, -2.1289977584550e-02,  3.0343442446888e-03, -1.9181129084128e+00, -5.5273444951051e-02, -1.1753668088063e+00,  8.8377590000000e+00,  9.1216900000000e-01,              1000000
  1.1815869640100e+01,  1.1037678949461e+00,  1.0795864020091e+00, -6.0882247016426e-04,  2.8201794025200e-01,  5.3105361334991e-04,  9.3910355207145e-04, -4.3569871914388e-02,  2.6355793645086e-02, -1.5960746155610e+00,  6.8461996058966e-02, -4.7480586209080e+00,  8.6672116320000e+00,  9.0280600000000e-01,              1000000
  1.1805754379160e+01,  1.1054244038911e+00,  1.0762328846873e+00,  4.0522533357462e-03,  1.2973565042839e-01,  3.6018835409878e-04, -4.4539176271263e-05, -1.0633783304756e-02,  7.3496327011876e-02, -9.3432312080539e-01, -7.9754827874273e-02, -8.1712275427713e-01,  8.8185792030000e+00,  8.9746200000000e-01,              1000000
  1.1796739521669e+01,  1.1042906973297e+00,  1.0760876167043e+00,  4.7196641764667e-03,  2.1017503500826e-01,  4.5844850856804e-04, -5.8935746524569e-04, -1.7525227138746e-02,  1.0593102016620e-02, -2.9382503778466e+00, -7.8745650909350e-02, -1.7170502099304e+00,  8.6626337030000e+00,  9.0970200000000e-01,              1000000
  1.1789894906415e+01,  1.1029397745548e+00,  1.0788107221925e+00,  3.8669432849033e-03,  1.9151483987372e-01,  4.3762408511612e-04, -7.2944436038878e-04, -2.0702038100153e-02,  2.0615577708377e-02, -1.7442616922822e+00, -4.3293042199792e-02, -1.7194839828554e+00,  9.9915436650000e+00,  9.0291900000000e-01,              1000000
  1.1785313633503e+01,  1.1010093029783e+00,  1.0828500853804e+00,  4.9024813222120e-03,  2.9597907655921e-01,  5.4403959098508e-04, -1.5800396197412e-04,  2.0239301879125e-02, -6.2846482391070e-02, -3.8712181940258e+00,  2.0149617654774e-03, -2.5387579789818e+00,  8.8940181270000e+00,  8.9570500000000e-01,              1000000
  1.1781500531022e+01,  1.1016098890222e+00,  1.0864657434048e+00,  1.6290299593116e-03,  2.7424314097025e-01,  5.2368229010560e-04,  7.7303290787559e-04, -6.5927593068978e-02,  3.3882870600000e-02, -1.8888429538964e+00,  4.6327976025143e-02, -4.4274313609707e+00,  9.2598876850000e+00,  9.0116200000000e-01,              1000000
  1.1778985575754e+01,  1.1012849075745e+00,  1.0873005399331e+00,  7.4248221499860e-04,  3.3307402456463e-01,  5.7712565751717e-04,  2.3416124376426e-03, -9.5034351018223e-02, -2.2256004182565e-02, -2.1013638959616e+00,  1.0411863443595e-01, -6.0995033512554e+00,  8.9611069720000e+00,  9.0071000000000e-01,              1000000
  1.1774268039201e+01,  1.1014141502687e+00,  1.0862325394087e+00,  3.0603219596414e-03,  3.0716428761661e-01,  5.5422404099480e-04,  1.7201754094629e-03, -7.9365468612384e-02, -2.1858816914416e-02, -2.4844040445998e+00,  5.4065858197080e-02, -5.1421458854821e+00,  8.7205935740000e+00,  9.0406300000000e-01,              1000000
  1.1768224300048e+01,  1.1019499361689e+00,  1.0843424983460e+00,  2.8175078149251e-03,  2.5513039260192e-01,  5.0510433833211e-04,  7.9015801684668e-04, -3.8028578547806e-02,  3.8782499839024e-02, -1.2145334777190e+00,  4.2855227687009e-02, -4.6192482323059e+00,  8.6996026810000e+00,  9.0419100000000e-01,              1000000
  1.1761949871296e+01,  1.1017389822098e+00,  1.0819074621130e+00,  4.7551042373188e-03,  2.0792871551683e-01,  4.5599201255815e-04,  3.3094896860173e-04, -2.7082384675258e-02,  1.7916089169130e-02, -1.5722148569546e+00, -6.7876087094224e-03, -2.2701698208767e+00,  9.0122985850000e+00,  9.0894800000000e-01,              1000000
  1.1755951297843e+01,  1.1012368453629e+00,  1.0798549872717e+00,  3.5503292353685e-03,  2.1326118544288e-01,  4.6180210636470e-04,  1.0988060303568e-04, -8.6703689045037e-03,  1.5877737713707e-04, -2.0589184543444e+00, -3.1515105552264e-02, -2.0623151582808e+00,  8.8314716670000e+00,  9.0044200000000e-01,              1000000
  1.1750428625791e+01,  1.1007999456713e+00,  1.0785940330399e+00,  4.9898885151094e-03,  1.8120580071349e-01,  4.2568274655369e-04, -2.5206013857188e-04, -2.4652081200213e-02, -3.0378320515944e-03, -1.6889645084373e+00, -6.5652476517577e-02, -1.2818691225848e+00,  8.6991573340000e+00,  9.0890900000000e-01,              1000000
  1.1745734501682e+01,  1.1004769547319e+00,  1.0786594651212e+00,  3.2351416505132e-03,  2.0039621015135e-01,  4.4765635274321e-04,  8.8371995132390e-04, -2.8594330295140e-02, -1.2188762867840e-02, -2.1875496662829e+00, -5.4839275548523e-02, -1.3476686368892e+00,  8.7089002670000e+00,  9.1507900000000e-01,              1000000
  1.1740565349011e+01,  1.1004289656295e+00,  1.0797252180721e+00,  2.9840151981361e-03,  2.2923673424800e-01,  4.7878673148699e-04,  3.5553972609250e-04, -3.5085622183104e-02, -3.4905065798381e-02, -2.5743685591025e+00, -6.2724520066265e-03, -1.6332370337347e+00,  9.4615959810000e+00,  9.0562000000000e-01,              1000000
  1.1735538920852e+01,  1.1010494962853e+00,  1.0808150067613e+00,  5.4334925835373e-03,  2.2351441431355e-01,  4.7277311081908e-04, -4.0385271118972e-04, -3.4081853560812e-02, -4.5692666419883e-02, -2.7488527173667e+00, -4.4859105434761e-02, -1.5797689752815e+00,  9.0636081160000e+00,  9.0527600000000e-01,              1000000
  1.1731463836989e+01,  1.1024730023840e+00,  1.0826276419081e+00,  4.1208715325544e-03,  1.6732746499088e-01,  4.0905679922338e-04,  1.1239726232790e-03, -2.2193225153110e-02,  3.1881639340160e-02, -1.3704773722580e+00, -4.0745861562889e-02, -1.2384406272868e+00,  9.7555648260000e+00,  9.0928400000000e-01,              1000000
  1.1726586167006e+01,  1.1031824142736e+00,  1.0850149660140e+00,  4.6266311055785e-03,  1.6798709017665e-01,  4.0986228196390e-04,  3.8735978026010e-04, -5.2616809565309e-03,  4.8566192632432e-02, -1.3123170493535e+00, -3.9724437211406e-02, -1.4101826754655e+00,  8.8491652140000e+00,  9.0420800000000e-01,              1000000
  1.1721770450927e+01,  1.1029393703659e+00,  1.0879042737050e+00,  5.3649330221641e-03,  2.0818789508277e-01,  4.5627611715141e-04, -6.7089149755834e-04, -3.6559917620912e-02,  1.4812323892517e-02, -2.1200480906991e+00,  1.5805028734367e-02, -1.7913670084181e+00,  8.7027731500000e+00,  9.0127700000000e-01,              1000000
  1.1718180444643e+01,  1.1024665149224e+00,  1.0902368311343e+00,  4.8991921680884e-03,  2.4349006952227e-01,  4.9344712940929e-04, -9.5170545375059e-04, -3.3572147838969e-02, -7.1556120515200e-03, -2.1913250678314e+00,  4.4409703487171e-02, -2.4575678584704e+00,  8.6709203960000e+00,  9.0198500000000e-01,              1000000
  1.1716001666493e+01,  1.1021926697464e+00,  1.0915486118019e+00,  4.1355302629361e-03,  2.5188681397320e-01,  5.0188326727756e-04,  1.1010448041767e-03, -4.6332180727122e-02,  1.3864746154624e-03, -2.0089999631295e+00,  5.2723298709026e-02, -2.9365725600803e+00,  8.7005821610000e+00,  9.0536600000000e-01,              1000000
  1.1712864052917e+01,  1.1019386774766e+00,  1.0917913569683e+00,  3.0985215762496e-03,  2.8179983246645e-01,  5.3084821980152e-04, -2.6867544407461e-04, -1.7516630383989e-02,  7.3412487260510e-03, -1.8859085566521e+00,  9.3469864552414e-02, -3.8284555220757e+00,  9.0475509390000e+00,  8.9950800000000e-01,              1000000
  1.1710338225006e+01,  1.1015909636693e+00,  1.0903328460353e+00,  3.3482108978182e-03,  2.0032214408878e-01,  4.4757361862467e-04,  7.7792210285629e-05, -3.1480417911567e-02,  2.1687198774207e-02, -1.6333766336816e+00,  1.6140317518561e-02, -1.6895144409308e+00,  8.8821472030000e+00,  8.9874000000000e-01,              1000000
  1.1707992877404e+01,  1.1008896286145e+00,  1.0887371982712e+00,  2.2894160016277e-03,  2.9185631002646e-01,  5.4023727197081e-04,  6.5462843496559e-04, -2.5849917542839e-02,  9.6689495958537e-03, -1.5053661705470e+00,  8.3731278385929e-02, -4.8517134972856e+00,  9.1211646020000e+00,  9.1129800000000e-01,              1000000
  1.1705175771337e+01,  1.1000912772449e+00,  1.0858092551122e+00,  2.9639050545028e-03,  2.3955367360214e-01,  4.8944220660068e-04,  1.7884432101297e-04, -2.4341165147715e-02, -2.9605741732376e-02, -2.0540238324976e+00,  3.5708900797255e-02, -2.2740632390266e+00,  8.7384693850000e+00,  9.0915000000000e-01,              1000000
  1.1702452788684e+01,  1.0999428367308e+00,  1.0825348277007e+00,  4.0516382828273e-03,  2.3783105129015e-01,  4.8767925041993e-04,  1.0223596893399e-03, -1.9783019580300e-02, -2.6864846280038e-02, -1.9999300030333e+00,  9.0552960786105e-03, -2.3576601120203e+00,  8.7467662620000e+00,  9.1425200000000e-01,              1000000
  1.1698887568494e+01,  1.1003294559109e+00,  1.0794374834450e+00,  2.6001169416538e-03,  4.1890972560108e-01,  6.4723235827721e-04,  5.3614654020319e-04, -9.3570114029959e-03, -1.7312108857683e-02, -1.6292735418426e+00,  4.3341475093307e-02, -1.3957249650495e+01,  8.8007035450000e+00,  9.0452100000000e-01,              1000000
  1.1695089000914e+01,  1.1010171587221e+00,  1.0759753844722e+00,  5.4477873846526e-04,  2.6576311846978e-01,  5.1552218038585e-04,  9.5787237784023e-04, -2.5455072924699e-02, -1.8873443004307e-02, -4.5480433325078e+00, -3.2319134847944e-02, -1.9391237687842e+00,  8.9753751530000e+00,  9.0133900000000e-01,              1000000
  1.1690625922943e+01,  1.1020334711695e+00,  1.0734694238847e+00,  2.7132892477957e-03,  1.6797732496431e-01,  4.0985036899374e-04, -1.8352099095281e-04, -2.2205367824560e-02,  1.6707097309170e-02, -1.6134622684177e+00, -8.8812815884823e-02, -1.0499888944288e+00,  8.8049518150000e+00,  9.1937300000000e-01,              1000000
  1.1686816762136e+01,  1.1026512384822e+00,  1.0728638734874e+00,  6.7043674228823e-03,  1.5180224738496e-01,  3.8961807887335e-04, -1.7140567332585e-05, -1.3462111379973e-02,  3.1144780042666e-02, -1.3888160968203e+00, -1.2041651582953e-01, -1.0013182684316e+00,  8.8417879750000e+00,  8.9846000000000e-01,              1000000
  1.1683408685784e+01,  1.1026355302279e+00,  1.0745470180172e+00,  2.8552243474931e-03,  2.2414592986350e-01,  4.7344052410361e-04, -1.6902568166833e-04, -1.5958798250281e-02,  1.4117391425930e-02, -1.7085941235537e+00, -2.8710247451485e-02, -3.2149140102068e+00,  8.9700960390000e+00,  9.0503600000000e-01,              1000000
  1.1680531989484e+01,  1.1023715415668e+00,  1.0766234456527e+00, -1.1517807044224e-04,  2.0038579653977e-01,  4.4764472133576e-04,  1.2502694443456e-03, -3.8317811996518e-02,  3.3264418596427e-02, -1.5650239591217e+00, -1.6396012456988e-02, -2.0565148801920e+00,  8.8248835810000e+00,  9.0224900000000e-01,              1000000
  1.1676578278785e+01,  1.1015208376499e+00,  1.0788174093904e+00,  9.2999981263509e-04,  2.1732729525538e-01,  4.6618375696219e-04, -6.0395046997974e-04, -3.9358727157966e-02,  1.1352270599483e-02, -2.1051493196292e+00, -9.9203230028714e-03, -2.3193069159969e+00,  9.4916260680000e+00,  9.0355900000000e-01,              1000000
  1.1673706753873e+01,  1.1005592048626e+00,  1.0810005607931e+00,  3.9690454161725e-03,  1.9667391692921e-01,  4.4347933089289e-04, -3.6105143713064e-04, -2.1494546888064e-02, -1.6026900973550e-02, -1.9022649202555e+00, -4.0669987251037e-02, -1.4042815174832e+00,  9.9363787070000e+00,  9.0859500000000e-01,              1000000
  1.1671531252655e+01,  1.1000136519274e+00,  1.0837348317057e+00,  3.8076139623896e-03,  2.0896923500869e-01,  4.5713152922183e-04, -3.7604877502276e-04, -2.7025409097228e-02, -6.3713352279860e-03, -1.6555692353155e+00, -5.7380544043447e-03, -1.9239677822619e+00,  8.8352448970000e+00,  9.0733700000000e-01,              1000000
  1.1670003698278e+01,  1.0996583057846e+00,  1.0863244605100e+00,  3.2648802570107e-03,  2.6939154897468e-01,  5.1902942977705e-04,  5.2723707096685e-04, -3.6545537100336e-02, -3.3289980600423e-02, -2.7642945211828e+00,  2.6702642319891e-02, -2.7520303973702e+00,  8.7908137940000e+00,  9.0239700000000e-01,              1000000
  1.1668059408181e+01,  1.0999965039705e+00,  1.0881878633931e+00,  3.6935070841892e-03,  2.4102054005108e-01,  4.9093842796330e-04,  1.0954498329200e-04, -4.2921212177295e-02, -1.0253005654267e-02, -1.9764908823990e+00,  1.8810397416907e-02, -2.7867666116307e+00,  8.6815471700000e+00,  9.0973500000000e-01,              1000000
  1.1666208071384e+01,  1.1005152736631e+00,  1.0895433082182e+00,  2.2736858953993e-03,  2.8605698900274e-01,  5.3484295732742e-04,  2.4188373105058e-04, -5.7018008102820e-02, -3.0508486846416e-02, -2.8167113044756e+00,  6.4738135968039e-02, -3.2910911110949e+00,  8.7023168450000e+00,  8.9581300000000e-01,              1000000
  1.1664300278252e+01,  1.1015909661558e+00,  1.0895878639058e+00,  5.8497478111096e-03,  2.1830172923169e-01,  4.6722770597611e-04, -1.0801650101800e-04, -4.2368674348436e-02, -9.8366641485187e-03, -1.9864518143856e+00,  1.7130182255367e-02, -2.0038062010177e+00,  8.8339552180000e+00,  9.0487600000000e-01,              1000000
  1.1662725037936e+01,  1.1027674730722e+00,  1.0893268548769e+00,  3.5161665542172e-03,  2.0996296940058e-01,  4.5821716401787e-04, -5.1227652230306e-04, -1.6037076714243e-02,  1.7404775816663e-02, -1.5301190923610e+00,  2.7155674160999e-02, -1.9474593570942e+00,  8.7301573650000e+00,  9.0103100000000e-01,              1000000
  1.1661889144635e+01,  1.1035099966860e+00,  1.0886018842060e+00,  2.4947224425533e-03,  2.0486465887335e-01,  4.5261977295888e-04, -3.5454694348989e-04, -2.1944954739077e-02,  4.6091952769376e-02, -1.5629837331852e+00,  2.8240681097790e-02, -2.0323603515822e+00,  8.7600613760000e+00,  9.0957300000000e-01,              1000000
  1.1661546521769e+01,  1.1033117796719e+00,  1.0874384067482e+00,  2.6359907915666e-03,  1.9384803391412e-01,  4.4028176650200e-04,  6.9709970051086e-05, -1.8801854428029e-02,  2.2914153691411e-02, -1.6357059903323e+00,  1.1432173945496e-02, -1.6927471665321e+00,  8.9878739300000e+00,  9.0982100000000e-01,              1000000
  1.1661169702220e+01,  1.1027094716484e+00,  1.0861908236019e+00,  5.0735860300648e-03,  3.5864323360812e-01,  5.9886829404146e-04,  2.3026840264403e-04, -4.7729915787479e-02, -3.0953981545602e-02, -2.1365935011556e+00,  7.7059686214386e-02, -7.4937730076918e+00,  8.7474396000000e+00,  8.9845900000000e-01,              1000000
  1.1660597143110e+01,  1.1027814209869e+00,  1.0836915896984e+00, -3.8905706285721e-03,  4.9093709460308e-01,  7.0066903356940e-04,  1.0618087868285e-03,  3.0179389290860e-02,  4.5088387980774e-02, -1.5617105079394e+00,  1.9374796484187e-01, -1.6553567731577e+01,  9.2283550180000e+00,  9.0722000000000e-01,              1000000
  1.1658865967465e+01,  1.1019945503286e+00,  1.0780043623225e+00,  2.9860286611949e-03,  1.8274528019238e-01,  4.2748716962312e-04,  1.5335476531949e-04, -1.7747914810723e-02,  1.6370328249066e-02, -1.5867701538194e+00, -6.8756265960166e-02, -1.5741969058092e+00,  8.9571495070000e+00,  9.0353500000000e-01,              1000000
  1.1657141853405e+01,  1.1009852486556e+00,  1.0741796175648e+00,  3.7638134860120e-03,  2.4161608136900e-01,  4.9154458736620e-04,  2.9220809831733e-04, -1.4708032797528e-02, -4.3801911845862e-02, -2.5361463383114e+00, -5.3160269984505e-02, -2.5364133821100e+00,  8.8564599880000e+00,  9.0831100000000e-01,              1000000
  1.1655264948341e+01,  1.1009446415630e+00,  1.0717493967188e+00,  2.3477603702135e-03,  2.0072225239975e-01,  4.4802037051875e-04, -3.1764365812671e-04, -4.2836063555231e-02, -3.4042735391870e-03, -1.8754492844580e+00, -8.4873352525897e-02, -2.1436358343542e+00,  8.8584648180000e+00,  9.0250200000000e-01,              1000000
  1.1653957631866e+01,  1.1009918778565e+00,  1.0711655516733e+00,  3.3136408296499e-03,  1.7492701267577e-01,  4.1824276763116e-04,  2.5520847256617e-04, -1.8199647764762e-02,  2.5994586091343e-02, -2.0341461997146e+00, -1.2278733591635e-01, -1.1206748539291e+00,  8.7904306680000e+00,  9.0221500000000e-01,              1000000
  1.1652499416983e+01,  1.1005513793729e+00,  1.0729362986190e+00,  5.6456657719363e-03,  2.2108369870558e-01,  4.7019538354345e-04, -1.1947627198682e-03, -2.5864092590906e-02, -4.5964974752658e-02, -2.7927105801263e+00, -7.6378259774652e-02, -1.4943485761704e+00,  8.8094646870000e+00,  9.0806900000000e-01,              1000000
  1.1652559379401e+01,  1.1010714849462e+00,  1.0759653951981e+00,  2.2238092716694e-03,  2.0151579476484e-01,  4.4890510663707e-04,  3.7035904921859e-04, -4.6542434931721e-02, -2.8421027800992e-03, -2.1895869354018e+00, -5.0848231727543e-02, -1.7965696605217e+00,  8.9625834340000e+00,  9.0194000000000e-01,              1000000
  1.1652218281618e+01,  1.1016167408829e+00,  1.0796582475961e+00,  3.5058715076167e-03,  1.7299700704326e-01,  4.1592908896019e-04,  5.7156004081076e-04, -2.3254572992897e-02,  2.4922933742303e-02, -1.4809072369802e+00, -5.1853023806533e-02, -1.1854133344713e+00,  8.7742421460000e+00,  9.0564100000000e-01,              1000000
  1.1651272492865e+01,  1.1016384912355e+00,  1.0839630002382e+00,  7.6759909730413e-03,  2.5962691615286e-01,  5.0953598121512e-04, -9.4080423956381e-04, -2.7738397182107e-02, -7.1661160774517e-02, -3.0391832355261e+00, -2.1902894647497e-02, -2.1869325886423e+00,  8.9052289300000e+00,  9.0582800000000e-01,              1000000
  1.1651509879323e+01,  1.1030798461586e+00,  1.0882728484290e+00,  1.0684262726569e-05,  2.5222655171021e-01,  5.0222161613197e-04,  6.2871283666079e-04, -1.4180356048103e-02,  5.3335116106516e-02, -1.6021310068158e+00,  8.0210529479148e-02, -3.4518515955964e+00,  8.8009224240000e+00,  9.1338900000000e-01,              1000000
  1.1651013593474e+01,  1.1033566734567e+00,  1.0906861798455e+00,  2.8452593411418e-03,  2.3519999524885e-01,  4.8497422122093e-04, -5.7576657996724e-04, -2.8201739188581e-02,  5.2489527181998e-02, -1.3240610007835e+00,  4.2261754168009e-02, -3.4659552115829e+00,  8.7767666230000e+00,  9.0433700000000e-01,              1000000
  1.1651241182701e+01,  1.1025972631814e+00,  1.0921030366407e+00,  2.3364990756159e-03,  2.2371401427063e-01,  4.7298415858318e-04,  5.4012063100924e-04, -3.0464899523162e-02,  3.0519027698757e-02, -1.7843174159649e+00,  5.4930297380821e-02, -2.3001943268068e+00,  9.1548095090000e+00,  9.0412100000000e-01,              1000000
  1.1650844932813e+01,  1.1013352962351e+00,  1.0923727463645e+00,  2.8596110648850e-03,  2.3920904557560e-01,  4.8909001786543e-04,  1.3254724666298e-03, -3.2327524969075e-02,  1.4054665658178e-02, -1.4520434926966e+00,  6.7133182290883e-02, -2.9497247310300e+00,  8.9139686380000e+00,  8.9998500000000e-01,              1000000
  1.1648988211132e+01,  1.0999374136901e+00,  1.0913859435396e+00, -9.9204781898840e-04,  4.7830921824314e-01,  6.9159902996110e-04,  1.1189102633162e-03,  9.3923218723949e-03,  1.7942776236422e-03, -2.4690357896470e+00,  1.6474414852789e-01, -1.3558384946999e+01,  8.8403704520000e+00,  9.1361100000000e-01,              1000000
  1.1646028507076e+01,  1.0986662371502e+00,  1.0875580623364e+00,  2.6077457697314e-03,  2.8078104188922e-01,  5.2988776348319e-04,  6.1286966844089e-05, -2.3523719208100e-02, -3.6588430533986e-02, -3.0281919768575e+00,  3.5813226390769e-02, -2.9679695560749e+00,  9.0018209190000e+00,  9.0104900000000e-01,              1000000
  1.1643303408079e+01,  1.0982668752594e+00,  1.0834675044106e+00,  4.4551277170778e-03,  2.3043762548010e-01,  4.8003919160845e-04, -2.5261950589370e-04, -4.5692136509813e-02, -2.5178881701918e-02, -2.1966278534652e+00, -2.3840444408076e-02, -2.5018373969581e+00,  8.9215805150000e+00,  9.1136200000000e-01,              1000000
  1.1641163652300e+01,  1.0984222620625e+00,  1.0802493936782e+00,  3.8813114636785e-03,  2.9515748569648e-01,  5.4328398255100e-04,  7.2231765309533e-04, -3.2438738131835e-02, -6.9214330331850e-02, -4.4646856406676e+00, -3.6659302200367e-02, -2.2889893088075e+00,  8.7728994630000e+00,  9.0160700000000e-01,              1000000
  1.1638422588442e+01,  1.0999636509570e+00,  1.0780568436115e+00,  4.6379400678276e-03,  1.8928131921383e-01,  4.3506472991249e-04, -1.5116518610897e-04, -2.5389397597059e-02, -7.7730329296720e-03, -1.7755344849886e+00, -8.1086333857477e-02, -1.2795473210916e+00,  8.8408498300000e+00,  9.0607500000000e-01,              1000000
  1.1636140528678e+01,  1.1015233761773e+00,  1.0776131815009e+00, -1.1697967934019e-03,  2.1142045530811e-01,  4.5980480131041e-04, -3.4984913040959e-05, -1.2378661328105e-02,  1.9925691092620e-02, -1.7144232204890e+00, -7.5681831578185e-03, -1.9844924801303e+00,  8.9448290470000e+00,  9.0594600000000e-01,              1000000
  1.1634130800046e+01,  1.1025540751444e+00,  1.0773736974235e+00,  3.2177973085690e-04,  1.7233078954229e-01,  4.1512743771316e-04,  8.0761168301940e-04, -1.0646101643260e-02,  6.0376281669524e-02, -9.2624502150085e-01, -3.6084584564855e-02, -1.7488209661346e+00,  8.7754219360000e+00,  9.0169100000000e-01,              1000000
  1.1631392396157e+01,  1.1023024761329e+00,  1.0778516222362e+00,  3.3158359268277e-03,  1.9102217148519e-01,  4.3706083270546e-04, -9.3636357737190e-04, -3.1544702834175e-02,  8.3203669879502e-04, -2.1675383941896e+00, -5.7337577665031e-02, -1.2911190426879e+00,  8.9202108650000e+00,  9.0043600000000e-01,              1000000
  1.1630027849894e+01,  1.1020806245593e+00,  1.0793713335383e+00,  6.6078554446126e-03,  2.1213851937662e-01,  4.6058497519634e-04, -8.0439509406027e-04, -1.8033877463469e-02, -1.7376202081479e-02, -2.1306215361797e+00, -4.4603389280405e-02, -1.8730404894126e+00,  8.8305324690000e+00,  8.9757700000000e-01,              1000000
  1.1629740834836e+01,  1.1022449747142e+00,  1.0815970571307e+00,  3.8685237598619e-03,  2.4993559563123e-01,  4.9993559148277e-04,  3.8743514714370e-04, -1.9361003670967e-02, -2.5708936743800e-02, -2.2649512319857e+00,  3.0064208422197e-02, -2.4764857306335e+00,  8.7820571090000e+00,  9.0767300000000e-01,              1000000
  1.1629043845844e+01,  1.1029241526425e+00,  1.0830602009617e+00,  4.8118782050510e-03,  2.3206383249796e-01,  4.8173004109974e-04,  1.6088415910248e-04, -4.3887069498737e-02, -3.0793338325857e-02, -2.4834782766028e+00, -1.3650962129498e-02, -2.0208460785375e+00,  9.0719985580000e+00,  9.0630000000000e-01,              1000000
  1.1628254060804e+01,  1.1041709097352e+00,  1.0846557087003e+00,  4.4183842603932e-03,  2.6156377857281e-01,  5.1143306362886e-04,  9.7944569425545e-04, -4.3727210454661e-02, -1.3736132881343e-02, -2.5417529840210e+00,  3.0894454877761e-02, -3.0351390814875e+00,  8.9855366640000e+00,  9.0957900000000e-01,              1000000
  1.1626429063337e+01,  1.1055925580111e+00,  1.0855387632998e+00,  1.9774368398170e-03,  1.7993687602710e-01,  4.2418966987316e-04, -6.1390567995316e-04, -1.9208511154414e-02,  6.0307821521204e-02, -1.2748809524750e+00,  2.0238707502571e-02, -1.7174414109557e+00,  8.7180514460000e+00,  9.0099300000000e-01,              1000000
  1.1625510545629e+01,  1.1056880591348e+00,  1.0859680745158e+00,  3.5628957835737e-03,  1.7892160427692e-01,  4.2299125792021e-04, -5.0227353985769e-04,  4.1805800130802e-03,  7.0720524497204e-02, -1.0686604520557e+00, -3.1533012345951e-03, -2.0736533116883e+00,  8.7514358330000e+00,  9.0120200000000e-01,              1000000
  1.1625265984054e+01,  1.1043801443477e+00,  1.0864344963911e+00,  4.2015136405339e-03,  2.3922496152277e-01,  4.8910628857415e-04, -4.3890402681791e-04, -1.5706019185969e-02,  3.2411027989426e-02, -1.2390504348268e+00,  5.1535240922009e-02, -3.4278144176989e+00,  8.7778437610000e+00,  9.1039000000000e-01,              1000000
  1.1625567272469e+01,  1.1025692050040e+00,  1.0859095864390e+00,  5.2977803369010e-03,  2.4909628923403e-01,  4.9909547106143e-04,  5.8678642050390e-05, -4.1479679416567e-02, -2.0859953964038e-02, -2.8012205873717e+00,  9.0790740812998e-03, -2.2013685476002e+00,  8.9648555160000e+00,  9.0071400000000e-01,              1000000
  1.1625794499416e+01,  1.1013802722341e+00,  1.0852848067305e+00,  1.7136184430218e-03,  2.2115750166717e-01,  4.7027385815838e-04, -9.7897126978410e-04, -1.7900936318467e-02,  1.1977695453067e-02, -1.7855371800171e+00,  1.7235443771905e-02, -2.3398066629059e+00,  9.1658761280000e+00,  9.0804200000000e-01,              1000000
  1.1627155464651e+01,  1.1000873969150e+00,  1.0844158898740e+00,  4.2874563318407e-03,  2.2268246338383e-01,  4.7189242776699e-04, -5.4624122794327e-04, -3.5264895688174e-02, -3.6110899178561e-02, -2.5481058458486e+00, -2.9959134669496e-02, -1.3967581720094e+00,  8.7906402710000e+00,  9.0822000000000e-01,              1000000
  1.1629042804115e+01,  1.0996690600044e+00,  1.0842170154913e+00,  4.1819071267945e-03,  2.5728108246793e-01,  5.0722882653486e-04, -6.6436179585604e-04, -2.4769909516866e-02, -3.0306898568690e-02, -2.2497057025983e+00, -4.1782018446048e-03, -3.0462513428517e+00,  8.7883581340000e+00,  9.0961700000000e-01,              1000000
  1.1631537476640e+01,  1.0999206710667e+00,  1.0841465635198e+00,  4.4877633716093e-03,  2.1599415570921e-01,  4.6475171404655e-04, -3.6039486438412e-04, -2.3274341499879e-02, -3.7695941503957e-02, -2.0937029369807e+00, -1.6731801946958e-02, -1.5051940657220e+00,  8.7592245880000e+00,  9.0552600000000e-01,              1000000
  1.1634223199184e+01,  1.1009231488045e+00,  1.0844173092334e+00,  2.9238668572539e-03,  3.3033089658568e-01,  5.7474420100222e-04, -1.9164492503523e-03, -1.1425001198209e-02, -4.1059916368414e-02, -2.8800880472016e+00,  5.1906340783379e-02, -5.0640680171664e+00,  8.8170792900000e+00,  9.0078900000000e-01,              1000000
  1.1638889566033e+01,  1.1026782925859e+00,  1.0837164041966e+00,  2.3211534474348e-03,  2.0167302958123e-01,  4.4908020395162e-04, -1.8211927177345e-04, -3.3126615411418e-02,  2.2538155440050e-02, -1.8025534131418e+00, -1.9082849864401e-02, -1.7750596142873e+00,  9.1777937490000e+00,  9.0758200000000e-01,              1000000
  1.1643329286372e+01,  1.1038259018186e+00,  1.0834673620639e+00,  3.2649931945623e-03,  2.0543069177421e-01,  4.5324462685641e-04, -4.5074615626605e-04, -2.1568974751006e-02,  2.7479861289020e-02, -1.4682137511563e+00, -7.2977367219115e-03, -2.3741196441012e+00,  8.8431392580000e+00,  9.0093500000000e-01,              1000000
  1.1647873494083e+01,  1.1043225272693e+00,  1.0834057343920e+00,  3.4301467110452e-03,  2.3650172841516e-01,  4.8631443368993e-04, -8.3843740154660e-04, -2.3879737182332e-02,  2.3138615547073e-02, -2.0723728418009e+00,  1.7474775777451e-02, -2.9799657709228e+00,  8.8619017010000e+00,  9.1046400000000e-01,              1000000
  1.1652968050262e+01,  1.1043251649105e+00,  1.0830428794313e+00,  9.8362643779744e-05,  1.6308111568413e-01,  4.0383302946160e-04,  2.6738707447976e-04, -2.0328738442967e-02,  8.9284066973814e-02, -8.8872788370451e-01,  1.7884843221085e-03, -1.7035577474856e+00,  8.8537858450000e+00,  9.0943800000000e-01,              1000000
  1.1657256926762e+01,  1.1025401625029e+00,  1.0826977487974e+00,  2.7747225492365e-03,  2.5549451129300e-01,  5.0546464890534e-04,  1.0701287998304e-03, -4.5689016425009e-02, -3.4129458316219e-02, -2.7109220445405e+00,  3.1654786759093e-02, -2.2336734261540e+00,  8.8106206130000e+00,  9.0526900000000e-01,              1000000
  1.1659883440392e+01,  1.1016464794375e+00,  1.0817978845218e+00,  5.1440544618194e-03,  2.1609432101034e-01,  4.6485946372031e-04,  4.0872944510000e-04, -2.5291516829725e-02, -6.3383508389770e-03, -1.8743651022125e+00, -6.6506968830339e-03, -2.0950715491674e+00,  8.8358712410000e+00,  9.0200500000000e-01,              1000000
  1.1661782785884e+01,  1.1009876817190e+00,  1.0811353952243e+00,  2.4542562192826e-04,  2.5783916286656e-01,  5.0777865538693e-04, -1.0680521402945e-03, -2.4067760080671e-02, -2.3969915398193e-02, -2.2778307317584e+00,  2.7767052329784e-02, -2.6844804771322e+00,  9.2113048470000e+00,  9.0356100000000e-01,              1000000
  1.1664769510095e+01,  1.1009012353095e+00,  1.0800272708952e+00,  4.1166528256715e-03,  2.5844434604077e-01,  5.0837421850520e-04,  7.0964307038542e-04, -4.8605395027434e-02, -1.6778599458445e-02, -1.8830158928875e+00,  6.9501890404845e-03, -3.6168019776070e+00,  8.8065190010000e+00,  8.9549100000000e-01,              1000000
  1.1666649669367e+01,  1.1011818784478e+00,  1.0789287813761e+00,  3.5844591348300e-03,  3.0871251443554e-01,  5.5561903714284e-04, -9.3432164805276e-04, -2.9392049384196e-02, -2.6011665280438e-02, -2.4402108352711e+00,  2.0444699734402e-02, -5.4043673934540e+00,  8.9286067500000e+00,  9.0048500000000e-01,              1000000
  1.1669466689501e+01,  1.1019865885764e+00,  1.0775944607367e+00,  3.0274585344941e-03,  2.0171940928928e-01,  4.4913183954078e-04, -7.8750506920030e-04, -2.7894212062116e-02,  3.7416596360440e-02, -1.5189069652173e+00, -4.4785609729585e-02, -2.2261442157255e+00,  8.8441776730000e+00,  9.1032900000000e-01,              1000000
  1.1672954286170e+01,  1.1019680392939e+00,  1.0772836565664e+00,  2.3163013521508e-03,  1.8493562627827e-01,  4.3004142390968e-04, -7.0430600931896e-05, -2.8381038199202e-02,  3.5009050389334e-02, -1.7043469880019e+00, -6.6131674243226e-02, -1.7584426451136e+00,  8.8517624810000e+00,  9.1516300000000e-01,              1000000
  1.1676198514015e+01,  1.1012575308269e+00,  1.0783056299572e+00,  1.9310729455244e-03,  2.1085171401999e-01,  4.5918592532871e-04,  5.6653065881327e-04, -3.2238677997558e-02,  2.9798060462559e-02, -1.6643688728560e+00, -1.7425091519477e-02, -2.4248671917849e+00,  8.9122314060000e+00,  9.1219100000000e-01,              1000000
  1.1678467847765e+01,  1.1000280806249e+00,  1.0795893776963e+00, -9.2665858406756e-04,  2.3976003545895e-01,  4.8965297452272e-04,  1.4441756565559e-03, -3.8022633593139e-02, -1.5803516321770e-02, -2.1138675304144e+00,  8.8854463818216e-03, -2.3509170989699e+00,  8.8145350990000e+00,  8.9860900000000e-01,              1000000
  1.1678816189554e+01,  1.0992633621612e+00,  1.0805963148969e+00,  3.1829342799838e-03,  1.8900482733478e-01,  4.3474685431269e-04, -1.4097478526611e-03, -2.1956503836246e-02, -2.2198784760590e-03, -1.6193535726134e+00, -3.7185615977357e-02, -1.4516808809878e+00,  8.8216465450000e+00,  9.0816200000000e-01,              1000000
  1.1680816765638e+01,  1.0986358431537e+00,  1.0822432565137e+00,  3.7921392880491e-03,  2.5929391328707e-01,  5.0920910566001e-04, -2.3472181624626e-04, -6.8149784713200e-02, -3.9376311280724e-02, -3.3527857371914e+00, -1.3669853543094e-02, -2.2840938747487e+00,  9.9059854360000e+00,  9.0098200000000e-01,              1000000
  1.1682939668986e+01,  1.0989089015292e+00,  1.0840171450805e+00,  4.5005537814586e-03,  2.7050234886359e-01,  5.2009840305810e-04,  1.0675976055032e-03, -1.8563635009583e-02, -5.7668029285161e-02, -2.9490065170144e+00,  1.7664522393332e-02, -2.5025087852744e+00,  9.3040394030000e+00,  9.1380700000000e-01,              1000000
  1.1683591887526e+01,  1.1003633419198e+00,  1.0852948569923e+00,  5.5285612772024e-03,  1.8599224543101e-01,  4.3126818272511e-04,  2.7213761702473e-04, -2.1202598138549e-02, -7.0074510451289e-03, -1.6937747843040e+00, -2.1108103175250e-02, -1.2291352625617e+00,  8.7909517390000e+00,  9.0021200000000e-01,              1000000
  1.1683868097244e+01,  1.1018351060728e+00,  1.0868721226565e+00,  6.0332716902171e-03,  2.6181716590955e-01,  5.1168072653712e-04, -3.7307712209851e-05, -2.4147580856219e-02, -3.1404928208448e-02, -2.0337157552616e+00,  3.8584491439516e-02, -3.9115123942892e+00,  9.1276266170000e+00,  9.0769300000000e-01,              1000000
  1.1684176010393e+01,  1.1038257317132e+00,  1.0875747328926e+00,  5.7128837649945e-03,  2.2577566516947e-01,  4.7515856844791e-04, -1.2130317578072e-03, -3.0961004411591e-02, -2.1190070189454e-02, -1.9721005755210e+00,  1.9850252229143e-02, -2.0330887910417e+00,  1.0401083676000e+01,  9.0525300000000e-01,              1000000
  1.1685919505063e+01,  1.1060748925008e+00,  1.0878379602451e+00,  1.6513254648228e-03,  2.1036099158338e-01,  4.5865127448137e-04,  3.4701838344694e-04, -1.9717979575795e-02,  6.4420115016010e-02, -1.4927160798618e+00,  3.8399561664258e-02, -2.6078654944188e+00,  9.1309146620000e+00,  9.0013800000000e-01,              1000000
  1.1687087895675e+01,  1.1067927770134e+00,  1.0873454265786e+00,  1.6334485816895e-03,  1.8613335569910e-01,  4.3143175091676e-04, -8.1786954555800e-05, -1.9932407370870e-02,  9.5879178587715e-02, -1.2259709177806e+00,  1.6999217205561e-02, -2.0656384626917e+00,  9.2571373890000e+00,  8.9957000000000e-01,              1000000
  1.1688250909442e+01,  1.1054846297301e+00,  1.0865869457793e+00,  2.4581295967951e-03,  1.9787555760766e-01,  4.4483205550821e-04, -2.4249435526529e-04, -2.6659731673294e-02,  6.6057160340052e-02, -1.2958222820318e+00,  9.2307447487414e-03, -2.3467834907972e+00,  9.4204112400000e+00,  8.9864700000000e-01,              1000000
  1.1689605886911e+01,  1.1029652247209e+00,  1.0857442948577e+00,  3.9767146951440e-04,  1.9279955479763e-01,  4.3908946104140e-04,  6.1578938782324e-05, -3.2560495008336e-02,  5.9185187605138e-02, -1.2944335717876e+00,  9.4760815116371e-03, -2.1425485183453e+00,  9.4367863930000e+00,  9.1105400000000e-01,              1000000
  1.1690772850367e+01,  1.0994950813139e+00,  1.0848186707878e+00,  3.9132011737679e-04,  3.0924063416145e-01,  5.5609408750809e-04, -1.0966339975426e-03, -9.4871231359960e-03, -1.3312365907974e-02, -1.9149490032703e+00,  8.2248520682629e-02, -5.0332761911009e+00,  9.2613674190000e+00,  9.0574000000000e-01,              1000000
  1.1693146437901e+01,  1.0966606369803e+00,  1.0824104460893e+00,  3.0056596297065e-03,  2.9338968010878e-01,  5.4165457637573e-04,  8.5697489992665e-06, -5.3004103730747e-03, -7.0974595787581e-02, -2.3955552876136e+00,  2.1161723447801e-02, -4.0203469442329e+00,  9.5200527120000e+00,  9.0227700000000e-01,              1000000
  1.1695278824595e+01,  1.0955930486605e+00,  1.0798610000287e+00,  3.1007615827053e-03,  3.2238177966951e-01,  5.6778673784222e-04, -6.3892396306960e-05, -3.9187508821804e-02, -1.1715525704184e-01, -3.9628560865692e+00,  1.3232980774872e-02, -2.6453759166739e+00,  1.1072347907000e+01,  9.0145100000000e-01,              1000000
  1.1697301489136e+01,  1.0970772911350e+00,  1.0773270636491e+00,  4.1678393820944e-03,  2.1831774348835e-01,  4.6724484319075e-04, -7.7991080395339e-04, -1.3828558528563e-02, -5.6121500913958e-02, -1.9983845246355e+00, -5.4719804286743e-02, -1.7721244089906e+00,  1.1301756326000e+01,  9.0184000000000e-01,              1000000
  1.1700072445866e+01,  1.0995857377966e+00,  1.0761475426380e+00,  5.3878494460066e-03,  1.6722502139980e-01,  4.0893156077736e-04, -1.3738757852049e-03, -2.9823295364615e-02, -1.6264483575996e-02, -1.6420541598055e+00, -1.0140975170990e-01, -8.0233862545539e-01,  1.0653464850000e+01,  9.1160800000000e-01,              1000000
  1.1704239580594e+01,  1.1021976108156e+00,  1.0771036320671e+00,  2.7031562597782e-03,  1.9264985318262e-01,  4.3891895969828e-04,  5.4141894979795e-04, -2.1692377626890e-02, -7.3659117268168e-03, -1.7202655976304e+00, -4.6779216345849e-02, -1.5289176231291e+00,  1.0342152950000e+01,  9.1068500000000e-01,              1000000
  1.1707354259817e+01,  1.1047210849702e+00,  1.0789073688048e+00,  4.1912477841989e-03,  1.2956417295646e-01,  3.5995023677789e-04, -3.9925999139183e-04, -1.7335052532489e-02,  7.6906443797848e-02, -7.9294678767922e-01, -8.2198898254365e-02, -9.2467941554461e-01,  9.4999670960000e+00,  9.0304000000000e-01,              1000000
  1.1710654314685e+01,  1.1054178744271e+00,  1.0821683782674e+00, -5.6616251224769e-05,  3.0191570238735e-01,  5.4946856360246e-04,  1.4498021807731e-04, -4.7811191043975e-03,  5.7601624311831e-02, -1.2162974946660e+00,  7.9750958272423e-02, -6.3121806343819e+00,  9.3748550350000e+00,  9.0501000000000e-01,              1000000
  1.1713456208402e+01,  1.1048721752371e+00,  1.0835853323331e+00,  6.2276543192154e-03,  1.4780561832850e-01,  3.8445496267898e-04, -4.9097160686708e-04, -2.3139050865927e-02,  6.0365192165118e-02, -1.0365804534091e+00, -4.5807022537434e-02, -1.1552346414102e+00,  9.4255456420000e+00,  9.0165400000000e-01,              1000000
  1.1716590177167e+01,  1.1031482832072e+00,  1.0857818476841e+00,  1.5024959747081e-03,  2.6570113150210e-01,  5.1546205631656e-04,  2.2875871754813e-04, -4.1757075089944e-02,  1.5356529305928e-02, -1.9753821677329e+00,  6.7559327999365e-02, -3.7250282912579e+00,  9.6289204610000e+00,  9.0355400000000e-01,              1000000
  1.1719162568922e+01,  1.1012981791032e+00,  1.0864558456331e+00,  6.3457714108799e-03,  2.3169327942775e-01,  4.8134528088239e-04,  2.3047715140553e-04, -1.7856311406079e-02,  4.7416161315878e-03, -1.9237329017049e+00,  4.6913331879210e-03, -2.4839267149771e+00,  9.2746056510000e+00,  9.1254600000000e-01,              1000000
  1.1721211795992e+01,  1.0995525101008e+00,  1.0869948086650e+00,  6.0118433706904e-03,  2.2103438585021e-01,  4.7014294193384e-04,  1.8418287592818e-03, -3.2084801491165e-02, -4.2745972397679e-02, -1.9986096480364e+00,  1.2732068997552e-02, -1.7441978193084e+00,  9.7463604930000e+00,  8.9311800000000e-01,              1000000
  1.1720837444671e+01,  1.0988843476490e+00,  1.0872445543877e+00,  5.0446666658909e-03,  2.1569490949522e-01,  4.6442966043871e-04, -2.4850137822618e-04, -2.4876277890150e-02, -2.5232948618941e-02, -2.1912714582166e+00, -3.9085505972660e-02, -1.6812193891600e+00,  9.4607013340000e+00,  9.1022700000000e-01,              1000000
  1.1720817118239e+01,  1.0988272769648e+00,  1.0882650199218e+00,  3.5737502144536e-03,  2.2686138581281e-01,  4.7629968067679e-04, -2.9128006429492e-04, -2.7724129908363e-02, -3.9951109352552e-02, -1.9674136854162e+00,  2.4939883253188e-02, -1.9179609703478e+00,  9.8301331630000e+00,  8.9950600000000e-01,              1000000
  1.1721170104632e+01,  1.0996241647330e+00,  1.0887062581438e+00,  2.9592616213379e-03,  3.1135113670266e-01,  5.5798847362886e-04,  1.6125854719438e-03, -6.1382732824946e-02, -9.8776034745101e-03, -1.8101656224599e+00,  6.6071022183236e-02, -6.1473841892260e+00,  1.0151430139000e+01,  9.0591400000000e-01,              1000000
  1.1719564445701e+01,  1.1005661915409e+00,  1.0878461991133e+00,  4.4733537540649e-03,  2.8015150741327e-01,  5.2929340390116e-04,  1.0733659544940e-03, -2.7440621121575e-02, -4.0807425384678e-02, -2.5999942853409e+00,  2.8775045691918e-02, -3.5778609356055e+00,  1.0588227030000e+01,  9.0144600000000e-01,              1000000
  1.1716830118231e+01,  1.1022895912226e+00,  1.0865318302137e+00,  4.7049752540753e-03,  2.3274020767696e-01,  4.8243155750527e-04, -1.1943564440428e-03, -1.6932046950688e-02, -6.7948318408793e-03, -1.8940634911477e+00,  1.4843315509328e-02, -2.4378595114277e+00,  1.1573118895000e+01,  9.0673400000000e-01,              1000000
  1.1715831942159e+01,  1.1040040006529e+00,  1.0850745230463e+00,  3.4260475471289e-03,  3.3227521518692e-01,  5.7643318362749e-04, -2.5297121217552e-04, -6.8437945458140e-02, -2.9849920241147e-02, -2.1686343405070e+00,  7.4538222681445e-02, -6.2135718718074e+00,  1.0030012628000e+01,  8.9944700000000e-01,              1000000
  1.1715282098640e+01,  1.1061931942091e+00,  1.0823329808717e+00,  2.7947987628640e-03,  1.8158692600452e-01,  4.2613017495188e-04, -1.5852097338041e-04, -2.0496121828054e-02,  8.7882469981193e-02, -1.1151434819548e+00, -6.0682551240668e-03, -2.5018136476768e+00,  9.4395644640000e+00,  9.0225600000000e-01,              1000000
  1.1714992367314e+01,  1.1063444010921e+00,  1.0800086849696e+00,  3.0884255674034e-03,  1.6696754910479e-01,  4.0861662852212e-04,  3.5534742073665e-04, -1.7729741304535e-02,  5.4736731707645e-02, -1.3027097026744e+00, -2.8124516063355e-02, -1.5646943758410e+00,  9.3935287280000e+00,  9.0368800000000e-01,              1000000
  1.1714308072074e+01,  1.1053540431838e+00,  1.0784943705615e+00,  3.4482684836175e-03,  3.5754292473914e-01,  5.9794893154779e-04,  8.6298639429009e-04, -1.0914174644661e-01,  1.6353550885256e-02, -3.1214930414935e+00,  4.0435277914276e-02, -8.4633032645805e+00,  1.0316054170000e+01,  8.9922400000000e-01,              1000000
  1.1712703494644e+01,  1.1041529077634e+00,  1.0764024876340e+00,  5.4654640482889e-03,  1.7055834715601e-01,  4.1298710289307e-04, -1.8611132084427e-03, -2.3093104508760e-02,  2.0793691887572e-02, -1.6080203301955e+00, -8.2033235375382e-02, -1.2891730635158e+00,  9.5695109600000e+00,  8.9948400000000e-01,              1000000
  1.1713546842097e+01,  1.1026528981038e+00,  1.0761811581083e+00,  2.5999580855551e-03,  2.1400064556764e-01,  4.6260203800636e-04, -6.4885812814124e-04, -3.2717740108170e-02, -1.5961970424017e-02, -2.4470473361880e+00, -3.9117573196937e-02, -1.7880671254454e+00,  9.7507822620000e+00,  9.0874000000000e-01,              1000000
  1.1715119055757e+01,  1.1016604613974e+00,  1.0767863028894e+00,  1.2338663097750e-03,  2.2807640748411e-01,  4.7757345768386e-04,  1.0811953243819e-03, -1.5557410672792e-02,  2.1109717969331e-02, -1.8517137756722e+00, -4.0213156091298e-02, -3.0001568358917e+00,  1.0893874230000e+01,  9.0787600000000e-01,              1000000
  1.1715223149710e+01,  1.1003433318223e+00,  1.0781710954511e+00,  6.6185008375887e-03,  2.4850858025169e-01,  4.9850634925915e-04, -1.1995549037283e-03, -4.4452791603818e-03, -6.0729660693997e-02, -3.8519178328690e+00, -7.7839981115378e-02, -1.3521346291278e+00,  1.0166000559000e+01,  9.0521600000000e-01,              1000000
  1.1716785136524e+01,  1.1004702111987e+00,  1.0809973412486e+00,  7.7051246485993e-03,  2.1869891936123e-01,  4.6765256265868e-04,  1.2822586714488e-04, -3.6300525094642e-02, -5.7532580274651e-02, -2.7253346952885e+00, -5.6999611622941e-02, -1.3513586527413e+00,  1.0262763166000e+01,  8.9590200000000e-01,              1000000
  1.1718058282862e+01,  1.1018189587842e+00,  1.0847038479965e+00,  8.7774099775724e-04,  2.2377061675197e-01,  4.7304399029262e-04, -4.5644695756309e-04, -3.0516792012309e-02,  2.6977527378144e-02, -1.4337722032165e+00,  4.3034805417808e-02, -2.5686184169562e+00,  9.8870575540000e+00,  8.9834800000000e-01,              1000000
  1.1719783410059e+01,  1.1024832210139e+00,  1.0872014816400e+00,  4.2378730251695e-04,  2.1789406836586e-01,  4.6679124709645e-04,  1.0009649552467e-03, -3.7310637279378e-02,  4.2262314679556e-02, -1.1379093168577e+00,  3.9948922181369e-02, -2.8426962074718e+00,  9.2467661590000e+00,  9.0449800000000e-01,              1000000
  1.1720132811523e+01,  1.1022057526978e+00,  1.0886743233127e+00,  4.6128713818176e-03,  2.1494317147311e-01,  4.6361964094839e-04, -3.7043428652456e-04, -2.7747225243645e-02,  1.1150435592089e-02, -1.6865460368305e+00,  1.4969240932798e-02, -2.1998313108041e+00,  9.1972166920000e+00,  9.0200900000000e-01,              1000000
  1.1720919349562e+01,  1.1017388379185e+00,  1.0897214880776e+00,  2.9093111175998e-03,  2.9242536067021e-01,  5.4076368283217e-04, -3.8040912443592e-05, -3.5025361057202e-02, -1.2466428477337e-02, -3.8245483069005e+00,  5.0580409837037e-02, -3.4040352878041e+00,  9.1279774400000e+00,  9.0630700000000e-01,              1000000
  1.1721696539846e+01,  1.1016209434358e+00,  1.0896762254092e+00,  3.5207536940843e-04,  3.6738203734195e-01,  6.0612048087979e-04,  1.0304161675188e-04, -7.1303733260069e-03, -2.2240515100611e-03, -2.3144314407189e+00,  1.2720068700293e-01, -7.0829028690721e+00,  9.0261297090000e+00,  9.0962200000000e-01,              1000000
  1.1722274576932e+01,  1.1015860206717e+00,  1.0871411995616e+00,  3.9534657368200e-03,  2.6431387794774e-01,  5.1411465447674e-04, -2.1492671630379e-04,  7.6185983341109e-04, -2.0626799119721e-03, -1.5194555521899e+00,  5.8152201365725e-02, -3.5873446367215e+00,  9.1403990260000e+00,  9.1111800000000e-01,              1000000
  1.1723059984844e+01,  1.1016141760620e+00,  1.0837207374026e+00,  1.8745051734941e-03,  2.2395147232343e-01,  4.7323511315564e-04,  1.0702005415521e-03, -5.7874974294227e-02,  2.6753607599541e-02, -1.5562487281976e+00,  1.3739504423716e-02, -3.0588708199715e+00,  9.1890379310000e+00,  9.0395900000000e-01,              1000000
  1.1722483187044e+01,  1.1010900565114e+00,  1.0803912033730e+00,  1.6269537101237e-03,  1.9667245492380e-01,  4.4347768255438e-04,  2.8151480438868e-04, -6.9222457155976e-03,  1.9190614161664e-02, -1.7317651751769e+00, -1.1147540840601e-02, -1.5779554398976e+00,  9.1641694550000e+00,  9.0704100000000e-01,              1000000
  1.1721620035405e+01,  1.1002295478720e+00,  1.0776320188267e+00,  2.4005336993998e-03,  2.6827020391299e-01,  5.1794807067213e-04,  6.7274635989079e-04, -6.5255572971737e-03, -5.0308109944965e-02, -3.0819303775298e+00, -1.9898039666490e-02, -2.6147173785869e+00,  9.5736819580000e+00,  8.9884400000000e-01,              1000000
  1.1720014954245e+01,  1.1005536076794e+00,  1.0755752513549e+00,  3.9197745644195e-03,  2.1060750014453e-01,  4.5891992781370e-04, -6.8577080300913e-05, -7.1542927773421e-03, -2.0396493032931e-02, -2.3645513282484e+00, -6.2515904533095e-02, -1.7070476540717e+00,  9.1376057620000e+00,  9.1149200000000e-01,              1000000
  1.1718657623043e+01,  1.1013036373786e+00,  1.0750082758770e+00,  7.4775233629698e-03,  2.5908392510408e-01,  5.0900287337508e-04, -5.9452839625420e-04, -1.0313441623979e-02, -9.7597448845208e-02, -4.1957018363113e+00, -7.8061905780166e-02, -1.2378643284239e+00,  9.3267032600000e+00,  9.0364600000000e-01,              1000000
  1.1718177764663e+01,  1.1040906928785e+00,  1.0760930589672e+00,  3.3731961844322e-03,  1.7423309377492e-01,  4.1741237855976e-04, -7.1789796303178e-06, -8.3541854947530e-03,  5.9405257999028e-02, -1.0113023040982e+00, -4.8654266823982e-02, -2.2359395729707e+00,  9.0992620480000e+00,  9.0815700000000e-01,              1000000
  1.1717759365661e+01,  1.1053512540587e+00,  1.0780798668076e+00,  3.6073219168190e-03,  1.5588760286998e-01,  3.9482604127638e-04, -8.1209240619401e-04, -4.2371904337861e-03,  7.9960981470243e-02, -7.9305181198352e-01, -7.4146336052615e-02, -1.8850545075227e+00,  9.1096422200000e+00,  9.0963300000000e-01,              1000000
  1.1718393620405e+01,  1.1047989060456e+00,  1.0813911883093e+00,  8.9887539518179e-04,  2.1497209624438e-01,  4.6365083440493e-04,  9.0914459636443e-04, -1.4458744541867e-02,  6.1219476640770e-02, -1.3483457649301e+00,  8.6355706268670e-03, -3.0463658770757e+00,  9.2343810510000e+00,  9.0695500000000e-01,              1000000
  1.1717844083211e+01,  1.1030178130904e+00,  1.0842310979473e+00,  1.4668281090506e-03,  3.0028132736552e-01,  5.4797931289924e-04, -1.3602050006648e-05, -4.0603733256078e-02, -2.1743013284590e-02, -2.8384048572885e+00,  4.3369871905929e-02, -4.5192591527263e+00,  9.1238203770000e+00,  9.0832500000000e-01,              1000000
  1.1717390985843e+01,  1.1019045444691e+00,  1.0859535527857e+00,  2.6665494476390e-03,  2.8312305674099e-01,  5.3209309029623e-04, -2.2220943876859e-04, -5.9092291562284e-03, -1.2511447223775e-03, -1.8819452389988e+00,  4.6371946209335e-02, -4.6881250810874e+00,  1.0076196037000e+01,  9.1159100000000e-01,              1000000
  1.1717263211449e+01,  1.1009477876242e+00,  1.0866090594826e+00,  1.9627606871794e-03,  2.9783739831926e-01,  5.4574481062055e-04, -9.4284536163692e-04, -4.2305782281503e-02, -4.2874814914256e-02, -3.3371986824194e+00,  6.7968672889583e-02, -3.3309685284211e+00,  9.1986564470000e+00,  9.0142200000000e-01,              1000000
  1.1718349983191e+01,  1.1010338098397e+00,  1.0858493131171e+00,  4.7088530217345e-03,  2.8809967172107e-01,  5.3674917020995e-04, -6.9420638739615e-04, -3.6833612154683e-02, -5.2927453510001e-02, -2.9351476119349e+00,  4.1848496402957e-02, -3.1532444382823e+00,  1.0065795744000e+01,  9.0454800000000e-01,              1000000
  1.1720218225822e+01,  1.1022694043585e+00,  1.0843441586186e+00,  6.6428247237631e-03,  2.0998095660231e-01,  4.5823679097417e-04, -1.4055111865184e-04, -3.0082563989269e-02, -1.6824664516474e-02, -2.2940319629153e+00, -2.8316660720228e-02, -1.8996981464282e+00,  1.2092069753000e+01,  9.0808300000000e-01,              1000000
  1.1722096405084e+01,  1.1037660494798e+00,  1.0835850437744e+00,  2.5029756606370e-03,  1.6887742151589e-01,  4.1094698139285e-04,  8.5982094443629e-04, -1.8176893634267e-02,  5.5373162308146e-02, -1.2901674232245e+00, -6.6075036915522e-03, -1.5169233109607e+00,  9.4783555390000e+00,  9.0873000000000e-01,              1000000
  1.1722724141281e+01,  1.1039463707968e+00,  1.0830513869853e+00,  3.3205897879152e-03,  2.0772857209654e-01,  4.5577250037331e-04, -6.8901666175542e-05, -3.0908600788581e-02,  3.8233698497319e-02, -2.0828070526632e+00, -1.7145308649688e-02, -2.2324878176432e+00,  9.5042803290000e+00,  9.0269700000000e-01,              1000000
  1.1723395526567e+01,  1.1033146695168e+00,  1.0829440708021e+00, -1.7196286141746e-03,  1.8974066602492e-01,  4.3559231630611e-04, -1.6231044862801e-04, -1.4678053098175e-02,  7.5300515216405e-02, -1.0005124725271e+00,  9.7217038486671e-03, -2.2582515425701e+00,  9.0874011910000e+00,  9.0613200000000e-01,              1000000
  1.1724213334752e+01,  1.1011493589931e+00,  1.0826713154085e+00,  3.7028771817429e-03,  2.2661416032556e-01,  4.7604008268796e-04, -1.8762341876517e-04, -3.0631700494199e-02, -1.6142203963606e-02, -1.7805894205796e+00,  1.7892060650043e-02, -2.2800465616999e+00,  8.8262486320000e+00,  9.0717100000000e-01,              1000000
  1.1725205183852e+01,  1.0995621092086e+00,  1.0820818527994e+00,  3.4014602692262e-03,  2.4782475909173e-01,  4.9782000672103e-04,  2.7042266712548e-04, -3.3714615893061e-02, -2.3567927639522e-02, -1.8914569730970e+00, -3.2419201382760e-03, -2.8900068912457e+00,  9.3604100820000e+00,  9.1100000000000e-01,              1000000
  1.1725780227423e+01,  1.0986564977903e+00,  1.0816468801312e+00,  1.8789913574482e-03,  1.8031948305355e-01,  4.2464041618004e-04, -4.7801647632443e-04, -2.7504211504683e-02,  1.8146261663910e-02, -1.4075166766631e+00, -4.9706567604510e-02, -1.3999669131227e+00,  9.1777399720000e+00,  9.0630300000000e-01,              1000000
  1.1726917394987e+01,  1.0974665669244e+00,  1.0822913724342e+00,  4.1266067287692e-03,  3.0393494331251e-01,  5.5130295057483e-04, -3.6364933989804e-04, -7.4460078734708e-02, -8.3134837948950e-02, -3.9783260050936e+00,  1.9251879917555e-02, -2.7827408909240e+00,  9.1381378220000e+00,  8.9871700000000e-01,              1000000
  1.1728447353911e+01,  1.0982194314919e+00,  1.0825045196534e+00,  3.2261827201363e-03,  2.3026312354964e-01,  4.7985739918193e-04, -1.0757122263814e-03, -2.8716911404831e-02, -3.6777864175093e-02, -2.2465317371317e+00, -2.8796123672473e-02, -1.9933440581080e+00,  8.8512962160000e+00,  9.0600300000000e-01,              1000000
  1.1731198788311e+01,  1.0997101979521e+00,  1.0833105657599e+00,  6.9987335288538e-03,  2.4364600972686e-01,  4.9360511517494e-04, -1.0198286510147e-03, -3.6251528054363e-02, -6.0862042391281e-02, -2.5963647819362e+00, -2.5564321960597e-02, -2.0055021352628e+00,  8.6775144400000e+00,  9.1360200000000e-01,              1000000
  1.1734984798859e+01,  1.1023852562232e+00,  1.0845850532088e+00,  5.0606492633098e-03,  2.1021377058891e-01,  4.5849075300262e-04, -8.3883014610177e-04, -1.2028330836174e-02,  1.0790220701588e-02, -1.6411324637691e+00, -1.7376753673249e-02, -2.1951175426291e+00,  9.0969905190000e+00,  9.0067100000000e-01,              1000000
  1.1739460658748e+01,  1.1045819982444e+00,  1.0861152647100e+00,  1.6200189889689e-03,  2.2859422959737e-01,  4.7811528902282e-04,  5.1199394409043e-04,  6.9438518237093e-04,  3.4069609014359e-02, -1.7590315507813e+00,  3.9630860747811e-02, -2.7851942752259e+00,  9.4061107480000e+00,  9.0671800000000e-01,              1000000
  1.1742846219074e+01,  1.1058477187799e+00,  1.0867030282893e+00,  4.4943239706976e-03,  2.5979652676452e-01,  5.0970239038533e-04,  3.0050928556753e-04, -5.5072345270786e-02,  5.0638199225055e-02, -1.3703359525526e+00,  7.3352777959685e-02, -5.3064461378764e+00,  8.6787950640000e+00,  9.0348100000000e-01,              1000000
