#                p[0],                 p[1],                 p[2],               energy,             variance,                error,             gradE[0],          gradVarE[0],             gradE[1],          gradVarE[1],             gradE[2],          gradVarE[2],         elapsed time,        accept. ratio,             MC steps
  4.6000000000000e+00,  0.0000000000000e+00,  1.0000000000000e+00,  1.6853774954390e-01,  4.6856893435813e-02,  3.0612707634515e-04, -1.6230178145120e-04, -1.5848750336637e-02,                 -nan,                 -nan,  1.0986647047170e-02, -9.7526215139591e-01,  2.7553859100000e-01,  8.9714400000000e-01,               500000
  4.6499970629036e+00,  0.0000000000000e+00,  9.5000004762347e-01,  1.6920534572173e-01,  2.0734667147236e-02,  2.0364020795136e-04, -1.0142386552463e-05, -7.6977950222320e-03,                 -nan,                 -nan, -1.6950978079091e-02, -3.4796725267684e-01,  2.2989279100000e-01,  9.0008600000000e-01,               500000
  4.6499970629036e+00,  0.0000000000000e+00,  9.5000004762347e-01,  1.6886480555506e-01,  2.4128154702651e-02,  2.0053326699350e-04, -6.8012810866934e-05, -6.6707870883642e-03,                 -nan,                 -nan, -1.2733095787315e-02, -4.5120309195604e-01,  2.4762618500000e-01,  9.0936000000000e-01,               600000
  4.6499970629036e+00,  0.0000000000000e+00,  9.5000004762347e-01,  1.6846867735511e-01,  4.8556050375121e-02,  2.5969012082544e-04,  5.3551981652848e-05, -1.5450908239516e-02,                 -nan,                 -nan, -9.1057184175359e-04, -1.4210246190344e+00,  3.0466026000000e-01,  9.0184722222222e-01,               720000
  4.6499970629036e+00,  0.0000000000000e+00,  9.5000004762347e-01,  1.6890962165237e-01,  2.5038446827954e-02,  1.7023420287548e-04, -1.7647490703170e-04, -5.6223176154369e-03,                 -nan,                 -nan, -1.0719764744035e-02, -4.2288843718138e-01,  3.1273876100000e-01,  9.0686458333333e-01,               864000
  4.6499970629036e+00,  0.0000000000000e+00,  9.5000004762347e-01,  1.6846222302234e-01,  2.8644204925481e-02,  1.6621525942797e-04,  1.7111889746123e-04, -1.0287830562991e-02,                 -nan,                 -nan, -7.5927313675617e-03, -5.5865249373068e-01,  3.8264313800000e-01,  8.9897376543210e-01,              1036800
  4.6499970629036e+00,  0.0000000000000e+00,  9.5000004762347e-01,  1.6861599198434e-01,  2.8855067408374e-02,  1.5229054094361e-04,  8.1533189126843e-05, -6.8512619620552e-03,                 -nan,                 -nan, -7.1352553709288e-03, -5.4142722215602e-01,  4.7242910900000e-01,  9.1029931841564e-01,              1244160
  4.6649205526542e+00,  0.0000000000000e+00,  9.4408140087529e-01,  1.6875927496390e-01,  2.6791031918132e-02,  1.4674273310167e-04,  2.9958624818074e-04, -9.1287854078390e-03,                 -nan,                 -nan, -1.1536256774059e-02, -5.2363285950015e-01,  4.6500395000000e-01,  9.0866930298354e-01,              1244160
  4.6441279387609e+00,  0.0000000000000e+00,  9.6232604279796e-01,  1.6837434349948e-01,  5.3201861415307e-02,  2.0678798268923e-04, -3.4914986557317e-05, -1.5505116609203e-02,                 -nan,                 -nan,  5.6903267880847e-03, -1.4055800636108e+00,  5.1274343100000e-01,  9.0369727366255e-01,              1244160
  4.6307458150900e+00,  0.0000000000000e+00,  9.6869914788332e-01,  1.6861660133785e-01,  3.8396212346877e-02,  1.7567342765821e-04, -2.9046021409786e-08, -1.4781492401855e-02,                 -nan,                 -nan, -5.9795032299103e-04, -8.6859000752967e-01,  4.3804499000000e-01,  9.0243055555556e-01,              1244160
  4.6200128604075e+00,  0.0000000000000e+00,  9.7562860690198e-01,  1.6864233986825e-01,  3.4890752895018e-02,  1.6746230058897e-04, -1.7514843839539e-04, -1.1010994203887e-02,                 -nan,                 -nan, -1.8086205388331e-03, -7.3310031710789e-01,  5.0211024800000e-01,  9.0456050668724e-01,              1244160
  4.6237177992636e+00,  0.0000000000000e+00,  9.8466689539420e-01,  1.6885450539267e-01,  3.1301828311447e-02,  1.5861590564304e-04, -9.6128756295811e-05, -1.1490430097319e-02,                 -nan,                 -nan, -1.5809244644712e-03, -5.7575233673155e-01,  5.9061146600000e-01,  9.0183497299383e-01,              1244160
  4.6331732194019e+00,  0.0000000000000e+00,  9.9509701687090e-01,  1.6839622075240e-01,  4.4891782109562e-02,  1.8995262776641e-04,  1.3834707657084e-04, -1.5253242926159e-02,                 -nan,                 -nan,  7.0747423366655e-03, -9.9497268383984e-01,  5.1401993400000e-01,  9.1250562628601e-01,              1244160
  4.6335437346451e+00,  0.0000000000000e+00,  9.9538647042702e-01,  1.6851681881302e-01,  1.1861722063020e-01,  3.0877046693687e-04,  5.5598824631376e-05, -4.7272908093334e-02,                 -nan,                 -nan,  1.6567744996487e-02, -5.0931480281992e+00,  5.2296944700000e-01,  9.0970052083333e-01,              1244160
  4.6320518147639e+00,  0.0000000000000e+00,  9.8131818754680e-01,  1.6780674014485e-01,  7.6023914039873e-02,  2.4719347074521e-04,  2.8274364996423e-04, -2.5404818930256e-02,                 -nan,                 -nan,  1.8080792674275e-02, -2.2842648802644e+00,  4.7976188100000e-01,  9.0251816486626e-01,              1244160
  4.6180215062830e+00,  0.0000000000000e+00,  9.5709057234495e-01,  1.6874559475673e-01,  2.0698585244983e-02,  1.2898292276445e-04, -2.5510463516452e-04, -6.1079777156960e-03,                 -nan,                 -nan, -1.3393324376085e-02, -3.3624737802606e-01,  5.4601954100000e-01,  9.0953494727366e-01,              1244160
  4.6177628185894e+00,  0.0000000000000e+00,  9.4749148550732e-01,  1.6883820242496e-01,  2.7612945366368e-02,  1.4897666555578e-04, -2.2506480606209e-04, -8.9318015320429e-03,                 -nan,                 -nan, -1.3895588329088e-02, -5.7898405649324e-01,  5.0307997600000e-01,  8.9793676054527e-01,              1244160
  4.6265611853819e+00,  0.0000000000000e+00,  9.4926342230760e-01,  1.6884793230078e-01,  3.2192323935615e-02,  1.6085628977950e-04, -2.2312800783154e-04, -1.1957603032624e-02,                 -nan,                 -nan, -9.7174849271094e-03, -7.0720863087314e-01,  4.8878778200000e-01,  9.1268164866255e-01,              1244160
  4.6424317955993e+00,  0.0000000000000e+00,  9.5741557424285e-01,  1.6902603542171e-01,  2.5979480132007e-02,  1.4450308230416e-04, -7.8897089056523e-05, -7.9387568541995e-03,                 -nan,                 -nan, -1.0174375685630e-02, -4.6188172488310e-01,  4.8401698200000e-01,  8.9866576646091e-01,              1244160
  4.6596962085065e+00,  0.0000000000000e+00,  9.7110160186899e-01,  1.6830818365407e-01,  5.5677214002943e-02,  2.1154396034935e-04,  2.2930983120511e-04, -1.4389240940367e-02,                 -nan,                 -nan,  6.2237473712002e-03, -1.6008658170477e+00,  4.8757827600000e-01,  9.0412406764403e-01,              1244160
  4.6667358630038e+00,  0.0000000000000e+00,  9.7993854581557e-01,  1.6859958966724e-01,  3.0303154905763e-02,  1.5606510383790e-04,  3.1744880688716e-04, -1.1164286106619e-02,                 -nan,                 -nan, -4.8326184557489e-03, -6.2365878066853e-01,  4.6799682500000e-01,  9.0031024948560e-01,              1244160
  4.6625404262369e+00,  0.0000000000000e+00,  9.9111890400999e-01,  1.6859385772268e-01,  9.5194118057460e-02,  2.7660940343806e-04,  3.0594105105179e-04, -3.2967825941834e-02,                 -nan,                 -nan,  1.1906251044549e-02, -4.0356434660578e+00,  4.8014707700000e-01,  9.0420765817901e-01,              1244160
  4.6502232573001e+00,  0.0000000000000e+00,  9.9485989006387e-01,  1.6859538846826e-01,  3.4397362970447e-02,  1.6627404315967e-04,  1.9284620945151e-04, -1.2184738137590e-02,                 -nan,                 -nan,  1.3759602755822e-03, -6.7421594600892e-01,  5.3244844800000e-01,  9.0273598251029e-01,              1244160
  4.6337626872556e+00,  0.0000000000000e+00,  9.9761090644924e-01,  1.6859713041090e-01,  3.1172654975386e-02,  1.5828828696284e-04,  8.0793521618148e-05, -1.0653542823452e-02,                 -nan,                 -nan,  6.0047980916428e-04, -5.7655755757259e-01,  5.9547526000000e-01,  8.9781619727366e-01,              1244160
  4.6166045390581e+00,  0.0000000000000e+00,  9.9991527406251e-01,  1.6788076915013e-01,  8.4923332672715e-02,  2.6126148871220e-04,  2.3653144978576e-04, -3.4193756344416e-02,                 -nan,                 -nan,  2.5521321367626e-02, -2.3476138336134e+00,  4.8892880100000e-01,  9.0280108667695e-01,              1244160
  4.5950900314240e+00,  0.0000000000000e+00,  9.8852715967938e-01,  1.6853364566896e-01,  3.2158996342022e-02,  1.6077300375634e-04, -2.9486575192356e-04, -1.0344941923282e-02,                 -nan,                 -nan, -4.7740564327593e-04, -6.2934345190883e-01,  4.9120995200000e-01,  9.0416023662551e-01,              1244160
  4.5849796484425e+00,  0.0000000000000e+00,  9.7860034965462e-01,  1.6816009727691e-01,  1.4560373020128e-01,  3.4209610804518e-04, -2.0810873983690e-04, -5.1047681153695e-02,                 -nan,                 -nan,  2.1575589168194e-02, -6.7928727967825e+00,  4.7060860000000e-01,  9.0851015946502e-01,              1244160
  4.5824610019706e+00,  0.0000000000000e+00,  9.6080312979426e-01,  1.6849309033682e-01,  3.6182262182150e-02,  1.7053351386649e-04, -4.2059994799679e-04, -1.3644294666796e-02,                 -nan,                 -nan, -4.4366358524672e-03, -8.1526171330566e-01,  4.9343875200000e-01,  9.0456693672840e-01,              1244160
  4.5911605229829e+00,  0.0000000000000e+00,  9.4718938383711e-01,  1.6853381765179e-01,  3.5059533492619e-02,  1.6786685316669e-04, -3.1688844672577e-04, -1.3699064304736e-02,                 -nan,                 -nan, -8.3056058916831e-03, -8.3849119390234e-01,  5.2913196900000e-01,  9.0279867541152e-01,              1244160
  4.6066156552182e+00,  0.0000000000000e+00,  9.3949071090437e-01,  1.6883714828793e-01,  2.5705538532160e-02,  1.4373920420456e-04, -4.1823941441303e-04, -8.0471292900178e-03,                 -nan,                 -nan, -1.4935739286653e-02, -5.0011683480439e-01,  4.9244887500000e-01,  9.0977125128601e-01,              1244160
  4.6294450112733e+00,  0.0000000000000e+00,  9.4039735540732e-01,  1.6880478846941e-01,  3.3270225230089e-02,  1.6352710684109e-04, -1.6357806701056e-04, -9.2406853745481e-03,                 -nan,                 -nan, -1.1308447899473e-02, -8.1835254531711e-01,  4.8541898100000e-01,  9.0998505015432e-01,              1244160
  4.6539035819294e+00,  0.0000000000000e+00,  9.4702326425238e-01,  1.6892243397893e-01,  2.5865624910294e-02,  1.4418609182329e-04,  3.2879120556958e-05, -6.3785063584166e-03,                 -nan,                 -nan, -1.4343308652890e-02, -5.3071220893106e-01,  4.9352306100000e-01,  9.1010561342593e-01,              1244160
  4.6754880484315e+00,  0.0000000000000e+00,  9.5994828614840e-01,  1.6870611754524e-01,  3.2481179392222e-02,  1.6157634424864e-04,  3.5744230245891e-04, -1.2983037870971e-02,                 -nan,                 -nan, -6.4922876258298e-03, -7.3544393162574e-01,  4.7667557200000e-01,  9.0523244598765e-01,              1244160
  4.6863951053248e+00,  0.0000000000000e+00,  9.7498614835356e-01,  1.6844272622744e-01,  3.1511760624888e-02,  1.5914691231622e-04,  5.3829233027918e-04, -1.1501251596741e-02,                 -nan,                 -nan, -1.8683421706006e-03, -6.3757320818315e-01,  4.8152059400000e-01,  8.9798498585391e-01,              1244160
  4.6843277933980e+00,  0.0000000000000e+00,  9.8975716666067e-01,  1.6870534978664e-01,  3.9242158329621e-02,  1.7759810421395e-04,  3.8345211368836e-04, -1.1680167642823e-02,                 -nan,                 -nan,  2.0121335102267e-03, -8.7999096052972e-01,  4.6574537800000e-01,  9.0554269547325e-01,              1244160
  4.6747913543922e+00,  0.0000000000000e+00,  1.0024246622520e+00,  1.6874899985307e-01,  7.7421262056921e-02,  2.4945488096201e-04,  3.9263487917357e-04, -2.6219438022339e-02,                 -nan,                 -nan,  1.3884007752989e-02, -2.4450316253984e+00,  5.1065236100000e-01,  9.0732542438272e-01,              1244160
  4.6588308284187e+00,  0.0000000000000e+00,  1.0074393545467e+00,  1.6851330411490e-01,  5.3144643592709e-02,  2.0667675405192e-04,  3.7270751251357e-04, -1.6268469625454e-02,                 -nan,                 -nan,  1.1335512635127e-02, -1.3241931315162e+00,  5.1958338600000e-01,  8.9759355709877e-01,              1244160
  4.6375922722218e+00,  0.0000000000000e+00,  1.0066873377145e+00,  1.6863859948497e-01,  4.3771811022042e-02,  1.8756816966800e-04,  1.9071314294129e-04, -1.6056144428010e-02,                 -nan,                 -nan,  7.2497365709057e-03, -9.7103958867294e-01,  5.5980174600000e-01,  9.0230597350823e-01,              1244160
  4.6147940563616e+00,  0.0000000000000e+00,  1.0026638363512e+00,  1.6865958450860e-01,  3.5950149003926e-02,  1.6998563818939e-04, -1.6542053048843e-04, -1.1662070104323e-02,                 -nan,                 -nan,  2.9592228305485e-03, -7.2859661708503e-01,  5.0212683000000e-01,  9.0793145576132e-01,              1244160
  4.5975530975970e+00,  0.0000000000000e+00,  9.9770581497603e-01,  1.6872940807052e-01,  3.7786921638007e-02,  1.7427401597403e-04, -2.9353495050255e-04, -1.2407093078048e-02,                 -nan,                 -nan,  4.4858866592802e-04, -8.4336254659771e-01,  4.9429592400000e-01,  9.0422534079218e-01,              1244160
  4.5880421236112e+00,  0.0000000000000e+00,  9.9317662411285e-01,  1.6868020948918e-01,  3.4700679053731e-02,  1.6700553670724e-04, -4.2612273275316e-04, -1.0271911604803e-02,                 -nan,                 -nan,  9.7334337170514e-04, -6.8670359393574e-01,  4.8730598400000e-01,  9.0994646990741e-01,              1244160
  4.5879557906243e+00,  0.0000000000000e+00,  9.8872999027677e-01,  1.6897889229847e-01,  2.6069491840791e-02,  1.4475319744089e-04, -4.9789722804251e-04, -8.8976055180627e-03,                 -nan,                 -nan, -5.9301470235271e-03, -4.3811396405180e-01,  4.9861478500000e-01,  8.9760320216049e-01,              1244160
  4.5971517961043e+00,  0.0000000000000e+00,  9.8786868442717e-01,  1.6809952822415e-01,  6.5551965847780e-02,  2.2953807908847e-04, -2.2316233265311e-04, -2.0984883634358e-02,                 -nan,                 -nan,  1.2047798800560e-02, -1.9639543209340e+00,  4.6799368100000e-01,  9.0779562114198e-01,              1244160
  4.6097628121916e+00,  0.0000000000000e+00,  9.8143060361524e-01,  1.6867371771069e-01,  2.9674376661961e-02,  1.5443747242176e-04, -1.9842499188701e-04, -1.1214791962587e-02,                 -nan,                 -nan, -5.3849599800297e-03, -6.0762922760332e-01,  4.7404081700000e-01,  8.9543145576132e-01,              1244160
  4.6249466746433e+00,  0.0000000000000e+00,  9.7852940561243e-01,  1.6866041108174e-01,  3.1974294648356e-02,  1.6031064780744e-04, -1.1845869914815e-04, -9.3153992064698e-03,                 -nan,                 -nan, -2.1588274859553e-03, -6.2805416722559e-01,  4.7982552700000e-01,  9.0559976208848e-01,              1244160
  4.6410355002879e+00,  0.0000000000000e+00,  9.7717964933644e-01,  1.6839037661775e-01,  4.1902300113074e-02,  1.8351890709868e-04,  1.9088350939146e-04, -1.4397959971739e-02,                 -nan,                 -nan,  2.5893782264484e-03, -9.6564485240464e-01,  4.5916011700000e-01,  8.9355790252058e-01,              1244160
  4.6521344758003e+00,  0.0000000000000e+00,  9.7484267030434e-01,  1.6855974699300e-01,  3.4165153857496e-02,  1.6571185280371e-04,  9.0530942822768e-05, -7.8410162506935e-03,                 -nan,                 -nan, -3.3733267465990e-03, -7.3126916607699e-01,  4.9226089400000e-01,  8.9882892875514e-01,              1244160
  4.6605744574491e+00,  0.0000000000000e+00,  9.7470721018401e-01,  1.6884618409831e-01,  2.3918297832715e-02,  1.3865228061434e-04,  1.6153504750919e-04, -8.3786986243341e-03,                 -nan,                 -nan, -7.7690089369441e-03, -3.9745501328777e-01,  4.5939158800000e-01,  9.0755047582305e-01,              1244160
  4.6652103211958e+00,  0.0000000000000e+00,  9.7882932271234e-01,  1.6882835296578e-01,  2.9097002066605e-02,  1.5292764657501e-04,  1.4307672106985e-04, -8.8873914282460e-03,                 -nan,                 -nan, -6.3121239337914e-03, -5.6509686799952e-01,  5.2755571900000e-01,  9.0661249356996e-01,              1244160
  4.6667416441139e+00,  0.0000000000000e+00,  9.8608796211687e-01,  1.6824096917206e-01,  3.6647412789786e-02,  1.7162618257506e-04,  4.9984724128173e-04, -1.3042222472676e-02,                 -nan,                 -nan,  3.4540687096198e-03, -7.6348154504061e-01,  5.1625079500000e-01,  9.0173209233539e-01,              1244160
  4.6588449107688e+00,  0.0000000000000e+00,  9.9102158817174e-01,  1.6843207904297e-01,  4.5206801865505e-02,  1.9061794129797e-04,  3.4808483559499e-04, -1.9590537925750e-02,                 -nan,                 -nan,  4.9652600930476e-03, -1.1105881594373e+00,  4.6719703800000e-01,  9.0627813143004e-01,              1244160
  4.6455018959850e+00,  0.0000000000000e+00,  9.9309523087405e-01,  1.6850628809234e-01,  4.3345673561793e-02,  1.8665290808574e-04,  1.5502769568974e-04, -1.6328218659955e-02,                 -nan,                 -nan,  4.5635500386021e-03, -1.0159825860745e+00,  4.7640602300000e-01,  9.0066470550412e-01,              1244160
  4.6306607193951e+00,  0.0000000000000e+00,  9.9275020359830e-01,  1.6870536121714e-01,  3.8360541822759e-02,  1.7559180737703e-04, -2.8673143000437e-05, -1.3261511219840e-02,                 -nan,                 -nan,  1.7759278905857e-03, -8.4986006639427e-01,  4.7288240000000e-01,  9.0723620756173e-01,              1244160
  4.6178383332277e+00,  0.0000000000000e+00,  9.9168760391336e-01,  1.6867616091495e-01,  4.0218760035758e-02,  1.7979442501192e-04, -2.7424766907760e-04, -9.6389455393452e-03,                 -nan,                 -nan,  3.9450977498242e-03, -8.4640618871936e-01,  4.9614414100000e-01,  9.0118955761317e-01,              1244160
  4.6115833298117e+00,  0.0000000000000e+00,  9.8875439437240e-01,  1.6856082585271e-01,  6.9763759925949e-02,  2.3679734142840e-04, -2.0022374822710e-04, -2.5300384193554e-02,                 -nan,                 -nan,  6.4167843089261e-03, -2.4868377457104e+00,  4.5021455600000e-01,  9.0707626028807e-01,              1244160
  4.6099655736135e+00,  0.0000000000000e+00,  9.8318725764861e-01,  1.6878382847564e-01,  4.8112942226168e-02,  1.9664949735212e-04, -3.9335263244754e-04, -1.2178153265965e-02,                 -nan,                 -nan,  5.2602109535030e-04, -1.3209538575929e+00,  4.8853540700000e-01,  9.1303690843621e-01,              1244160
  4.6159914209570e+00,  0.0000000000000e+00,  9.7820471025836e-01,  1.6870464480463e-01,  3.5677233015152e-02,  1.6933918495372e-04, -1.6425359829010e-04, -1.0013733669386e-02,                 -nan,                 -nan, -1.6037957319002e-03, -7.4991556202221e-01,  4.9082599500000e-01,  8.9906603652263e-01,              1244160
  4.6246246008766e+00,  0.0000000000000e+00,  9.7481406959073e-01,  1.6843156226697e-01,  4.3714622500410e-02,  1.8744559931927e-04, -2.3043738503996e-05, -1.7053660932473e-02,                 -nan,                 -nan,  3.4849411657475e-03, -1.0376697030399e+00,  4.5960350000000e-01,  9.0266766332305e-01,              1244160
  4.6330650323335e+00,  0.0000000000000e+00,  9.7002316707951e-01,  1.6830975129121e-01,  4.7380960787967e-02,  1.9514786947992e-04,  6.9601560026893e-05, -1.3678668523928e-02,                 -nan,                 -nan,  3.7070742149007e-03, -1.2133533024454e+00,  4.7401546800000e-01,  9.0518100565844e-01,              1244160
  4.6395272181205e+00,  0.0000000000000e+00,  9.6387068087895e-01,  1.6848500501982e-01,  6.0789736963823e-02,  2.2104312653661e-04,  7.7757651593376e-05, -1.9846879537277e-02,                 -nan,                 -nan,  6.1746077188232e-03, -1.7892038030926e+00,  4.6334752200000e-01,  9.1281346450617e-01,              1244160
  4.6440841287898e+00,  0.0000000000000e+00,  9.5520994164091e-01,  1.6870037496878e-01,  6.9294685318368e-02,  2.3599991478554e-04,  6.2330494128180e-05, -1.5714373760676e-02,                 -nan,                 -nan,  1.3267067133863e-03, -2.5600589469510e+00,  4.9486671700000e-01,  9.1012811856996e-01,              1244160
  4.6471608234925e+00,  0.0000000000000e+00,  9.4731756444559e-01,  1.6892573322136e-01,  2.1628529699745e-02,  1.3184855707985e-04, -5.7573560667496e-06, -6.8665633208051e-03,                 -nan,                 -nan, -1.5245491153533e-02, -3.6277358318830e-01,  4.7534820900000e-01,  9.0706018518519e-01,              1244160
  4.6501347452102e+00,  0.0000000000000e+00,  9.4929101140674e-01,  1.6844152910510e-01,  3.9341494938329e-02,  1.7782274581905e-04,  2.0802857292033e-04, -9.9567582284264e-03,                 -nan,                 -nan, -2.0475490481037e-03, -9.4216463539316e-01,  4.9563975900000e-01,  9.0142586162551e-01,              1244160
  4.6488221927206e+00,  0.0000000000000e+00,  9.5255103782893e-01,  1.6843489718825e-01,  3.6155045287376e-02,  1.7046936273851e-04,  1.2828289806114e-04, -1.2432986858818e-02,                 -nan,                 -nan, -1.9709707752186e-03, -7.9726790219649e-01,  4.5731408200000e-01,  8.9506574717078e-01,              1244160
  4.6452144111624e+00,  0.0000000000000e+00,  9.5690211180661e-01,  1.6879017575662e-01,  3.2044906394441e-02,  1.6048756448580e-04, -1.8024194992964e-04, -8.4097174992127e-03,                 -nan,                 -nan, -8.5108145140118e-03, -7.0300234178686e-01,  4.8785230700000e-01,  8.9788612397119e-01,              1244160
  4.6456237677555e+00,  0.0000000000000e+00,  9.6602250404002e-01,  1.6835047602555e-01,  5.2222899605806e-02,  2.0487660724075e-04,  1.2203145221257e-04, -2.1606923762642e-02,                 -nan,                 -nan,  1.3191374361276e-03, -1.5490962223271e+00,  4.8127314000000e-01,  9.0756896219136e-01,              1244160
  4.6437674297939e+00,  0.0000000000000e+00,  9.7397658983793e-01,  1.6857028405119e-01,  5.3721286594405e-02,  2.0779499619654e-04,  5.2866218413430e-05, -1.6985182032326e-02,                 -nan,                 -nan,  5.8795587876490e-03, -1.3902134377337e+00,  4.7867130800000e-01,  9.1138197659465e-01,              1244160
  4.6411877520559e+00,  0.0000000000000e+00,  9.7808389083418e-01,  1.6875108125287e-01,  3.3798441498365e-02,  1.6482011774843e-04,  9.3015744656794e-06, -1.0841363239828e-02,                 -nan,                 -nan, -2.6011291752447e-03, -7.2590409676252e-01,  5.0209804900000e-01,  9.1011284722222e-01,              1244160
  4.6387681798900e+00,  0.0000000000000e+00,  9.8358450515322e-01,  1.6844914716373e-01,  4.1715430269453e-02,  1.8310923424180e-04,  3.9448071423540e-05, -1.4103008020828e-02,                 -nan,                 -nan,  2.9891474553683e-03, -9.6456043525886e-01,  5.1204326100000e-01,  9.0107140560700e-01,              1244160
  4.6359089897318e+00,  0.0000000000000e+00,  9.8705659222254e-01,  1.6867611614663e-01,  3.6271743394986e-02,  1.7074425418374e-04,  9.0998639669793e-05, -1.5484554390235e-02,                 -nan,                 -nan, -1.9273388660716e-03, -8.8069606973118e-01,  4.5642968300000e-01,  9.0389981995885e-01,              1244160
  4.6315984039161e+00,  0.0000000000000e+00,  9.9164495611030e-01,  1.6870141607153e-01,  3.2150752085250e-02,  1.6075239461062e-04,  2.5651394544751e-05, -1.1548774555130e-02,                 -nan,                 -nan, -1.0972398108674e-03, -6.1779730682937e-01,  4.3429108900000e-01,  9.0471241640946e-01,              1244160
  4.6272751103646e+00,  0.0000000000000e+00,  9.9666793660554e-01,  1.6868304073547e-01,  3.7243212308588e-02,  1.7301567406839e-04, -1.7724042742953e-04, -4.6220735523541e-03,                 -nan,                 -nan,  1.5578820698328e-03, -8.0220939855615e-01,  4.9110053000000e-01,  9.0601449974280e-01,              1244160
  4.6271204070407e+00,  0.0000000000000e+00,  1.0005081141085e+00,  1.6901386103771e-01,  2.5206682354508e-02,  1.4233762891955e-04, -1.1826534402973e-04, -7.5806583240098e-03,                 -nan,                 -nan, -4.8461781328261e-03, -4.1783384772616e-01,  4.7477350100000e-01,  9.0814766589506e-01,              1244160
  4.6295433030784e+00,  0.0000000000000e+00,  1.0071173496395e+00,  1.6882744924200e-01,  4.1634767813525e-02,  1.8293211527979e-04, -6.3612297750359e-05, -1.1540117159855e-02,                 -nan,                 -nan,  5.2754065124316e-03, -8.8890730723048e-01,  4.9491943100000e-01,  9.0112927597737e-01,              1244160
  4.6332057192660e+00,  0.0000000000000e+00,  1.0100815942180e+00,  1.6890471124394e-01,  4.2773211993288e-02,  1.8541625917491e-04, -7.0108905185646e-05, -1.2471411495803e-02,                 -nan,                 -nan,  6.4473207349193e-03, -8.9801644170204e-01,  5.0852978200000e-01,  9.0603539737654e-01,              1244160
  4.6381484543052e+00,  0.0000000000000e+00,  1.0090056622570e+00,  1.6891330496726e-01,  2.7169939201961e-02,  1.4777678571629e-04,  5.1877163737859e-05, -7.4024874817182e-03,                 -nan,                 -nan, -1.3499380432577e-03, -4.5637965532858e-01,  9.4344338000000e-01,  9.0993200231481e-01,              1244160
  4.6415955993195e+00,  0.0000000000000e+00,  1.0090246708612e+00,  1.6888642710346e-01,  3.2238507956276e-02,  1.6097163292271e-04,  4.5016546142115e-05, -1.0472059115489e-02,                 -nan,                 -nan,  1.4251812454944e-04, -6.2079404046201e-01,  4.7175059000000e-01,  9.0217496141975e-01,              1244160
  4.6438612637860e+00,  0.0000000000000e+00,  1.0091484203402e+00,  1.6917315577464e-01,  2.2098969911133e-02,  1.3327475658917e-04, -2.6526252364266e-05, -7.3923662646738e-03,                 -nan,                 -nan, -7.2889610409488e-03, -3.4300162024530e-01,  5.0539081200000e-01,  9.1057500643004e-01,              1244160
  4.6465714225948e+00,  0.0000000000000e+00,  1.0139967779086e+00,  1.6891855613669e-01,  4.6702258273186e-02,  1.9374514271338e-04,  9.0531140851434e-05, -1.3512096285450e-02,                 -nan,                 -nan,  7.2945066690447e-03, -1.1096171427693e+00,  4.9809576800000e-01,  9.0716949588477e-01,              1244160
  4.6471937541454e+00,  0.0000000000000e+00,  1.0140811866310e+00,  1.6885439364862e-01,  3.4277993439488e-02,  1.6598528113696e-04,  1.5056580241566e-04, -1.1715645341616e-02,                 -nan,                 -nan,  2.6034664705867e-03, -6.6515815612050e-01,  4.8649793900000e-01,  8.9390030221193e-01,              1244160
  4.6445791900956e+00,  0.0000000000000e+00,  1.0127039355756e+00,  1.6833922130887e-01,  1.1496747292626e-01,  3.0398305505561e-04,  2.4813106073637e-04, -4.5668684550390e-02,                 -nan,                 -nan,  2.5620219467504e-02, -4.3024555285708e+00,  4.9125682400000e-01,  9.0608924897119e-01,              1244160
  4.6372789993061e+00,  0.0000000000000e+00,  9.9726514540418e-01,  1.6886196117834e-01,  3.5938828619705e-02,  1.6995887259454e-04, -6.1321345042668e-05, -9.5062070743300e-03,                 -nan,                 -nan, -2.4854044699526e-04, -7.7493585190833e-01,  4.8578608300000e-01,  9.0507089120370e-01,              1244160
  4.6321278767716e+00,  0.0000000000000e+00,  9.8366571895898e-01,  1.6848775800094e-01,  3.6675184757777e-02,  1.7169120072800e-04, -2.9488725070406e-05, -1.2363627920260e-02,                 -nan,                 -nan,  3.1500811054975e-03, -7.4392137991594e-01,  4.9424700300000e-01,  9.1201855066872e-01,              1244160
  4.6282548157261e+00,  0.0000000000000e+00,  9.6964416774541e-01,  1.6853321498066e-01,  2.7937704146781e-02,  1.4985016990462e-04, -4.5620068523574e-05, -1.0429067138101e-02,                 -nan,                 -nan, -5.0028441947156e-03, -5.0513448467796e-01,  4.7998296800000e-01,  9.1042952674897e-01,              1244160
  4.6258847040277e+00,  0.0000000000000e+00,  9.6022313575438e-01,  1.6904684144502e-01,  2.9502236944873e-02,  1.5398887851049e-04, -2.3657277972328e-04, -1.1256671982468e-02,                 -nan,                 -nan, -1.1538140226252e-02, -6.5986190099527e-01,  4.9944471800000e-01,  9.1233523019547e-01,              1244160
  4.6291674881083e+00,  0.0000000000000e+00,  9.5908438284947e-01,  1.6854748126028e-01,  5.5057769284874e-02,  2.1036388777947e-04, -4.8369491248742e-05, -2.2685638955873e-02,                 -nan,                 -nan,  1.2787113297313e-04, -1.6663412235871e+00,  5.2811696500000e-01,  9.0638744212963e-01,              1244160
  4.6334823422222e+00,  0.0000000000000e+00,  9.5848818523862e-01,  1.6834372579894e-01,  4.2047824620918e-02,  1.8383730669931e-04,  1.3240480650591e-04, -1.6302750453410e-02,                 -nan,                 -nan,  9.2037335088953e-04, -9.8346763365042e-01,  4.8868546400000e-01,  9.0958558384774e-01,              1244160
  4.6345766437878e+00,  0.0000000000000e+00,  9.5768198152895e-01,  1.6826226898304e-01,  7.3835140530928e-02,  2.4360905979074e-04, -2.1474578022831e-05, -1.5706247962057e-02,                 -nan,                 -nan,  7.8482644617197e-03, -2.5518831045872e+00,  4.5241367600000e-01,  9.0549366640947e-01,              1244160
  4.6362340520420e+00,  0.0000000000000e+00,  9.5286463132513e-01,  1.6873494602747e-01,  2.5213645465816e-02,  1.4235728728439e-04, -1.4153874314489e-04, -6.6716726268326e-03,                 -nan,                 -nan, -1.2071933889127e-02, -4.8433426802985e-01,  4.8568319000000e-01,  9.0611255787037e-01,              1244160
  4.6410345949560e+00,  0.0000000000000e+00,  9.5616509515880e-01,  1.6870116626505e-01,  3.5298357378877e-02,  1.6843763332220e-04,  4.8710127235308e-05, -1.2664373035323e-02,                 -nan,                 -nan, -4.4293878878529e-03, -7.9175239865209e-01,  4.9447855200000e-01,  8.9657519933128e-01,              1244160
  4.6444086538279e+00,  0.0000000000000e+00,  9.6213723643247e-01,  1.6831441036501e-01,  5.2078493194843e-02,  2.0459314944259e-04,  2.4734775912393e-04, -2.0153447025195e-02,                 -nan,                 -nan,  4.5358797549696e-03, -1.4366983168541e+00,  4.9910371600000e-01,  9.0420203189300e-01,              1244160
  4.6420052988414e+00,  0.0000000000000e+00,  9.6516088715568e-01,  1.6871199329423e-01,  4.0145339883259e-02,  1.7963024088421e-04, -1.0173002858906e-06, -1.3107029128771e-02,                 -nan,                 -nan, -5.6569538169463e-03, -1.0444927248482e+00,  4.8616349000000e-01,  8.9885143389918e-01,              1244160
  4.6400037457349e+00,  0.0000000000000e+00,  9.7174523556115e-01,  1.6874083326027e-01,  2.9857855609086e-02,  1.5491418603729e-04,  7.1163297276412e-05, -1.0434564515332e-02,                 -nan,                 -nan, -4.2115939024683e-03, -5.7991169815407e-01,  4.7809961700000e-01,  8.9754613554527e-01,              1244160
  4.6366642217433e+00,  0.0000000000000e+00,  9.8051613533603e-01,  1.6879703685471e-01,  2.3865273088727e-02,  1.3849850543892e-04,  5.5255527838864e-05, -8.5118556532381e-03,                 -nan,                 -nan, -6.8475044907053e-03, -3.8802198421799e-01,  4.8104145100000e-01,  9.0168627829218e-01,              1244160
  4.6324533247295e+00,  0.0000000000000e+00,  9.9283832694181e-01,  1.6818942886280e-01,  4.1584312125189e-02,  1.8282123722831e-04,  1.0126746361140e-04, -1.3792039301432e-02,                 -nan,                 -nan,  8.0169350298514e-03, -8.6392899430846e-01,  4.8718928100000e-01,  9.0764130015432e-01,              1244160
  4.6264359678180e+00,  0.0000000000000e+00,  9.9917253878450e-01,  1.6822399882278e-01,  5.5248332774626e-02,  2.1072762435630e-04,  1.0036184211161e-04, -2.0078085106747e-02,                 -nan,                 -nan,  9.7398243137514e-03, -1.4079937805382e+00,  4.5437765000000e-01,  9.0198286394033e-01,              1244160
  4.6188697163127e+00,  0.0000000000000e+00,  9.9920072058266e-01,  1.6853395451361e-01,  4.5695685988109e-02,  1.9164587830959e-04, -1.5749771221008e-04, -1.1636545295385e-02,                 -nan,                 -nan,  6.1031451889665e-03, -1.0546326234572e+00,  5.0257285800000e-01,  9.0711885931070e-01,              1244160
  4.6158953620735e+00,  0.0000000000000e+00,  9.9572133070618e-01,  1.6834196485714e-01,  6.5283916798967e-02,  2.2906829538325e-04,  1.3693960016924e-05, -2.4519153423736e-02,                 -nan,                 -nan,  1.5651314368405e-02, -1.7026602101849e+00,  5.2024574800000e-01,  8.9899048353909e-01,              1244160
  4.6131692526995e+00,  0.0000000000000e+00,  9.8345578697163e-01,  1.6851476196626e-01,  3.8694057297889e-02,  1.7635347344661e-04, -2.4216862503508e-04, -1.1957454726455e-02,                 -nan,                 -nan,  2.3999366459200e-03, -8.0406725112487e-01,  5.3662040400000e-01,  9.0576372813786e-01,              1244160
  4.6165931043309e+00,  0.0000000000000e+00,  9.7111338090461e-01,  1.6882553020099e-01,  2.6680781516232e-02,  1.4644048412406e-04, -2.2906845748060e-04, -6.1861771146068e-03,                 -nan,                 -nan, -5.3833231198534e-03, -4.4934867559438e-01,  4.6976852300000e-01,  9.1511300797325e-01,              1244160
  4.6251585496669e+00,  0.0000000000000e+00,  9.6347919426996e-01,  1.6852238556908e-01,  3.9681083362929e-02,  1.7858856311017e-04, -6.0058344560740e-05, -1.3916519211652e-02,                 -nan,                 -nan, -2.9683836782166e-03, -9.9965874012541e-01,  4.7372594000000e-01,  8.9901459619342e-01,              1244160
  4.6344974347503e+00,  0.0000000000000e+00,  9.5875532487960e-01,  1.6853021790114e-01,  5.6464526079817e-02,  2.1303439462217e-04, -6.5240994366572e-05, -2.0074515838427e-02,                 -nan,                 -nan, -1.1379569449080e-03, -1.8869763381077e+00,  4.8705310700000e-01,  9.0810908564815e-01,              1244160
  4.6447389055590e+00,  0.0000000000000e+00,  9.5579575432863e-01,  1.6867689927484e-01,  3.3367206187796e-02,  1.6376526986956e-04,  8.0100129871247e-05, -1.1930525143660e-02,                 -nan,                 -nan, -5.5032090806796e-03, -7.0655920690843e-01,  4.8125621300000e-01,  9.0315473894033e-01,              1244160
  4.6522220149618e+00,  0.0000000000000e+00,  9.5683032208106e-01,  1.6857806833325e-01,  4.6496470711469e-02,  1.9331781478622e-04, -8.1808175808955e-06, -1.3101047067648e-02,                 -nan,                 -nan, -9.9872934448959e-04, -1.2417959609288e+00,  5.1747400400000e-01,  8.9477157278807e-01,              1244160
  4.6593477177099e+00,  0.0000000000000e+00,  9.5879597151599e-01,  1.6874532501902e-01,  2.8333670556415e-02,  1.5090836113037e-04,  1.2115823831687e-04, -8.2802818607725e-03,                 -nan,                 -nan, -8.7464637443233e-03, -5.6666748538839e-01,  4.6699744800000e-01,  9.0024755658436e-01,              1244160
  4.6629529271671e+00,  0.0000000000000e+00,  9.6629374469733e-01,  1.6882292913490e-01,  2.8244091790658e-02,  1.5066961891928e-04,  1.8032349907684e-04, -1.0016377265155e-02,                 -nan,                 -nan, -8.6561794287778e-03, -5.6182098332667e-01,  4.5839852100000e-01,  9.0561905221193e-01,              1244160
  4.6619548065917e+00,  0.0000000000000e+00,  9.7869599268490e-01,  1.6873065124682e-01,  2.8259267099739e-02,  1.5071009023292e-04,  2.3378805769524e-04, -1.0138347832714e-02,                 -nan,                 -nan, -5.0576721486735e-03, -5.2723921975171e-01,  4.9829435400000e-01,  9.0842415766461e-01,              1244160
  4.6555226714659e+00,  0.0000000000000e+00,  9.9327161633973e-01,  1.6878038374612e-01,  4.3444147788483e-02,  1.8686481012518e-04,  2.3229224592996e-04, -1.9228359951580e-02,                 -nan,                 -nan,  3.2018531838600e-03, -1.0356703237426e+00,  5.0040679200000e-01,  9.0284690072016e-01,              1244160
  4.6443542854195e+00,  0.0000000000000e+00,  1.0047355685577e+00,  1.6890411111132e-01,  3.5913987635544e-02,  1.6990012449908e-04,  7.1337258507131e-06, -1.2036084090768e-02,                 -nan,                 -nan,  1.5595253169708e-03, -7.3901708482230e-01,  4.7854077300000e-01,  9.1252732767490e-01,              1244160
  4.6342244010716e+00,  0.0000000000000e+00,  1.0143409094231e+00,  1.6847806110170e-01,  4.8969814693239e-02,  1.9839289418230e-04,  1.2858242504216e-04, -1.3680062571170e-02,                 -nan,                 -nan,  1.1764966815973e-02, -1.1056559159586e+00,  4.8261952700000e-01,  9.0753279320988e-01,              1244160
  4.6221093178174e+00,  0.0000000000000e+00,  1.0157837183337e+00,  1.6892337596884e-01,  3.1463106063812e-02,  1.5902400242115e-04, -2.2562203779016e-04, -9.0217128432895e-03,                 -nan,                 -nan,  1.9377446562668e-03, -5.6203485044384e-01,  4.7312376400000e-01,  9.0773051697531e-01,              1244160
  4.6168237211166e+00,  0.0000000000000e+00,  1.0160260197830e+00,  1.6878571400458e-01,  5.9145690015557e-02,  2.1803360428471e-04, -1.5998563884093e-04, -1.9423993346366e-02,                 -nan,                 -nan,  1.2225567065465e-02, -1.5668782741597e+00,  4.7268155700000e-01,  8.9590486754115e-01,              1244160
  4.6161979879560e+00,  0.0000000000000e+00,  1.0089465558024e+00,  1.6881401776025e-01,  3.8277648426158e-02,  1.7540198637418e-04, -1.5506555171180e-04, -1.1995672381208e-02,                 -nan,                 -nan,  4.8257502463428e-03, -7.5235507148794e-01,  4.7746981300000e-01,  9.0786956661523e-01,              1244160
  4.6195692879659e+00,  0.0000000000000e+00,  9.9970705753273e-01,  1.6817647057360e-01,  6.0790028095289e-02,  2.2104365584086e-04,  4.7347690928917e-05, -1.9620766877428e-02,                 -nan,                 -nan,  1.3431799211548e-02, -1.6555144816892e+00,  4.9744516700000e-01,  8.9983924897119e-01,              1244160
  4.6216962172228e+00,  0.0000000000000e+00,  9.8345303215073e-01,  1.6883470872436e-01,  2.7641226365444e-02,  1.4905293649776e-04, -3.1212514878824e-04, -5.3519175947464e-03,                 -nan,                 -nan, -5.4614323418912e-03, -5.1097511494446e-01,  4.6147073000000e-01,  9.0755529835391e-01,              1244160
  4.6312750586898e+00,  0.0000000000000e+00,  9.7242898602468e-01,  1.6892600377157e-01,  2.3513422344282e-02,  1.3747375808872e-04, -1.4108699089847e-04, -8.5021507842955e-03,                 -nan,                 -nan, -1.0447469806143e-02, -4.1464074929704e-01,  4.8405040400000e-01,  9.0130047582305e-01,              1244160
  4.6434693367536e+00,  0.0000000000000e+00,  9.6929982169564e-01,  1.6865750215185e-01,  2.5978890534176e-02,  1.4450144256412e-04, -4.2296749172324e-05, -8.4804008905633e-03,                 -nan,                 -nan, -9.6610337399637e-03, -5.0921015765598e-01,  5.6264267900000e-01,  9.0321341306584e-01,              1244160
  4.6556363314859e+00,  0.0000000000000e+00,  9.7275876114505e-01,  1.6866499261206e-01,  2.5840126331677e-02,  1.4411500429014e-04,  9.9986863507390e-05, -6.7061390992312e-03,                 -nan,                 -nan, -8.5578686895330e-03, -5.2904841608013e-01,  5.7172002200000e-01,  9.0238233024691e-01,              1244160
  4.6642449781101e+00,  0.0000000000000e+00,  9.8143839634851e-01,  1.6861416683089e-01,  3.5512007270919e-02,  1.6894661440507e-04,  2.6186836308201e-04, -1.1537969414878e-02,                 -nan,                 -nan,  2.3082554479233e-04, -7.3330024412944e-01,  6.1796747500000e-01,  9.0391830632716e-01,              1244160
  4.6656772608079e+00,  0.0000000000000e+00,  9.8937269564216e-01,  1.6842514604291e-01,  7.7376963383632e-02,  2.4938350456524e-04,  4.6416992885916e-04, -4.1054851770913e-02,                 -nan,                 -nan,  1.0188936452244e-02, -2.8273882037408e+00,  5.2762639800000e-01,  9.0510304140947e-01,              1244160
  4.6562246870048e+00,  0.0000000000000e+00,  9.9094559771388e-01,  1.6857568780143e-01,  3.9084836312909e-02,  1.7724175083818e-04,  1.0636088952835e-04, -9.5783824081032e-03,                 -nan,                 -nan,  1.1984599005672e-03, -9.2158915023003e-01,  4.7262154600000e-01,  9.0647505144033e-01,              1244160
  4.6452248959321e+00,  0.0000000000000e+00,  9.9189813239192e-01,  1.6860991697336e-01,  4.2505136270326e-02,  1.8483430938301e-04,  1.8603229086143e-04, -1.3532857344062e-02,                 -nan,                 -nan,  2.9030236576789e-03, -9.8503271091650e-01,  5.0431188800000e-01,  9.0470116383745e-01,              1244160
  4.6309625683921e+00,  0.0000000000000e+00,  9.9121833565115e-01,  1.6863725170993e-01,  4.0263437837761e-02,  1.7989426138304e-04,  1.5814447780566e-05, -1.2166029168314e-02,                 -nan,                 -nan,  3.2988309161437e-03, -8.9694769189714e-01,  4.9745946300000e-01,  8.9891734182099e-01,              1244160
  4.6178312967441e+00,  0.0000000000000e+00,  9.8877525469645e-01,  1.6853620441263e-01,  3.1464029679871e-02,  1.5902633652072e-04, -1.3374012530704e-04, -9.2813184854513e-03,                 -nan,                 -nan,  9.3579332975896e-04, -5.6967831025489e-01,  4.9674724500000e-01,  9.0251012731481e-01,              1244160
  4.6093668519301e+00,  0.0000000000000e+00,  9.8614716166209e-01,  1.6856455628468e-01,  3.5293142557104e-02,  1.6842519075055e-04, -2.7928990471246e-04, -7.7118270972130e-03,                 -nan,                 -nan, -6.7265598871057e-04, -7.5090333436754e-01,  5.0772857900000e-01,  9.1525045010288e-01,              1244160
  4.6086726383459e+00,  0.0000000000000e+00,  9.8444998774225e-01,  1.6867344154317e-01,  3.7739735972029e-02,  1.7416517138040e-04, -2.5033512440888e-04, -1.1042172400881e-02,                 -nan,                 -nan, -2.0962197143866e-03, -8.6336379194226e-01,  4.9022038300000e-01,  9.0169913837449e-01,              1244160
  4.6142630935974e+00,  0.0000000000000e+00,  9.8455926801906e-01,  1.6855286110354e-01,  3.1312086904992e-02,  1.5864189522410e-04, -8.6135919239875e-05, -9.7178428246074e-03,                 -nan,                 -nan, -2.8494368844684e-03, -6.4918166217691e-01,  4.8232136000000e-01,  9.0138004758230e-01,              1244160
  4.6215298943378e+00,  0.0000000000000e+00,  9.8672810165603e-01,  1.6866898723606e-01,  3.7557043796700e-02,  1.7374310675900e-04, -9.6758867252633e-05, -1.3047166039865e-02,                 -nan,                 -nan,  2.1176995292187e-03, -7.8308541452697e-01,  4.9790998900000e-01,  9.0788483796296e-01,              1244160
  4.6306165022754e+00,  0.0000000000000e+00,  9.8755764694859e-01,  1.6883259776679e-01,  3.1526645404099e-02,  1.5918449490339e-04, -7.3252727189841e-05, -9.4634807449805e-03,                 -nan,                 -nan, -4.1110116356979e-03, -6.3906486597998e-01,  4.7960158800000e-01,  9.0855034722222e-01,              1244160
  4.6407383377860e+00,  0.0000000000000e+00,  9.9121620159959e-01,  1.6856700225909e-01,  3.3060277136137e-02,  1.6301033038223e-04,  1.2022790779153e-04, -1.1398420061821e-02,                 -nan,                 -nan,  1.8253457586055e-03, -6.1160567662617e-01,  4.8043018900000e-01,  9.0319733796296e-01,              1244160
  4.6470558017705e+00,  0.0000000000000e+00,  9.9352034425550e-01,  1.6860303094251e-01,  3.9255909504114e-02,  1.7762921831057e-04,  1.4763382698715e-04, -1.0430199264571e-02,                 -nan,                 -nan,  4.8224474877363e-03, -8.1442192313256e-01,  4.8501954000000e-01,  9.0698623971193e-01,              1244160
  4.6492409771813e+00,  0.0000000000000e+00,  9.9268003119937e-01,  1.6858678388194e-01,  1.4155199914489e-01,  3.3730275341427e-04,  1.7035161298122e-04, -5.5564005420427e-02,                 -nan,                 -nan,  1.5573126744627e-02, -7.4948495285243e+00,  4.8645362000000e-01,  9.0625803755144e-01,              1244160
  4.6476878369284e+00,  0.0000000000000e+00,  9.8415478171192e-01,  1.6851258704970e-01,  3.2658150030837e-02,  1.6201591305142e-04,  8.4370862825091e-05, -9.9112318109449e-03,                 -nan,                 -nan, -7.4395291183957e-04, -6.3096356298598e-01,  4.7932837900000e-01,  9.0392473636831e-01,              1244160
  4.6443151718836e+00,  0.0000000000000e+00,  9.7714983615284e-01,  1.6868849173624e-01,  2.9829762739983e-02,  1.5484129051239e-04,  1.7079659098226e-04, -1.0986827669495e-02,                 -nan,                 -nan, -3.4583914418927e-03, -5.7581087438168e-01,  5.0579433400000e-01,  9.0449781378601e-01,              1244160
  4.6371697624143e+00,  0.0000000000000e+00,  9.7330607450595e-01,  1.6851564641156e-01,  3.6778121092553e-02,  1.7193197496686e-04, -2.7749899696283e-07, -8.7455702832611e-03,                 -nan,                 -nan,  8.5394978802296e-04, -7.6995505826225e-01,  4.8903249800000e-01,  9.0944090792181e-01,              1244160
  4.6308283654396e+00,  0.0000000000000e+00,  9.6952068933549e-01,  1.6853600309445e-01,  3.9933316024512e-02,  1.7915526275550e-04,  3.8972599404818e-05, -1.2453939952708e-02,                 -nan,                 -nan, -1.3171412508436e-03, -9.5913318644017e-01,  1.1251246710000e+00,  9.1187387474280e-01,              1244160
  4.6242784007873e+00,  0.0000000000000e+00,  9.6729980263415e-01,  1.6870486777710e-01,  3.9042304663657e-02,  1.7714528841692e-04, -1.0463828076227e-04, -1.4147654592054e-02,                 -nan,                 -nan, -2.0865386211671e-03, -8.9299429318889e-01,  4.9101260600000e-01,  9.0792422196502e-01,              1244160
  4.6211721115989e+00,  0.0000000000000e+00,  9.6699042653491e-01,  1.6874406351753e-01,  2.7254794090322e-02,  1.4800736788976e-04, -2.4553674504282e-04, -8.1875261991744e-03,                 -nan,                 -nan, -7.0511226527433e-03, -4.8891480145227e-01,  5.0120381500000e-01,  9.0262426054527e-01,              1244160
  4.6246367807437e+00,  0.0000000000000e+00,  9.7159936154067e-01,  1.6847180451096e-01,  3.2814706400759e-02,  1.6240378403701e-04, -1.8543200322123e-05, -1.1661282201541e-02,                 -nan,                 -nan, -1.9206973992944e-03, -6.6086488493401e-01,  4.7573175800000e-01,  8.8859069573045e-01,              1244160
  4.6283803389766e+00,  0.0000000000000e+00,  9.7727607125447e-01,  1.6867630126167e-01,  3.4983693750510e-02,  1.6768519257598e-04, -5.1882260530794e-05, -1.1569814287554e-02,                 -nan,                 -nan, -2.0824607370145e-03, -7.6963469958953e-01,  4.6004479200000e-01,  9.0504999356996e-01,              1244160
  4.6332175311436e+00,  0.0000000000000e+00,  9.8406796025594e-01,  1.6852720860756e-01,  3.5391314591193e-02,  1.6865927533569e-04, -4.5453878449027e-05, -9.3248666905775e-03,                 -nan,                 -nan,  2.5696340330392e-04, -7.3983522721983e-01,  4.5891468100000e-01,  9.0730934927984e-01,              1244160
  4.6388568897741e+00,  0.0000000000000e+00,  9.9028133712086e-01,  1.6847860773880e-01,  6.1424657272324e-02,  2.2219447394814e-04,  5.9160100625631e-05, -1.6680452731722e-02,                 -nan,                 -nan,  1.1267142502505e-02, -1.7078251284456e+00,  4.6629520600000e-01,  9.0275205761317e-01,              1244160
  4.6426585837971e+00,  0.0000000000000e+00,  9.8882504050088e-01,  1.6852588925513e-01,  3.0934800201551e-02,  1.5768324194926e-04,  1.0967050036608e-04, -1.0079573494104e-02,                 -nan,                 -nan,  5.4254093180543e-04, -5.5703017469462e-01,  4.7093031600000e-01,  9.0243537808642e-01,              1244160
  4.6434215180905e+00,  0.0000000000000e+00,  9.8733041035906e-01,  1.6849368512585e-01,  4.1912775338283e-02,  1.8354184476255e-04,  1.8789047589323e-04, -1.3942569751262e-02,                 -nan,                 -nan,  4.8275129890789e-03, -9.3244605823886e-01,  4.7652124500000e-01,  8.9869952417695e-01,              1244160
  4.6394923765927e+00,  0.0000000000000e+00,  9.8301996718382e-01,  1.6865989831197e-01,  5.1573580718405e-02,  2.0359894596637e-04, -6.6504849550658e-05, -1.1280635029425e-02,                 -nan,                 -nan,  2.7416479303693e-03, -1.4592233328796e+00,  4.6737076400000e-01,  8.9770608281893e-01,              1244160
  4.6377913077875e+00,  0.0000000000000e+00,  9.7775546207137e-01,  1.6860497913537e-01,  3.0502020206114e-02,  1.5657635723205e-04,  7.4470955589348e-05, -1.1717086222747e-02,                 -nan,                 -nan, -2.7412043581361e-03, -5.7998699979319e-01,  4.8884067100000e-01,  9.0738007973251e-01,              1244160
  4.6344928685917e+00,  0.0000000000000e+00,  9.7507485579165e-01,  1.6836277871132e-01,  4.1131287556627e-02,  1.8182267172808e-04,  1.1417511161550e-04, -1.2835603480942e-02,                 -nan,                 -nan,  6.0166140480409e-04, -1.0107866533460e+00,  4.6964512100000e-01,  8.9922919881687e-01,              1244160
  4.6287413825613e+00,  0.0000000000000e+00,  9.7258708288560e-01,  1.6821658941943e-01,  7.8621178126772e-02,  2.5138054091222e-04,  7.5064628461728e-05, -1.9903147265379e-02,                 -nan,                 -nan,  1.3496330888059e-02, -2.6613135226820e+00,  4.7605365900000e-01,  9.0267007458848e-01,              1244160
  4.6218652540710e+00,  0.0000000000000e+00,  9.6206907747182e-01,  1.6824261132083e-01,  3.7989647200642e-02,  1.7474087775192e-04, -4.0788008054550e-05, -1.3187471875658e-02,                 -nan,                 -nan,  5.4168868536243e-04, -8.0691299701033e-01,  4.8591666600000e-01,  9.0696212705761e-01,              1244160
  4.6168835680194e+00,  0.0000000000000e+00,  9.5247281945298e-01,  1.6867075999867e-01,  3.0050348103085e-02,  1.5541274679972e-04, -1.8908574299212e-04, -9.7928851856198e-03,                 -nan,                 -nan, -8.0675735045065e-03, -6.0864437876965e-01,  4.7788923300000e-01,  9.0768470293210e-01,              1244160
  4.6174300365301e+00,  0.0000000000000e+00,  9.4956842243511e-01,  1.6882932427909e-01,  2.5382540823636e-02,  1.4283328658133e-04, -3.0695060390228e-04, -8.8795772817624e-03,                 -nan,                 -nan, -1.3149720867567e-02, -4.9412014614575e-01,  5.0639859700000e-01,  9.0305426954733e-01,              1244160
  4.6259457081516e+00,  0.0000000000000e+00,  9.5605532356542e-01,  1.6875343354866e-01,  4.4042561460441e-02,  1.8814737662326e-04, -1.6500944340653e-04, -7.3316376542886e-03,                 -nan,                 -nan, -3.6195024192091e-03, -1.1500259878281e+00,  4.6783931700000e-01,  9.1023662551440e-01,              1244160
  4.6379684842973e+00,  0.0000000000000e+00,  9.6475756351009e-01,  1.6830363301497e-01,  4.4322222129302e-02,  1.8874377878859e-04,  3.4950583426039e-05, -1.0693346211648e-02,                 -nan,                 -nan,  2.5950985821019e-03, -1.0721698339861e+00,  4.6556545300000e-01,  8.9843508873457e-01,              1244160
  4.6480610707694e+00,  0.0000000000000e+00,  9.7121244605987e-01,  1.6883947041917e-01,  3.0746266679724e-02,  1.5720200381559e-04,  3.7167228549675e-05, -6.9367518002245e-03,                 -nan,                 -nan, -5.7443085816064e-03, -6.2998987046069e-01,  4.6616236000000e-01,  9.0343524948560e-01,              1244160
  4.6563007548366e+00,  0.0000000000000e+00,  9.8116347909640e-01,  1.6859587107654e-01,  4.2946575513855e-02,  1.8579163325580e-04,  2.3036141827858e-04, -1.4834793070442e-02,                 -nan,                 -nan,  2.1501104834486e-03, -9.9460435898433e-01,  4.6724385300000e-01,  9.0232526363169e-01,              1244160
  4.6579216810647e+00,  0.0000000000000e+00,  9.8901830000018e-01,  1.6840230583148e-01,  3.3590542469739e-02,  1.6431241980115e-04,  2.6377267143074e-04, -9.3451151134909e-03,                 -nan,                 -nan,  2.4455534699239e-03, -6.5533637490997e-01,  4.6282574400000e-01,  9.0317322530864e-01,              1244160
  4.6526716360369e+00,  0.0000000000000e+00,  9.9465585505335e-01,  1.6900411328349e-01,  2.4163282768368e-02,  1.3936054973269e-04,  1.2384311713128e-04, -8.4100340893711e-03,                 -nan,                 -nan, -6.1591858236058e-03, -3.9425064308426e-01,  4.8589036800000e-01,  9.0604263117284e-01,              1244160
  4.6448335943182e+00,  0.0000000000000e+00,  1.0041043822539e+00,  1.6871132964357e-01,  3.4861935515361e-02,  1.6739313009026e-04,  7.4733592202354e-05, -9.2379138329773e-03,                 -nan,                 -nan,  1.4521751716156e-04, -7.6307322838069e-01,  4.6955038000000e-01,  9.0754163451646e-01,              1244160
  4.6359337894805e+00,  0.0000000000000e+00,  1.0128012023772e+00,  1.6892211166589e-01,  3.7387086830743e-02,  1.7334954098761e-04,  2.4232288662286e-06, -1.0515142643247e-02,                 -nan,                 -nan,  3.0561563196056e-03, -7.7310274979023e-01,  4.9667522500000e-01,  9.0091226208848e-01,              1244160
  4.6279697676640e+00,  0.0000000000000e+00,  1.0188044819687e+00,  1.6865449338989e-01,  4.4078319268105e-02,  1.8822373881119e-04,  2.4863790612718e-05, -1.6747974862477e-02,                 -nan,                 -nan,  1.0444845254887e-02, -9.0841674160976e-01,  4.5633047500000e-01,  9.0897151491770e-01,              1244160
  4.6203453003872e+00,  0.0000000000000e+00,  1.0172976167681e+00,  1.6882761755627e-01,  4.2886603034958e-02,  1.8566186414944e-04, -2.5794871409618e-05, -1.6416090520757e-02,                 -nan,                 -nan,  6.2964812205645e-03, -9.3726497032023e-01,  5.1138116600000e-01,  9.0868135931070e-01,              1244160
  4.6143538945096e+00,  0.0000000000000e+00,  1.0119141040322e+00,  1.6898620501097e-01,  4.7280886063138e-02,  1.9494167175769e-04, -2.8222111066143e-04, -1.2737447703947e-02,                 -nan,                 -nan,  5.8502315829564e-03, -1.1235077632403e+00,  5.1295466800000e-01,  9.0296907150206e-01,              1244160
  4.6165370545033e+00,  0.0000000000000e+00,  1.0034021879344e+00,  1.6886007235860e-01,  4.3628166274416e-02,  1.8726014810361e-04, -1.4245141562859e-04, -1.3661866131366e-02,                 -nan,                 -nan,  5.0133097420338e-03, -9.6785800494656e-01,  4.9451066100000e-01,  9.0649514531893e-01,              1244160
  4.6224159625894e+00,  0.0000000000000e+00,  9.9258521493852e-01,  1.6824067193654e-01,  6.3155387568749e-02,  2.2530305730676e-04,  1.5584491184828e-04, -2.1380063377549e-02,                 -nan,                 -nan,  1.4513482795982e-02, -1.6320892246524e+00,  5.3051149100000e-01,  9.0769595550412e-01,              1244160
  4.6239058204295e+00,  0.0000000000000e+00,  9.7352153339044e-01,  1.6867080477779e-01,  3.1465245489925e-02,  1.5902940898081e-04, -8.5936870450210e-05, -1.2009334602522e-02,                 -nan,                 -nan, -3.2596391984101e-03, -6.2672856559982e-01,  5.2967557800000e-01,  9.1206757973251e-01,              1244160
  4.6276689393227e+00,  0.0000000000000e+00,  9.5878191578230e-01,  1.6880817343899e-01,  2.9458863514129e-02,  1.5387564162935e-04, -1.2188151050156e-04, -8.4067648920527e-03,                 -nan,                 -nan, -8.3624838628561e-03, -5.7178030209201e-01,  4.5969817800000e-01,  9.0084796167695e-01,              1244160
  4.6343853791387e+00,  0.0000000000000e+00,  9.5148546501091e-01,  1.6878431218022e-01,  3.4813052106244e-02,  1.6727572959004e-04, -1.0268665262188e-04, -1.0210348447355e-02,                 -nan,                 -nan, -8.7491357230738e-03, -8.3085585411702e-01,  4.8713099900000e-01,  9.1055169753086e-01,              1244160
  4.6432914365387e+00,  0.0000000000000e+00,  9.5122484137922e-01,  1.6887068631807e-01,  2.1015364541983e-02,  1.2996617773231e-04,  1.6978146736384e-05, -6.7916777583828e-03,                 -nan,                 -nan, -1.3705639966972e-02, -3.3168966938846e-01,  4.9740304800000e-01,  9.0251173482510e-01,              1244160
  4.6509735189682e+00,  0.0000000000000e+00,  9.6043563965663e-01,  1.6823427206453e-01,  1.2294884045313e-01,  3.1435769907397e-04,  2.9114097596530e-04, -3.9804293349173e-02,                 -nan,                 -nan,  1.8448722375220e-02, -5.7252584133897e+00,  4.7289132300000e-01,  8.9264001414609e-01,              1244160
  4.6506992347557e+00,  0.0000000000000e+00,  9.5814116955413e-01,  1.6884846594328e-01,  2.6674494247994e-02,  1.4642322891639e-04,  8.5645430579527e-05, -1.0538223092642e-02,                 -nan,                 -nan, -9.0573929760107e-03, -4.8865352466842e-01,  4.7929562700000e-01,  9.0651202417695e-01,              1244160
  4.6483230892392e+00,  0.0000000000000e+00,  9.6232865416391e-01,  1.6859377472073e-01,  3.1906759480960e-02,  1.6014125659006e-04,  7.3741857349867e-06, -9.0013410347749e-03,                 -nan,                 -nan, -5.0282863218142e-03, -6.4965770512699e-01,  4.8796071000000e-01,  9.0436921296296e-01,              1244160
  4.6461011886037e+00,  0.0000000000000e+00,  9.6970512552365e-01,  1.6886095051903e-01,  2.3782207923357e-02,  1.3825726727684e-04, -1.2555874813160e-05, -7.0177285380257e-03,                 -nan,                 -nan, -9.2248459800601e-03, -3.9381820817113e-01,  6.2286857100000e-01,  8.9669576260288e-01,              1244160
  4.6445232221715e+00,  0.0000000000000e+00,  9.8265771710405e-01,  1.6814347279788e-01,  2.3537746406287e-01,  4.3495499483275e-04,  4.2940637564969e-04, -1.3741851725079e-01,                 -nan,                 -nan,  2.9397502268717e-02, -1.3529686229968e+01,  6.0058045200000e-01,  9.0102880658436e-01,              1244160
  4.6335831944235e+00,  0.0000000000000e+00,  9.7920759366622e-01,  1.6865732375208e-01,  3.1657483522705e-02,  1.5951446714487e-04, -4.2776697222819e-05, -9.2313224901206e-03,                 -nan,                 -nan, -1.9673459297582e-03, -5.9607425890930e-01,  5.1981598600000e-01,  9.0688335905350e-01,              1244160
  4.6249635952331e+00,  0.0000000000000e+00,  9.7757998191999e-01,  1.6899773735761e-01,  3.3324447261653e-02,  1.6366030645397e-04, -2.5761179659910e-04, -9.9717466483537e-03,                 -nan,                 -nan, -7.6790639352966e-03, -8.1454035019106e-01,  4.9876605500000e-01,  9.0300765174897e-01,              1244160
  4.6241689585810e+00,  0.0000000000000e+00,  9.8142018332661e-01,  1.6849627552697e-01,  3.8516862277171e-02,  1.7594921479587e-04,  2.9214870823756e-05, -1.2423129203497e-02,                 -nan,                 -nan,  2.2029069128010e-03, -8.2115946012296e-01,  5.2619802400000e-01,  8.9628665123457e-01,              1244160
  4.6228416980231e+00,  0.0000000000000e+00,  9.8370751779032e-01,  1.6870353180548e-01,  3.8762443870616e-02,  1.7650924524312e-04, -2.0075136442587e-04, -9.5986845351525e-03,                 -nan,                 -nan, -4.2826126040146e-04, -8.9022651891815e-01,  5.6132266300000e-01,  9.0237590020576e-01,              1244160
  4.6270939568179e+00,  0.0000000000000e+00,  9.8634901913313e-01,  1.6851443646157e-01,  4.5725419086658e-02,  1.9170821788323e-04,  4.7698199812532e-06, -1.4466869375041e-02,                 -nan,                 -nan,  4.3772536194354e-03, -1.0696249590252e+00,  5.4884890600000e-01,  8.9975163966049e-01,              1244160
  4.6309985636911e+00,  0.0000000000000e+00,  9.8618990689793e-01,  1.6857950410393e-01,  4.1621494928148e-02,  1.8290295418839e-04,  1.4706784011129e-04, -1.7008522447518e-02,                 -nan,                 -nan,  2.1300443458582e-03, -1.0154481659710e+00,  5.3262282900000e-01,  8.9491383744856e-01,              1244160
  4.6308296120089e+00,  0.0000000000000e+00,  9.8496978223468e-01,  1.6837821826825e-01,  4.3422895686972e-02,  1.8681909906969e-04,  1.5183137517217e-04, -1.5121137372076e-02,                 -nan,                 -nan,  6.8658134864762e-03, -9.5830165063585e-01,  5.2542866900000e-01,  8.9668049125514e-01,              1244160
  4.6268324020306e+00,  0.0000000000000e+00,  9.7962910171750e-01,  1.6888188856173e-01,  3.7947140527736e-02,  1.7464309147661e-04, -1.8732959787381e-04, -1.1500079312889e-02,                 -nan,                 -nan, -1.9510708726158e-03, -8.6307359436205e-01,  5.1913440700000e-01,  9.0061889146091e-01,              1244160
  4.6283803913344e+00,  0.0000000000000e+00,  9.7639583915580e-01,  1.6859676391309e-01,  3.2472469951725e-02,  1.6155468041240e-04, -4.4011246106464e-05, -9.0673622804953e-03,                 -nan,                 -nan, -2.5163075526950e-03, -6.5038750383013e-01,  5.8404236600000e-01,  9.0305426954733e-01,              1244160
  4.6310748707182e+00,  0.0000000000000e+00,  9.7537562699201e-01,  1.6837040441016e-01,  5.8181692778975e-02,  2.1624947366328e-04, -3.8048016826740e-05, -1.5585186408543e-02,                 -nan,                 -nan,  7.0113086481693e-03, -1.7276007648725e+00,  5.8831843700000e-01,  9.0310169110082e-01,              1244160
  4.6347354624990e+00,  0.0000000000000e+00,  9.7034736200345e-01,  1.6863895602435e-01,  3.6302740110342e-02,  1.7081719499564e-04,  9.3789043490637e-05, -1.3174713702166e-02,                 -nan,                 -nan, -3.5778437774679e-03, -8.3525184303014e-01,  5.8220538200000e-01,  9.0703848379630e-01,              1244160
  4.6356952502875e+00,  0.0000000000000e+00,  9.6848854453664e-01,  1.6873754565431e-01,  2.9079648952538e-02,  1.5288203763776e-04, -9.3579253327221e-05, -8.6843621787541e-03,                 -nan,                 -nan, -7.0556788685115e-03, -6.1284663376069e-01,  5.2835187800000e-01,  8.8801440329218e-01,              1244160
  4.6391973546579e+00,  0.0000000000000e+00,  9.7174765841727e-01,  1.6847944345135e-01,  3.3680257973967e-02,  1.6453170089357e-04,  1.7017764202865e-05, -9.6175128640337e-03,                 -nan,                 -nan, -3.0842885213248e-03, -7.1020390426172e-01,  5.6429887300000e-01,  9.0857847865226e-01,              1244160
  4.6420290617755e+00,  0.0000000000000e+00,  9.7699755230046e-01,  1.6890871991268e-01,  3.2422807215208e-02,  1.6143109391691e-04, -1.3234785371194e-04, -1.1127113952664e-02,                 -nan,                 -nan, -5.2976889428845e-03, -7.1540809873588e-01,  5.2960520500000e-01,  8.9071019804527e-01,              1244160
  4.6483102773305e+00,  0.0000000000000e+00,  9.8553113661439e-01,  1.6854803687288e-01,  3.1312347961281e-02,  1.5864255654026e-04,  2.2889921017419e-05, -8.3328006985252e-03,                 -nan,                 -nan, -9.5434053223738e-04, -5.9651964927352e-01,  5.3332634100000e-01,  9.0959764017490e-01,              1244160
  4.6534723587187e+00,  0.0000000000000e+00,  9.9407846117374e-01,  1.6833292114506e-01,  1.0131743046574e-01,  2.8536714232202e-04,  3.4803310414300e-04, -4.5636187811827e-02,                 -nan,                 -nan,  1.9293324898480e-02, -3.9059988625065e+00,  4.8848075700000e-01,  9.0623713991770e-01,              1244160
  4.6493239339447e+00,  0.0000000000000e+00,  9.9012962113120e-01,  1.6874242774823e-01,  3.6167694336738e-02,  1.7049917997153e-04,  1.9978082027761e-05, -1.0554899427659e-02,                 -nan,                 -nan, -1.7122646657847e-04, -8.1173706828203e-01,  4.6707138100000e-01,  9.0283404063786e-01,              1244160
  4.6451819346261e+00,  0.0000000000000e+00,  9.8695039583348e-01,  1.6893543983053e-01,  3.0343012456901e-02,  1.5616770584116e-04, -8.6609617731261e-05, -8.3377497857113e-03,                 -nan,                 -nan, -3.6740945147166e-03, -5.8509266481237e-01,  5.0469611800000e-01,  8.9820682227366e-01,              1244160
  4.6439052209358e+00,  0.0000000000000e+00,  9.8673651290886e-01,  1.6884009408278e-01,  3.4159131005701e-02,  1.6569724578739e-04,  3.7568874932790e-05, -1.0249165318759e-02,                 -nan,                 -nan, -2.2124925764011e-03, -7.4169213817682e-01,  4.6971684400000e-01,  8.9877909593621e-01,              1244160
  4.6418713877551e+00,  0.0000000000000e+00,  9.8827613154529e-01,  1.6877040337260e-01,  3.5738376315311e-02,  1.6948422877311e-04, -4.8365390323625e-05, -1.0772641978557e-02,                 -nan,                 -nan, -6.3142558729061e-04, -7.4096127351410e-01,  4.5977353800000e-01,  9.0211869855967e-01,              1244160
  4.6415003856016e+00,  0.0000000000000e+00,  9.9033967111788e-01,  1.6866900952654e-01,  3.8143647941191e-02,  1.7509469793490e-04,  5.1007755841752e-05, -1.4205058772309e-02,                 -nan,                 -nan, -1.8625682601460e-04, -8.6422575423628e-01,  4.9298987700000e-01,  9.0756172839506e-01,              1244160
  4.6399661774719e+00,  0.0000000000000e+00,  9.9261936147091e-01,  1.6857322184230e-01,  3.6415535432193e-02,  1.7108236006771e-04,  6.9221445308920e-05, -9.7991189224750e-03,                 -nan,                 -nan,  3.1721043626506e-03, -7.3883006286814e-01,  4.7272082100000e-01,  9.1270736882716e-01,              1244160
  4.6368202921276e+00,  0.0000000000000e+00,  9.9278089342603e-01,  1.6887416114928e-01,  3.6644562724804e-02,  1.7161950877129e-04, -3.2100527961355e-06, -1.2253043286259e-02,                 -nan,                 -nan, -2.1595970142860e-03, -8.6408459188289e-01,  4.6250854200000e-01,  8.9922437628601e-01,              1244160
  4.6342372814015e+00,  0.0000000000000e+00,  9.9468364225814e-01,  1.6842663030525e-01,  3.6456144773010e-02,  1.7117772604202e-04,  1.1466325843441e-04, -1.3728683259556e-02,                 -nan,                 -nan,  1.5926272168954e-03, -7.8296858754085e-01,  5.0696159100000e-01,  9.0166538065844e-01,              1244160
  4.6289419274353e+00,  0.0000000000000e+00,  9.9558431308808e-01,  1.6848644989623e-01,  4.9389487067232e-02,  1.9924119627084e-04,  7.0643317696488e-05, -1.6035005455529e-02,                 -nan,                 -nan,  7.6772338484930e-03, -1.2056957340038e+00,  4.7733694000000e-01,  9.0248922968107e-01,              1244160
  4.6224364850104e+00,  0.0000000000000e+00,  9.9158457170352e-01,  1.6867447207750e-01,  3.4936399324080e-02,  1.6757180750567e-04, -3.3982326022943e-05, -1.1719904844564e-02,                 -nan,                 -nan,  8.4849323762299e-05, -7.0678669440732e-01,  4.8934472700000e-01,  9.0500498328189e-01,              1244160
  4.6176678136244e+00,  0.0000000000000e+00,  9.8815769899383e-01,  1.6848036474677e-01,  6.8038843244656e-02,  2.3385159877996e-04, -4.0564207997544e-05, -2.3578099419380e-02,                 -nan,                 -nan,  1.2788784063335e-02, -2.0665529483167e+00,  4.9238029800000e-01,  9.0980018647119e-01,              1244160
  4.6148167815726e+00,  0.0000000000000e+00,  9.7710600864719e-01,  1.6838344482536e-01,  6.7745036663005e-02,  2.3334614138783e-04, -6.8812431317778e-05, -1.9215186035146e-02,                 -nan,                 -nan,  9.2234245126315e-03, -2.1265709552316e+00,  4.7630355400000e-01,  9.0014387217078e-01,              1244160
  4.6144247714907e+00,  0.0000000000000e+00,  9.6162927800987e-01,  1.6838289303146e-01,  2.9058962781723e-02,  1.5282765069211e-04, -1.5416862259294e-04, -8.9786352150766e-03,                 -nan,                 -nan, -6.0347241646338e-03, -5.7050445474017e-01,  4.8964951700000e-01,  9.1200569058642e-01,              1244160
  4.6184845723562e+00,  0.0000000000000e+00,  9.5198111811769e-01,  1.6815279690605e-01,  4.8110022224200e-02,  1.9664352987637e-04, -6.3208914327315e-05, -1.5346056358284e-02,                 -nan,                 -nan,  3.3812119543559e-03, -1.2521180882662e+00,  4.7084110400000e-01,  9.0309124228395e-01,              1244160
  4.6241231298738e+00,  0.0000000000000e+00,  9.4140170586364e-01,  1.6864441808226e-01,  2.9761228568830e-02,  1.5466331353924e-04, -1.4960414497614e-04, -1.0289108582877e-02,                 -nan,                 -nan, -1.1567831997808e-02, -6.4023441540776e-01,  4.8730561100000e-01,  9.0855275848765e-01,              1244160
  4.6335187275658e+00,  0.0000000000000e+00,  9.3997779791112e-01,  1.6870062661579e-01,  2.4930129025205e-02,  1.4155465179715e-04, -1.6356435480281e-04, -8.2016751306437e-03,                 -nan,                 -nan, -1.2248048040059e-02, -4.4383868138538e-01,  4.7676618800000e-01,  9.0066149048354e-01,              1244160
  4.6466569396421e+00,  0.0000000000000e+00,  9.4710941608526e-01,  1.6899129272436e-01,  2.6873667436680e-02,  1.4696886895279e-04, -6.0057265276717e-05, -9.3677150118395e-03,                 -nan,                 -nan, -1.4045220798428e-02, -5.9297852261568e-01,  4.8225343200000e-01,  9.0773453575103e-01,              1244160
  4.6603207935499e+00,  0.0000000000000e+00,  9.6307673856969e-01,  1.6863192582893e-01,  2.3317012937594e-02,  1.3689838966209e-04,  1.5870230335925e-04, -7.5250714129427e-03,                 -nan,                 -nan, -1.0589912970983e-02, -4.0677890072583e-01,  4.9490824800000e-01,  9.0956790123457e-01,              1244160
  4.6682891975348e+00,  0.0000000000000e+00,  9.8460572277460e-01,  1.6835548369828e-01,  4.9187857058284e-02,  1.9883408443864e-04,  3.3039454362237e-04, -1.3633709565824e-02,                 -nan,                 -nan,  6.1622608614470e-03, -1.2082590655482e+00,  4.8677568600000e-01,  9.0494791666667e-01,              1244160
  4.6664140588325e+00,  0.0000000000000e+00,  1.0002928568779e+00,  1.6850734877380e-01,  6.1674492916379e-02,  2.2264588686334e-04,  3.5023589438296e-04, -1.6560984749811e-02,                 -nan,                 -nan,  1.1250093346149e-02, -1.7401045151191e+00,  4.6810750000000e-01,  9.1001237782922e-01,              1244160
  4.6552912118866e+00,  0.0000000000000e+00,  1.0074597387116e+00,  1.6880012125712e-01,  5.4269865702655e-02,  2.0885325883137e-04,  1.7900057628752e-04, -1.9011675758564e-02,                 -nan,                 -nan,  6.4947561210950e-03, -1.6023749783875e+00,  4.9619634800000e-01,  9.0070569701646e-01,              1244160
  4.6405932125963e+00,  0.0000000000000e+00,  1.0101192662646e+00,  1.6858552038888e-01,  4.1962230655221e-02,  1.8365009867743e-04,  1.1701249093958e-04, -1.1711324581280e-02,                 -nan,                 -nan,  8.9095392478580e-03, -8.5683816660570e-01,  5.0562884300000e-01,  9.0616158693416e-01,              1244160
  4.6242658009308e+00,  0.0000000000000e+00,  1.0068577200715e+00,  1.6843922631598e-01,  5.4946613826181e-02,  2.1015142994989e-04, -3.6074842186955e-05, -1.4635260493032e-02,                 -nan,                 -nan,  1.4481994885858e-02, -1.2365500342296e+00,  4.6783615500000e-01,  9.0139773019547e-01,              1244160
  4.6107382126580e+00,  0.0000000000000e+00,  9.9475896817640e-01,  1.6874696830347e-01,  3.0447836258904e-02,  1.5643722388794e-04, -1.8451012861643e-04, -1.0567899217175e-02,                 -nan,                 -nan, -5.9725055614799e-04, -5.3412955806523e-01,  4.8726247000000e-01,  9.0421167695473e-01,              1244160
  4.6038325781255e+00,  0.0000000000000e+00,  9.8441533704720e-01,  1.6857894985885e-01,  3.4179949716850e-02,  1.6574773122943e-04, -2.8382791786464e-04, -9.0596687991917e-03,                 -nan,                 -nan,  5.3837970559414e-04, -6.6748590975900e-01,  4.7587082400000e-01,  9.0667357896091e-01,              1244160
  4.6056103548841e+00,  0.0000000000000e+00,  9.7494506833357e-01,  1.6907528261563e-01,  2.2064745803596e-02,  1.3317151700502e-04, -3.7567111718691e-04, -6.1921082496619e-03,                 -nan,                 -nan, -1.2049012053680e-02, -3.7743351595292e-01,  4.9502537100000e-01,  9.0889515817901e-01,              1244160
  4.6175694509663e+00,  0.0000000000000e+00,  9.7457164855660e-01,  1.6863855773120e-01,  2.5437277307114e-02,  1.4298721091687e-04, -7.6951962053132e-05, -9.2000466562293e-03,                 -nan,                 -nan, -5.2151592629888e-03, -4.1187475550294e-01,  4.7272056200000e-01,  9.0214682998971e-01,              1244160
  4.6305934940688e+00,  0.0000000000000e+00,  9.7783355517542e-01,  1.6847578970461e-01,  4.3740579842302e-02,  1.8750124279917e-04,  1.1254890507273e-04, -1.4937433369448e-02,                 -nan,                 -nan,  4.9191321441545e-03, -9.9057026847555e-01,  9.4467586600000e-01,  9.0843701774691e-01,              1244160
  4.6394467305328e+00,  0.0000000000000e+00,  9.7783281154019e-01,  1.6839067031315e-01,  5.5195463247191e-02,  2.1062677301855e-04,  8.8127784350852e-05, -1.9972266779279e-02,                 -nan,                 -nan,  5.8935852883353e-03, -1.4894478073904e+00,  4.8985923700000e-01,  9.0969971707819e-01,              1244160
  4.6452787338924e+00,  0.0000000000000e+00,  9.7440381388447e-01,  1.6872661604004e-01,  3.2465185234405e-02,  1.6153655819701e-04,  4.2959903440019e-05, -1.1552003127184e-02,                 -nan,                 -nan, -4.0813917849330e-03, -6.8238072586338e-01,  4.8942885800000e-01,  9.0455729166667e-01,              1244160
  4.6495136173244e+00,  0.0000000000000e+00,  9.7426221620817e-01,  1.6873400143821e-01,  2.2277452878744e-02,  1.3381187296814e-04,  7.0001029993101e-05, -6.2088131187731e-03,                 -nan,                 -nan, -7.7603924511030e-03, -3.3959592220400e-01,  4.5362895800000e-01,  9.0078687628601e-01,              1244160
  4.6514817348300e+00,  0.0000000000000e+00,  9.7942241393572e-01,  1.6829105213048e-01,  6.2390343232138e-02,  2.2393427453342e-04,  2.5730080641686e-04, -1.5097983411059e-02,                 -nan,                 -nan,  1.0177466187751e-02, -1.7416403510008e+00,  5.0073241200000e-01,  9.0618730709877e-01,              1244160
  4.6463515278802e+00,  0.0000000000000e+00,  9.7786338443916e-01,  1.6858686656107e-01,  2.7027011661361e-02,  1.4738758309524e-04,  1.1116684816529e-04, -8.0514633381101e-03,                 -nan,                 -nan, -3.7243642994110e-03, -4.6596844025402e-01,  4.9261051200000e-01,  8.9900334362140e-01,              1244160
  4.6387627932290e+00,  0.0000000000000e+00,  9.7909751687507e-01,  1.6896803405623e-01,  1.9902024029088e-02,  1.2647669425648e-04, -2.3766062279496e-05, -6.8795093606946e-03,                 -nan,                 -nan, -1.1339792645623e-02, -2.9637678337083e-01,  5.0340540100000e-01,  9.0757539223251e-01,              1244160
  4.6326703152628e+00,  0.0000000000000e+00,  9.8784157523572e-01,  1.6826600194004e-01,  6.5572225884899e-02,  2.2957354782439e-04,  9.4800924009177e-05, -1.7676473185187e-02,                 -nan,                 -nan,  1.3169014427870e-02, -1.9221795433645e+00,  4.9379930700000e-01,  8.9781539351852e-01,              1244160
  4.6247876575266e+00,  0.0000000000000e+00,  9.8759648644024e-01,  1.6859791419727e-01,  2.7182463364499e-02,  1.4781084113387e-04, -7.4425535204640e-05, -9.2465119436353e-03,                 -nan,                 -nan, -2.6370966733628e-03, -4.7439473480498e-01,  4.5324541000000e-01,  9.1233844521605e-01,              1244160
  4.6198797479501e+00,  0.0000000000000e+00,  9.8928248535828e-01,  1.6856416703393e-01,  4.5001989734768e-02,  1.9018564809427e-04, -1.7678861133481e-04, -1.1350306264982e-02,                 -nan,                 -nan,  2.6656633705963e-03, -1.2495431024636e+00,  4.7351138300000e-01,  9.0073945473251e-01,              1244160
  4.6205430507746e+00,  0.0000000000000e+00,  9.8944616119623e-01,  1.6811815143357e-01,  3.5558860024962e-02,  1.6905802749651e-04, -6.9718290173703e-05, -1.0153569168801e-02,                 -nan,                 -nan,  5.8950259684883e-03, -6.6775312733050e-01,  5.2982459400000e-01,  9.1290107381687e-01,              1244160
  4.6232280044031e+00,  0.0000000000000e+00,  9.8589102478906e-01,  1.6870332048093e-01,  3.9587421876850e-02,  1.7837767229258e-04, -2.3355498827744e-04, -1.1285871127210e-02,                 -nan,                 -nan,  2.3882815558967e-04, -9.1465786780628e-01,  4.8120272200000e-01,  9.0104729295267e-01,              1244160
  4.6323002327798e+00,  0.0000000000000e+00,  9.8282922123178e-01,  1.6867523813135e-01,  4.5774809710087e-02,  1.9181172740896e-04, -2.9492681120348e-05, -1.3383270296515e-02,                 -nan,                 -nan,  3.7222348216207e-03, -1.0967185668976e+00,  4.9516111900000e-01,  9.0536747685185e-01,              1244160
  4.6414947853615e+00,  0.0000000000000e+00,  9.7794514338253e-01,  1.6888234612312e-01,  2.5379769533735e-02,  1.4282548903158e-04, -6.9536605575290e-05, -8.1640019951338e-03,                 -nan,                 -nan, -7.2116111069148e-03, -4.3204226349002e-01,  4.8052089700000e-01,  9.0754243827160e-01,              1244160
  4.6518460716421e+00,  0.0000000000000e+00,  9.7851737000507e-01,  1.6863026128763e-01,  4.0765362292892e-02,  1.8101207042979e-04,  6.7149685965478e-05, -8.0425184315490e-03,                 -nan,                 -nan,  2.7063083760912e-03, -9.1988822742653e-01,  5.4649935000000e-01,  9.1071968235597e-01,              1244160
  4.6594129374209e+00,  0.0000000000000e+00,  9.7752764673025e-01,  1.6847465280112e-01,  4.8273248817642e-02,  1.9697683126795e-04,  2.8957758460546e-04, -2.0095924050583e-02,                 -nan,                 -nan,  2.2092803877757e-03, -1.3293707133368e+00,  5.5025964300000e-01,  9.0742107124486e-01,              1244160
  4.6583914958048e+00,  0.0000000000000e+00,  9.7559689695450e-01,  1.6833316977105e-01,  3.2567359987608e-02,  1.6179055323971e-04,  3.5913571759439e-04, -1.1001538157978e-02,                 -nan,                 -nan, -9.3909792892218e-04, -6.5650610047371e-01,  5.2045619600000e-01,  9.0601851851852e-01,              1244160
  4.6476710718083e+00,  0.0000000000000e+00,  9.7470870415024e-01,  1.6819622785173e-01,  4.1088760455932e-02,  1.8172865095629e-04,  2.2060904785195e-04, -8.4234940509731e-03,                 -nan,                 -nan,  3.1361409267026e-03, -9.3994390354746e-01,  4.7478561600000e-01,  9.0353170010288e-01,              1244160
  4.6320380164936e+00,  0.0000000000000e+00,  9.7210797695195e-01,  1.6873699370739e-01,  2.9710468274478e-02,  1.5453136156534e-04, -9.2731184021133e-05, -8.5187879297370e-03,                 -nan,                 -nan, -5.8191119427531e-03, -5.9760866767229e-01,  4.9755243600000e-01,  9.0297791280864e-01,              1244160
  4.6206355408997e+00,  0.0000000000000e+00,  9.7389826405464e-01,  1.6869987172007e-01,  3.9448166109831e-02,  1.7806365837374e-04, -7.1882636698830e-05, -1.4441848455907e-02,                 -nan,                 -nan, -3.2242564531245e-03, -9.6693812118590e-01,  4.8128331100000e-01,  9.0680137602881e-01,              1244160
  4.6125527647444e+00,  0.0000000000000e+00,  9.7802164310382e-01,  1.6891629023773e-01,  2.3846719626269e-02,  1.3844465886384e-04, -2.4587288743631e-04, -6.7364680331249e-03,                 -nan,                 -nan, -8.8442317913192e-03, -3.8994748663590e-01,  4.9292310400000e-01,  8.9440827546296e-01,              1244160
  4.6122095160251e+00,  0.0000000000000e+00,  9.8783816467544e-01,  1.6886977385739e-01,  3.8624116513416e-02,  1.7619401900004e-04, -3.3889758292970e-04, -1.0007620546706e-02,                 -nan,                 -nan, -1.5902618321248e-03, -9.0019379199492e-01,  4.5783649000000e-01,  9.0751912937243e-01,              1244160
  4.6213839431682e+00,  0.0000000000000e+00,  9.9807495307792e-01,  1.6881426339328e-01,  3.4324348668942e-02,  1.6609747682684e-04, -1.4989059707428e-04, -1.2082481286283e-02,                 -nan,                 -nan,  4.9430569038613e-04, -6.7761486914082e-01,  4.7221712300000e-01,  9.1047212577160e-01,              1244160
  4.6339478353277e+00,  0.0000000000000e+00,  1.0072046074517e+00,  1.6825524514534e-01,  6.1328372542019e-02,  2.2202025787260e-04,  1.2001346932878e-04, -2.1874180567387e-02,                 -nan,                 -nan,  1.4351630184701e-02, -1.6654907210897e+00,  4.9745590100000e-01,  9.0459587191358e-01,              1244160
  4.6422588667303e+00,  0.0000000000000e+00,  1.0062464283198e+00,  1.6871556508171e-01,  4.5448854030654e-02,  1.9112757576430e-04,  1.2611306393393e-04, -1.6027709597200e-02,                 -nan,                 -nan,  7.3910644418489e-03, -1.0108256131266e+00,  4.6980375200000e-01,  8.9869470164609e-01,              1244160
  4.6464815464312e+00,  0.0000000000000e+00,  1.0007326869072e+00,  1.6858880233787e-01,  3.6446725771407e-02,  1.7115561142401e-04,  1.5242788238873e-04, -9.9200804331227e-03,                 -nan,                 -nan,  5.2319794504962e-03, -6.9584851245875e-01,  4.8209424300000e-01,  9.0479681069959e-01,              1244160
  4.6462017106626e+00,  0.0000000000000e+00,  9.9246017940855e-01,  1.6863465621247e-01,  3.4938191830860e-02,  1.6757610631371e-04,  1.2654593894051e-04, -1.1018490703224e-02,                 -nan,                 -nan,  1.5377413364871e-03, -6.9841204445518e-01,  4.9404631900000e-01,  8.9975565843621e-01,              1244160
  4.6425937653099e+00,  0.0000000000000e+00,  9.8419198997777e-01,  1.6872987902813e-01,  3.5360469150195e-02,  1.6858576148325e-04,  1.3547613368847e-04, -1.2736904765120e-02,                 -nan,                 -nan, -2.1422298848256e-03, -7.6444878402095e-01,  4.8074295200000e-01,  9.1453591177984e-01,              1244160
  4.6357592437839e+00,  0.0000000000000e+00,  9.7845012554032e-01,  1.6883480792065e-01,  3.1859784556284e-02,  1.6002332868958e-04, -8.6936468876851e-05, -1.1153381401785e-02,                 -nan,                 -nan, -4.4500864075500e-03, -6.7103240947153e-01,  5.2774190000000e-01,  9.0178835519547e-01,              1244160
  4.6321698688171e+00,  0.0000000000000e+00,  9.7653097104128e-01,  1.6833251625992e-01,  5.4037176872463e-02,  2.0840503564036e-04,  9.7471767395124e-05, -1.7982237483260e-02,                 -nan,                 -nan,  6.0086447491608e-03, -1.5375292443142e+00,  7.0877343800000e-01,  9.0182693544239e-01,              1244160
  4.6264691361472e+00,  0.0000000000000e+00,  9.7123309082935e-01,  1.6828000901122e-01,  4.7762270286350e-02,  1.9593154527371e-04,  1.2492701018737e-04, -1.8372203022282e-02,                 -nan,                 -nan,  5.5958366349744e-03, -1.1690530712561e+00,  5.7438082000000e-01,  9.0462641460905e-01,              1244160
  4.6181032229711e+00,  0.0000000000000e+00,  9.6304183422689e-01,  1.6891214550484e-01,  2.3863780527503e-02,  1.3849417444446e-04, -2.7383381027806e-04, -6.0400107331329e-03,                 -nan,                 -nan, -1.1492050060972e-02, -4.1707202042826e-01,  5.1079223200000e-01,  9.0070810828189e-01,              1244160
  4.6182953519343e+00,  0.0000000000000e+00,  9.6364621855219e-01,  1.6869824207406e-01,  3.2959782451282e-02,  1.6276238721346e-04, -1.5732452783536e-04, -1.2672662269696e-02,                 -nan,                 -nan, -7.1560272176055e-03, -7.4930568158844e-01,  6.0574358300000e-01,  9.1438962834362e-01,              1244160
  4.6230204240453e+00,  0.0000000000000e+00,  9.6930644873553e-01,  1.6866174819620e-01,  4.1080018371187e-02,  1.8170931754538e-04, -1.5379449079532e-04, -1.2384624351394e-02,                 -nan,                 -nan, -1.0407141462834e-03, -9.8295058205560e-01,  5.2972457600000e-01,  9.0324556327160e-01,              1244160
  4.6317270486573e+00,  0.0000000000000e+00,  9.7545516929838e-01,  1.6810421648441e-01,  4.2965252410546e-02,  1.8583202802437e-04,  6.2606966996247e-05, -1.2431531354561e-02,                 -nan,                 -nan,  4.1800498243991e-03, -9.8638007846928e-01,  5.1379337100000e-01,  9.0452674897119e-01,              1244160
  4.6380067737948e+00,  0.0000000000000e+00,  9.7848383144798e-01,  1.6882296709560e-01,  2.4453273347859e-02,  1.4019430887802e-04,  2.9435792066441e-07, -7.7503917064692e-03,                 -nan,                 -nan, -7.9296330499501e-03, -4.2388838018697e-01,  4.8982913900000e-01,  9.0821678883745e-01,              1244160
  4.6437715518334e+00,  0.0000000000000e+00,  9.8675834134896e-01,  1.6841900199822e-01,  5.6239056085502e-02,  2.1260863252530e-04,  7.2610472629020e-05, -1.8812389979702e-02,                 -nan,                 -nan,  5.5468477207841e-03, -1.5975886647109e+00,  5.0178940500000e-01,  9.0219264403292e-01,              1244160
  4.6472001906595e+00,  0.0000000000000e+00,  9.9097419788827e-01,  1.6859456313093e-01,  4.7035730459249e-02,  1.9443561996190e-04,  1.5870524475429e-04, -1.7463421035360e-02,                 -nan,                 -nan,  7.7657361266300e-03, -1.0737482818508e+00,  5.3390933900000e-01,  9.0639628343621e-01,              1244160
  4.6460852410870e+00,  0.0000000000000e+00,  9.8983391213702e-01,  1.6864435805205e-01,  3.5079178376325e-02,  1.6791387693821e-04,  1.7238648614184e-04, -1.2600822599581e-02,                 -nan,                 -nan,  3.4191258196286e-04, -7.1829711801175e-01,  5.1936932300000e-01,  9.0616158693416e-01,              1244160
  4.6404257647326e+00,  0.0000000000000e+00,  9.8881712116187e-01,  1.6866379046389e-01,  2.8489556171183e-02,  1.5132292398643e-04,  5.1235640249909e-05, -9.1391044654291e-03,                 -nan,                 -nan, -2.0980435171274e-03, -5.1229078193939e-01,  5.0021316500000e-01,  9.0303015689300e-01,              1244160
  4.6340106256004e+00,  0.0000000000000e+00,  9.8951414697535e-01,  1.6860024427258e-01,  5.6140311537340e-02,  2.1242190137965e-04,  1.5953162087800e-04, -2.7319612091455e-02,                 -nan,                 -nan,  6.3395236521911e-03, -1.5595865852778e+00,  9.3747705200000e-01,  9.0934284979424e-01,              1244160
  4.6241320454352e+00,  0.0000000000000e+00,  9.8632682176153e-01,  1.6860491939719e-01,  3.5739130691764e-02,  1.6948601752584e-04, -5.6903398039584e-05, -1.1771001388948e-02,                 -nan,                 -nan, -1.0169705917362e-03, -7.8096947023357e-01,  4.8536366000000e-01,  9.0120322145062e-01,              1244160
  4.6169924367438e+00,  0.0000000000000e+00,  9.8441995457839e-01,  1.6845194243369e-01,  3.6731246649722e-02,  1.7182237468227e-04,  3.6735985221323e-05, -1.4004206320857e-02,                 -nan,                 -nan,  1.6396697515357e-03, -7.5778097032888e-01,  5.3401593000000e-01,  9.0978411136831e-01,              1244160
  4.6097135003679e+00,  0.0000000000000e+00,  9.8183112393779e-01,  1.6910032757897e-01,  2.8049783800531e-02,  1.5015045127700e-04, -3.1987531151322e-04, -1.0753513100758e-02,                 -nan,                 -nan, -8.2983336936973e-03, -5.6941940737961e-01,  5.0687194400000e-01,  9.0983635545267e-01,              1244160
  4.6123299364206e+00,  0.0000000000000e+00,  9.8541343344479e-01,  1.6880052801396e-01,  3.1118859678747e-02,  1.5815164729851e-04, -2.0535880868098e-04, -1.1613193294000e-02,                 -nan,                 -nan, -4.6254008838210e-03, -6.3083784906781e-01,  5.0808231600000e-01,  9.0175540123457e-01,              1244160
  4.6206069189977e+00,  0.0000000000000e+00,  9.9204759567544e-01,  1.6870229055498e-01,  2.9458750209812e-02,  1.5387534571177e-04, -1.8737499055198e-04, -1.0706968388958e-02,                 -nan,                 -nan, -3.6687561053247e-03, -5.3890504692127e-01,  5.0693799700000e-01,  9.0175459747942e-01,              1244160
  4.6334584508135e+00,  0.0000000000000e+00,  1.0007469163368e+00,  1.6859163066423e-01,  3.0168500374157e-02,  1.5571797379714e-04, -5.2594931754490e-05, -9.3268622708835e-03,                 -nan,                 -nan,  2.7043670537271e-04, -5.3952218309929e-01,  5.0067780400000e-01,  8.9788451646091e-01,              1244160
  4.6466566673459e+00,  0.0000000000000e+00,  1.0085931014210e+00,  1.6894575047610e-01,  4.2440689389031e-02,  1.8469413204739e-04,  1.6536715138280e-04, -1.3333794245008e-02,                 -nan,                 -nan,  4.8929172692242e-03, -9.3582479975404e-01,  5.1717163100000e-01,  9.0669286908436e-01,              1244160
  4.6540788710091e+00,  0.0000000000000e+00,  1.0125980233358e+00,  1.6866733391926e-01,  3.4399581501341e-02,  1.6627940517178e-04,  1.7893097658419e-04, -1.1443006218823e-02,                 -nan,                 -nan,  3.5558519914370e-03, -6.5875675298642e-01,  5.5573800600000e-01,  9.0404288837449e-01,              1244160
  4.6558896495043e+00,  0.0000000000000e+00,  1.0139690476885e+00,  1.6834048670560e-01,  5.1369244353311e-02,  2.0319521252741e-04,  4.1139069489130e-04, -1.8070841512374e-02,                 -nan,                 -nan,  1.3515162600343e-02, -1.1430415972774e+00,  4.7704627200000e-01,  8.9271315586420e-01,              1244160
  4.6462923651960e+00,  0.0000000000000e+00,  1.0062552210870e+00,  1.6881458362091e-01,  4.0314534575264e-02,  1.8000837353901e-04,  2.3336049417154e-04, -1.3538722332198e-02,                 -nan,                 -nan,  6.1334796282902e-03, -8.2910008226166e-01,  6.4534199400000e-01,  8.9870032793210e-01,              1244160
  4.6313595715695e+00,  0.0000000000000e+00,  9.9535310680775e-01,  1.6832719955752e-01,  4.4344131498228e-02,  1.8879042295459e-04,  9.2642369851711e-05, -1.4462039191921e-02,                 -nan,                 -nan,  7.3011468026472e-03, -9.7377004273836e-01,  5.2742181300000e-01,  9.0914834104938e-01,              1244160
  4.6155164149401e+00,  0.0000000000000e+00,  9.8082637315148e-01,  1.6820585233003e-01,  5.5389727652589e-02,  2.1099710549520e-04,  9.7963966369894e-06, -1.6005860293912e-02,                 -nan,                 -nan,  9.0129507429068e-03, -1.4285805990630e+00,  4.9805141600000e-01,  9.1352880658436e-01,              1244160
  4.6011766593597e+00,  0.0000000000000e+00,  9.6202616495978e-01,  1.6879635457588e-01,  3.5656474468033e-02,  1.6928991337868e-04, -3.5220138489632e-04, -1.4026029612246e-02,                 -nan,                 -nan, -6.5758678694751e-03, -8.7206306057751e-01,  4.9039590500000e-01,  8.9888519161523e-01,              1244160
  4.5983252220697e+00,  0.0000000000000e+00,  9.4995022071860e-01,  1.6851043688513e-01,  4.4420405052358e-02,  1.8895271646859e-04, -2.3184511947684e-04, -1.4176576441123e-02,                 -nan,                 -nan, -3.7608327022715e-03, -1.2624879153807e+00,  6.9690751000000e-01,  8.9471852494856e-01,              1244160
  4.6023847501923e+00,  0.0000000000000e+00,  9.4210696047049e-01,  1.6923724132985e-01,  2.0947976403775e-02,  1.2975763481050e-04, -5.6595422260917e-04, -7.1085065607597e-03,                 -nan,                 -nan, -1.9373877747468e-02, -3.4198659028344e-01,  5.2415904900000e-01,  9.0022424768519e-01,              1244160
  4.6214600431275e+00,  0.0000000000000e+00,  9.4848978214456e-01,  1.6890445786745e-01,  2.4168716026731e-02,  1.3937621687776e-04, -2.9310524732193e-04, -8.5219974229950e-03,                 -nan,                 -nan, -1.3992951446868e-02, -4.3449699210864e-01,  5.4363441900000e-01,  9.0120563271605e-01,              1244160
  4.6466292898564e+00,  0.0000000000000e+00,  9.6384930967742e-01,  1.6852768958643e-01,  2.9301060483311e-02,  1.5346295347439e-04,  1.0084540795133e-04, -8.8950729665008e-03,                 -nan,                 -nan, -5.1783789214840e-03, -5.6737661435397e-01,  4.7921400200000e-01,  8.9788210519547e-01,              1244160
  4.6666996595971e+00,  0.0000000000000e+00,  9.8139827349172e-01,  1.6851494636383e-01,  4.2132356841594e-02,  1.8402200559080e-04,  3.0920746594462e-04, -1.0811522832157e-02,                 -nan,                 -nan, -1.8722062414676e-04, -1.1369554292371e+00,  5.9918977000000e-01,  9.0149578832305e-01,              1244160
  4.6764801724182e+00,  0.0000000000000e+00,  9.9774012565384e-01,  1.6898827218368e-01,  3.3966781640441e-02,  1.6523006829796e-04,  2.6314334083309e-04, -1.1407762877358e-02,                 -nan,                 -nan,  1.6900808210030e-04, -6.6454176690909e-01,  5.7090894300000e-01,  9.0159384645062e-01,              1244160
  4.6783155391858e+00,  0.0000000000000e+00,  1.0125902664028e+00,  1.6888634589409e-01,  3.1921411032386e-02,  1.6017802072091e-04,  2.6514203192456e-04, -8.0615664108408e-03,                 -nan,                 -nan,  1.6753109080959e-03, -5.9608072977845e-01,  4.9830379000000e-01,  9.0098781507202e-01,              1244160
  4.6729296683406e+00,  0.0000000000000e+00,  1.0250406449570e+00,  1.6876373509033e-01,  5.4250037695413e-02,  2.0881510209194e-04,  4.1146288981029e-04, -1.6651928877796e-02,                 -nan,                 -nan,  1.4062896055972e-02, -1.2587191406523e+00,  5.0231170500000e-01,  9.0678208590535e-01,              1244160
  4.6573427258804e+00,  0.0000000000000e+00,  1.0270491000534e+00,  1.6900977429918e-01,  3.4907781358827e-02,  1.6750316066849e-04,  1.6569360408252e-04, -1.1282095014717e-02,                 -nan,                 -nan,  4.6385210745269e-03, -6.4532085627799e-01,  5.6239858300000e-01,  8.9472656250000e-01,              1244160
  4.6390256187217e+00,  0.0000000000000e+00,  1.0259181950603e+00,  1.6910282902862e-01,  3.6670896856530e-02,  1.7168116374471e-04, -4.2070906684244e-05, -9.5216636257560e-03,                 -nan,                 -nan,  3.0112639833756e-03, -7.7004219015086e-01,  5.0292017400000e-01,  9.0346177340535e-01,              1244160
  4.6237630967892e+00,  0.0000000000000e+00,  1.0231056585469e+00,  1.6889113750348e-01,  4.5467118388913e-02,  1.9116597576306e-04, -5.2787976369054e-05, -1.3975939310998e-02,                 -nan,                 -nan,  9.6325890483841e-03, -9.9933999761692e-01,  4.9728356100000e-01,  9.0485869984568e-01,              1244160
  4.6116061897031e+00,  0.0000000000000e+00,  1.0143496162890e+00,  1.6882666487562e-01,  3.8282205421889e-02,  1.7541242696220e-04, -3.4613533611162e-04, -3.8482585276169e-03,                 -nan,                 -nan,  4.1296922116612e-03, -7.9759400556089e-01,  4.7875469300000e-01,  8.9967287165638e-01,              1244160
  4.6100184712133e+00,  0.0000000000000e+00,  1.0039091148411e+00,  1.6880236081763e-01,  3.1343697117006e-02,  1.5872195119391e-04, -3.1816477682274e-04, -5.1480870535549e-03,                 -nan,                 -nan, -1.1182248860895e-03, -5.9514138606522e-01,  4.9356596600000e-01,  9.0751189557613e-01,              1244160
  4.6171289916198e+00,  0.0000000000000e+00,  9.9546280555802e-01,  1.6864579676355e-01,  3.5143848951944e-02,  1.6806858533420e-04, -1.2237020635184e-04, -1.2483350077419e-02,                 -nan,                 -nan,  3.0716170941803e-03, -6.6585528292425e-01,  4.8354650000000e-01,  8.9667004243827e-01,              1244160
  4.6269611324461e+00,  0.0000000000000e+00,  9.8597028879223e-01,  1.6833419315990e-01,  5.1141162189152e-02,  2.0274361193723e-04,  9.1737338296677e-05, -2.0455488186379e-02,                 -nan,                 -nan,  8.1398492712835e-03, -1.2692525995469e+00,  4.9803578700000e-01,  8.9796087319959e-01,              1244160
  4.6336501035849e+00,  0.0000000000000e+00,  9.7228378931841e-01,  1.6848029346681e-01,  4.0379384207359e-02,  1.8015309536488e-04,  5.9374323951518e-05, -1.4269666731519e-02,                 -nan,                 -nan,  3.2574930819715e-04, -1.0091955499194e+00,  4.9880809400000e-01,  9.1315666795267e-01,              1244160
  4.6382851507788e+00,  0.0000000000000e+00,  9.6006358516869e-01,  1.6905934464071e-01,  2.3481084249322e-02,  1.3737919148424e-04, -1.6943362816917e-04, -8.4191162502469e-03,                 -nan,                 -nan, -1.2590417551559e-02, -4.1917149474441e-01,  4.9505722700000e-01,  9.0029658564815e-01,              1244160
  4.6471007333293e+00,  0.0000000000000e+00,  9.5786610627808e-01,  1.6848282970876e-01,  3.8430482225937e-02,  1.7575180732147e-04,  1.5319916509527e-04, -1.3055667044505e-02,                 -nan,                 -nan, -2.8916046417668e-03, -8.8856291770352e-01,  5.0611098100000e-01,  9.0801906507202e-01,              1244160
  4.6511161965944e+00,  0.0000000000000e+00,  9.5817035297997e-01,  1.6831328391259e-01,  3.4657357697566e-02,  1.6690125681974e-04,  1.6260814143011e-04, -1.0442860593343e-02,                 -nan,                 -nan, -3.9697297059496e-03, -8.3574495405989e-01,  4.8513855700000e-01,  9.0544302983539e-01,              1244160
  4.6505182733945e+00,  0.0000000000000e+00,  9.6145402802079e-01,  1.6872196159287e-01,  3.4406082529948e-02,  1.6629511664348e-04,  1.8326861399173e-04, -1.3617116542143e-02,                 -nan,                 -nan, -4.7912700613760e-03, -7.4366109993101e-01,  4.7532355200000e-01,  9.1106690457819e-01,              1244160
  4.6452543624324e+00,  0.0000000000000e+00,  9.6795729091243e-01,  1.6885120737551e-01,  2.5063982468651e-02,  1.4193415670348e-04, -2.6207373292149e-05, -8.1382255141965e-03,                 -nan,                 -nan, -1.0301326960919e-02, -4.5376618051828e-01,  4.8614038600000e-01,  8.9781057098765e-01,              1244160
  4.6413199532233e+00,  0.0000000000000e+00,  9.8101033191833e-01,  1.6819527565386e-01,  4.4347701390175e-02,  1.8879802201927e-04,  2.0165713096449e-04, -1.3718519684377e-02,                 -nan,                 -nan,  7.9578401746295e-03, -9.7474290214101e-01,  4.6788800200000e-01,  9.0509018132716e-01,              1244160
  4.6325536243608e+00,  0.0000000000000e+00,  9.8763941205078e-01,  1.6896637044562e-01,  2.7499663890180e-02,  1.4867076481578e-04, -1.1557451181565e-04, -7.2737806146676e-03,                 -nan,                 -nan, -6.3144845550338e-03, -5.2135068096379e-01,  4.7592632000000e-01,  9.0291200488683e-01,              1244160
  4.6278565757176e+00,  0.0000000000000e+00,  9.9811374269471e-01,  1.6866058477247e-01,  3.4664392482023e-02,  1.6691819485066e-04, -4.1190151978733e-05, -1.1645993375664e-02,                 -nan,                 -nan,  1.2164237740408e-03, -7.3786404374892e-01,  5.0665464700000e-01,  9.0906716177984e-01,              1244160
  4.6248864454066e+00,  0.0000000000000e+00,  1.0069772887545e+00,  1.6848562221545e-01,  4.1986326224927e-02,  1.8370281892864e-04,  2.1757708222807e-05, -1.1544126433108e-02,                 -nan,                 -nan,  7.4664273116003e-03, -8.8877372448477e-01,  4.6240568900000e-01,  9.0027006172840e-01,              1244160
  4.6217770237877e+00,  0.0000000000000e+00,  1.0101332828335e+00,  1.6860771876720e-01,  6.0352232403409e-02,  2.2024626500377e-04,  6.2705495193902e-05, -2.4436623430914e-02,                 -nan,                 -nan,  1.1984082975216e-02, -1.5954334530315e+00,  4.8362285900000e-01,  9.0725790895062e-01,              1244160
  4.6176096132201e+00,  0.0000000000000e+00,  1.0053045537852e+00,  1.6895625081138e-01,  3.6394452062047e-02,  1.7103282743126e-04, -2.1342572236335e-04, -1.2471424582846e-02,                 -nan,                 -nan, -5.6759149330332e-05, -8.0794637634370e-01,  4.9190851200000e-01,  9.0934686856996e-01,              1244160
  4.6197908052317e+00,  0.0000000000000e+00,  1.0012663056060e+00,  1.6896810573963e-01,  3.8460581996093e-02,  1.7582062058206e-04, -2.2310008771154e-04, -9.3818730179419e-03,                 -nan,                 -nan,  9.3530851411089e-04, -8.5612002037338e-01,  4.7522684600000e-01,  8.9962143132716e-01,              1244160
  4.6278939810342e+00,  0.0000000000000e+00,  9.9727596259493e-01,  1.6862947728119e-01,  3.5279641256013e-02,  1.6839297235680e-04, -1.5184391064563e-05, -9.9949811148451e-03,                 -nan,                 -nan,  2.1086869054816e-03, -7.1318921048691e-01,  4.5175420000000e-01,  9.0790010931070e-01,              1244160
  4.6357462546954e+00,  0.0000000000000e+00,  9.9247103586506e-01,  1.6859166258995e-01,  3.6827462931838e-02,  1.7204726900810e-04,  9.7556308249095e-05, -1.2374564111429e-02,                 -nan,                 -nan,  2.9741700935565e-03, -7.3333894382431e-01,  4.8958607200000e-01,  9.0685362011317e-01,              1244160
  4.6403516861861e+00,  0.0000000000000e+00,  9.8633991968149e-01,  1.6878237529737e-01,  3.3592986521242e-02,  1.6431839738714e-04, -9.1183493066149e-05, -7.7282052347650e-03,                 -nan,                 -nan, -3.8374835995814e-03, -7.2214577692839e-01,  4.7647475800000e-01,  9.0052404835391e-01,              1244160
  4.6470778512601e+00,  0.0000000000000e+00,  9.8371570915073e-01,  1.6885913883750e-01,  2.7162616680157e-02,  1.4775687084556e-04,  6.6151819221865e-05, -8.2988527717076e-03,                 -nan,                 -nan, -6.8655380125151e-03, -5.1044693967260e-01,  4.6904261300000e-01,  9.0480163323045e-01,              1244160
  4.6514590082813e+00,  0.0000000000000e+00,  9.8627410865762e-01,  1.6866070845555e-01,  3.0754408786720e-02,  1.5722281724997e-04,  2.2009606785715e-04, -1.1685800966475e-02,                 -nan,                 -nan, -2.1385267325498e-03, -6.1263296550241e-01,  5.1792165900000e-01,  8.9319701646091e-01,              1244160
  4.6495880902937e+00,  0.0000000000000e+00,  9.9027289251404e-01,  1.6872789244425e-01,  3.2106280206577e-02,  1.6064117738550e-04,  1.3670865050119e-04, -9.9611353558084e-03,                 -nan,                 -nan,  5.5765653323828e-04, -5.9743385581427e-01,  4.7724448400000e-01,  9.0514483667695e-01,              1244160
  4.6443263758658e+00,  0.0000000000000e+00,  9.9369919040932e-01,  1.6856826566497e-01,  4.5996093165134e-02,  1.9227479420583e-04,  2.0425064688889e-04, -1.4528993606812e-02,                 -nan,                 -nan,  4.1621477461300e-03, -1.1696695732767e+00,  4.6528980800000e-01,  9.0069122942387e-01,              1244160
  4.6392860115658e+00,  0.0000000000000e+00,  9.9400100290653e-01,  1.6849001004292e-01,  4.0687187149840e-02,  1.8083842503161e-04,  1.6834176475435e-04, -1.3454162923167e-02,                 -nan,                 -nan,  3.7562255315150e-03, -8.8385358178824e-01,  5.1807643500000e-01,  9.0304382073045e-01,              1244160
  4.6325534689734e+00,  0.0000000000000e+00,  9.9312036615103e-01,  1.6841227329579e-01,  4.7541969609719e-02,  1.9547916162923e-04,  1.3229103269112e-05, -1.3899931411245e-02,                 -nan,                 -nan,  7.1207056014753e-03, -1.1540934812140e+00,  4.8293988700000e-01,  9.0107622813786e-01,              1244160
  4.6263971293167e+00,  0.0000000000000e+00,  9.9005096450579e-01,  1.6883004730377e-01,  2.6727742855392e-02,  1.4656930377269e-04, -1.1331468473374e-04, -9.1205223366006e-03,                 -nan,                 -nan, -3.4501275779901e-03, -4.5819109306665e-01,  4.7159019500000e-01,  9.0456050668724e-01,              1244160
  4.6224554197823e+00,  0.0000000000000e+00,  9.8856642540946e-01,  1.6831407830186e-01,  6.8504545225246e-02,  2.3465054999813e-04,  2.7334328549796e-05, -2.4291454699193e-02,                 -nan,                 -nan,  9.2101175439347e-03, -2.3977249478457e+00,  4.9542478400000e-01,  9.0006510416667e-01,              1244160
  4.6186939113255e+00,  0.0000000000000e+00,  9.8444118634145e-01,  1.6863457922447e-01,  3.3474275640853e-02,  1.6402780629854e-04, -9.2384569890763e-05, -1.3565259522089e-02,                 -nan,                 -nan, -1.1422371306056e-03, -6.8907544064283e-01,  5.2655305200000e-01,  9.1259966563786e-01,              1244160
  4.6166588569792e+00,  0.0000000000000e+00,  9.8124038511346e-01,  1.6842674495408e-01,  4.6455790950512e-02,  1.9323322940579e-04, -4.7106061801416e-05, -1.5442475432242e-02,                 -nan,                 -nan,  4.3970027221556e-03, -1.1612446326723e+00,  4.8803830300000e-01,  9.0517779063786e-01,              1244160
  4.6155745084075e+00,  0.0000000000000e+00,  9.7702251801331e-01,  1.6851988640360e-01,  4.0081332439460e-02,  1.7948698317123e-04, -1.1140066332720e-04, -1.3012970679315e-02,                 -nan,                 -nan,  1.9475454554284e-03, -8.7641649031785e-01,  4.7552145300000e-01,  9.0661972736626e-01,              1244160
  4.6162129820333e+00,  0.0000000000000e+00,  9.7269132987593e-01,  1.6866440782683e-01,  5.4774680614569e-02,  2.0982238037616e-04, -2.5243858536541e-04, -1.5713033472482e-02,                 -nan,                 -nan,  1.4839015018411e-03, -1.6769202229589e+00,  5.3729238900000e-01,  9.0319894547325e-01,              1244160
  4.6203458961423e+00,  0.0000000000000e+00,  9.6855963827217e-01,  1.6864418108807e-01,  3.2694890582640e-02,  1.6210702171526e-04, -9.1886582270878e-05, -9.7038011477926e-03,                 -nan,                 -nan, -5.3772715704707e-03, -7.2478259343542e-01,  4.9581052400000e-01,  9.0290075231481e-01,              1244160
  4.6253952089384e+00,  0.0000000000000e+00,  9.6685249535913e-01,  1.6882150563942e-01,  3.5222855078386e-02,  1.6825739495422e-04, -1.2828674745033e-04, -9.3348241416081e-03,                 -nan,                 -nan, -3.7027709541997e-03, -7.4810559234945e-01,  5.2125174400000e-01,  9.1284641846708e-01,              1244160
  4.6317657503438e+00,  0.0000000000000e+00,  9.6674634465116e-01,  1.6861548920632e-01,  3.8347358922665e-02,  1.7556163303572e-04, -1.1148298680136e-04, -1.0642027285053e-02,                 -nan,                 -nan, -5.2713482663333e-03, -1.0531464669159e+00,  5.2839169700000e-01,  8.9863200874486e-01,              1244160
  4.6391081542845e+00,  0.0000000000000e+00,  9.6868888460469e-01,  1.6851615726067e-01,  5.9153456931427e-02,  2.1804791972400e-04,  2.5937552826305e-05, -1.0478497428010e-02,                 -nan,                 -nan,  2.1660468667120e-03, -1.9537285081182e+00,  6.1174111000000e-01,  8.9806455761317e-01,              1244160
  4.6454440040037e+00,  0.0000000000000e+00,  9.7002155656979e-01,  1.6877325784506e-01,  2.8403020717768e-02,  1.5109293169431e-04,  8.5644909498421e-06, -9.9787640961352e-03,                 -nan,                 -nan, -5.9502216148025e-03, -5.3276183390564e-01,  7.3173365200000e-01,  9.0170396090535e-01,              1244160
  4.6511076644799e+00,  0.0000000000000e+00,  9.7341171740762e-01,  1.6849558719959e-01,  4.2324118279573e-02,  1.8444030954177e-04,  1.4597766357911e-04, -1.1885186053378e-02,                 -nan,                 -nan,  2.5254816907833e-03, -9.8043209319326e-01,  5.7001448100000e-01,  9.0729488168724e-01,              1244160
  4.6542788885390e+00,  0.0000000000000e+00,  9.7574977948482e-01,  1.6867961802875e-01,  2.9426957340687e-02,  1.5379228958506e-04,  1.2432823455087e-04, -9.0916025043103e-03,                 -nan,                 -nan, -2.6530414650998e-03, -5.2871751721895e-01,  5.2940468900000e-01,  9.1446277006173e-01,              1244160
  4.6554834579511e+00,  0.0000000000000e+00,  9.7888847323986e-01,  1.6845476709569e-01,  2.7090412675506e-02,  1.4756035559022e-04,  1.6452605227910e-04, -9.0651489964586e-03,                 -nan,                 -nan, -4.2423321774187e-03, -4.8826983770090e-01,  5.0452910100000e-01,  9.0668242026749e-01,              1244160
  4.6543598498113e+00,  0.0000000000000e+00,  9.8330397657178e-01,  1.6842324785604e-01,  7.8739946020647e-02,  2.5157034136593e-04,  2.9577644980147e-04, -3.0248555403957e-02,                 -nan,                 -nan,  1.4918541311400e-02, -2.5539648811133e+00,  5.2234047400000e-01,  9.1352157278807e-01,              1244160
  4.6494877003504e+00,  0.0000000000000e+00,  9.8245504337283e-01,  1.6825599668017e-01,  5.5759186971221e-02,  2.1169963003088e-04,  2.4000883429415e-04, -2.0650022272658e-02,                 -nan,                 -nan,  8.2673151468528e-03, -1.4675543429761e+00,  5.0644722100000e-01,  9.0469794881687e-01,              1244160
  4.6419491958478e+00,  0.0000000000000e+00,  9.7903928964527e-01,  1.6881751107524e-01,  3.6277094941753e-02,  1.7075684955516e-04, -3.4059224306378e-05, -6.9830676923217e-03,                 -nan,                 -nan, -2.9315665431546e-03, -8.7848935127336e-01,  5.0200631300000e-01,  8.9948640046296e-01,              1244160
  4.6356698938134e+00,  0.0000000000000e+00,  9.7714899300595e-01,  1.6823836889816e-01,  4.5734089990344e-02,  1.9172639382047e-04,  8.4063963034967e-05, -1.5369010324908e-02,                 -nan,                 -nan,  5.7284783125528e-03, -1.0741269949337e+00,  4.8019590500000e-01,  9.0451308513374e-01,              1244160
  4.6289562926225e+00,  0.0000000000000e+00,  9.7361469828182e-01,  1.6827965434662e-01,  4.6689590207432e-02,  1.9371886408404e-04,  6.0819599338973e-05, -1.4065132412651e-02,                 -nan,                 -nan,  5.4158329683276e-03, -1.0935640103188e+00,  5.0815185200000e-01,  9.1276363168724e-01,              1244160
  4.6221607225010e+00,  0.0000000000000e+00,  9.6871126820504e-01,  1.6822638961347e-01,  7.5423647553598e-02,  2.4621564674677e-04, -1.8899339662251e-04, -1.2337506144670e-02,                 -nan,                 -nan,  8.2024002001807e-03, -2.8396048100558e+00,  5.2901447800000e-01,  9.0674189814815e-01,              1244160
  4.6187426443329e+00,  0.0000000000000e+00,  9.6190189410443e-01,  1.6880549233855e-01,  2.5356092826073e-02,  1.4275885276064e-04, -2.4321535523856e-04, -7.9644423041379e-03,                 -nan,                 -nan, -1.1138999474602e-02, -4.8387263080115e-01,  4.9768227700000e-01,  8.9966001157407e-01,              1244160
  4.6190808169302e+00,  0.0000000000000e+00,  9.5979925824792e-01,  1.6833042784764e-01,  3.5753406306322e-02,  1.6951986383727e-04, -1.6568213190282e-04, -1.0205230844665e-02,                 -nan,                 -nan, -3.9664842721701e-03, -8.6838974749745e-01,  5.0780177100000e-01,  9.0758584104938e-01,              1244160
  4.6217413681022e+00,  0.0000000000000e+00,  9.5945639224562e-01,  1.6845840538177e-01,  2.4722641462748e-02,  1.4096435808305e-04, -1.3050911907060e-04, -8.9082577379789e-03,                 -nan,                 -nan, -7.3681228122650e-03, -4.0585755737659e-01,  5.2139938900000e-01,  8.9883134002058e-01,              1244160
  4.6260012250512e+00,  0.0000000000000e+00,  9.6181665685564e-01,  1.6869842408957e-01,  2.8907198379725e-02,  1.5242804662294e-04, -1.9351226541859e-04, -9.1910196610035e-03,                 -nan,                 -nan, -6.5847158004316e-03, -5.3413771333731e-01,  5.0214693700000e-01,  9.0570666152263e-01,              1244160
  4.6325680454510e+00,  0.0000000000000e+00,  9.6635666613938e-01,  1.6841988359029e-01,  5.1981167750632e-02,  2.0440188593163e-04,  2.7565511564657e-05, -1.8791608917355e-02,                 -nan,                 -nan,  3.6595132850195e-03, -1.4212309393416e+00,  4.9339393900000e-01,  9.0213477366255e-01,              1244160
  4.6382374685431e+00,  0.0000000000000e+00,  9.6940759994221e-01,  1.6825979833743e-01,  4.0922468408737e-02,  1.8136053730083e-04,  1.0427561041972e-04, -1.5179388267996e-02,                 -nan,                 -nan,  2.5035298086242e-03, -9.1870677550967e-01,  4.8890433600000e-01,  9.0835181970165e-01,              1244160
  4.6420079201609e+00,  0.0000000000000e+00,  9.7143504375796e-01,  1.6867693852645e-01,  3.2756129766208e-02,  1.6225876801640e-04,  1.8218385434328e-06, -1.1060894412863e-02,                 -nan,                 -nan, -4.0407637263933e-03, -6.9294520824869e-01,  5.1960591200000e-01,  8.9708076131687e-01,              1244160
  4.6454588242986e+00,  0.0000000000000e+00,  9.7481496011181e-01,  1.6843114576387e-01,  5.4765277620346e-02,  2.0980436983472e-04,  1.6761152365731e-04, -1.8397306200203e-02,                 -nan,                 -nan,  4.4236832297580e-03, -1.5506194801491e+00,  4.7204624500000e-01,  9.0558609825103e-01,              1244160
  4.6463679658161e+00,  0.0000000000000e+00,  9.7656753684274e-01,  1.6872344665163e-01,  3.3380928744133e-02,  1.6379894136011e-04,  6.4140022490403e-05, -1.0616244217615e-02,                 -nan,                 -nan, -3.0925771679908e-03, -6.9475257336223e-01,  4.8349695600000e-01,  9.0487316743827e-01,              1244160
  4.6463699217780e+00,  0.0000000000000e+00,  9.7936808123395e-01,  1.6823246343761e-01,  5.5861587096932e-02,  2.1189393097256e-04,  1.7146890712576e-04, -9.1421439891294e-03,                 -nan,                 -nan,  9.2037336526348e-03, -1.4835987165985e+00,  4.7194684700000e-01,  9.0133101851852e-01,              1244160
  4.6440517774308e+00,  0.0000000000000e+00,  9.7888519551893e-01,  1.6866662328430e-01,  4.0411558885442e-02,  1.8022485492452e-04,  5.6837919317520e-05, -1.3714568425436e-02,                 -nan,                 -nan,  1.2812750633526e-03, -9.1624357545409e-01,  4.9690417500000e-01,  8.9730983153292e-01,              1244160
  4.6412661698292e+00,  0.0000000000000e+00,  9.7815736266763e-01,  1.6849730919052e-01,  6.0601612890075e-02,  2.2070083392930e-04,  3.5757034643853e-05, -2.0397790464458e-02,                 -nan,                 -nan,  7.4041956268134e-03, -1.7921313356179e+00,  4.9621696600000e-01,  9.0795235339506e-01,              1244160
  4.6383983315639e+00,  0.0000000000000e+00,  9.7518913339699e-01,  1.6867068052694e-01,  3.3625574216819e-02,  1.6439807860139e-04,  2.8085175579960e-05, -9.7877850315684e-03,                 -nan,                 -nan, -7.4432849167720e-04, -6.5706144875074e-01,  5.1035142900000e-01,  8.9154128086420e-01,              1244160
  4.6354888034956e+00,  0.0000000000000e+00,  9.7289508772574e-01,  1.6897986960513e-01,  3.4244740478192e-02,  1.6590475073192e-04, -1.1122713164066e-04, -1.2865069721425e-02,                 -nan,                 -nan, -5.1737181182981e-03, -7.5942953311181e-01,  5.1930328100000e-01,  9.0079732510288e-01,              1244160
  4.6345130867630e+00,  0.0000000000000e+00,  9.7280749285621e-01,  1.6855660605120e-01,  3.3366873202411e-02,  1.6376445272626e-04,  9.3078237572105e-06, -1.0933800731836e-02,                 -nan,                 -nan, -1.5309689759647e-03, -6.6232727344677e-01,  5.0722630200000e-01,  9.0796360596708e-01,              1244160
  4.6335795952041e+00,  0.0000000000000e+00,  9.7339299095672e-01,  1.6859986368653e-01,  4.0214829651688e-02,  1.7978563957934e-04, -2.1844834186363e-05, -1.2487642542673e-02,                 -nan,                 -nan,  6.4891557204016e-05, -9.3700192244924e-01,  5.1757012300000e-01,  9.0394402649177e-01,              1244160
  4.6331321981795e+00,  0.0000000000000e+00,  9.7406512694959e-01,  1.6862412857840e-01,  2.7418244780039e-02,  1.4845051459092e-04,  1.0750012094769e-04, -1.0384761157620e-02,                 -nan,                 -nan, -4.1447258609628e-03, -4.8093485676673e-01,  4.8832838000000e-01,  9.0364502957819e-01,              1244160
  4.6312916797569e+00,  0.0000000000000e+00,  9.7623983108625e-01,  1.6850271453723e-01,  6.4515984749453e-02,  2.2771704945990e-04,  3.3746429616329e-05, -2.5931620152029e-02,                 -nan,                 -nan,  8.4322227532696e-03, -2.0169345588681e+00,  4.9458126300000e-01,  9.0747331532922e-01,              1244160
  4.6293399112024e+00,  0.0000000000000e+00,  9.7554079765071e-01,  1.6850236740181e-01,  3.7414284055796e-02,  1.7341258106076e-04,  5.8306310373560e-05, -1.4773067920696e-02,                 -nan,                 -nan,  1.3155541220849e-04, -8.2786115402657e-01,  4.9926444100000e-01,  9.0669929912551e-01,              1244160
  4.6268627505536e+00,  0.0000000000000e+00,  9.7501177217691e-01,  1.6876294083508e-01,  3.4202565794261e-02,  1.6580255787008e-04, -2.6392589535454e-04, -6.7150015787165e-03,                 -nan,                 -nan, -4.1153450979266e-03, -7.4466990880048e-01,  5.1804261600000e-01,  9.0029738940329e-01,              1244160
  4.6283976140052e+00,  0.0000000000000e+00,  9.7614503163656e-01,  1.6827840757847e-01,  4.3080000140485e-02,  1.8608001428916e-04,  1.3404150747999e-04, -1.5451373180174e-02,                 -nan,                 -nan,  5.1692968053253e-03, -9.6174372667139e-01,  4.7300270700000e-01,  9.0211869855967e-01,              1244160
  4.6280019784546e+00,  0.0000000000000e+00,  9.7548246270263e-01,  1.6843127975375e-01,  4.6933437201050e-02,  1.9422407568963e-04,  4.7532322609911e-05, -1.9871717567010e-02,                 -nan,                 -nan,  5.0131396841748e-03, -1.1747644907297e+00,  4.8482538900000e-01,  9.0135995370370e-01,              1244160
  4.6271151927021e+00,  0.0000000000000e+00,  9.7329476167796e-01,  1.6906997337100e-01,  2.4465350113927e-02,  1.4022892356656e-04, -2.0447486045935e-04, -7.8381191471962e-03,                 -nan,                 -nan, -1.0226177651582e-02, -4.1985740809772e-01,  4.6459860600000e-01,  9.0843541023663e-01,              1244160
  4.6292541428818e+00,  0.0000000000000e+00,  9.7507313841805e-01,  1.6861571429237e-01,  4.0196022262731e-02,  1.7974359422058e-04, -4.4790293412359e-05, -1.2788414580332e-02,                 -nan,                 -nan,  1.1883809228431e-03, -9.2344012299889e-01,  4.9437792600000e-01,  9.0074588477366e-01,              1244160
  4.6319046079600e+00,  0.0000000000000e+00,  9.7641531769295e-01,  1.6834591713276e-01,  3.1486947588323e-02,  1.5908424212979e-04,  2.7296661615070e-05, -9.3264961304943e-03,                 -nan,                 -nan, -1.0841395785018e-03, -5.9706910086893e-01,  4.7965408200000e-01,  8.9677854938272e-01,              1244160
  4.6339740648973e+00,  0.0000000000000e+00,  9.7812283887029e-01,  1.6889941691823e-01,  2.4025995697924e-02,  1.3896408756481e-04, -1.0883801203868e-04, -5.2107013444109e-03,                 -nan,                 -nan, -9.0498100743678e-03, -4.1260764835557e-01,  4.7662896400000e-01,  9.0755208333333e-01,              1244160
  4.6374155943174e+00,  0.0000000000000e+00,  9.8298416205504e-01,  1.6847677937424e-01,  4.1369116139596e-02,  1.8234757991620e-04,  8.5239638789875e-05, -1.3106646165857e-02,                 -nan,                 -nan,  3.1991755165137e-03, -9.0912410931510e-01,  4.9655658400000e-01,  9.1043676054527e-01,              1244160
  4.6394021336697e+00,  0.0000000000000e+00,  9.8637782441561e-01,  1.6871898326466e-01,  3.1113441080220e-02,  1.5813787755245e-04,  4.3797668801625e-05, -1.1269263654054e-02,                 -nan,                 -nan, -1.5973790896742e-03, -5.8256387080091e-01,  4.8622585300000e-01,  8.9575135030864e-01,              1244160
  4.6406512303114e+00,  0.0000000000000e+00,  9.9011773127019e-01,  1.6861781798971e-01,  5.0779704102019e-02,  2.0202586068241e-04,  1.4556703964363e-05, -1.8654207804353e-02,                 -nan,                 -nan,  7.2615178830120e-03, -1.2763158662604e+00,  4.9788110600000e-01,  9.0382828575103e-01,              1244160
  4.6417029647808e+00,  0.0000000000000e+00,  9.9109624626682e-01,  1.6865143294456e-01,  2.7391922219253e-02,  1.4837923840172e-04,  1.0509576021338e-04, -9.1971019509394e-03,                 -nan,                 -nan, -2.0547037147054e-03, -4.6385366296477e-01,  4.9970229400000e-01,  8.9987139917695e-01,              1244160
  4.6412201248985e+00,  0.0000000000000e+00,  9.9280386758907e-01,  1.6891727846700e-01,  4.1211232963020e-02,  1.8199928704796e-04,  7.6141026941391e-06, -1.0536212783925e-02,                 -nan,                 -nan, -8.4862707441530e-04, -1.0071868664441e+00,  4.8905597400000e-01,  9.0563030478395e-01,              1244160
  4.6407513879725e+00,  0.0000000000000e+00,  9.9483225364889e-01,  1.6867741730842e-01,  3.4494586952104e-02,  1.6650886374018e-04,  8.6178253530964e-05, -9.4644318063887e-03,                 -nan,                 -nan,  1.3015068718058e-03, -6.6441249306121e-01,  4.8466594600000e-01,  9.0668563528807e-01,              1244160
  4.6391661848608e+00,  0.0000000000000e+00,  9.9630967918341e-01,  1.6847496268733e-01,  4.7825268197050e-02,  1.9606071847296e-04,  9.6796259248534e-05, -1.1570591133840e-02,                 -nan,                 -nan,  5.6319158556748e-03, -1.2333713537137e+00,  5.2890197600000e-01,  9.1417422196502e-01,              1244160
  4.6364368283714e+00,  0.0000000000000e+00,  9.9582220784476e-01,  1.6834725956499e-01,  5.3162016263825e-02,  2.0671053199876e-04,  1.4322100641947e-04, -1.6837610979949e-02,                 -nan,                 -nan,  1.0697043189875e-02, -1.3421637225103e+00,  5.3693231000000e-01,  9.0549125514403e-01,              1244160
  4.6320505463086e+00,  0.0000000000000e+00,  9.9175625462134e-01,  1.6908136919106e-01,  2.0456414879693e-02,  1.2822616226038e-04, -1.2629940592305e-04, -6.4925819026083e-03,                 -nan,                 -nan, -9.3005435515124e-03, -3.0274022266998e-01,  4.7890223600000e-01,  8.9916891718107e-01,              1244160
  4.6299543272934e+00,  0.0000000000000e+00,  9.9151755741598e-01,  1.6899144848271e-01,  3.0409035052858e-02,  1.5633751420824e-04, -9.2347780729148e-05, -9.6294855568802e-03,                 -nan,                 -nan, -2.2286658160686e-03, -5.5727596952821e-01,  5.1402512000000e-01,  9.1204668209877e-01,              1244160
  4.6294580064643e+00,  0.0000000000000e+00,  9.9220972028953e-01,  1.6845846211671e-01,  5.2071155892705e-02,  2.0457873644272e-04,  3.9991742691319e-05, -1.6653024312855e-02,                 -nan,                 -nan,  5.9054154926751e-03, -1.5016285829014e+00,  4.6417910200000e-01,  9.1281989454733e-01,              1244160
  4.6285560746320e+00,  0.0000000000000e+00,  9.9096649281418e-01,  1.6858983138821e-01,  3.8080716076760e-02,  1.7495019701376e-04,  8.1888253685262e-05, -1.4163548697867e-02,                 -nan,                 -nan,  2.5088290688873e-03, -7.9546383388400e-01,  6.1744773500000e-01,  9.0157375257202e-01,              1244160
  4.6266680099176e+00,  0.0000000000000e+00,  9.8908026915893e-01,  1.6873212197949e-01,  2.9209251184096e-02,  1.5322234136237e-04, -2.8565254480106e-05, -8.8362190458133e-03,                 -nan,                 -nan, -2.0608744935231e-03, -5.2800136289720e-01,  6.4105155700000e-01,  9.0291200488683e-01,              1244160
  4.6254408848261e+00,  0.0000000000000e+00,  9.8822458610689e-01,  1.6855600186920e-01,  3.6394780309551e-02,  1.7103359871601e-04, -6.6897378529229e-05, -8.8845028870069e-03,                 -nan,                 -nan, -1.5246548391280e-03, -8.4862157939784e-01,  5.2741334500000e-01,  9.0104086291152e-01,              1244160
  4.6253633992892e+00,  0.0000000000000e+00,  9.8816225004700e-01,  1.6875271084682e-01,  2.7877911474805e-02,  1.4968972828076e-04, -8.3820716412920e-05, -8.5648042281955e-03,                 -nan,                 -nan, -3.4914220689608e-03, -4.9360158236482e-01,  5.0464252900000e-01,  8.9975806970165e-01,              1244160
  4.6265652321418e+00,  0.0000000000000e+00,  9.8946745663263e-01,  1.6849432416398e-01,  3.6847403124949e-02,  1.7209384011618e-04, -1.0494722390568e-04, -1.1268541608004e-02,                 -nan,                 -nan,  4.2048998063858e-03, -7.2455789294576e-01,  5.3915086000000e-01,  9.0196920010288e-01,              1244160
  4.6292455849045e+00,  0.0000000000000e+00,  9.8924249603670e-01,  1.6863131079603e-01,  3.6526022246228e-02,  1.7134170032851e-04, -3.0224125923101e-05, -1.2636230255039e-02,                 -nan,                 -nan,  7.5551111417689e-04, -7.7196576883173e-01,  4.9982762600000e-01,  9.1102028677984e-01,              1244160
  4.6321904566644e+00,  0.0000000000000e+00,  9.8890475543272e-01,  1.6848854641676e-01,  4.1517836266210e-02,  1.8267505157542e-04, -4.3970685517651e-05, -1.1370262106902e-02,                 -nan,                 -nan,  4.2700821172569e-03, -9.3108554061465e-01,  4.9388249100000e-01,  8.8878681198560e-01,              1244160
  4.6355644288858e+00,  0.0000000000000e+00,  9.8720952524373e-01,  1.6879642100788e-01,  3.6992676281873e-02,  1.7243275168337e-04,  5.7733726806923e-06, -9.8345387167095e-03,                 -nan,                 -nan,  6.9817590210922e-04, -7.8878163601801e-01,  5.0640380200000e-01,  9.0564959490741e-01,              1244160
  4.6385935290989e+00,  0.0000000000000e+00,  9.8557009154687e-01,  1.6836685094482e-01,  4.8293216081804e-02,  1.9701756482010e-04,  1.1616316693829e-04, -1.4056994549343e-02,                 -nan,                 -nan,  7.6874929214954e-03, -1.1291018701686e+00,  4.9556120300000e-01,  9.0886541923868e-01,              1244160
  4.6397366668448e+00,  0.0000000000000e+00,  9.8148683757300e-01,  1.6872612439795e-01,  3.4348601659550e-02,  1.6615614726576e-04,  4.8176711683239e-05, -1.2518657170284e-02,                 -nan,                 -nan, -8.3682675510637e-04, -6.9573203898850e-01,  4.9744688600000e-01,  9.0163081918724e-01,              1244160
  4.6401570807699e+00,  0.0000000000000e+00,  9.7824056571823e-01,  1.6917507177636e-01,  2.8702199192243e-02,  1.5188660324671e-04, -1.0024288589819e-04, -9.2868816973873e-03,                 -nan,                 -nan, -7.6111925923816e-03, -5.7780229093190e-01,  4.9678425300000e-01,  9.0525896990741e-01,              1244160
  4.6420636907008e+00,  0.0000000000000e+00,  9.7821600938883e-01,  1.6864443813528e-01,  3.5572825504885e-02,  1.6909122238406e-04,  1.3452475047474e-04, -1.3755546415729e-02,                 -nan,                 -nan, -1.0017286404056e-03, -7.5695729682727e-01,  4.9067807100000e-01,  8.9930957433128e-01,              1244160
  4.6419201340905e+00,  0.0000000000000e+00,  9.7870051959774e-01,  1.6841559716940e-01,  4.6269180272994e-02,  1.9284473457838e-04,  2.4149478420654e-04, -1.7489733512595e-02,                 -nan,                 -nan,  3.7258912581196e-03, -1.1687226969411e+00,  9.3312856100000e-01,  9.0269418724280e-01,              1244160
  4.6384028390986e+00,  0.0000000000000e+00,  9.7798247899992e-01,  1.6854409068833e-01,  4.0524408774215e-02,  1.8047631980725e-04,  2.0897829313180e-05, -1.2799008157518e-02,                 -nan,                 -nan,  1.4267943734845e-03, -9.1277371815478e-01,  5.0090598700000e-01,  9.1043997556584e-01,              1244160
  4.6350208189705e+00,  0.0000000000000e+00,  9.7697799323364e-01,  1.6871061586057e-01,  2.5878230810453e-02,  1.4422122289168e-04, -4.7728709501034e-06, -8.6287646668564e-03,                 -nan,                 -nan, -6.8977005080488e-03, -4.6216438469125e-01,  4.7214052200000e-01,  9.0219264403292e-01,              1244160
  4.6321048392461e+00,  0.0000000000000e+00,  9.7869795300272e-01,  1.6879011298082e-01,  4.2448690270163e-02,  1.8471154041398e-04, -3.1507861604038e-05, -1.7269926113235e-02,                 -nan,                 -nan, -3.4841461751831e-03, -1.1835988461972e+00,  4.7206627100000e-01,  9.0519868827160e-01,              1244160
  4.6300636242895e+00,  0.0000000000000e+00,  9.8174924853339e-01,  1.6853832425121e-01,  3.6620326277683e-02,  1.7156274543692e-04,  2.2024050304497e-06, -1.2516878393913e-02,                 -nan,                 -nan,  4.3112190123938e-04, -7.8625381500364e-01,  5.0012295600000e-01,  9.0512635030864e-01,              1244160
  4.6282830152895e+00,  0.0000000000000e+00,  9.8448578304845e-01,  1.6888223107370e-01,  3.1380656062093e-02,  1.5881550218110e-04, -2.6368204688213e-05, -1.1463801107013e-02,                 -nan,                 -nan, -4.4539465150769e-03, -6.3726574771932e-01,  5.0557528100000e-01,  9.0630545910494e-01,              1244160
  4.6271489797633e+00,  0.0000000000000e+00,  9.8871327947632e-01,  1.6884240104785e-01,  2.6420469515179e-02,  1.4572435719738e-04, -4.5273611702637e-05, -8.1902374219413e-03,                 -nan,                 -nan, -3.9664583744254e-03, -4.4238110282484e-01,  5.2291871100000e-01,  9.0498649691358e-01,              1244160
  4.6268522619659e+00,  0.0000000000000e+00,  9.9406988773070e-01,  1.6851808683479e-01,  3.6878308496397e-02,  1.7216599593768e-04,  8.2889423830761e-05, -1.1039087942972e-02,                 -nan,                 -nan,  3.7911092362396e-03, -7.4438491683492e-01,  5.1263165100000e-01,  9.0711403677984e-01,              1244160
  4.6254466103546e+00,  0.0000000000000e+00,  9.9763110248767e-01,  1.6828988183291e-01,  5.2676458765395e-02,  2.0576436693977e-04,  4.0186431903266e-05, -1.5125197135271e-02,                 -nan,                 -nan,  1.3874592663968e-02, -1.2031888617490e+00,  4.9393285400000e-01,  9.0482735339506e-01,              1244160
  4.6236988974646e+00,  0.0000000000000e+00,  9.9593119256334e-01,  1.6861464431157e-01,  4.8085095781812e-02,  1.9659258146214e-04, -1.3954491638645e-04, -1.0737985364950e-02,                 -nan,                 -nan,  5.3956437744243e-03, -1.2205893002774e+00,  4.7665693800000e-01,  9.0866448045267e-01,              1244160
  4.6242614297840e+00,  0.0000000000000e+00,  9.9263543821816e-01,  1.6845503463014e-01,  5.3527925717563e-02,  2.0742069724332e-04, -7.5850736931138e-05, -1.4801263704657e-02,                 -nan,                 -nan,  8.5781698211910e-03, -1.3737265433988e+00,  4.8867375400000e-01,  9.0594216177984e-01,              1244160
  4.6259969744573e+00,  0.0000000000000e+00,  9.8676258083686e-01,  1.6814684041566e-01,  4.1989631833569e-02,  1.8371005030286e-04,  1.7628474438853e-04, -1.5618031259502e-02,                 -nan,                 -nan,  8.0594706380353e-03, -8.7619887922486e-01,  4.9720481600000e-01,  9.0350035365226e-01,              1244160
  4.6250725115840e+00,  0.0000000000000e+00,  9.7867149313613e-01,  1.6859620799057e-01,  3.0795421171320e-02,  1.5732761416582e-04, -5.2436603506079e-05, -9.4910927469643e-03,                 -nan,                 -nan, -2.0992767201772e-03, -5.7184759811701e-01,  4.7482274600000e-01,  9.0333799511317e-01,              1244160
  4.6250844446230e+00,  0.0000000000000e+00,  9.7225940094690e-01,  1.6849229595834e-01,  4.0923719335962e-02,  1.8136330921451e-04, -9.7481784041759e-05, -1.2421525910075e-02,                 -nan,                 -nan,  1.3864032193813e-03, -9.3648240060363e-01,  4.7459603600000e-01,  9.0531603652263e-01,              1244160
  4.6266291878250e+00,  0.0000000000000e+00,  9.6614040188466e-01,  1.6824335815623e-01,  4.3075524883916e-02,  1.8607034881293e-04,  2.0343579112662e-05, -1.3540245300572e-02,                 -nan,                 -nan,  2.5547580312615e-03, -1.0159089190098e+00,  5.4768966300000e-01,  9.0183175797325e-01,              1244160
  4.6278205041818e+00,  0.0000000000000e+00,  9.5986816589401e-01,  1.6835082076434e-01,  3.4349349627692e-02,  1.6615795634709e-04,  3.5751022018977e-06, -1.3527630936436e-02,                 -nan,                 -nan, -3.1158327651133e-03, -7.7051117045279e-01,  5.2627468500000e-01,  8.9739342206790e-01,              1244160
  4.6289416817759e+00,  0.0000000000000e+00,  9.5551358235785e-01,  1.6837253771377e-01,  4.1225113347804e-02,  1.8202993412249e-04, -1.6140485387508e-05, -1.2396950469592e-02,                 -nan,                 -nan, -3.4158956514501e-03, -1.0465402936349e+00,  4.7734268900000e-01,  9.1034111368313e-01,              1244160
  4.6302842982325e+00,  0.0000000000000e+00,  9.5305107603719e-01,  1.6886212643962e-01,  4.2286607879570e-02,  1.8435855989595e-04, -1.2496643874865e-04, -1.5103574237051e-02,                 -nan,                 -nan, -5.6686979455919e-03, -1.2232083994494e+00,  5.1261111100000e-01,  9.0305346579218e-01,              1244160
  4.6334640742945e+00,  0.0000000000000e+00,  9.5316357685523e-01,  1.6860486506364e-01,  2.8997712181576e-02,  1.5266650035659e-04, -1.0438115353169e-04, -8.3714503037276e-03,                 -nan,                 -nan, -9.4977757018307e-03, -6.1148217373439e-01,  4.8935461300000e-01,  8.9944942772634e-01,              1244160
  4.6379444397512e+00,  0.0000000000000e+00,  9.5689428067487e-01,  1.6846726575793e-01,  5.7111835804614e-02,  2.1425202872580e-04, -8.2986000433819e-05, -8.4982974472810e-03,                 -nan,                 -nan,  3.1795856940474e-04, -1.8609011803372e+00,  5.0300537400000e-01,  8.9493232381687e-01,              1244160
  4.6432812564942e+00,  0.0000000000000e+00,  9.6048418430003e-01,  1.6888279636784e-01,  2.3759324898613e-02,  1.3819073632487e-04, -2.0711613477151e-04, -6.3661377562766e-03,                 -nan,                 -nan, -1.1863074439139e-02, -4.2563989350934e-01,  4.8539337700000e-01,  9.0128118569959e-01,              1244160
  4.6512111808048e+00,  0.0000000000000e+00,  9.6816680719598e-01,  1.6814634120343e-01,  1.1843666985259e-01,  3.0853538311861e-04,  2.1103909251372e-04, -1.4764325850871e-02,                 -nan,                 -nan,  1.5768756779740e-02, -5.6153180029984e+00,  4.8956591000000e-01,  9.0977848508230e-01,              1244160
  4.6553130205056e+00,  0.0000000000000e+00,  9.7028271844947e-01,  1.6821557359456e-01,  6.1433825455659e-02,  2.2221105559267e-04,  2.8637346247261e-04, -2.0701804889160e-02,                 -nan,                 -nan,  9.8129498859174e-03, -1.7246273800907e+00,  4.9268936300000e-01,  9.0457818930041e-01,              1244160
  4.6548992003711e+00,  0.0000000000000e+00,  9.6889440054131e-01,  1.6877366312232e-01,  4.1995555632519e-02,  1.8372300853774e-04,  2.0593783731082e-04, -1.7318211001035e-02,                 -nan,                 -nan, -2.2077959047216e-03, -1.1659977450341e+00,  4.8092013400000e-01,  9.0213075488683e-01,              1244160
  4.6516012242327e+00,  0.0000000000000e+00,  9.6867059888983e-01,  1.6827016572552e-01,  5.1017663024446e-02,  2.0249866442137e-04,  4.0878810217109e-04, -2.2769477284629e-02,                 -nan,                 -nan,  5.8394171675799e-03, -1.3852953729645e+00,  4.6754916000000e-01,  8.9962062757202e-01,              1244160
  4.6428004421762e+00,  0.0000000000000e+00,  9.6657330964951e-01,  1.6898507683287e-01,  2.0716682903566e-02,  1.2903929808799e-04, -4.7147511930241e-05, -6.4737987093440e-03,                 -nan,                 -nan, -1.4476551478716e-02, -3.5646707714654e-01,  4.8926717400000e-01,  8.9988345550412e-01,              1244160
  4.6356118090136e+00,  0.0000000000000e+00,  9.7006417849264e-01,  1.6819201043105e-01,  5.6113398144508e-02,  2.1237097826166e-04,  2.8872004407222e-05, -9.6607562454375e-03,                 -nan,                 -nan,  8.2397743368647e-03, -1.5064054529083e+00,  4.6721923800000e-01,  9.0204716435185e-01,              1244160
  4.6287772525299e+00,  0.0000000000000e+00,  9.7046354369385e-01,  1.6838563594914e-01,  3.8759761017345e-02,  1.7650313679699e-04, -7.5445268546572e-06, -1.5002459480410e-02,                 -nan,                 -nan, -1.7104139725896e-03, -9.3617678110280e-01,  4.8743131900000e-01,  9.0247154706790e-01,              1244160
  4.6228394353610e+00,  0.0000000000000e+00,  9.7162228208790e-01,  1.6889042428883e-01,  2.4444238096787e-02,  1.4016840625568e-04, -2.1639104499826e-04, -7.7824725346368e-03,                 -nan,                 -nan, -8.6413463357422e-03, -4.0653760592377e-01,  4.8953726500000e-01,  9.0530237268519e-01,              1244160
  4.6207562793508e+00,  0.0000000000000e+00,  9.7590388024504e-01,  1.6835487034739e-01,  6.1784349382269e-02,  2.2284409042361e-04, -8.6844518430405e-05, -1.3983782536724e-02,                 -nan,                 -nan,  7.8106412488041e-03, -1.8546910278036e+00,  4.6732221900000e-01,  8.9502555941358e-01,              1244160
  4.6202675954426e+00,  0.0000000000000e+00,  9.7723591012809e-01,  1.6852495928299e-01,  3.8515030107002e-02,  1.7594502996983e-04, -5.5247233928765e-05, -7.2572445090277e-03,                 -nan,                 -nan,  1.1907527443331e-03, -8.5982492914730e-01,  5.1746029700000e-01,  9.0443351337449e-01,              1244160
  4.6206993042701e+00,  0.0000000000000e+00,  9.7815742106731e-01,  1.6877082607726e-01,  3.2077941284588e-02,  1.6057026598182e-04, -1.4667630659566e-04, -1.3078216401244e-02,                 -nan,                 -nan, -6.6741089290144e-03, -7.4208591642768e-01,  5.0361757400000e-01,  9.0004902906379e-01,              1244160
  4.6233580766642e+00,  0.0000000000000e+00,  9.8157087934687e-01,  1.6847041445581e-01,  4.1866801405479e-02,  1.8344115403545e-04,  5.9471057949929e-05, -1.6153711609377e-02,                 -nan,                 -nan,  3.3454619646499e-03, -9.5502596750029e-01,  5.0120966000000e-01,  9.0207529578189e-01,              1244160
  4.6249917145922e+00,  0.0000000000000e+00,  9.8359352355806e-01,  1.6855902441705e-01,  2.8443241545906e-02,  1.5119987336467e-04, -8.3918103552510e-05, -7.4418803508150e-03,                 -nan,                 -nan, -3.5012681218873e-03, -5.0982917986920e-01,  4.8878624000000e-01,  8.8881976594650e-01,              1244160
  4.6277653142924e+00,  0.0000000000000e+00,  9.8679673676715e-01,  1.6852969005324e-01,  3.5714080481601e-02,  1.6942660918962e-04, -7.1656865961121e-05, -7.8936294374609e-03,                 -nan,                 -nan,  1.3744417147068e-03, -7.4215552810450e-01,  5.5042599300000e-01,  9.0341917438272e-01,              1244160
  4.6313888391985e+00,  0.0000000000000e+00,  9.8931444158637e-01,  1.6856612977716e-01,  3.1806410032608e-02,  1.5988922939626e-04,  2.5272313197597e-05, -1.0859533003660e-02,                 -nan,                 -nan,  6.3637708488370e-06, -6.1009370415573e-01,  4.7707745300000e-01,  9.0451951517490e-01,              1244160
  4.6343593162652e+00,  0.0000000000000e+00,  9.9169389818554e-01,  1.6870476471086e-01,  3.0838726906319e-02,  1.5743819544945e-04,  6.6319958392463e-05, -9.6031026521968e-03,                 -nan,                 -nan, -2.9851233123458e-04, -6.0654708185871e-01,  5.0587508600000e-01,  8.9303948045267e-01,              1244160
  4.6361188331917e+00,  0.0000000000000e+00,  9.9406081284675e-01,  1.6826785496728e-01,  5.0604346227692e-02,  2.0167673041511e-04,  1.9235722506878e-04, -1.9240553348542e-02,                 -nan,                 -nan,  1.1514459047518e-02, -1.1687386334781e+00,  4.7608961200000e-01,  8.9771813914609e-01,              1244160
  4.6349777178981e+00,  0.0000000000000e+00,  9.9215932347973e-01,  1.6868464365252e-01,  2.8716242311742e-02,  1.5192375546753e-04, -4.8482963355859e-05, -9.6350666650234e-03,                 -nan,                 -nan, -1.9621699740230e-03, -5.1807295143781e-01,  5.0211126400000e-01,  8.9942531507202e-01,              1244160
  4.6347450052803e+00,  0.0000000000000e+00,  9.9126508627150e-01,  1.6876125480320e-01,  5.9588971809168e-02,  2.1884913209618e-04, -3.5659876116753e-05, -2.0367619202981e-02,                 -nan,                 -nan,  5.1133177583815e-03, -1.8931534003847e+00,  4.7955438100000e-01,  9.0214039994856e-01,              1244160
  4.6352205677543e+00,  0.0000000000000e+00,  9.8892104532938e-01,  1.6896046263376e-01,  3.9391142888727e-02,  1.7793491429776e-04, -1.4337935047377e-04, -1.1875369043769e-02,                 -nan,                 -nan, -1.3450634298579e-03, -9.3361356900320e-01,  4.8726214500000e-01,  9.0707947530864e-01,              1244160
  4.6378814298675e+00,  0.0000000000000e+00,  9.8747842085514e-01,  1.6879266170066e-01,  3.8452246616220e-02,  1.7580156716426e-04,  6.9021760920022e-05, -1.3292177734383e-02,                 -nan,                 -nan,  2.2105088946788e-03, -7.8289089228521e-01,  9.5214214000000e-01,  9.0398662551440e-01,              1244160
  4.6393453692146e+00,  0.0000000000000e+00,  9.8550477562309e-01,  1.6868187514847e-01,  3.2378951321991e-02,  1.6132187912197e-04,  4.0239367095227e-05, -1.0259989712849e-02,                 -nan,                 -nan, -1.7858507997346e-03, -6.2238095502218e-01,  5.0439110200000e-01,  9.0482735339506e-01,              1244160
  4.6401383759758e+00,  0.0000000000000e+00,  9.8450358079499e-01,  1.6906266399846e-01,  3.2720746220093e-02,  1.6217110744826e-04, -1.0874950979685e-04, -1.0481163991730e-02,                 -nan,                 -nan, -5.5440148303037e-03, -7.1605795397253e-01,  5.0465458400000e-01,  9.0650720164609e-01,              1244160
  4.6425630502188e+00,  0.0000000000000e+00,  9.8579107179674e-01,  1.6827191878434e-01,  3.9604519605343e-02,  1.7841618861456e-04,  1.9425755287576e-04, -1.4067482069713e-02,                 -nan,                 -nan,  6.0654604801591e-03, -7.9826544462220e-01,  5.0463160900000e-01,  9.0025639789095e-01,              1244160
  4.6419362272296e+00,  0.0000000000000e+00,  9.8484794995894e-01,  1.6850260292327e-01,  4.0660101739231e-02,  1.8077822305192e-04,  1.3051662426205e-04, -1.5089673999368e-02,                 -nan,                 -nan,  3.1124300921452e-03, -9.4474897056483e-01,  4.9054818800000e-01,  9.0384757587449e-01,              1244160
  4.6395260109021e+00,  0.0000000000000e+00,  9.8301733434385e-01,  1.6909495271764e-01,  2.3202232660174e-02,  1.3656102611530e-04, -6.3505306185315e-05, -7.9858444322006e-03,                 -nan,                 -nan, -8.7731357943446e-03, -3.6298925727645e-01,  4.7175816400000e-01,  8.9934413580247e-01,              1244160
  4.6383684892821e+00,  0.0000000000000e+00,  9.8469443485993e-01,  1.6849197978108e-01,  3.5612691246979e-02,  1.6918594440028e-04,  1.6093974719770e-04, -1.1942616757653e-02,                 -nan,                 -nan,  3.1741951003858e-03, -7.1080468506938e-01,  4.9913876900000e-01,  9.0837191358025e-01,              1244160
  4.6349972800633e+00,  0.0000000000000e+00,  9.8515841330197e-01,  1.6841211491187e-01,  5.0031080858516e-02,  2.0053114122639e-04,  1.0449243390987e-04, -1.8194409808369e-02,                 -nan,                 -nan,  5.3855826578123e-03, -1.3206827593691e+00,  4.9049134100000e-01,  9.1222913451646e-01,              1244160
  4.6305249873182e+00,  0.0000000000000e+00,  9.8381949025210e-01,  1.6853225280027e-01,  3.7396955761823e-02,  1.7337241869668e-04,  2.0705054591007e-05, -1.2902353352539e-02,                 -nan,                 -nan, -1.5917694162915e-04, -8.5316329975322e-01,  5.0943643700000e-01,  9.0269418724280e-01,              1244160
  4.6262793383237e+00,  0.0000000000000e+00,  9.8283081235422e-01,  1.6884304414918e-01,  3.5086802304855e-02,  1.6793212271687e-04, -1.4080095281588e-05, -1.2952990971076e-02,                 -nan,                 -nan, -1.7140372929242e-03, -7.3564452639122e-01,  4.7098483300000e-01,  9.1075585133745e-01,              1244160
  4.6227629482515e+00,  0.0000000000000e+00,  9.8271599239369e-01,  1.6869304286378e-01,  2.9256296235934e-02,  1.5334568332687e-04, -7.8332514240542e-05, -9.8909713262347e-03,                 -nan,                 -nan, -2.8688057926876e-03, -5.2275554050997e-01,  4.9229509600000e-01,  9.0612300668724e-01,              1244160
  4.6208526657298e+00,  0.0000000000000e+00,  9.8378085872895e-01,  1.6879397309937e-01,  3.5000386583215e-02,  1.6772519417011e-04, -1.8872654372425e-04, -1.2607443861824e-02,                 -nan,                 -nan, -2.1331059147104e-03, -7.4708693785058e-01,  4.8947245800000e-01,  9.0318688914609e-01,              1244160
  4.6220786240021e+00,  0.0000000000000e+00,  9.8567718974726e-01,  1.6873536227291e-01,  3.9578455286091e-02,  1.7835746978771e-04, -2.1791363185696e-04, -1.1599224250448e-02,                 -nan,                 -nan, -2.1630853695082e-03, -1.0189027742301e+00,  5.0175842400000e-01,  9.0203350051440e-01,              1244160
  4.6265539146239e+00,  0.0000000000000e+00,  9.8838592648812e-01,  1.6873050656757e-01,  3.2633760531340e-02,  1.6195540403519e-04, -2.5201406365207e-05, -1.1113257093863e-02,                 -nan,                 -nan, -4.2543621752835e-04, -6.2545258429131e-01,  5.0374126200000e-01,  9.0556118184156e-01,              1244160
  4.6310517199326e+00,  0.0000000000000e+00,  9.9110385372530e-01,  1.6857547846090e-01,  3.1971804166491e-02,  1.6030440437752e-04,  1.1179036576355e-04, -1.2466083838790e-02,                 -nan,                 -nan, -4.5393843494211e-04, -6.2009248103541e-01,  4.9536160700000e-01,  9.0862429269547e-01,              1244160
  4.6335079864802e+00,  0.0000000000000e+00,  9.9384013706880e-01,  1.6855061406603e-01,  4.4821125214199e-02,  1.8980308204098e-04, -4.4116503041974e-07, -1.4481085898659e-02,                 -nan,                 -nan,  5.1491363606041e-03, -1.0423834094749e+00,  5.2799289400000e-01,  9.1036844135802e-01,              1244160
  4.6358380545304e+00,  0.0000000000000e+00,  9.9456678995073e-01,  1.6832993758656e-01,  5.7015714557170e-02,  2.1407165591465e-04,  1.6669883440281e-04, -2.4235930404964e-02,                 -nan,                 -nan,  1.0096894651629e-02, -1.5206054083086e+00,  5.0697245800000e-01,  9.0914271476337e-01,              1244160
  4.6355956419284e+00,  0.0000000000000e+00,  9.9171874785012e-01,  1.6816662489069e-01,  1.3268907622348e-01,  3.2657239254352e-04,  2.3705277933101e-04, -5.6863018109287e-02,                 -nan,                 -nan,  2.2412817645335e-02, -6.2446000005862e+00,  4.9359885900000e-01,  9.1069155092593e-01,              1244160
  4.6322225012754e+00,  0.0000000000000e+00,  9.8202344931671e-01,  1.6855676935086e-01,  4.2265481031281e-02,  1.8431250037346e-04,  1.9786902470842e-05, -1.2560836161736e-02,                 -nan,                 -nan,  1.5273518270712e-03, -1.0202182072566e+00,  5.3263170800000e-01,  9.0590117026749e-01,              1244160
  4.6289778011376e+00,  0.0000000000000e+00,  9.7290745973611e-01,  1.6816604518109e-01,  7.5268065213981e-02,  2.4596157138289e-04,  2.6667749280369e-05, -2.2397110479032e-02,                 -nan,                 -nan,  1.2768791286088e-02, -2.4083675772809e+00,  5.0585368500000e-01,  9.0608121141975e-01,              1244160
  4.6258188207650e+00,  0.0000000000000e+00,  9.6044015271091e-01,  1.6851417754242e-01,  3.4578235491860e-02,  1.6671063147911e-04, -4.8439902726527e-05, -1.1740623063063e-02,                 -nan,                 -nan, -3.7437056448911e-03, -7.3343033312582e-01,  4.9929006200000e-01,  9.0829073431070e-01,              1244160
  4.6237968837966e+00,  0.0000000000000e+00,  9.5073415588173e-01,  1.6854354421338e-01,  6.3463351367864e-02,  2.2585171046395e-04, -1.2812277632440e-04, -2.4310841594250e-02,                 -nan,                 -nan, -1.2312029232517e-04, -2.2458323445992e+00,  4.8782310300000e-01,  9.1104118441358e-01,              1244160
  4.6241075296181e+00,  0.0000000000000e+00,  9.4244956909124e-01,  1.6884242094000e-01,  2.8822947530728e-02,  1.5220575660603e-04, -1.4649851872457e-04, -1.1435851980246e-02,                 -nan,                 -nan, -1.4110716994296e-02, -6.5520647528420e-01,  5.0863649000000e-01,  8.9921553497942e-01,              1244160
  4.6267001028075e+00,  0.0000000000000e+00,  9.4036682233512e-01,  1.6881508498418e-01,  2.2749752491936e-02,  1.3522289225893e-04, -1.9924448641486e-04, -7.7086732981954e-03,                 -nan,                 -nan, -1.5485147166718e-02, -3.9578652735409e-01,  4.7982387400000e-01,  9.1339618698560e-01,              1244160
  4.6321155013110e+00,  0.0000000000000e+00,  9.4426391647310e-01,  1.6921797568965e-01,  2.0341082017496e-02,  1.2786418304888e-04, -2.9478127521271e-04, -7.7235625976119e-03,                 -nan,                 -nan, -2.0528811712074e-02, -3.6770056278954e-01,  4.9949644800000e-01,  9.0695167824074e-01,              1244160
  4.6414936213296e+00,  0.0000000000000e+00,  9.5525128086741e-01,  1.6868107312010e-01,  5.7661463663719e-02,  2.1528051010758e-04,  2.9426403687609e-05, -1.8189185902080e-02,                 -nan,                 -nan, -7.2999814327600e-04, -1.8400428664873e+00,  4.9438079400000e-01,  9.0304703575103e-01,              1244160
  4.6496375182182e+00,  0.0000000000000e+00,  9.6575294199142e-01,  1.6857145413201e-01,  3.5304932600514e-02,  1.6845332049977e-04,  4.8601652369078e-05, -9.5045377922700e-03,                 -nan,                 -nan, -6.5263829215466e-03, -9.5465142326400e-01,  5.1413930500000e-01,  9.1110789609053e-01,              1244160
  4.6563111739828e+00,  0.0000000000000e+00,  9.7775003777023e-01,  1.6808220777461e-01,  4.7929443828794e-02,  1.9627413744055e-04,  4.0954496294790e-04, -1.5776253392749e-02,                 -nan,                 -nan,  8.3801447115400e-03, -1.1375589707548e+00,  4.9160235800000e-01,  8.9413339120370e-01,              1244160
  4.6562226002311e+00,  0.0000000000000e+00,  9.8570447420895e-01,  1.6878300499156e-01,  3.4198998231845e-02,  1.6579391047206e-04,  1.4321012286254e-04, -1.0880532115783e-02,                 -nan,                 -nan, -7.9946642698004e-04, -7.0921189858209e-01,  4.7649145600000e-01,  9.1056857638889e-01,              1244160
  4.6540655416907e+00,  0.0000000000000e+00,  9.9329318612068e-01,  1.6861049963989e-01,  4.1206175406854e-02,  1.8198811897809e-04,  1.7468043952770e-04, -1.3064035945588e-02,                 -nan,                 -nan,  4.1699817012007e-03, -9.0029597927245e-01,  5.2662343100000e-01,  8.9913917824074e-01,              1244160
  4.6495890096768e+00,  0.0000000000000e+00,  9.9877486431988e-01,  1.6840021732561e-01,  4.3845391516712e-02,  1.8772575468937e-04,  3.1820540993923e-04, -1.5837053586764e-02,                 -nan,                 -nan,  8.3556057252530e-03, -9.4106826876009e-01,  4.9834129700000e-01,  8.9926697530864e-01,              1244160
  4.6409120492053e+00,  0.0000000000000e+00,  1.0008353657754e+00,  1.6851283008195e-01,  4.5069252185977e-02,  1.9032772599439e-04,  1.9142922656713e-04, -1.5949170456942e-02,                 -nan,                 -nan,  9.5700893993763e-03, -9.6484624292989e-01,  4.9590127300000e-01,  9.0523164223251e-01,              1244160
  4.6303495402460e+00,  0.0000000000000e+00,  9.9938268912031e-01,  1.6864455208694e-01,  4.7371329227574e-02,  1.9512803372745e-04,  6.4647754103416e-05, -1.8271385978573e-02,                 -nan,                 -nan,  4.2555442566756e-03, -1.2378719882312e+00,  4.9653911700000e-01,  9.0041554140947e-01,              1244160
  4.6199966489067e+00,  0.0000000000000e+00,  9.9675000476371e-01,  1.6831855940076e-01,  4.4381720532852e-02,  1.8887042166340e-04, -4.1775829583664e-06, -1.3271522570073e-02,                 -nan,                 -nan,  7.8780971355719e-03, -9.7439808511049e-01,  4.6462698100000e-01,  8.9606079603909e-01,              1244160
  4.6108289820412e+00,  0.0000000000000e+00,  9.9169093170270e-01,  1.6849288150827e-01,  3.3219223731143e-02,  1.6340171955854e-04, -1.9602789336034e-04, -1.1614904353433e-02,                 -nan,                 -nan, -3.1037470229100e-04, -6.6029710700192e-01,  5.0260204000000e-01,  9.0919094007202e-01,              1244160
  4.6056211799461e+00,  0.0000000000000e+00,  9.8736495677910e-01,  1.6893492002044e-01,  2.5051727231681e-02,  1.4189945253373e-04, -3.4107018617448e-04, -7.4834206242294e-03,                 -nan,                 -nan, -7.5882973667143e-03, -4.3248604379436e-01,  5.0569716800000e-01,  9.0201421039095e-01,              1244160
  4.6061213048332e+00,  0.0000000000000e+00,  9.8631665779251e-01,  1.6871360398980e-01,  3.8123557864173e-02,  1.7504858109155e-04, -2.1101642363778e-04, -1.4267101926643e-02,                 -nan,                 -nan, -1.5693313845311e-03, -9.1563084444353e-01,  4.6645638200000e-01,  9.1202015817901e-01,              1244160
  4.6098360093162e+00,  0.0000000000000e+00,  9.8611149655790e-01,  1.6832778937537e-01,  5.3125898703199e-02,  2.0664030188728e-04, -1.0440760346573e-04, -2.0573253249185e-02,                 -nan,                 -nan,  9.3804441277236e-03, -1.3505864676208e+00,  4.7608249400000e-01,  9.0675154320988e-01,              1244160
  4.6148995541596e+00,  0.0000000000000e+00,  9.8275406627290e-01,  1.6871779732093e-01,  4.6053677498311e-02,  1.9239511477920e-04, -1.9506321164992e-04, -1.4947247447846e-02,                 -nan,                 -nan,  2.4049494960493e-03, -1.1518126003601e+00,  4.7133065400000e-01,  9.0922228652263e-01,              1244160
  4.6224853743318e+00,  0.0000000000000e+00,  9.7906098471824e-01,  1.6827266142578e-01,  4.1656298697950e-02,  1.8297940966089e-04,  8.8121724322283e-05, -1.5002573608601e-02,                 -nan,                 -nan,  3.4655769109083e-03, -9.4629074893112e-01,  4.9656233200000e-01,  9.0337336033951e-01,              1244160
  4.6281118114777e+00,  0.0000000000000e+00,  9.7464018280517e-01,  1.6851653492902e-01,  3.8217441371317e-02,  1.7526398687115e-04, -1.5117352766525e-04, -1.1329236634163e-02,                 -nan,                 -nan, -7.0167195118717e-04, -9.0782303315664e-01,  4.7077679900000e-01,  9.0422775205761e-01,              1244160
  4.6355268354567e+00,  0.0000000000000e+00,  9.7107891940536e-01,  1.6879350530987e-01,  2.9067342006573e-02,  1.5284968322227e-04, -1.2318055006812e-04, -7.3371119379781e-03,                 -nan,                 -nan, -6.4951150151845e-03, -5.5729634810659e-01,  9.1470466200000e-01,  9.1077514146091e-01,              1244160
  4.6441063118247e+00,  0.0000000000000e+00,  9.7035195758115e-01,  1.6882345078688e-01,  2.4433037265301e-02,  1.4013628861339e-04,  8.2836265267834e-05, -7.6356359465560e-03,                 -nan,                 -nan, -9.4846952001312e-03, -4.3693662426644e-01,  4.9183918100000e-01,  9.0554832175926e-01,              1244160
  4.6506499023312e+00,  0.0000000000000e+00,  9.7324367908794e-01,  1.6904749906869e-01,  1.9351070724384e-02,  1.2471376282219e-04,  1.8983788729830e-05, -6.3583357606177e-03,                 -nan,                 -nan, -1.3271743454541e-02, -2.8516551504442e-01,  4.8943693800000e-01,  9.1059429655350e-01,              1244160
  4.6563095524800e+00,  0.0000000000000e+00,  9.8071824339963e-01,  1.6861893408843e-01,  4.4137269423472e-02,  1.8834956156754e-04,  1.9230146401610e-04, -1.3877573754995e-02,                 -nan,                 -nan,  3.1788882978935e-03, -1.0463614326965e+00,  4.7588956100000e-01,  8.8817274305556e-01,              1244160
  4.6586162488903e+00,  0.0000000000000e+00,  9.8648551137402e-01,  1.6852985675876e-01,  5.1682890429159e-02,  2.0381459476918e-04,  1.9770777726536e-04, -7.8943838630753e-03,                 -nan,                 -nan,  6.1083101455207e-03, -1.3967107288618e+00,  4.8571118000000e-01,  9.1495707947531e-01,              1244160
  4.6577811827896e+00,  0.0000000000000e+00,  9.8970650716830e-01,  1.6848155803868e-01,  4.2858660894135e-02,  1.8560137165448e-04,  1.8283343348139e-04, -7.3521000154286e-03,                 -nan,                 -nan,  3.1570452778925e-03, -1.0324157218243e+00,  5.0186802700000e-01,  8.9061053240741e-01,              1244160
  4.6543396023386e+00,  0.0000000000000e+00,  9.9164491975765e-01,  1.6848853883643e-01,  4.1999231705473e-02,  1.8373104944104e-04,  2.6150906621633e-04, -1.6497376906516e-02,                 -nan,                 -nan,  5.0307081377126e-03, -9.5021645176434e-01,  4.9399664100000e-01,  9.0263069058642e-01,              1244160
  4.6474515439970e+00,  0.0000000000000e+00,  9.9172686894266e-01,  1.6862771440508e-01,  3.9491310058499e-02,  1.7816100472359e-04,  1.8280575319748e-04, -1.4497945971281e-02,                 -nan,                 -nan,  4.0129556728062e-03, -8.3568357773257e-01,  5.1027929300000e-01,  9.0448575745885e-01,              1244160
  4.6386221485225e+00,  0.0000000000000e+00,  9.9048628410214e-01,  1.6882144791424e-01,  2.8216581476444e-02,  1.5059622342116e-04, -2.1484954865943e-05, -1.0219280597604e-02,                 -nan,                 -nan, -3.6431694681114e-03, -5.0582736392135e-01,  4.5862605400000e-01,  9.0302292309671e-01,              1244160
  4.6310643063838e+00,  0.0000000000000e+00,  9.9079448807315e-01,  1.6839611801614e-01,  5.4546053793316e-02,  2.0938402833806e-04,  5.8325805443626e-05, -1.7135127965900e-02,                 -nan,                 -nan,  1.1159847518584e-02, -1.3425425506773e+00,  5.5950671000000e-01,  9.0811953446502e-01,              1244160
  4.6235062552364e+00,  0.0000000000000e+00,  9.8724013379959e-01,  1.6867343868182e-01,  5.0421814610742e-02,  2.0131267437709e-04, -1.8526482568976e-04, -1.4135719258859e-02,                 -nan,                 -nan,  1.5301644885411e-03, -1.5028519765899e+00,  5.5959496800000e-01,  9.0832851080247e-01,              1244160
  4.6195956008113e+00,  0.0000000000000e+00,  9.8375212172933e-01,  1.6882962426536e-01,  2.6522532377899e-02,  1.4600555411187e-04, -4.9166381513162e-05, -8.3595661998951e-03,                 -nan,                 -nan, -7.2120483651580e-03, -4.9230206278643e-01,  4.8843467000000e-01,  9.0114856610082e-01,              1244160
  4.6168738974347e+00,  0.0000000000000e+00,  9.8334094953358e-01,  1.6860270288656e-01,  5.3543947174208e-02,  2.0745173649092e-04, -9.4836851471554e-05, -1.9803103004140e-02,                 -nan,                 -nan,  4.8013735567474e-03, -1.4483580890841e+00,  5.2802664400000e-01,  9.0831002443416e-01,              1244160
  4.6159985509620e+00,  0.0000000000000e+00,  9.8147837867594e-01,  1.6881944707273e-01,  3.9227404787264e-02,  1.7756471604692e-04, -2.5837814634370e-04, -1.3183061128519e-02,                 -nan,                 -nan, -1.8906771714759e-04, -8.8087037698648e-01,  4.8997723600000e-01,  9.0789046424897e-01,              1244160
  4.6191915761412e+00,  0.0000000000000e+00,  9.8003052982797e-01,  1.6840715676023e-01,  3.3640841697507e-02,  1.6443539632320e-04, -1.5925788661125e-04, -9.7714025560119e-03,                 -nan,                 -nan,  2.1959798421670e-04, -6.6075627509192e-01,  4.7630171600000e-01,  9.0412889017490e-01,              1244160
  4.6245305413702e+00,  0.0000000000000e+00,  9.7876637257399e-01,  1.6838839791686e-01,  4.4030029397365e-02,  1.8812060658007e-04,  9.1800940723474e-06, -1.6443833367557e-02,                 -nan,                 -nan,  4.0283405954754e-03, -1.0395478173262e+00,  5.1836950700000e-01,  9.0547839506173e-01,              1244160
  4.6293276280152e+00,  0.0000000000000e+00,  9.7633873138030e-01,  1.6861857405146e-01,  2.8650977737902e-02,  1.5175101560916e-04, -6.8581533768023e-05, -8.3878299402754e-03,                 -nan,                 -nan, -5.7237116342180e-03, -5.7923642576187e-01,  5.1841095200000e-01,  9.0570505401235e-01,              1244160
  4.6347452615698e+00,  0.0000000000000e+00,  9.7636270375849e-01,  1.6832110053368e-01,  4.2647434237144e-02,  1.8514344343754e-04,  3.8244715243357e-05, -1.3500786167311e-02,                 -nan,                 -nan,  3.3638941651062e-03, -9.6949475606023e-01,  4.9847891900000e-01,  8.9993650334362e-01,              1244160
  4.6391526577841e+00,  0.0000000000000e+00,  9.7532525498820e-01,  1.6838126157782e-01,  3.6788538117843e-02,  1.7195632222651e-04,  2.4788714302482e-05, -9.4661137295180e-03,                 -nan,                 -nan,  2.2273640609771e-03, -7.5588748293590e-01,  4.9054780500000e-01,  8.9347270447531e-01,              1244160
  4.6428218044149e+00,  0.0000000000000e+00,  9.7370928285922e-01,  1.6860669237814e-01,  4.2803790849518e-02,  1.8548252499740e-04,  7.9219311846892e-05, -1.6430588248557e-02,                 -nan,                 -nan, -5.0870650716919e-04, -1.0683414239233e+00,  4.7273720000000e-01,  9.0495916923868e-01,              1244160
  4.6450547482890e+00,  0.0000000000000e+00,  9.7263759753853e-01,  1.6830504825960e-01,  3.8676627014555e-02,  1.7631374851891e-04,  2.0023189488264e-04, -1.3367002537889e-02,                 -nan,                 -nan,  1.0059872067179e-03, -8.7143675607801e-01,  5.1417972200000e-01,  9.0191293724280e-01,              1244160
  4.6441403344884e+00,  0.0000000000000e+00,  9.7146123810874e-01,  1.6831195850099e-01,  6.6445486680916e-02,  2.3109716942783e-04,  2.4504204110443e-04, -2.5013423648736e-02,                 -nan,                 -nan,  9.2777963081564e-03, -2.1614930012591e+00,  4.7286335200000e-01,  9.0414416152263e-01,              1244160
  4.6398110422975e+00,  0.0000000000000e+00,  9.6737826178443e-01,  1.6875680379986e-01,  2.7025402299234e-02,  1.4738319482753e-04, -6.5903502891162e-05, -6.5503795508163e-03,                 -nan,                 -nan, -8.0490676702210e-03, -5.0081026328522e-01,  4.9300895800000e-01,  9.0555234053498e-01,              1244160
  4.6369550014691e+00,  0.0000000000000e+00,  9.6676668777580e-01,  1.6889132304044e-01,  3.2208226623350e-02,  1.6089601557744e-04, -7.7319348300364e-05, -1.3961177728057e-02,                 -nan,                 -nan, -9.3923517860634e-03, -7.8102391272090e-01,  5.0671255900000e-01,  9.0853186085391e-01,              1244160
  4.6356561972493e+00,  0.0000000000000e+00,  9.6981964322522e-01,  1.6833687222240e-01,  2.8710496388517e-02,  1.5190855525614e-04,  2.0699721108657e-05, -8.0889370861219e-03,                 -nan,                 -nan, -4.9725328262708e-03, -5.6202415890460e-01,  4.8241181800000e-01,  9.0005947788066e-01,              1244160
  4.6342336857618e+00,  0.0000000000000e+00,  9.7450441997776e-01,  1.6861115955915e-01,  3.0143929723266e-02,  1.5565454884597e-04, -1.4905959358592e-04, -6.6891215046295e-03,                 -nan,                 -nan, -5.4055723592559e-03, -6.2299138965177e-01,  4.8855787600000e-01,  9.0546151620370e-01,              1244160
  4.6352601309765e+00,  0.0000000000000e+00,  9.8082957957848e-01,  1.6858005746701e-01,  3.9464720203327e-02,  1.7810101591862e-04,  7.8835539484354e-05, -6.3435940774284e-03,                 -nan,                 -nan,  2.5679390574053e-03, -8.8240892066415e-01,  5.3657695600000e-01,  9.1549318415638e-01,              1244160
  4.6350383728648e+00,  0.0000000000000e+00,  9.8574414361602e-01,  1.6828553323619e-01,  4.0624157953984e-02,  1.8069830084293e-04,  1.6313676923959e-04, -1.4234599974442e-02,                 -nan,                 -nan,  5.4739947903268e-03, -8.5122275293102e-01,  4.8908710800000e-01,  9.0072257587449e-01,              1244160
  4.6324743050044e+00,  0.0000000000000e+00,  9.8830575585678e-01,  1.6858477484560e-01,  4.0776444130192e-02,  1.8103667232087e-04,  5.2769115738650e-05, -1.4639275375348e-02,                 -nan,                 -nan,  2.6356742311200e-03, -9.3928400003155e-01,  4.9150064900000e-01,  9.0718315972222e-01,              1244160
  4.6294742371257e+00,  0.0000000000000e+00,  9.8981318747312e-01,  1.6850127788244e-01,  4.4404537943875e-02,  1.8891896620190e-04, -2.7665992702199e-05, -1.3543721715660e-02,                 -nan,                 -nan,  6.0144628727273e-03, -1.0355628745603e+00,  5.8242662800000e-01,  8.9784995498971e-01,              1244160
  4.6272939874058e+00,  0.0000000000000e+00,  9.8913758922562e-01,  1.6897188414612e-01,  2.5406930017612e-02,  1.4290189185501e-04, -1.9677794718242e-04, -8.3811522475762e-03,                 -nan,                 -nan, -6.7137608819945e-03, -4.4871991923548e-01,  4.5993166000000e-01,  9.0588831018519e-01,              1244160
  4.6283842167667e+00,  0.0000000000000e+00,  9.9109540288042e-01,  1.6836591383578e-01,  4.6001364072931e-02,  1.9228581072494e-04,  7.4749737530832e-06, -1.6445851619355e-02,                 -nan,                 -nan,  4.6074071161059e-03, -1.1241394325654e+00,  4.8872168100000e-01,  9.0845550411523e-01,              1244160
  4.6293780722485e+00,  0.0000000000000e+00,  9.9136163774629e-01,  1.6865640361452e-01,  4.4363582896628e-02,  1.8883182454474e-04,  4.4082599532420e-05, -1.6772621238486e-02,                 -nan,                 -nan,  1.8101772282655e-03, -1.1130009010833e+00,  4.8911087200000e-01,  9.0497202932099e-01,              1244160
  4.6297303142313e+00,  0.0000000000000e+00,  9.9113695330797e-01,  1.6842691391490e-01,  3.5270119999725e-02,  1.6837024790751e-04, -6.3836523198121e-05, -1.0462216493455e-02,                 -nan,                 -nan,  2.4078837883101e-03, -6.9353975056747e-01,  4.8523128200000e-01,  9.0276331018519e-01,              1244160
  4.6311000795016e+00,  0.0000000000000e+00,  9.9016977703390e-01,  1.6906118748776e-01,  2.6468520533159e-02,  1.4585681174860e-04, -4.6236466144410e-05, -9.8207398089508e-03,                 -nan,                 -nan, -6.0517173151591e-03, -4.7540302305730e-01,  4.7936905300000e-01,  9.0519466949588e-01,              1244160
  4.6331145664661e+00,  0.0000000000000e+00,  9.9163308590328e-01,  1.6886370004733e-01,  2.8607212757255e-02,  1.5163506985552e-04, -4.5495272330988e-05, -9.2158010312792e-03,                 -nan,                 -nan, -3.7997672137899e-03, -5.1350300806951e-01,  4.9443235500000e-01,  9.0123939043210e-01,              1244160
  4.6356949631267e+00,  0.0000000000000e+00,  9.9445770723344e-01,  1.6863676017547e-01,  5.0771880129239e-02,  2.0201029633684e-04,  4.5221035211078e-05, -1.8096581013119e-02,                 -nan,                 -nan,  6.1424820991546e-03, -1.2903373289681e+00,  4.9397797300000e-01,  9.0086242926955e-01,              1244160
  4.6374670260426e+00,  0.0000000000000e+00,  9.9495842540539e-01,  1.6883897894417e-01,  3.3726527063307e-02,  1.6464467685746e-04,  1.1053014723316e-05, -1.1036755005321e-02,                 -nan,                 -nan, -5.0775325311156e-04, -6.6489750068516e-01,  4.9405098900000e-01,  8.9827835648148e-01,              1244160
  4.6389791945551e+00,  0.0000000000000e+00,  9.9572221913557e-01,  1.6861202533626e-01,  3.2562704113860e-02,  1.6177898792840e-04, -8.8132550458163e-05, -9.0748600881118e-03,                 -nan,                 -nan,  6.8354063642532e-04, -6.2834675380624e-01,  4.9600889200000e-01,  9.0897633744856e-01,              1244160
  4.6417614976733e+00,  0.0000000000000e+00,  9.9627292684743e-01,  1.6866948184287e-01,  4.2277174418693e-02,  1.8433799503684e-04,  9.5137525746682e-05, -1.4516542719872e-02,                 -nan,                 -nan,  4.6920365829557e-03, -9.6160455404131e-01,  4.7087435600000e-01,  9.0918370627572e-01,              1244160
  4.6429198808940e+00,  0.0000000000000e+00,  9.9519903683448e-01,  1.6839330500709e-01,  3.5798253594931e-02,  1.6962614914665e-04,  2.5371344358055e-04, -1.3136160184778e-02,                 -nan,                 -nan,  4.6727291714819e-03, -6.9336671250794e-01,  4.7905673800000e-01,  9.0595261059671e-01,              1244160
  4.6401760452393e+00,  0.0000000000000e+00,  9.9261788879075e-01,  1.6877324961749e-01,  2.8234268449489e-02,  1.5064341507110e-04,  1.5158195573838e-04, -1.1242004284340e-02,                 -nan,                 -nan, -2.5838224218188e-03, -4.9712805800789e-01,  4.4825971500000e-01,  9.0414335776749e-01,              1244160
  4.6354702194518e+00,  0.0000000000000e+00,  9.9135020349557e-01,  1.6835411415005e-01,  3.4656897010778e-02,  1.6690014753928e-04,  8.7059132685322e-05, -9.6224595156032e-03,                 -nan,                 -nan,  2.1466908612101e-03, -7.1509099557539e-01,  4.8661370500000e-01,  8.9921473122428e-01,              1244160
  4.6299699068800e+00,  0.0000000000000e+00,  9.8953895441335e-01,  1.6859544355686e-01,  3.9323406433836e-02,  1.7778186128538e-04,  3.1434469239288e-05, -1.5021294402263e-02,                 -nan,                 -nan,  1.2937583534703e-03, -9.1365223837090e-01,  4.9135212600000e-01,  9.0934686856996e-01,              1244160
  4.6246461739219e+00,  0.0000000000000e+00,  9.8759344914041e-01,  1.6868505538989e-01,  6.9619416956595e-02,  2.3655224476516e-04, -1.5847209827517e-04, -2.3360719405353e-02,                 -nan,                 -nan,  6.2023034706151e-03, -2.3859591912401e+00,  4.8759263300000e-01,  9.0521074459877e-01,              1244160
  4.6224671111097e+00,  0.0000000000000e+00,  9.8396508857537e-01,  1.6871030162196e-01,  3.4284790082922e-02,  1.6600173610911e-04, -7.5152747697637e-06, -1.2370833545286e-02,                 -nan,                 -nan, -2.1552805435185e-03, -7.2807217699836e-01,  5.0160871300000e-01,  9.0436037165638e-01,              1244160
  4.6207140360796e+00,  0.0000000000000e+00,  9.8164073114145e-01,  1.6861871908302e-01,  3.6785645207767e-02,  1.7194956109951e-04, -1.7678726007250e-04, -7.8932981792172e-03,                 -nan,                 -nan, -2.2196826958806e-03, -8.8654205727174e-01,  4.8946676500000e-01,  9.0840165252058e-01,              1244160
  4.6219135774412e+00,  0.0000000000000e+00,  9.8054623919031e-01,  1.6851952288525e-01,  4.2924939915104e-02,  1.8574482836426e-04,  3.2338001959128e-05, -1.5826299928088e-02,                 -nan,                 -nan,  3.3694331652042e-03, -9.9803903620822e-01,  5.0639409700000e-01,  8.9242460776749e-01,              1244160
  4.6226187701440e+00,  0.0000000000000e+00,  9.7848151654183e-01,  1.6890637493645e-01,  3.3360531273056e-02,  1.6374888890735e-04, -6.8520086126005e-05, -1.1714847810507e-02,                 -nan,                 -nan, -3.8379834761156e-03, -7.0136798603130e-01,  4.8889915400000e-01,  9.1184333204733e-01,              1244160
  4.6226187701440e+00,  0.0000000000000e+00,  9.7848151654183e-01,  1.6876207713151e-01,  2.6672098104039e-02,  1.3365950537738e-04, -1.0620019392936e-04, -1.0526089979329e-02,                 -nan,                 -nan, -7.6601612574075e-03, -4.9607489291973e-01,  5.9337298400000e-01,  9.0478783543381e-01,              1492992
  4.6226187701440e+00,  0.0000000000000e+00,  9.7848151654183e-01,  1.6846787017732e-01,  6.7582225360465e-02,  1.9422144085212e-04, -1.0363873706638e-04, -8.4142424131211e-03,                 -nan,                 -nan,  6.4725984899242e-03, -2.4004050157654e+00,  6.7993393700000e-01,  9.0264781858329e-01,              1791588
  4.6226187701440e+00,  0.0000000000000e+00,  9.7848151654183e-01,  1.6828193170726e-01,  7.8613067064844e-02,  1.9122181338640e-04, -3.9323534649966e-05, -2.3264475015990e-02,                 -nan,                 -nan,  1.1757877918770e-02, -2.8051411528416e+00,  8.2057954100000e-01,  9.0292421815259e-01,              2149908
  4.6226187701440e+00,  0.0000000000000e+00,  9.7848151654183e-01,  1.6863306075271e-01,  4.2064849141414e-02,  1.2769069231445e-04, -8.4154174467768e-05, -1.2410057859498e-02,                 -nan,                 -nan,  4.5201392324232e-05, -1.0388085883137e+00,  9.6977369000000e-01,  9.1716074496257e-01,              2579888
  4.6226187701440e+00,  0.0000000000000e+00,  9.7848151654183e-01,  1.6848551871956e-01,  3.8523768175928e-02,  1.1155099369954e-04, -4.1992450736946e-05, -7.7715506396118e-03,                 -nan,                 -nan,  1.5199153335571e-03, -8.6347795437862e-01,  1.1694170080000e+00,  9.0996180710781e-01,              3095864
  4.6239607678341e+00,  0.0000000000000e+00,  9.7621154537909e-01,  1.6854008489837e-01,  4.1930744683152e-02,  1.1637919550203e-04, -1.0138727528068e-04, -1.4867584138872e-02,                 -nan,                 -nan,  2.9000211588908e-04, -1.0570343461677e+00,  1.1776100400000e+00,  9.0862550809725e-01,              3095864
  4.6268465586716e+00,  0.0000000000000e+00,  9.7425584140738e-01,  1.6835902080693e-01,  5.0102929579081e-02,  1.2721567398165e-04, -9.1358588692611e-05, -2.9793215866146e-03,                 -nan,                 -nan,  4.0164569688399e-03, -1.4184471888511e+00,  1.1806807420000e+00,  9.1334147753260e-01,              3095864
  4.6308781718620e+00,  0.0000000000000e+00,  9.7124693056598e-01,  1.6890041969375e-01,  2.4876314402692e-02,  8.9640048224563e-05, -1.5053700687999e-04, -7.1962088731171e-03,                 -nan,                 -nan, -9.1383457713647e-03, -4.4620994670729e-01,  1.2193542880000e+00,  8.9639079752857e-01,              3095864
  4.6368848971239e+00,  0.0000000000000e+00,  9.7206793584600e-01,  1.6873637655961e-01,  3.2294274726070e-02,  1.0213435032729e-04,  1.0716342626523e-05, -1.0241621393050e-02,                 -nan,                 -nan, -4.5874859690757e-03, -6.7901307964764e-01,  1.2006657290000e+00,  9.0495092807694e-01,              3095864
  4.6422113277237e+00,  0.0000000000000e+00,  9.7466387510352e-01,  1.6870666893332e-01,  2.9349206036220e-02,  9.7365980465247e-05, -3.2210022447115e-05, -8.9021188824153e-03,                 -nan,                 -nan, -5.0679008320194e-03, -5.6362065985759e-01,  1.1630535780000e+00,  9.0421962980286e-01,              3095864
  4.6475777983813e+00,  0.0000000000000e+00,  9.7901804251234e-01,  1.6851209177292e-01,  4.0911264627387e-02,  1.1495570127861e-04,  1.4698975041052e-04, -1.3547078870427e-02,                 -nan,                 -nan,  1.3202020666605e-03, -9.5221286313542e-01,  1.2804840240000e+00,  9.0380875904109e-01,              3095864
  4.6502400277133e+00,  0.0000000000000e+00,  9.8262302965328e-01,  1.6856813152305e-01,  5.2975830305127e-02,  1.3081210946083e-04,  1.8992939525109e-04, -1.8306284686992e-02,                 -nan,                 -nan,  5.0626727291245e-03, -1.5084522376026e+00,  1.3231638410000e+00,  9.0252640296861e-01,              3095864
  4.6498396153256e+00,  0.0000000000000e+00,  9.8424243332179e-01,  1.6851085490891e-01,  4.1883165999584e-02,  1.1631314920828e-04,  1.6213204920915e-04, -1.2297827249052e-02,                 -nan,                 -nan,  4.9849337424988e-03, -9.2826615468832e-01,  1.4038095540000e+00,  9.1149546620911e-01,              3095864
  4.6470667610404e+00,  0.0000000000000e+00,  9.8399208457137e-01,  1.6841182250173e-01,  4.6652593719677e-02,  1.2275719605104e-04,  2.1827164410910e-04, -1.6491994524164e-02,                 -nan,                 -nan,  4.2451095666625e-03, -1.2073750391143e+00,  1.3217318470000e+00,  9.0071398485205e-01,              3095864
  4.6413278456258e+00,  0.0000000000000e+00,  9.8238897898315e-01,  1.6869063680141e-01,  3.6222900090181e-02,  1.0816846630009e-04, -1.5638303767150e-05, -9.8041116907659e-03,                 -nan,                 -nan, -1.7077853194143e-03, -8.3292529325120e-01,  1.3184192660000e+00,  9.1839434807214e-01,              3095864
  4.6364742686745e+00,  0.0000000000000e+00,  9.8174909734773e-01,  1.6857379422837e-01,  3.5734194101727e-02,  1.0743630390111e-04,  8.9184306827752e-05, -1.3067919052531e-02,                 -nan,                 -nan,  1.2113667242686e-03, -7.1698557130894e-01,  1.5138354930000e+00,  9.0331552032001e-01,              3095864
  4.6308220981784e+00,  0.0000000000000e+00,  9.8084908667836e-01,  1.6856230573242e-01,  3.9043619324231e-02,  1.1230112265339e-04,  3.5478827709858e-06, -1.0849673777202e-02,                 -nan,                 -nan, -1.5707024289142e-04, -9.0103229317723e-01,  1.4696336570000e+00,  9.0119171901608e-01,              3095864
  4.6257579108240e+00,  0.0000000000000e+00,  9.8026875840772e-01,  1.6853339741228e-01,  4.7287386770125e-02,  1.2358954124231e-04, -1.1019375181535e-05, -1.6178708212545e-02,                 -nan,                 -nan,  3.1608312711999e-03, -1.2437729478111e+00,  1.3648537880000e+00,  9.0292273820814e-01,              3095864
  4.6214912032571e+00,  0.0000000000000e+00,  9.7878092963119e-01,  1.6857064447905e-01,  4.6103683630827e-02,  1.2203288431167e-04, -1.6117035542053e-04, -1.2630460001164e-02,                 -nan,                 -nan,  3.4843121186529e-03, -1.1172811000687e+00,  1.1885082350000e+00,  9.0910711840055e-01,              3095864
  4.6202514017632e+00,  0.0000000000000e+00,  9.7632747815830e-01,  1.6855090225279e-01,  4.0588863492053e-02,  1.1450185128733e-04, -1.5152731083463e-04, -8.1563054064347e-03,                 -nan,                 -nan,  5.9071669884598e-04, -9.6670097235651e-01,  1.2725317500000e+00,  9.0346313662357e-01,              3095864
  4.6215511202591e+00,  0.0000000000000e+00,  9.7407573551592e-01,  1.6831092713339e-01,  5.7318832142708e-02,  1.3606854146483e-04, -2.9807669931017e-06, -1.6374386391645e-02,                 -nan,                 -nan,  5.5659276587714e-03, -1.7063432581005e+00,  1.2477288140000e+00,  9.0030408312510e-01,              3095864
  4.6228958946251e+00,  0.0000000000000e+00,  9.7025168519244e-01,  1.6872474496984e-01,  3.3640558012033e-02,  1.0424150153359e-04, -1.6740383095533e-04, -9.2550814117770e-03,                 -nan,                 -nan, -4.7865226530137e-03, -7.3625954962631e-01,  1.1469704540000e+00,  9.0198632756478e-01,              3095864
  4.6267794210233e+00,  0.0000000000000e+00,  9.6877403840995e-01,  1.6846394879054e-01,  4.2036778716360e-02,  1.1652625184467e-04,  5.1251816831051e-05, -1.4878123859169e-02,                 -nan,                 -nan,  8.9297341013733e-04, -1.0425686596430e+00,  1.1903670760000e+00,  9.0177604700982e-01,              3095864
  4.6295969418937e+00,  0.0000000000000e+00,  9.6730060858279e-01,  1.6863571757610e-01,  5.0156227483570e-02,  1.2728331999239e-04, -5.3290895561516e-05, -1.9828486558970e-02,                 -nan,                 -nan, -1.4009855380236e-03, -1.5477031431199e+00,  1.2427754940000e+00,  9.0669325267518e-01,              3095864
  4.6331197363920e+00,  0.0000000000000e+00,  9.6680432976199e-01,  1.6863973926668e-01,  4.9429457344272e-02,  1.2635777917884e-04,  5.8472527181466e-06, -1.7559736136790e-02,                 -nan,                 -nan,  1.5660180256576e-03, -1.3754112308903e+00,  1.1878566070000e+00,  9.0294728709013e-01,              3095864
  4.6363398837832e+00,  0.0000000000000e+00,  9.6602102582584e-01,  1.6875861185586e-01,  2.8879142279832e-02,  9.6583115001951e-05, -5.8649933358479e-05, -8.0238826047582e-03,                 -nan,                 -nan, -7.5995121489814e-03, -5.9158592787067e-01,  1.4403199330000e+00,  9.0613411958665e-01,              3095864
  4.6402191755213e+00,  0.0000000000000e+00,  9.6833612272649e-01,  1.6813827172274e-01,  7.8427312523078e-02,  1.5916322473027e-04,  2.1519800130553e-04, -3.1405962276860e-02,                 -nan,                 -nan,  1.0130384693202e-02, -2.8411574317141e+00,  1.2927026460000e+00,  9.0498419827228e-01,              3095864
  4.6405961997877e+00,  0.0000000000000e+00,  9.6708970412591e-01,  1.6834446964678e-01,  5.4499920689550e-02,  1.3268046903398e-04,  1.6161700618279e-04, -2.0955181873592e-02,                 -nan,                 -nan,  4.0281333474782e-03, -1.5969592482369e+00,  1.9222387580000e+00,  9.0044200908050e-01,              3095864
  4.6385775816166e+00,  0.0000000000000e+00,  9.6473168897915e-01,  1.6896168836873e-01,  2.1073905386709e-02,  8.2505248354095e-05, -9.7313420194679e-05, -6.2093421584146e-03,                 -nan,                 -nan, -1.3831483238559e-02, -3.5121354426383e-01,  1.2037747710000e+00,  9.0575813407824e-01,              3095864
  4.6383273019293e+00,  0.0000000000000e+00,  9.6795245898920e-01,  1.6865914447210e-01,  3.0568519287803e-02,  9.9367934881161e-05, -4.5325173631177e-05, -8.9971725283667e-03,                 -nan,                 -nan, -5.9336118617659e-03, -6.4287576033977e-01,  1.1963401390000e+00,  9.1024961044800e-01,              3095864
  4.6388805578029e+00,  0.0000000000000e+00,  9.7323359399029e-01,  1.6867558144780e-01,  3.7377722996350e-02,  1.0987919867888e-04,  2.0522789528917e-05, -1.3613201522977e-02,                 -nan,                 -nan, -3.4313053574669e-03, -9.8795542540154e-01,  1.2199815200000e+00,  9.0375836923069e-01,              3095864
  4.6391644446034e+00,  0.0000000000000e+00,  9.7948638057224e-01,  1.6847592452134e-01,  6.1269028031702e-02,  1.4067909258725e-04,  1.0032551832374e-04, -2.2498633628343e-02,                 -nan,                 -nan,  4.5079807941142e-03, -2.0575702770001e+00,  1.3236652980000e+00,  9.0766196447906e-01,              3095864
  4.6380250198803e+00,  0.0000000000000e+00,  9.8379163130463e-01,  1.6875887515026e-01,  3.1149340836320e-02,  1.0030752007325e-04, -5.3131061192827e-05, -9.0267541046376e-03,                 -nan,                 -nan, -4.2512951333975e-03, -6.3488472936747e-01,  1.2387609090000e+00,  9.0736931596478e-01,              3095864
  4.6379022517771e+00,  0.0000000000000e+00,  9.8941267233459e-01,  1.6870607924251e-01,  3.7130198908427e-02,  1.0951477137517e-04,  4.3990914259693e-05, -1.2529739175085e-02,                 -nan,                 -nan,  1.1676741884806e-03, -7.9118573912928e-01,  1.1231489990000e+00,  8.9782400002067e-01,              3095864
  4.6371994537563e+00,  0.0000000000000e+00,  9.9418261456163e-01,  1.6873296746515e-01,  3.2694793844485e-02,  1.0276574254154e-04,  1.9962382912815e-05, -9.9411599847537e-03,                 -nan,                 -nan, -7.3699115608853e-04, -6.5564486010702e-01,  1.2128014640000e+00,  8.9985251290108e-01,              3095864
  4.6363305676417e+00,  0.0000000000000e+00,  9.9888804312656e-01,  1.6884776078328e-01,  3.5113868068207e-02,  1.0649970369969e-04, -8.7405840441408e-05, -1.0555066675472e-02,                 -nan,                 -nan, -7.0694979536997e-04, -7.4720966446859e-01,  1.2207691960000e+00,  8.9831433163731e-01,              3095864
  4.6370056964550e+00,  0.0000000000000e+00,  1.0035418392956e+00,  1.6875389362747e-01,  4.0811517165026e-02,  1.1481547660716e-04,  3.1088727723688e-05, -1.3276961828817e-02,                 -nan,                 -nan,  4.5299116382350e-03, -8.9407965848208e-01,  1.1445835430000e+00,  9.0880671760775e-01,              3095864
  4.6372290151105e+00,  0.0000000000000e+00,  1.0061681972616e+00,  1.6875537522670e-01,  3.7290654690212e-02,  1.0975114682311e-04,  4.8829986699352e-05, -1.2962235364673e-02,                 -nan,                 -nan,  3.0910417129747e-03, -8.1413086666191e-01,  1.2844601870000e+00,  9.0334200727164e-01,              3095864
  4.6367626164296e+00,  0.0000000000000e+00,  1.0075043746803e+00,  1.6852451939811e-01,  4.0279844599514e-02,  1.1406514480648e-04, -1.0985951729243e-05, -1.2160516907975e-02,                 -nan,                 -nan,  5.9897293429195e-03, -8.9041788649535e-01,  1.2315844270000e+00,  9.1560062069910e-01,              3095864
  4.6366117190472e+00,  0.0000000000000e+00,  1.0065790394663e+00,  1.6836976344591e-01,  4.7397828060409e-02,  1.2373378084798e-04,  1.9345425520837e-04, -1.6404046745641e-02,                 -nan,                 -nan,  8.9813073619358e-03, -1.1381096027405e+00,  1.2009027150000e+00,  9.0157707186104e-01,              3095864
  4.6335533629971e+00,  0.0000000000000e+00,  1.0025204101285e+00,  1.6878581490819e-01,  3.6515813382954e-02,  1.0860493310428e-04,  4.6102155558813e-05, -1.3066057310937e-02,                 -nan,                 -nan,  1.6183568483368e-03, -7.7841817971846e-01,  1.1452591750000e+00,  9.0157804089585e-01,              3095864
  4.6301727756926e+00,  0.0000000000000e+00,  9.9839142124684e-01,  1.6890592672852e-01,  2.7883072587790e-02,  9.4902876844706e-05, -5.7434600970541e-05, -8.2907604787894e-03,                 -nan,                 -nan, -3.3526727548430e-03, -4.9951159851517e-01,  1.1985268060000e+00,  9.0653853011631e-01,              3095864
  4.6281007417437e+00,  0.0000000000000e+00,  9.9605669236552e-01,  1.6856639376143e-01,  3.8665675466382e-02,  1.1175626110885e-04,  2.6994814821026e-06, -1.2240996686076e-02,                 -nan,                 -nan,  4.3595483416305e-03, -8.0785326500489e-01,  1.1632303500000e+00,  9.0106186835081e-01,              3095864
  4.6262878266268e+00,  0.0000000000000e+00,  9.9243250498388e-01,  1.6866086222831e-01,  5.0029839198785e-02,  1.2712284871550e-04, -7.3270934972405e-05, -1.5320175750326e-02,                 -nan,                 -nan,  3.6222831595583e-03, -1.4534477214898e+00,  1.2290320000000e+00,  9.0705728675420e-01,              3095864
  4.6259369697023e+00,  0.0000000000000e+00,  9.8805289474738e-01,  1.6859418008939e-01,  4.4295972919844e-02,  1.1961652609487e-04, -3.1754188074131e-05, -1.4121660030698e-02,                 -nan,                 -nan,  4.2506847414059e-03, -1.0355332048740e+00,  1.1904864300000e+00,  9.0760802154100e-01,              3095864
  4.6262364894875e+00,  0.0000000000000e+00,  9.8266986892564e-01,  1.6836881113149e-01,  4.7193001551055e-02,  1.2346613780049e-04, -1.1371273093676e-06, -1.3986667892752e-02,                 -nan,                 -nan,  5.7558814594234e-03, -1.1480480397777e+00,  1.2003470830000e+00,  8.9335578048648e-01,              3095864
  4.6266354896855e+00,  0.0000000000000e+00,  9.7582571940235e-01,  1.6849127947378e-01,  4.1580896971012e-02,  1.1589267567296e-04,  2.3812037581130e-06, -1.6009018995022e-02,                 -nan,                 -nan,  1.1693443056826e-03, -1.0025973633178e+00,  1.2757237220000e+00,  9.0285716685229e-01,              3095864
  4.6270844219307e+00,  0.0000000000000e+00,  9.6940091199778e-01,  1.6856759902996e-01,  3.3110575250162e-02,  1.0341711685866e-04, -5.6294001612197e-05, -1.2705238695013e-02,                 -nan,                 -nan, -4.8322828695053e-03, -7.7225951486567e-01,  1.3328320950000e+00,  9.0957613125124e-01,              3095864
  4.6284858734227e+00,  0.0000000000000e+00,  9.6563080652149e-01,  1.6861906500468e-01,  2.7577202991058e-02,  9.4380912286283e-05, -1.2339482891084e-04, -7.9644911302636e-03,                 -nan,                 -nan, -7.9692145314447e-03, -5.4853375462628e-01,  1.3021363520000e+00,  8.9809274567617e-01,              3095864
  4.6317756969582e+00,  0.0000000000000e+00,  9.6542037295280e-01,  1.6868516182007e-01,  3.2583464478965e-02,  1.0259062902164e-04, -9.6943085332973e-05, -8.7273553116419e-03,                 -nan,                 -nan, -5.9376984182881e-03, -7.0735172045998e-01,  1.3925661960000e+00,  9.0873274795017e-01,              3095864
  4.6363526399216e+00,  0.0000000000000e+00,  9.6765821606419e-01,  1.6861802085589e-01,  3.0853924643647e-02,  9.9830735370724e-05, -3.5782161875260e-05, -1.0224774748918e-02,                 -nan,                 -nan, -5.5343494446579e-03, -6.5059251854903e-01,  1.3123039360000e+00,  9.0606111896388e-01,              3095864
  4.6411287090910e+00,  0.0000000000000e+00,  9.7193388132434e-01,  1.6857465250986e-01,  3.1120173067826e-02,  1.0026054585691e-04,  1.3446952032185e-04, -1.2499575378962e-02,                 -nan,                 -nan, -3.8571113729994e-03, -6.3993204669991e-01,  1.2633090610000e+00,  9.0237523353739e-01,              3095864
  4.6433829591667e+00,  0.0000000000000e+00,  9.7739764538748e-01,  1.6840285771951e-01,  4.3547443043982e-02,  1.1860155765542e-04,  1.1730492497996e-04, -1.3001088879959e-02,                 -nan,                 -nan,  2.9412758375254e-03, -1.0601515401769e+00,  1.2381134720000e+00,  8.9979598587018e-01,              3095864
  4.6436439256303e+00,  0.0000000000000e+00,  9.8138799672834e-01,  1.6855768604218e-01,  3.3926714616124e-02,  1.0468391732254e-04,  5.4119784892457e-05, -9.8452231831153e-03,                 -nan,                 -nan, -8.2738605314632e-04, -6.9181045960048e-01,  1.2679777510000e+00,  8.9707881224757e-01,              3095864
  4.6430927470522e+00,  0.0000000000000e+00,  9.8543747100798e-01,  1.6866792626805e-01,  3.8583910647998e-02,  1.1163803523798e-04,  2.1915866945905e-05, -1.2869739280513e-02,                 -nan,                 -nan,  1.0112148258915e-03, -8.6143785754699e-01,  1.1733464090000e+00,  9.0349156164483e-01,              3095864
  4.6423483909214e+00,  0.0000000000000e+00,  9.8886135501271e-01,  1.6854658333339e-01,  3.8590417717787e-02,  1.1164744856401e-04,  1.5287248977923e-04, -1.3863985410035e-02,                 -nan,                 -nan,  1.9021278672311e-03, -9.0452180237664e-01,  1.3259828460000e+00,  9.0157804089585e-01,              3095864
  4.6393427861088e+00,  0.0000000000000e+00,  9.9138392793682e-01,  1.6851339952216e-01,  4.8731717823954e-02,  1.2546278490678e-04,  1.1940056875187e-04, -1.4856236897124e-02,                 -nan,                 -nan,  4.4711215800150e-03, -1.3738406758796e+00,  1.2683400820000e+00,  9.1177422522436e-01,              3095864
  4.6348432004155e+00,  0.0000000000000e+00,  9.9218705454717e-01,  1.6875760213133e-01,  3.4903366284042e-02,  1.0617999985369e-04, -2.9353898213560e-05, -1.1731347682455e-02,                 -nan,                 -nan,  6.9590045705088e-04, -6.8938898861641e-01,  1.4065898880000e+00,  9.1193605403855e-01,              3095864
  4.6313536496315e+00,  0.0000000000000e+00,  9.9277422586522e-01,  1.6860321450116e-01,  3.4826300353522e-02,  1.0606271342469e-04,  4.6652068360702e-05, -1.2052331907848e-02,                 -nan,                 -nan,  1.5829183987738e-03, -7.0423036385544e-01,  1.4472901160000e+00,  9.0502877387379e-01,              3095864
  4.6275576443217e+00,  0.0000000000000e+00,  9.9282440750736e-01,  1.6871458705408e-01,  3.1186913712396e-02,  1.0036799817799e-04, -1.0449214455498e-04, -9.8868569952452e-03,                 -nan,                 -nan, -1.8066809671497e-04, -5.6795337878994e-01,  1.2031974090000e+00,  9.1021924735712e-01,              3095864
  4.6258965012935e+00,  0.0000000000000e+00,  9.9305061442665e-01,  1.6856312422406e-01,  4.8527512949221e-02,  1.2519963998429e-04, -8.3702944068167e-05, -1.4432462491991e-02,                 -nan,                 -nan,  5.9180713043356e-03, -1.1938830719091e+00,  1.2907726070000e+00,  9.0415535049343e-01,              3095864
  4.6258614022577e+00,  0.0000000000000e+00,  9.9118080417185e-01,  1.6846916714241e-01,  4.1513876405868e-02,  1.1579923943754e-04, -3.6719636897304e-05, -1.5483931009463e-02,                 -nan,                 -nan,  3.9623122558036e-03, -9.4552775443155e-01,  1.1548836490000e+00,  9.0514699612128e-01,              3095864
  4.6265450496307e+00,  0.0000000000000e+00,  9.8813570785338e-01,  1.6879115206048e-01,  4.1905628216021e-02,  1.1634433477972e-04, -1.1799886296846e-04, -1.3969104217629e-02,                 -nan,                 -nan,  2.6349094309100e-04, -1.0798686843633e+00,  1.2560051830000e+00,  9.0883869575666e-01,              3095864
  4.6291720685119e+00,  0.0000000000000e+00,  9.8549986229747e-01,  1.6859995465707e-01,  3.9396499161949e-02,  1.1280747507157e-04,  1.8834564329712e-05, -1.3971863437013e-02,                 -nan,                 -nan,  3.4641987469327e-04, -9.3464220774219e-01,  1.1788485830000e+00,  9.0390533951104e-01,              3095864
  4.6313482134042e+00,  0.0000000000000e+00,  9.8317209596405e-01,  1.6871905108256e-01,  3.1921081521178e-02,  1.0154250233587e-04, -8.3161027548343e-05, -9.7103590520853e-03,                 -nan,                 -nan, -2.4118158043090e-03, -6.2995282474900e-01,  1.2085013320000e+00,  9.0116361700643e-01,              3095864
  4.6347275837645e+00,  0.0000000000000e+00,  9.8214202292828e-01,  1.6856991753105e-01,  4.1384629657565e-02,  1.1561883780198e-04,  7.5920636762336e-05, -1.3068468843149e-02,                 -nan,                 -nan,  2.2395033754248e-03, -9.4350134819929e-01,  1.2689496160000e+00,  9.1020664990452e-01,              3095864
  4.6366519228034e+00,  0.0000000000000e+00,  9.8052155011241e-01,  1.6850977992239e-01,  3.4976054158700e-02,  1.0629050473113e-04,  7.8242703488134e-05, -1.2119723343751e-02,                 -nan,                 -nan,  9.0729871242649e-04, -7.0583874985341e-01,  1.2027975260000e+00,  9.0399772083011e-01,              3095864
  4.6372192857751e+00,  0.0000000000000e+00,  9.7884404813431e-01,  1.6858010915003e-01,  3.3930508101222e-02,  1.0468976972800e-04,  8.3304122579630e-05, -1.3019026897182e-02,                 -nan,                 -nan, -1.6071737384422e-03, -7.1426809836643e-01,  1.2102946750000e+00,  9.1139662465793e-01,              3095864
  4.6364886551787e+00,  0.0000000000000e+00,  9.7810380732431e-01,  1.6856457933022e-01,  3.6962100470210e-02,  1.0926658868567e-04,  1.2825443375556e-05, -1.2157282088735e-02,                 -nan,                 -nan, -1.5051854436029e-03, -8.8772583107588e-01,  1.2291450710000e+00,  8.9717797681035e-01,              3095864
  4.6357211112224e+00,  0.0000000000000e+00,  9.7820279996270e-01,  1.6859031125156e-01,  4.9072581980152e-02,  1.2590080807843e-04,  4.5489515474835e-05, -1.7202830166668e-02,                 -nan,                 -nan,  2.2474973141186e-03, -1.3254441825026e+00,  1.2824717500000e+00,  9.1254913006514e-01,              3095864
  4.6344317781233e+00,  0.0000000000000e+00,  9.7766855234345e-01,  1.6869861675019e-01,  3.5942517193360e-02,  1.0774901471546e-04, -5.1972175957204e-05, -1.2418009084751e-02,                 -nan,                 -nan, -2.7370587115185e-03, -8.3219839653444e-01,  1.2353033790000e+00,  9.0080798122915e-01,              3095864
  4.6342140178824e+00,  0.0000000000000e+00,  9.7842881741082e-01,  1.6859674432934e-01,  3.3642547531854e-02,  1.0424458393589e-04, -1.8687818707287e-05, -1.0341004400587e-02,                 -nan,                 -nan, -2.0749291304853e-03, -7.0220795853885e-01,  1.2812142080000e+00,  9.1278492853691e-01,              3095864
  4.6344052678415e+00,  0.0000000000000e+00,  9.8006988364348e-01,  1.6851829562165e-01,  3.0161050457486e-02,  9.8703441285566e-05,  7.9402777448743e-05, -9.6050276764610e-03,                 -nan,                 -nan, -3.1030321340892e-03, -5.9597163014623e-01,  1.3143095980000e+00,  9.0616674375877e-01,              3095864
  4.6333649818283e+00,  0.0000000000000e+00,  9.8288957221241e-01,  1.6863262252603e-01,  3.3515365759487e-02,  1.0404735504340e-04,  8.4156789842007e-06, -9.6603761486314e-03,                 -nan,                 -nan, -4.9890989677958e-04, -6.7386530822352e-01,  1.3266929430000e+00,  9.0351384944558e-01,              3095864
  4.6323693014750e+00,  0.0000000000000e+00,  9.8576022895439e-01,  1.6867369945585e-01,  4.2978619097793e-02,  1.1782441488240e-04,  2.1757133401791e-05, -1.6192193424249e-02,                 -nan,                 -nan,  1.9804472269999e-03, -1.0379131520302e+00,  1.1953597510000e+00,  9.0339045901241e-01,              3095864
  4.6312496102205e+00,  0.0000000000000e+00,  9.8776887253629e-01,  1.6848768712173e-01,  4.2087995294003e-02,  1.1659721659595e-04,  6.9033712364036e-06, -9.5489767220979e-03,                 -nan,                 -nan,  3.4379896076126e-03, -1.0116150652139e+00,  1.2310720680000e+00,  8.9697577154552e-01,              3095864
  4.6302060093827e+00,  0.0000000000000e+00,  9.8841808175823e-01,  1.6864872244697e-01,  3.6243365448266e-02,  1.0819901871033e-04, -6.4820733419606e-05, -1.1016130199818e-02,                 -nan,                 -nan,  8.1940368040211e-04, -7.7046172763835e-01,  1.1963101670000e+00,  9.0472869609259e-01,              3095864
  4.6304140249204e+00,  0.0000000000000e+00,  9.8883104830396e-01,  1.6865217095348e-01,  4.4891258459902e-02,  1.2041759610966e-04, -3.3339304204390e-06, -1.8121608877215e-02,                 -nan,                 -nan,  2.6830238510039e-03, -1.1918368615175e+00,  1.2822077190000e+00,  9.0195725652031e-01,              3095864
  4.6308040239548e+00,  0.0000000000000e+00,  9.8837549135249e-01,  1.6890960907704e-01,  3.6796388668096e-02,  1.0902137665526e-04, -1.1908808527615e-04, -1.1866218687460e-02,                 -nan,                 -nan, -2.5126681116329e-03, -8.9307148036313e-01,  1.2639636320000e+00,  9.1697891121832e-01,              3095864
  4.6331992022327e+00,  0.0000000000000e+00,  9.8913959186945e-01,  1.6863481339908e-01,  4.4533753466009e-02,  1.1993714683490e-04, -7.6204549946599e-06, -1.4162920219902e-02,                 -nan,                 -nan,  2.1690787079263e-03, -1.1104525242898e+00,  1.2832468610000e+00,  9.0376321440477e-01,              3095864
  4.6355979437927e+00,  0.0000000000000e+00,  9.8918681690219e-01,  1.6867542798078e-01,  3.0972200497824e-02,  1.0002189859310e-04,  5.8025026038299e-05, -1.1084966418751e-02,                 -nan,                 -nan, -1.7600679933509e-03, -5.9959475663335e-01,  1.2033677520000e+00,  9.0861517172589e-01,              3095864
  4.6368990791069e+00,  0.0000000000000e+00,  9.9004860030428e-01,  1.6867471774835e-01,  4.3408046463742e-02,  1.1841158205663e-04,  4.5035189021902e-05, -1.5100614847011e-02,                 -nan,                 -nan,  2.3689867380393e-03, -1.0537368286932e+00,  1.1995185800000e+00,  9.0225345816224e-01,              3095864
  4.6374565237671e+00,  0.0000000000000e+00,  9.9009161358180e-01,  1.6853262633943e-01,  3.2758045430585e-02,  1.0286510018694e-04,  6.8211189766980e-05, -1.1388118467757e-02,                 -nan,                 -nan, -2.7343901255282e-05, -6.4588012899094e-01,  1.2242422230000e+00,  9.0425354602140e-01,              3095864
  4.6369323172059e+00,  0.0000000000000e+00,  9.9026998551560e-01,  1.6878653593946e-01,  3.8182460904519e-02,  1.1105574269602e-04,  2.4834377635062e-06, -1.3388767407586e-02,                 -nan,                 -nan,  4.8588993395939e-04, -8.5438192061077e-01,  1.2200772340000e+00,  9.0908256951856e-01,              3095864
  4.6365292078285e+00,  0.0000000000000e+00,  9.9040727983527e-01,  1.6840708937132e-01,  6.4372156492054e-02,  1.4419761993934e-04,  6.9377614543755e-05, -1.4842724806786e-02,                 -nan,                 -nan,  1.1855375137870e-02, -1.9103935161829e+00,  1.2648493140000e+00,  8.9415168108160e-01,              3095864
  4.6351467749534e+00,  0.0000000000000e+00,  9.8619098907325e-01,  1.6867463077918e-01,  3.1837654496014e-02,  1.0140972282438e-04,  3.8078094444289e-05, -1.0338960464932e-02,                 -nan,                 -nan, -1.5882405294312e-03, -6.2033853913482e-01,  1.2005464720000e+00,  9.0435755575826e-01,              3095864
  4.6333592513800e+00,  0.0000000000000e+00,  9.8314899255221e-01,  1.6845633509497e-01,  4.1229160378498e-02,  1.1540146131352e-04, -1.1583646989986e-05, -1.0703234071195e-02,                 -nan,                 -nan,  2.5162698234863e-03, -9.6886464026182e-01,  1.3038034460000e+00,  9.1029515508433e-01,              3095864
  4.6320279101080e+00,  0.0000000000000e+00,  9.7959785541907e-01,  1.6881053540211e-01,  2.7675810175553e-02,  9.4549499569988e-05, -8.5177411664942e-05, -8.1955468019446e-03,                 -nan,                 -nan, -6.1365692608460e-03, -5.1466792924500e-01,  1.6933845910000e+00,  9.1382211880108e-01,              3095864
  4.6323018710627e+00,  0.0000000000000e+00,  9.7895260091495e-01,  1.6867521405218e-01,  4.0478632465924e-02,  1.1434626381101e-04, -4.0052006327072e-05, -1.3081450266159e-02,                 -nan,                 -nan, -1.0759173233488e-03, -1.0070727975656e+00,  1.2480891620000e+00,  9.0867428284963e-01,              3095864
  4.6333182598630e+00,  0.0000000000000e+00,  9.7900199109076e-01,  1.6867781840649e-01,  4.4570216361625e-02,  1.1998623724969e-04,  4.3517594373857e-05, -1.6705821247005e-02,                 -nan,                 -nan,  1.9668747223791e-03, -1.1106053856883e+00,  1.1862519890000e+00,  8.9655973259807e-01,              3095864
  4.6336525510103e+00,  0.0000000000000e+00,  9.7848219465063e-01,  1.6858771771379e-01,  7.2028829319075e-02,  1.5253244827321e-04, -2.1115189598549e-05, -2.4942501223805e-02,                 -nan,                 -nan,  3.3767425082372e-03, -3.0685177343225e+00,  1.1964036830000e+00,  9.0340531754625e-01,              3095864
  4.6345096683250e+00,  0.0000000000000e+00,  9.7727658146080e-01,  1.6860771155985e-01,  3.8630551709531e-02,  1.1170549008866e-04,  3.8267183661555e-06, -1.4902347773577e-02,                 -nan,                 -nan, -7.1710400594159e-04, -9.1140160373650e-01,  1.2040102080000e+00,  9.0849888754803e-01,              3095864
  4.6353420015645e+00,  0.0000000000000e+00,  9.7666018830177e-01,  1.6876733770770e-01,  3.0299398945966e-02,  9.8929558216686e-05, -1.2249028874354e-04, -6.0757874965199e-03,                 -nan,                 -nan, -5.3305069120095e-03, -6.0495229180295e-01,  1.1825429690000e+00,  9.0028825555645e-01,              3095864
  4.6381721950730e+00,  0.0000000000000e+00,  9.7836241136939e-01,  1.6878052586002e-01,  3.5722822674748e-02,  1.0741920821273e-04, -5.8848014796214e-06, -1.1594451779062e-02,                 -nan,                 -nan, -3.0094132794986e-03, -7.9557902894661e-01,  1.2766994680000e+00,  9.0900892287258e-01,              3095864
  4.6409160744164e+00,  0.0000000000000e+00,  9.8126193168407e-01,  1.6865420079043e-01,  3.9251460018051e-02,  1.1259963190589e-04,  4.3481951382143e-05, -1.3757076109042e-02,                 -nan,                 -nan, -7.9782206549334e-04, -9.5176921440441e-01,  1.2582798150000e+00,  8.9788311114442e-01,              3095864
  4.6427800907775e+00,  0.0000000000000e+00,  9.8438561632057e-01,  1.6861403452267e-01,  3.9047650641052e-02,  1.1230692013999e-04,  4.0799322138529e-05, -1.2975014145592e-02,                 -nan,                 -nan,  5.0868696176477e-04, -9.0751599030956e-01,  1.2635874010000e+00,  9.1412768777957e-01,              3095864
  4.6438888714424e+00,  0.0000000000000e+00,  9.8717800341682e-01,  1.6848047977957e-01,  4.4521993306369e-02,  1.1992130971122e-04,  1.8110172981898e-04, -1.5237831772402e-02,                 -nan,                 -nan,  4.1316658201768e-03, -1.0989384779520e+00,  1.3026201410000e+00,  9.1270126853118e-01,              3095864
  4.6420024116710e+00,  0.0000000000000e+00,  9.8825231397487e-01,  1.6863024402786e-01,  4.4297748163885e-02,  1.1961892299896e-04,  6.7852568679762e-05, -1.0711373709955e-02,                 -nan,                 -nan,  3.6865428847272e-03, -1.0826117692481e+00,  1.2411453520000e+00,  9.0122466619981e-01,              3095864
  4.6392631176670e+00,  0.0000000000000e+00,  9.8795397118671e-01,  1.6854322220273e-01,  4.5655614633642e-02,  1.2143843447370e-04,  8.2958643105647e-05, -1.6784232127930e-02,                 -nan,                 -nan,  5.0873958393033e-03, -1.1040820573138e+00,  1.1866543770000e+00,  9.0223440047754e-01,              3095864
  4.6355538952997e+00,  0.0000000000000e+00,  9.8585879660735e-01,  1.6815115387702e-01,  6.0770127696983e-02,  1.4010516226477e-04,  1.5479375653392e-04, -2.2944775119733e-02,                 -nan,                 -nan,  1.1465326529986e-02, -1.7079076911406e+00,  1.1954919000000e+00,  9.1462577167472e-01,              3095864
  4.6298282429830e+00,  0.0000000000000e+00,  9.7971273484672e-01,  1.6846821799453e-01,  4.9039906887806e-02,  1.2585888542639e-04,  6.9095584283404e-05, -1.9640646475345e-02,                 -nan,                 -nan,  3.1634421342842e-03, -1.3416268966962e+00,  1.2359990840000e+00,  9.0792457291406e-01,              3095864
  4.6236821606806e+00,  0.0000000000000e+00,  9.7317346100690e-01,  1.6841500586891e-01,  4.5694133224209e-02,  1.2148965107856e-04,  3.5830733466836e-06, -1.5809969706260e-02,                 -nan,                 -nan,  3.0808933351465e-03, -1.1469243643805e+00,  1.2223326260000e+00,  9.0441925097485e-01,              3095864
  4.6182166759521e+00,  0.0000000000000e+00,  9.6627309499364e-01,  1.6870995857566e-01,  2.7249136227294e-02,  9.3817840691564e-05, -2.2382774116851e-04, -9.1418577764534e-03,                 -nan,                 -nan, -7.1763121464851e-03, -4.9590561192465e-01,  1.1781513740000e+00,  9.0827342544763e-01,              3095864
  4.6176639120736e+00,  0.0000000000000e+00,  9.6466328227092e-01,  1.6867044095203e-01,  3.1437408774602e-02,  1.0077027275137e-04, -1.9880984444457e-04, -1.0338981676761e-02,                 -nan,                 -nan, -6.1888547093673e-03, -6.5575542925871e-01,  1.2721336150000e+00,  9.0037837579429e-01,              3095864
  4.6188649282187e+00,  0.0000000000000e+00,  9.6452573192363e-01,  1.6860553259522e-01,  4.6542345462036e-02,  1.2261206186851e-04, -1.6451321208247e-04, -1.4423544103875e-02,                 -nan,                 -nan, -1.6209848442742e-03, -1.3143064057584e+00,  1.1929413740000e+00,  9.0550360093337e-01,              3095864
  4.6213745224968e+00,  0.0000000000000e+00,  9.6486060221618e-01,  1.6854221207145e-01,  3.4200936411740e-02,  1.0510613382845e-04, -1.5339546355646e-04, -7.9040911232359e-03,                 -nan,                 -nan, -3.4479965543997e-03, -7.4075896541277e-01,  1.1659546990000e+00,  9.0476293532274e-01,              3095864
  4.6249421758289e+00,  0.0000000000000e+00,  9.6593168648355e-01,  1.6875742286531e-01,  3.5482501804540e-02,  1.0705727375107e-04, -1.1675219797121e-04, -1.2788416720678e-02,                 -nan,                 -nan, -3.7753860507079e-03, -7.9631910510634e-01,  1.2497399960000e+00,  9.0735671851218e-01,              3095864
  4.6291792757096e+00,  0.0000000000000e+00,  9.6773782150951e-01,  1.6853850907848e-01,  3.5709022281414e-02,  1.0739845718560e-04,  5.1768724804301e-05, -1.3064557052087e-02,                 -nan,                 -nan, -1.7687916820903e-03, -7.7622625797528e-01,  1.3594546110000e+00,  9.0697588782970e-01,              3095864
  4.6326195706538e+00,  0.0000000000000e+00,  9.6980027037335e-01,  1.6872532873375e-01,  3.7216106192915e-02,  1.0964138907919e-04, -4.9990006507562e-05, -1.2878801751986e-02,                 -nan,                 -nan, -3.6060686869575e-03, -8.6821026099087e-01,  1.2576609060000e+00,  9.0391793696364e-01,              3095864
  4.6361893880257e+00,  0.0000000000000e+00,  9.7247363651943e-01,  1.6854079801053e-01,  4.2964829381396e-02,  1.1780551134795e-04,  1.1418214535768e-04, -1.6730849944900e-02,                 -nan,                 -nan, -5.1370857270536e-04, -1.1295598405733e+00,  1.2475591200000e+00,  9.0410528369463e-01,              3095864
  4.6385209905645e+00,  0.0000000000000e+00,  9.7510028606750e-01,  1.6869392534742e-01,  3.7862248487566e-02,  1.1058908471893e-04,  5.8535520063671e-05, -1.3705828402665e-02,                 -nan,                 -nan, -2.2352471330065e-03, -8.8727778698715e-01,  1.5402329390000e+00,  9.0135031771421e-01,              3095864
  4.6401897728252e+00,  0.0000000000000e+00,  9.7800849168228e-01,  1.6842256092489e-01,  4.8544054615496e-02,  1.2522097668670e-04,  1.1756352465976e-04, -1.5942790818676e-02,                 -nan,                 -nan,  5.8602989141779e-03, -1.2368143896000e+00,  1.3728834460000e+00,  8.9827104808222e-01,              3095864
  4.6407765812013e+00,  0.0000000000000e+00,  9.7956558133456e-01,  1.6880545108622e-01,  3.0655516222435e-02,  9.9509233250217e-05,  1.4003124648227e-05, -8.7222144326763e-03,                 -nan,                 -nan, -5.0464544929252e-03, -6.3254505634801e-01,  1.4843997920000e+00,  9.0309942555616e-01,              3095864
  4.6412246191783e+00,  0.0000000000000e+00,  9.8205319007215e-01,  1.6868752527494e-01,  3.1668749811678e-02,  1.0114036637323e-04,  1.1227005023506e-04, -1.0450985797254e-02,                 -nan,                 -nan, -1.7927061517555e-03, -6.0373783847296e-01,  1.7451742490000e+00,  9.0320763444389e-01,              3095864
  4.6407320453792e+00,  0.0000000000000e+00,  9.8471872965156e-01,  1.6861390378928e-01,  3.1969768966165e-02,  1.0161991138741e-04,  1.0926045375974e-04, -1.0659014974622e-02,                 -nan,                 -nan, -1.0706985139020e-03, -6.2081761295877e-01,  1.5168232340000e+00,  9.0670003591889e-01,              3095864
  4.6394180290536e+00,  0.0000000000000e+00,  9.8740041716339e-01,  1.6867176441064e-01,  3.9309904076010e-02,  1.1268342919132e-04,  2.7978818716929e-05, -1.4263424855419e-02,                 -nan,                 -nan,  1.3844864742784e-04, -9.4766805103321e-01,  1.2443781360000e+00,  9.0328289614789e-01,              3095864
  4.6380593605407e+00,  0.0000000000000e+00,  9.8988468442623e-01,  1.6891576547856e-01,  3.1609811278571e-02,  1.0104620665778e-04, -7.4655112229846e-05, -7.6622533151665e-03,                 -nan,                 -nan, -4.6806610929290e-03, -6.8515822152960e-01,  1.2824249680000e+00,  9.0692905114695e-01,              3095864
  4.6374941614565e+00,  0.0000000000000e+00,  9.9314197384009e-01,  1.6873799004168e-01,  3.8303480351009e-02,  1.1123159924873e-04,  3.9514221747874e-05, -1.3408535834709e-02,                 -nan,                 -nan,  1.4900979044645e-03, -8.3565782122457e-01,  1.2828668610000e+00,  9.0032217177499e-01,              3095864
  4.6367093659155e+00,  0.0000000000000e+00,  9.9585853537007e-01,  1.6866138214047e-01,  4.0280266762888e-02,  1.1406574254960e-04,  7.4473445530251e-05, -1.3352302702547e-02,                 -nan,                 -nan,  4.5169384285580e-03, -8.4917587316571e-01,  1.5875024940000e+00,  9.0152991216668e-01,              3095864
  4.6354324828936e+00,  0.0000000000000e+00,  9.9747204364038e-01,  1.6865294799896e-01,  5.0829021741081e-02,  1.2813416367756e-04, -1.3030119504511e-05, -1.0734658343907e-02,                 -nan,                 -nan,  6.8691875284792e-03, -1.3101010802274e+00,  1.3084424520000e+00,  9.0453133600184e-01,              3095864
  4.6344368870710e+00,  0.0000000000000e+00,  9.9765949181068e-01,  1.6854470015241e-01,  5.0563032849613e-02,  1.2779846009463e-04,  4.3262976547378e-05, -1.6486204168273e-02,                 -nan,                 -nan,  8.1381015754064e-03, -1.2416474929026e+00,  1.4136411060000e+00,  9.0245243331102e-01,              3095864
  4.6332449096257e+00,  0.0000000000000e+00,  9.9629904840760e-01,  1.6861025577199e-01,  4.7730873028193e-02,  1.2416773297669e-04,  3.0985942488074e-05, -1.3991909349150e-02,                 -nan,                 -nan,  6.8815693648260e-03, -1.1481425618269e+00,  1.3397438370000e+00,  9.0431847135404e-01,              3095864
  4.6319686814218e+00,  0.0000000000000e+00,  9.9379181464294e-01,  1.6868261340228e-01,  3.1580880923602e-02,  1.0099995564123e-04, -4.0254326005161e-06, -1.0015982652212e-02,                 -nan,                 -nan, -2.3418605440578e-04, -5.9615116697576e-01,  1.4133309700000e+00,  9.0920725199815e-01,              3095864
  4.6308951002756e+00,  0.0000000000000e+00,  9.9164125282165e-01,  1.6861246624504e-01,  4.8731556716954e-02,  1.2546257751671e-04,  3.1414727645190e-07, -1.7582667590518e-02,                 -nan,                 -nan,  3.5923495501641e-03, -1.3299924420173e+00,  1.3482879740000e+00,  8.9946748306773e-01,              3095864
  4.6299994802987e+00,  0.0000000000000e+00,  9.8910758559731e-01,  1.6848012940282e-01,  4.8194817823632e-02,  1.2476972976508e-04,  9.8639519519559e-06, -1.5400789759060e-02,                 -nan,                 -nan,  4.9698314554112e-03, -1.2573388402741e+00,  1.3619735780000e+00,  9.0729760738844e-01,              3095864
  4.6291742461054e+00,  0.0000000000000e+00,  9.8594092538822e-01,  1.6868114804598e-01,  4.0238458426677e-02,  1.1400653071471e-04, -4.4434887451290e-05, -1.2123887829818e-02,                 -nan,                 -nan,  2.9388347330183e-04, -9.3215225208377e-01,  1.3810126720000e+00,  8.9720026461111e-01,              3095864
  4.6288584714326e+00,  0.0000000000000e+00,  9.8312300311574e-01,  1.6866937608817e-01,  3.5679110455391e-02,  1.0735346635722e-04, -3.6200301446318e-05, -1.1900534515435e-02,                 -nan,                 -nan, -1.2616083152373e-03, -7.6263178584285e-01,  1.3740193160000e+00,  8.9387292206634e-01,              3095864
  4.6289313081672e+00,  0.0000000000000e+00,  9.8092001199487e-01,  1.6867208043050e-01,  3.2972623867976e-02,  1.0320145426283e-04, -5.6366733718324e-05, -1.1051372758671e-02,                 -nan,                 -nan, -1.7405972593251e-03, -6.7446073776335e-01,  1.4496745160000e+00,  9.0060900608037e-01,              3095864
  4.6295220542220e+00,  0.0000000000000e+00,  9.7936037034968e-01,  1.6850175325949e-01,  3.6634113732186e-02,  1.0878071465238e-04,  6.3796120556661e-06, -1.2943328262665e-02,                 -nan,                 -nan, -1.0860289545381e-03, -8.5096381180543e-01,  1.2844234710000e+00,  9.0957936136730e-01,              3095864
  4.6300550795711e+00,  0.0000000000000e+00,  9.7826470849345e-01,  1.6870400052029e-01,  3.3853127851077e-02,  1.0457032641670e-04, -3.5485984706323e-05, -1.1235436642955e-02,                 -nan,                 -nan, -2.4773661578115e-03, -7.2514798029675e-01,  1.3505427460000e+00,  9.0423836447596e-01,              3095864
  4.6308847488346e+00,  0.0000000000000e+00,  9.7785965888777e-01,  1.6878350025420e-01,  2.5237609394069e-02,  9.0288652226086e-05, -7.8371447900170e-05, -8.7081076100281e-03,                 -nan,                 -nan, -6.3235071152830e-03, -4.2578856604955e-01,  1.2973711640000e+00,  9.0211843931129e-01,              3095864
  4.6323358616103e+00,  0.0000000000000e+00,  9.7883420530819e-01,  1.6873513365789e-01,  3.5788926065751e-02,  1.0751854935538e-04, -8.2934154989596e-05, -1.1217646942812e-02,                 -nan,                 -nan, -2.2310237471527e-03, -8.0303718881086e-01,  1.4091671240000e+00,  9.0114326727531e-01,              3095864
  4.6343966287041e+00,  0.0000000000000e+00,  9.8025182981435e-01,  1.6836573002489e-01,  4.6056789112737e-02,  1.2197080544075e-04,  9.8905534294206e-05, -1.5208792828310e-02,                 -nan,                 -nan,  6.9791606171355e-03, -1.0611106433781e+00,  1.5497878430000e+00,  9.1379337076822e-01,              3095864
  4.6354746680794e+00,  0.0000000000000e+00,  9.8020549766492e-01,  1.6876807223936e-01,  3.1079737503257e-02,  1.0019538861099e-04, -5.4876724852444e-05, -9.8185026102823e-03,                 -nan,                 -nan, -4.1912642832941e-03, -6.3350219209454e-01,  1.2966386410000e+00,  9.0698331709662e-01,              3095864
  4.6369555882554e+00,  0.0000000000000e+00,  9.8108841705965e-01,  1.6875348226909e-01,  4.3243522528565e-02,  1.1818696892960e-04,  6.6107186034588e-06, -1.6312216355691e-02,                 -nan,                 -nan, -1.4966931626365e-04, -1.1289291272034e+00,  1.2615746760000e+00,  9.1114532162912e-01,              3095864
  4.6383030327012e+00,  0.0000000000000e+00,  9.8203051229135e-01,  1.6850094037558e-01,  4.0169930867393e-02,  1.1390941071167e-04,  9.7307818640536e-05, -1.4533200653795e-02,                 -nan,                 -nan,  1.0457458325935e-03, -9.7966918643787e-01,  1.3258230360000e+00,  9.0447997715662e-01,              3095864
  4.6387473886818e+00,  0.0000000000000e+00,  9.8276503160030e-01,  1.6857801818547e-01,  3.2749522178462e-02,  1.0285171718119e-04,  8.3404476989710e-05, -1.1237610098624e-02,                 -nan,                 -nan, -3.6036123717237e-04, -6.3086678903631e-01,  1.3232603320000e+00,  9.0290238847701e-01,              3095864
  4.6384826475124e+00,  0.0000000000000e+00,  9.8356584648825e-01,  1.6846116294336e-01,  4.3614645880113e-02,  1.1869303591307e-04,  7.2484461136498e-05, -1.6531305992286e-02,                 -nan,                 -nan,  4.3337579960022e-03, -1.0278597171915e+00,  1.3439581260000e+00,  9.0260198768421e-01,              3095864
  4.6376947159505e+00,  0.0000000000000e+00,  9.8350057068592e-01,  1.6854765052832e-01,  3.9099856961155e-02,  1.1238197167956e-04,  9.6902952553353e-06, -1.2709420286709e-02,                 -nan,                 -nan,  2.0307561017831e-03, -8.6451846334038e-01,  1.5841146450000e+00,  9.0172727225744e-01,              3095864
  4.6369562538090e+00,  0.0000000000000e+00,  9.8311232037653e-01,  1.6858368160753e-01,  3.8470501363892e-02,  1.1147384624609e-04,  4.8980401661573e-05, -1.3469563430777e-02,                 -nan,                 -nan,  1.2617670483885e-03, -8.5727599395811e-01,  1.2823718430000e+00,  9.1092115157513e-01,              3095864
  4.6359287985508e+00,  0.0000000000000e+00,  9.8259064718182e-01,  1.6890502309871e-01,  3.1333707857045e-02,  1.0060393267934e-04, -6.2400309135221e-05, -9.3462399093126e-03,                 -nan,                 -nan, -5.3008570738462e-03, -6.6506296780406e-01,  1.2062209210000e+00,  9.0304096045563e-01,              3095864
  4.6355788497738e+00,  0.0000000000000e+00,  9.8328347045277e-01,  1.6881734039889e-01,  4.5274996049153e-02,  1.2093117525061e-04, -5.3586259959631e-05, -1.5108280473798e-02,                 -nan,                 -nan, -1.3436371596465e-03, -1.3159909780867e+00,  1.4946326580000e+00,  8.9181792223431e-01,              3095864
  4.6357887040216e+00,  0.0000000000000e+00,  9.8432100824043e-01,  1.6856147382133e-01,  4.2613108062785e-02,  1.1732232710042e-04,  3.8771899228693e-05, -1.1406220029450e-02,                 -nan,                 -nan,  4.0381421799675e-03, -9.6709809819859e-01,  1.5467942360000e+00,  9.0899018819948e-01,              3095864
  4.6356934774733e+00,  0.0000000000000e+00,  9.8452078130047e-01,  1.6869432902829e-01,  3.9893015470183e-02,  1.1351610882044e-04,  1.3795069826130e-05, -1.0746611972244e-02,                 -nan,                 -nan,  2.0128051349448e-03, -9.0057349138320e-01,  1.6037515430000e+00,  9.1001607305747e-01,              3095864
  4.6355352068689e+00,  0.0000000000000e+00,  9.8437749661473e-01,  1.6887801730943e-01,  2.8437842322246e-02,  9.5842334569974e-05, -2.5186990860222e-05, -1.0146393670451e-02,                 -nan,                 -nan, -4.5279209808139e-03, -5.2370095649553e-01,  1.5874736440000e+00,  9.0822142057920e-01,              3095864
  4.6356532969146e+00,  0.0000000000000e+00,  9.8523979903911e-01,  1.6879667868808e-01,  4.0257712176274e-02,  1.1403380301545e-04, -5.3075286326612e-05, -8.9895039014574e-03,                 -nan,                 -nan, -1.7137557622595e-04, -9.8558809796092e-01,  1.4506871100000e+00,  9.0173340947794e-01,              3095864
  4.6362560526749e+00,  0.0000000000000e+00,  9.8615428283781e-01,  1.6863930858746e-01,  4.3525207205573e-02,  1.1857127411154e-04,  9.0451605561195e-05, -1.3548374384683e-02,                 -nan,                 -nan,  2.0050894382622e-03, -1.1426424733749e+00,  1.4142092680000e+00,  9.1026543801666e-01,              3095864
  4.6360769238749e+00,  0.0000000000000e+00,  9.8668079395344e-01,  1.6870162003586e-01,  4.0414936931678e-02,  1.1425626307026e-04,  6.2050700206095e-05, -1.4796246364009e-02,                 -nan,                 -nan,  1.3821607691652e-03, -9.4787761925042e-01,  1.4029283860000e+00,  9.0806734404354e-01,              3095864
  4.6354435801618e+00,  0.0000000000000e+00,  9.8696659558675e-01,  1.6858504660817e-01,  4.5476944507635e-02,  1.2120058103502e-04,  1.0805163032020e-04, -1.6306110272530e-02,                 -nan,                 -nan,  3.5697310184603e-03, -1.1473883377091e+00,  1.3921627560000e+00,  9.0851956029076e-01,              3095864
  4.6340100535240e+00,  0.0000000000000e+00,  9.8660155384594e-01,  1.6867983683882e-01,  3.1780316077162e-02,  1.0131836412322e-04, -1.6053267710932e-05, -1.1581768554995e-02,                 -nan,                 -nan, -1.5272765474339e-03, -6.3237478902586e-01,  1.5389364310000e+00,  9.0706245493988e-01,              3095864
  4.6329074995759e+00,  0.0000000000000e+00,  9.8665607242826e-01,  1.6847302498892e-01,  4.8469781111417e-02,  1.2512514454976e-04,  1.0418807220364e-04, -1.5796082145789e-02,                 -nan,                 -nan,  5.9007614794436e-03, -1.2674387061899e+00,  1.3576870140000e+00,  9.0662542023810e-01,              3095864
  4.6310812594673e+00,  0.0000000000000e+00,  9.8560954421722e-01,  1.6859809978613e-01,  3.3029481163047e-02,  1.0329039513967e-04, -3.1640885530910e-05, -1.0198909079206e-02,                 -nan,                 -nan, -1.3823398106418e-03, -6.7226215546706e-01,  1.3804106800000e+00,  9.0542543212493e-01,              3095864
  4.6297543207728e+00,  0.0000000000000e+00,  9.8502456844110e-01,  1.6843535454596e-01,  3.9364459164244e-02,  1.1276159426389e-04,  8.9867198761989e-05, -1.2681906185781e-02,                 -nan,                 -nan,  2.7035777453487e-03, -8.6365431757500e-01,  1.3564400840000e+00,  9.0640964848585e-01,              3095864
  4.6278351364761e+00,  0.0000000000000e+00,  9.8402418766539e-01,  1.6870960171353e-01,  4.6297927081023e-02,  1.2228968779936e-04, -9.3807201932776e-05, -1.5620843699537e-02,                 -nan,                 -nan,  2.1719832051545e-03, -1.2268072519552e+00,  1.3791274020000e+00,  9.0577945284418e-01,              3095864
  4.6269883720645e+00,  0.0000000000000e+00,  9.8279784363381e-01,  1.6878658805776e-01,  2.8149869122848e-02,  9.5355830500509e-05, -1.5541416399194e-04, -8.7623049713422e-03,                 -nan,                 -nan, -5.3123156418533e-03, -5.3262420093968e-01,  1.3336933380000e+00,  9.0894787367921e-01,              3095864
  4.6276121659692e+00,  0.0000000000000e+00,  9.8285785606833e-01,  1.6876070725376e-01,  2.9836488439599e-02,  9.8170932679897e-05, -1.6413718761881e-04, -8.6053882127752e-03,                 -nan,                 -nan, -3.0326892364418e-03, -5.5690774247397e-01,  1.3593709530000e+00,  9.0329484757728e-01,              3095864
  4.6296334728121e+00,  0.0000000000000e+00,  9.8360321473191e-01,  1.6857508224366e-01,  4.5624140109366e-02,  1.2139656803557e-04,  3.0085484284194e-06, -1.5264155102397e-02,                 -nan,                 -nan,  4.9449845115135e-03, -1.0674795171003e+00,  1.3643212320000e+00,  9.0058801032603e-01,              3095864
  4.6314946644038e+00,  0.0000000000000e+00,  9.8335292820848e-01,  1.6876433393015e-01,  3.8919946957318e-02,  1.1212312223383e-04, -1.1722117311529e-04, -1.0837459345503e-02,                 -nan,                 -nan, -9.2231715566874e-04, -9.0969655764295e-01,  1.3940917240000e+00,  9.0650267582814e-01,              3095864
  4.6342347213939e+00,  0.0000000000000e+00,  9.8341539672541e-01,  1.6876784048381e-01,  3.3872943709673e-02,  1.0460092695186e-04,  2.8819286360131e-05, -1.1495916243283e-02,                 -nan,                 -nan, -8.4822159828989e-04, -6.9019210361988e-01,  1.3664803220000e+00,  9.1364510844146e-01,              3095864
  4.6365028122774e+00,  0.0000000000000e+00,  9.8372143208793e-01,  1.6860984569431e-01,  3.4419195327784e-02,  1.0544097652799e-04, -6.8675368551073e-06, -1.0068000417095e-02,                 -nan,                 -nan, -1.2462738573476e-04, -6.8728379734780e-01,  1.5162537740000e+00,  9.0623909835833e-01,              3095864
  4.6386497171423e+00,  0.0000000000000e+00,  9.8409525694900e-01,  1.6833141623690e-01,  4.3574374071173e-02,  1.1863822534332e-04,  1.2977459373582e-04, -1.3615264069240e-02,                 -nan,                 -nan,  7.0063837910271e-03, -9.4501679320381e-01,  1.6230239510000e+00,  9.0729857642325e-01,              3095864
  4.6395126422113e+00,  0.0000000000000e+00,  9.8306298089943e-01,  1.6867887797325e-01,  4.2060542243647e-02,  1.1655918352520e-04,  6.5795042199867e-05, -1.3467599559471e-02,                 -nan,                 -nan,  2.7037419538697e-03, -9.8251219988403e-01,  1.3067933670000e+00,  9.0751660925674e-01,              3095864
  4.6397756619655e+00,  0.0000000000000e+00,  9.8166923817696e-01,  1.6877142085229e-01,  3.4769972162783e-02,  1.0597690559599e-04, -3.5825215006770e-05, -1.0480046605846e-02,                 -nan,                 -nan, -2.0383869534219e-03, -7.3139226928531e-01,  1.3389390570000e+00,  9.1252458118315e-01,              3095864
  4.6403705248915e+00,  0.0000000000000e+00,  9.8091825185470e-01,  1.6853517184169e-01,  3.6312410506715e-02,  1.0830203139848e-04,  1.2676143182383e-04, -1.2774351572170e-02,                 -nan,                 -nan,  1.3458007177907e-03, -7.7130347420268e-01,  1.3318315170000e+00,  9.0289076005923e-01,              3095864
  4.6398565761364e+00,  0.0000000000000e+00,  9.8004000308007e-01,  1.6853995765537e-01,  4.3915016004091e-02,  1.1910104873657e-04,  1.1041862017052e-04, -1.5857675212928e-02,                 -nan,                 -nan,  2.6684872362367e-03, -1.0656086258693e+00,  1.2974760360000e+00,  9.0625783303143e-01,              3095864
  4.6384997751046e+00,  0.0000000000000e+00,  9.7879986218223e-01,  1.6876444562707e-01,  6.0512613187332e-02,  1.3980799804776e-04,  2.4056514231798e-06, -2.4738611557561e-02,                 -nan,                 -nan,  1.8948508123279e-03, -2.1284554737077e+00,  1.2813100610000e+00,  9.0068491380758e-01,              3095864
  4.6373644009985e+00,  0.0000000000000e+00,  9.7750779844946e-01,  1.6854696823682e-01,  3.9499270726533e-02,  1.1295451668731e-04,  1.0418731546652e-04, -1.3774115753559e-02,                 -nan,                 -nan,  7.7321244046488e-04, -9.0428484776313e-01,  1.3461630530000e+00,  8.9881758371815e-01,              3095864
  4.6354919086065e+00,  0.0000000000000e+00,  9.7627610537158e-01,  1.6843479629179e-01,  3.8446523196995e-02,  1.1143910072645e-04,  1.7083051245733e-05, -1.1007619851722e-02,                 -nan,                 -nan,  2.5011761114863e-03, -8.0942551097830e-01,  1.3426503020000e+00,  9.1307919210921e-01,              3095864
  4.6337036715087e+00,  0.0000000000000e+00,  9.7472452383242e-01,  1.6849631180315e-01,  3.3120777784683e-02,  1.0343304885968e-04,  6.8993025867847e-05, -1.0376353175543e-02,                 -nan,                 -nan, -1.8210653474132e-03, -6.8153239319693e-01,  1.3049150610000e+00,  9.0405134075657e-01,              3095864
  4.6315344537583e+00,  0.0000000000000e+00,  9.7378310264660e-01,  1.6839679784819e-01,  5.0580034653456e-02,  1.2781994438471e-04,  1.5006258134871e-05, -1.8893642344947e-02,                 -nan,                 -nan,  2.6724147546570e-03, -1.4503103061562e+00,  1.3004490370000e+00,  9.0419152779321e-01,              3095864
  4.6295314419360e+00,  0.0000000000000e+00,  9.7252370601884e-01,  1.6872880282512e-01,  2.9964019625504e-02,  9.8380516751581e-05, -9.6876219103922e-05, -9.6859078292333e-03,                 -nan,                 -nan, -5.1283243865334e-03, -5.8355931989598e-01,  1.2676550090000e+00,  9.0825339872811e-01,              3095864
  4.6286195244988e+00,  0.0000000000000e+00,  9.7253519759457e-01,  1.6848986885040e-01,  4.1662499392667e-02,  1.1600633949850e-04,  1.2022300426206e-05, -1.4641171501118e-02,                 -nan,                 -nan,  1.9012152497567e-03, -9.4838457505574e-01,  1.2757696890000e+00,  9.0360526172984e-01,              3095864
  4.6277566985098e+00,  0.0000000000000e+00,  9.7224376347036e-01,  1.6856056972140e-01,  5.3352143129602e-02,  1.3127589798234e-04,  1.8917897301743e-05, -1.7859882454266e-02,                 -nan,                 -nan,  4.4199709477519e-03, -1.4158228152156e+00,  1.1728847050000e+00,  9.0487631239615e-01,              3095864
  4.6268916262117e+00,  0.0000000000000e+00,  9.7119579730340e-01,  1.6850012838993e-01,  4.0746857249505e-02,  1.1472448633760e-04, -1.6669428838280e-05, -1.3732309167885e-02,                 -nan,                 -nan, -8.1413959173402e-04, -9.8792651859564e-01,  1.3299312140000e+00,  9.0683247067701e-01,              3095864
  4.6263192342378e+00,  0.0000000000000e+00,  9.7052878781708e-01,  1.6869388543193e-01,  3.5421427512835e-02,  1.0696509784978e-04, -7.2119240469332e-05, -1.2800474416682e-02,                 -nan,                 -nan, -4.0377308032124e-03, -8.0601306807580e-01,  1.3572441970000e+00,  8.9517078269588e-01,              3095864
  4.6264946282647e+00,  0.0000000000000e+00,  9.7086925423463e-01,  1.6847182809743e-01,  6.0213573499589e-02,  1.3946212040758e-04,  1.6495017336374e-05, -2.1992910606480e-02,                 -nan,                 -nan,  3.2466962865157e-03, -2.0594739720037e+00,  1.3495824620000e+00,  8.9899071793851e-01,              3095864
  4.6266042113469e+00,  0.0000000000000e+00,  9.7070573258789e-01,  1.6870288553853e-01,  3.9814366545772e-02,  1.1340415533135e-04, -1.4577593044599e-04, -1.1447607089006e-02,                 -nan,                 -nan, -2.6515947367205e-03, -9.8757610560115e-01,  1.4377776540000e+00,  9.0967464979082e-01,              3095864
  4.6280370767885e+00,  0.0000000000000e+00,  9.7122606863656e-01,  1.6850129208464e-01,  4.2698953020141e-02,  1.1744044172996e-04, -6.9713365327031e-05, -1.2162472916806e-02,                 -nan,                 -nan,  1.1226476882137e-03, -1.0443986325777e+00,  1.2629126400000e+00,  8.9537331097232e-01,              3095864
  4.6299956029858e+00,  0.0000000000000e+00,  9.7156726887980e-01,  1.6876472725304e-01,  2.9720322920942e-02,  9.7979636724145e-05, -1.2143127373651e-04, -9.4161559512184e-03,                 -nan,                 -nan, -5.5468058393730e-03, -5.7244356892828e-01,  1.3083311910000e+00,  9.0066617913448e-01,              3095864
  4.6328706033691e+00,  0.0000000000000e+00,  9.7311369556418e-01,  1.6864397811954e-01,  4.9323573477029e-02,  1.2622236981252e-04, -1.6388599496404e-04,  6.6327550394696e-03,                 -nan,                 -nan, -1.0737278316436e-03, -1.5429691561581e+00,  1.2971786340000e+00,  9.0068491380758e-01,              3095864
  4.6368724194988e+00,  0.0000000000000e+00,  9.7489916780311e-01,  1.6863325044929e-01,  3.7734236919633e-02,  1.1040197659885e-04,  8.0737161038611e-06, -1.1869388611232e-02,                 -nan,                 -nan, -1.7011283465239e-03, -8.6935822153124e-01,  1.2523110600000e+00,  8.9953822260926e-01,              3095864
  4.6404588448779e+00,  0.0000000000000e+00,  9.7696212184583e-01,  1.6864962374919e-01,  3.0483416035245e-02,  9.9229517505295e-05,  6.8716329864633e-05, -1.0449385728627e-02,                 -nan,                 -nan, -4.5788672781386e-03, -6.3147374751233e-01,  1.2988480750000e+00,  9.0256581038444e-01,              3095864
  4.6431286883392e+00,  0.0000000000000e+00,  9.7986150558411e-01,  1.6845146292595e-01,  3.4642761325437e-02,  1.0578286223646e-04,  1.4546491400561e-04, -1.0676379905073e-02,                 -nan,                 -nan, -8.6405803579024e-04, -7.6997176554914e-01,  1.3459422460000e+00,  9.0813065431815e-01,              3095864
  4.6442944130878e+00,  0.0000000000000e+00,  9.8273968015341e-01,  1.6879184148946e-01,  3.2181021543753e-02,  1.0195510494608e-04,  1.8614920575112e-05, -1.0732063425392e-02,                 -nan,                 -nan, -3.2144975843382e-03, -6.4780498885400e-01,  1.2848923540000e+00,  9.0682762550293e-01,              3095864
  4.6452275269168e+00,  0.0000000000000e+00,  9.8608631135004e-01,  1.6867613343694e-01,  3.7544849141983e-02,  1.1012457485447e-04,  1.0780831892298e-04, -1.2213221206418e-02,                 -nan,                 -nan,  2.4513049267407e-04, -8.6673738834826e-01,  1.2797092410000e+00,  8.9974785714101e-01,              3095864
  4.6451684705048e+00,  0.0000000000000e+00,  9.8914151054660e-01,  1.6860809056528e-01,  3.7113551465202e-02,  1.0949021797402e-04,  1.5160195306431e-04, -1.3209835653621e-02,                 -nan,                 -nan,  1.1006922907545e-03, -8.3196179713615e-01,  1.2630536290000e+00,  9.0483205980624e-01,              3095864
  4.6438332940627e+00,  0.0000000000000e+00,  9.9174761676927e-01,  1.6888015057806e-01,  3.2792470645512e-02,  1.0291913612346e-04,  5.5497944776299e-07, -9.2224406496535e-03,                 -nan,                 -nan, -3.5606439232531e-03, -7.2170240265972e-01,  1.3659899710000e+00,  9.0078827752123e-01,              3095864
  4.6426663226338e+00,  0.0000000000000e+00,  9.9493286791018e-01,  1.6870741906665e-01,  3.7211104594885e-02,  1.0963402129360e-04,  1.3678050919210e-04, -1.2480408365445e-02,                 -nan,                 -nan,  2.0397621169890e-03, -7.7872311032790e-01,  1.4245089510000e+00,  9.0932935038490e-01,              3095864
  4.6404603539135e+00,  0.0000000000000e+00,  9.9744905822568e-01,  1.6846080372699e-01,  5.4366935408530e-02,  1.3251849332826e-04,  2.1723785267075e-04, -1.7972542924234e-02,                 -nan,                 -nan,  1.0515382699785e-02, -1.4109886008961e+00,  1.3593791760000e+00,  9.1185756221850e-01,              3095864
  4.6366360651758e+00,  0.0000000000000e+00,  9.9761393533057e-01,  1.6866908073956e-01,  3.3633322320977e-02,  1.0423029036607e-04,  6.7705783279345e-05, -1.1838989987275e-02,                 -nan,                 -nan,  1.3798629255960e-03, -6.4642026654914e-01,  1.3879856180000e+00,  9.0191494200004e-01,              3095864
  4.6326446712741e+00,  0.0000000000000e+00,  9.9753653090678e-01,  1.6844500294319e-01,  5.8174461394517e-02,  1.3708036385426e-04,  5.8637026796322e-05, -2.2097769241498e-02,                 -nan,                 -nan,  9.1642453124625e-03, -1.6196151650183e+00,  1.2675773730000e+00,  8.9874652116501e-01,              3095864
  4.6286277426197e+00,  0.0000000000000e+00,  9.9568242311949e-01,  1.6857357935213e-01,  4.6379073838827e-02,  1.2239680995254e-04,  1.7002426046534e-04, -1.7133827740272e-02,                 -nan,                 -nan,  6.3344400663371e-03, -1.1119070147332e+00,  1.3265146720000e+00,  9.1357727600437e-01,              3095864
  4.6235841036427e+00,  0.0000000000000e+00,  9.9277936254666e-01,  1.6875829213638e-01,  3.5315756283972e-02,  1.0680542647618e-04, -7.5377870412993e-05, -1.1839292121929e-02,                 -nan,                 -nan,  5.0879476846308e-04, -7.4088446486747e-01,  1.2493059370000e+00,  8.9818254290240e-01,              3095864
  4.6197620643863e+00,  0.0000000000000e+00,  9.9013440279878e-01,  1.6889833077957e-01,  3.5059910963867e-02,  1.0641784679855e-04, -1.9444976582730e-04, -1.2222055240462e-02,                 -nan,                 -nan, -1.9729900443295e-03, -7.4751198128889e-01,  1.3557082840000e+00,  9.0598036606259e-01,              3095864
  4.6181008592058e+00,  0.0000000000000e+00,  9.8825414139102e-01,  1.6866765393011e-01,  3.7053853764846e-02,  1.0940212421147e-04, -1.3977676222173e-04, -1.2019309918298e-02,                 -nan,                 -nan,  1.1294958527449e-03, -7.7511467531066e-01,  1.2830477620000e+00,  9.1087786802004e-01,              3095864
  4.6178961097996e+00,  0.0000000000000e+00,  9.8640130544165e-01,  1.6855357424698e-01,  4.1478836256672e-02,  1.1575035844211e-04, -1.2957264513486e-04, -1.3412992516252e-02,                 -nan,                 -nan,  2.8239507456781e-03, -9.6234005851466e-01,  1.3021337940000e+00,  9.1607673980511e-01,              3095864
  4.6189180015017e+00,  0.0000000000000e+00,  9.8423008026594e-01,  1.6853118775157e-01,  3.6846423665287e-02,  1.0909547402420e-04, -1.0846649211737e-04, -1.1817280603636e-02,                 -nan,                 -nan,  3.9403913248500e-04, -7.8543224428387e-01,  1.3010869930000e+00,  9.0075823744195e-01,              3095864
  4.6208506791931e+00,  0.0000000000000e+00,  9.8227373899432e-01,  1.6868769363267e-01,  3.7109272467575e-02,  1.0948390596844e-04, -1.3818539126379e-04, -1.2471160856584e-02,                 -nan,                 -nan, -1.4041289629590e-03, -8.2927470660898e-01,  1.3470104140000e+00,  8.9411195065416e-01,              3095864
  4.6238686288995e+00,  0.0000000000000e+00,  9.8090211444443e-01,  1.6882388686883e-01,  3.8647518162151e-02,  1.1173001779756e-04, -8.4257682369075e-05, -1.2609718795870e-02,                 -nan,                 -nan, -3.1449558093182e-03, -9.4242178308139e-01,  1.2835101630000e+00,  9.1204652400751e-01,              3095864
  4.6273886379364e+00,  0.0000000000000e+00,  9.8044412319174e-01,  1.6874092744741e-01,  3.3519758822530e-02,  1.0405417388012e-04, -8.5588403035307e-05, -8.6025465678280e-03,                 -nan,                 -nan, -1.9049774984274e-03, -6.9616011582496e-01,  1.4403036500000e+00,  9.0145109733503e-01,              3095864
  4.6313552924028e+00,  0.0000000000000e+00,  9.8051624440758e-01,  1.6882394533961e-01,  2.6530664010836e-02,  9.2572740956104e-05, -4.5858237101359e-05, -8.6284054710467e-03,                 -nan,                 -nan, -6.1069346299754e-03, -4.7300216924246e-01,  1.2727308410000e+00,  8.9763923738252e-01,              3095864
  4.6353734961157e+00,  0.0000000000000e+00,  9.8194543838425e-01,  1.6858649545587e-01,  4.6370317253994e-02,  1.2238525486363e-04, -1.3569647452800e-05, -1.3149005119901e-02,                 -nan,                 -nan,  3.2518895405125e-03, -1.1257143393377e+00,  1.4067094940000e+00,  9.0508142476543e-01,              3095864
  4.6391722897434e+00,  0.0000000000000e+00,  9.8265393023149e-01,  1.6858682874983e-01,  3.3114375179546e-02,  1.0342305101208e-04,  9.0326379086980e-05, -1.1625936698503e-02,                 -nan,                 -nan, -1.9011518155715e-03, -7.0101278824403e-01,  1.2554435850000e+00,  9.0667936317616e-01,              3095864
  4.6418424011170e+00,  0.0000000000000e+00,  9.8377716887876e-01,  1.6873436417536e-01,  2.9734774097475e-02,  9.8003454583621e-05,  6.6241806759370e-05, -9.5328235011129e-03,                 -nan,                 -nan, -3.5372174821421e-03, -5.8103813286266e-01,  1.4519087470000e+00,  9.0893850634266e-01,              3095864
  4.6437007304273e+00,  0.0000000000000e+00,  9.8561369267504e-01,  1.6881652796797e-01,  3.2412309491352e-02,  1.0232082933487e-04,  3.5920914591315e-05, -1.0052105928052e-02,                 -nan,                 -nan, -1.5904284109521e-03, -6.3757728362531e-01,  1.2711242640000e+00,  9.0687672326691e-01,              3095864
  4.6450997983250e+00,  0.0000000000000e+00,  9.8767990898491e-01,  1.6835096192982e-01,  4.7011587635848e-02,  1.2322860213205e-04,  1.9229012273881e-04, -1.5413060419530e-02,                 -nan,                 -nan,  7.0632496139466e-03, -1.1123953583055e+00,  1.2083259600000e+00,  8.9697415648749e-01,              3095864
  4.6447161815033e+00,  0.0000000000000e+00,  9.8813559494785e-01,  1.6865787901389e-01,  4.4343878528002e-02,  1.1968119059565e-04,  8.8450899756750e-05, -1.5198128328170e-02,                 -nan,                 -nan,  6.3849715966210e-04, -1.2560660961278e+00,  1.2233585080000e+00,  9.0667677908332e-01,              3095864
  4.6436510442493e+00,  0.0000000000000e+00,  9.8854385939901e-01,  1.6876378145109e-01,  4.0367935148038e-02,  1.1418980483914e-04,  7.5444632394248e-05, -1.2599533528440e-02,                 -nan,                 -nan, -1.9515960461959e-04, -9.7344239901616e-01,  1.1811365870000e+00,  9.0609535819403e-01,              3095864
  4.6420757903235e+00,  0.0000000000000e+00,  9.8905901192736e-01,  1.6859924250264e-01,  5.9165104429385e-02,  1.3824259600880e-04,  7.4596791528130e-05, -1.0273865466960e-02,                 -nan,                 -nan,  6.0056159562654e-03, -1.8825601158803e+00,  1.1885211500000e+00,  9.0025304729148e-01,              3095864
  4.6400378246973e+00,  0.0000000000000e+00,  9.8842808924804e-01,  1.6850737207406e-01,  3.4639674592375e-02,  1.0577814940873e-04,  7.4988952241606e-05, -1.0655203178869e-02,                 -nan,                 -nan,  1.4206700138569e-04, -7.2545566883774e-01,  1.1876196210000e+00,  9.1269706938031e-01,              3095864
  4.6375808546504e+00,  0.0000000000000e+00,  9.8790744222923e-01,  1.6844754418031e-01,  5.2769734893209e-02,  1.3055740795441e-04,  5.7448007777222e-05, -1.1490220841568e-02,                 -nan,                 -nan,  8.0830614472374e-03, -1.4226017451526e+00,  1.2047928810000e+00,  9.0948762607143e-01,              3095864
  4.6349060716449e+00,  0.0000000000000e+00,  9.8584514293135e-01,  1.6848734787377e-01,  5.0871668174993e-02,  1.2818790580402e-04,  8.9465625430535e-05, -1.8299244959358e-02,                 -nan,                 -nan,  4.7815809372579e-03, -1.5243869948045e+00,  1.2449247050000e+00,  9.1252038203229e-01,              3095864
  4.6317796060429e+00,  0.0000000000000e+00,  9.8311856896256e-01,  1.6880617964873e-01,  2.7063087182304e-02,  9.3497011884695e-05, -6.2488575321851e-05, -8.3736730632816e-03,                 -nan,                 -nan, -5.0749001388131e-03, -4.7262904874857e-01,  1.2228702610000e+00,  9.0590833447464e-01,              3095864
  4.6295598001105e+00,  0.0000000000000e+00,  9.8181348956448e-01,  1.6844280287909e-01,  3.8455697176837e-02,  1.1145239554480e-04, -2.7602652227612e-06, -1.0253540748801e-02,                 -nan,                 -nan,  2.6204669032501e-03, -8.1781048451645e-01,  1.2801438130000e+00,  8.9562299894311e-01,              3095864
  4.6276306040292e+00,  0.0000000000000e+00,  9.8015900504836e-01,  1.6865075122730e-01,  3.7019556920124e-02,  1.0935148148570e-04, -6.8427702079334e-05, -1.2692171966677e-02,                 -nan,                 -nan, -8.1837091222107e-04, -8.0095697339421e-01,  1.2498861970000e+00,  8.9669830457669e-01,              3095864
  4.6265627976478e+00,  0.0000000000000e+00,  9.7893276802188e-01,  1.6862111268871e-01,  3.1245457693820e-02,  1.0046215926243e-04, -5.8507162810792e-05, -1.0393470452082e-02,                 -nan,                 -nan, -1.8286350820363e-03, -5.8561728747113e-01,  1.2597983130000e+00,  9.1300554546324e-01,              3095864
  4.6261720114086e+00,  0.0000000000000e+00,  9.7828845117587e-01,  1.6869196355270e-01,  3.8400227337684e-02,  1.1137198512593e-04, -6.5554528775363e-05, -1.3237135241418e-02,                 -nan,                 -nan, -8.0837896170068e-04, -8.8206601407032e-01,  1.2844437740000e+00,  8.9858340030441e-01,              3095864
  4.6264674123723e+00,  0.0000000000000e+00,  9.7797932902579e-01,  1.6849604295102e-01,  5.3838258316420e-02,  1.3187259851029e-04, -1.8470123207139e-05, -1.9122339709662e-02,                 -nan,                 -nan,  3.9409897000949e-03, -1.5782572659749e+00,  1.2245193060000e+00,  9.0255159787381e-01,              3095864
  4.6269851879901e+00,  0.0000000000000e+00,  9.7701604429129e-01,  1.6847009670230e-01,  3.5648677617770e-02,  1.0730767250845e-04, -1.9027718039766e-05, -1.0382622504074e-02,                 -nan,                 -nan, -3.6540490058153e-04, -7.4309668091210e-01,  1.2689433440000e+00,  9.0840521418254e-01,              3095864
  4.6276692731238e+00,  0.0000000000000e+00,  9.7630854375611e-01,  1.6868470135420e-01,  3.7769112617569e-02,  1.1045298407968e-04,  1.1554505072136e-06, -1.3542457998272e-02,                 -nan,                 -nan, -1.5837389003151e-03, -8.7367195310925e-01,  1.2657724410000e+00,  9.0331035213433e-01,              3095864
  4.6283360664580e+00,  0.0000000000000e+00,  9.7611110802571e-01,  1.6837185513139e-01,  6.0745727236335e-02,  1.4007703188345e-04, -9.4343896227769e-06, -1.4819799862239e-02,                 -nan,                 -nan,  5.4623277860319e-03, -2.0957068578597e+00,  1.3052468820000e+00,  8.9941224808325e-01,              3095864
  4.6290884233433e+00,  0.0000000000000e+00,  9.7497197101913e-01,  1.6864300421610e-01,  3.8787165079503e-02,  1.1193169547529e-04, -1.4639764508141e-04, -6.5299875546605e-03,                 -nan,                 -nan, -1.6120901411742e-03, -9.3327468900406e-01,  1.1906182920000e+00,  8.9864380347457e-01,              3095864
  4.6311127793292e+00,  0.0000000000000e+00,  9.7439896262313e-01,  1.6869121634579e-01,  2.7281442428773e-02,  9.3873438788744e-05, -3.4869703552160e-05, -8.2856335612496e-03,                 -nan,                 -nan, -5.2232153880437e-03, -4.9487593539306e-01,  1.2399837910000e+00,  8.9862539181308e-01,              3095864
  4.6332878626839e+00,  0.0000000000000e+00,  9.7507571080627e-01,  1.6861450927791e-01,  3.2994808184532e-02,  1.0323616591904e-04, -2.4814313665932e-05, -1.1341136038861e-02,                 -nan,                 -nan, -3.1275453880203e-03, -7.0943590505794e-01,  1.2128629470000e+00,  9.0388498977991e-01,              3095864
  4.6355221948199e+00,  0.0000000000000e+00,  9.7644469401674e-01,  1.6841529803427e-01,  4.9361503461840e-02,  1.2627089318749e-04,  7.8837410066497e-05, -1.6143710891946e-02,                 -nan,                 -nan,  3.4679638608029e-03, -1.3982124299070e+00,  1.2360644550000e+00,  9.0388402074510e-01,              3095864
  4.6368958489455e+00,  0.0000000000000e+00,  9.7707331684605e-01,  1.6850760267848e-01,  3.7782441288284e-02,  1.1047247171774e-04,  9.4575759492139e-05, -1.2456075276601e-02,                 -nan,                 -nan, -1.5730448044748e-05, -8.2437997436588e-01,  1.2272138690000e+00,  9.0822012853278e-01,              3095864
  4.6373350123486e+00,  0.0000000000000e+00,  9.7773312053768e-01,  1.6860835345387e-01,  4.5776088018142e-02,  1.2159855126081e-04,  3.8811919650026e-06, -1.2139499244505e-02,                 -nan,                 -nan,  2.1856141881237e-03, -1.1485875556285e+00,  1.2523493040000e+00,  9.0148662861159e-01,              3095864
  4.6377504266151e+00,  0.0000000000000e+00,  9.7797510392256e-01,  1.6853948443478e-01,  3.7376305504818e-02,  1.0987711516097e-04,  1.0691672567821e-04, -1.4416829749654e-02,                 -nan,                 -nan, -4.1450849368430e-04, -8.4317570014377e-01,  1.2537258290000e+00,  9.0531302408633e-01,              3095864
  4.6372227479342e+00,  0.0000000000000e+00,  9.7837611096724e-01,  1.6844150426389e-01,  4.2579799594813e-02,  1.1727646573184e-04, -1.4098737406842e-05, -8.1340068778833e-03,                 -nan,                 -nan,  2.5971330343794e-03, -1.0104786563054e+00,  1.2648383330000e+00,  8.9887701785350e-01,              3095864
  4.6369118254494e+00,  0.0000000000000e+00,  9.7827903626904e-01,  1.6890126018516e-01,  2.8208511242153e-02,  9.5455101987943e-05, -7.0017682055368e-05, -8.7895556766181e-03,                 -nan,                 -nan, -6.8661853117395e-03, -5.4397664929703e-01,  1.2940339530000e+00,  8.9731525674254e-01,              3095864
  4.6373058662007e+00,  0.0000000000000e+00,  9.7975466606546e-01,  1.6842820127185e-01,  4.6329238386647e-02,  1.2233103309118e-04,  9.1738158317066e-05, -1.5867156110901e-02,                 -nan,                 -nan,  3.6205601368287e-03, -1.1778183335886e+00,  1.2262055510000e+00,  8.9884213260014e-01,              3095864
  4.6369011143795e+00,  0.0000000000000e+00,  9.8041939475759e-01,  1.6845168975944e-01,  4.4219159106469e-02,  1.1951276735917e-04,  1.4819588912222e-04, -1.7087738704461e-02,                 -nan,                 -nan,  4.0780760809763e-03, -1.0348236137761e+00,  1.2450083560000e+00,  9.0156479742004e-01,              3095864
  4.6352710716310e+00,  0.0000000000000e+00,  9.8023737115873e-01,  1.6858089759155e-01,  4.0843049089973e-02,  1.1485982259354e-04,  1.1559932243476e-04, -1.5621000836297e-02,                 -nan,                 -nan,  1.4351268006029e-05, -1.0466327445280e+00,  1.2309197150000e+00,  9.1064982182680e-01,              3095864
  4.6328261412743e+00,  0.0000000000000e+00,  9.8018508427121e-01,  1.6864939573871e-01,  3.9617070807579e-02,  1.1312282543029e-04,  1.0350469704565e-05, -1.4737855392896e-02,                 -nan,                 -nan, -1.6526841138665e-04, -9.3939622502388e-01,  1.2149978870000e+00,  9.0389629518609e-01,              3095864
  4.6305965208545e+00,  0.0000000000000e+00,  9.8027745616260e-01,  1.6860287734725e-01,  4.5785591944110e-02,  1.2161117361127e-04,  4.0002135804010e-05, -1.7208138977871e-02,                 -nan,                 -nan,  1.1509868492342e-03, -1.2544117698343e+00,  1.3011404720000e+00,  9.0518026631661e-01,              3095864
  4.6283028010446e+00,  0.0000000000000e+00,  9.8024550810324e-01,  1.6845081496783e-01,  3.7704653706109e-02,  1.1035869116498e-04,  1.2056278352053e-05, -1.0744584441277e-02,                 -nan,                 -nan,  1.0118810904192e-03, -8.2257918381705e-01,  1.2587068240000e+00,  9.1592880048994e-01,              3095864
  4.6261756919314e+00,  0.0000000000000e+00,  9.8008455128321e-01,  1.6867720231045e-01,  3.2879525188334e-02,  1.0305565587591e-04, -6.4392597237835e-05, -1.0937714506440e-02,                 -nan,                 -nan, -2.5953145677934e-03, -6.7790348266213e-01,  1.3589395940000e+00,  8.9982505691464e-01,              3095864
  4.6248956281574e+00,  0.0000000000000e+00,  9.8058580702350e-01,  1.6879680454252e-01,  4.4603897154830e-02,  1.2003156425047e-04, -1.1734441223152e-04, -1.7398376773853e-02,                 -nan,                 -nan, -1.0225132500482e-03, -1.2232528311019e+00,  1.2648297410000e+00,  9.0606984027722e-01,              3095864
  4.6248904970063e+00,  0.0000000000000e+00,  9.8139754209033e-01,  1.6877561729347e-01,  2.9029673426906e-02,  9.6834505270194e-05, -1.0506262669082e-04, -8.0173738799723e-03,                 -nan,                 -nan, -4.8827060773619e-03, -5.4790454534230e-01,  1.2544218250000e+00,  9.0637863937176e-01,              3095864
  4.6258788684042e+00,  0.0000000000000e+00,  9.8326507605009e-01,  1.6854686684881e-01,  3.9818073721800e-02,  1.1340943482487e-04,  1.4551905596104e-05, -1.3034328339787e-02,                 -nan,                 -nan,  1.9123085687291e-03, -9.0289767680093e-01,  1.2817322900000e+00,  9.0989655876356e-01,              3095864
  4.6266960348635e+00,  0.0000000000000e+00,  9.8462500902621e-01,  1.6857779466979e-01,  4.3781635232580e-02,  1.1892004151129e-04, -1.1978518447998e-04, -1.2919136602988e-02,                 -nan,                 -nan,  3.4278005380108e-03, -1.0350792660536e+00,  1.2357852640000e+00,  9.0693551137905e-01,              3095864
  4.6285821991193e+00,  0.0000000000000e+00,  9.8520718018283e-01,  1.6857577289249e-01,  3.7271880740690e-02,  1.0972351628260e-04,  1.0048255472650e-05, -1.1626653558712e-02,                 -nan,                 -nan,  1.9718115775822e-03, -7.9013125001461e-01,  1.2593047060000e+00,  9.0469058072318e-01,              3095864
  4.6302427373041e+00,  0.0000000000000e+00,  9.8538311882374e-01,  1.6848717796272e-01,  4.9484366606706e-02,  1.2642794267093e-04,  5.9672511733266e-05, -2.0860938061215e-02,                 -nan,                 -nan,  4.2030164547425e-03, -1.3778690197119e+00,  1.3265558260000e+00,  9.0266400591240e-01,              3095864
  4.6312888665230e+00,  0.0000000000000e+00,  9.8476444912920e-01,  1.6857815062497e-01,  4.1701775010422e-02,  1.1606100673429e-04, -6.9833704122256e-06, -1.2735128537393e-02,                 -nan,                 -nan,  1.4835393081292e-03, -1.0087186156012e+00,  1.3867683140000e+00,  9.0474969184693e-01,              3095864
  4.6323532897958e+00,  0.0000000000000e+00,  9.8399039219007e-01,  1.6870326345644e-01,  3.2059467622163e-02,  1.0176237073320e-04, -5.6442348590735e-05, -1.0555755674770e-02,                 -nan,                 -nan, -2.0228080980681e-03, -6.3970046380215e-01,  1.3261223660000e+00,  9.0511211086792e-01,              3095864
  4.6338764940467e+00,  0.0000000000000e+00,  9.8381213838995e-01,  1.6878740897591e-01,  4.2418764063448e-02,  1.1705448760760e-04, -4.7905814154666e-05, -1.2632501818219e-02,                 -nan,                 -nan, -7.3748047978448e-04, -1.0817510094795e+00,  1.3702667240000e+00,  9.0837678916128e-01,              3095864
  4.6357447953044e+00,  0.0000000000000e+00,  9.8393500405948e-01,  1.6865889617121e-01,  4.8150676064512e-02,  1.2471257821560e-04,  7.9582938886763e-05, -1.8086582894896e-02,                 -nan,                 -nan,  2.3708567469818e-03, -1.3171790460434e+00,  1.3868346580000e+00,  9.0504234036120e-01,              3095864
  4.6367813143758e+00,  0.0000000000000e+00,  9.8366570327918e-01,  1.6855738656691e-01,  4.3725055367261e-02,  1.1884317531912e-04,  6.8017268058550e-05, -1.2859388423813e-02,                 -nan,                 -nan,  2.6521660890949e-03, -1.0638766669281e+00,  1.1872699680000e+00,  9.0209647452214e-01,              3095864
  4.6371503328904e+00,  0.0000000000000e+00,  9.8295224195911e-01,  1.6845457056445e-01,  4.2919971893429e-02,  1.1774399778655e-04,  1.3170596198830e-04, -1.6098231215002e-02,                 -nan,                 -nan,  4.6652280429848e-03, -9.5529193925768e-01,  1.2176589340000e+00,  9.0494414483324e-01,              3095864
  4.6363487861073e+00,  0.0000000000000e+00,  9.8137941720565e-01,  1.6871184426768e-01,  3.6216705918444e-02,  1.0815921741747e-04,  9.5758813155098e-06, -1.0968621532663e-02,                 -nan,                 -nan, -1.8610637256055e-03, -8.4581007983081e-01,  1.2450794630000e+00,  8.9611010044369e-01,              3095864
  4.6355891601929e+00,  0.0000000000000e+00,  9.8047062762726e-01,  1.6846694751262e-01,  3.3727254860935e-02,  1.0437573822639e-04,  8.8830436868206e-05, -1.2245793167426e-02,                 -nan,                 -nan, -4.6248231401800e-04, -6.9360486005770e-01,  1.2141892160000e+00,  9.0325899328911e-01,              3095864
  4.6341456261475e+00,  0.0000000000000e+00,  9.7983208071482e-01,  1.6864015144042e-01,  3.4220875495543e-02,  1.0513676770677e-04,  3.5647600791667e-05, -1.2301872034700e-02,                 -nan,                 -nan, -1.5985892922775e-03, -7.4709829375501e-01,  1.2110047670000e+00,  9.0615931449185e-01,              3095864
  4.6325741722381e+00,  0.0000000000000e+00,  9.7969622016627e-01,  1.6859571289076e-01,  4.5785369731968e-02,  1.2161087850193e-04,  6.3024229052313e-06, -1.3998191287141e-02,                 -nan,                 -nan,  3.1330153905793e-03, -1.0984971222708e+00,  1.1918379610000e+00,  8.9695219169834e-01,              3095864
  4.6311649312086e+00,  0.0000000000000e+00,  9.7899786897551e-01,  1.6854075372945e-01,  3.9567576242658e-02,  1.1305213980491e-04, -1.4902475962559e-05, -1.3843958454652e-02,                 -nan,                 -nan,  1.4662321699033e-03, -8.8262578882628e-01,  1.1755309980000e+00,  9.0190105250101e-01,              3095864
  4.6300964030159e+00,  0.0000000000000e+00,  9.7814008803998e-01,  1.6850250194038e-01,  5.0020070432239e-02,  1.2711043718193e-04, -1.0337445781450e-04, -9.7067473312101e-03,                 -nan,                 -nan,  1.5027241993845e-03, -1.4650964678980e+00,  1.2013505600000e+00,  9.0589702906846e-01,              3095864
  4.6301313021592e+00,  0.0000000000000e+00,  9.7719535983048e-01,  1.6860474342644e-01,  5.1081570978936e-02,  1.2845209315558e-04, -4.9002516300087e-05, -1.6092387628602e-02,                 -nan,                 -nan,  3.1779724324781e-03, -1.4949107977307e+00,  1.2200062790000e+00,  9.0905123739286e-01,              3095864
  4.6306886308978e+00,  0.0000000000000e+00,  9.7580121290827e-01,  1.6860986662790e-01,  3.8692054625188e-02,  1.1179437674345e-04, -1.9820341743070e-05, -1.1495762479699e-02,                 -nan,                 -nan, -4.8921131379789e-04, -8.9331908521733e-01,  1.2575455210000e+00,  9.0414824423812e-01,              3095864
  4.6314265957033e+00,  0.0000000000000e+00,  9.7475469428056e-01,  1.6864947405378e-01,  3.9336431061824e-02,  1.1272144311790e-04,  4.9581143710439e-05, -1.1292604017400e-02,                 -nan,                 -nan, -6.6932619611776e-04, -9.3404877241912e-01,  1.2709168160000e+00,  9.0251509756243e-01,              3095864
  4.6316856066931e+00,  0.0000000000000e+00,  9.7406642128822e-01,  1.6848037350371e-01,  4.0105505214661e-02,  1.1381802851560e-04,  3.7702148450747e-05, -1.2836408512342e-02,                 -nan,                 -nan,  1.4890161323824e-03, -9.5900120394957e-01,  1.2536497540000e+00,  8.8785263176935e-01,              3095864
  4.6316297736178e+00,  0.0000000000000e+00,  9.7322015778468e-01,  1.6848329802573e-01,  4.7410969453084e-02,  1.2375093270468e-04, -8.3850160648700e-06, -1.6690206019096e-02,                 -nan,                 -nan, -1.2866427386874e-04, -1.4434965328017e+00,  1.1623517610000e+00,  8.9985509699392e-01,              3095864
  4.6317342538381e+00,  0.0000000000000e+00,  9.7264858911796e-01,  1.6870197041231e-01,  3.0116170065421e-02,  9.8629977360495e-05, -4.3635821532810e-05, -9.6631928948079e-03,                 -nan,                 -nan, -4.1581867597799e-03, -5.7134899127924e-01,  1.1938300630000e+00,  9.1857038939695e-01,              3095864
  4.6322771214303e+00,  0.0000000000000e+00,  9.7313121708336e-01,  1.6857735412475e-01,  3.7203334616652e-02,  1.0962257446286e-04, -1.4505137561774e-05, -1.1337911722256e-02,                 -nan,                 -nan, -1.4876627926976e-03, -8.5351147641011e-01,  1.2475820840000e+00,  9.0437435236173e-01,              3095864
  4.6329531148674e+00,  0.0000000000000e+00,  9.7399590050989e-01,  1.6871043643770e-01,  4.0487935943424e-02,  1.1435940354312e-04, -7.2876120295140e-05, -1.2033964503952e-02,                 -nan,                 -nan, -2.3029120196155e-03, -1.0005075483923e+00,  1.2371514040000e+00,  9.0660894664624e-01,              3095864
  4.6342934777298e+00,  0.0000000000000e+00,  9.7540466406126e-01,  1.6848353358561e-01,  5.1975451723350e-02,  1.2957111595616e-04,  4.4806628343881e-06, -1.1891269658358e-02,                 -nan,                 -nan,  3.9040115155737e-03, -1.4582478003190e+00,  1.2426698410000e+00,  9.0100598734311e-01,              3095864
  4.6355145351257e+00,  0.0000000000000e+00,  9.7595935633812e-01,  1.6860658096462e-01,  3.0202132963132e-02,  9.8770640616054e-05, -1.1961572545365e-05, -1.0203196995082e-02,                 -nan,                 -nan, -4.4187343239411e-03, -6.0153710103965e-01,  1.2753481100000e+00,  9.0672264673125e-01,              3095864
  4.6367730269450e+00,  0.0000000000000e+00,  9.7752035233399e-01,  1.6885491828751e-01,  3.1731368735581e-02,  1.0124030990289e-04, -3.0030418118391e-05, -1.1007850570323e-02,                 -nan,                 -nan, -4.6434905813138e-03, -6.6301332760502e-01,  1.3112624210000e+00,  9.0326868363727e-01,              3095864
  4.6382370771308e+00,  0.0000000000000e+00,  9.8004483318485e-01,  1.6865522893687e-01,  3.2337355952733e-02,  1.0220245228444e-04, -4.9665357854622e-05, -6.9170516643238e-03,                 -nan,                 -nan, -2.9474182067081e-03, -6.9529001423517e-01,  1.2124508490000e+00,  9.0710250837892e-01,              3095864
  4.6400501319213e+00,  0.0000000000000e+00,  9.8306005075403e-01,  1.6875825412002e-01,  4.3931079743137e-02,  1.1912282981983e-04,  4.1685561177942e-05, -1.5852192875034e-02,                 -nan,                 -nan, -1.4301915260188e-03, -1.2300054174494e+00,  1.2891005870000e+00,  9.0335072858498e-01,              3095864
  4.6413688727342e+00,  0.0000000000000e+00,  9.8623674146687e-01,  1.6863257762152e-01,  3.9660788471211e-02,  1.1318522406231e-04,  1.0810121956921e-04, -1.4758481557279e-02,                 -nan,                 -nan,  2.5716274867647e-04, -9.9560984677327e-01,  1.2424284060000e+00,  9.0531528516757e-01,              3095864
  4.6416177054506e+00,  0.0000000000000e+00,  9.8915270158416e-01,  1.6837741850228e-01,  5.2657804145786e-02,  1.3041887072576e-04,  1.5531666853871e-04, -1.6814890571571e-02,                 -nan,                 -nan,  7.7999581967546e-03, -1.4116699836027e+00,  1.2523439350000e+00,  9.1373781277214e-01,              3095864
  4.6404729809923e+00,  0.0000000000000e+00,  9.9017659803867e-01,  1.6853027872244e-01,  4.9861339356611e-02,  1.2690859411818e-04,  2.0609278536370e-04, -2.0884214430093e-02,                 -nan,                 -nan,  7.2425953976029e-03, -1.2606869030264e+00,  1.2276872810000e+00,  9.0463469971549e-01,              3095864
  4.6376230047252e+00,  0.0000000000000e+00,  9.8960802837766e-01,  1.6843318624548e-01,  3.6550998182077e-02,  1.0865724362889e-04,  3.9834835884285e-05, -1.1515380810615e-02,                 -nan,                 -nan,  2.9207199570775e-03, -7.5945406275078e-01,  1.3163047840000e+00,  9.0934323988392e-01,              3095864
  4.6347383750540e+00,  0.0000000000000e+00,  9.8852304081559e-01,  1.6868898020539e-01,  3.4293155915573e-02,  1.0524774267567e-04,  6.0112301272981e-05, -1.2800977327166e-02,                 -nan,                 -nan, -1.4482486700993e-03, -7.4349082436219e-01,  1.2746913180000e+00,  9.0199569490133e-01,              3095864
  4.6316394850486e+00,  0.0000000000000e+00,  9.8795642100877e-01,  1.6868185053594e-01,  3.2761827630228e-02,  1.0287103834825e-04, -1.0610663994179e-05, -9.5888138672103e-03,                 -nan,                 -nan, -4.4515169705164e-04, -6.2600549016799e-01,  1.2343668170000e+00,  9.0884838610482e-01,              3095864
  4.6289916563588e+00,  0.0000000000000e+00,  9.8761723076814e-01,  1.6885400877337e-01,  3.5569345268412e-02,  1.0718820508654e-04, -1.0294413338191e-04, -8.3883708803498e-03,                 -nan,                 -nan, -2.5468984915086e-03, -8.1330936802659e-01,  1.5257681190000e+00,  9.1137013770631e-01,              3095864
  4.6276077886779e+00,  0.0000000000000e+00,  9.8797927746064e-01,  1.6846000839910e-01,  4.8387194573884e-02,  1.2501850018515e-04,  1.4658053587297e-05, -1.4960355991481e-02,                 -nan,                 -nan,  5.9531686329376e-03, -1.2055229787090e+00,  1.5021919630000e+00,  9.0929188103870e-01,              3095864
  4.6262940963794e+00,  0.0000000000000e+00,  9.8709584228154e-01,  1.6856289430915e-01,  4.4458998810027e-02,  1.1983644090791e-04, -1.1137290498951e-05, -1.7284621396324e-02,                 -nan,                 -nan,  2.9873127763883e-03, -1.1438943999491e+00,  1.8011122690000e+00,  9.0042585850024e-01,              3095864
  4.6252956512462e+00,  0.0000000000000e+00,  9.8575382296581e-01,  1.6868220530544e-01,  4.0088119491615e-02,  1.1379335580284e-04, -6.6618981833888e-05, -1.2429680563781e-02,                 -nan,                 -nan,  4.8810079676388e-04, -9.5459623572824e-01,  1.5665689100000e+00,  9.0789679391601e-01,              3095864
  4.6250779521750e+00,  0.0000000000000e+00,  9.8454243887176e-01,  1.6853141614706e-01,  4.9270593495309e-02,  1.2615456191574e-04, -4.5503522591003e-05, -1.8020777395901e-02,                 -nan,                 -nan,  5.2086732568077e-03, -1.2590164743332e+00,  1.8907660300000e+00,  9.0380940506431e-01,              3095864
  4.6253923386228e+00,  0.0000000000000e+00,  9.8241485818829e-01,  1.6863048365659e-01,  4.3504546929096e-02,  1.1854312943130e-04,  1.1019504264147e-05, -1.5492805282713e-02,                 -nan,                 -nan,  3.1079313849118e-03, -1.0183032369599e+00,  1.5981547560000e+00,  9.0704501231320e-01,              3095864
  4.6256448707835e+00,  0.0000000000000e+00,  9.7990969869407e-01,  1.6854572986890e-01,  4.0530205722100e-02,  1.1441908410663e-04, -1.2713849727919e-05, -1.3999619552735e-02,                 -nan,                 -nan,  1.4158958999752e-03, -9.6909491233933e-01,  1.5951986400000e+00,  8.9998397862438e-01,              3095864
  4.6260572919749e+00,  0.0000000000000e+00,  9.7744176799794e-01,  1.6848229630417e-01,  4.9308996834677e-02,  1.2620371712610e-04,  5.8545001937064e-05, -1.9549659548640e-02,                 -nan,                 -nan,  5.0395699177685e-03, -1.2737709314034e+00,  1.2658980900000e+00,  9.0649686161924e-01,              3095864
  4.6259708824277e+00,  0.0000000000000e+00,  9.7422088491761e-01,  1.6841680476335e-01,  4.4780506359107e-02,  1.2026896207657e-04, -2.5895736254547e-05, -1.5503195335460e-02,                 -nan,                 -nan,  1.4058353340872e-03, -1.1536395486427e+00,  1.1695747020000e+00,  9.0788839561428e-01,              3095864
  4.6262092227175e+00,  0.0000000000000e+00,  9.7113119198750e-01,  1.6834239972426e-01,  3.8348322380876e-02,  1.1129668983162e-04, -5.0593011746950e-06, -1.2163277315015e-02,                 -nan,                 -nan, -1.2961751987715e-03, -9.5232863283314e-01,  1.2118077240000e+00,  9.0809189292553e-01,              3095864
  4.6265287104426e+00,  0.0000000000000e+00,  9.6875102105815e-01,  1.6888524368505e-01,  2.9526561340259e-02,  9.7659725441967e-05, -1.6112219422097e-04, -9.5261995576330e-03,                 -nan,                 -nan, -7.6587624050173e-03, -5.8390434694492e-01,  1.2086939370000e+00,  8.9644764757108e-01,              3095864
  4.6283755145576e+00,  0.0000000000000e+00,  9.6841640527840e-01,  1.6877407089176e-01,  2.5774360556190e-02,  9.1243726224064e-05, -1.8446826581390e-04, -7.6486287106763e-03,                 -nan,                 -nan, -8.5503564134196e-03, -4.7494120971928e-01,  1.3269131090000e+00,  8.9890964202562e-01,              3095864
  4.6318045197662e+00,  0.0000000000000e+00,  9.7010831595970e-01,  1.6856511912070e-01,  3.9680154702772e-02,  1.1321285467462e-04, -1.1365952818913e-05, -1.2631741230557e-02,                 -nan,                 -nan, -5.3929773983290e-04, -9.1968635957781e-01,  1.2863935310000e+00,  8.9932148182220e-01,              3095864
  4.6350596319543e+00,  0.0000000000000e+00,  9.7185914859288e-01,  1.6843817222544e-01,  4.2043174769239e-02,  1.1653511645969e-04,  3.0069039170306e-06, -1.4609038079191e-02,                 -nan,                 -nan,  1.4428252280734e-03, -1.0175472542675e+00,  1.2585256030000e+00,  9.0539797613849e-01,              3095864
  4.6380323622287e+00,  0.0000000000000e+00,  9.7322413235615e-01,  1.6843603480274e-01,  4.4571407292785e-02,  1.1998784027528e-04,  4.1147265091776e-05, -1.2440236093041e-02,                 -nan,                 -nan,  2.0214211012491e-03, -1.1026653783092e+00,  1.2594652510000e+00,  9.0952994059171e-01,              3095864
  4.6403811984011e+00,  0.0000000000000e+00,  9.7411944437990e-01,  1.6885784411577e-01,  2.8910263755249e-02,  9.6635142164791e-05, -1.9461759821906e-05, -1.0259338642470e-02,                 -nan,                 -nan, -6.6828137413690e-03, -5.6704351405423e-01,  1.1949894620000e+00,  9.0266239085438e-01,              3095864
  4.6427288104249e+00,  0.0000000000000e+00,  9.7650768434667e-01,  1.6836853587598e-01,  5.4641908078119e-02,  1.3285319129539e-04,  1.7798778770110e-04, -1.8335575322043e-02,                 -nan,                 -nan,  7.6815798741426e-03, -1.4257839318355e+00,  1.2782648140000e+00,  9.0579851052889e-01,              3095864
  4.6432501677951e+00,  0.0000000000000e+00,  9.7707334602132e-01,  1.6868445026917e-01,  3.3646810716612e-02,  1.0425118866526e-04,  3.8286266819964e-05, -1.0939329717644e-02,                 -nan,                 -nan, -2.8029919704868e-03, -7.1773071716279e-01,  1.2293236890000e+00,  9.0739095774233e-01,              3095864
  4.6434103933110e+00,  0.0000000000000e+00,  9.7830124170277e-01,  1.6869336834405e-01,  4.4662079915346e-02,  1.2010982525706e-04,  6.5518231722239e-05, -1.5393403542145e-02,                 -nan,                 -nan,  8.3638888206181e-04, -1.2479951296048e+00,  1.3073698490000e+00,  9.0816457053669e-01,              3095864
  4.6430091483176e+00,  0.0000000000000e+00,  9.7935905198157e-01,  1.6865989649292e-01,  3.3254230340150e-02,  1.0364121921593e-04,  4.7091408081170e-05, -1.1846824582558e-02,                 -nan,                 -nan, -2.6812472404156e-03, -7.2030968568172e-01,  1.2274829940000e+00,  9.0637993141818e-01,              3095864
  4.6422589815797e+00,  0.0000000000000e+00,  9.8100387313479e-01,  1.6843033699343e-01,  4.7438714786462e-02,  1.2378713749800e-04,  1.2093787453758e-04, -1.4252125514565e-02,                 -nan,                 -nan,  4.4232205662735e-03, -1.2993325258106e+00,  1.2044301940000e+00,  9.0294825612495e-01,              3095864
  4.6405086947147e+00,  0.0000000000000e+00,  9.8162569558256e-01,  1.6862413530435e-01,  4.1979255630460e-02,  1.1644649734817e-04,  1.0651767950778e-04, -1.5741016487156e-02,                 -nan,                 -nan,  1.8852009254109e-03, -9.7900691812447e-01,  1.2524353930000e+00,  9.0026887486014e-01,              3095864
  4.6380006763144e+00,  0.0000000000000e+00,  9.8186774488348e-01,  1.6867752802575e-01,  3.9278486093491e-02,  1.1263838973170e-04,  7.9665772581300e-06, -8.4019971558902e-03,                 -nan,                 -nan, -2.2849768444807e-04, -9.3981416503757e-01,  1.2292413970000e+00,  9.0237103438652e-01,              3095864
  4.6357057862380e+00,  0.0000000000000e+00,  9.8224508944006e-01,  1.6841162119826e-01,  3.9695018333965e-02,  1.1323405666560e-04,  1.6616561086813e-04, -1.4989058602701e-02,                 -nan,                 -nan,  2.2778773286609e-03, -9.2492246612200e-01,  1.2446512750000e+00,  9.0587151115165e-01,              3095864
  4.6321411616312e+00,  0.0000000000000e+00,  9.8217054702302e-01,  1.6879003673260e-01,  3.3746930851789e-02,  1.0440617943250e-04, -5.6223710209221e-05, -1.1542877192228e-02,                 -nan,                 -nan, -2.6311382179451e-03, -7.1235780055691e-01,  1.1790842050000e+00,  9.0377548884576e-01,              3095864
  4.6295172282371e+00,  0.0000000000000e+00,  9.8278580584953e-01,  1.6889065241141e-01,  3.0609581086982e-02,  9.9434651506456e-05, -7.3883431580528e-05, -1.0565101136462e-02,                 -nan,                 -nan, -4.3689545120831e-03, -5.9593889525151e-01,  1.2188293400000e+00,  9.0486468397837e-01,              3095864
  4.6279037032204e+00,  0.0000000000000e+00,  9.8440600170590e-01,  1.6845006116913e-01,  4.8687252076223e-02,  1.2540553195141e-04,  2.1571171304530e-05, -1.5858751877411e-02,                 -nan,                 -nan,  4.1301025758515e-03, -1.3472975820740e+00,  1.2203699990000e+00,  9.0361236798516e-01,              3095864
  4.6263209719060e+00,  0.0000000000000e+00,  9.8507479306917e-01,  1.6835378352892e-01,  3.9116574428948e-02,  1.1240599403365e-04,  7.9612694549082e-05, -1.5400321345764e-02,                 -nan,                 -nan,  2.5133317174326e-03, -8.7262744110161e-01,  1.5340094390000e+00,  9.1537192848265e-01,              3095864
  4.6242138234179e+00,  0.0000000000000e+00,  9.8520197579584e-01,  1.6877402369178e-01,  3.6679233591994e-02,  1.0884768311096e-04, -3.1205197518488e-05, -1.2976894154360e-02,                 -nan,                 -nan,  1.1500144439181e-04, -7.9023620741398e-01,  1.8124290010000e+00,  9.1302557218276e-01,              3095864
  4.6226734670032e+00,  0.0000000000000e+00,  9.8538068959740e-01,  1.6844691024045e-01,  4.3569785986581e-02,  1.1863197928065e-04, -2.8334518141340e-05, -1.6476102635012e-02,                 -nan,                 -nan,  3.9098357987050e-03, -1.0457936995902e+00,  1.4338620470000e+00,  9.0977446037681e-01,              3095864
  4.6216332975809e+00,  0.0000000000000e+00,  9.8476559351490e-01,  1.6860945203668e-01,  3.7165394041028e-02,  1.0956666274753e-04, -1.5575311525428e-05, -1.2865805988863e-02,                 -nan,                 -nan,  1.6645406837456e-03, -7.8338671564937e-01,  1.5568995570000e+00,  9.0581175400470e-01,              3095864
  4.6209055058184e+00,  0.0000000000000e+00,  9.8391964224667e-01,  1.6844889228258e-01,  3.5681794596857e-02,  1.0735750438490e-04, -5.1069496936723e-05, -1.1467898482882e-02,                 -nan,                 -nan,  4.8337290981215e-04, -7.6419654227336e-01,  1.5171914510000e+00,  9.0245695547350e-01,              3095864
  4.6207903207316e+00,  0.0000000000000e+00,  9.8313435063069e-01,  1.6846674347286e-01,  5.6069174382409e-02,  1.3457709321170e-04, -3.7729479023805e-05, -1.5085057804364e-02,                 -nan,                 -nan,  4.2439988574367e-03, -1.8727546036528e+00,  1.5311925060000e+00,  9.0542123297406e-01,              3095864
  4.6211175393337e+00,  0.0000000000000e+00,  9.8166755788154e-01,  1.6868415368979e-01,  3.8604846900847e-02,  1.1166831943051e-04, -1.3132480519258e-04, -1.1305787700590e-02,                 -nan,                 -nan,  9.1012822939810e-04, -8.4224260838080e-01,  1.4063635600000e+00,  9.0464762017970e-01,              3095864
  4.6227158707937e+00,  0.0000000000000e+00,  9.8023385317533e-01,  1.6852676824932e-01,  4.2537939370362e-02,  1.1721880427755e-04, -9.9984304643537e-05, -1.0738652839316e-02,                 -nan,                 -nan,  1.2892307199476e-03, -1.0297875458933e+00,  1.3000957750000e+00,  9.0883481961740e-01,              3095864
  4.6251579913028e+00,  0.0000000000000e+00,  9.7876422435799e-01,  1.6893542624195e-01,  2.7297360314365e-02,  9.3900820932513e-05, -1.6272814224124e-04, -9.3925199753921e-03,                 -nan,                 -nan, -6.9950173928411e-03, -4.9768265825437e-01,  1.4624561460000e+00,  9.0495964939028e-01,              3095864
  4.6289479428643e+00,  0.0000000000000e+00,  9.7910790687465e-01,  1.6861016347404e-01,  4.7064387025785e-02,  1.2329778262043e-04,  1.0187904180384e-05, -1.6239310936853e-02,                 -nan,                 -nan,  1.4976484760531e-03, -1.3528170925857e+00,  1.4559599800000e+00,  9.1294126615381e-01,              3095864
  4.6323422783766e+00,  0.0000000000000e+00,  9.7922851783836e-01,  1.6858278317260e-01,  5.2130537267175e-02,  1.2976428060361e-04, -6.0534101568188e-05, -1.7443503543134e-02,                 -nan,                 -nan,  3.9135294969138e-03, -1.4756701352062e+00,  1.3696457850000e+00,  9.1050640467411e-01,              3095864
  4.6360592619339e+00,  0.0000000000000e+00,  9.7860593647792e-01,  1.6845977010049e-01,  4.3816825597386e-02,  1.1896782409235e-04,  8.2416890815755e-05, -1.1468139603474e-02,                 -nan,                 -nan,  2.5113237921671e-03, -1.0840716518405e+00,  1.3275722860000e+00,  9.0158547016277e-01,              3095864
  4.6386752154793e+00,  0.0000000000000e+00,  9.7759139605882e-01,  1.6858777127901e-01,  4.0678616277721e-02,  1.1462837842172e-04,  5.2059261402592e-05, -8.7732334471035e-03,                 -nan,                 -nan,  6.4689306464488e-04, -9.5013565518594e-01,  1.2903652340000e+00,  9.1007292309998e-01,              3095864
  4.6405764096375e+00,  0.0000000000000e+00,  9.7663785900160e-01,  1.6862971115822e-01,  4.0168729190126e-02,  1.1390770690773e-04,  4.2786098705191e-05, -1.2517313490661e-02,                 -nan,                 -nan, -1.2894051959031e-03, -1.0080383512215e+00,  1.2930326510000e+00,  9.0029826891621e-01,              3095864
  4.6419399848573e+00,  0.0000000000000e+00,  9.7619294597812e-01,  1.6853433354886e-01,  3.9404662939682e-02,  1.1281916249899e-04,  9.1086090323336e-05, -1.1692330450737e-02,                 -nan,                 -nan, -7.4945957268727e-05, -9.3426182976651e-01,  1.3298480230000e+00,  9.0846594036431e-01,              3095864
  4.6423531822089e+00,  0.0000000000000e+00,  9.7591740128809e-01,  1.6852082797134e-01,  5.3368352103557e-02,  1.3129583800625e-04,  1.1945813749063e-04, -2.0462631874381e-02,                 -nan,                 -nan,  3.4033222111397e-03, -1.5803273542672e+00,  1.2932868290000e+00,  9.0157061162893e-01,              3095864
  4.6416809743670e+00,  0.0000000000000e+00,  9.7506511815263e-01,  1.6855496776442e-01,  4.8161908937629e-02,  1.2472712420945e-04,  1.2077062762090e-04, -1.7895462911734e-02,                 -nan,                 -nan,  3.1212305964956e-03, -1.2640015464344e+00,  1.3805261540000e+00,  8.9420917714732e-01,              3095864
  4.6400065796983e+00,  0.0000000000000e+00,  9.7372164186503e-01,  1.6840681123039e-01,  4.7900285130026e-02,  1.2438789325138e-04,  1.0257525302196e-04, -1.5513909912147e-02,                 -nan,                 -nan,  3.8096846433277e-03, -1.2263065817094e+00,  1.2939693650000e+00,  9.0621745658078e-01,              3095864
  4.6375919369572e+00,  0.0000000000000e+00,  9.7177186550511e-01,  1.6839221122936e-01,  4.7710392789353e-02,  1.2414109133461e-04,  9.5434779709465e-05, -1.9863279150679e-02,                 -nan,                 -nan,  2.0911780977282e-03, -1.3365102171835e+00,  1.3884493460000e+00,  9.0355680998907e-01,              3095864
  4.6345992891249e+00,  0.0000000000000e+00,  9.6968594551032e-01,  1.6825866001132e-01,  4.9268604361743e-02,  1.2615201535816e-04,  1.0878692251288e-04, -1.6966959385012e-02,                 -nan,                 -nan,  6.1130270514761e-03, -1.2250319292766e+00,  1.3736424710000e+00,  9.0146757092689e-01,              3095864
  4.6309445543818e+00,  0.0000000000000e+00,  9.6653439107978e-01,  1.6882876514162e-01,  2.8394187990250e-02,  9.5768743543875e-05, -7.8074288629618e-05, -9.5430225410027e-03,                 -nan,                 -nan, -8.3836956325437e-03, -5.7933534310085e-01,  1.3414985380000e+00,  9.0197760625144e-01,              3095864
  4.6284471729705e+00,  0.0000000000000e+00,  9.6570850158309e-01,  1.6855437245401e-01,  3.9521272520556e-02,  1.1298597114186e-04, -1.2227045664886e-05, -1.3427788726134e-02,                 -nan,                 -nan, -3.0488435475562e-03, -1.0865397555622e+00,  1.3151514610000e+00,  9.1803742024843e-01,              3095864
  4.6263791691130e+00,  0.0000000000000e+00,  9.6579624669003e-01,  1.6872148113727e-01,  3.1980172140754e-02,  1.0163644393872e-04, -1.5485741562298e-04, -1.0218726633572e-02,                 -nan,                 -nan, -5.9864372234216e-03, -6.7170882067178e-01,  1.3596066600000e+00,  9.0737125403441e-01,              3095864
  4.6260518876937e+00,  0.0000000000000e+00,  9.6733804031553e-01,  1.6867471076410e-01,  3.3446123022297e-02,  1.0393981856749e-04, -1.4315301897643e-04, -9.6036325681731e-03,                 -nan,                 -nan, -6.2522369563124e-03, -7.6669127325779e-01,  1.3747199250000e+00,  9.0468767361874e-01,              3095864
  4.6271750099024e+00,  0.0000000000000e+00,  9.7025966775339e-01,  1.6862140028803e-01,  3.0927696839674e-02,  9.9950012506825e-05, -9.1604248285300e-05, -9.8380085426844e-03,                 -nan,                 -nan, -6.1620241115528e-03, -6.5709423927379e-01,  1.3404359600000e+00,  9.0602041950163e-01,              3095864
  4.6291114194385e+00,  0.0000000000000e+00,  9.7438861072290e-01,  1.6843099608929e-01,  4.5627717980764e-02,  1.2140132793671e-04, -6.3321356338952e-05, -1.4619498056329e-02,                 -nan,                 -nan,  2.0666886401953e-03, -1.1864491648427e+00,  1.3234937090000e+00,  9.0225507322027e-01,              3095864
  4.6315327229863e+00,  0.0000000000000e+00,  9.7776680455222e-01,  1.6860156356637e-01,  4.1991370166808e-02,  1.1646329842697e-04, -3.1476840234288e-05, -1.6221914092691e-02,                 -nan,                 -nan,  5.4832892393139e-04, -1.0513889901183e+00,  1.3100412920000e+00,  9.0696393640031e-01,              3095864
  4.6340936599100e+00,  0.0000000000000e+00,  9.8080464608828e-01,  1.6844978863495e-01,  3.3676174635802e-02,  1.0429666928906e-04,  5.3328597243765e-05, -8.2131859784638e-03,                 -nan,                 -nan, -5.0309226403673e-04, -7.1279480966757e-01,  1.4126569270000e+00,  9.0149373486691e-01,              3095864
  4.6359274208652e+00,  0.0000000000000e+00,  9.8374028948769e-01,  1.6863540574078e-01,  3.6940890786352e-02,  1.0923523437506e-04,  3.5747285609136e-05, -1.2659322962618e-02,                 -nan,                 -nan, -4.2369902713494e-04, -8.1164491566748e-01,  1.3332777540000e+00,  9.1046344413062e-01,              3095864
  4.6372963660747e+00,  0.0000000000000e+00,  9.8657709787828e-01,  1.6862140610282e-01,  4.3603425079770e-02,  1.1867776677007e-04, -9.5335875406041e-06, -1.1653047188582e-02,                 -nan,                 -nan,  1.7159460807959e-03, -1.1337118566177e+00,  1.3200264630000e+00,  9.0364176204123e-01,              3095864
  4.6386773040416e+00,  0.0000000000000e+00,  9.8886559620247e-01,  1.6860611356257e-01,  3.8888464494941e-02,  1.1207776469379e-04,  7.2000926642979e-05, -1.3292907001643e-02,                 -nan,                 -nan,  1.7994946125105e-03, -8.6103273734019e-01,  1.3339361710000e+00,  9.0332617970298e-01,              3095864
  4.6392916611947e+00,  0.0000000000000e+00,  9.9060884275423e-01,  1.6867858405756e-01,  2.8521371783166e-02,  9.5982988498341e-05,  3.5284710046529e-05, -9.0332733869777e-03,                 -nan,                 -nan, -2.7074907105130e-03, -5.0598446927665e-01,  1.3181183290000e+00,  9.0502522074613e-01,              3095864
  4.6395485257413e+00,  0.0000000000000e+00,  9.9286709511564e-01,  1.6873463535837e-01,  3.4533924124452e-02,  1.0561656245090e-04, -3.4992310340265e-05, -7.6792996337474e-03,                 -nan,                 -nan,  6.8252021833733e-04, -6.9195979573661e-01,  1.2940525040000e+00,  9.0892429383203e-01,              3095864
  4.6401544262448e+00,  0.0000000000000e+00,  9.9482299735415e-01,  1.6829223367362e-01,  5.4884728238735e-02,  1.3314805356150e-04,  2.3907333282056e-04, -1.9423871155411e-02,                 -nan,                 -nan,  1.2550493135653e-02, -1.3320167295316e+00,  1.3675048470000e+00,  9.0615220823654e-01,              3095864
  4.6384906734247e+00,  0.0000000000000e+00,  9.9382098195933e-01,  1.6855051066022e-01,  3.9381272087601e-02,  1.1278567245132e-04,  6.0950252335557e-05, -1.4177660630845e-02,                 -nan,                 -nan,  3.2217910767440e-03, -8.6269169357109e-01,  1.2953736250000e+00,  9.0602461865250e-01,              3095864
  4.6364733005273e+00,  0.0000000000000e+00,  9.9227099506518e-01,  1.6874402464167e-01,  3.6289598673744e-02,  1.0826800782435e-04,  1.8531822318169e-05, -1.1692248164977e-02,                 -nan,                 -nan,  4.9344127514611e-04, -7.6745473933723e-01,  1.3251012380000e+00,  9.0022462227023e-01,              3095864
  4.6345337535951e+00,  0.0000000000000e+00,  9.9084928891668e-01,  1.6861704262489e-01,  5.4742895755972e-02,  1.3297590243836e-04,  5.0248766833793e-05, -1.8343572662840e-02,                 -nan,                 -nan,  5.6763005790362e-03, -1.5795998903792e+00,  1.2737867930000e+00,  8.9713469325526e-01,              3095864
  4.6323903782699e+00,  0.0000000000000e+00,  9.8843434826398e-01,  1.6820499265822e-01,  5.7606524630881e-02,  1.3640958906457e-04,  1.1889335740904e-04, -2.0088373955181e-02,                 -nan,                 -nan,  1.1450847714394e-02, -1.5524639459906e+00,  1.3425937210000e+00,  8.9787277477305e-01,              3095864
  4.6294101676666e+00,  0.0000000000000e+00,  9.8379303563342e-01,  1.6869469893796e-01,  3.7994536604292e-02,  1.1078211162412e-04, -3.8788752396134e-05, -1.1095868579296e-02,                 -nan,                 -nan, -8.4346312113418e-04, -8.8712028842427e-01,  1.3274917320000e+00,  9.0254287656047e-01,              3095864
  4.6271541842945e+00,  0.0000000000000e+00,  9.7991084855540e-01,  1.6863820219814e-01,  3.8213601573597e-02,  1.1110102062208e-04, -4.4612558084602e-05, -1.0343092258986e-02,                 -nan,                 -nan, -5.3184847834815e-04, -8.7919972392814e-01,  1.3194435720000e+00,  9.0218078055108e-01,              3095864
  4.6256035534263e+00,  0.0000000000000e+00,  9.7663937780007e-01,  1.6857753268594e-01,  4.1157606330546e-02,  1.1530127703288e-04, -5.9499807691535e-05, -1.1986378029573e-02,                 -nan,                 -nan,  3.3018345163948e-04, -9.9800935483030e-01,  1.3244659100000e+00,  9.0351966365448e-01,              3095864
  4.6248406289265e+00,  0.0000000000000e+00,  9.7373168056323e-01,  1.6861566360233e-01,  3.5213911592405e-02,  1.0665131085673e-04, -1.4091643392024e-04, -9.1160527613276e-03,                 -nan,                 -nan, -2.4547604110568e-03, -7.9115070491605e-01,  1.2780679450000e+00,  9.0371347061757e-01,              3095864
  4.6255610984948e+00,  0.0000000000000e+00,  9.7177567837219e-01,  1.6849837605691e-01,  3.9305288436482e-02,  1.1267681353847e-04,  1.4716894828851e-05, -1.2519961339156e-02,                 -nan,                 -nan,  2.8492233980809e-04, -8.8945229441621e-01,  1.3207311550000e+00,  9.0096108873000e-01,              3095864
  4.6261282274889e+00,  0.0000000000000e+00,  9.7005090883954e-01,  1.6869547404435e-01,  2.9580341883756e-02,  9.7748625121184e-05, -4.8587170491890e-05, -1.0732223559743e-02,                 -nan,                 -nan, -5.6766251817838e-03, -5.8489025879696e-01,  1.3578325820000e+00,  9.0118493577237e-01,              3095864
  4.6271616532846e+00,  0.0000000000000e+00,  9.6988742675736e-01,  1.6859183851139e-01,  3.5864596323828e-02,  1.0763215517218e-04, -9.3599477325521e-05, -1.0693149765699e-02,                 -nan,                 -nan, -2.5451708195885e-03, -8.0408130542389e-01,  1.5255099120000e+00,  9.0416633288801e-01,              3095864
  4.6290508987491e+00,  0.0000000000000e+00,  9.7042618708166e-01,  1.6861717251384e-01,  3.9508762023447e-02,  1.1296808681710e-04, -7.7942364567500e-05, -1.5228735453434e-02,                 -nan,                 -nan, -3.3731859353908e-03, -1.0074951894714e+00,  1.4516760200000e+00,  9.0234422442330e-01,              3095864
  4.6315815407289e+00,  0.0000000000000e+00,  9.7181403827505e-01,  1.6854187989903e-01,  4.1849036874042e-02,  1.1626574979384e-04, -5.8365790005390e-05, -1.1649679749283e-02,                 -nan,                 -nan, -1.0534737742754e-03, -1.0512355118479e+00,  1.5284635910000e+00,  9.1097703258283e-01,              3095864
  4.6344833692249e+00,  0.0000000000000e+00,  9.7343209926475e-01,  1.6874816493909e-01,  3.3556008199404e-02,  1.0411042249114e-04, -6.7286768354653e-05, -1.1431613742404e-02,                 -nan,                 -nan, -2.6297960985789e-03, -6.9338988391961e-01,  1.4107664030000e+00,  9.0494931301892e-01,              3095864
  4.6378052278999e+00,  0.0000000000000e+00,  9.7558330418571e-01,  1.6865680846151e-01,  4.1482933202889e-02,  1.1575607474621e-04, -6.0304113842962e-05, -1.0353021706925e-02,                 -nan,                 -nan,  3.9797679515322e-04, -9.8975825652848e-01,  1.3243887790000e+00,  9.0712705726091e-01,              3095864
  4.6414328956423e+00,  0.0000000000000e+00,  9.7754369995246e-01,  1.6888510250275e-01,  3.5621036656896e-02,  1.0726606279733e-04, -6.0735981988529e-05, -1.0129296886207e-02,                 -nan,                 -nan, -2.2966699702753e-03, -7.6327095941548e-01,  1.3117843780000e+00,  9.1003642278860e-01,              3095864
  4.6453394818768e+00,  0.0000000000000e+00,  9.7993470626715e-01,  1.6854131693845e-01,  4.0150657858527e-02,  1.1388208130848e-04,  1.2316655892559e-04, -1.2869356101833e-02,                 -nan,                 -nan,  8.4572743970982e-04, -9.2983707296080e-01,  1.5640885510000e+00,  9.0674558055522e-01,              3095864
  4.6477211536003e+00,  0.0000000000000e+00,  9.8199947317515e-01,  1.6871122589013e-01,  3.0333383019557e-02,  9.8985022801982e-05,  1.2210364206119e-04, -1.0128120328818e-02,                 -nan,                 -nan, -2.9179141375202e-03, -5.8365039837531e-01,  1.3317365870000e+00,  9.0107640387304e-01,              3095864
  4.6487270208999e+00,  0.0000000000000e+00,  9.8460947724361e-01,  1.6863222556851e-01,  4.0679375001253e-02,  1.1462944742124e-04,  1.4346705484000e-04, -1.1429745403885e-02,                 -nan,                 -nan,  2.9397817592513e-04, -9.8662440683869e-01,  1.3161267170000e+00,  9.0472772705778e-01,              3095864
  4.6482930142118e+00,  0.0000000000000e+00,  9.8700718952219e-01,  1.6857994958976e-01,  5.1545186834370e-02,  1.2903369148285e-04,  1.5043795449596e-04, -1.6232566960677e-02,                 -nan,                 -nan,  4.8867551208922e-03, -1.4704056548625e+00,  1.2401138910000e+00,  9.0871207520744e-01,              3095864
  4.6465191636551e+00,  0.0000000000000e+00,  9.8819375200739e-01,  1.6848740278056e-01,  4.1819389422000e-02,  1.1622455895400e-04,  2.0044630544896e-04, -1.5080638592086e-02,                 -nan,                 -nan,  5.1249643877510e-03, -9.1945124053157e-01,  1.4311358950000e+00,  8.9923136158436e-01,              3095864
  4.6430514875770e+00,  0.0000000000000e+00,  9.8816924585714e-01,  1.6858989861370e-01,  4.3582414509068e-02,  1.1864917052961e-04,  1.2025556416980e-04, -1.6816695405638e-02,                 -nan,                 -nan,  3.5707061094901e-03, -1.0448789171436e+00,  1.3380785330000e+00,  8.9821968923699e-01,              3095864
  4.6388437438780e+00,  0.0000000000000e+00,  9.8743283253000e-01,  1.6862838114665e-01,  3.5207557948706e-02,  1.0664168887827e-04,  1.5111513829794e-04, -1.2868627697731e-02,                 -nan,                 -nan,  7.9221788848794e-04, -7.1491485343997e-01,  1.3187737420000e+00,  9.0536082980389e-01,              3095864
  4.6336529419851e+00,  0.0000000000000e+00,  9.8666751529341e-01,  1.6842684699923e-01,  4.8509097162063e-02,  1.2517588161953e-04,  3.8334170140415e-05, -1.5154399435965e-02,                 -nan,                 -nan,  6.3766302649446e-03, -1.2181562950808e+00,  1.3347726650000e+00,  9.0281646739004e-01,              3095864
  4.6286785243278e+00,  0.0000000000000e+00,  9.8462626950267e-01,  1.6863593404322e-01,  3.5101921012762e-02,  1.0648158456074e-04, -6.8620696566375e-05, -1.0725894497142e-02,                 -nan,                 -nan,  9.4745758383712e-04, -7.0681016704188e-01,  1.3166121350000e+00,  9.0739838700925e-01,              3095864
  4.6249182562883e+00,  0.0000000000000e+00,  9.8264813832410e-01,  1.6847449455048e-01,  3.5423042820925e-02,  1.0696753676360e-04, -1.1797227723870e-04, -1.0051138730019e-02,                 -nan,                 -nan,  7.7203099625215e-04, -7.3843074647604e-01,  1.3437382200000e+00,  9.1501015548487e-01,              3095864
  4.6227297104592e+00,  0.0000000000000e+00,  9.8077165408186e-01,  1.6863645038594e-01,  3.9461587858828e-02,  1.1290062372051e-04, -1.8160520401715e-05, -1.5010633976581e-02,                 -nan,                 -nan, -6.3168113970965e-04, -9.2613294648760e-01,  1.3335298090000e+00,  8.9752198416985e-01,              3095864
  4.6210081417847e+00,  0.0000000000000e+00,  9.7933880225498e-01,  1.6880428201878e-01,  2.5488661920669e-02,  9.0736616646203e-05, -2.0710159732753e-04, -7.8732916941685e-03,                 -nan,                 -nan, -7.3400323141671e-03, -4.4127898324477e-01,  1.2944679420000e+00,  9.0513988986596e-01,              3095864
  4.6215116857351e+00,  0.0000000000000e+00,  9.7982640805905e-01,  1.6832489760989e-01,  4.3464036726663e-02,  1.1848792457400e-04,  2.9008821582663e-05, -1.4959790829004e-02,                 -nan,                 -nan,  5.6798155794182e-03, -9.7834785043118e-01,  1.3423947800000e+00,  9.0461919515844e-01,              3095864
  4.6217558822375e+00,  0.0000000000000e+00,  9.7904591833487e-01,  1.6868545909630e-01,  3.4126715612413e-02,  1.0499202440584e-04, -1.1622330380414e-04, -1.2541111278979e-02,                 -nan,                 -nan, -2.8018193567253e-03, -7.4231773028407e-01,  1.3692219110000e+00,  9.1632739681071e-01,              3095864
  4.6231670585054e+00,  0.0000000000000e+00,  9.7908887793138e-01,  1.6880007292492e-01,  2.5934749466944e-02,  9.1527182054102e-05, -1.8628018031433e-04, -8.6982632833572e-03,                 -nan,                 -nan, -6.7889720052305e-03, -4.5212829902770e-01,  1.3299229140000e+00,  8.9943938105808e-01,              3095864
  4.6262879510932e+00,  0.0000000000000e+00,  9.8077531140931e-01,  1.6873422647166e-01,  2.7340855524525e-02,  9.3975601245485e-05, -1.0002024073250e-04, -9.0001042006851e-03,                 -nan,                 -nan, -4.6233244732514e-03, -4.8133593738064e-01,  1.3669190430000e+00,  9.0704565833641e-01,              3095864
  4.6301133946009e+00,  0.0000000000000e+00,  9.8343600573203e-01,  1.6839424305879e-01,  4.0174080982719e-02,  1.1391529477684e-04,  1.0960659300254e-04, -1.4722898546113e-02,                 -nan,                 -nan,  3.0513908842124e-03, -8.9146158879730e-01,  1.2805839120000e+00,  9.0073175049033e-01,              3095864
  4.6325633688155e+00,  0.0000000000000e+00,  9.8521965894509e-01,  1.6844793901331e-01,  6.0596624058335e-02,  1.3990501350708e-04,  8.5323740856687e-05, -2.0886428507243e-02,                 -nan,                 -nan,  1.0631486882203e-02, -1.6172425533102e+00,  1.3349239970000e+00,  9.0147790729825e-01,              3095864
  4.6340412058058e+00,  0.0000000000000e+00,  9.8451722457734e-01,  1.6847532097996e-01,  4.5910790891766e-02,  1.2177733064967e-04,  1.7065181625808e-05, -1.1459042856234e-02,                 -nan,                 -nan,  4.1323049399102e-03, -1.1541655328423e+00,  1.3774529900000e+00,  9.0562150016926e-01,              3095864
  4.6352620365128e+00,  0.0000000000000e+00,  9.8305029592430e-01,  1.6861910386146e-01,  4.0999751890633e-02,  1.1507995337761e-04,  4.3742645414479e-05, -1.5387173242070e-02,                 -nan,                 -nan,  9.7740124933249e-04, -1.0197281197308e+00,  1.3265511140000e+00,  9.0329904672815e-01,              3095864
  4.6360104119039e+00,  0.0000000000000e+00,  9.8161910196475e-01,  1.6856816405366e-01,  6.3289866974385e-02,  1.4298028368212e-04,  5.8857129618374e-05, -2.4791233952204e-02,                 -nan,                 -nan,  6.3605914059877e-03, -1.9721242142784e+00,  1.3260524500000e+00,  9.0720651811578e-01,              3095864
  4.6362314158883e+00,  0.0000000000000e+00,  9.7906855285015e-01,  1.6875627173763e-01,  3.9820181882181e-02,  1.1341243700567e-04,  3.0918395957071e-06, -1.3957148189924e-02,                 -nan,                 -nan, -2.0733893022047e-03, -9.8541989148712e-01,  1.3313792580000e+00,  9.0618354036224e-01,              3095864
  4.6364684221160e+00,  0.0000000000000e+00,  9.7737472625519e-01,  1.6842619661005e-01,  4.3625773737748e-02,  1.1870817664095e-04,  3.1941172066054e-05, -1.5867071513502e-02,                 -nan,                 -nan,  4.1609487083317e-03, -1.0069633401159e+00,  1.3016556150000e+00,  9.1274810521392e-01,              3095864
  4.6364474145532e+00,  0.0000000000000e+00,  9.7498948123523e-01,  1.6853973403164e-01,  3.0629138835300e-02,  9.9466412923599e-05,  1.3843107138787e-04, -1.1434693007607e-02,                 -nan,                 -nan, -2.7063818714148e-03, -5.9317172997755e-01,  1.3588242040000e+00,  9.0623166909141e-01,              3095864
  4.6351323355100e+00,  0.0000000000000e+00,  9.7354811191793e-01,  1.6860804581784e-01,  4.7195274948272e-02,  1.2346911159093e-04, -1.2993752200689e-05, -1.6593083719413e-02,                 -nan,                 -nan,  6.0777551732848e-04, -1.3611354472471e+00,  1.3172992300000e+00,  9.0364434613407e-01,              3095864
  4.6341558847629e+00,  0.0000000000000e+00,  9.7226690773137e-01,  1.6868483626255e-01,  3.4920141104677e-02,  1.0620551224239e-04, -4.1030837444806e-05, -1.3542008250953e-02,                 -nan,                 -nan, -4.6435499317495e-03, -8.1697854446668e-01,  1.3585791690000e+00,  9.0123274148994e-01,              3095864
  4.6337440308581e+00,  0.0000000000000e+00,  9.7230360921138e-01,  1.6861463571190e-01,  3.3951982227615e-02,  1.0472289280639e-04, -7.6022695144777e-05, -9.7153538600155e-03,                 -nan,                 -nan, -3.3364900263680e-03, -7.2485056461126e-01,  1.3059687270000e+00,  9.0650106077011e-01,              3095864
  4.6341647558844e+00,  0.0000000000000e+00,  9.7320822401916e-01,  1.6874294046558e-01,  3.1357868016330e-02,  1.0064271102459e-04, -2.9567622562431e-05, -1.0530035877015e-02,                 -nan,                 -nan, -4.7784522066690e-03, -6.5655643020228e-01,  1.3378313820000e+00,  9.0050887248277e-01,              3095864
  4.6348848899834e+00,  0.0000000000000e+00,  9.7522579398974e-01,  1.6864960567392e-01,  3.5270179389720e-02,  1.0673648513507e-04,  1.0721867638406e-05, -1.1021540022766e-02,                 -nan,                 -nan, -2.9269130244546e-03, -7.7332377278072e-01,  1.4028100370000e+00,  8.9847357635865e-01,              3095864
  4.6354824794971e+00,  0.0000000000000e+00,  9.7782378422200e-01,  1.6883078919636e-01,  2.7882048240701e-02,  9.4901133593882e-05, -9.9506822647506e-05, -7.8087726545092e-03,                 -nan,                 -nan, -6.8114996668342e-03, -5.2719681971072e-01,  1.3271804910000e+00,  9.1092438169119e-01,              3095864
  4.6370345297858e+00,  0.0000000000000e+00,  9.8182737116672e-01,  1.6856318948834e-01,  4.8148076543959e-02,  1.2470921172823e-04,  6.0504416821051e-05, -1.4439959410395e-02,                 -nan,                 -nan,  3.6991230466353e-03, -1.2855373800430e+00,  1.3713602590000e+00,  9.0706859216038e-01,              3095864
  4.6379094790114e+00,  0.0000000000000e+00,  9.8471214316146e-01,  1.6847428810093e-01,  3.8870085529023e-02,  1.1205127718805e-04,  2.2381772087918e-05, -1.1516986305324e-02,                 -nan,                 -nan,  2.3666930321265e-03, -8.7690921708830e-01,  1.4289350930000e+00,  9.0678821808710e-01,              3095864
  4.6385343332151e+00,  0.0000000000000e+00,  9.8685545740544e-01,  1.6855336175647e-01,  6.9655368064985e-02,  1.4999830747961e-04,  2.4863422567113e-05, -2.0076167079179e-02,                 -nan,                 -nan,  7.9904493703678e-03, -2.4355018771476e+00,  1.3513772410000e+00,  9.0336817121166e-01,              3095864
  4.6389514493830e+00,  0.0000000000000e+00,  9.8718645684852e-01,  1.6858606004660e-01,  4.3496097821108e-02,  1.1853161761924e-04,  9.1336668978084e-05, -1.6206529737447e-02,                 -nan,                 -nan,  2.0510244605147e-03, -1.1092810589591e+00,  1.3546510670000e+00,  9.1534479550781e-01,              3095864
  4.6385084897079e+00,  0.0000000000000e+00,  9.8713147948725e-01,  1.6857735234725e-01,  4.1695874521462e-02,  1.1605279556205e-04,  9.2384314200024e-05, -1.3855807580721e-02,                 -nan,                 -nan,  3.5670255892982e-03, -9.7190295470336e-01,  1.3365264030000e+00,  9.0124340087291e-01,              3095864
  4.6372688378226e+00,  0.0000000000000e+00,  9.8635450143803e-01,  1.6865255890257e-01,  3.9923859547672e-02,  1.1355998395876e-04,  7.0050584711140e-05, -1.3893426552064e-02,                 -nan,                 -nan,  1.0857147306228e-03, -9.5546661672348e-01,  1.3074511950000e+00,  8.9451054697493e-01,              3095864
  4.6355311598141e+00,  0.0000000000000e+00,  9.8551096180626e-01,  1.6869718652613e-01,  3.1392063577392e-02,  1.0069757119935e-04,  5.1533724000879e-05, -1.1800769893253e-02,                 -nan,                 -nan, -3.7839045493685e-03, -6.5523523441947e-01,  1.5557396540000e+00,  9.0085061876103e-01,              3095864
  4.6335164832724e+00,  0.0000000000000e+00,  9.8572343361665e-01,  1.6871743504116e-01,  3.4057470064537e-02,  1.0488545215266e-04, -8.4386985399097e-05, -1.1162331163987e-02,                 -nan,                 -nan, -1.5783130871577e-03, -7.0264808780668e-01,  1.3669391170000e+00,  9.1222805652962e-01,              3095864
  4.6325893006333e+00,  0.0000000000000e+00,  9.8637127858754e-01,  1.6901985242126e-01,  3.0572107244593e-02,  9.9373766328084e-05, -1.0032308048474e-04, -1.1369610371147e-02,                 -nan,                 -nan, -6.1995554296693e-03, -6.3852845005414e-01,  1.3461073800000e+00,  8.9853365651721e-01,              3095864
  4.6327997829221e+00,  0.0000000000000e+00,  9.8849550319094e-01,  1.6879995892341e-01,  3.1431906323299e-02,  1.0076145351650e-04, -8.7498400491080e-05, -7.6576612584372e-03,                 -nan,                 -nan, -2.1925833617452e-03, -6.1206546781234e-01,  1.3739214460000e+00,  9.0392472020735e-01,              3095864
  4.6338900822580e+00,  0.0000000000000e+00,  9.9099977371478e-01,  1.6874085771477e-01,  3.7245716186852e-02,  1.0968499701821e-04, -2.1340164703089e-05, -1.2084906769252e-02,                 -nan,                 -nan,  1.9938704799795e-04, -8.1172246318233e-01,  1.3736642720000e+00,  9.0206094324557e-01,              3095864
  4.6351424482457e+00,  0.0000000000000e+00,  9.9330442561417e-01,  1.6868100164797e-01,  4.7392356628554e-02,  1.2372663895439e-04,  1.3647109320411e-05, -1.6602122823211e-02,                 -nan,                 -nan,  3.9614662267069e-03, -1.2591081081948e+00,  1.3458735810000e+00,  9.0858997682069e-01,              3095864
  4.6362177159132e+00,  0.0000000000000e+00,  9.9459022435318e-01,  1.6880969506632e-01,  3.2633033895581e-02,  1.0266863522948e-04, -2.7903523593524e-05, -8.7400289311124e-03,                 -nan,                 -nan, -7.6463053349042e-04, -6.3297621098435e-01,  1.2885255350000e+00,  9.0633147967740e-01,              3095864
  4.6375053288955e+00,  0.0000000000000e+00,  9.9600474718538e-01,  1.6859124842215e-01,  4.7334227411567e-02,  1.2365073705912e-04, -1.9768065285721e-05, -1.1039516620359e-02,                 -nan,                 -nan,  6.4399117229826e-03, -1.1829924957394e+00,  1.2824959960000e+00,  9.1544977427949e-01,              3095864
  4.6389153605970e+00,  0.0000000000000e+00,  9.9589101846554e-01,  1.6844851517101e-01,  5.8532576542263e-02,  1.3750164181973e-04,  1.2217243838917e-04, -2.1252429494337e-02,                 -nan,                 -nan,  1.3202738583724e-02, -1.4855597452642e+00,  1.4893831980000e+00,  9.0647231273725e-01,              3095864
  4.6390806095803e+00,  0.0000000000000e+00,  9.9284643004984e-01,  1.6875068971688e-01,  3.3791179296065e-02,  1.0447460487938e-04,  9.7709338089712e-05, -1.2679613529832e-02,                 -nan,                 -nan, -4.8086764796252e-04, -6.9048508205015e-01,  1.3283512590000e+00,  9.1264926366274e-01,              3095864
  4.6383247094749e+00,  0.0000000000000e+00,  9.9029929749138e-01,  1.6846878562514e-01,  4.1378565612058e-02,  1.1561036673936e-04,  6.5131558431829e-05, -1.2488529353820e-02,                 -nan,                 -nan,  4.4001201321523e-03, -9.1497828133156e-01,  1.2293685620000e+00,  9.0129152960208e-01,              3095864
  4.6370604978901e+00,  0.0000000000000e+00,  9.8707377946300e-01,  1.6871911338247e-01,  3.6249715524305e-02,  1.0820849688510e-04,  4.1275764142550e-05, -1.2713784874304e-02,                 -nan,                 -nan, -4.6393950155983e-04, -7.7343948644952e-01,  1.1544904560000e+00,  9.1412381164030e-01,              3095864
  4.6355755752564e+00,  0.0000000000000e+00,  9.8436972647888e-01,  1.6853490227905e-01,  3.7876586614797e-02,  1.1061002233280e-04,  7.7749840074130e-05, -1.3259503430404e-02,                 -nan,                 -nan, -1.4260326593491e-05, -8.7818702833108e-01,  1.2000927130000e+00,  9.1961080977717e-01,              3095864
  4.6335327662561e+00,  0.0000000000000e+00,  9.8204141137568e-01,  1.6842902477700e-01,  4.0606959757359e-02,  1.1452737337393e-04,  1.1720696028625e-04, -1.5705829162839e-02,                 -nan,                 -nan,  2.0238276840255e-03, -9.4889462763159e-01,  1.1902681690000e+00,  9.0455426982581e-01,              3095864
  4.6306086875456e+00,  0.0000000000000e+00,  9.7957706630809e-01,  1.6856181603704e-01,  4.3315569345382e-02,  1.1828538194854e-04, -1.4579614495805e-05, -8.3316738644388e-03,                 -nan,                 -nan, -5.3612056945598e-04, -1.1818328110340e+00,  1.3623261960000e+00,  9.1434701265947e-01,              3095864
  4.6281610179928e+00,  0.0000000000000e+00,  9.7762472252267e-01,  1.6859602292374e-01,  4.5268913134573e-02,  1.2092305113373e-04, -1.1693165667532e-04, -4.6364286165341e-03,                 -nan,                 -nan,  4.9367726397584e-04, -1.2785474627449e+00,  1.3610257580000e+00,  8.9775390650235e-01,              3095864
  4.6276516955269e+00,  0.0000000000000e+00,  9.7676271101789e-01,  1.6854023056685e-01,  4.0291500862237e-02,  1.1408164781355e-04, -3.3405697496234e-05, -1.3034399257418e-02,                 -nan,                 -nan,  1.4760772162276e-03, -8.9780499655908e-01,  1.4290937370000e+00,  9.1343935004897e-01,              3095864
  4.6273913749151e+00,  0.0000000000000e+00,  9.7586423827547e-01,  1.6872777007994e-01,  3.0418762082551e-02,  9.9124230979584e-05, -1.1470591275917e-04, -8.4288420656134e-03,                 -nan,                 -nan, -4.3028549399590e-03, -5.9537068915930e-01,  1.3027752850000e+00,  9.0028631748681e-01,              3095864
  4.6277481526446e+00,  0.0000000000000e+00,  9.7560212799839e-01,  1.6836749232963e-01,  3.4555966776496e-02,  1.0565026406197e-04, -5.3123493458546e-05, -1.0212431048692e-02,                 -nan,                 -nan, -6.3395345452245e-04, -7.3114085759338e-01,  1.4084607070000e+00,  9.0607274738167e-01,              3095864
  4.6283590837132e+00,  0.0000000000000e+00,  9.7548490564509e-01,  1.6867770619503e-01,  3.3650102429672e-02,  1.0425628805803e-04, -4.6720912299335e-05, -1.0594856497525e-02,                 -nan,                 -nan, -3.0697623779179e-03, -7.2201411002209e-01,  1.3589323190000e+00,  8.9502348940393e-01,              3095864
  4.6291682102313e+00,  0.0000000000000e+00,  9.7578755529223e-01,  1.6876913190861e-01,  2.6088735122357e-02,  9.1798497855310e-05, -9.9326937488842e-05, -8.5265210752226e-03,                 -nan,                 -nan, -8.2391037964120e-03, -4.8894846081511e-01,  1.3778919720000e+00,  9.0239558326852e-01,              3095864
  4.6304123463754e+00,  0.0000000000000e+00,  9.7706760813163e-01,  1.6856870792855e-01,  4.0824742851005e-02,  1.1483407908189e-04, -4.6224923073344e-05, -1.0320398804440e-02,                 -nan,                 -nan,  8.2634030004922e-05, -9.9336274830292e-01,  1.3461649490000e+00,  9.1092502771440e-01,              3095864
  4.6317888527906e+00,  0.0000000000000e+00,  9.7826985628107e-01,  1.6869224074023e-01,  3.6748690066613e-02,  1.0895069236117e-04,  1.9889175485266e-06, -1.3174510402515e-02,                 -nan,                 -nan, -3.1374468476067e-03, -9.1184213389918e-01,  1.5525659640000e+00,  9.0311912926408e-01,              3095864
  4.6330516750838e+00,  0.0000000000000e+00,  9.7977988117681e-01,  1.6857256144964e-01,  4.9037893215126e-02,  1.2585630139619e-04,  4.0302989102146e-05, -1.7316497654616e-02,                 -nan,                 -nan,  4.3528855936934e-03, -1.2446096245294e+00,  1.5364748310000e+00,  9.0835482437213e-01,              3095864
  4.6340311970797e+00,  0.0000000000000e+00,  9.8069544083682e-01,  1.6860847557560e-01,  3.7301203428443e-02,  1.0976666886563e-04, -2.6166735398609e-05, -1.1002376761557e-02,                 -nan,                 -nan, -9.6571331709660e-04, -8.2819675372555e-01,  1.3270699070000e+00,  9.1021407917144e-01,              3095864
  4.6350716085851e+00,  0.0000000000000e+00,  9.8168444587600e-01,  1.6858957132423e-01,  4.2661283694218e-02,  1.1738862689501e-04,  4.4446701206196e-05, -1.4543306413919e-02,                 -nan,                 -nan,  1.7757747788017e-03, -1.0325813687416e+00,  1.3402237100000e+00,  9.1104034285744e-01,              3095864
  4.6358228993830e+00,  0.0000000000000e+00,  9.8242510918103e-01,  1.6821018190465e-01,  3.9134950437580e-02,  1.1243239372502e-04,  9.9414437847799e-05, -1.2395133415180e-02,                 -nan,                 -nan,  4.3484626244064e-03, -8.3434684274005e-01,  1.2965780730000e+00,  8.9903916967929e-01,              3095864
  4.6360332572142e+00,  0.0000000000000e+00,  9.8262312742401e-01,  1.6862248085671e-01,  3.4608388888598e-02,  1.0573037050413e-04,  6.4225624144353e-05, -1.2461097483961e-02,                 -nan,                 -nan, -1.5916366696726e-03, -7.3316644475951e-01,  1.2429377370000e+00,  8.9956309450286e-01,              3095864
  4.6359325560157e+00,  0.0000000000000e+00,  9.8303516611512e-01,  1.6875379352627e-01,  3.1532386104286e-02,  1.0092237933234e-04, -1.9896780932514e-05, -1.0359729029126e-02,                 -nan,                 -nan, -2.5618549774730e-03, -6.2269569536147e-01,  1.3441867950000e+00,  9.0565573939941e-01,              3095864
  4.6359674105183e+00,  0.0000000000000e+00,  9.8374930596096e-01,  1.6861859009439e-01,  3.6022666574414e-02,  1.0786908432159e-04, -3.6599027055171e-05, -1.0166616030983e-02,                 -nan,                 -nan,  1.8813278498641e-04, -7.6533619297465e-01,  1.2877108140000e+00,  9.0964041056067e-01,              3095864
  4.6362076603721e+00,  0.0000000000000e+00,  9.8441581680201e-01,  1.6863880714647e-01,  3.7525355168296e-02,  1.1009598179382e-04,  6.4337310141852e-05, -1.2249325012923e-02,                 -nan,                 -nan,  2.6358332459511e-04, -8.3455806175856e-01,  1.3321172010000e+00,  9.0801630820992e-01,              3095864
  4.6361321500835e+00,  0.0000000000000e+00,  9.8503456030882e-01,  1.6863832052918e-01,  3.5993501126526e-02,  1.0782540783248e-04,  8.6051421588715e-05, -1.1536341470401e-02,                 -nan,                 -nan, -8.6040071427161e-04, -8.1333025258890e-01,  1.3740298170000e+00,  9.0548422023706e-01,              3095864
  4.6356614237111e+00,  0.0000000000000e+00,  9.8574353822967e-01,  1.6860125546541e-01,  4.4136358077083e-02,  1.1940082021677e-04,  6.6071762890144e-05, -1.6213509792233e-02,                 -nan,                 -nan,  3.2711258617026e-03, -1.0690073833924e+00,  1.2893843400000e+00,  9.1647824323032e-01,              3095864
  4.6349465270172e+00,  0.0000000000000e+00,  9.8605422428195e-01,  1.6864230011138e-01,  3.7456407373808e-02,  1.0999479201024e-04, -2.7406387895852e-05, -1.0274476960810e-02,                 -nan,                 -nan, -5.4982646715944e-04, -8.8158636754942e-01,  1.3429614940000e+00,  9.1443325675805e-01,              3095864
  4.6344661063017e+00,  0.0000000000000e+00,  9.8645281336275e-01,  1.6852334006479e-01,  4.9246762929229e-02,  1.2612404981902e-04,  4.9692422682485e-05, -1.5615424186871e-02,                 -nan,                 -nan,  5.3646557589150e-03, -1.2873495950777e+00,  1.3851336410000e+00,  9.0191009682596e-01,              3095864
  4.6338228418379e+00,  0.0000000000000e+00,  9.8624560138576e-01,  1.6843749587464e-01,  3.4876858848221e-02,  1.0613967288218e-04,  7.1520560250672e-05, -1.1488104723410e-02,                 -nan,                 -nan,  1.2842873896078e-03, -7.0156422564222e-01,  1.4075613370000e+00,  9.0387013124608e-01,              3095864
  4.6329126813485e+00,  0.0000000000000e+00,  9.8594695283111e-01,  1.6859300889935e-01,  3.2736958649135e-02,  1.0283198705337e-04,  3.5873266204336e-05, -1.2025474151794e-02,                 -nan,                 -nan, -1.7371010556472e-03, -7.0551095522968e-01,  1.5405968700000e+00,  9.0539539204565e-01,              3095864
  4.6319425700437e+00,  0.0000000000000e+00,  9.8592891012767e-01,  1.6874470318321e-01,  3.2821413545875e-02,  1.0296454473800e-04, -1.8379582152749e-05, -1.0458543333914e-02,                 -nan,                 -nan, -2.0469972224106e-03, -6.6303756343772e-01,  1.3635204220000e+00,  9.0929963331723e-01,              3095864
  4.6311877185843e+00,  0.0000000000000e+00,  9.8619843647545e-01,  1.6837097766428e-01,  5.2541613807463e-02,  1.3027490554092e-04,  6.8688223017394e-05, -1.5135439841017e-02,                 -nan,                 -nan,  7.7989896051293e-03, -1.3927237309333e+00,  1.3489392500000e+00,  9.0786836889476e-01,              3095864
  4.6301997897858e+00,  0.0000000000000e+00,  9.8558807652511e-01,  1.6848491362117e-01,  4.5324120660886e-02,  1.2099676428393e-04,  3.6051962748923e-05, -1.4447146716306e-02,                 -nan,                 -nan,  2.2159084035709e-03, -1.2724596384048e+00,  1.3258712440000e+00,  9.2103496794433e-01,              3095864
  4.6291645052883e+00,  0.0000000000000e+00,  9.8484853552750e-01,  1.6856046327800e-01,  4.9791678490106e-02,  1.2681991165723e-04,  2.1542120133083e-05, -1.7727754337161e-02,                 -nan,                 -nan,  4.6023159685702e-03, -1.3064441757088e+00,  1.3919374250000e+00,  9.0896208618983e-01,              3095864
  4.6281679654011e+00,  0.0000000000000e+00,  9.8370805270086e-01,  1.6858305890752e-01,  3.7735861550087e-02,  1.1040435322679e-04, -6.7843998863669e-05, -1.0142319980595e-02,                 -nan,                 -nan,  1.1226511621724e-04, -8.2444357928263e-01,  1.4522857180000e+00,  9.0340273345341e-01,              3095864
  4.6276389814935e+00,  0.0000000000000e+00,  9.8271685345013e-01,  1.6872757796397e-01,  3.0584166900972e-02,  9.9393364180881e-05, -1.0936328285106e-04, -8.0146231987347e-03,                 -nan,                 -nan, -3.3089855535717e-03, -5.9279398595376e-01,  1.3121342160000e+00,  9.0678886411031e-01,              3095864
  4.6277356876107e+00,  0.0000000000000e+00,  9.8225828516807e-01,  1.6875983978621e-01,  3.3708341994495e-02,  1.0434646929799e-04, -7.8456269064883e-05, -8.3727134314023e-03,                 -nan,                 -nan, -3.3515524173586e-03, -7.2737386942220e-01,  1.3575109430000e+00,  9.0597293679567e-01,              3095864
  4.6282405422688e+00,  0.0000000000000e+00,  9.8229270232538e-01,  1.6852010558712e-01,  4.3096872772472e-02,  1.1798639773997e-04, -1.9151780758524e-05, -1.3312888686167e-02,                 -nan,                 -nan,  2.2958840229475e-03, -1.0786004612736e+00,  1.3484006500000e+00,  9.0903508681260e-01,              3095864
  4.6288258411461e+00,  0.0000000000000e+00,  9.8211206212243e-01,  1.6843094244445e-01,  5.2642146620913e-02,  1.3039947959689e-04, -1.3658358458679e-06, -1.6939310861352e-02,                 -nan,                 -nan,  5.2149721898954e-03, -1.4286133183035e+00,  1.3591731360000e+00,  9.0527846184458e-01,              3095864
  4.6294028438539e+00,  0.0000000000000e+00,  9.8140708873150e-01,  1.6862424277429e-01,  3.3220731941549e-02,  1.0358900496221e-04, -2.1976232328083e-05, -9.0308542916055e-03,                 -nan,                 -nan, -1.0100280100825e-03, -6.6159350017632e-01,  1.2877381370000e+00,  9.0913845052625e-01,              3095864
  4.6300567991649e+00,  0.0000000000000e+00,  9.8093382763092e-01,  1.6862782862072e-01,  3.5156313801718e-02,  1.0656405281630e-04, -8.3034882683077e-05, -1.0751255386392e-02,                 -nan,                 -nan, -3.1051270557100e-04, -7.2415265568372e-01,  1.3449232430000e+00,  9.0745459102855e-01,              3095864
  4.6310937856157e+00,  0.0000000000000e+00,  9.8058872728660e-01,  1.6838778335258e-01,  5.1268092579827e-02,  1.2868639740761e-04,  8.6889945464635e-05, -1.5391011783459e-02,                 -nan,                 -nan,  6.3686150184713e-03, -1.3812800940125e+00,  1.3713317680000e+00,  9.0895917908539e-01,              3095864
  4.6316258604937e+00,  0.0000000000000e+00,  9.7959298116970e-01,  1.6867987219262e-01,  3.2919079826052e-02,  1.0311762611229e-04, -4.4860825496579e-05, -1.0030446368004e-02,                 -nan,                 -nan, -2.6845716238269e-03, -7.0119893433248e-01,  1.3760530370000e+00,  9.1099932038358e-01,              3095864
  4.6323581976962e+00,  0.0000000000000e+00,  9.7906280182211e-01,  1.6870772404395e-01,  2.6176142730252e-02,  9.1952149948878e-05, -9.7567530834953e-05, -7.2486637748647e-03,                 -nan,                 -nan, -6.6843760557610e-03, -4.8344242051752e-01,  1.3848985090000e+00,  9.0294437998568e-01,              3095864
  4.6335312014810e+00,  0.0000000000000e+00,  9.7942168798425e-01,  1.6867002733483e-01,  3.4023840854581e-02,  1.0483365608515e-04, -2.8662430362373e-05, -1.0512539221772e-02,                 -nan,                 -nan, -2.3639347919933e-03, -7.1160505879267e-01,  1.2971912400000e+00,  8.9675095546833e-01,              3095864
  4.6347600352313e+00,  0.0000000000000e+00,  9.8007325084492e-01,  1.6855093818081e-01,  3.5347149165232e-02,  1.0685288667006e-04,  9.7044190201232e-05, -1.2120762513822e-02,                 -nan,                 -nan,  5.0911544126424e-04, -7.2630223634007e-01,  1.2663522200000e+00,  9.1138661129817e-01,              3095864
  4.6354039733281e+00,  0.0000000000000e+00,  9.8064250179344e-01,  1.6840975895949e-01,  4.6245838883338e-02,  1.2222087648893e-04,  1.3451918106192e-04, -1.3635614972942e-02,                 -nan,                 -nan,  5.0607197505374e-03, -1.1056592522128e+00,  1.3473194740000e+00,  9.0723494313704e-01,              3095864
  4.6353344813879e+00,  0.0000000000000e+00,  9.8061010490198e-01,  1.6888893347203e-01,  3.0264281558040e-02,  9.8872211288640e-05, -9.8404297198424e-05, -8.7821786506919e-03,                 -nan,                 -nan, -6.1712888913623e-03, -6.6095238037683e-01,  1.3676898830000e+00,  9.1145412072365e-01,              3095864
  4.6357944749806e+00,  0.0000000000000e+00,  9.8136639107489e-01,  1.6849220984855e-01,  4.3185229655477e-02,  1.1810728322275e-04,  5.2838054502575e-05, -1.5056649105989e-02,                 -nan,                 -nan,  2.7711385733958e-03, -1.0371676888534e+00,  1.3524747850000e+00,  8.9840251380552e-01,              3095864
  4.6359782712866e+00,  0.0000000000000e+00,  9.8177520624651e-01,  1.6856101651782e-01,  5.5832735809705e-02,  1.3429304380503e-04,  1.2812457037158e-04, -1.9556856954571e-02,                 -nan,                 -nan,  5.5731609835202e-03, -1.5907149092768e+00,  1.3237699380000e+00,  9.0708377370582e-01,              3095864
  4.6355416325479e+00,  0.0000000000000e+00,  9.8156556010661e-01,  1.6851668765397e-01,  4.2148515759777e-02,  1.1668101701098e-04,  4.2972263419062e-05, -1.5592783524402e-02,                 -nan,                 -nan,  2.7044906559855e-03, -9.8632014396468e-01,  1.3625084760000e+00,  9.1021181809020e-01,              3095864
  4.6349692760565e+00,  0.0000000000000e+00,  9.8110922900453e-01,  1.6835029137012e-01,  5.2584849298483e-02,  1.3032849488523e-04,  6.3003658345594e-05, -1.4356848403568e-02,                 -nan,                 -nan,  7.1849065748644e-03, -1.3483675317981e+00,  1.3326418340000e+00,  9.0580787786544e-01,              3095864
  4.6341694208209e+00,  0.0000000000000e+00,  9.7991145110471e-01,  1.6849531597896e-01,  5.3751085138100e-02,  1.3176579332133e-04,  9.9425078138332e-05, -1.6345294396639e-02,                 -nan,                 -nan,  2.8860734407398e-03, -1.7464011830255e+00,  1.3183725520000e+00,  9.1044277138789e-01,              3095864
  4.6329842358147e+00,  0.0000000000000e+00,  9.7858913599156e-01,  1.6850409579585e-01,  3.4738970958112e-02,  1.0592965010241e-04,  8.0958445973168e-05, -1.1535149597789e-02,                 -nan,                 -nan, -2.2054557793602e-03, -7.5719706362573e-01,  1.3301581660000e+00,  8.9805915246923e-01,              3095864
  4.6315336318614e+00,  0.0000000000000e+00,  9.7771119537359e-01,  1.6878396539766e-01,  2.6948027898156e-02,  9.3298047928697e-05, -7.1118685167654e-06, -1.0143856259998e-02,                 -nan,                 -nan, -7.3288901540793e-03, -5.1211364849270e-01,  1.3337218360000e+00,  9.0702014041960e-01,              3095864
  4.6302892054586e+00,  0.0000000000000e+00,  9.7783930083484e-01,  1.6826008357610e-01,  7.4678675347421e-02,  1.5531284169464e-04, -2.3536692186460e-05, -1.4509498892253e-02,                 -nan,                 -nan,  9.8991551205975e-03, -2.6696836523386e+00,  1.3508319780000e+00,  8.9728101751240e-01,              3095864
  4.6293256148375e+00,  0.0000000000000e+00,  9.7691993415744e-01,  1.6884179071526e-01,  3.2946020643977e-02,  1.0315981296938e-04, -1.6205963896784e-04, -1.0807567055177e-02,                 -nan,                 -nan, -3.3641114153295e-03, -6.7685321161548e-01,  1.3416991540000e+00,  8.9706007757447e-01,              3095864
  4.6293136217790e+00,  0.0000000000000e+00,  9.7653958828306e-01,  1.6853518163448e-01,  5.5882726833306e-02,  1.3435315141520e-04, -3.2262588334462e-05, -1.5166673209559e-02,                 -nan,                 -nan,  2.7294573321608e-03, -1.7745365236675e+00,  1.3508738730000e+00,  8.9870388363313e-01,              3095864
  4.6295063155904e+00,  0.0000000000000e+00,  9.7597426457971e-01,  1.6869564648947e-01,  3.0647656133019e-02,  9.9496475324241e-05, -1.0211258154426e-04, -9.0574547471195e-03,                 -nan,                 -nan, -3.5784124658264e-03, -5.8047144941814e-01,  1.2448490600000e+00,  9.0781474896830e-01,              3095864
  4.6302245041633e+00,  0.0000000000000e+00,  9.7593327835665e-01,  1.6865739193281e-01,  2.9605974221475e-02,  9.7790967147444e-05, -9.0418473428548e-05, -9.2096412826222e-03,                 -nan,                 -nan, -4.1778198844574e-03, -5.5742348232976e-01,  1.3186920470000e+00,  9.0310330169542e-01,              3095864
  4.6313566244255e+00,  0.0000000000000e+00,  9.7643559890107e-01,  1.6867906194033e-01,  3.0779470676342e-02,  9.9710211258274e-05,  8.9642308510329e-06, -1.0754365384504e-02,                 -nan,                 -nan, -4.0643544311203e-03, -6.1804774324651e-01,  1.3710958690000e+00,  8.9875491946675e-01,              3095864
  4.6323580186277e+00,  0.0000000000000e+00,  9.7741706841459e-01,  1.6857890348629e-01,  2.8475956958536e-02,  9.5906540786699e-05,  1.2955271575091e-05, -8.7573703690987e-03,                 -nan,                 -nan, -4.3152458482982e-03, -5.3671347097058e-01,  1.3162768490000e+00,  9.0788581152144e-01,              3095864
  4.6332161087212e+00,  0.0000000000000e+00,  9.7885535797225e-01,  1.6855473586231e-01,  3.7326584619513e-02,  1.0980400727262e-04,  5.7540374839924e-05, -1.2099489920235e-02,                 -nan,                 -nan,  1.0765936392787e-03, -8.1395461073534e-01,  1.2917582240000e+00,  9.0907772434448e-01,              3095864
  4.6337252003236e+00,  0.0000000000000e+00,  9.8006973709972e-01,  1.6856368176463e-01,  3.6786853683666e-02,  1.0900725047987e-04, -1.2108566896080e-05, -1.1383139338867e-02,                 -nan,                 -nan, -2.3104610206865e-04, -8.3120312763764e-01,  1.3442426070000e+00,  9.1212146269991e-01,              3095864
  4.6342749824452e+00,  0.0000000000000e+00,  9.8124195118577e-01,  1.6877753603122e-01,  2.3464580537216e-02,  8.7059358048141e-05, -5.3959670613846e-05, -6.8817698556570e-03,                 -nan,                 -nan, -7.9301030148923e-03, -3.8691210308643e-01,  1.9986147810000e+00,  9.1073251279772e-01,              3095864
  4.6350644930423e+00,  0.0000000000000e+00,  9.8327936898618e-01,  1.6841163118906e-01,  6.4572594679398e-02,  1.4442194243535e-04,  4.6547501310842e-05, -1.9481640789036e-02,                 -nan,                 -nan,  8.5155056062797e-03, -2.2548995025900e+00,  1.6276081130000e+00,  9.0324510379009e-01,              3095864
  4.6355866651367e+00,  0.0000000000000e+00,  9.8421761642758e-01,  1.6877588981261e-01,  3.5000933202126e-02,  1.0632830110441e-04, -3.9643323794685e-05, -1.1135072222091e-02,                 -nan,                 -nan, -3.1830150904561e-03, -8.4577718835937e-01,  1.9613646380000e+00,  9.0299250871485e-01,              3095864
  4.6362891581545e+00,  0.0000000000000e+00,  9.8549884485180e-01,  1.6853791329551e-01,  4.7039104753980e-02,  1.2326466132642e-04,  8.1468526883828e-05, -1.6462718789983e-02,                 -nan,                 -nan,  4.3664193987986e-03, -1.1806279323413e+00,  1.3299868800000e+00,  9.0681470503872e-01,              3095864
  4.6365453781055e+00,  0.0000000000000e+00,  9.8619515764008e-01,  1.6867737056060e-01,  3.7088543953648e-02,  1.0945332391275e-04, -8.0468708842172e-06, -9.9718225936748e-03,                 -nan,                 -nan,  1.6856815941449e-03, -7.6826119915237e-01,  1.4056256990000e+00,  9.1139888573917e-01,              3095864
  4.6368431873833e+00,  0.0000000000000e+00,  9.8666459770351e-01,  1.6848365391574e-01,  4.0573375288326e-02,  1.1448000296419e-04,  6.4307708895221e-05, -1.3329386926510e-02,                 -nan,                 -nan,  2.4329218036702e-03, -9.3801575443456e-01,  1.8073389810000e+00,  9.0039032722368e-01,              3095864
  4.6368147448150e+00,  0.0000000000000e+00,  9.8684924150063e-01,  1.6845457589768e-01,  4.3646638167905e-02,  1.1873655988993e-04,  9.7336619390111e-05, -1.5387107187457e-02,                 -nan,                 -nan,  3.8477394869028e-03, -1.0362329587401e+00,  1.4311418770000e+00,  9.0882189915319e-01,              3095864
  4.6363276511016e+00,  0.0000000000000e+00,  9.8661155744250e-01,  1.6848280493823e-01,  5.6298627967687e-02,  1.3485217902652e-04,  3.3704069197014e-05, -1.6315028598693e-02,                 -nan,                 -nan,  7.5900940109230e-03, -1.5593844099740e+00,  1.6278733360000e+00,  9.0610666360021e-01,              3095864
  4.6357573112795e+00,  0.0000000000000e+00,  9.8557204829423e-01,  1.6859678366412e-01,  5.0298833674116e-02,  1.2746414006614e-04,  9.8457266540139e-06, -1.6095897309477e-02,                 -nan,                 -nan,  3.4969123406433e-03, -1.4438877513166e+00,  1.6505107050000e+00,  9.1637681758630e-01,              3095864
  4.6352343206355e+00,  0.0000000000000e+00,  9.8429931028031e-01,  1.6854296364210e-01,  3.8208033662299e-02,  1.1109292634233e-04,  8.2325919314610e-05, -1.2951766824165e-02,                 -nan,                 -nan,  2.0088457084006e-03, -8.1215271617700e-01,  1.3731515080000e+00,  9.0257969988346e-01,              3095864
  4.6343721084266e+00,  0.0000000000000e+00,  9.8295842943427e-01,  1.6878017272412e-01,  3.3443587857237e-02,  1.0393587925306e-04, -5.6435323861484e-06, -1.1318448126858e-02,                 -nan,                 -nan, -2.6292224133850e-03, -6.9843245575127e-01,  1.3096116440000e+00,  8.9732107095144e-01,              3095864
  4.6336538504487e+00,  0.0000000000000e+00,  9.8211277258112e-01,  1.6840359301180e-01,  6.9949967481292e-02,  1.5031517314326e-04,  1.3134259529888e-04, -2.8761828668297e-02,                 -nan,                 -nan,  7.9157110722289e-03, -2.4656337679866e+00,  1.4194029530000e+00,  9.0571226643031e-01,              3095864
  4.6324034953320e+00,  0.0000000000000e+00,  9.8054079570663e-01,  1.6865520003604e-01,  2.8996364047179e-02,  9.6778934147419e-05, -2.4227162682640e-05, -8.3745395747618e-03,                 -nan,                 -nan, -3.9322862739092e-03, -5.4598089229785e-01,  1.3908453750000e+00,  9.0612119912244e-01,              3095864
  4.6314241370381e+00,  0.0000000000000e+00,  9.7963629677011e-01,  1.6880758850927e-01,  3.5506067899963e-02,  1.0709281948534e-04, -5.6179204487397e-05, -1.3410578931171e-02,                 -nan,                 -nan, -2.8684116147639e-03, -8.0957837387053e-01,  2.0944195970000e+00,  9.0415664253985e-01,              3095864
  4.6308673155650e+00,  0.0000000000000e+00,  9.7921952272857e-01,  1.6870923283753e-01,  3.0320456253710e-02,  9.8963929003062e-05,  1.8128629857865e-05, -1.0332950448353e-02,                 -nan,                 -nan, -3.2058021591837e-03, -5.8328056411265e-01,  1.8885376620000e+00,  9.0588475462746e-01,              3095864
  4.6302987079103e+00,  0.0000000000000e+00,  9.7926935690816e-01,  1.6861710133018e-01,  3.7411339488477e-02,  1.0992859873297e-04, -3.4040075677085e-05, -1.2633094797707e-02,                 -nan,                 -nan,  2.3239535743139e-05, -8.4550601600757e-01,  2.8624599230000e+00,  9.0996891336312e-01,              3095864
  4.6299955585191e+00,  0.0000000000000e+00,  9.7936284094146e-01,  1.6866037944244e-01,  3.2084355829301e-02,  1.0180186283648e-04, -7.5418923237115e-05, -1.0493023339404e-02,                 -nan,                 -nan, -3.1786561245700e-03, -6.4360670070434e-01,  1.8575392780000e+00,  9.0678046580858e-01,              3095864
  4.6301404682047e+00,  0.0000000000000e+00,  9.7987299707454e-01,  1.6837163498571e-01,  3.8348105292815e-02,  1.1129637480850e-04, -2.3011409743514e-05, -1.0914758859644e-02,                 -nan,                 -nan,  2.1711071382797e-03, -8.2366797261138e-01,  1.5829607610000e+00,  9.1273679980774e-01,              3095864
  4.6304185729175e+00,  0.0000000000000e+00,  9.8011821894033e-01,  1.6865341502846e-01,  4.4673190851021e-02,  1.2012476465929e-04, -2.9140349035308e-05, -1.3928452000735e-02,                 -nan,                 -nan,  1.3427054062161e-04, -1.3037658169698e+00,  1.3922744010000e+00,  9.0594483478602e-01,              3095864
  4.6308563593947e+00,  0.0000000000000e+00,  9.8040217937047e-01,  1.6863142970091e-01,  3.0374566287402e-02,  9.9052195394960e-05, -5.5744114288681e-06, -1.0295626080294e-02,                 -nan,                 -nan, -3.4112104775810e-03, -5.9182951869179e-01,  1.9561823410000e+00,  9.1966087657597e-01,              3095864
  4.6313063520980e+00,  0.0000000000000e+00,  9.8110982872555e-01,  1.6854622862629e-01,  3.6491994798994e-02,  1.0856950684031e-04,  3.7343647566280e-05, -1.1719819392023e-02,                 -nan,                 -nan,  6.3648224184200e-04, -7.8739175118884e-01,  1.8663936450000e+00,  9.0210487282387e-01,              3095864
  4.6315480596342e+00,  0.0000000000000e+00,  9.8171759828446e-01,  1.6865865960572e-01,  3.6697368861101e-02,  1.0887458849983e-04, -3.5762444309790e-05, -1.0608703154223e-02,                 -nan,                 -nan, -1.0622782682952e-03, -8.0431702186026e-01,  1.8105142920000e+00,  9.0605465873178e-01,              3095864
  4.6319792840675e+00,  0.0000000000000e+00,  9.8244381847877e-01,  1.6867649201607e-01,  3.8834706636772e-02,  1.1200027199386e-04, -5.3535281209540e-06, -1.2823289398633e-02,                 -nan,                 -nan, -2.0900562573145e-04, -9.1119910483497e-01,  1.3937642040000e+00,  9.0504363240763e-01,              3095864
  4.6324289178509e+00,  0.0000000000000e+00,  9.8317915195247e-01,  1.6834326758622e-01,  4.8956408974051e-02,  1.2575169281415e-04,  1.2652265316568e-04, -1.7976581662130e-02,                 -nan,                 -nan,  6.1255703818209e-03, -1.2701366425983e+00,  1.3462128550000e+00,  8.9857435597946e-01,              3095864
  4.6322219568873e+00,  0.0000000000000e+00,  9.8316997128467e-01,  1.6852279231142e-01,  4.3162361061309e-02,  1.1807600742297e-04, -1.1706694760841e-05, -1.6104016918592e-02,                 -nan,                 -nan,  1.3119281580573e-03, -1.1130777314890e+00,  1.4213980850000e+00,  9.0407653566177e-01,              3095864
  4.6321384506456e+00,  0.0000000000000e+00,  9.8306932672365e-01,  1.6853194275368e-01,  5.0337126475431e-02,  1.2751265043916e-04, -5.0297767206206e-05, -1.1966995049229e-02,                 -nan,                 -nan,  6.3112093136066e-03, -1.2936830154375e+00,  1.5136025380000e+00,  9.0768296023340e-01,              3095864
  4.6323565452481e+00,  0.0000000000000e+00,  9.8228620209450e-01,  1.6840572999603e-01,  4.5125861020241e-02,  1.2073183839575e-04,  7.7039231977654e-05, -1.5667194323751e-02,                 -nan,                 -nan,  4.4506500785356e-03, -1.0644100066452e+00,  1.4637219640000e+00,  9.0312817358902e-01,              3095864
  4.6321920931294e+00,  0.0000000000000e+00,  9.8110190591247e-01,  1.6850802553354e-01,  4.2917776525404e-02,  1.1774098642958e-04,  6.0511293513374e-05, -1.4274279308977e-02,                 -nan,                 -nan,  3.3701426228236e-03, -9.8026565028173e-01,  1.3278856920000e+00,  9.0742228986803e-01,              3095864
  4.6317655172483e+00,  0.0000000000000e+00,  9.7968302167810e-01,  1.6839635384257e-01,  8.9159394450221e-02,  1.6970421066239e-04, -4.1656067557302e-05, -1.7732039580853e-02,                 -nan,                 -nan,  1.1196619007840e-02, -3.6080939080433e+00,  1.3223596510000e+00,  9.0419120478161e-01,              3095864
  4.6316451136778e+00,  0.0000000000000e+00,  9.7726122656688e-01,  1.6858552601067e-01,  4.4058179950357e-02,  1.1929502682943e-04,  1.7560623892418e-05, -1.2312290645563e-02,                 -nan,                 -nan,  1.2820371443959e-03, -1.1293160909048e+00,  1.2910914460000e+00,  9.0894367452834e-01,              3095864
  4.6314770768169e+00,  0.0000000000000e+00,  9.7499221410951e-01,  1.6862497739262e-01,  4.0334373098861e-02,  1.1414232605753e-04, -2.3297836027712e-05, -1.2999037814072e-02,                 -nan,                 -nan,  3.3882561720135e-04, -9.4190638200910e-01,  1.4366897480000e+00,  9.0360138559058e-01,              3095864
  4.6314815368198e+00,  0.0000000000000e+00,  9.7296463761842e-01,  1.6874017711094e-01,  3.0442564271383e-02,  9.9163004948998e-05, -1.7184062998059e-04, -8.2739992817467e-03,                 -nan,                 -nan, -4.7932839570884e-03, -6.0027898656700e-01,  1.4659116530000e+00,  9.0734799719884e-01,              3095864
  4.6324048555555e+00,  0.0000000000000e+00,  9.7176291391724e-01,  1.6867072698313e-01,  2.9703613621192e-02,  9.7952089895325e-05, -1.8027462384941e-05, -7.9424611718561e-03,                 -nan,                 -nan, -6.4272542830025e-03, -6.2462041947532e-01,  1.3446901950000e+00,  9.0721233232468e-01,              3095864
  4.6333514923388e+00,  0.0000000000000e+00,  9.7150599861121e-01,  1.6874294558580e-01,  3.3229625964682e-02,  1.0360287072157e-04, -2.8369428611605e-05, -1.1649876281019e-02,                 -nan,                 -nan, -2.8597931013593e-03, -6.6101510561470e-01,  1.3181066980000e+00,  9.0794040048271e-01,              3095864
  4.6343829886476e+00,  0.0000000000000e+00,  9.7166490763476e-01,  1.6847158438658e-01,  3.8911522349765e-02,  1.1211098649755e-04, -2.7046659297829e-05, -1.1327580317069e-02,                 -nan,                 -nan,  6.1462342509373e-04, -8.6877837903445e-01,  1.3281690110000e+00,  9.0645745420341e-01,              3095864
  4.6354832814577e+00,  0.0000000000000e+00,  9.7178597528834e-01,  1.6872506891848e-01,  3.1374568523810e-02,  1.0066950749908e-04, -2.2582159438782e-05, -9.0287112986878e-03,                 -nan,                 -nan, -4.4202698479781e-03, -6.3894697117943e-01,  1.3651038520000e+00,  9.0932450521082e-01,              3095864
  4.6366162689459e+00,  0.0000000000000e+00,  9.7247524976499e-01,  1.6868255307285e-01,  2.8245164714437e-02,  9.5517097906322e-05,  3.3842903716845e-05, -9.9440387662958e-03,                 -nan,                 -nan, -5.1292471187939e-03, -5.1933694536598e-01,  1.3291546000000e+00,  9.0016809523933e-01,              3095864
  4.6374853342297e+00,  0.0000000000000e+00,  9.7375526227639e-01,  1.6857020310464e-01,  4.8005430971422e-02,  1.2452434024929e-04,  3.7256744518205e-05, -1.4986226300377e-02,                 -nan,                 -nan,  1.1949864604303e-05, -1.3687574990602e+00,  1.3542541300000e+00,  9.0574908975330e-01,              3095864
  4.6381118914935e+00,  0.0000000000000e+00,  9.7499055781722e-01,  1.6820162130291e-01,  5.8874401958740e-02,  1.3790255646500e-04,  1.7255226132735e-04, -2.5535666299434e-02,                 -nan,                 -nan,  6.9068432969812e-03, -1.8405291807217e+00,  1.2667883330000e+00,  8.9915028567146e-01,              3095864
  4.6378374997542e+00,  0.0000000000000e+00,  9.7536874915529e-01,  1.6836476154130e-01,  3.6466319642179e-02,  1.0853130627580e-04,  1.2923788750951e-04, -1.0517142514709e-02,                 -nan,                 -nan, -7.4311681865765e-05, -8.0571270270368e-01,  1.3541489610000e+00,  8.9098099916534e-01,              3095864
  4.6369404379748e+00,  0.0000000000000e+00,  9.7576787926116e-01,  1.6869974630713e-01,  3.6864501179175e-02,  1.0912223283705e-04, -8.4989254665822e-05, -1.1272427265013e-02,                 -nan,                 -nan, -4.7807665931598e-03, -1.0115733441988e+00,  1.3260107230000e+00,  9.1061784367789e-01,              3095864
  4.6366081950294e+00,  0.0000000000000e+00,  9.7677504833634e-01,  1.6869977766954e-01,  4.0009567621400e-02,  1.1368181322966e-04, -6.7822871117576e-06, -1.2574516832105e-02,                 -nan,                 -nan, -9.8453037237441e-05, -9.2617911293244e-01,  1.3893368820000e+00,  9.0446059646031e-01,              3095864
  4.6363775530969e+00,  0.0000000000000e+00,  9.7775109292019e-01,  1.6866912478180e-01,  3.1837436689235e-02,  1.0140937594325e-04,  3.4814154369400e-05, -1.1310312039337e-02,                 -nan,                 -nan, -2.7685925252035e-03, -6.4361901085045e-01,  1.5045130960000e+00,  9.0517865125858e-01,              3095864
  4.6360166311508e+00,  0.0000000000000e+00,  9.7900925045111e-01,  1.6834046507647e-01,  5.0553604728488e-02,  1.2778654471431e-04, -2.6387283960905e-05, -8.0837339238834e-03,                 -nan,                 -nan,  4.3590350654826e-03, -1.4304499708009e+00,  1.3238657440000e+00,  9.0443346348548e-01,              3095864
  4.6358515417287e+00,  0.0000000000000e+00,  9.7969466105065e-01,  1.6843093745250e-01,  4.5338475658449e-02,  1.2101592373728e-04,  3.7928563226459e-05, -8.3852050939440e-03,                 -nan,                 -nan,  2.8563327553604e-03, -1.1975220160597e+00,  1.9066065870000e+00,  8.9432513831357e-01,              3095864
