#                p[0],                 p[1],                 p[2],               energy,             variance,                error,             gradE[0],          gradVarE[0],             gradE[1],          gradVarE[1],             gradE[2],          gradVarE[2],         elapsed time,        accept. ratio,             MC steps
  2.0320365200000e+00,  1.1309817800000e+00,  1.1312649300000e+00, -5.3794436922466e-01,  4.0361520773368e-01,  8.9846002441252e-04, -1.2333915185525e-01, -4.6907202232143e-01, -1.9592656485947e-01, -3.2276063396729e+00, -2.3850280842805e-01, -3.7819277815165e+00,  7.5872555900000e-01,  9.0638600000000e-01,               500000
  2.0820365159538e+00,  1.1809817774689e+00,  1.1812649279201e+00, -4.4035945758340e-01,  1.6707883247137e+00,  1.8279979894484e-03, -5.0437610678228e-02, -1.3357599616378e+00,  1.7300125922259e+00, -1.3050985942778e+01,  2.2164707602933e+00, -1.9530311234588e+01,  7.3197338100000e-01,  9.0755000000000e-01,               500000
  2.1272194400652e+00,  1.1478298400524e+00,  1.1479031759400e+00, -5.3867958399960e-01,  4.5864891368025e-01,  9.5775666396037e-04, -4.5729219086135e-02, -3.9638609424636e-01,  7.8460738687301e-01, -3.7036130033702e+00,  8.9578724233670e-01, -4.0792804899792e+00,  7.2723892500000e-01,  9.0242400000000e-01,               500000
  2.1706325429657e+00,  1.1113308027333e+00,  1.1120475329188e+00, -5.3257778725013e-01,  1.0904664744902e+00,  1.4767982086190e-03, -1.1957372406757e-01, -1.0859092585150e+00, -1.2932439156398e+00, -1.3024997261736e+01, -1.3255757195393e+00, -1.0114136792411e+01,  7.2116619500000e-01,  9.0628400000000e-01,               500000
  2.2165461457443e+00,  1.1030456523928e+00,  1.1005152104324e+00, -5.2052239929194e-01,  1.8351295586614e+00,  1.9157920339439e-03, -1.1242763939815e-01, -1.2574405563264e+00, -1.6402719963413e+00, -2.0062279129787e+01, -1.9394324542194e+00, -1.6187220160795e+01,  7.3245535800000e-01,  9.0428200000000e-01,               500000
  2.2638800052474e+00,  1.1132451716746e+00,  1.1083970278273e+00, -5.2880218551792e-01,  1.2104666680979e+00,  1.5559348753067e-03, -6.7228399223539e-02, -7.2843338036636e-01, -9.9916168642242e-01, -1.0438848930554e+01, -1.5591692836959e+00, -1.5390870044252e+01,  7.0723660700000e-01,  9.0822000000000e-01,               500000
  2.3105944493093e+00,  1.1302584790416e+00,  1.1255972794783e+00, -5.5646789496763e-01,  3.4428492061983e-01,  8.2980108534495e-04, -2.8201753068254e-02, -3.2271459937544e-01,  4.6810918594265e-02, -2.1313771511551e+00, -2.6528080271746e-01, -4.9541612222506e+00,  7.8146425500000e-01,  9.1161800000000e-01,               500000
  2.3542134057751e+00,  1.1447288351318e+00,  1.1424058958404e+00, -5.3953591811015e-01,  3.3661867690974e-01,  8.2051042273665e-04,  1.2578333501017e-02, -2.0461961779024e-01,  6.9244381529736e-01, -2.6607737617431e+00,  7.3163125023910e-01, -3.1223816377887e+00,  7.8565909600000e-01,  9.0477600000000e-01,               500000
  2.3912592894344e+00,  1.1515976794466e+00,  1.1521579393118e+00, -5.2395926941578e-01,  4.3458446814563e-01,  9.3229230195860e-04,  1.2518545376182e-02, -2.3870776305211e-01,  8.5061172660862e-01, -2.9805103005782e+00,  1.0845806859711e+00, -4.4070034420994e+00,  8.4632502700000e-01,  9.0315200000000e-01,               500000
  2.4227768831027e+00,  1.1509776547071e+00,  1.1537510113952e+00, -5.2492504311058e-01,  5.5424300270088e-01,  1.0528466200742e-03,  2.4060105658686e-02, -4.6176880675356e-01,  9.2844800304483e-01, -6.2602131874834e+00,  1.2151204660186e+00, -6.1915633661065e+00,  7.7241988200000e-01,  8.9821800000000e-01,               500000
  2.4482502961519e+00,  1.1437017575390e+00,  1.1479691645070e+00, -5.3922219980825e-01,  3.5541929820227e-01,  8.4311244588402e-04,  1.9197922208368e-02, -1.8651723172678e-01,  6.3421325312629e-01, -2.6409352386782e+00,  9.8593815834201e-01, -3.3199282063805e+00,  8.3138432400000e-01,  9.0691800000000e-01,               500000
  2.4690085193553e+00,  1.1327841514363e+00,  1.1373147635422e+00, -5.5947684311435e-01,  2.1918105706960e-01,  6.6208920406483e-04,  2.2320404292365e-02, -1.8958810310827e-01,  2.4962282304145e-01, -1.3665702609354e+00,  5.9563749024040e-01, -1.7332048843408e+00,  1.0014604750000e+00,  9.0109600000000e-01,               500000
  2.4852819199650e+00,  1.1212259230663e+00,  1.1244718288423e+00, -5.5652111808795e-01,  3.6083961150843e-01,  8.4951705281110e-04,  5.0799390686402e-03, -2.3257898485883e-01, -3.1656438231487e-01, -2.7203593930381e+00, -1.3520226105327e-01, -3.2395439697899e+00,  1.2750816520000e+00,  9.0348000000000e-01,               500000
  2.4994334917973e+00,  1.1131040101399e+00,  1.1136729460957e+00, -5.4043179662048e-01,  8.4098925251964e-01,  1.2969111399935e-03, -9.1588598027909e-03, -4.9122883402418e-01, -7.2835423845040e-01, -7.4954033717437e+00, -9.6707557318537e-01, -9.9953157219652e+00,  1.2453918270000e+00,  9.0595800000000e-01,               500000
  2.5131875306508e+00,  1.1110203575031e+00,  1.1095366233141e+00, -5.4168341302922e-01,  7.9911412066133e-01,  1.2642105209666e-03, -1.0142538955921e-02, -6.0196124376872e-01, -7.8222962475875e-01, -5.9413387264794e+00, -9.3241164851979e-01, -7.6822709069923e+00,  1.2407634900000e+00,  9.0876200000000e-01,               500000
  2.5267149486927e+00,  1.1145349260678e+00,  1.1109668779666e+00, -5.4007945059575e-01,  7.2550302967289e-01,  1.2045771288489e-03, -1.1333528313745e-02, -4.7080990948758e-01, -6.3338867168387e-01, -4.9835887912075e+00, -8.7818525855246e-01, -8.3151963146346e+00,  1.2946655880000e+00,  9.0793400000000e-01,               500000
  2.5401765853229e+00,  1.1219683796509e+00,  1.1169776224333e+00, -5.5406369721594e-01,  3.9251734818695e-01,  8.8602183741367e-04,  7.4785476293662e-03, -2.3354749444197e-01, -1.4059273494393e-01, -1.8932687811213e+00, -5.0061114866089e-01, -4.1155658469643e+00,  1.2137006400000e+00,  9.0307400000000e-01,               500000
  2.5516034479359e+00,  1.1296712426245e+00,  1.1251034926937e+00, -5.6131004746498e-01,  3.1644450557619e-01,  7.9554321765218e-04,  2.6396668780024e-02, -2.9048267596660e-01,  1.6462867190243e-01, -3.6975080272595e+00, -2.8231606712698e-02, -3.8354462760028e+00,  1.3511721640000e+00,  9.0579400000000e-01,               500000
  2.5591237940731e+00,  1.1355423038850e+00,  1.1326465513512e+00, -5.5269568176078e-01,  1.9503874579455e-01,  6.2456183968371e-04,  3.5737479270062e-02, -1.6007194336885e-01,  4.1333326433969e-01, -1.2159571587451e+00,  3.6121596058442e-01, -1.3936005918295e+00,  1.3985547860000e+00,  9.0484600000000e-01,               500000
  2.5620955307788e+00,  1.1380017512251e+00,  1.1375098941981e+00, -5.4797529443655e-01,  2.1019591828568e-01,  6.4837630784241e-04,  3.0159505998529e-02, -1.6759623892904e-01,  4.9236260784763e-01, -1.3014511852009e+00,  5.7407015558218e-01, -1.7532616361303e+00,  1.4063376140000e+00,  9.1165000000000e-01,               500000
  2.5615765003528e+00,  1.1368276691138e+00,  1.1387566033311e+00, -5.4384997735625e-01,  2.2460273222670e-01,  6.7022791978058e-04,  2.9242413546593e-02, -2.2196625034777e-01,  4.4012175931114e-01, -1.6072163141675e+00,  5.9958828392242e-01, -1.8132909875766e+00,  1.3976389680000e+00,  9.0564000000000e-01,               500000
  2.5579975476608e+00,  1.1327261335988e+00,  1.1365914509934e+00, -5.5088680962073e-01,  2.1757905380625e-01,  6.5966514809598e-04,  2.6028204711941e-02, -1.5593331077752e-01,  2.7445200866686e-01, -1.3614986656737e+00,  5.1005727069455e-01, -1.7532563843106e+00,  1.5027982810000e+00,  9.0608600000000e-01,               500000
  2.5519730522157e+00,  1.1270917288838e+00,  1.1318191005740e+00, -5.5107467523819e-01,  2.1811130043978e-01,  6.6047149891541e-04,  2.0668062915152e-02, -1.6805232411565e-01,  5.3756175065398e-02, -1.4966643385235e+00,  2.7561033722972e-01, -1.5968012918547e+00,  1.4101966360000e+00,  9.0729800000000e-01,               500000
  2.5442801846067e+00,  1.1215877122167e+00,  1.1259478385020e+00, -5.5232780947956e-01,  3.1848289894480e-01,  7.9810137068521e-04,  2.2807690807477e-02, -2.1532875670248e-01, -2.3623745287423e-01, -2.9516039415918e+00,  5.3092128657551e-04, -2.1383606944713e+00,  1.4615228370000e+00,  9.0145800000000e-01,               500000
  2.5348299792695e+00,  1.1182806078453e+00,  1.1206037361711e+00, -5.4968006162798e-01,  4.6325998774836e-01,  9.6255907636712e-04, -1.8551377424289e-03, -3.7516597873514e-01, -4.4959134049901e-01, -3.9918010028051e+00, -4.1120479965175e-01, -4.5292142495356e+00,  1.4572407770000e+00,  8.9852400000000e-01,               500000
  2.5264475379315e+00,  1.1185259073002e+00,  1.1181084470299e+00, -5.4698255800627e-01,  4.8147201902463e-01,  9.8129712016762e-04,  2.5508448525727e-02, -2.7587459477715e-01, -3.4905149414028e-01, -3.4616524828784e+00, -5.1596562397266e-01, -4.8696881641742e+00,  1.4533631550000e+00,  9.0451600000000e-01,               500000
  2.5160343632103e+00,  1.1212813594983e+00,  1.1188181264544e+00, -5.5355859955700e-01,  4.2666427843107e-01,  9.2375784535892e-04,  1.4989718670876e-03, -3.3676653538697e-01, -2.0585467184068e-01, -2.6164984875731e+00, -4.5174162206728e-01, -4.5322686326368e+00,  1.5203282380000e+00,  9.0174600000000e-01,               500000
  2.5063976332226e+00,  1.1252999919088e+00,  1.1220820901228e+00, -5.5442131172954e-01,  3.3264913616116e-01,  8.1565818350724e-04,  1.3776401066805e-02, -2.6037921012784e-01, -8.7309380118809e-02, -1.9589947928983e+00, -2.5751201050747e-01, -3.4193957369748e+00,  1.3692185740000e+00,  9.0946200000000e-01,               500000
  2.4960801722230e+00,  1.1296126094304e+00,  1.1265638826702e+00, -5.6327915216005e-01,  2.6413633895697e-01,  7.2682369107916e-04,  1.2291033695625e-02, -2.3257013193445e-01,  1.2017081668993e-01, -1.8191500855611e+00,  5.4612362158714e-02, -2.1200887114866e+00,  1.4575492730000e+00,  9.0275600000000e-01,               500000
  2.4852922163469e+00,  1.1326485736275e+00,  1.1303308351732e+00, -5.5534036499508e-01,  2.4679871228521e-01,  7.0256488993574e-04,  1.4699240124442e-02, -2.4565518352268e-01,  2.4849326604586e-01, -1.7010473350155e+00,  1.5810026706188e-01, -2.2133433043453e+00,  1.5322428380000e+00,  9.0142000000000e-01,               500000
  2.4737878881356e+00,  1.1335389122704e+00,  1.1328229408008e+00, -5.5136780606624e-01,  2.2039790145169e-01,  6.6392454609193e-04,  1.3235226039076e-02, -2.0900502561596e-01,  2.8676548770958e-01, -1.2213599448370e+00,  2.7919155953904e-01, -1.9308502354680e+00,  1.4449386630000e+00,  9.0547000000000e-01,               500000
  2.4617802696911e+00,  1.1321669268947e+00,  1.1334093919450e+00, -5.5800309531522e-01,  2.2238720202467e-01,  6.6691409045643e-04,  1.9957300967431e-02, -1.9879531816965e-01,  2.1989728240785e-01, -1.3966837014502e+00,  3.4937381839413e-01, -1.6558671975889e+00,  1.3935286210000e+00,  9.0596000000000e-01,               500000
  2.4485250673571e+00,  1.1292310067464e+00,  1.1318173627015e+00, -5.5862779708123e-01,  2.5234545525548e-01,  7.1041601228502e-04,  1.5769873186238e-02, -2.7616705536731e-01,  1.2143184326212e-01, -1.6125094991559e+00,  2.5993388879974e-01, -2.5509514171219e+00,  1.3806976510000e+00,  9.0778600000000e-01,               500000
  2.4346046355617e+00,  1.1256181142019e+00,  1.1287755340309e+00, -5.5649214460515e-01,  2.7153763286553e-01,  7.3693640548629e-04,  3.6817620570666e-03, -2.5650803592593e-01, -1.1080318597528e-01, -2.0810037991882e+00,  1.0693182080596e-01, -1.8570232942007e+00,  1.3675707400000e+00,  9.0222600000000e-01,               500000
  2.4214961896709e+00,  1.1232102252794e+00,  1.1253446873096e+00, -5.4957787256464e-01,  4.0985439980312e-01,  9.0537771101692e-04, -1.1751919584766e-03, -2.3591291790344e-01, -2.8016762283091e-01, -3.0940028345274e+00, -2.3103528239885e-01, -4.1464985483784e+00,  1.4119248230000e+00,  9.0537600000000e-01,               500000
  2.4097160874750e+00,  1.1232639664044e+00,  1.1236926073988e+00, -5.6014107424831e-01,  3.2874287436480e-01,  8.1085494925393e-04,  1.7418468673360e-03, -2.2980744528156e-01, -1.8690353640369e-01, -2.4250685220829e+00, -1.4819618050541e-01, -2.4814967248956e+00,  1.4464916340000e+00,  9.0224400000000e-01,               500000
  2.3987869988846e+00,  1.1248249084205e+00,  1.1231411936855e+00, -5.5717393407006e-01,  3.5725851213300e-01,  8.4529108848136e-04, -1.0727661095107e-02, -3.5377869950631e-01, -1.5431709438368e-01, -2.4839548911897e+00, -3.4798284295221e-01, -3.9312468061691e+00,  1.4409992910000e+00,  9.0484400000000e-01,               500000
  2.3902116107618e+00,  1.1275089718438e+00,  1.1248906850046e+00, -5.5375770815666e-01,  2.8786999850128e-01,  7.5877532709134e-04, -1.1984875506139e-02, -2.4889737786979e-01,  4.2158469426092e-02, -1.3907030632856e+00, -2.6947911279272e-01, -2.6301783618290e+00,  1.4180033880000e+00,  9.0668400000000e-01,               500000
  2.3839467190672e+00,  1.1296116874363e+00,  1.1282395333007e+00, -5.5927402997803e-01,  2.4105317843997e-01,  6.9433879113870e-04,  1.2492626279215e-03, -1.8898866357506e-01,  1.2958051462439e-01, -1.2675954120424e+00,  2.4449919516281e-02, -2.0124406976091e+00,  1.3431206040000e+00,  9.0331400000000e-01,               500000
  2.3780959834443e+00,  1.1304533770529e+00,  1.1311339716853e+00, -5.5939057021463e-01,  2.4685211342874e-01,  7.0264089466631e-04, -1.2496042513879e-03, -2.4726125220625e-01,  1.2721116917947e-01, -1.6830163780845e+00,  1.4228042269529e-01, -2.1661216454287e+00,  1.3811740740000e+00,  9.0582600000000e-01,               500000
  2.3729486792354e+00,  1.1301578603864e+00,  1.1328297332603e+00, -5.5146773629404e-01,  2.3072979513158e-01,  6.7930817031975e-04,  8.1916895366727e-03, -1.8824348004996e-01,  8.6022505522943e-02, -1.3899532927804e+00,  2.4358133209217e-01, -1.6524960150275e+00,  1.4412865820000e+00,  9.0058400000000e-01,               500000
  2.3672073506560e+00,  1.1291646544586e+00,  1.1327432008888e+00, -5.5913810420274e-01,  2.7168374550375e-01,  7.3713464917035e-04, -8.5814566656632e-03, -2.2653350193190e-01,  1.1491800929860e-02, -1.7812860343055e+00,  2.7506914326152e-01, -2.3283967078037e+00,  1.4256552360000e+00,  9.0207600000000e-01,               500000
  2.3631360719483e+00,  1.1281699443851e+00,  1.1308107537218e+00, -5.5407180292633e-01,  2.5940567530896e-01,  7.2028560350594e-04, -4.5603047386423e-03, -2.3847155260593e-01,  1.1800008798923e-03, -1.7851916711469e+00,  8.5002490876878e-02, -2.0720241287187e+00,  1.4166055680000e+00,  9.0349000000000e-01,               500000
  2.3600580855581e+00,  1.1272624853757e+00,  1.1284785381086e+00, -5.5311333688976e-01,  2.6610379385519e-01,  7.2952559085366e-04, -1.6783959109898e-02, -2.6619443046137e-01, -7.1841954135488e-02, -1.8787531794825e+00, -2.0735344849424e-02, -2.1205552489130e+00,  1.4043025220000e+00,  9.0598600000000e-01,               500000
  2.3595441901838e+00,  1.1270752471679e+00,  1.1265077678580e+00, -5.4956941365581e-01,  2.9076331907751e-01,  7.6257893896633e-04, -1.7316484964150e-02, -2.8105885660089e-01, -7.4055886104561e-02, -1.8618857037859e+00, -1.2907694596224e-01, -2.2852115113685e+00,  1.3595331130000e+00,  9.0655600000000e-01,               500000
  2.3614489442185e+00,  1.1275692091544e+00,  1.1256254976894e+00, -5.4915679939723e-01,  3.4278457683681e-01,  8.2799103477853e-04, -1.0741782131201e-02, -2.8351170362104e-01, -4.4449682033963e-02, -2.7125155625578e+00, -2.2592230154377e-01, -3.0553050696680e+00,  1.4831650080000e+00,  9.0734800000000e-01,               500000
  2.3646715054989e+00,  1.1284283107417e+00,  1.1264274184727e+00, -5.6292528026425e-01,  2.9156600006429e-01,  7.6363080092973e-04, -8.1528589720490e-03, -2.6867356619840e-01,  4.1171228598556e-02, -1.9504577240821e+00, -1.0457115857170e-01, -2.7208912797635e+00,  1.4117442230000e+00,  9.0702200000000e-01,               500000
  2.3687471071327e+00,  1.1288459904675e+00,  1.1279105889008e+00, -5.5521412480205e-01,  2.5920174172391e-01,  7.2000241905692e-04, -9.1094978001193e-03, -2.5005495630980e-01,  2.5503620880021e-02, -1.8162846954396e+00, -1.0249630161393e-02, -1.9343805129109e+00,  1.3891092700000e+00,  9.0150800000000e-01,               500000
  2.3737400048864e+00,  1.1290010890547e+00,  1.1293396136968e+00, -5.6005108212082e-01,  2.5837824099170e-01,  7.1885776199705e-04, -1.3005238432895e-03, -2.5989076707216e-01,  6.2830783620595e-02, -1.8269810967697e+00,  8.2512959332101e-02, -1.8822948972496e+00,  1.3434325610000e+00,  9.0796600000000e-01,               500000
  2.3784802117339e+00,  1.1285710542663e+00,  1.1300459594873e+00, -5.5766484260541e-01,  2.7312414698518e-01,  7.3908612080756e-04, -7.6119527688439e-03, -2.3986657035409e-01,  3.0527961311549e-02, -1.7845967489471e+00,  1.0120424939211e-01, -2.2962270748683e+00,  1.5271365590000e+00,  9.0388600000000e-01,               500000
  2.3838875071559e+00,  1.1279042576138e+00,  1.1299541434074e+00, -5.5670357216765e-01,  2.5553393808475e-01,  7.1489011475156e-04, -4.5036603495864e-03, -2.0706621126465e-01, -3.2074203786572e-02, -1.6898320744198e+00,  1.0101358919512e-01, -1.7736713980612e+00,  1.4114293780000e+00,  9.0381400000000e-01,               500000
  2.3894628085105e+00,  1.1276078604797e+00,  1.1291296298667e+00, -5.6045234575022e-01,  2.6482873831277e-01,  7.2777570488822e-04, -7.3903619366778e-03, -2.3420144823537e-01, -3.2196430622848e-02, -1.8203475659628e+00,  5.2668982034652e-02, -2.0806693631420e+00,  1.4208390850000e+00,  9.0330600000000e-01,               500000
  2.3956154032411e+00,  1.1276527959275e+00,  1.1279947740813e+00, -5.6598923299489e-01,  2.6767643580662e-01,  7.3167812022312e-04, -1.1612940725788e-03, -2.3316922863120e-01,  3.1852216818128e-02, -1.9880106650289e+00,  3.3568138624542e-02, -1.9982232019643e+00,  1.3877199600000e+00,  9.0498200000000e-01,               500000
  2.4013918765872e+00,  1.1273979859569e+00,  1.1267181952639e+00, -5.5136013692794e-01,  2.7931914323033e-01,  7.4742109045748e-04, -6.2054315607980e-03, -2.6596999603301e-01, -3.2563119899042e-02, -1.9004564693749e+00, -5.2480934353687e-02, -2.2047228283011e+00,  1.3918524320000e+00,  9.0631600000000e-01,               500000
  2.4075737277255e+00,  1.1274905708723e+00,  1.1259665383399e+00, -5.5753683581726e-01,  2.7910078267273e-01,  7.4712888134877e-04, -5.3844802035095e-05, -2.1197361324899e-01, -5.1668853194529e-02, -1.8543798654759e+00, -6.7690029700731e-02, -2.0257044783107e+00,  1.4531450840000e+00,  9.0501200000000e-01,               500000
  2.4132120174015e+00,  1.1280877754221e+00,  1.1258115745194e+00, -5.5672267375303e-01,  2.8832630675264e-01,  7.5937646362347e-04, -6.4800372316200e-03, -2.6767073282089e-01,  1.3429744489321e-03, -1.9001091615701e+00, -1.0757035314779e-01, -2.5680924527356e+00,  1.3574206950000e+00,  9.0086200000000e-01,               500000
  2.4193250217414e+00,  1.1286262273013e+00,  1.1265141841361e+00, -5.5359391768197e-01,  2.8957443015851e-01,  7.6101830485016e-04,  1.3386895516596e-02, -2.4832033168173e-01,  2.7201571985238e-02, -2.0156107348988e+00, -4.6039041416733e-02, -2.4108082494465e+00,  1.4221364290000e+00,  8.9901600000000e-01,               500000
  2.4228579452871e+00,  1.1288549942892e+00,  1.1275213384379e+00, -5.4841464539196e-01,  3.0720045576417e-01,  7.8383729914335e-04, -2.9902188672915e-03, -3.0309789138718e-01, -2.8328583634042e-02, -2.8628701063594e+00, -5.7634405152485e-02, -2.7931273884281e+00,  1.4402294170000e+00,  9.0406600000000e-01,               500000
  2.4265452504825e+00,  1.1293607912413e+00,  1.1289009705698e+00, -5.5447892423441e-01,  2.5745032098501e-01,  7.1756577536141e-04,  1.0141157809824e-02, -2.5027180879797e-01,  1.2669891051722e-01, -1.4723745949804e+00,  1.7827313410271e-02, -2.2170949931140e+00,  1.3870388980000e+00,  9.0684400000000e-01,               500000
  2.4283470141363e+00,  1.1285477164618e+00,  1.1300203993088e+00, -5.5699269037326e-01,  2.5185305824458e-01,  7.0972256304078e-04,  5.1918361249406e-04, -2.2313682473447e-01,  4.4444082448813e-02, -1.6290299373996e+00,  8.9679344886648e-02, -2.0633031478347e+00,  1.4188657150000e+00,  8.9854800000000e-01,               500000
  2.4299190572950e+00,  1.1273655078561e+00,  1.1303255767180e+00, -5.5672038981978e-01,  2.3289129355731e-01,  6.8248266433267e-04, -4.5642870455284e-03, -1.7449589433725e-01, -2.8343038017885e-02, -1.4907691026368e+00,  1.7240142017483e-01, -1.6230660283470e+00,  1.4050220950000e+00,  9.0096000000000e-01,               500000
  2.4320738993855e+00,  1.1265913208540e+00,  1.1292161015247e+00, -5.6501036476516e-01,  2.6187194364518e-01,  7.2370151809317e-04,  2.3716522225554e-03, -2.3618008608984e-01, -1.1544735196518e-02, -1.7402775185493e+00,  1.1611913142348e-01, -2.1609525781330e+00,  1.3427634240000e+00,  9.0222400000000e-01,               500000
  2.4336733867285e+00,  1.1260173306675e+00,  1.1272728407330e+00, -5.5568868895042e-01,  2.9213984060784e-01,  7.6438189487695e-04, -1.1313146019118e-03, -2.6321710694300e-01, -6.6055303724783e-02, -2.0921723257089e+00, -3.0240539796300e-02, -2.4249754035504e+00,  1.3437971150000e+00,  9.0338400000000e-01,               500000
  2.4353256378042e+00,  1.1261968329331e+00,  1.1257679156628e+00, -5.5765763649667e-01,  2.8431203884918e-01,  7.5407166615538e-04,  7.2840569513353e-03, -2.2663578172065e-01, -5.6392677670788e-02, -2.0289453199008e+00, -3.9748572410557e-02, -2.4562408871451e+00,  1.3411418400000e+00,  9.0362800000000e-01,               500000
  2.4356739572720e+00,  1.1269634550716e+00,  1.1247417388788e+00, -5.5636911618202e-01,  2.8662028710713e-01,  7.5712652457450e-04, -2.7994328392682e-03, -2.5932066493326e-01,  8.2533218017049e-04, -1.7620680830152e+00, -1.7015467623164e-01, -2.3574067387653e+00,  1.3956041390000e+00,  9.0516400000000e-01,               500000
  2.4364633433396e+00,  1.1276594686340e+00,  1.1252395391441e+00, -5.6310606789610e-01,  2.7729010877918e-01,  7.4470142846537e-04,  5.4127935577142e-03, -2.3532972773481e-01,  4.7755009374672e-02, -1.7717755693783e+00, -5.4861602155795e-02, -2.3252047577528e+00,  1.4369112080000e+00,  9.0402000000000e-01,               500000
  2.4363168202626e+00,  1.1277900229994e+00,  1.1261616061474e+00, -5.5843101032003e-01,  2.6281217397619e-01,  7.2499955031185e-04,  3.5387646196532e-04, -2.4162629117374e-01,  4.2224685644232e-02, -1.6431135323779e+00, -5.6959760308803e-02, -2.3663494161846e+00,  1.4131976810000e+00,  9.0448400000000e-01,               500000
  2.4361456847290e+00,  1.1274627309146e+00,  1.1274899004705e+00, -5.5673512687984e-01,  2.6766323472945e-01,  7.3166007780861e-04,  7.4625663314253e-03, -2.1158975228247e-01,  1.4648725218163e-02, -1.8152171596018e+00,  1.9816836584464e-02, -2.0010817271602e+00,  1.4477300740000e+00,  9.0872600000000e-01,               500000
  2.4347745881241e+00,  1.1270168887857e+00,  1.1285339811274e+00, -5.5158628154515e-01,  2.6500951765424e-01,  7.2802406231421e-04, -8.3915974914684e-04, -2.3623720703462e-01, -5.6934118190585e-02, -2.0352145981923e+00,  3.1341556040251e-02, -2.1055935169470e+00,  1.4424061340000e+00,  9.0827800000000e-01,               500000
  2.4336907629714e+00,  1.1272458763855e+00,  1.1292204514593e+00, -5.5622993155334e-01,  2.6457183340703e-01,  7.2742261912457e-04,  6.2671737241367e-03, -2.2696842392512e-01, -1.0031246350119e-02, -1.8739866098104e+00,  9.8077974239528e-02, -2.0355282770748e+00,  1.4194742990000e+00,  9.0215800000000e-01,               500000
  2.4316763988452e+00,  1.1275742214557e+00,  1.1290028030191e+00, -5.5986728005719e-01,  2.6393601958186e-01,  7.2654802949545e-04, -2.5404578672109e-04, -2.0481783865571e-01, -5.8925001061219e-03, -1.6147536951330e+00,  6.7839558211350e-02, -2.1274035792119e+00,  1.4018572610000e+00,  9.0424200000000e-01,               500000
  2.4299104381731e+00,  1.1279461781871e+00,  1.1282234915628e+00, -5.5788725147491e-01,  2.4425335408472e-01,  6.9893254908428e-04,  3.6062208841109e-03, -2.0942395543074e-01,  3.2002762707946e-02, -1.7644732053124e+00,  9.2199595903130e-02, -1.7690930487521e+00,  1.3205020210000e+00,  9.0689000000000e-01,               500000
  2.4277140473118e+00,  1.1279358081437e+00,  1.1267156876908e+00, -5.5456836273671e-01,  3.2757607304405e-01,  8.0941469352125e-04,  7.3462696484589e-03, -2.6915752321265e-01,  3.6521676441137e-02, -2.1030087613976e+00, -5.7067466534689e-02, -3.7257395495651e+00,  1.4072956350000e+00,  9.0297600000000e-01,               500000
  2.4244889237761e+00,  1.1275274959408e+00,  1.1258699915227e+00, -5.6142240226741e-01,  2.8895698122288e-01,  7.6020652617941e-04,  5.5303450768341e-04, -2.7037449806588e-01, -4.0816503536593e-02, -1.9979696062925e+00, -7.3513907816336e-02, -2.5082243739456e+00,  1.4776842810000e+00,  9.0398000000000e-01,               500000
  2.4214938288286e+00,  1.1276310069143e+00,  1.1257690527546e+00, -5.5528392769662e-01,  2.8382546372541e-01,  7.5342612607397e-04, -5.1008227078523e-04, -2.2445883537359e-01,  2.1440235382008e-02, -1.7141235002415e+00, -1.2604112427242e-01, -2.6161192415011e+00,  1.3330301620000e+00,  9.0303400000000e-01,               500000
  2.4188876029073e+00,  1.1274900954223e+00,  1.1268185014188e+00, -5.5957565951355e-01,  2.7337354814447e-01,  7.3942348913794e-04,  5.0395566675863e-04, -2.2912600416159e-01, -2.4809636717123e-02, -1.8504385016545e+00, -3.5269681200991e-02, -2.1024073237874e+00,  1.4449197270000e+00,  9.0257800000000e-01,               500000
  2.4164578153363e+00,  1.1276578782687e+00,  1.1280970725474e+00, -5.5674451640125e-01,  2.6798920168162e-01,  7.3210545918142e-04,  1.4048666859856e-02, -2.4428197336485e-01,  2.3167540903671e-02, -1.8168678971105e+00,  6.8590291018331e-02, -2.1991874912922e+00,  1.4125296980000e+00,  8.9883000000000e-01,               500000
  2.4118119407426e+00,  1.1275526117092e+00,  1.1286426403048e+00, -5.5818762919375e-01,  2.7430034825530e-01,  7.4067583767165e-04, -1.1173575522513e-02, -2.6554782811968e-01, -5.2905246437275e-02, -2.0112926834656e+00,  4.3603413752100e-02, -2.0370006842484e+00,  1.4631932000000e+00,  9.0483000000000e-01,               500000
  2.4096055737821e+00,  1.1280845087579e+00,  1.1287476659316e+00, -5.5747002304498e-01,  2.7075837851484e-01,  7.3587822160306e-04,  3.9840777718573e-04, -2.2671723121151e-01,  4.6167791544744e-02, -1.5115868478779e+00,  2.5896705875214e-02, -2.4731888469127e+00,  1.3942782470000e+00,  9.0082000000000e-01,               500000
  2.4075559867982e+00,  1.1280345155964e+00,  1.1286159150880e+00, -5.5550119826875e-01,  2.6674513216066e-01,  7.3040417874033e-04,  1.3163183111997e-04, -2.4510664469620e-01, -2.5807571618475e-02, -1.9292369184506e+00,  6.8125112859051e-02, -2.0360260646705e+00,  1.3912942920000e+00,  9.0483000000000e-01,               500000
  2.4056976690918e+00,  1.1283048075875e+00,  1.1278751464869e+00, -5.5860649541654e-01,  2.5229185480135e-01,  7.1034055888897e-04, -8.2615590911067e-03, -2.5777455256368e-01,  2.7472170353200e-02, -1.6482845903620e+00, -1.4756268208396e-02, -2.0880627191535e+00,  1.4404615210000e+00,  9.0595800000000e-01,               500000
  2.4055268090887e+00,  1.1282334988918e+00,  1.1273514090284e+00, -5.5263926654047e-01,  2.8741230189191e-01,  7.5817188274416e-04, -5.4583642566310e-03, -2.8495704993057e-01, -1.3896056620980e-02, -2.0261388739309e+00, -9.2312970916849e-02, -2.4848155697549e+00,  1.4170988140000e+00,  9.0853200000000e-01,               500000
  2.4063872051997e+00,  1.1283469138815e+00,  1.1277544682337e+00, -5.6084734136776e-01,  2.9748557137906e-01,  7.7134372542863e-04,  6.1120080581521e-03, -3.1613145327752e-01,  5.2815333811702e-02, -2.1034033649464e+00, -4.7742210152276e-02, -3.3334397324516e+00,  1.3315169910000e+00,  9.0198200000000e-01,               500000
  2.4060806185960e+00,  1.1278277649135e+00,  1.1285857402964e+00, -5.5420039002012e-01,  2.6318038541489e-01,  7.2550725070794e-04, -3.2487122699661e-03, -1.9680856654943e-01,  2.9491519504513e-02, -1.6728918733736e+00,  3.0302685475764e-02, -2.0425490038073e+00,  1.4835027560000e+00,  9.0147200000000e-01,               500000
  2.4064170391962e+00,  1.1270112424331e+00,  1.1290605086763e+00, -5.5547829607828e-01,  2.8936794557675e-01,  7.6074692976936e-04, -3.7867496739165e-03, -2.5934631846112e-01, -4.5079618617533e-02, -2.1520259594590e+00,  6.9757057486260e-02, -2.0946574111870e+00,  1.4238487920000e+00,  9.0527800000000e-01,               500000
  2.4074444808856e+00,  1.1268332256167e+00,  1.1288340177586e+00, -5.5506569354809e-01,  2.7473572814637e-01,  7.4126341896302e-04,  4.5558078465758e-03, -2.4733375431073e-01, -2.9614324591409e-02, -1.7085787390494e+00,  4.6384929278638e-02, -2.4390671351658e+00,  1.4324797350000e+00,  9.0812800000000e-01,               500000
  2.4075517967259e+00,  1.1270448404404e+00,  1.1281948655159e+00, -5.5589229027262e-01,  2.4864147840760e-01,  7.0518292436445e-04,  7.7942666943323e-04, -2.1458736009584e-01,  6.9912453656727e-03, -1.7434953885777e+00,  3.7450859702390e-02, -1.9255564531253e+00,  1.4558118220000e+00,  9.0837200000000e-01,               500000
  2.4075234217333e+00,  1.1271611158159e+00,  1.1272633840632e+00, -5.5333611605005e-01,  2.6000940407462e-01,  7.2112329607997e-04,  4.1474489172975e-03, -2.1753785964718e-01, -7.3106292907007e-03, -1.5437407174622e+00, -2.3896202090371e-02, -2.1383724236242e+00,  1.4657477010000e+00,  9.1147600000000e-01,               500000
  2.4067389786468e+00,  1.1273664748137e+00,  1.1266628712134e+00, -5.5538524842666e-01,  3.1012609663293e-01,  7.8756091400339e-04, -8.2577686835723e-03, -3.2241845597499e-01, -2.5380998042722e-02, -2.1657278100195e+00, -7.1815616911213e-02, -3.4101174986773e+00,  1.4862518390000e+00,  9.0337000000000e-01,               500000
  2.4076193272931e+00,  1.1278820182472e+00,  1.1268384965475e+00, -5.5601613182814e-01,  2.7612180300527e-01,  7.4313094809094e-04, -4.7220743156997e-03, -2.4230445770777e-01, -2.8315906633771e-03, -1.8094970149143e+00, -6.9367083675812e-02, -2.3112631235278e+00,  1.4179156790000e+00,  9.0565600000000e-01,               500000
  2.4093360325876e+00,  1.1283955328457e+00,  1.1276913120595e+00, -5.5834661023821e-01,  2.7158319796208e-01,  7.3699823332499e-04, -2.3301380809064e-03, -2.7503189854111e-01,  4.0172167056202e-02, -1.8337215873619e+00, -2.1090666497181e-02, -2.2920519195762e+00,  1.4585567370000e+00,  9.0378600000000e-01,               500000
  2.4113613210186e+00,  1.1283657042332e+00,  1.1286833219383e+00, -5.5573860829390e-01,  2.6332986125886e-01,  7.2571325089027e-04,  9.7109781903606e-03, -2.0958548890940e-01,  3.6758919659663e-02, -1.8913033384136e+00,  8.6069615708929e-02, -2.0263464890824e+00,  1.3466148680000e+00,  9.0787000000000e-01,               500000
  2.4113489712408e+00,  1.1278848735806e+00,  1.1287347434700e+00, -5.6419333069219e-01,  2.5411168298238e-01,  7.1289786503030e-04,  9.8023611663740e-03, -1.9553461802865e-01,  4.5940712523929e-02, -1.6458184989173e+00,  1.4024430186189e-01, -2.0918739960210e+00,  1.4314444360000e+00,  9.0239800000000e-01,               500000
  2.4094656952465e+00,  1.1268747652296e+00,  1.1273889254999e+00, -5.5913408507806e-01,  2.6770577454389e-01,  7.3171821699871e-04, -7.8033721896690e-03, -2.4430253883844e-01, -1.6542848520150e-02, -1.7715708952778e+00,  1.7749310536651e-02, -2.0669397781397e+00,  1.4208218040000e+00,  9.0743600000000e-01,               500000
  2.4092988106001e+00,  1.1261839145428e+00,  1.1260027614115e+00, -5.5931606346594e-01,  2.9821173000843e-01,  7.7228457191430e-04, -1.9239319311074e-02, -2.9972133879107e-01, -1.2205384637703e-01, -2.2708617988749e+00, -1.2596694059903e-01, -2.6249751092552e+00,  1.3569436490000e+00,  9.0508600000000e-01,               500000
  2.4129166452144e+00,  1.1271455330959e+00,  1.1260356394369e+00, -5.5416693669719e-01,  2.9223201927816e-01,  7.6450247779607e-04, -1.3088190146034e-02, -2.6078264531677e-01, -5.7903471318607e-02, -2.0544590454650e+00, -1.3571095319850e-01, -2.4372530236193e+00,  1.4019589980000e+00,  9.0509600000000e-01,               500000
  2.4187653224599e+00,  1.1287786549590e+00,  1.1274568751356e+00, -5.5867758713627e-01,  2.5023260775647e-01,  7.0743566174808e-04,  5.7044590137369e-03, -2.2398478757699e-01,  3.8528232223631e-02, -1.7829955905149e+00,  2.1650373763181e-02, -1.7582047941238e+00,  1.4756678510000e+00,  9.0217600000000e-01,               500000
  2.4229594494809e+00,  1.1297664561604e+00,  1.1285307133725e+00, -5.5798657197603e-01,  2.5058624717712e-01,  7.0793537441934e-04,  1.1045050460776e-02, -2.6133993286752e-01,  1.4371039082217e-01, -1.6371348786966e+00,  7.5614001840391e-02, -2.2119441995019e+00,  1.4054480280000e+00,  8.9854400000000e-01,               500000
  2.4246004711466e+00,  1.1287908738358e+00,  1.1287369724153e+00, -5.5638791013496e-01,  2.5802919796011e-01,  7.1837204561440e-04,  4.1340266526250e-03, -2.4139357060646e-01,  7.3948637782946e-02, -1.5994144210106e+00,  3.6023754507930e-02, -2.2207726635440e+00,  1.3939565580000e+00,  9.0722600000000e-01,               500000
  2.4252902793629e+00,  1.1269467751372e+00,  1.1285630847410e+00, -5.5692591198577e-01,  2.8706080010394e-01,  7.5770812336142e-04,  2.7080205730099e-03, -2.9079468967483e-01, -9.8897185383588e-03, -1.9358022294028e+00,  7.1387959417318e-02, -2.8155304947364e+00,  1.3328629700000e+00,  9.0411400000000e-01,               500000
  2.4254041973620e+00,  1.1254217931695e+00,  1.1276794339933e+00, -5.5549907407084e-01,  2.8813558596976e-01,  7.5912526762025e-04, -9.4359214519715e-03, -2.7843372905727e-01, -1.5335422127972e-01, -2.3715468103763e+00,  2.8040678987341e-02, -2.0570047085456e+00,  1.4469736410000e+00,  9.0416800000000e-01,               500000
  2.4274219005096e+00,  1.1260944282241e+00,  1.1265981633276e+00, -5.5566226176147e-01,  3.1183941695767e-01,  7.8973339420043e-04,  3.8047666631858e-03, -3.1371368839515e-01, -8.4148957693158e-02, -2.2611211853749e+00, -7.3466342544080e-02, -2.8256873593740e+00,  1.4428224210000e+00,  9.0382600000000e-01,               500000
  2.4285138886616e+00,  1.1278402092799e+00,  1.1264052971214e+00, -5.6142257553432e-01,  2.9253374900357e-01,  7.6489705059383e-04,  3.2369696575105e-04, -2.5473210446331e-01,  4.0912094491527e-02, -1.8637653818245e+00, -9.4898671379599e-02, -3.0140223566686e+00,  1.4534492220000e+00,  9.0033600000000e-01,               500000
  2.4294620704414e+00,  1.1288834474196e+00,  1.1272467854191e+00, -5.5815569139036e-01,  2.6701496906230e-01,  7.3077352040465e-04,  4.5690520191415e-03, -2.2680540865120e-01,  5.7254434231990e-02, -2.0263101363520e+00,  2.1046468128572e-02, -1.9330503284926e+00,  1.3528343340000e+00,  8.9977400000000e-01,               500000
  2.4294150854987e+00,  1.1290693418707e+00,  1.1277952985493e+00, -5.5210432154897e-01,  2.6238901817901e-01,  7.2441565165174e-04, -1.6612524817367e-02, -2.1801837894857e-01,  2.6985617579429e-02, -1.5832792810754e+00, -4.0712637175247e-02, -2.0574895546878e+00,  1.3680546570000e+00,  9.0345000000000e-01,               500000
  2.4327765829025e+00,  1.1288828231083e+00,  1.1287357576877e+00, -5.5561186577608e-01,  2.4839344073432e-01,  7.0483110137724e-04,  1.6639185142263e-02, -1.9925977195061e-01,  5.7318695874612e-02, -1.5148858230138e+00,  5.9648418362620e-02, -1.9233655037648e+00,  1.4910756380000e+00,  9.0861200000000e-01,               500000
  2.4324341455197e+00,  1.1279445586734e+00,  1.1289585612315e+00, -5.5662880077674e-01,  2.4251698775433e-01,  6.9644380642567e-04, -2.0993155955754e-03, -2.3538903939177e-01,  5.0703211334540e-03, -1.5523631216205e+00,  8.6736530592370e-02, -1.8255045103915e+00,  1.4051224980000e+00,  9.0608000000000e-01,               500000
  2.4325791949185e+00,  1.1270372164003e+00,  1.1282375786401e+00, -5.5946298400038e-01,  2.6001938639707e-01,  7.2113713868732e-04,  7.3984346258556e-03, -2.4493319478900e-01, -3.6960296302409e-02, -1.7821991921814e+00,  5.8845761749705e-02, -2.0262940040291e+00,  1.3537827130000e+00,  9.0511000000000e-01,               500000
  2.4312111777563e+00,  1.1267367175377e+00,  1.1269609381394e+00, -5.5783157434178e-01,  2.7502560397130e-01,  7.4165437229386e-04,  1.6715882093030e-02, -2.1784576963098e-01, -3.1093602780227e-02, -1.8238721599239e+00,  1.4102570378459e-02, -2.1787672871929e+00,  1.4272930020000e+00,  9.0415800000000e-01,               500000
  2.4265462388158e+00,  1.1269068455730e+00,  1.1256651343119e+00, -5.5419472455196e-01,  3.0641295839869e-01,  7.8283198503726e-04, -1.3728729231103e-02, -2.5458166134639e-01, -6.8526173841021e-02, -2.1644928500239e+00, -1.0969415197715e-01, -2.7246119888678e+00,  1.4298449830000e+00,  9.0291200000000e-01,               500000
  2.4252057399955e+00,  1.1280261930358e+00,  1.1257043842121e+00, -5.5797091766958e-01,  2.7778206752352e-01,  7.4536174777556e-04,  1.2631891987798e-03, -2.0655341672964e-01,  5.0387864088034e-02, -1.4471197294673e+00, -9.7913790173710e-02, -2.4707245565969e+00,  1.4321219970000e+00,  8.9793600000000e-01,               500000
  2.4237519939955e+00,  1.1283462219794e+00,  1.1268257650823e+00, -5.6195057765911e-01,  2.7725058788069e-01,  7.4464835711990e-04, -1.1413125748948e-03, -2.7663606053508e-01,  3.2620707419578e-02, -1.7647135426320e+00, -4.7145378267222e-02, -2.3661656446766e+00,  1.4751239770000e+00,  9.0688200000000e-01,               500000
  2.4227051488120e+00,  1.1281912183280e+00,  1.1283715324610e+00, -5.5282638891616e-01,  2.7062512028954e-01,  7.3569711198228e-04, -5.0410655370941e-03, -2.4813263695275e-01, -3.7135211984487e-03, -2.0177284189798e+00,  1.6127777124288e-02, -2.1930500647989e+00,  1.4374978770000e+00,  9.0432600000000e-01,               500000
  2.4228442515144e+00,  1.1281174903354e+00,  1.1296030923952e+00, -5.4825471380969e-01,  2.5926413837698e-01,  7.2008907556909e-04, -6.3801085155317e-03, -2.6936904726931e-01,  8.7202940779591e-03, -1.9543988018792e+00,  7.0205456736111e-02, -2.1766955899776e+00,  1.4517352080000e+00,  9.0656200000000e-01,               500000
  2.4243450296970e+00,  1.1279413908794e+00,  1.1299489541428e+00, -5.5790261944202e-01,  2.4539445632617e-01,  7.0056328240377e-04,  8.8344025802381e-03, -2.2878757490991e-01,  3.1111499430904e-02, -1.6345608463972e+00,  1.7514660642257e-01, -1.7676428763227e+00,  1.4031714500000e+00,  9.0094600000000e-01,               500000
  2.4238532815352e+00,  1.1273520507250e+00,  1.1283185228503e+00, -5.5934586193602e-01,  2.4972947103248e-01,  7.0672409189510e-04,  5.7319699275486e-04, -1.9294242718999e-01,  1.2509638178227e-03, -1.5632501767936e+00,  7.1323160262199e-02, -1.8976369677114e+00,  1.4460463980000e+00,  9.0446400000000e-01,               500000
  2.4233071892919e+00,  1.1268125135772e+00,  1.1260564114909e+00, -5.5549165603765e-01,  2.7576138610224e-01,  7.4264579188498e-04,  6.4774056115898e-04, -2.4058708427441e-01,  2.6271685375914e-03, -1.7058263633665e+00, -5.3809847999469e-02, -2.4402958350112e+00,  1.3598665290000e+00,  9.0650800000000e-01,               500000
  2.4227006722365e+00,  1.1262992953475e+00,  1.1246304435420e+00, -5.5939833550975e-01,  3.1837666420253e-01,  7.9796825024876e-04,  4.5212909711138e-04, -3.3000022774026e-01, -2.1878196686930e-02, -2.1567554478346e+00, -1.8709601315571e-01, -2.9659564964845e+00,  1.4558782050000e+00,  9.0435200000000e-01,               500000
  2.4220906592609e+00,  1.1261657308598e+00,  1.1254716196184e+00, -5.5932093243507e-01,  2.7148968796732e-01,  7.3687134286430e-04,  3.3172979367054e-03, -2.3173458249999e-01, -1.1609271720406e-02, -1.6268682414762e+00, -6.2881103178422e-02, -2.3124308581997e+00,  1.4642912720000e+00,  9.0607200000000e-01,               500000
  2.4208484808552e+00,  1.1262245834111e+00,  1.1269582386453e+00, -5.5823857235736e-01,  3.5616336946983e-01,  8.4399451357201e-04,  3.4768614392156e-03, -3.0919814328848e-01, -1.2143305592822e-01, -3.5225744414025e+00, -1.2110205836337e-01, -3.8950362365647e+00,  1.3746809870000e+00,  9.0744800000000e-01,               500000
  2.4190057038464e+00,  1.1280657273735e+00,  1.1297028891367e+00, -5.5344635567549e-01,  2.2565700823874e-01,  6.7179908936935e-04,  1.2045433081898e-03, -1.9551176776580e-01,  4.6301054813635e-02, -1.4294952763281e+00,  1.1542371890051e-01, -1.6146664844649e+00,  1.3796523300000e+00,  9.0831600000000e-01,               500000
  2.4170990000826e+00,  1.1290654600411e+00,  1.1308726882317e+00, -5.5633342048803e-01,  2.6029121070685e-01,  7.2151397866826e-04,  5.2372114852051e-03, -2.4967819904568e-01,  3.5698047785653e-02, -1.9024654473836e+00,  1.9099310321492e-01, -2.1593265551202e+00,  1.4393281020000e+00,  9.0487200000000e-01,               500000
  2.4142584472981e+00,  1.1294604423159e+00,  1.1297500364846e+00, -5.5516892140718e-01,  2.3995017872964e-01,  6.9274840848556e-04,  6.4311177600505e-03, -2.1706663358026e-01,  1.2252038646123e-01, -1.6081545351784e+00,  1.3901136889414e-01, -1.8718922430985e+00,  1.4692863110000e+00,  9.0407000000000e-01,               500000
  2.4103042622880e+00,  1.1280286492495e+00,  1.1271451322384e+00, -5.5475729020048e-01,  3.0508079117304e-01,  7.8112840323860e-04, -1.1917033995338e-02, -2.7262340160115e-01, -4.2016113763431e-02, -2.0502881981195e+00, -4.1993551865984e-02, -2.6228249857114e+00,  1.4135359770000e+00,  9.1100400000000e-01,               500000
  2.4093876542549e+00,  1.1273697438083e+00,  1.1252916931493e+00, -5.5068434624028e-01,  3.2786980817355e-01,  8.0977751039845e-04, -5.1936095565034e-03, -2.7959370173894e-01, -2.3660036536944e-02, -2.2873004377039e+00, -2.0390317128821e-01, -3.1092073615280e+00,  1.4188231270000e+00,  9.0715000000000e-01,               500000
  2.4097381117222e+00,  1.1271418002197e+00,  1.1260028342888e+00, -5.5029568895047e-01,  3.0850973575324e-01,  7.8550586981032e-04, -5.7536232794279e-03, -3.4008194393875e-01, -3.1617969588448e-02, -2.0383722319566e+00, -1.3622939064022e-01, -2.8423775404698e+00,  1.3560953770000e+00,  9.0624400000000e-01,               500000
  2.4113691423358e+00,  1.1274215127449e+00,  1.1282491060114e+00, -5.6395078598548e-01,  2.4829881737201e-01,  7.0469683889175e-04,  3.6556396428073e-03, -2.0284946755592e-01,  3.6166830573872e-02, -1.6079628995021e+00,  5.9233120278573e-02, -1.8863364921212e+00,  1.3750098920000e+00,  9.0498200000000e-01,               500000
  2.4120512361367e+00,  1.1271458188159e+00,  1.1295971539937e+00, -5.5220037930877e-01,  2.6374374535127e-01,  7.2628334051012e-04,  1.1885231422583e-03, -2.5310241244971e-01, -3.2313162953924e-02, -1.9603169095349e+00,  4.4502512275285e-02, -2.0290684624649e+00,  1.3919360170000e+00,  9.0792800000000e-01,               500000
  2.4124300919334e+00,  1.1273962844450e+00,  1.1303045276985e+00, -5.5900907434546e-01,  2.8161274957334e-01,  7.5048351024301e-04,  1.6895900670950e-03, -2.8733677320643e-01, -3.2127936489701e-02, -2.1427173878274e+00,  1.6184577302748e-01, -2.1542002310659e+00,  1.5020061130000e+00,  9.0585400000000e-01,               500000
  2.4124251767344e+00,  1.1281228875172e+00,  1.1290480051239e+00, -5.5431448046078e-01,  2.7403147241914e-01,  7.4031273448339e-04, -1.2348349930663e-03, -2.4610013332570e-01,  4.4706337600063e-03, -1.7748176966383e+00,  4.2496402908527e-02, -2.1741026825556e+00,  1.4433520760000e+00,  9.0173400000000e-01,               500000
  2.4127270408921e+00,  1.1287253116417e+00,  1.1274223138579e+00, -5.5422986895387e-01,  2.8696776277583e-01,  7.5758532559156e-04,  2.3159150540923e-04, -2.7386031231348e-01,  3.5480922633769e-02, -1.7754331693131e+00, -4.9495497040453e-02, -2.7350722165181e+00,  1.4123011040000e+00,  8.9836000000000e-01,               500000
  2.4129783904466e+00,  1.1287441588797e+00,  1.1265578300848e+00, -5.5597382318297e-01,  2.8065677517435e-01,  7.4920861604009e-04,  7.4189453939512e-03, -2.3771989884102e-01,  4.8496840688329e-02, -1.7977008900854e+00, -5.8183366303428e-02, -2.2894144369729e+00,  1.3917810780000e+00,  9.0048600000000e-01,               500000
  2.4115459735987e+00,  1.1280352152024e+00,  1.1264846600253e+00, -5.5722008526992e-01,  2.6428753727572e-01,  7.2703168744659e-04, -1.7552625784370e-03, -2.4531892999854e-01,  2.1502792677769e-02, -1.6547477170910e+00, -4.8139744875085e-02, -2.1581366267758e+00,  1.4507757260000e+00,  9.0267000000000e-01,               500000
  2.4106802305356e+00,  1.1270779866975e+00,  1.1270082142443e+00, -5.5142261622112e-01,  3.0275528233480e-01,  7.7814559349109e-04,  2.5386793059831e-04, -2.6785899062264e-01, -3.6961156686337e-02, -2.1429544249540e+00, -8.6839178591805e-02, -2.4607321322395e+00,  1.4780972660000e+00,  9.0118800000000e-01,               500000
  2.4098704548976e+00,  1.1267977910832e+00,  1.1285403813148e+00, -5.5502214479746e-01,  2.8102772048020e-01,  7.4970356872594e-04,  7.5163616568676e-03, -2.3118517287375e-01, -5.0015371847441e-02, -2.0470309080029e+00,  6.5359145483009e-02, -2.0895699209815e+00,  1.3719960820000e+00,  9.0644000000000e-01,               500000
  2.4074372695169e+00,  1.1273323582057e+00,  1.1291482107345e+00, -5.5050273933943e-01,  2.7517230620525e-01,  7.4185214996690e-04, -6.2340139158074e-03, -2.5962996030806e-01, -5.3546824154881e-02, -2.1751075787611e+00,  4.4604750227368e-02, -2.2210990224954e+00,  1.4296123610000e+00,  9.0567000000000e-01,               500000
  2.4067081528388e+00,  1.1286617688307e+00,  1.1291702299038e+00, -5.5767231167104e-01,  2.5331357844921e-01,  7.1177746304475e-04, -4.3804904938679e-04, -2.5009623690530e-01,  2.5899406065134e-02, -1.6669349005740e+00,  8.7732982113157e-02, -1.9711075558432e+00,  1.4876433350000e+00,  9.0469200000000e-01,               500000
  2.4061798360670e+00,  1.1294730446471e+00,  1.1281347652575e+00, -5.5521279682768e-01,  2.6310434459075e-01,  7.2540243257209e-04, -1.1994837232038e-03, -2.2021294789223e-01,  8.6573749221392e-02, -1.6381042180907e+00,  4.7790741599702e-03, -2.2785552861059e+00,  1.4422826900000e+00,  9.0279400000000e-01,               500000
  2.4060070992211e+00,  1.1288672213778e+00,  1.1271547592042e+00, -5.5736329712669e-01,  2.7159467389115e-01,  7.3701380433633e-04,  1.6969778929354e-03, -2.6782848516877e-01,  4.8830221771895e-02, -1.8214910442829e+00, -2.2719129145258e-02, -2.3310202841512e+00,  1.3707300760000e+00,  9.0592400000000e-01,               500000
  2.4054860856928e+00,  1.1275690695311e+00,  1.1265621851456e+00, -5.5237920456851e-01,  2.8210141014347e-01,  7.5113435568275e-04,  5.4532062984282e-03, -2.2306075162301e-01, -3.1585727842754e-02, -1.9799652144382e+00, -6.1820831888522e-02, -2.2425011024073e+00,  1.3808898180000e+00,  9.0632400000000e-01,               500000
  2.4037637843927e+00,  1.1269086542972e+00,  1.1268014611044e+00, -5.5399292510784e-01,  2.8198036354978e-01,  7.5097318667150e-04, -6.0953106286064e-03, -2.5889310582903e-01, -1.2942255658666e-02, -1.8711482109679e+00, -1.2353562264014e-01, -2.2439258658752e+00,  1.4518343410000e+00,  9.0145000000000e-01,               500000
  2.4036720210736e+00,  1.1265311244120e+00,  1.1285569590044e+00, -5.5719443658665e-01,  2.6514691531397e-01,  7.2821276466974e-04,  1.2783198192126e-04, -1.9656524630002e-01, -9.3344041978023e-02, -2.1113893638949e+00,  7.2610757794012e-02, -2.0158628871803e+00,  1.4626486450000e+00,  9.0290400000000e-01,               500000
  2.4035821457359e+00,  1.1276857633353e+00,  1.1292552377237e+00, -5.5795528931715e-01,  2.6253425513711e-01,  7.2461611234793e-04,  6.9683376694639e-03, -2.2820516033693e-01,  2.5696056768124e-02, -1.7527605426446e+00,  7.0379452652420e-02, -2.2600523577028e+00,  1.4007689650000e+00,  9.0636800000000e-01,               500000
  2.4018776608628e+00,  1.1283341374507e+00,  1.1290245369699e+00, -5.5960629679327e-01,  2.6019002962012e-01,  7.2137373062805e-04,  1.1328161114805e-02, -2.0351024785122e-01,  9.2444497285186e-02, -1.6195243355470e+00,  1.1785384431543e-01, -2.1002365078125e+00,  1.4148236720000e+00,  9.0432200000000e-01,               500000
  2.3976735650631e+00,  1.1274574533898e+00,  1.1273581916636e+00, -5.5665920254145e-01,  3.3117595183544e-01,  8.1385004986845e-04, -1.9374531362130e-02, -3.9039437098266e-01, -8.2885570156908e-02, -3.1800033386948e+00, -1.3922697087546e-02, -3.7577974555131e+00,  1.3726815440000e+00,  9.0602600000000e-01,               500000
  2.3985375521809e+00,  1.1280183484939e+00,  1.1260508824843e+00, -5.5812064772713e-01,  3.3227313939771e-01,  8.1519707972700e-04, -9.6212758904567e-03, -3.3580059454174e-01,  6.3957520944012e-03, -2.4272299854673e+00, -1.7254306415294e-01, -3.6282724068002e+00,  1.4106177690000e+00,  9.0290000000000e-01,               500000
  2.4016499417589e+00,  1.1284417371291e+00,  1.1270618225810e+00, -5.5502974818153e-01,  2.9826483024127e-01,  7.7235332619374e-04,  1.7535908365293e-03, -2.3562807908363e-01,  4.9704424616233e-02, -1.6682977095166e+00, -1.1222654020979e-01, -3.1295197498173e+00,  1.4535685530000e+00,  9.0065200000000e-01,               500000
  2.4040701319374e+00,  1.1280359260889e+00,  1.1294095057069e+00, -5.5867779644552e-01,  2.6598434234772e-01,  7.2936183386261e-04, -5.3132069735619e-03, -2.8902871919278e-01,  7.3650747152766e-03, -2.0668651297519e+00,  1.2649654358587e-01, -2.1002601385633e+00,  1.3604126630000e+00,  9.0389400000000e-01,               500000
  2.4075653640836e+00,  1.1275668669340e+00,  1.1299424417036e+00, -5.5255391734056e-01,  2.5890261863133e-01,  7.1958685178556e-04,  7.4413614439005e-03, -2.0572864086507e-01, -1.8534463567223e-02, -2.1453086817502e+00,  1.4645445024432e-01, -1.8113643092550e+00,  1.4561940700000e+00,  9.0212200000000e-01,               500000
  2.4089545073548e+00,  1.1274617320959e+00,  1.1285765959519e+00, -5.5639952041931e-01,  2.5504159181967e-01,  7.1420108067640e-04,  9.0217994471008e-03, -2.2077860765627e-01,  3.8921785345280e-02, -1.4534217227169e+00,  6.5843979917459e-02, -2.1553410102435e+00,  1.3755433620000e+00,  9.0311400000000e-01,               500000
  2.4080569038662e+00,  1.1267440394503e+00,  1.1265182618956e+00, -5.5901902676009e-01,  2.8131199911200e-01,  7.5008266092745e-04,  5.9544920128906e-03, -2.4457868896458e-01,  9.4415802502800e-03, -1.8323313068245e+00, -7.5412129954878e-02, -2.2687030675504e+00,  1.4167704880000e+00,  9.0480000000000e-01,               500000
  2.4058336633995e+00,  1.1259563052815e+00,  1.1256375069426e+00, -5.5403799640611e-01,  4.9762804083109e-01,  9.9762522104354e-04, -1.0381703397269e-02, -5.1476300335219e-01, -1.7692400151806e-01, -7.0666496481019e+00, -1.8853179207929e-01, -6.3867026459162e+00,  1.4364281720000e+00,  9.0134600000000e-01,               500000
  2.4064113534789e+00,  1.1282052704745e+00,  1.1272992288817e+00, -5.5755685971619e-01,  2.4887849512251e-01,  7.0551895101763e-04,  4.1933978145639e-03, -2.0957261687142e-01,  6.1080135928689e-02, -1.6801775674414e+00,  4.7804786645244e-03, -1.8201783077690e+00,  1.3916674160000e+00,  9.1027400000000e-01,               500000
  2.4059366953658e+00,  1.1292449050359e+00,  1.1287503081718e+00, -5.6039319479620e-01,  2.4323846923386e-01,  6.9747898783241e-04,  3.3198315647808e-03, -2.2222138126932e-01,  1.0266856448960e-01, -1.5771951259043e+00,  5.4432692180060e-02, -1.9983630821578e+00,  1.4811491030000e+00,  9.0318800000000e-01,               500000
  2.4047234232848e+00,  1.1285017079685e+00,  1.1293713570255e+00, -5.5572706051338e-01,  2.5589787402399e-01,  7.1539901317236e-04, -8.8448745826419e-03, -2.2184016472353e-01, -1.1244253933516e-02, -1.8781033143428e+00,  4.6624569809691e-02, -2.2947747775250e+00,  1.3903493910000e+00,  9.0312000000000e-01,               500000
  2.4058244972481e+00,  1.1280323132662e+00,  1.1293434301277e+00, -5.5201018683621e-01,  2.8534952960975e-01,  7.5544626494510e-04, -1.5047904658462e-02, -2.8951272121205e-01, -1.0507408538150e-01, -2.5279817195591e+00,  8.0124823348365e-02, -2.1008457085650e+00,  1.3573078080000e+00,  9.0793000000000e-01,               500000
  2.4105482221605e+00,  1.1293754488716e+00,  1.1282910139939e+00, -5.6101285956405e-01,  2.5925074702549e-01,  7.2007047853039e-04,  1.8118783680659e-02, -2.0417648392449e-01,  8.9065130545966e-02, -1.7597085124604e+00,  1.0316873867229e-01, -1.8769070863774e+00,  1.4217105560000e+00,  9.0562600000000e-01,               500000
  2.4103746489626e+00,  1.1291182045226e+00,  1.1260085311551e+00, -5.5749908817013e-01,  2.6653068951949e-01,  7.3011052522134e-04,  3.1475065412033e-03, -2.3307084855877e-01,  6.0952983748373e-02, -1.3446570692516e+00, -8.2395326834575e-02, -2.4986391350051e+00,  1.4527339950000e+00,  9.0362200000000e-01,               500000
  2.4094704599256e+00,  1.1278778407988e+00,  1.1250411982810e+00, -5.5054373012118e-01,  3.5488218773382e-01,  8.4247514827895e-04, -1.5468847077809e-02, -2.7240960673992e-01, -3.1966514588796e-02, -2.4062829901638e+00, -2.8716180545535e-01, -4.3301340587032e+00,  1.4544583410000e+00,  9.0591600000000e-01,               500000
  2.4125091648211e+00,  1.1273143180011e+00,  1.1279576917567e+00, -5.4954345742970e-01,  2.7604789318948e-01,  7.4303148411017e-04, -7.3142772235251e-03, -2.6191284200475e-01, -5.5322940581797e-02, -1.9129105876881e+00, -2.4957874935186e-02, -2.5395799442919e+00,  1.4235729730000e+00,  9.0321600000000e-01,               500000
  2.4170959971313e+00,  1.1277529225822e+00,  1.1309359896189e+00, -5.5267192146623e-01,  2.4750191583396e-01,  7.0356508701606e-04,  5.5423562115749e-03, -2.2432228058157e-01, -2.8762660335951e-02, -1.9232315563283e+00,  1.9199431777440e-01, -1.6890421272319e+00,  1.3678338870000e+00,  9.0695600000000e-01,               500000
  2.4198879620769e+00,  1.1286510536337e+00,  1.1311055621003e+00, -5.5376422595835e-01,  2.3855182627348e-01,  6.9072690156599e-04,  9.6708285654649e-03, -2.2642679752277e-01,  2.9308087284873e-02, -1.5941622077987e+00,  1.6756716961783e-01, -1.7282808366539e+00,  1.4628792910000e+00,  9.0946000000000e-01,               500000
  2.4200265308548e+00,  1.1289788848237e+00,  1.1290569787575e+00, -5.4937443381510e-01,  2.3686741793414e-01,  6.8828397908732e-04,  7.4420636012522e-04, -2.1422472777440e-01,  4.2141907515588e-02, -1.5161504621626e+00,  7.6471656485213e-02, -1.8122899465723e+00,  1.3940430390000e+00,  9.0395400000000e-01,               500000
  2.4199924342047e+00,  1.1285712709783e+00,  1.1262061662220e+00, -5.5216519074697e-01,  3.0589151884265e-01,  7.8216560758276e-04, -1.0596429551929e-02, -2.9091209811879e-01, -2.8492051475058e-02, -2.2595962468015e+00, -1.2311166003706e-01, -2.5954465964920e+00,  1.4742158530000e+00,  9.0215400000000e-01,               500000
  2.4226526569666e+00,  1.1287085129721e+00,  1.1252860368899e+00, -5.5523590732712e-01,  2.8776623594157e-01,  7.5863856472180e-04, -6.0300038588872e-03, -2.5926577388552e-01,  3.8226615518944e-02, -1.6817648779080e+00, -1.9782163610068e-01, -2.6505888986960e+00,  1.4244515180000e+00,  9.0747800000000e-01,               500000
  2.4266016834978e+00,  1.1281926212849e+00,  1.1271085643372e+00, -5.5572561497597e-01,  2.3934931824568e-01,  6.9188050737925e-04,  5.2787542435034e-03, -1.9277092389591e-01,  8.5178783850474e-02, -1.4505891759897e+00,  5.7224552387756e-03, -1.7747601539977e+00,  1.3874955940000e+00,  9.0295600000000e-01,               500000
  2.4288605706476e+00,  1.1262772575247e+00,  1.1286896101131e+00, -5.5421517998670e-01,  3.1757292762710e-01,  7.9696038499677e-04,  7.2151788175992e-03, -2.5643392448569e-01, -7.3302182364794e-02, -2.4176126691365e+00, -1.2820710476781e-02, -3.3719233741511e+00,  1.4370665030000e+00,  9.0755400000000e-01,               500000
  2.4291081457785e+00,  1.1258310722875e+00,  1.1303116840661e+00, -5.6058787873632e-01,  2.5380042388573e-01,  7.1246112018234e-04,  1.0623213688826e-02, -1.8271587060121e-01, -2.3068114729970e-03, -1.7118701218123e+00,  1.3711037465540e-01, -1.9618854141332e+00,  1.4000670540000e+00,  9.0072200000000e-01,               500000
  2.4266633964123e+00,  1.1254828334150e+00,  1.1299454138345e+00, -5.5122952690541e-01,  2.6922058026810e-01,  7.3378550035837e-04,  1.0892877614848e-02, -2.4728630440815e-01, -1.0066807914687e-01, -1.8807738215029e+00,  1.2036168402753e-01, -2.1808689583018e+00,  1.4293400840000e+00,  8.9799200000000e-01,               500000
  2.4217237385373e+00,  1.1269286340790e+00,  1.1280065847378e+00, -5.5718185355311e-01,  2.8269325357425e-01,  7.5192187569487e-04,  4.3295285546783e-04, -2.6941797943660e-01, -5.8396501863103e-02, -2.0420179600679e+00, -5.1972536199259e-03, -2.2824074969901e+00,  1.4267451370000e+00,  9.0313200000000e-01,               500000
  2.4171877994590e+00,  1.1292662759168e+00,  1.1263417761114e+00, -5.5364720830056e-01,  2.5539237023742e-01,  7.1469205989352e-04,  7.2341736345528e-03, -2.1855117840311e-01,  7.8983317733787e-02, -1.3904139021720e+00, -7.5566609799652e-02, -2.0437068779213e+00,  1.4728291550000e+00,  9.0447600000000e-01,               500000
  2.4112742241166e+00,  1.1300120437491e+00,  1.1258780558259e+00, -5.5252090656748e-01,  2.6728629206923e-01,  7.3114470806979e-04,  9.7168747272753e-04, -1.8393570888911e-01,  7.7142136041983e-02, -1.6425271853847e+00, -1.2955064133813e-01, -2.2545425913185e+00,  1.3922235960000e+00,  9.0500400000000e-01,               500000
  2.4057097083975e+00,  1.1293512413561e+00,  1.1272375706651e+00, -5.5639014305780e-01,  2.8521052819540e-01,  7.5526224345640e-04, -1.5622429932798e-03, -2.8860241459730e-01,  4.1163711719629e-02, -1.6899717142343e+00, -6.3104321472980e-02, -2.5915229059322e+00,  1.3930410300000e+00,  8.9932800000000e-01,               500000
  2.4011245927645e+00,  1.1280477828028e+00,  1.1293438029014e+00, -5.6422569667829e-01,  2.6155058046268e-01,  7.2325732690748e-04,  1.1992054772462e-02, -2.4174242164861e-01,  2.9353629874150e-02, -1.7828208020704e+00,  1.1147870172168e-01, -2.1806261202504e+00,  1.4145358690000e+00,  9.0940800000000e-01,               500000
  2.3939324360927e+00,  1.1263704471880e+00,  1.1297339628247e+00, -5.5778734057747e-01,  3.2299841954202e-01,  8.0373928551741e-04, -4.2154675391363e-03, -3.9645195181786e-01, -9.7848329969172e-02, -2.5096010724572e+00,  1.0156143735624e-01, -3.5426319499632e+00,  1.3695362980000e+00,  9.0548000000000e-01,               500000
  2.3885804192598e+00,  1.1266044347435e+00,  1.1287163619250e+00, -5.5097174777686e-01,  3.0862375501354e-01,  7.8565101032652e-04, -1.5697330067298e-02, -2.6549004011530e-01, -1.4549082839886e-01, -2.5462533619362e+00,  1.9224374050722e-02, -2.3180625667980e+00,  1.3262728560000e+00,  9.0102000000000e-01,               500000
  2.3878519836141e+00,  1.1294096484177e+00,  1.1275489366940e+00, -5.6208845857187e-01,  2.7123091690542e-01,  7.3652008377969e-04, -1.2958268440056e-02, -2.4240160684939e-01,  6.9247346047945e-02, -1.7995640861062e+00, -1.1267886911365e-02, -2.2215221551948e+00,  1.4248191470000e+00,  9.0235800000000e-01,               500000
  2.3905830372806e+00,  1.1307300903784e+00,  1.1266659745297e+00, -5.5653360553208e-01,  2.7560759098641e-01,  7.4243867219644e-04, -1.4212463125875e-02, -2.9055663392394e-01,  1.0229129632800e-01, -1.8207181127347e+00, -1.1498364590107e-01, -2.4480122030123e+00,  1.3655539240000e+00,  9.0285000000000e-01,               500000
  2.3967682943751e+00,  1.1301196632810e+00,  1.1274785574416e+00, -5.5113145715181e-01,  2.5916131666233e-01,  7.1994627113741e-04, -1.7182607444544e-03, -2.6314512802650e-01,  6.6170699543811e-02, -1.6227090218952e+00, -5.0802383354172e-02, -2.2457085619116e+00,  1.3616106240000e+00,  8.9838000000000e-01,               500000
  2.4028331643668e+00,  1.1284035825912e+00,  1.1289333826954e+00, -5.5737520083349e-01,  2.7402634516519e-01,  7.4030580865639e-04, -9.9173687822177e-04, -2.4789800186629e-01,  6.7664949128067e-02, -1.7423133871540e+00,  3.6455373492646e-02, -2.4944663106411e+00,  1.4604453510000e+00,  9.0392600000000e-01,               500000
  2.4085992597706e+00,  1.1256605734121e+00,  1.1297561159905e+00, -5.5270177682345e-01,  2.8882665032329e-01,  7.6003506540593e-04, -8.1568839611130e-03, -2.6124355422653e-01, -1.5595611469533e-01, -2.2802627277169e+00,  7.4937472451564e-02, -2.2701659469668e+00,  1.4355947440000e+00,  9.0798200000000e-01,               500000
  2.4159694383440e+00,  1.1260010373464e+00,  1.1294674376182e+00, -5.5523160261124e-01,  2.8980931525573e-01,  7.6132688807860e-04, -1.6144781574601e-02, -2.6561314385470e-01, -1.2159296935675e-01, -2.1879148379266e+00,  3.3682586216211e-02, -2.2696173750041e+00,  1.4175305530000e+00,  9.0526600000000e-01,               500000
  2.4268696182651e+00,  1.1285114109955e+00,  1.1287506779098e+00, -5.5196489531010e-01,  2.6266773358717e-01,  7.2480029468423e-04, -3.5824299615368e-03, -2.3065333439540e-01,  5.3058256592125e-02, -1.5664772779375e+00,  2.1021607433983e-02, -2.2238086476537e+00,  1.3875387910000e+00,  9.0094600000000e-01,               500000
  2.4376790054845e+00,  1.1298358168830e+00,  1.1278237851621e+00, -5.6050152063226e-01,  2.4014705744870e-01,  6.9303254966661e-04,  2.3563119508542e-03, -2.1936258906783e-01,  1.2992904333652e-01, -1.4299142174230e+00,  4.4552000096415e-02, -1.8958205219251e+00,  1.4466900270000e+00,  9.0398000000000e-01,               500000
  2.4468444933497e+00,  1.1286979836722e+00,  1.1263723643287e+00, -5.5563407314504e-01,  2.5674029641793e-01,  7.1657560161915e-04,  4.5425338746473e-03, -2.4027873353170e-01,  7.0132246439931e-02, -1.6486849901757e+00, -5.1503178652999e-02, -2.0159057311432e+00,  1.4521867250000e+00,  9.0044600000000e-01,               500000
  2.4539487764460e+00,  1.1264164436336e+00,  1.1258047818506e+00, -5.5394644019649e-01,  3.0275299873074e-01,  7.7814265881102e-04,  3.6423436615101e-03, -3.0214566744171e-01, -5.6343609730694e-02, -2.1828842631174e+00, -1.0601041985108e-01, -2.6595155272429e+00,  1.3897648890000e+00,  9.0432800000000e-01,               500000
  2.4594363096125e+00,  1.1253999006432e+00,  1.1268144217007e+00, -5.5109945272778e-01,  2.7511604987262e-01,  7.4177631382058e-04,  1.2279884582412e-03, -2.2700747092416e-01, -1.2488755148657e-01, -2.0178961192532e+00, -3.0544571758034e-02, -1.8713346444213e+00,  1.3850255950000e+00,  9.0223800000000e-01,               500000
  2.4640935618498e+00,  1.1267736738036e+00,  1.1281733705446e+00, -5.5662422331508e-01,  2.6744985448202e-01,  7.3136838116235e-04,  9.1432218820656e-03, -2.0141179170603e-01, -5.8274457931506e-02, -2.0337313280617e+00,  6.1906953077089e-02, -1.9721529974511e+00,  1.6696924470000e+00,  9.0647000000000e-01,               500000
  2.4658873815112e+00,  1.1290953879600e+00,  1.1285311993844e+00, -5.5696129639152e-01,  2.5205551719765e-01,  7.1000777065840e-04,  8.9747885873676e-03, -2.2057894129153e-01,  9.8031709929102e-02, -1.5545523315037e+00,  7.3658460772081e-02, -2.0218532657527e+00,  1.4961322860000e+00,  9.0158400000000e-01,               500000
  2.4651403791795e+00,  1.1294111678499e+00,  1.1278153390356e+00, -5.6709739914614e-01,  2.2945230329513e-01,  6.7742498226023e-04,  2.5844656774070e-02, -1.9060794414006e-01,  1.7762472150200e-01, -1.4421523811747e+00,  1.1538651992889e-01, -1.6926577275188e+00,  1.4931289670000e+00,  9.0575000000000e-01,               500000
  2.4576172850439e+00,  1.1264542902605e+00,  1.1255273202732e+00, -5.5918725946539e-01,  2.7248972589153e-01,  7.3822723587189e-04,  2.3498901118945e-03, -2.1370287308664e-01, -3.7345413040521e-02, -1.8033943687229e+00, -2.0006637139373e-02, -2.0880987294633e+00,  1.4365522290000e+00,  9.0097000000000e-01,               500000
  2.4502286094779e+00,  1.1244883874401e+00,  1.1237648363403e+00, -5.5573560459318e-01,  3.2267025903749e-01,  8.0333088953119e-04, -6.8413767719366e-03, -2.9807580941788e-01, -1.6776456000803e-01, -2.2726238963008e+00, -2.1941206645806e-01, -2.7592067262372e+00,  1.3940690320000e+00,  9.0603200000000e-01,               500000
  2.4454325840589e+00,  1.1258251020509e+00,  1.1253557491893e+00, -5.6341505728840e-01,  2.8568870840074e-01,  7.5589510965576e-04, -5.0608175243675e-04, -2.5115406934147e-01, -8.3704751628139e-02, -1.9540198680711e+00, -9.9481049841710e-02, -2.4471380183344e+00,  1.6985636960000e+00,  9.0137000000000e-01,               500000
  2.4412733089509e+00,  1.1285941041815e+00,  1.1282454747273e+00, -5.5660141181849e-01,  2.6426804521703e-01,  7.2700487648575e-04,  9.7343931615156e-03, -2.1805955970146e-01,  8.3330949914871e-02, -1.6396927924547e+00,  1.1957393353552e-02, -2.3435774805586e+00,  1.6772794170000e+00,  9.0320800000000e-01,               500000
  2.4349342448199e+00,  1.1295659145125e+00,  1.1306974379067e+00, -5.5658428518920e-01,  2.2389833032561e-01,  6.6917610585796e-04,  2.5788290092190e-03, -1.7070193273360e-01,  1.0498498039494e-01, -1.3784647188708e+00,  1.7800489287507e-01, -1.6360416850296e+00,  1.4165542860000e+00,  9.0760400000000e-01,               500000
  2.4285409451976e+00,  1.1285081903982e+00,  1.1303376368131e+00, -5.5887689428436e-01,  2.3681105434095e-01,  6.8820208418887e-04, -3.4523961592821e-03, -2.2528977363272e-01,  8.5695913677126e-02, -1.3362001572983e+00,  1.6244904897685e-01, -1.9143446501746e+00,  1.4157683990000e+00,  9.1240200000000e-01,               500000
  2.4237351397989e+00,  1.1259727373337e+00,  1.1276645350984e+00, -5.6145371525265e-01,  2.6754225385478e-01,  7.3149470791631e-04,  1.1888697648003e-02, -2.2304128494412e-01, -1.7415218803856e-02, -1.9143447181924e+00,  5.2517614448441e-02, -1.9620326750221e+00,  1.4948534270000e+00,  9.0325400000000e-01,               500000
  2.4162135177219e+00,  1.1240270422663e+00,  1.1245005928193e+00, -5.4967409216209e-01,  3.0844849679648e-01,  7.8542790477100e-04, -1.4265426685657e-02, -2.6430411760681e-01, -1.4290970231332e-01, -1.9099260708498e+00, -2.1093582252570e-01, -2.5104697376228e+00,  1.4157756760000e+00,  9.0876400000000e-01,               500000
  2.4133397039771e+00,  1.1249603926939e+00,  1.1247478202101e+00, -5.6237853675160e-01,  3.3851308305903e-01,  8.2281599772857e-04, -5.8251257056288e-03, -3.2507483584581e-01, -1.3778146428609e-01, -2.5137094484509e+00, -1.6223526892880e-01, -2.8992379861603e+00,  1.3898141740000e+00,  9.0582400000000e-01,               500000
  2.4123740721935e+00,  1.1284051612216e+00,  1.1273670266124e+00, -5.5928808871610e-01,  2.7594341937312e-01,  7.4289086597309e-04,  6.0978085628445e-03, -2.5389774527545e-01,  6.0006457494397e-02, -1.9557318294394e+00, -2.5834285139542e-02, -2.3673389782829e+00,  1.4724817840000e+00,  9.0783200000000e-01,               500000
  2.4098761680449e+00,  1.1304055834013e+00,  1.1301274084807e+00, -5.5635265604832e-01,  2.3846307926888e-01,  6.9059840612165e-04,  1.3272854605647e-02, -2.1939394595739e-01,  1.2820167024304e-01, -1.4816188683767e+00,  1.3220648807708e-01, -1.9067053751724e+00,  1.4294956210000e+00,  9.0358400000000e-01,               500000
  2.4040341301322e+00,  1.1298121251379e+00,  1.1306863255849e+00, -5.5781942351640e-01,  2.6657838311960e-01,  7.3017584610777e-04, -2.2818237977806e-04, -2.2398150621340e-01,  6.6192627536311e-02, -1.9782550946955e+00,  1.8515675933280e-01, -2.1592962337460e+00,  1.6115172410000e+00,  9.0513200000000e-01,               500000
  2.3988549292971e+00,  1.1280469338340e+00,  1.1284765776175e+00, -5.5575189485621e-01,  2.5695010706900e-01,  7.1686833807750e-04,  3.3195670257867e-03, -1.6809891772192e-01,  1.8039192128871e-02, -1.5835081941086e+00,  2.3641006317804e-02, -2.1437988510533e+00,  1.4069257760000e+00,  9.0886000000000e-01,               500000
  2.3932939025167e+00,  1.1261277789127e+00,  1.1261487677387e+00, -5.5140271821082e-01,  3.2247898590632e-01,  8.0309275417765e-04, -1.0373231804640e-02, -2.2686634021199e-01, -1.2302909560426e-01, -2.3684519947606e+00, -1.5501980928616e-01, -2.4594212782756e+00,  1.4157818440000e+00,  8.9873000000000e-01,               500000
  2.3911613179171e+00,  1.1267508218354e+00,  1.1263639621451e+00, -5.5173283909508e-01,  2.9126746964798e-01,  7.6323976527429e-04, -5.1937000223468e-03, -2.4581263092275e-01, -7.1742828856917e-02, -1.8168111665581e+00, -1.1686646649073e-01, -2.5312790498263e+00,  1.4170924460000e+00,  9.0306600000000e-01,               500000
  2.3907017072231e+00,  1.1286932042867e+00,  1.1283122767079e+00, -5.5384040668423e-01,  2.7430383677922e-01,  7.4068054757665e-04,  7.5408688558525e-03, -2.3607305561454e-01,  3.0801557248331e-02, -1.9700122220475e+00,  1.5931633623263e-02, -2.1276353960222e+00,  1.3393771520000e+00,  9.0460800000000e-01,               500000
  2.3882379140530e+00,  1.1298780323493e+00,  1.1298491062609e+00, -5.5707979770110e-01,  2.5499597269709e-01,  7.1413720347996e-04, -1.8512272598823e-02, -2.5569204945593e-01,  7.5927464557098e-02, -1.7401640067764e+00,  7.2246704282410e-02, -2.1030744109906e+00,  1.4078804980000e+00,  9.0357000000000e-01,               500000
  2.3911659999475e+00,  1.1295137346921e+00,  1.1301730380411e+00, -5.5230152532634e-01,  2.5875464762612e-01,  7.1938118911481e-04,  8.7323955012494e-03, -2.0469949982119e-01,  8.3093067635404e-02, -1.6608750217819e+00,  1.2612181218594e-01, -2.2138554614728e+00,  1.3337128050000e+00,  8.9982200000000e-01,               500000
  2.3914196866841e+00,  1.1276104373622e+00,  1.1285948094208e+00, -5.5585469623051e-01,  2.6676434029299e-01,  7.3043047621657e-04,  2.8346751659678e-04, -2.2427260211077e-01, -3.9207023402451e-02, -2.0071322547902e+00,  7.7412457619589e-02, -1.9578705175774e+00,  1.3893116460000e+00,  9.0642800000000e-01,               500000
  2.3916010966693e+00,  1.1266647158564e+00,  1.1260243638052e+00, -5.5391004417186e-01,  3.0398054269221e-01,  7.7971859371470e-04, -3.1057596354855e-03, -2.4397402363693e-01, -9.4507734232195e-02, -2.0068170739565e+00, -1.3411766975588e-01, -2.5990723832293e+00,  1.3819905580000e+00,  9.0847200000000e-01,               500000
  2.3926622332252e+00,  1.1276488030215e+00,  1.1257415200468e+00, -5.6156883305297e-01,  2.6700392406071e-01,  7.3075840612437e-04, -6.3786763740099e-03, -2.4179256480926e-01,  2.5998920467162e-02, -1.6612821523469e+00, -8.3778455506092e-02, -2.1861639995796e+00,  1.4668801360000e+00,  9.0458400000000e-01,               500000
  2.3954307406976e+00,  1.1280514108367e+00,  1.1267653171178e+00, -5.5796500161264e-01,  2.8528845426859e-01,  7.5536541391380e-04,  4.6016886229113e-03, -2.4354967965634e-01,  4.2130590549968e-02, -1.6855734798124e+00, -6.0363133028884e-02, -2.3781053122130e+00,  1.3935544870000e+00,  9.0299400000000e-01,               500000
  2.3966769994895e+00,  1.1276163881383e+00,  1.1286189926360e+00, -5.5983677074384e-01,  2.5751142609998e-01,  7.1765092642591e-04,  4.0249101249890e-03, -1.8561978299451e-01,  2.0135967449816e-02, -1.5094962201959e+00,  5.7215038059632e-02, -2.0690031466505e+00,  1.4376513310000e+00,  9.0025800000000e-01,               500000
  2.3967001974724e+00,  1.1268481402876e+00,  1.1294406143962e+00, -5.5706544636948e-01,  2.8769457320387e-01,  7.5854409654794e-04,  1.7621767715760e-03, -2.3757184284998e-01, -9.3879071122891e-02, -2.0430873973268e+00,  8.3828695491150e-02, -2.2764873302851e+00,  1.4260707570000e+00,  9.0492600000000e-01,               500000
  2.3962596921327e+00,  1.1279989709149e+00,  1.1289263737207e+00, -5.5608862485000e-01,  2.7428788840585e-01,  7.4065901520990e-04, -8.8324574739345e-03, -2.0921361820450e-01,  1.0060225225673e-02, -1.7402288272656e+00,  1.8619167769789e-02, -2.4418769861337e+00,  1.4758056120000e+00,  9.0662800000000e-01,               500000
  2.3983767151684e+00,  1.1288583854222e+00,  1.1281975164241e+00, -5.5920881852745e-01,  2.4655736934187e-01,  7.0222128897075e-04, -3.7642915881875e-03, -2.2568565669340e-01,  9.5837340990811e-02, -1.4842663701812e+00,  3.4742276526565e-02, -1.8917796581420e+00,  1.4422584260000e+00,  9.0293800000000e-01,               500000
  2.4013801504374e+00,  1.1277770798221e+00,  1.1270240901947e+00, -5.6520813136611e-01,  2.9206826151271e-01,  7.6428824603380e-04,  2.8813564263040e-03, -2.8595689796987e-01,  2.0255498767683e-02, -2.4517505404592e+00, -1.1707323999293e-04, -2.6827812953527e+00,  1.4739120380000e+00,  9.0450400000000e-01,               500000
  2.4033158122340e+00,  1.1264289587126e+00,  1.1259876058523e+00, -5.5146908918373e-01,  3.1759295889790e-01,  7.9698551918828e-04, -1.2796653697674e-02, -3.4235838248943e-01, -1.2914978956954e-01, -2.7229039910810e+00, -1.1735400086985e-01, -2.5470109348660e+00,  1.3865747670000e+00,  9.0529600000000e-01,               500000
  2.4087306658943e+00,  1.1277726148890e+00,  1.1268718030922e+00, -5.4581185526539e-01,  3.6170950052328e-01,  8.5054041705645e-04, -4.5732716532432e-03, -3.1634370112019e-01, -1.3500679988031e-01, -3.8425938629220e+00, -1.3731313384691e-01, -3.0550286685548e+00,  1.4308156880000e+00,  9.0516000000000e-01,               500000
  2.4149580318515e+00,  1.1316740573953e+00,  1.1298027515146e+00, -5.6057992443722e-01,  2.7796185145194e-01,  7.4560291234939e-04,  5.6331953364317e-03, -2.8743613559502e-01,  1.4669382720126e-01, -2.8083160187953e+00,  1.5040468390927e-01, -2.4554890724191e+00,  1.4282969630000e+00,  9.0512800000000e-01,               500000
  2.4190144012506e+00,  1.1323322567617e+00,  1.1301489537808e+00, -5.5594301508481e-01,  2.4544677784797e-01,  7.0063796335622e-04,  9.0671612583595e-03, -2.3897124210400e-01,  2.0486440261717e-01, -1.6770783567446e+00,  1.6898320253748e-01, -2.0773425332968e+00,  1.5174706280000e+00,  9.0878400000000e-01,               500000
  2.4201226426376e+00,  1.1289066139242e+00,  1.1278704127839e+00, -5.5905258802745e-01,  2.9362969294002e-01,  7.6632851041838e-04,  1.2699460511490e-02, -2.4296103758159e-01,  7.3829186447013e-02, -2.3897803246461e+00, -8.5292656246179e-03, -2.5075202583247e+00,  1.3511974160000e+00,  9.0120000000000e-01,               500000
  2.4175332391815e+00,  1.1243824693951e+00,  1.1259658553192e+00, -5.5005501635897e-01,  3.4810868119833e-01,  8.3439640603052e-04, -5.8375460271276e-03, -3.2618549310293e-01, -2.2069809607469e-01, -3.1522073278920e+00, -1.1268948452206e-01, -3.0888734996281e+00,  1.3667344610000e+00,  9.0520000000000e-01,               500000
  2.4169131700586e+00,  1.1246990247950e+00,  1.1260184692343e+00, -5.5096081013729e-01,  3.1454060730267e-01,  7.9314640174772e-04,  3.2210030011879e-03, -2.8867706616298e-01, -1.6007443496473e-01, -2.3936869544283e+00, -8.7026434371353e-02, -2.5804182826872e+00,  1.4901762660000e+00,  9.0576400000000e-01,               500000
  2.4154720215156e+00,  1.1281746944338e+00,  1.1274378898009e+00, -5.6391257384532e-01,  2.4792700104458e-01,  7.0416901528621e-04,  4.1305652631322e-03, -2.0433080282081e-01,  5.1058950953871e-02, -1.4752574192594e+00, -2.9815483986911e-04, -1.9477356711008e+00,  1.4001679130000e+00,  9.0761400000000e-01,               500000
  2.4130147202286e+00,  1.1303124145552e+00,  1.1287383583498e+00, -5.6049612553342e-01,  2.5153078349957e-01,  7.0926833215585e-04,  1.1527740310153e-02, -2.0675301299786e-01,  9.3209746867033e-02, -1.7367922314253e+00,  7.4305014909807e-02, -2.0900890494395e+00,  1.4619838540000e+00,  9.0213800000000e-01,               500000
  2.4075136079736e+00,  1.1304054529324e+00,  1.1287679559421e+00, -5.5920678726473e-01,  3.1740313312838e-01,  7.9674730389049e-04,  6.4811654406930e-03, -3.2408307777206e-01,  1.1743441287916e-01, -2.3546871317940e+00,  1.0810020216649e-01, -4.0649421947900e+00,  1.3712408990000e+00,  9.0105400000000e-01,               500000
  2.4007302942554e+00,  1.1281745649357e+00,  1.1271353142906e+00, -5.5495376330631e-01,  3.0317018167190e-01,  7.7867860079997e-04, -4.4184529434427e-03, -2.9536973026318e-01, -1.0508199912290e-02, -2.1336233446562e+00, -1.1452117570118e-01, -3.4144208333035e+00,  1.4707408540000e+00,  9.0442600000000e-01,               500000
  2.3959306955025e+00,  1.1263928711796e+00,  1.1274849741079e+00, -5.5197201788451e-01,  2.8086718152905e-01,  7.4948940156489e-04, -1.7679233673545e-02, -2.8625844816044e-01, -4.1815088390500e-02, -1.7752013365396e+00, -9.2591059397399e-02, -2.4320614131547e+00,  1.5434842840000e+00,  9.1141200000000e-01,               500000
  2.3967606048554e+00,  1.1256398967569e+00,  1.1292743263536e+00, -5.5097253939032e-01,  2.7594582293206e-01,  7.4289410137927e-04, -1.1382386341619e-02, -2.5942985532505e-01, -1.1124631073534e-01, -1.8532414783200e+00,  2.8409521423271e-02, -2.2029852386475e+00,  1.4285329500000e+00,  9.0768200000000e-01,               500000
  2.4008389212909e+00,  1.1272095485363e+00,  1.1304585257050e+00, -5.5130088907444e-01,  2.8805008040884e-01,  7.5901262230459e-04, -8.1020842505297e-03, -2.4085562959361e-01, -8.5694070956269e-02, -2.2443852362371e+00,  1.0501342650011e-01, -2.4279669115309e+00,  1.4340490220000e+00,  9.0203600000000e-01,               500000
  2.4068995023127e+00,  1.1303693132653e+00,  1.1298881572306e+00, -5.5453452427701e-01,  2.4008637666928e-01,  6.9294498579509e-04,  2.9063682408516e-03, -2.6188749520581e-01,  1.4471720392339e-01, -1.5635291906737e+00,  1.0152728953913e-01, -1.9307239872621e+00,  1.4937235700000e+00,  9.0462000000000e-01,               500000
  2.4115605742812e+00,  1.1303214918832e+00,  1.1277828932709e+00, -5.5944086305090e-01,  2.6046444699701e-01,  7.2175403981829e-04,  2.2434471674890e-03, -2.1326604496550e-01,  1.3162922981520e-01, -1.5622982614569e+00, -2.5516264681475e-03, -2.1144904589418e+00,  1.4254621390000e+00,  9.0487600000000e-01,               500000
  2.4151432398225e+00,  1.1276409375955e+00,  1.1259408112146e+00, -5.5241172156413e-01,  2.9235917438177e-01,  7.6466878369889e-04, -8.9577140226125e-03, -2.9016126449621e-01, -7.1020573643462e-02, -2.2769023371278e+00, -1.2564246929441e-01, -2.2678640648786e+00,  1.4797480320000e+00,  9.0194600000000e-01,               500000
  2.4210286269611e+00,  1.1266808048908e+00,  1.1262939944112e+00, -5.5542386627510e-01,  2.6915267865813e-01,  7.3369295847532e-04,  5.6083601777290e-03, -2.3366807182343e-01, -4.5788790889723e-02, -1.8142740471549e+00, -8.3885225847427e-02, -2.0575858072481e+00,  1.4304242210000e+00,  9.0074600000000e-01,               500000
  2.4247314531153e+00,  1.1267601657060e+00,  1.1279647899922e+00, -5.5224903322052e-01,  2.7086750486902e-01,  7.3602650070364e-04,  3.9281783889188e-03, -2.1386167999382e-01, -9.3003124650001e-02, -1.9259569045711e+00,  3.5305938908812e-02, -1.9744305762708e+00,  1.4109802640000e+00,  9.0325200000000e-01,               500000
  2.4269519080950e+00,  1.1287381950346e+00,  1.1289242491820e+00, -5.5199272389916e-01,  2.7380740970834e-01,  7.4001001305163e-04, -1.2444173875847e-02, -2.3595048978832e-01,  2.2836231317370e-02, -2.0515144400945e+00,  1.6875571393029e-02, -2.5396630219736e+00,  1.4328708270000e+00,  9.0486400000000e-01,               500000
  2.4326372515387e+00,  1.1300790679297e+00,  1.1295401176555e+00, -5.5669845987054e-01,  2.2735849726611e-01,  6.7432706792195e-04,  6.1691460074332e-03, -2.1838107984678e-01,  1.5774037881127e-01, -1.4232533831426e+00,  1.3558564785110e-01, -1.6141199475712e+00,  1.3658592750000e+00,  9.0930800000000e-01,               500000
  2.4359834439686e+00,  1.1280896347404e+00,  1.1279348521973e+00, -5.6016639717851e-01,  2.7696468365000e-01,  7.4426431279485e-04,  4.4861607045572e-03, -2.8171579513862e-01,  5.6766189220507e-02, -1.7388727115575e+00,  3.1263408009659e-02, -2.8049099705842e+00,  1.8427719700000e+00,  9.0547600000000e-01,               500000
  2.4377216299561e+00,  1.1251542505746e+00,  1.1260069207574e+00, -5.5876109093421e-01,  2.8662686581812e-01,  7.5713521357564e-04,  7.6129102432901e-03, -2.4719198854311e-01, -9.5832462105881e-02, -2.2084349978880e+00, -6.1861522458422e-02, -2.1719097937844e+00,  1.4000301360000e+00,  9.0467400000000e-01,               500000
  2.4370786019560e+00,  1.1244896323437e+00,  1.1252816114470e+00, -5.5844091939098e-01,  3.1669936548375e-01,  7.9586351277559e-04,  4.1451274211800e-03, -2.2213607753323e-01, -1.0930685783772e-01, -2.3204215931348e+00, -1.7305116144608e-01, -3.0133696738083e+00,  1.3799011940000e+00,  9.0273400000000e-01,               500000
  2.4353053790737e+00,  1.1261537429263e+00,  1.1274434595969e+00, -5.5458500423585e-01,  2.5796961438591e-01,  7.1828909832449e-04,  9.1667100429615e-03, -2.1105681447239e-01, -2.4416599207047e-02, -1.6793374950939e+00,  1.6125827639602e-03, -2.0667417409638e+00,  1.8892460520000e+00,  9.0666000000000e-01,               500000
  2.4310222017597e+00,  1.1281735744679e+00,  1.1293842980734e+00, -5.5111543640373e-01,  2.5151993086089e-01,  7.0925303081606e-04, -8.2044627159973e-03, -2.2506194926154e-01,  3.1051627497696e-02, -1.4990362141753e+00,  4.3197682002209e-02, -2.0354567923781e+00,  1.6301030860000e+00,  9.0439000000000e-01,               500000
  2.4296290357480e+00,  1.1293718602050e+00,  1.1304515189821e+00, -5.6148672213669e-01,  2.2296414703692e-01,  6.6777862654762e-04,  9.8865608082039e-03, -1.9576074725049e-01,  1.1220095703710e-01, -1.2492025743666e+00,  1.9117822748647e-01, -1.6664313427341e+00,  1.4956581070000e+00,  9.0802400000000e-01,               500000
  2.4254635448945e+00,  1.1281514621676e+00,  1.1283244667378e+00, -5.5673764514899e-01,  2.5122854037235e-01,  7.0884207038289e-04,  2.5582339111177e-03, -2.2532081159628e-01,  2.7021807416920e-02, -1.5813710960672e+00,  3.1095617143096e-02, -1.9898055243878e+00,  1.5831012750000e+00,  8.9883000000000e-01,               500000
  2.4209775366402e+00,  1.1265084509606e+00,  1.1259161514578e+00, -5.5337254434155e-01,  3.0881438095957e-01,  7.8589360725173e-04, -6.7885093372109e-03, -2.7766598868697e-01, -7.8027989644066e-02, -2.3266285230317e+00, -1.4005467705867e-01, -2.7747285691073e+00,  1.4364241540000e+00,  8.9988800000000e-01,               500000
  2.4190001948805e+00,  1.1266667999748e+00,  1.1260494833821e+00, -5.5894860876702e-01,  2.6795602025575e-01,  7.3206013449136e-04,  2.8796269357124e-03, -2.2712030199178e-01,  1.1845198324795e-02, -1.7190016811184e+00, -6.3975924073503e-02, -2.0724284935666e+00,  1.5893129180000e+00,  9.0492200000000e-01,               500000
  2.4163891290329e+00,  1.1265816000583e+00,  1.1272314098242e+00, -5.5778473705824e-01,  3.0551338927226e-01,  7.8168201881873e-04,  1.9188112379162e-03, -2.6715926428019e-01, -1.7554111980876e-02, -1.9343136848561e+00, -7.6485667200102e-02, -2.9046651979428e+00,  1.4331793940000e+00,  9.0325800000000e-01,               500000
  2.4134985932557e+00,  1.1268900811854e+00,  1.1295728794113e+00, -5.5348960830639e-01,  3.4777365487228e-01,  8.3399478999846e-04, -1.7004445833805e-03, -2.3677950499877e-01, -1.1849831376031e-01, -3.1556939031291e+00, -1.1680826887984e-02, -4.3780340168471e+00,  1.4527294700000e+00,  9.0749600000000e-01,               500000
  2.4114378365424e+00,  1.1296706341172e+00,  1.1319124836150e+00, -5.4890824744635e-01,  2.4155948210619e-01,  6.9506759686550e-04, -6.3034073076321e-03, -2.1667575581320e-01,  3.7989265149853e-02, -1.9559886300060e+00,  1.9323450034435e-01, -1.6474202710281e+00,  1.4483207780000e+00,  9.0454800000000e-01,               500000
  2.4115100728569e+00,  1.1314056296424e+00,  1.1308607214999e+00, -5.5730997292268e-01,  2.3720322836025e-01,  6.8877170145158e-04,  1.3736596947416e-03, -2.1010272902227e-01,  1.7462905839883e-01, -1.5241157235767e+00,  1.4014261133769e-01, -2.0433247945242e+00,  1.4094122100000e+00,  9.0658400000000e-01,               500000
  2.4111924116829e+00,  1.1293334274405e+00,  1.1276233553308e+00, -5.5527966405426e-01,  2.9345068136701e-01,  7.6609487841521e-04, -4.3770655700741e-03, -2.8866855384512e-01,  8.8818034787476e-02, -1.7177004743621e+00, -7.8483932776722e-02, -3.4123371824322e+00,  1.4277318760000e+00,  9.0009400000000e-01,               500000
  2.4122731572740e+00,  1.1256221113498e+00,  1.1260258318397e+00, -5.5230731339781e-01,  3.2883613551805e-01,  8.1096995692572e-04, -2.4902739324254e-03, -2.5393599134732e-01, -1.4183897088485e-01, -2.4139935226004e+00, -1.6954689259113e-01, -2.8471011932245e+00,  1.7595016660000e+00,  9.0500600000000e-01,               500000
  2.4140411199655e+00,  1.1252781824342e+00,  1.1274092023956e+00, -5.6136395652556e-01,  2.8049938266428e-01,  7.4899850822853e-04, -2.0617352020497e-03, -2.1654278262297e-01, -1.1239576025739e-01, -2.1320288044586e+00,  9.0323201316555e-03, -2.0054021099428e+00,  1.4131532790000e+00,  8.9995200000000e-01,               500000
  2.4162948546749e+00,  1.1273526098350e+00,  1.1285241230592e+00, -5.6510152493794e-01,  2.6022710719981e-01,  7.2142512736917e-04,  1.6622100044400e-02, -2.0770376147767e-01,  3.6688063860269e-02, -1.7047832313691e+00,  5.0305116128576e-02, -1.9139173712691e+00,  1.4239109910000e+00,  9.0776400000000e-01,               500000
  2.4133063502781e+00,  1.1284689016230e+00,  1.1287112196215e+00, -5.5695568023500e-01,  2.6144462164507e-01,  7.2311080982802e-04, -3.5729733501867e-03, -2.3268729189345e-01,  4.3454231672068e-02, -1.7020838170854e+00,  6.8490152278702e-02, -1.9517869297219e+00,  1.4226901710000e+00,  9.1136800000000e-01,               500000
  2.4117338879090e+00,  1.1285765024311e+00,  1.1277577827909e+00, -5.5476515888985e-01,  2.6051748851081e-01,  7.2182752581320e-04,  4.4255609130040e-03, -2.1290440419248e-01,  8.2387528988901e-02, -1.6019979209292e+00,  1.5993833887139e-02, -2.4122762084538e+00,  1.5039765560000e+00,  9.0320400000000e-01,               500000
  2.4089985082020e+00,  1.1269481382494e+00,  1.1266514615270e+00, -5.5469364938572e-01,  2.8260674782196e-01,  7.5180682069527e-04, -2.3352475845398e-03, -2.2785193870622e-01, -3.7931352201232e-02, -2.0154378901076e+00, -4.8202048449467e-02, -2.0548679429439e+00,  1.4210407480000e+00,  8.9881600000000e-01,               500000
  2.4072799230304e+00,  1.1263047175972e+00,  1.1264754625936e+00, -5.5531852691746e-01,  3.1177317647661e-01,  7.8964951272905e-04, -2.9440806660827e-03, -2.9234602519705e-01, -8.3857952147769e-02, -2.1097214559057e+00, -5.5521792151345e-02, -2.8734240414679e+00,  1.3625048720000e+00,  9.0799400000000e-01,               500000
  2.4066764230126e+00,  1.1275275625879e+00,  1.1272695949456e+00, -5.5655057327628e-01,  3.0939549292903e-01,  7.8663268801777e-04, -1.8996917793735e-02, -3.2899889738294e-01, -6.5784851125016e-02, -2.0504975222364e+00, -1.5770728686924e-01, -3.0305491298897e+00,  1.4729277550000e+00,  9.0152000000000e-01,               500000
  2.4119977761973e+00,  1.1300518343984e+00,  1.1306532649853e+00, -5.5654606111708e-01,  2.5445770254715e-01,  7.1338307037265e-04, -3.2418872341528e-03, -2.1738467877383e-01,  1.0486833760219e-01, -1.7597601114880e+00,  1.4309173401671e-01, -2.1548919601952e+00,  1.4550945670000e+00,  9.0068800000000e-01,               500000
  2.4178245435489e+00,  1.1301112563280e+00,  1.1313201912017e+00, -5.5997785108620e-01,  2.3395428358731e-01,  6.8403842521792e-04,  6.2580903902739e-03, -1.9052840299566e-01,  1.2497248265536e-01, -1.3957966763279e+00,  2.3845389916340e-01, -1.7322713899542e+00,  1.3591283730000e+00,  9.0368800000000e-01,               500000
  2.4211849044804e+00,  1.1275118922376e+00,  1.1279301641652e+00, -5.6163092131765e-01,  2.6098400215848e-01,  7.2247353191447e-04,  5.3772601830424e-03, -2.4939008926264e-01,  3.2151104750938e-02, -1.6740124723693e+00,  9.4103773904754e-03, -2.0713949766191e+00,  1.5067966090000e+00,  9.0396600000000e-01,               500000
  2.4225981387304e+00,  1.1244975882459e+00,  1.1247315566326e+00, -5.5129088478580e-01,  3.1755638793343e-01,  7.9693963125625e-04, -1.3681113286173e-02, -3.1344627303836e-01, -1.9556947129152e-01, -2.3779189657987e+00, -2.2395562210622e-01, -2.7290274908845e+00,  1.5478390540000e+00,  9.0716000000000e-01,               500000
  2.4281331929257e+00,  1.1259948602359e+00,  1.1256465232345e+00, -5.5669002919306e-01,  3.0456809337078e-01,  7.8047177190567e-04,  1.1777887734713e-02, -2.6000653640101e-01, -9.8956112750454e-02, -2.1741459369210e+00, -7.0207609798394e-02, -2.5010864176930e+00,  1.4099370460000e+00,  9.0397600000000e-01,               500000
  2.4295283624986e+00,  1.1294900816538e+00,  1.1276780823953e+00, -5.6119415601906e-01,  2.3788431686070e-01,  6.8975983771267e-04,  2.4823770805588e-03, -2.0613367472097e-01,  1.0230700337963e-01, -1.4471749095298e+00,  4.3645292781623e-02, -1.8231772535448e+00,  1.4933539390000e+00,  9.0477400000000e-01,               500000
  2.4300514613747e+00,  1.1304591258869e+00,  1.1287873446928e+00, -5.5456424178201e-01,  2.5290613293730e-01,  7.1120479882704e-04,  1.3312040628304e-02, -1.9565649240289e-01,  1.3602236216362e-01, -1.6391591527824e+00,  9.5439570287660e-02, -2.0053844321531e+00,  1.4323034710000e+00,  9.0802200000000e-01,               500000
  2.4264365771561e+00,  1.1284240840147e+00,  1.1281868128118e+00, -5.5645294856071e-01,  2.6916589903584e-01,  7.3371097720539e-04,  1.1958743093727e-03, -2.4050540829012e-01,  1.2640359959189e-02, -1.9001711506409e+00,  4.0226009221042e-03, -2.2747455990833e+00,  1.4379134220000e+00,  9.0435800000000e-01,               500000
  2.4228429711329e+00,  1.1263366396344e+00,  1.1275961701877e+00, -5.5640550521939e-01,  2.7209901462536e-01,  7.3769778991856e-04,  2.6407502133668e-04, -2.2569304599685e-01, -7.3171199375905e-02, -1.9198048001737e+00,  8.4752477449596e-03, -2.1720635879949e+00,  1.4834778580000e+00,  9.0362800000000e-01,               500000
  2.4195548903413e+00,  1.1260554689565e+00,  1.1269376752785e+00, -5.5277474747553e-01,  2.8988734719555e-01,  7.6142937583935e-04,  3.4169723849380e-03, -2.4650306952406e-01, -7.2984279481036e-02, -1.9524001809718e+00, -6.7370002141990e-02, -2.4181989139437e+00,  1.4243830160000e+00,  9.0630000000000e-01,               500000
  2.4155647406349e+00,  1.1274024009733e+00,  1.1275136090342e+00, -5.5219923855649e-01,  2.7193689574667e-01,  7.3747799390446e-04, -5.5808914488810e-03, -2.3558449378463e-01, -8.1325479489142e-02, -2.1444874047954e+00, -1.5765721458793e-02, -2.1137687205306e+00,  1.3425565560000e+00,  9.1280000000000e-01,               500000
  2.4137434454363e+00,  1.1304032038214e+00,  1.1283205908608e+00, -5.5621046978705e-01,  2.6833933979477e-01,  7.3258356491908e-04,  1.1832617734098e-02, -2.2577645338136e-01,  1.2380839324783e-01, -1.8603934063933e+00,  2.9464393542877e-02, -2.3929211338167e+00,  1.4195100320000e+00,  9.0620800000000e-01,               500000
  2.4084456689036e+00,  1.1304400606937e+00,  1.1285641951961e+00, -5.5460016388089e-01,  2.5967026560537e-01,  7.2065285069216e-04,  1.1308473024414e-02, -2.1504898895148e-01,  1.1638729958544e-01, -1.7069564025037e+00,  8.6795520265440e-03, -2.1808256604436e+00,  1.4576270330000e+00,  9.0231600000000e-01,               500000
  2.4001736908139e+00,  1.1279608752637e+00,  1.1286536338944e+00, -5.5633240049613e-01,  2.5549532597848e-01,  7.1483610146450e-04,  1.9302375969843e-03, -2.2375795647686e-01,  2.4929003672615e-02, -1.6084801006035e+00,  1.4613089121006e-02, -2.0771170460102e+00,  1.4070635400000e+00,  9.0079400000000e-01,               500000
  2.3921443603326e+00,  1.1251992878797e+00,  1.1285008082102e+00, -5.6247410279918e-01,  2.7065729893906e-01,  7.3574084967338e-04, -1.5387727633746e-03, -2.5634391391022e-01, -1.0165887119054e-01, -2.2336791261782e+00,  9.7616872523800e-02, -1.8129824636487e+00,  1.4889847150000e+00,  9.0772000000000e-01,               500000
  2.3854259181525e+00,  1.1249530429932e+00,  1.1266964608151e+00, -5.5797381182460e-01,  3.2294763087964e-01,  8.0367609256421e-04, -1.2772063523035e-02, -2.9569476669971e-01, -1.2914513389556e-01, -2.7467417676907e+00, -1.0079614778103e-01, -2.3827314564272e+00,  1.4742327820000e+00,  9.0315200000000e-01,               500000
  2.3834304023071e+00,  1.1275839834849e+00,  1.1268302782265e+00, -5.5660031004887e-01,  2.6376936878211e-01,  7.2631861986611e-04,  4.3106038504953e-03, -2.4244389000110e-01,  1.6193311103876e-02, -1.7961127730734e+00, -7.4874025482469e-04, -2.2061798363641e+00,  1.3893292320000e+00,  9.0063200000000e-01,               500000
  2.3803134486045e+00,  1.1296217012386e+00,  1.1269829992256e+00, -5.6050541790583e-01,  2.7345746205346e-01,  7.3953696601787e-04, -5.1667448861467e-03, -2.4273472061851e-01,  8.9115301495626e-02, -1.5285927473557e+00, -6.1628887652729e-02, -2.3861518704819e+00,  1.4555574860000e+00,  9.0332600000000e-01,               500000
  2.3791691605019e+00,  1.1295203108342e+00,  1.1282096472740e+00, -5.5630640660988e-01,  2.5299453792522e-01,  7.1132909110372e-04, -1.6443984278779e-03, -2.1375160035070e-01,  5.6533578044155e-02, -1.5939908079307e+00,  3.7476809099520e-02, -1.9248036852934e+00,  1.4401286600000e+00,  9.0106200000000e-01,               500000
  2.3786901015697e+00,  1.1282035701241e+00,  1.1286816600124e+00, -5.5189483593809e-01,  2.5991364863349e-01,  7.2099049734859e-04, -6.0629170482337e-03, -2.3249414523440e-01,  2.1572288909988e-03, -1.6990052773322e+00,  2.0706481368807e-03, -2.0433000437236e+00,  1.4463696940000e+00,  9.0828200000000e-01,               500000
  2.3802124170288e+00,  1.1269872628221e+00,  1.1290890863915e+00, -5.5981837564384e-01,  2.6152189414983e-01,  7.2321766315519e-04, -4.3961100864120e-03, -2.2434839062467e-01, -1.8730268739145e-02, -1.8309564627517e+00,  1.1726725178650e-01, -1.9650845603548e+00,  1.5033000700000e+00,  9.0225000000000e-01,               500000
  2.3830135430331e+00,  1.1263240204400e+00,  1.1274290773419e+00, -5.5911763570454e-01,  3.4000634108734e-01,  8.2462881478559e-04, -2.8170033643847e-02, -3.1603352592793e-01, -1.2149886972058e-01, -2.7929976799246e+00, -1.2759508219239e-01, -3.4764632961863e+00,  1.4653088860000e+00,  9.0084800000000e-01,               500000
  2.3944587831580e+00,  1.1284429211041e+00,  1.1281911155828e+00, -5.6135411532926e-01,  2.4711206183383e-01,  7.0301075643810e-04, -7.0394791879535e-03, -2.0418969263323e-01,  6.0222749839525e-02, -1.7005718392440e+00,  8.7161124050690e-02, -1.7923068214902e+00,  1.4999906100000e+00,  9.0395800000000e-01,               500000
  2.4070325102754e+00,  1.1290385927178e+00,  1.1273690376141e+00, -5.5472730392427e-01,  2.9682476338627e-01,  7.7048655197384e-04, -8.9249716981644e-03, -2.8397388867467e-01,  5.2308681849302e-02, -2.1281196688048e+00, -5.4978386283485e-02, -2.7342143043435e+00,  1.4724087450000e+00,  9.0295400000000e-01,               500000
  2.4212327946751e+00,  1.1284386071884e+00,  1.1276153944182e+00, -5.5684316433016e-01,  2.9628654528794e-01,  7.6978769188386e-04, -2.4977165773825e-03, -2.8818259251155e-01,  5.2831514140769e-02, -1.8267460069378e+00, -3.2864016064288e-02, -3.3628592042624e+00,  1.4798906150000e+00,  9.0501000000000e-01,               500000
  2.4348755978627e+00,  1.1267433155913e+00,  1.1284443033314e+00, -5.6010886791455e-01,  2.4812229452884e-01,  7.0444629962665e-04,  9.8850726104179e-03, -2.1783789787493e-01,  3.1616488063838e-02, -1.7629093474780e+00,  8.7796945263256e-02, -1.8291091213164e+00,  1.3547232130000e+00,  9.0170200000000e-01,               500000
  2.4440665228576e+00,  1.1245298671861e+00,  1.1276629191873e+00, -5.5927692665051e-01,  2.7434273090225e-01,  7.4073305704856e-04,  1.8382932634204e-02, -2.3871521370472e-01, -6.0588159142790e-02, -1.7744220734148e+00,  4.4650589603842e-02, -2.2565570372096e+00,  1.3962343410000e+00,  9.0814200000000e-01,               500000
  2.4465400378650e+00,  1.1239060620197e+00,  1.1261909812523e+00, -5.5982884811494e-01,  3.0726101623844e-01,  7.8391455687267e-04,  8.9565555054441e-03, -2.0144486569898e-01, -1.3441741230697e-01, -2.0351484078482e+00, -7.1442485625886e-02, -2.4090829334907e+00,  1.4688705010000e+00,  9.0378600000000e-01,               500000
  2.4459566159269e+00,  1.1263703843748e+00,  1.1261469454629e+00, -5.5011264791253e-01,  3.3520645065252e-01,  8.1878745795539e-04, -4.2855706499553e-03, -3.0744458482158e-01, -1.4009618637690e-01, -2.8541912462868e+00, -9.6386497581638e-02, -3.0763691678567e+00,  1.4450323250000e+00,  9.0457200000000e-01,               500000
  2.4468430930891e+00,  1.1317572239642e+00,  1.1278399584151e+00, -5.5540490790600e-01,  2.6620308184780e-01,  7.2966167755720e-04,  1.2616738151683e-02, -1.8787622855305e-01,  1.8387183947496e-01, -2.3266758442909e+00,  9.4901017084538e-03, -2.0148941621304e+00,  1.4139010150000e+00,  9.0421000000000e-01,               500000
  2.4436540283800e+00,  1.1325181502297e+00,  1.1292163076895e+00, -5.5754641225063e-01,  2.4857994666144e-01,  7.0509566253302e-04,  4.6657662122688e-03, -1.9416441069666e-01,  2.3823502408370e-01, -1.5316833917402e+00,  8.1694583492230e-02, -2.1418023971710e+00,  1.3809196440000e+00,  9.0383200000000e-01,               500000
  2.4393212656797e+00,  1.1278877898571e+00,  1.1290252516208e+00, -5.5659072965907e-01,  2.5865348396525e-01,  7.1924054942036e-04,  1.1598100657175e-03, -2.3053009898182e-01,  2.4245107136825e-02, -1.7495115317634e+00,  4.9711173426281e-02, -2.4024751481708e+00,  1.4231323570000e+00,  9.0458200000000e-01,               500000
  2.4350802327974e+00,  1.1231882094196e+00,  1.1279896884761e+00, -5.4704608356647e-01,  3.2363954917293e-01,  8.0453657365335e-04,  5.3358279932214e-03, -2.7176027820214e-01, -2.2196018133600e-01, -2.6640388805293e+00, -9.5194938758513e-03, -2.7905015828969e+00,  1.4069185950000e+00,  9.0895400000000e-01,               500000
  2.4295916585431e+00,  1.1239660757331e+00,  1.1272504664617e+00, -5.5400715639780e-01,  2.8876220770014e-01,  7.5995027166275e-04, -2.1567377571085e-03, -2.8135154059464e-01, -1.4336709591759e-01, -2.1053666161641e+00, -2.2633048682538e-02, -2.2430998748755e+00,  1.4688447480000e+00,  9.0629000000000e-01,               500000
  2.4253794458054e+00,  1.1279093503659e+00,  1.1270082641094e+00, -5.5255093218311e-01,  2.9523769808390e-01,  7.6842396902218e-04, -1.1276885140437e-02, -2.8071228309343e-01, -5.5461767246681e-02, -2.3484906994987e+00, -5.9714413361765e-02, -2.3809506176804e+00,  1.4681087270000e+00,  9.0541800000000e-01,               500000
  2.4252510062551e+00,  1.1327386885117e+00,  1.1278800287913e+00, -5.5509663767884e-01,  2.4926988740000e-01,  7.0607349107582e-04,  1.1702670887850e-04, -2.3941054142646e-01,  2.8060350821266e-01, -1.5188638431823e+00, -9.5144317590368e-03, -2.5183072597346e+00,  1.4376692520000e+00,  9.0768200000000e-01,               500000
  2.4251360462591e+00,  1.1307929495934e+00,  1.1288593659001e+00, -5.5824873632612e-01,  2.5618887153392e-01,  7.1580566012560e-04,  1.0794486607238e-02, -1.9133855638681e-01,  1.6469429465515e-01, -1.7245645881312e+00,  1.4237113794606e-01, -2.2087369937361e+00,  1.4374035500000e+00,  9.0451400000000e-01,               500000
  2.4215869152479e+00,  1.1253561614484e+00,  1.1272048615405e+00, -5.4993816210626e-01,  3.0446885273575e-01,  7.8034460687027e-04, -4.8152912163501e-03, -3.0519895205376e-01, -1.1937187407023e-01, -2.1876777367418e+00, -3.8079957029725e-02, -2.4694355591775e+00,  1.3559748080000e+00,  9.0135600000000e-01,               500000
  2.4199898270185e+00,  1.1231689439165e+00,  1.1264204160649e+00, -5.5782916208561e-01,  3.5120041854223e-01,  8.3809357298840e-04, -6.3391382539414e-03, -3.8336218793380e-01, -2.0887848131971e-01, -3.1890829038962e+00, -3.5943120736199e-02, -2.8685809866397e+00,  1.4233856940000e+00,  9.0207000000000e-01,               500000
  2.4206604406290e+00,  1.1259403592430e+00,  1.1263869383171e+00, -5.6222342730985e-01,  2.5517763046032e-01,  7.1439153194914e-04,  6.1137004372716e-03, -2.3119606966537e-01, -6.1225222315369e-02, -1.8776855079471e+00,  1.1899792691216e-02, -1.7264071964678e+00,  1.4582280030000e+00,  9.0927800000000e-01,               500000
  2.4199920459823e+00,  1.1278909988870e+00,  1.1262721642525e+00, -5.5858185605988e-01,  3.1968510405733e-01,  7.9960628318859e-04, -7.9528781576925e-03, -1.8862759300853e-01, -3.0685422856280e-02, -2.9780185678163e+00, -8.4492090364960e-02, -2.6151648700384e+00,  1.4187639440000e+00,  9.0378400000000e-01,               500000
  2.4206937430577e+00,  1.1300135373272e+00,  1.1269449613314e+00, -5.5167108235857e-01,  2.7744514532942e-01,  7.4490958555977e-04,  2.5613197976046e-03, -2.6886247558386e-01,  1.0504202180622e-01, -2.0258069054675e+00, -7.8598834749826e-02, -2.2847627220081e+00,  1.4214633290000e+00,  9.0398200000000e-01,               500000
  2.4209324249694e+00,  1.1307491405945e+00,  1.1282742770589e+00, -5.5845170715205e-01,  2.4095199448374e-01,  6.9419304877496e-04,  7.5793783749371e-03, -1.9544162137623e-01,  1.5662575061809e-01, -1.4757573000621e+00,  5.6121059904665e-02, -1.7612597428249e+00,  1.4708681430000e+00,  8.9822200000000e-01,               500000
  2.4199310529577e+00,  1.1296455773898e+00,  1.1289712721996e+00, -5.5793153652532e-01,  2.5179670074696e-01,  7.0964315081168e-04, -1.1314224769164e-03, -2.4211777744215e-01,  1.0083517517325e-01, -1.4434191548564e+00,  4.0686451821332e-02, -2.1075653233773e+00,  1.5025689480000e+00,  9.0655600000000e-01,               500000
  2.4192321437822e+00,  1.1275148354116e+00,  1.1292391983979e+00, -5.5763476893016e-01,  2.5391670094404e-01,  7.1262430627090e-04,  1.0619831492372e-02, -1.8383467135711e-01,  2.4324662047302e-02, -1.8609778597649e+00,  1.1503058954481e-01, -1.7945741573216e+00,  1.4058658870000e+00,  9.0352400000000e-01,               500000
  2.4168856970722e+00,  1.1253275890920e+00,  1.1284407882912e+00, -5.5907159169242e-01,  2.7132891592706e-01,  7.3665312858503e-04, -3.2315833572950e-03, -2.4117648099306e-01, -9.4176877992333e-02, -1.9671247916490e+00,  5.2601301812618e-02, -1.9401787042992e+00,  1.5525961230000e+00,  9.0813200000000e-01,               500000
  2.4153177028340e+00,  1.1244395574938e+00,  1.1272496017357e+00, -5.4939298940059e-01,  3.2053281954407e-01,  8.0066574741782e-04, -1.6086776023314e-02, -2.7537435539070e-01, -2.1364508697858e-01, -2.6580168720585e+00, -9.9846606494155e-02, -2.5154266299864e+00,  1.3690960520000e+00,  9.0473800000000e-01,               500000
  2.4165567413963e+00,  1.1260882288273e+00,  1.1271001895353e+00, -5.5437794654599e-01,  2.9069544660569e-01,  7.6248992990818e-04,  4.2474917208701e-03, -2.0484524922571e-01, -7.1368524738913e-02, -1.9551785389774e+00, -5.8329725483722e-02, -2.4119974301295e+00,  1.4597166980000e+00,  9.0327200000000e-01,               500000
  2.4169956394202e+00,  1.1283997439263e+00,  1.1275107999642e+00, -5.5995638602933e-01,  2.4617611989483e-01,  7.0167815969264e-04,  4.4703365378129e-03, -2.3060408442198e-01,  6.5042853351806e-02, -1.4833969445748e+00,  2.4546029125346e-02, -1.9257486529381e+00,  1.4446203480000e+00,  9.0434000000000e-01,               500000
  2.4166775544008e+00,  1.1297489813886e+00,  1.1276646243511e+00, -5.6087784377595e-01,  2.9161728292747e-01,  7.6369795459654e-04,  2.2888323475556e-03, -2.7202468792753e-01,  1.0150980679079e-01, -2.2919500651596e+00,  1.9671517102784e-02, -2.6476283934371e+00,  1.4184448850000e+00,  9.0885200000000e-01,               500000
  2.4160372592854e+00,  1.1298166301413e+00,  1.1276346381120e+00, -5.5028318040097e-01,  2.6557654760751e-01,  7.2880250768986e-04, -8.9470186301524e-03, -2.4054154742106e-01,  6.9624498312953e-02, -1.6517477101812e+00, -5.8260006482366e-02, -2.2956800675658e+00,  1.3877567150000e+00,  9.0554400000000e-01,               500000
  2.4169509374634e+00,  1.1290890223870e+00,  1.1281547684623e+00, -5.5625050073078e-01,  2.4479119345436e-01,  6.9970164135059e-04,  9.2008256908495e-03, -1.9657610592327e-01,  6.8665994973072e-02, -1.5923702456788e+00,  2.1354916447075e-02, -1.8127269584928e+00,  1.4659087540000e+00,  9.0462200000000e-01,               500000
  2.4162760045601e+00,  1.1276538081693e+00,  1.1284350679654e+00, -5.5307825311509e-01,  2.5435472534279e-01,  7.1323870526323e-04, -9.2564105531698e-03, -2.2876155892068e-01, -2.4352422725852e-02, -1.6910491111711e+00,  2.7184133277180e-02, -1.8534947357372e+00,  1.4169808600000e+00,  9.0643200000000e-01,               500000
  2.4172120258523e+00,  1.1266495867251e+00,  1.1284450669826e+00, -5.5026873245991e-01,  3.0745654635300e-01,  7.8416394504338e-04, -1.3832366134875e-03, -2.7726638099621e-01, -9.1427159837412e-02, -2.5051210107136e+00, -1.6039267298215e-02, -2.6640759173665e+00,  1.6705724510000e+00,  9.0084400000000e-01,               500000
  2.4183072382910e+00,  1.1268121138270e+00,  1.1286149693260e+00, -5.6308937464892e-01,  2.7421440116743e-01,  7.4055978984472e-04,  3.2376727898311e-03, -2.8606551846143e-01,  8.9320415244214e-04, -2.0256274902568e+00,  1.1266613420188e-01, -2.2409268675687e+00,  1.4776641380000e+00,  9.0059800000000e-01,               500000
  2.4187828855114e+00,  1.1269600400210e+00,  1.1277334338620e+00, -5.5794005412710e-01,  2.9135945409890e-01,  7.6336027418107e-04, -4.7579162604050e-03, -2.1751979982006e-01, -4.3270139069476e-02, -2.2113816061902e+00, -9.9413525390945e-03, -2.3294450828338e+00,  1.4213631790000e+00,  9.0633000000000e-01,               500000
  2.4200178689957e+00,  1.1276064894137e+00,  1.1270417955726e+00, -5.6183787801881e-01,  2.4728407004071e-01,  7.0325538752392e-04,  2.5879244285375e-03, -2.1332645611509e-01,  4.6969442080495e-02, -1.5145779842944e+00,  4.1058341165970e-03, -1.9030592862104e+00,  1.6611649510000e+00,  9.0705200000000e-01,               500000
  2.4207195768532e+00,  1.1276540657106e+00,  1.1263888059374e+00, -5.5508848243404e-01,  2.6063612437911e-01,  7.2199186197506e-04,  1.1135390907200e-03, -2.3222167634759e-01,  1.5960847922537e-02, -1.7059491641259e+00, -3.3206795677115e-02, -1.8543461036420e+00,  1.4719430080000e+00,  9.0241400000000e-01,               500000
  2.4211864415680e+00,  1.1275216554476e+00,  1.1261184186200e+00, -5.5913045657726e-01,  2.5545237368036e-01,  7.1477601202105e-04,  7.0976485595929e-03, -2.4454876665896e-01,  2.0829167599048e-02, -1.5627592779540e+00, -2.1297558174871e-02, -2.0403240754788e+00,  1.3574181150000e+00,  9.0242600000000e-01,               500000
  2.4204458524561e+00,  1.1271692176515e+00,  1.1260831630016e+00, -5.5174712387795e-01,  2.8923217104048e-01,  7.6056843352913e-04, -6.3477185868150e-03, -2.7336486326644e-01, -6.4128633350641e-02, -2.2414373473866e+00, -1.0335027409100e-01, -2.1647959318066e+00,  1.4113526510000e+00,  9.0203400000000e-01,               500000
  2.4208595639443e+00,  1.1276112682670e+00,  1.1270287139047e+00, -5.6039982654792e-01,  2.7506171600713e-01,  7.4170306188816e-04,  2.8548803822950e-04, -2.5258798464725e-01,  4.0509795498265e-02, -1.8236268440461e+00, -1.4899268106745e-02, -2.2716890617812e+00,  1.4100931110000e+00,  9.0780000000000e-01,               500000
  2.4212059907418e+00,  1.1275479185235e+00,  1.1280315943886e+00, -5.5741354650010e-01,  2.7673377018757e-01,  7.4395399076499e-04, -1.2147908208135e-02, -2.4276884548493e-01, -3.1739051686162e-02, -2.0022266981141e+00, -1.7404441447383e-02, -2.1828927700795e+00,  1.4322133460000e+00,  9.0051400000000e-01,               500000
  2.4235687434448e+00,  1.1278733839640e+00,  1.1291095441238e+00, -5.6272885846623e-01,  2.4620214694925e-01,  7.0171525129393e-04,  1.2422619165530e-02, -1.9008147296889e-01,  2.3208108832556e-02, -1.5279259605608e+00,  1.1672999841549e-01, -1.7463868954030e+00,  1.4979197110000e+00,  9.0435800000000e-01,               500000
  2.4236347340441e+00,  1.1279040893160e+00,  1.1289913431193e+00, -5.5822848452185e-01,  2.6710438673479e-01,  7.3089587046965e-04, -6.7457638090551e-03, -2.2885024321205e-01, -3.5526871273464e-02, -1.8190724584535e+00,  4.8811390867257e-02, -2.0727516901374e+00,  1.4329800450000e+00,  9.0524200000000e-01,               500000
  2.4248431800201e+00,  1.1283590606582e+00,  1.1284346027734e+00, -5.5829871072798e-01,  2.7202785552263e-01,  7.3760132256204e-04,  5.9470869220614e-03, -2.1869900658859e-01,  4.0948297835268e-02, -1.9838439092369e+00,  4.1939136132865e-02, -2.0992545933037e+00,  1.3641635620000e+00,  9.0244400000000e-01,               500000
  2.4249532237605e+00,  1.1282998654602e+00,  1.1275466812408e+00, -5.5780532102401e-01,  2.4793753834682e-01,  7.0418397929350e-04,  1.0344497719666e-03, -1.9231058687581e-01,  4.1192539242649e-02, -1.5591857826746e+00,  3.0445281334426e-02, -2.0273301743777e+00,  1.4787223990000e+00,  9.0865000000000e-01,               500000
  2.4248947691195e+00,  1.1277709265768e+00,  1.1264678195319e+00, -5.5013432734058e-01,  2.7510442691534e-01,  7.4176064456850e-04, -1.1228580351764e-02, -2.6123593255750e-01, -2.6112845744727e-02, -1.9026068308214e+00, -9.6639758063934e-02, -2.1400850530365e+00,  1.5482268910000e+00,  9.0606800000000e-01,               500000
  2.4267523567909e+00,  1.1276130880779e+00,  1.1264207323629e+00, -5.5652045594975e-01,  2.7838235926698e-01,  7.4616668280885e-04,  4.4257907669222e-03, -2.5414739098540e-01,  1.3497437960014e-02, -1.8645162109266e+00, -3.1519739972393e-02, -2.4131067803591e+00,  1.4706176750000e+00,  8.9768000000000e-01,               500000
  2.4277028436667e+00,  1.1273223895984e+00,  1.1266887715810e+00, -5.5672816412689e-01,  2.9586190052860e-01,  7.6923585528575e-04, -6.4383832506882e-03, -2.8478388271374e-01, -1.7639657081860e-02, -2.1436688386735e+00, -5.1002880974603e-02, -2.5436607924086e+00,  1.5625559070000e+00,  8.9930600000000e-01,               500000
  2.4296695833576e+00,  1.1272816647035e+00,  1.1274272316942e+00, -5.5641703807511e-01,  2.5597222166933e-01,  7.1550293034945e-04,  6.3595678093066e-03, -2.0969474359537e-01, -1.8026154201420e-02, -1.7007368362822e+00,  1.4558418832546e-02, -1.9371800057985e+00,  1.4390226080000e+00,  9.0312800000000e-01,               500000
  2.4303856229191e+00,  1.1274686625813e+00,  1.1279636423062e+00, -5.5422276502137e-01,  2.8277957493124e-01,  7.5203666789756e-04, -1.0358032119188e-02, -2.5431593744786e-01, -5.5770071167814e-02, -2.1569333879076e+00,  2.0820893080273e-02, -2.2127780969359e+00,  1.3975032090000e+00,  9.0730800000000e-01,               500000
  2.4328034728896e+00,  1.1283120895101e+00,  1.1282592369295e+00, -5.6222773062153e-01,  2.5605105905725e-01,  7.1561310644405e-04, -5.9718020942397e-03, -2.4338934075878e-01,  2.6880266546957e-02, -1.8741168081514e+00,  4.7235276267674e-02, -1.9279066001093e+00,  1.4875268510000e+00,  9.0723200000000e-01,               500000
  2.4360145505390e+00,  1.1287639888544e+00,  1.1280836545949e+00, -5.5871163204289e-01,  2.3527343279165e-01,  6.8596418680810e-04, -3.6968540802261e-03, -2.1226242070763e-01,  5.0909028176423e-02, -1.4477221953289e+00,  1.1159389780182e-02, -1.7153598000829e+00,  1.4089938490000e+00,  9.0539800000000e-01,               500000
  2.4395543153363e+00,  1.1285735903170e+00,  1.1278267552852e+00, -5.5517753392843e-01,  2.6792462373969e-01,  7.3201724534288e-04, -2.3511221945379e-03, -2.6156943052261e-01,  3.7614504195414e-02, -1.6981935253504e+00, -2.8628859323995e-02, -2.3983165676260e+00,  1.4574995090000e+00,  9.0360600000000e-01,               500000
  2.4431672425387e+00,  1.1279632540166e+00,  1.1278811197172e+00, -5.5431265916290e-01,  2.6956709374262e-01,  7.3425757570844e-04,  6.6126297574513e-03, -2.3598171602104e-01,  2.3663797624786e-02, -1.7689889736368e+00, -4.3601855864409e-03, -2.1610512690841e+00,  1.4620783210000e+00,  9.0414000000000e-01,               500000
  2.4453184801829e+00,  1.1271407205938e+00,  1.1279823884771e+00, -5.5554940134825e-01,  2.4760997093771e-01,  7.0371865249930e-04,  1.2729728252605e-02, -2.1241851005465e-01,  1.3547752253815e-02, -1.7926800683037e+00,  4.7897020114626e-02, -1.8509847476466e+00,  1.3763125490000e+00,  9.0716400000000e-01,               500000
  2.4451067205931e+00,  1.1262476617073e+00,  1.1276217863043e+00, -5.5911020855889e-01,  2.7606196578034e-01,  7.4305042329621e-04,  1.1801929786804e-02, -2.3398561698470e-01, -5.2379765952919e-02, -1.9457712032952e+00,  3.9669855674029e-02, -2.0640876024479e+00,  1.4856197190000e+00,  9.0870800000000e-01,               500000
  2.4429257403633e+00,  1.1260824651421e+00,  1.1269243291267e+00, -5.4961619555195e-01,  3.2348649337745e-01,  8.0434631021402e-04,  7.3452770863394e-03, -2.6091849257932e-01, -1.1806692551537e-01, -2.6474554184893e+00, -9.2646429616031e-02, -2.8582662441335e+00,  1.4606294880000e+00,  9.0477800000000e-01,               500000
  2.4397297447525e+00,  1.1273671763205e+00,  1.1272036634408e+00, -5.5687891510264e-01,  2.9989300068082e-01,  7.7445852139520e-04,  4.5654904127501e-04, -2.4709682629889e-01,  1.4571378212875e-02, -1.6885873829890e+00, -5.4759071777961e-02, -3.3697123746218e+00,  1.3759343590000e+00,  9.0532200000000e-01,               500000
  2.4367914447672e+00,  1.1283603111489e+00,  1.1280011710461e+00, -5.5823450138343e-01,  2.5503740921889e-01,  7.1419522431740e-04,  2.2775988977752e-03, -1.9828629012797e-01,  3.6087897822550e-02, -1.4556319371148e+00,  2.7656919670110e-02, -2.1886315095346e+00,  1.3987933700000e+00,  8.9952200000000e-01,               500000
  2.4337696557963e+00,  1.1288296065881e+00,  1.1284629184637e+00, -5.5500829793112e-01,  2.4553705636087e-01,  7.0076680338165e-04,  9.4041741539815e-03, -1.9698970491107e-01,  9.5748980096263e-03, -1.6461601244309e+00,  7.6320204105896e-02, -1.8252788843778e+00,  1.4087119560000e+00,  9.0496800000000e-01,               500000
  2.4294530211413e+00,  1.1291470751341e+00,  1.1281477116718e+00, -5.5082714414553e-01,  2.6870235347424e-01,  7.3307892272829e-04,  9.2165323098256e-03, -2.0683297105708e-01,  6.8124238883042e-02, -1.9508492785412e+00,  4.3201220178945e-03, -2.0872856518007e+00,  1.4689144070000e+00,  9.0346800000000e-01,               500000
  2.4240010728243e+00,  1.1286215439284e+00,  1.1278316986973e+00, -5.5412264039406e-01,  2.4843758065849e-01,  7.0489372342005e-04, -3.8631386255141e-03, -2.0302272357416e-01,  2.2010607462333e-02, -1.7551142624913e+00, -2.6995139846740e-03, -1.8805815337575e+00,  1.4579015670000e+00,  9.1013200000000e-01,               500000
  2.4197674955601e+00,  1.1278918655328e+00,  1.1275822237793e+00, -5.5428598268119e-01,  2.8821792209032e-01,  7.5923372170936e-04,  6.2617870361871e-03, -2.6601737770219e-01,  2.0478245744218e-02, -2.2225969409788e+00,  4.7417084410799e-03, -2.2796156218144e+00,  1.4352649050000e+00,  9.0446400000000e-01,               500000
  2.4148976391970e+00,  1.1269991267632e+00,  1.1273221910186e+00, -5.5675680654516e-01,  3.0316525681864e-01,  7.7867227614529e-04, -4.3818202469091e-03, -2.9004178294332e-01, -4.6616281425561e-02, -2.0733934878500e+00, -4.9741712433387e-02, -2.6196272797604e+00,  1.4296514840000e+00,  9.0438000000000e-01,               500000
  2.4112878663690e+00,  1.1267732930316e+00,  1.1275863538297e+00, -5.5801759906943e-01,  2.8153512823850e-01,  7.5038007468016e-04, -1.4033525015885e-03, -2.5154206275013e-01, -5.3946825460946e-02, -1.8608436002740e+00, -1.0262194677603e-02, -2.3868280743840e+00,  1.4081937310000e+00,  9.0115400000000e-01,               500000
  2.4082974536922e+00,  1.1272374848674e+00,  1.1279365756156e+00, -5.6047145338792e-01,  2.7568154249661e-01,  7.4253827173636e-04, -1.6430511833291e-02, -2.8807838679483e-01, -1.9536107321919e-02, -2.2125479029427e+00,  9.6756584412048e-04, -2.1746756673304e+00,  1.5228834990000e+00,  9.0337200000000e-01,               500000
  2.4084663257907e+00,  1.1279075729289e+00,  1.1282534876185e+00, -5.5988801610696e-01,  3.0386488228155e-01,  7.7957024350799e-04, -1.6022140706442e-03, -2.2186287730032e-01,  3.1918523392157e-02, -2.2653215492737e+00,  3.5153107076814e-02, -3.2816443978889e+00,  1.4395628480000e+00,  9.0388800000000e-01,               500000
  2.4089145512108e+00,  1.1281357849409e+00,  1.1282102293113e+00, -5.6093070619994e-01,  2.5139895800740e-01,  7.0908244655668e-04,  1.3153461254757e-03, -1.9760229662621e-01,  2.7005420095459e-02, -1.5300711696853e+00,  3.9199806940249e-02, -1.9431792297220e+00,  1.4170119590000e+00,  9.0322600000000e-01,               500000
  2.4091080944321e+00,  1.1280206080664e+00,  1.1277953596930e+00, -5.4953374804480e-01,  3.0273902972708e-01,  7.7812470687812e-04, -2.9922120385663e-03, -2.2386626526170e-01, -1.9855332528729e-02, -1.9699229851483e+00, -8.6425142762881e-02, -3.9881836543352e+00,  1.4666613480000e+00,  9.0687600000000e-01,               500000
  2.4098206522406e+00,  1.1281720727029e+00,  1.1282920836223e+00, -5.5858118638554e-01,  2.5730413402045e-01,  7.1736202021078e-04, -4.0868759430417e-04, -2.3457216936933e-01,  5.0943233657259e-02, -1.7664989631271e+00,  3.0777622771979e-02, -1.9077054388354e+00,  1.4058901740000e+00,  9.0635600000000e-01,               500000
  2.4105543671996e+00,  1.1276943872185e+00,  1.1284457168159e+00, -5.5852583785489e-01,  2.5677788374482e-01,  7.1662805379753e-04, -8.7445778839300e-03, -1.9953210571747e-01,  1.2843844516392e-02, -1.5577673225808e+00,  3.6118248690611e-02, -2.0532611542519e+00,  1.4729045360000e+00,  9.0456800000000e-01,               500000
  2.4127527290466e+00,  1.1271154644255e+00,  1.1282375188151e+00, -5.5434337461227e-01,  2.7416562888684e-01,  7.4049392824903e-04,  7.5248416581129e-04, -2.1777482142393e-01, -1.4772195241333e-02, -1.7968961097554e+00,  2.2660189001394e-02, -2.1413379640006e+00,  1.4289183290000e+00,  9.0431600000000e-01,               500000
  2.4146225230135e+00,  1.1267864813848e+00,  1.1278361711908e+00, -5.5506769179294e-01,  2.6149907309335e-01,  7.2318610757308e-04, -6.6561460589409e-04, -2.3652818759181e-01, -4.9358283189596e-02, -1.8828531202841e+00,  4.7504195796425e-02, -1.9824395887433e+00,  1.4267974940000e+00,  9.0032600000000e-01,               500000
  2.4164448690498e+00,  1.1271101419700e+00,  1.1270133188407e+00, -5.5822167827423e-01,  2.6505175461478e-01,  7.2808207588812e-04,  4.5210137765429e-03, -2.4229291054384e-01,  1.0758054713047e-02, -1.4748157011736e+00, -3.7464706871115e-02, -2.2409069531143e+00,  1.3875108420000e+00,  9.0546400000000e-01,               500000
  2.4173189508163e+00,  1.1272781591089e+00,  1.1266546351133e+00, -5.5548244848478e-01,  2.7492823862198e-01,  7.4152307937377e-04, -7.0344551246832e-03, -2.5559012299372e-01, -2.9673812539868e-02, -1.9739215526837e+00, -8.4702437455000e-02, -2.2444230727870e+00,  1.3921094960000e+00,  9.0322800000000e-01,               500000
  2.4193592002615e+00,  1.1278089305598e+00,  1.1271847192533e+00, -5.5896732469018e-01,  3.0529786701861e-01,  7.8140625415798e-04, -6.7744245793143e-03, -2.6989035904891e-01,  8.9597139961003e-03, -2.4836033241509e+00, -5.7539589916083e-02, -2.9633017724561e+00,  1.4383609630000e+00,  9.0325400000000e-01,               500000
  2.4224076808436e+00,  1.1281917823857e+00,  1.1282503359102e+00, -5.5467919333185e-01,  2.5976242168967e-01,  7.2078071795750e-04,  3.8006684062727e-03, -2.2893824478424e-01,  3.0802944972657e-02, -1.7339149235224e+00,  4.0366030954788e-02, -2.0545255980835e+00,  1.4602054780000e+00,  9.0486000000000e-01,               500000
  2.4245090780431e+00,  1.1281653464399e+00,  1.1288185399177e+00, -5.5863894884648e-01,  2.9891649150463e-01,  7.7319660048998e-04,  3.5996183771521e-03, -1.8884263773194e-01, -1.2006981256619e-03, -2.5924745969884e+00,  9.0479339783726e-02, -2.7130944281951e+00,  1.4122620980000e+00,  9.0533400000000e-01,               500000
  2.4257875740290e+00,  1.1281725578543e+00,  1.1284403661852e+00, -5.6028081544813e-01,  2.5318929381626e-01,  7.1160282997788e-04, -2.6392148692665e-03, -2.1512700842183e-01,  1.6622537529667e-02, -1.7222800137481e+00,  6.1404393196495e-02, -1.9556223714354e+00,  1.4735852330000e+00,  9.0885400000000e-01,               500000
  2.4274233170069e+00,  1.1279827816591e+00,  1.1274949006860e+00, -5.5656785644706e-01,  2.6396515551055e-01,  7.2658813025063e-04,  3.6709161172249e-03, -2.3692694772423e-01,  3.3563404811611e-02, -1.7325091257283e+00, -3.0061159248267e-03, -2.0950500009765e+00,  1.3862370210000e+00,  9.0736600000000e-01,               500000
  2.4282717896498e+00,  1.1274038742380e+00,  1.1266831995458e+00, -5.5624298479346e-01,  3.0884832953998e-01,  7.8593680348993e-04, -5.4049342295287e-03, -2.6196000072166e-01, -3.0347087390723e-02, -2.6033690511482e+00, -7.2519663737420e-02, -2.9673864956721e+00,  1.3414750810000e+00,  9.0292000000000e-01,               500000
  2.4300133297358e+00,  1.1272774119276e+00,  1.1266943250876e+00, -5.6034370217689e-01,  2.6509458554600e-01,  7.2814090057625e-04,  7.2510751472799e-03, -2.4281280222844e-01,  5.2681303601006e-03, -1.7030390603673e+00,  6.9091493676131e-03, -2.0481190608631e+00,  1.4094413300000e+00,  9.0456800000000e-01,               500000
  2.4303230204606e+00,  1.1271081405261e+00,  1.1266451900323e+00, -5.6499659984329e-01,  2.7801425032435e-01,  7.4567318622082e-04,  1.1590165073443e-02, -2.3683018433791e-01,  1.3201061387981e-02, -1.7909176220005e+00, -1.0493163421319e-02, -2.2707425741827e+00,  1.4787840170000e+00,  9.0131000000000e-01,               500000
  2.4285740103410e+00,  1.1268013066818e+00,  1.1267179926052e+00, -5.6192043429294e-01,  2.9694333746018e-01,  7.7064043166730e-04, -1.6723692696346e-03, -2.8062084294911e-01, -3.3309210709688e-02, -2.1849521995952e+00, -5.1326534192879e-02, -2.7081522318770e+00,  1.4200307560000e+00,  9.0277000000000e-01,               500000
  2.4273183127425e+00,  1.1269565988495e+00,  1.1273149285535e+00, -5.5231834695872e-01,  2.7086120449666e-01,  7.3601794067353e-04,  7.6469496261777e-03, -2.3456868898397e-01, -1.5382608810418e-02, -1.5959761492008e+00, -3.9625620576274e-02, -2.2656823059907e+00,  1.4001842520000e+00,  9.0583800000000e-01,               500000
  2.4248521237642e+00,  1.1273000511378e+00,  1.1282647491737e+00, -5.6121914967067e-01,  2.5713143321363e-01,  7.1712123551548e-04, -1.0460966338573e-03, -2.2337634269733e-01,  1.0087554973626e-02, -1.7818716197693e+00,  6.6997032377382e-02, -2.0075897415597e+00,  1.4178762610000e+00,  9.0356600000000e-01,               500000
  2.4228345243627e+00,  1.1274938304680e+00,  1.1284532384670e+00, -5.6373078770078e-01,  2.4331835410668e-01,  6.9759351216404e-04,  1.9722802424280e-02, -2.1228507299550e-01,  4.9643012420595e-02, -1.6103902051214e+00,  1.1036502821598e-01, -1.7215847241435e+00,  1.4136609800000e+00,  9.0380400000000e-01,               500000
  2.4175437958287e+00,  1.1270524492496e+00,  1.1275138138594e+00, -5.6341986705208e-01,  2.7016555716031e-01,  7.3507218306818e-04,  5.0556890176652e-03, -2.5422282242884e-01, -2.6224833108454e-02, -1.9975668343029e+00,  8.1328475207506e-02, -2.0565121267306e+00,  1.4900076590000e+00,  9.0682400000000e-01,               500000
  2.4119003683812e+00,  1.1269985240895e+00,  1.1258524763362e+00, -5.6374747685232e-01,  2.7588623419047e-01,  7.4281388542551e-04, -4.2699485516735e-03, -2.5674988649720e-01, -2.8900537353270e-02, -2.2074336303641e+00, -3.2125970298967e-02, -2.0223686512467e+00,  1.4428292890000e+00,  9.0373800000000e-01,               500000
  2.4075958505333e+00,  1.1273295966514e+00,  1.1246915982039e+00, -5.5780988678924e-01,  3.0239655647871e-01,  7.7768445590574e-04, -1.3179357430208e-02, -2.6361183001394e-01, -2.9354345049184e-02, -2.0652429959181e+00, -1.5522838490207e-01, -2.6457899746319e+00,  1.5053842920000e+00,  9.0238000000000e-01,               500000
  2.4060881616507e+00,  1.1280131639216e+00,  1.1252380374583e+00, -5.5390472776366e-01,  2.8637257906037e-01,  7.5679928522743e-04, -7.3868823861275e-04, -2.6128967107042e-01, -3.4097683640317e-02, -1.8441183965625e+00, -1.3447463163566e-01, -2.5166442644041e+00,  1.4171970700000e+00,  9.0910800000000e-01,               500000
  2.4048838970855e+00,  1.1290738772179e+00,  1.1271124271176e+00, -5.5783835353896e-01,  2.8980129008312e-01,  7.6131634697164e-04,  2.5120455313794e-03, -3.3924210677640e-01,  2.4113058818951e-02, -2.1414564394354e+00, -8.8667635755152e-02, -2.6795184247178e+00,  1.4028401630000e+00,  9.0382000000000e-01,               500000
  2.4033805056399e+00,  1.1297370698923e+00,  1.1297194653143e+00, -5.6125060873845e-01,  2.5291689829286e-01,  7.1121993545296e-04,  2.8396717831991e-03, -2.2158112620872e-01,  7.7805368475620e-02, -1.6018493991366e+00,  1.3069256692408e-01, -2.0432097736146e+00,  1.4395215970000e+00,  9.0155000000000e-01,               500000
  2.4015378147236e+00,  1.1293543753205e+00,  1.1307448250993e+00, -5.6238158312849e-01,  2.6005574051858e-01,  7.2118754914181e-04,  2.9582085946640e-03, -2.4715197597057e-01,  5.8650644538824e-02, -2.0292541992259e+00,  1.8537280178131e-01, -1.9128395917244e+00,  1.4090131340000e+00,  9.0280200000000e-01,               500000
  2.3993696247580e+00,  1.1282745812362e+00,  1.1297844542168e+00, -5.5548331382098e-01,  2.6304084119899e-01,  7.2531488499685e-04, -2.0598050940130e-04, -2.1670237878868e-01,  3.9217538454640e-02, -1.5553839781230e+00,  8.3009242574237e-02, -2.1745181801316e+00,  1.4238251260000e+00,  9.0534200000000e-01,               500000
  2.3974714713593e+00,  1.1268104078060e+00,  1.1280808640948e+00, -5.5514854439160e-01,  2.8070865744850e-01,  7.4927786227607e-04, -3.1603728763285e-03, -2.3906535788044e-01, -5.0702290896380e-02, -2.0184809699460e+00,  2.7437994318982e-02, -2.2379324539519e+00,  1.4653451320000e+00,  9.1324400000000e-01,               500000
  2.3963492790091e+00,  1.1261520168343e+00,  1.1262755579900e+00, -5.6319177953997e-01,  2.8828840905885e-01,  7.5932655565159e-04,  1.2740176569024e-03, -2.8439836774169e-01, -8.0235492306920e-02, -2.3149854345476e+00, -1.8378378840558e-02, -2.2641026674709e+00,  1.4160328480000e+00,  9.0270000000000e-01,               500000
  2.3951342345180e+00,  1.1266009600575e+00,  1.1248484278950e+00, -5.5343693027707e-01,  3.0199003385350e-01,  7.7716154543763e-04, -8.2846336858748e-03, -2.4946727051075e-01, -7.0864501160843e-02, -1.8289712832593e+00, -1.9003601388549e-01, -2.7019140076232e+00,  1.3760396790000e+00,  9.0335600000000e-01,               500000
  2.3955529234073e+00,  1.1279259884928e+00,  1.1255284245875e+00, -5.5748282671219e-01,  2.8043521535275e-01,  7.4891283251490e-04, -6.5387261227073e-03, -2.6686348627918e-01,  5.8942289243954e-03, -1.7293538886661e+00, -8.8718215645692e-02, -2.4831328469021e+00,  1.4253177360000e+00,  9.0713000000000e-01,               500000
  2.3971323711180e+00,  1.1290558063334e+00,  1.1270662444701e+00, -5.6243350507619e-01,  2.7783328154387e-01,  7.4543045489686e-04,  8.3641313298491e-04, -2.5409840498627e-01,  1.0690952092017e-01, -1.6138988436778e+00, -3.8794096998833e-02, -2.5537450459065e+00,  1.4279455000000e+00,  9.0579600000000e-01,               500000
  2.3984281033919e+00,  1.1287095461659e+00,  1.1288650633639e+00, -5.6343951439572e-01,  2.4474274203021e-01,  6.9963239208917e-04,  1.1032323091916e-02, -2.1921948171935e-01,  9.7698269617277e-02, -1.4941710224046e+00,  7.8525275778750e-02, -1.8343599683409e+00,  1.3950397670000e+00,  9.0473400000000e-01,               500000
  2.3976226584172e+00,  1.1271495051599e+00,  1.1296859508155e+00, -5.5274685675360e-01,  2.6274962977781e-01,  7.2491327726536e-04,  3.1953065720924e-03, -1.9670339239785e-01, -4.5450372505646e-02, -1.7541273582838e+00,  8.4773826226362e-02, -1.9040647856994e+00,  1.4732717190000e+00,  9.0648600000000e-01,               500000
  2.3963366246963e+00,  1.1263406350532e+00,  1.1295601535630e+00, -5.5870369387000e-01,  2.5781907251640e-01,  7.1807948378490e-04, -3.5026264039640e-03, -2.1701814279219e-01, -9.9198318475289e-02, -2.0581037271817e+00,  1.2226687339784e-01, -1.7739576910655e+00,  1.4300676800000e+00,  9.0344000000000e-01,               500000
  2.3958314889546e+00,  1.1269054280984e+00,  1.1281918507677e+00, -5.4977332355816e-01,  2.8043584806245e-01,  7.4891367735200e-04, -8.9190031172570e-03, -2.1346202837413e-01, -5.0847218621391e-02, -1.9508256350603e+00,  1.2039754678161e-02, -2.3988904985318e+00,  1.4410225110000e+00,  9.1149400000000e-01,               500000
  2.3970125153623e+00,  1.1280843188786e+00,  1.1268461977088e+00, -5.5422099899686e-01,  2.9156358471436e-01,  7.6362763794190e-04, -1.0177401345974e-02, -2.7429813497271e-01, -4.1561817683728e-03, -1.9543953796607e+00, -7.3331243093312e-02, -2.7056083042214e+00,  1.4769913280000e+00,  9.0284800000000e-01,               500000
  2.3999471326732e+00,  1.1292134348523e+00,  1.1264078606907e+00, -5.5005918399071e-01,  3.1088119847963e-01,  7.8851911641968e-04, -1.3533791360929e-03, -2.8108827434766e-01,  4.1126703793845e-02, -2.5267670037132e+00, -1.3435530012712e-01, -2.8130229313990e+00,  1.4277575160000e+00,  9.0420200000000e-01,               500000
  2.4028637643340e+00,  1.1297143248185e+00,  1.1274222688094e+00, -5.5496359587659e-01,  2.6762786257083e-01,  7.3161173113999e-04,  9.6069727085563e-03, -2.2608372668678e-01,  1.0195126995878e-01, -1.4975448665511e+00, -4.7134609294266e-02, -2.3812357496423e+00,  1.4701218930000e+00,  9.0963600000000e-01,               500000
  2.4037647010766e+00,  1.1288520509678e+00,  1.1288390108874e+00, -5.5425172606169e-01,  2.8241897872514e-01,  7.5155702208833e-04,  3.0039865115771e-03, -2.4574433040751e-01,  8.2328096845719e-02, -2.1191502146369e+00,  2.1030068836192e-02, -2.2185243090602e+00,  1.3972588510000e+00,  8.9760200000000e-01,               500000
  2.4040521307927e+00,  1.1270188208134e+00,  1.1299086221606e+00, -5.5756353811510e-01,  2.6261908429607e-01,  7.2473317061670e-04, -8.5586038563943e-04, -2.7265684141351e-01, -5.4071606590089e-02, -2.0258979183968e+00,  1.0645246379900e-01, -2.0743609871471e+00,  1.4114347850000e+00,  9.0460800000000e-01,               500000
  2.4044921618677e+00,  1.1260834809232e+00,  1.1297734685566e+00, -5.6149530390279e-01,  2.8706027023740e-01,  7.5770742405944e-04, -5.0732297988631e-03, -2.1455394645865e-01, -7.9240836663076e-02, -2.1135455174203e+00,  1.2174920051514e-01, -2.3650669939923e+00,  1.4071605770000e+00,  9.0818200000000e-01,               500000
  2.4058347356822e+00,  1.1262869945753e+00,  1.1283932670515e+00, -5.5667866160211e-01,  2.7239850969116e-01,  7.3810366438754e-04, -1.0149248147629e-02, -2.3419505357785e-01, -9.6326377043479e-02, -1.9655437097388e+00,  2.9496491603733e-02, -1.9411252254088e+00,  1.4296982700000e+00,  9.0540000000000e-01,               500000
  2.4089198873286e+00,  1.1277399004670e+00,  1.1268509994366e+00, -5.5605043105755e-01,  3.4514518572393e-01,  8.3083715097958e-04, -1.4544901521165e-02, -3.4690295291581e-01, -6.3240634756238e-02, -3.3073232306772e+00, -1.1545409613769e-01, -3.8065442697551e+00,  1.4223582490000e+00,  9.0163800000000e-01,               500000
  2.4143847574829e+00,  1.1298970915887e+00,  1.1266895606497e+00, -5.6492249945469e-01,  2.6035718299514e-01,  7.2160540878674e-04,  5.6759909976977e-03, -2.7262048676234e-01,  1.4441416163964e-01, -1.7956693667292e+00,  4.2321408482144e-02, -2.2427721739969e+00,  1.4877626850000e+00,  9.0299800000000e-01,               500000
  2.4182961152385e+00,  1.1299636830421e+00,  1.1261122187786e+00, -5.6146534158939e-01,  2.5199564302613e-01,  7.0992343675375e-04,  1.2760576322699e-03, -2.2570215417951e-01,  1.5935831879144e-01, -1.3745336165202e+00, -4.2324004155513e-02, -1.9839024288097e+00,  1.4281196880000e+00,  9.0595200000000e-01,               500000
  2.4216085975430e+00,  1.1279483504053e+00,  1.1260465215788e+00, -5.5505156865312e-01,  2.8446870978662e-01,  7.5427940418206e-04,  3.9559372025624e-04, -2.3562451285565e-01,  3.0133498937833e-03, -1.6963327192875e+00, -1.1621593102662e-01, -2.5373214966968e+00,  1.5116619780000e+00,  9.0346400000000e-01,               500000
  2.4245434281910e+00,  1.1261034104078e+00,  1.1272219743842e+00, -5.5030351175648e-01,  2.8773776996922e-01,  7.5860104135074e-04,  4.6127673348442e-03, -2.7022381513516e-01, -9.0530133452571e-02, -2.1201945463931e+00, -2.1236712978861e-03, -2.0878229215190e+00,  1.4169847090000e+00,  9.0300200000000e-01,               500000
  2.4263656747480e+00,  1.1256421863205e+00,  1.1283148380696e+00, -5.6026361139006e-01,  3.6226580026619e-01,  8.5119422021791e-04, -2.5158385714665e-03, -1.9577667701247e-01, -9.7443485000442e-02, -5.2658076380990e+00,  7.5208487415139e-02, -3.8720223996271e+00,  1.4237144310000e+00,  8.9921600000000e-01,               500000
  2.4284890450574e+00,  1.1265405436136e+00,  1.1285275090373e+00, -5.5569342689170e-01,  2.7707434990635e-01,  7.4441164674708e-04, -2.9644508446614e-04, -2.8943611924592e-01, -4.8958578308210e-02, -2.0539305919133e+00,  2.7602666386595e-02, -2.2259122178587e+00,  1.4192800170000e+00,  9.0439600000000e-01,               500000
  2.4304842846166e+00,  1.1280074088666e+00,  1.1284395894986e+00, -5.5599624756501e-01,  2.7256637851725e-01,  7.3833106194613e-04,  1.8880643729202e-02, -2.0003121005047e-01,  6.8365889103101e-02, -1.5908273413482e+00,  8.1054602613320e-02, -3.1402872758055e+00,  1.4497507170000e+00,  9.0559400000000e-01,               500000
  2.4288213240529e+00,  1.1284397606064e+00,  1.1275202289274e+00, -5.5260419580476e-01,  2.6446508263185e-01,  7.2727585224845e-04, -1.3790505963757e-03, -2.3917578366871e-01,  4.5590686775923e-02, -1.4577833986868e+00, -7.8620827823346e-02, -2.1371722236414e+00,  1.4976574720000e+00,  9.0935000000000e-01,               500000
  2.4275986242530e+00,  1.1282379740075e+00,  1.1275351170292e+00, -5.5949548910710e-01,  2.4567280801878e-01,  7.0096049534732e-04, -2.0670910736321e-03, -2.1954664788196e-01,  6.8153947748328e-02, -1.3307856771628e+00,  7.9312744182697e-03, -1.9943277183485e+00,  1.3604106820000e+00,  9.0392200000000e-01,               500000
  2.4268983705458e+00,  1.1271651779587e+00,  1.1274750356998e+00, -5.6185482566554e-01,  3.5717476884344e-01,  8.4519201231843e-04, -1.7780328881104e-02, -5.1636501581604e-01, -2.4475568483044e-02, -3.7991198363453e+00, -4.7093793865092e-02, -4.0248604942756e+00,  1.3954022330000e+00,  9.0076400000000e-01,               500000
  2.4295944894808e+00,  1.1265469378059e+00,  1.1279421574282e+00, -5.5307015791429e-01,  2.7096627898055e-01,  7.3616068759552e-04,  1.5347758547743e-02, -1.9476569419771e-01, -5.6518478156398e-02, -1.7528134292115e+00,  4.3877652049790e-02, -2.1121700318851e+00,  1.4479342820000e+00,  9.0301200000000e-01,               500000
  2.4292095618763e+00,  1.1267496175049e+00,  1.1279079571518e+00, -5.5436846809585e-01,  2.7080986615420e-01,  7.3594818588566e-04,  1.1726835311768e-02, -2.5694385129266e-01, -4.9460598473636e-02, -1.8771999620350e+00,  6.8754087729663e-02, -1.9615212053328e+00,  1.4446860050000e+00,  9.0261400000000e-01,               500000
  2.4267246785526e+00,  1.1276004564332e+00,  1.1271556642111e+00, -5.5073100305850e-01,  2.7819854113466e-01,  7.4592029216889e-04, -3.9918344532934e-03, -2.4492367792676e-01, -4.8776863769351e-02, -2.0741578562719e+00, -6.9700813905243e-02, -2.2889258554207e+00,  1.4390896090000e+00,  9.0094400000000e-01,               500000
  2.4252447935020e+00,  1.1290286159868e+00,  1.1272328779631e+00, -5.5781469552439e-01,  2.7011156123615e-01,  7.3499872276917e-04, -3.9003568873655e-03, -2.5128311884063e-01,  5.7772486763534e-02, -1.9374840065667e+00,  1.4192361666369e-04, -2.2152257601050e+00,  1.5273704250000e+00,  9.0643000000000e-01,               500000
  2.4246553495955e+00,  1.1295605501012e+00,  1.1273127839887e+00, -5.5307668857746e-01,  2.4825496639013e-01,  7.0463460941133e-04,  2.9983324032332e-03, -2.1060201227377e-01,  4.3526795875950e-02, -1.4793916809314e+00,  1.5203675554039e-02, -1.8693532439197e+00,  1.4306045730000e+00,  9.0745600000000e-01,               500000
  2.4235885063614e+00,  1.1294703434312e+00,  1.1272322461392e+00, -5.6408097717485e-01,  2.4925252633254e-01,  7.0604890246008e-04,  5.3933475888649e-03, -2.1635144878758e-01,  1.4393215279457e-01, -1.4939540286323e+00,  2.3732172399066e-02, -2.0561708007753e+00,  1.4856878570000e+00,  9.0535200000000e-01,               500000
  2.4216474547178e+00,  1.1274816887322e+00,  1.1269165499752e+00, -5.5925444415730e-01,  2.8173522222662e-01,  7.5064668416855e-04,  6.4981697573727e-03, -2.8881620300207e-01,  1.4330873325802e-02, -2.0825417710239e+00,  1.8637930960584e-02, -2.3206284362384e+00,  1.5143701470000e+00,  9.0193200000000e-01,               500000
  2.4187193631700e+00,  1.1255119498190e+00,  1.1264445832132e+00, -5.5568888821293e-01,  2.9624585487575e-01,  7.6973483080311e-04, -3.9458016583164e-03, -2.4805298451560e-01, -9.8513876587886e-02, -1.9173016632691e+00, -9.1816850267744e-02, -2.4318181566406e+00,  1.4286263100000e+00,  9.0753400000000e-01,               500000
  2.4168368147876e+00,  1.1250657799389e+00,  1.1270181560999e+00, -5.4578263653106e-01,  3.1716695342225e-01,  7.9645081884853e-04, -1.2368983691089e-02, -2.6736414490633e-01, -2.6080308447236e-01, -2.5714109647523e+00, -7.8119373779986e-02, -2.3493994853290e+00,  1.4243665540000e+00,  9.0383400000000e-01,               500000
  2.4174660078960e+00,  1.1281601089317e+00,  1.1283875287955e+00, -5.5754914601992e-01,  2.5279598748063e-01,  7.1104991031661e-04,  4.7586785235483e-03, -2.0386905262039e-01,  1.8736526156230e-02, -1.7801455094801e+00,  4.7210542938766e-02, -1.7630201262937e+00,  1.4251254540000e+00,  9.0767800000000e-01,               500000
  2.4171663584414e+00,  1.1307107345820e+00,  1.1291229307543e+00, -5.5891961966313e-01,  2.3315980076285e-01,  6.8287597814369e-04,  2.4208478360738e-03, -1.9907871672729e-01,  1.9487105872392e-01, -1.4038530661862e+00,  6.6579290789441e-02, -1.7550328043827e+00,  1.5412326010000e+00,  9.0465800000000e-01,               500000
  2.4164636522437e+00,  1.1304130212532e+00,  1.1290773752621e+00, -5.5568441810309e-01,  2.6435490380376e-01,  7.2712434122887e-04,  3.7260163293505e-03, -2.8090841193448e-01,  1.3004221315879e-01, -2.0362806234717e+00,  1.0249812298994e-01, -2.0469743413891e+00,  1.4869240120000e+00,  9.0833800000000e-01,               500000
  2.4151611747509e+00,  1.1284204958309e+00,  1.1279410462830e+00, -5.5253558905669e-01,  2.9191752591126e-01,  7.6409099708250e-04, -1.5344353451071e-02, -2.7392713151973e-01, -1.1601689643406e-02, -2.0917054559625e+00, -2.6821006044405e-02, -2.3171983229118e+00,  1.5263139740000e+00,  9.0535200000000e-01,               500000
  2.4168773884245e+00,  1.1267938746631e+00,  1.1272193065990e+00, -5.5453681126554e-01,  2.7694495807042e-01,  7.4423780886276e-04, -9.4447879601060e-04, -2.1263229914979e-01, -3.6099411901921e-02, -1.9333256942513e+00, -4.9911246023944e-02, -2.1534357563442e+00,  1.3902232050000e+00,  9.0454800000000e-01,               500000
  2.4186205359401e+00,  1.1258246550425e+00,  1.1271207469931e+00, -5.5821426851744e-01,  2.9332651148643e-01,  7.6593277966990e-04,  7.6360463992959e-03, -2.4538969784600e-01, -4.8802365210943e-02, -1.7617623889801e+00, -4.2536443128521e-02, -3.0078701230686e+00,  1.4822682710000e+00,  9.0433600000000e-01,               500000
  2.4187859569241e+00,  1.1256179922881e+00,  1.1275093019427e+00, -5.5267485232756e-01,  2.8875021202962e-01,  7.5993448668898e-04, -8.6919743865472e-03, -2.3552841615616e-01, -8.1247595711018e-02, -1.8471521694875e+00, -3.9130281500335e-02, -2.4990091024182e+00,  1.4768455060000e+00,  9.0421800000000e-01,               500000
  2.4205837298842e+00,  1.1265359350205e+00,  1.1282978224809e+00, -5.4874251442770e-01,  2.8205266145308e-01,  7.5106945278460e-04,  5.2014211850381e-03, -2.0655101538580e-01, -1.0418302574695e-01, -2.1256279712536e+00,  3.6147299447432e-03, -2.2116909978033e+00,  1.4600855510000e+00,  9.0658400000000e-01,               500000
  2.4212484192708e+00,  1.1287785264197e+00,  1.1289812534681e+00, -5.5310640741843e-01,  2.6840657743337e-01,  7.3267534069788e-04, -3.0911334098087e-03, -2.5265684203532e-01,  2.0462668223799e-02, -1.8424226006907e+00,  4.4675732185013e-02, -2.3087953853282e+00,  1.4550756460000e+00,  9.0801400000000e-01,               500000
  2.4224511980671e+00,  1.1305365444264e+00,  1.1291234241973e+00, -5.5443235612188e-01,  2.4895583546513e-01,  7.0562856442342e-04,  8.0112815092117e-03, -1.9605516246614e-01,  1.3363129763315e-01, -1.4002346528476e+00,  8.2303960629281e-02, -2.2760075567592e+00,  1.5430459450000e+00,  9.1223200000000e-01,               500000
  2.4220484464447e+00,  1.1303280272482e+00,  1.1283668278294e+00, -5.6099111829037e-01,  2.3014945391780e-01,  6.7845332030701e-04,  1.4734576590168e-03, -1.9284889081983e-01,  1.7515524254475e-01, -1.2556270944117e+00,  4.7422224576981e-02, -1.8211818921410e+00,  1.4677112520000e+00,  9.0560600000000e-01,               500000
  2.4214264426595e+00,  1.1277873881064e+00,  1.1271772580444e+00, -5.6464166773502e-01,  2.8229888149870e-01,  7.5139720720628e-04,  9.1143582119288e-03, -2.2757824204040e-01,  6.5356520268889e-02, -1.8436373998078e+00, -8.1850645368808e-03, -2.4336749882741e+00,  1.5128540330000e+00,  9.0446400000000e-01,               500000
  2.4191719533844e+00,  1.1246280975381e+00,  1.1262078684606e+00, -5.5772775531010e-01,  3.4176768932188e-01,  8.2676198427587e-04, -5.2738847689336e-04, -2.6369553923933e-01, -1.2708210788917e-01, -2.4081810759053e+00, -1.2157143606051e-01, -3.4689846276299e+00,  1.4208436660000e+00,  9.0594200000000e-01,               500000
  2.4172642571513e+00,  1.1235156318046e+00,  1.1266837648697e+00, -5.5909502260046e-01,  3.1196888985463e-01,  7.8989732225731e-04,  6.7037719396146e-03, -2.6681178689479e-01, -1.3394297559008e-01, -2.5268072141057e+00, -1.8932429153545e-02, -2.6462187538376e+00,  1.4913067300000e+00,  9.0946000000000e-01,               500000
  2.4143055363271e+00,  1.1243414863798e+00,  1.1273346434845e+00, -5.5544536837316e-01,  3.2160178443410e-01,  8.0199973121455e-04,  5.2554474339178e-03, -2.5568233887400e-01, -1.7934396406523e-01, -2.5281524926963e+00, -2.5382450899061e-02, -2.4544296599715e+00,  1.4859498060000e+00,  9.0289200000000e-01,               500000
  2.4106705859292e+00,  1.1275264631030e+00,  1.1282132676888e+00, -5.5745281648983e-01,  3.9275989980321e-01,  8.8629554867799e-04, -3.6341062974119e-03, -3.4311963455106e-01,  2.4102647852097e-02, -2.0766655969005e+00, -1.4453236054918e-01, -6.5608037387888e+00,  1.4747081470000e+00,  9.0314600000000e-01,               500000
  2.4081148280495e+00,  1.1300847510431e+00,  1.1306280581951e+00, -5.5834138309800e-01,  2.7556674975047e-01,  7.4238366058322e-04, -2.8185190510203e-03, -2.6767730576180e-01,  5.2021880671277e-02, -2.1563564439391e+00,  1.5155053921401e-01, -2.2183662639850e+00,  1.4016612180000e+00,  9.0903000000000e-01,               500000
  2.4063708420505e+00,  1.1316996609756e+00,  1.1311495511709e+00, -5.6001088170667e-01,  2.9129452208936e-01,  7.6327520867556e-04,  1.0306708157431e-02, -2.6740988578090e-01,  1.8746416159994e-01, -2.1246424238415e+00,  2.0161243079058e-01, -3.2544315940725e+00,  1.4022529710000e+00,  9.0472800000000e-01,               500000
  2.4028719163323e+00,  1.1306262123676e+00,  1.1294201984966e+00, -5.5697308645840e-01,  2.4349620205106e-01,  6.9784841054638e-04,  1.9340022061619e-03, -2.0625485804586e-01,  1.3362504414393e-01, -1.4416963762927e+00,  5.6826649128119e-02, -1.9507143586884e+00,  1.4013036810000e+00,  9.0173600000000e-01,               500000
  2.3993709121881e+00,  1.1278565874764e+00,  1.1272467758153e+00, -5.5035455342861e-01,  2.7800454209930e-01,  7.4566016669701e-04, -1.2252198089756e-02, -2.3182272884533e-01, -3.7639176824900e-02, -1.8216313610299e+00, -5.1173087597641e-02, -2.2842700785987e+00,  1.4303213390000e+00,  9.0633200000000e-01,               500000
  2.3985677006986e+00,  1.1258841701189e+00,  1.1258648115704e+00, -5.5665099598023e-01,  3.0444132711983e-01,  7.8030933240585e-04, -1.5313441075206e-02, -3.3092143613712e-01, -1.1876840231346e-01, -2.1704321885464e+00, -1.0809691219549e-01, -2.7139413406819e+00,  1.4180285710000e+00,  9.0190600000000e-01,               500000
  2.4007824484139e+00,  1.1257369187958e+00,  1.1258277014323e+00, -5.6014158657648e-01,  2.7516820002065e-01,  7.4184661490183e-04,  5.9976293681126e-03, -2.4685067805485e-01, -8.6210220093288e-02, -1.8697941200310e+00, -5.5156420941959e-02, -2.2706092309921e+00,  1.4733352460000e+00,  9.0537000000000e-01,               500000
  2.4016620449848e+00,  1.1267902688344e+00,  1.1264163653209e+00, -5.5857575618263e-01,  2.6887902489732e-01,  7.3331988231238e-04, -2.5427177127302e-03, -2.5389671809956e-01, -1.7514402023682e-02, -1.6792392335393e+00, -6.5563816862012e-02, -2.0335291412027e+00,  1.4365330320000e+00,  9.0189200000000e-01,               500000
  2.4029626177701e+00,  1.1279897611312e+00,  1.1276836187393e+00, -5.5704210533804e-01,  2.8994755462134e-01,  7.6150844331674e-04, -1.5365520445313e-03, -2.1666602265668e-01,  3.4307091742123e-02, -1.9779631373488e+00,  3.0569972148025e-03, -2.7217747193614e+00,  1.4943917900000e+00,  9.0196400000000e-01,               500000
  2.4044481139384e+00,  1.1286160731386e+00,  1.1288069677903e+00, -5.6001228317353e-01,  2.5719189056703e-01,  7.1720553618475e-04, -2.2314781229171e-04, -2.2852967838185e-01,  2.9913151153895e-02, -1.7969430466849e+00,  1.0497371318753e-01, -2.1231208247136e+00,  1.4673983390000e+00,  9.0439600000000e-01,               500000
  2.4058513180658e+00,  1.1287840059599e+00,  1.1286663222544e+00, -5.5619456237833e-01,  2.3893486265619e-01,  6.9128122013576e-04,  2.1796867176822e-03, -2.1933813949944e-01,  7.5986087844593e-02, -1.5053459137794e+00,  6.3727304767860e-02, -1.8199003720018e+00,  1.3946370540000e+00,  9.0133800000000e-01,               500000
  2.4067205046764e+00,  1.1279059490081e+00,  1.1278417824922e+00, -5.5215927449761e-01,  3.0004678773299e-01,  7.7465706959013e-04, -2.0435847718143e-03, -3.1127356342161e-01, -2.0961615135872e-02, -2.2014908624657e+00, -6.3395105377568e-02, -2.6886575804994e+00,  1.4329450830000e+00,  9.0661200000000e-01,               500000
  2.4079245373141e+00,  1.1274168854492e+00,  1.1278188120274e+00, -5.5227653694153e-01,  3.4296882943728e-01,  8.2821353458788e-04, -7.9355211974519e-03, -3.9828914885916e-01, -5.6313775579663e-02, -3.3972140019158e+00, -8.1703074452585e-02, -3.8062995377948e+00,  1.3811008970000e+00,  9.0284600000000e-01,               500000
  2.4105665354825e+00,  1.1277720279816e+00,  1.1287291641373e+00, -5.5959129980645e-01,  2.7425840745927e-01,  7.4061921047090e-04,  4.4389626905313e-03, -2.1417620564324e-01, -3.3464079980852e-02, -2.3003170365440e+00,  9.9042672743506e-02, -1.9062559227177e+00,  1.3807960090000e+00,  9.0598200000000e-01,               500000
  2.4121169027668e+00,  1.1285675952446e+00,  1.1284558320451e+00, -5.6331423161174e-01,  2.4483547289085e-01,  6.9976492179996e-04,  5.3764554726591e-03, -2.1318611618170e-01,  9.4553625488935e-02, -1.5401517569316e+00,  9.1156816792874e-02, -1.8934056101905e+00,  1.4467594110000e+00,  8.9999400000000e-01,               500000
  2.4125024740978e+00,  1.1279946837456e+00,  1.1272026292446e+00, -5.5550847454220e-01,  2.8732538154427e-01,  7.5805722942832e-04,  8.3441445456390e-04, -2.5390183897542e-01,  2.0541375372127e-02, -2.0634034144507e+00, -6.6766159199067e-02, -2.6732929447290e+00,  1.4747899120000e+00,  9.1114800000000e-01,               500000
  2.4127140061711e+00,  1.1272096929158e+00,  1.1268344354889e+00, -5.5654676064907e-01,  2.6467863636859e-01,  7.2756942812159e-04, -1.4772962046153e-03, -2.2322514261853e-01,  2.8197006642154e-03, -1.6131814407366e+00, -6.2219882287069e-02, -1.9854643362620e+00,  1.4321173910000e+00,  9.0987000000000e-01,               500000
  2.4132104371148e+00,  1.1264744541938e+00,  1.1272100110655e+00, -5.6658886452863e-01,  2.6351374383605e-01,  7.2596658853704e-04,  7.1942102509844e-03, -2.2699778545292e-01, -1.6564883550867e-03, -1.8813178146066e+00, -1.9327385832010e-02, -2.0203266622839e+00,  1.4226616390000e+00,  9.0293000000000e-01,               500000
  2.4122936243468e+00,  1.1258476806177e+00,  1.1277763969886e+00, -5.5431124952291e-01,  2.9651187478119e-01,  7.7008035266612e-04, -5.7983101735357e-03, -2.7803054370547e-01, -9.8580294824036e-02, -2.4157261770820e+00, -1.6246485075631e-02, -2.4719148023269e+00,  1.4571237910000e+00,  9.0733200000000e-01,               500000
  2.4126126181725e+00,  1.1266623394084e+00,  1.1284830269523e+00, -5.6315651550700e-01,  2.7116211579746e-01,  7.3642666409828e-04,  8.2704804582299e-03, -2.3236310739245e-01, -3.3537309393459e-02, -1.8110403310167e+00,  6.5767492678830e-02, -2.2488640433092e+00,  1.4228964060000e+00,  9.0800200000000e-01,               500000
  2.4113260503145e+00,  1.1278732304482e+00,  1.1283934945979e+00, -5.6220925223008e-01,  2.6515796187196e-01,  7.2822793392174e-04,  7.9436409872684e-03, -2.1945620676791e-01,  4.6419367104978e-02, -1.6991748836483e+00,  3.1855701052352e-02, -2.1070840447719e+00,  1.4315176330000e+00,  9.0709000000000e-01,               500000
  2.4086537286513e+00,  1.1283329062106e+00,  1.1279662520002e+00, -5.5068116450400e-01,  2.6827413485398e-01,  7.3249455268143e-04, -2.9421256108191e-03, -2.4513894944450e-01,  1.4827031249854e-02, -1.7664371742308e+00,  1.7866068118451e-02, -2.2161927625161e+00,  1.3862313840000e+00,  9.0332200000000e-01,               500000
  2.4068383224580e+00,  1.1285536736464e+00,  1.1273924014791e+00, -5.5204789425924e-01,  2.6366912130612e-01,  7.2618058540024e-04,  2.1641884879421e-03, -2.1508730294392e-01,  2.2970329157158e-02, -1.7783423289723e+00, -3.0050283806425e-02, -2.2600629585110e+00,  1.5164232540000e+00,  9.0387400000000e-01,               500000
  2.4048038884092e+00,  1.1284457786912e+00,  1.1272270036647e+00, -5.5787870009698e-01,  2.6146409905743e-01,  7.2313774491093e-04, -9.0704078776376e-03, -2.6974665657906e-01,  2.3429303121919e-02, -1.5041232389680e+00, -4.7736658341420e-02, -2.1832630966294e+00,  1.5181808130000e+00,  9.0377600000000e-01,               500000
  2.4047559080669e+00,  1.1280329737774e+00,  1.1276295400088e+00, -5.6149914989027e-01,  2.7808941270904e-01,  7.4577397743423e-04, -7.7795310222843e-03, -2.2440931595687e-01, -2.5168874714839e-02, -1.7870682311758e+00,  1.8030598895832e-02, -2.1187585022507e+00,  1.4699535440000e+00,  9.0002200000000e-01,               500000
  2.4062436525706e+00,  1.1280241116989e+00,  1.1278003405240e+00, -5.4901739696370e-01,  2.9007636356159e-01,  7.6167757425513e-04, -1.2196431146931e-02, -2.9089573802192e-01, -4.0767984271651e-02, -1.8146470787329e+00, -1.0746575680819e-01, -2.5752197992305e+00,  1.4277025120000e+00,  9.0261600000000e-01,               500000
  2.4099773201020e+00,  1.1285975998394e+00,  1.1291857188791e+00, -5.5492425583536e-01,  2.5309131354619e-01,  7.1146512710911e-04, -1.5438508656106e-04, -2.3438647057813e-01,  3.1386320928174e-02, -1.7463574923257e+00,  6.3886800480277e-02, -1.9419608644029e+00,  1.5475292340000e+00,  9.0162600000000e-01,               500000
  2.4133949940143e+00,  1.1286881252756e+00,  1.1297207890574e+00, -5.5656655584805e-01,  2.8827013249471e-01,  7.5930248583119e-04,  7.8950720331847e-04, -2.5466199665198e-01,  2.6503217848442e-02, -2.6356713104300e+00,  1.5461042632803e-01, -2.4244707609096e+00,  1.4353047000000e+00,  9.0522000000000e-01,               500000
  2.4163462774713e+00,  1.1284173679654e+00,  1.1284622285339e+00, -5.5889361103062e-01,  2.4586406721855e-01,  7.0123329529986e-04, -4.1618319279279e-03, -2.3536249771514e-01,  7.5311244259369e-02, -1.4428200002752e+00,  3.1700070714807e-02, -2.2374398355570e+00,  1.4160787470000e+00,  9.0128200000000e-01,               500000
  2.4198392511783e+00,  1.1271287328855e+00,  1.1269805617967e+00, -5.5514386424926e-01,  3.0557533984115e-01,  7.8176126770409e-04, -8.8908998506138e-03, -2.8201630693788e-01, -4.8022360080449e-02, -1.9514756398723e+00, -1.2376938898025e-01, -2.8153784640763e+00,  1.3699446580000e+00,  9.0397200000000e-01,               500000
  2.4247455928253e+00,  1.1266546133427e+00,  1.1270693141438e+00, -5.5822821821156e-01,  2.4896888806178e-01,  7.0564706201015e-04,  1.1247546672283e-02, -1.8189129817607e-01, -4.1729422628415e-03, -1.5667767698135e+00,  5.0553937359670e-04, -1.7482896027585e+00,  1.4198901660000e+00,  8.9926000000000e-01,               500000
  2.4269873960441e+00,  1.1262969234804e+00,  1.1271534975293e+00, -5.6309155481458e-01,  2.7209930916505e-01,  7.3769818918722e-04, -4.7769503741439e-03, -2.4080510994681e-01, -2.1484061830069e-02, -1.7242766108528e+00,  2.5465959304621e-02, -2.1977973195272e+00,  1.4019996740000e+00,  9.0740000000000e-01,               500000
  2.4299633812348e+00,  1.1262887863902e+00,  1.1269515175997e+00, -5.5687224079763e-01,  2.7199876668691e-01,  7.3756188443671e-04,  3.7725130730964e-03, -2.2362263371627e-01, -3.7649717915622e-02, -1.7301278089413e+00, -2.7355398625917e-02, -2.1188962029415e+00,  1.4669663510000e+00,  8.9979000000000e-01,               500000
  2.4319296068247e+00,  1.1268237194431e+00,  1.1270939274890e+00, -5.5720205706086e-01,  2.8804038293866e-01,  7.5899984576898e-04,  5.1461584908314e-03, -2.2470344786341e-01, -6.1435568392282e-02, -2.0143248697152e+00, -4.2064024894332e-02, -2.3721716314154e+00,  1.4728402990000e+00,  9.0494400000000e-01,               500000
  2.4327162288839e+00,  1.1281859331783e+00,  1.1277167272318e+00, -5.6269339646059e-01,  2.6314177622864e-01,  7.2545403193951e-04, -5.9263529401924e-03, -2.1659309115035e-01,  4.2417401638094e-02, -1.6540531817128e+00, -3.0412634258345e-03, -2.2288767657119e+00,  1.4506009950000e+00,  9.0186800000000e-01,               500000
  2.4346070258679e+00,  1.1288264796594e+00,  1.1283255804890e+00, -5.5862781576565e-01,  2.2772844492799e-01,  6.7487546247881e-04,  8.1528731530717e-03, -1.9864202060793e-01,  7.2929540076386e-02, -1.4194646268055e+00,  1.0734551869091e-01, -1.6451705214111e+00,  1.4460373030000e+00,  9.0766200000000e-01,               500000
  2.4347312798010e+00,  1.1283831494307e+00,  1.1276533687333e+00, -5.5190524872821e-01,  2.4410470731608e-01,  6.9871983987300e-04,  5.5127777729110e-03, -2.1422817444814e-01, -7.7133970774178e-03, -1.5923160017873e+00,  3.1984238713518e-02, -1.7965097789226e+00,  1.4568242430000e+00,  9.0393800000000e-01,               500000
  2.4337823147654e+00,  1.1281040177007e+00,  1.1266908650713e+00, -5.5906874038767e-01,  2.5864086998180e-01,  7.1922301128621e-04,  6.2428694919025e-03, -2.2749465648024e-01,  7.3442749693006e-02, -1.3526352982484e+00, -3.5120033618023e-02, -2.4771278423320e+00,  1.4461413400000e+00,  9.0188800000000e-01,               500000
  2.4317232148621e+00,  1.1268217881821e+00,  1.1262412409920e+00, -5.5132627063657e-01,  3.0934905132365e-01,  7.8657364731302e-04, -8.0296392305828e-03, -3.0483334833412e-01, -7.0795679296505e-02, -2.3225780912654e+00, -1.2898639717440e-01, -2.9568653467771e+00,  1.4073114170000e+00,  9.1165800000000e-01,               500000
  2.4314773054215e+00,  1.1266868947465e+00,  1.1273365727005e+00, -5.5727912373552e-01,  2.5260758109223e-01,  7.1078489164055e-04,  1.2260169942245e-02, -1.8706736355869e-01, -2.2286945112533e-02, -1.5902145415072e+00,  3.9005076342053e-04, -1.9233776982992e+00,  1.4183443220000e+00,  9.0387800000000e-01,               500000
  2.4288635098613e+00,  1.1268930839307e+00,  1.1283302770350e+00, -5.6176681129928e-01,  2.5325941633190e-01,  7.1170136480395e-04,  6.6575461398050e-03, -2.4559654997237e-01,  3.9172167514350e-03, -1.6421388126235e+00,  1.1658968609232e-01, -2.0025504716739e+00,  1.3616325800000e+00,  9.0565600000000e-01,               500000
  2.4252225140974e+00,  1.1270348801653e+00,  1.1278931445091e+00, -5.5894131104819e-01,  2.4630668312478e-01,  7.0186420784191e-04,  5.6846692127667e-03, -2.4105111680239e-01,  1.1223337808737e-02, -1.5206289552689e+00,  4.1367528790536e-02, -1.9283741835244e+00,  1.4245375030000e+00,  9.0219600000000e-01,               500000
  2.4208456799811e+00,  1.1270136999432e+00,  1.1270329086210e+00, -5.5763685563456e-01,  2.4488402258764e-01,  6.9983429837018e-04,  4.5711273355425e-03, -1.8306343074846e-01,  2.6169464170579e-03, -1.4883325328905e+00, -1.0943184057389e-02, -1.8460839933343e+00,  1.4835543320000e+00,  9.0159000000000e-01,               500000
  2.4160182037131e+00,  1.1269679130395e+00,  1.1263947999532e+00, -5.4918777986948e-01,  3.1897234547249e-01,  7.9871439885918e-04, -1.3484703331941e-02, -2.8382007099655e-01, -1.3229544518135e-01, -2.7475824833653e+00, -1.3231368579257e-01, -2.5086543447064e+00,  1.4430908780000e+00,  9.0336000000000e-01,               500000
  2.4143620387386e+00,  1.1288333976206e+00,  1.1273649073334e+00, -5.5525528837793e-01,  2.5672601197063e-01,  7.1655566702194e-04, -4.3577517163416e-03, -2.1459430717483e-01,  7.2944434529912e-02, -1.5766436076739e+00, -3.4552606528388e-03, -2.1561151963717e+00,  1.5304605630000e+00,  9.0644800000000e-01,               500000
  2.4137514484167e+00,  1.1294837856757e+00,  1.1282916687681e+00, -5.5697607065820e-01,  2.4663202676105e-01,  7.0232759701019e-04,  8.5480350065481e-03, -2.2425323750215e-01,  9.5875993217376e-02, -1.5286075488973e+00,  3.7928834075356e-02, -1.9488203952841e+00,  1.4272778500000e+00,  9.0434800000000e-01,               500000
  2.4115344763427e+00,  1.1287101979558e+00,  1.1286982857426e+00, -5.5782690012311e-01,  2.4510855867191e-01,  7.0015506664154e-04,  1.2246393376061e-03, -2.2160451814956e-01,  6.7107595549007e-02, -1.6741523411251e+00,  8.3902849854035e-02, -1.8806807069333e+00,  1.4241061860000e+00,  8.9703400000000e-01,               500000
  2.4093161779165e+00,  1.1270648604223e+00,  1.1281014878999e+00, -5.5557823013676e-01,  2.6715012710168e-01,  7.3095844902659e-04, -2.1527030719573e-03, -2.4975708297234e-01, -5.0545277634958e-02, -2.1769496176681e+00,  4.8030249645050e-02, -1.8994406380790e+00,  1.4794222440000e+00,  9.0314600000000e-01,               500000
  2.4077683981247e+00,  1.1263220285504e+00,  1.1270164142820e+00, -5.5984624836889e-01,  2.6547623168953e-01,  7.2866484983088e-04,  1.1453780973727e-03, -1.8158922539204e-01, -4.7854467096868e-02, -1.8354121852497e+00,  1.5507495948064e-02, -2.0234298348298e+00,  1.4679889860000e+00,  9.0199800000000e-01,               500000
  2.4061643530676e+00,  1.1263522801290e+00,  1.1258698374936e+00, -5.5679636489495e-01,  3.1539779935063e-01,  7.9422641526284e-04,  1.2139938265622e-03, -2.1983528497623e-01, -4.1913750434474e-02, -2.3091692668788e+00, -1.0006730458063e-01, -2.8101651842501e+00,  1.3996210940000e+00,  9.0527600000000e-01,               500000
  2.4044995016462e+00,  1.1269981020260e+00,  1.1260191694452e+00, -5.5852593278067e-01,  2.6511903075255e-01,  7.2817447188507e-04,  1.0434894881497e-02, -2.0884982978988e-01, -2.1448404236820e-02, -1.4932545940489e+00, -5.8704842407112e-02, -2.1174881880539e+00,  1.3983433060000e+00,  9.1046200000000e-01,               500000
  2.4009475095807e+00,  1.1278992809998e+00,  1.1268509153317e+00, -5.5609859327267e-01,  2.8204495419582e-01,  7.5105919100404e-04,  3.5325091231071e-03, -2.3250482106523e-01,  1.5790815223119e-02, -1.6944676901567e+00, -1.0118315319892e-01, -2.5149164652358e+00,  1.4586856430000e+00,  9.0347800000000e-01,               500000
  2.3970670784455e+00,  1.1284962177590e+00,  1.1287964997023e+00, -5.5894698441632e-01,  2.6532536384834e-01,  7.2845777344791e-04, -4.0327668185802e-06, -2.9980852471649e-01,  7.8043332752849e-02, -1.7343502166160e+00,  3.0128044503150e-02, -2.5316188509804e+00,  1.5371092970000e+00,  9.0888800000000e-01,               500000
  2.3936007728322e+00,  1.1279215397336e+00,  1.1302123096406e+00, -5.5381757820045e-01,  2.8905655297289e-01,  7.6033749476518e-04, -4.2614790380045e-03, -2.6849787595110e-01, -2.1620938145605e-02, -1.9741309303443e+00,  1.1156718956520e-01, -2.8385322307482e+00,  1.3880619250000e+00,  9.0674200000000e-01,               500000
  2.3913542964164e+00,  1.1277299751474e+00,  1.1301986105792e+00, -5.5771324405375e-01,  2.8287373075044e-01,  7.5216185857892e-04, -1.1776883877790e-03, -2.8930003393754e-01,  3.7089188395160e-03, -2.5428840155069e+00,  1.0490682603437e-01, -2.6055299539676e+00,  1.4715197270000e+00,  9.0342600000000e-01,               500000
  2.3895939495072e+00,  1.1275221139535e+00,  1.1289724887878e+00, -5.6089037125267e-01,  2.6764371566654e-01,  7.3163339954726e-04, -1.5933643364514e-03, -2.4506963360096e-01,  2.9677017533717e-02, -1.8782524979557e+00,  9.9626113481220e-02, -1.9570696558329e+00,  1.4294225360000e+00,  9.0243400000000e-01,               500000
  2.3883507470785e+00,  1.1269189420083e+00,  1.1267109455618e+00, -5.5718435246546e-01,  3.1891588122743e-01,  7.9864370181882e-04, -5.4724323835845e-03, -2.8266674622507e-01, -4.5853385076089e-02, -2.3805911094372e+00, -7.6036794088199e-02, -2.6303163735851e+00,  1.4120500500000e+00,  9.0570400000000e-01,               500000
  2.3883544980389e+00,  1.1270570115963e+00,  1.1255814314079e+00, -5.5574634028472e-01,  5.9284870374763e-01,  1.0888973356085e-03, -1.0074697993403e-02, -2.0736902312110e-01, -1.6452407042151e-01, -9.7216425022464e+00, -1.9169523634233e-01, -1.1345473685687e+01,  1.4503396030000e+00,  9.0882400000000e-01,               500000
  2.3903963375738e+00,  1.1296354855874e+00,  1.1268823830921e+00, -5.5908160660522e-01,  2.8949145431831e-01,  7.6090926439138e-04, -1.6960882244038e-03, -2.3276225734531e-01,  6.2851772533256e-02, -1.7829454577690e+00, -3.9108328817068e-02, -2.8525731406886e+00,  1.4642876260000e+00,  9.0471200000000e-01,               500000
  2.3925997856555e+00,  1.1310599859362e+00,  1.1285313041085e+00, -5.6009654024147e-01,  2.3993717653235e-01,  6.9272963922781e-04, -6.2655853452881e-03, -2.0576100749011e-01,  1.1871765308592e-01, -1.4512075326278e+00,  3.0325994838368e-02, -1.7694231103298e+00,  1.4572256970000e+00,  8.9884800000000e-01,               500000
  2.3958630774808e+00,  1.1306302249561e+00,  1.1296706189097e+00, -5.5816022507389e-01,  2.5404276277845e-01,  7.1280118234813e-04, -5.0454880529773e-03, -2.3128716487601e-01,  1.2136872035852e-01, -1.7728819954318e+00,  7.9380041044012e-02, -2.0393165940905e+00,  1.5173889500000e+00,  9.0550800000000e-01,               500000
  2.3998402545607e+00,  1.1284931852962e+00,  1.1297736006022e+00, -5.5867920479015e-01,  2.6991278484582e-01,  7.3472822845706e-04,  9.2064967642626e-05, -2.5266215707200e-01,  1.5986761378228e-02, -1.8857199811900e+00,  6.7745596099080e-02, -2.3392611485946e+00,  1.4424820290000e+00,  9.0538400000000e-01,               500000
  2.4034312428053e+00,  1.1263485856795e+00,  1.1290808168647e+00, -5.5069210418225e-01,  2.6945315943046e-01,  7.3410238990274e-04, -9.0068622884663e-04, -2.3871459345102e-01, -1.0763932493381e-01, -1.9932543322688e+00,  8.6438940243550e-02, -1.9289303321177e+00,  1.4303088640000e+00,  9.0906200000000e-01,               500000
  2.4068727750913e+00,  1.1259981333992e+00,  1.1274469737022e+00, -5.5527293179525e-01,  2.9301209661527e-01,  7.6552217030634e-04, -3.3930051627818e-03, -2.3335151571075e-01, -6.8494306974139e-02, -2.0562123728783e+00, -3.2100051409608e-02, -2.4365715175515e+00,  1.4497497120000e+00,  9.0068400000000e-01,               500000
  2.4106817145159e+00,  1.1266953691708e+00,  1.1263687306981e+00, -5.5428500137560e-01,  2.9857604937219e-01,  7.7275617030496e-04, -3.9364742637937e-03, -2.5856293363811e-01, -5.6757198585354e-02, -1.8696094121343e+00, -8.6954860305329e-02, -2.8710474482653e+00,  1.4174311750000e+00,  9.0358400000000e-01,               500000
  2.4149346844076e+00,  1.1281651659908e+00,  1.1264438130875e+00, -5.5283051706080e-01,  2.5734135238285e-01,  7.1741390059414e-04, -1.5107608101021e-02, -2.3945616473937e-01,  7.1855271929772e-03, -1.6796781591512e+00, -6.9700944138113e-02, -2.0613267597970e+00,  1.4270848690000e+00,  9.0471400000000e-01,               500000
  2.4218326166131e+00,  1.1293969977184e+00,  1.1273498753984e+00, -5.5681105751601e-01,  2.6241407703432e-01,  7.2445024264516e-04,  8.0586979538061e-03, -2.0825061383742e-01,  1.0132890214166e-01, -1.6604271917990e+00,  2.4811629458616e-02, -2.2500880456899e+00,  1.4625275830000e+00,  9.0897600000000e-01,               500000
  2.4264390474098e+00,  1.1290374611832e+00,  1.1278852427803e+00, -5.5540177022452e-01,  2.3766813699285e-01,  6.8944635323257e-04,  2.8136301653942e-03, -2.0350793537605e-01,  7.6901213098645e-02, -1.4631007726427e+00,  1.0845921445450e-02, -2.0390471170189e+00,  1.4009415520000e+00,  9.0858200000000e-01,               500000
  2.4300415765148e+00,  1.1275989320848e+00,  1.1282509167262e+00, -5.6227723364584e-01,  2.5421732450520e-01,  7.1304603568803e-04,  9.7477839018929e-03, -2.2238518655379e-01,  2.1837381920127e-02, -1.6988904805132e+00,  8.4044259504980e-02, -1.8261061747928e+00,  1.4161635240000e+00,  9.0122600000000e-01,               500000
  2.4313360581354e+00,  1.1259951128286e+00,  1.1275914104409e+00, -5.5688031136184e-01,  2.6113060034732e-01,  7.2267641492900e-04,  3.5979354387592e-03, -1.9079744386975e-01, -7.6657011257198e-02, -1.6924646304761e+00,  4.1434950408757e-02, -1.8474250876485e+00,  1.4333835610000e+00,  9.0321200000000e-01,               500000
  2.4317930868496e+00,  1.1256869219302e+00,  1.1265145898808e+00, -5.5671074805471e-01,  2.9475236619728e-01,  7.6779211535061e-04,  8.5774081418913e-04, -2.7713494460365e-01, -6.9783711111882e-02, -2.1652555992373e+00, -6.7385925105498e-02, -2.3775767802930e+00,  1.4532325400000e+00,  9.0283200000000e-01,               500000
  2.4320590953447e+00,  1.1264497242091e+00,  1.1263620793606e+00, -5.5543709937314e-01,  2.6792616559195e-01,  7.3201935164578e-04,  5.8011421259513e-03, -2.2986708128518e-01, -6.6740047038338e-02, -1.7022828360401e+00, -5.6349221826486e-02, -2.0743434904608e+00,  1.4251110060000e+00,  9.0614200000000e-01,               500000
  2.4311444841263e+00,  1.1281304293188e+00,  1.1269097804147e+00, -5.4969262276567e-01,  2.8889914666631e-01,  7.6013044494522e-04, -1.7276009419313e-03, -2.6580806319667e-01, -5.4644503114824e-02, -2.3092748045967e+00, -7.3010330478980e-02, -2.1271647168598e+00,  1.4812169640000e+00,  9.0296600000000e-01,               500000
  2.4306984490216e+00,  1.1304658409125e+00,  1.1282885951287e+00, -5.5294086071832e-01,  2.5011798567277e-01,  7.0727361844306e-04,  1.1021106625980e-03, -2.3479765287337e-01,  1.6289071559536e-01, -1.6821135921727e+00,  6.4863115966762e-02, -2.1685697933926e+00,  1.4951082640000e+00,  9.0312800000000e-01,               500000
  2.4300961199857e+00,  1.1301831906645e+00,  1.1287677922212e+00, -5.5896988793757e-01,  2.5817133198178e-01,  7.1856987409963e-04,  4.3395774381620e-04, -2.4944403080785e-01,  1.3733510962987e-01, -1.7151701549661e+00,  9.5821217433783e-02, -2.1114607798339e+00,  1.4677025860000e+00,  9.0511800000000e-01,               500000
  2.4294903266829e+00,  1.1279193529064e+00,  1.1280644147804e+00, -5.6193087431602e-01,  2.5596947894265e-01,  7.1549909705415e-04, -2.0966697911621e-03, -2.5707349419890e-01,  5.0720058382696e-02, -1.5677992673563e+00,  2.3651474812880e-02, -2.3849659547190e+00,  1.4337270870000e+00,  9.0764400000000e-01,               500000
  2.4293984079035e+00,  1.1251434881442e+00,  1.1271612345786e+00, -5.5840933084138e-01,  3.0269368300503e-01,  7.7806642776183e-04, -1.0543456621175e-02, -2.8171269248425e-01, -1.4917926753443e-01, -2.6292144559119e+00, -4.5892418347801e-02, -2.2903932128183e+00,  1.4097300800000e+00,  9.0793400000000e-01,               500000
  2.4314960168190e+00,  1.1248633972259e+00,  1.1269121899998e+00, -5.4907364548779e-01,  3.3190467172323e-01,  8.1474495607305e-04,  2.9059667465521e-03, -2.7443808430709e-01, -1.7896891136646e-01, -2.9154041476950e+00, -8.1330404447753e-02, -2.9532464085316e+00,  1.4351791700000e+00,  9.0689200000000e-01,               500000
  2.4328204282749e+00,  1.1272710961948e+00,  1.1276831547664e+00, -5.5645453187961e-01,  3.0286500127231e-01,  7.7828658124410e-04,  9.5399308551657e-03, -2.1299553155498e-01, -2.5519690594782e-02, -2.4729543496133e+00,  8.7255565986198e-03, -2.8722860510987e+00,  1.4677788970000e+00,  9.0696000000000e-01,               500000
  2.4320846236638e+00,  1.1298355977331e+00,  1.1282901676322e+00, -5.5986598045996e-01,  2.5076081884203e-01,  7.0818192414383e-04,  9.1978931281011e-03, -2.2135446632332e-01,  1.3503613628607e-01, -1.5674018353852e+00,  1.9247774028208e-02, -2.0580754886493e+00,  1.4820151300000e+00,  8.9976200000000e-01,               500000
  2.4295633698049e+00,  1.1301623010765e+00,  1.1286176222219e+00, -5.5458117905124e-01,  2.9553996981716e-01,  7.6881723422041e-04,  3.0640940152210e-03, -2.9157902106245e-01,  8.3420239466476e-02, -2.6795439276671e+00,  5.9025560218306e-02, -2.8552523615549e+00,  1.4228273030000e+00,  8.9995600000000e-01,               500000
  2.4266939475428e+00,  1.1292434173569e+00,  1.1282178009606e+00, -5.6242317866578e-01,  2.3256656266621e-01,  6.8200669009359e-04,  8.9503080158963e-03, -2.1371377602637e-01,  1.3269318158845e-01, -1.2706586130475e+00,  4.5145420783025e-02, -1.9436549474211e+00,  1.5113476180000e+00,  8.9978200000000e-01,               500000
  2.4222979065658e+00,  1.1264631660376e+00,  1.1273239736217e+00, -5.5161048208709e-01,  2.9074179889581e-01,  7.6255071817658e-04,  4.4510496468352e-03, -2.5768783997898e-01, -6.3773077781427e-02, -2.2459886900449e+00, -3.9315655943749e-02, -2.6425218576552e+00,  1.4075898420000e+00,  9.0212600000000e-01,               500000
  2.4174505441730e+00,  1.1249189648375e+00,  1.1270099899194e+00, -5.5530320186990e-01,  3.0244019400741e-01,  7.7774056600824e-04,  6.8074804237806e-03, -2.6108648267216e-01, -1.7313732931362e-01, -3.0254813295285e+00,  8.4841197222315e-03, -2.1065204529061e+00,  1.4340990480000e+00,  9.0424400000000e-01,               500000
  2.4117132973014e+00,  1.1261145376083e+00,  1.1266370762032e+00, -5.4760661627365e-01,  3.0636989320009e-01,  7.8277697104615e-04, -4.5540081355405e-03, -3.0479009165078e-01, -1.0542246220937e-01, -2.3388437130237e+00, -8.3517879952266e-02, -2.7262974511658e+00,  1.4319541140000e+00,  9.0401200000000e-01,               500000
  2.4075115578784e+00,  1.1287703584276e+00,  1.1273299384862e+00, -5.5835089825233e-01,  2.8352692873801e-01,  7.5302978525156e-04, -2.0088470772904e-03, -2.5269305451747e-01,  6.1426772407766e-02, -2.0237043763280e+00, -1.2512313515048e-02, -2.5328495942816e+00,  1.4538963770000e+00,  9.0894800000000e-01,               500000
  2.4041647796278e+00,  1.1302672681906e+00,  1.1281215071003e+00, -5.5213092096767e-01,  2.7798097251095e-01,  7.4562855700537e-04, -1.0264176464229e-02, -2.8256236074770e-01,  7.6404933256435e-02, -1.8354713321764e+00, -5.3242843730178e-02, -2.7150186427334e+00,  1.4975969280000e+00,  9.0154800000000e-01,               500000
  2.4032935282975e+00,  1.1304952693819e+00,  1.1294981381102e+00, -5.5388299844821e-01,  2.6518559082986e-01,  7.2826587291986e-04,  2.0691968709370e-03, -2.2768644173453e-01,  1.3769882253188e-01, -1.5047040700649e+00,  3.4098324201200e-02, -2.4097495137052e+00,  1.4916781770000e+00,  9.0818000000000e-01,               500000
  2.4021054763747e+00,  1.1286668184773e+00,  1.1303384681593e+00, -5.6029624600000e-01,  2.3867327500853e-01,  6.9090270662161e-04,  3.6497658753427e-04, -2.0042829830263e-01,  4.5912056955797e-02, -1.6658609390877e+00,  1.6786792385777e-01, -1.6207617968807e+00,  1.4441332990000e+00,  9.0545400000000e-01,               500000
  2.4009802698297e+00,  1.1263490909538e+00,  1.1290620191072e+00, -5.5582112462552e-01,  2.6333127863345e-01,  7.2571520396565e-04,  1.5227647049266e-03, -2.5551721992039e-01, -6.3765676949689e-02, -1.6626506228372e+00,  6.7363034555216e-02, -2.2352620654432e+00,  1.4204772450000e+00,  9.0418600000000e-01,               500000
  2.3996781407643e+00,  1.1252223572762e+00,  1.1271048462946e+00, -5.5172868393890e-01,  2.9988815120439e-01,  7.7445225960597e-04, -1.1764458217534e-02, -2.6144491414790e-01, -1.8133271365882e-01, -2.3769487608308e+00, -5.3239215241575e-02, -2.2466376634163e+00,  1.4281991660000e+00,  9.0069200000000e-01,               500000
  2.4009637838725e+00,  1.1269244610648e+00,  1.1260044438828e+00, -5.5087105279580e-01,  2.9356130590778e-01,  7.6623926538357e-04,  1.0948601116825e-03, -2.4321088127741e-01, -7.0231096127883e-02, -1.8764606721925e+00, -1.3752073634377e-01, -2.4966833475191e+00,  1.4833955980000e+00,  9.0214600000000e-01,               500000
  2.4019209576946e+00,  1.1295179911737e+00,  1.1267071732266e+00, -5.4943222504820e-01,  3.2953271064914e-01,  8.1182844326760e-04, -8.3430599244740e-03, -3.9559990556491e-01,  1.9624715391908e-02, -2.7935844695872e+00, -7.6947506113131e-02, -3.3778232052985e+00,  1.3998536510000e+00,  9.0279600000000e-01,               500000
  2.4045507929323e+00,  1.1315831765199e+00,  1.1283011071880e+00, -5.5802468178572e-01,  2.4770134717196e-01,  7.0384848820177e-04,  8.4345527334786e-03, -2.1125292555227e-01,  1.6002854917229e-01, -1.5001256178836e+00,  6.7363986545470e-02, -2.0719551677991e+00,  1.4132717410000e+00,  9.0103800000000e-01,               500000
  2.4051940807684e+00,  1.1310663985255e+00,  1.1289259136890e+00, -5.5494148035160e-01,  2.7402222736910e-01,  7.4030024634482e-04,  1.0785086035695e-02, -2.5194194913358e-01,  1.6631571954017e-01, -2.1075804005009e+00,  7.6239525676791e-02, -2.0561935499028e+00,  1.4274912910000e+00,  9.0229200000000e-01,               500000
  2.4035648753319e+00,  1.1281362865910e+00,  1.1285678810738e+00, -5.5851732731509e-01,  2.5048426582933e-01,  7.0779130515899e-04,  2.7162257168275e-03, -2.3558939065366e-01,  1.5684739184388e-02, -1.5189550489485e+00,  5.4826634945927e-02, -1.9361425912720e+00,  1.9287386030000e+00,  9.0257200000000e-01,               500000
  2.4015579056339e+00,  1.1252730771343e+00,  1.1275850357194e+00, -5.5276005400982e-01,  2.9297373053555e-01,  7.6547205113648e-04,  2.0158583908362e-03, -2.2946224662804e-01, -1.4854752648656e-01, -2.0799149436092e+00, -1.1567601913488e-02, -2.1577225895190e+00,  1.6090713070000e+00,  9.0028000000000e-01,               500000
  2.3993546673033e+00,  1.1249300260117e+00,  1.1268546145806e+00, -5.5361777786380e-01,  3.0756823115314e-01,  7.8430635743075e-04, -1.3701991214983e-02, -2.0362182438450e-01, -1.7877948284724e-01, -2.4410091718608e+00, -5.1717958361373e-02, -2.4376759056056e+00,  1.6192578740000e+00,  9.0508200000000e-01,               500000
  2.4002380204001e+00,  1.1273095867816e+00,  1.1268469680521e+00, -5.5259860217961e-01,  2.7614572933792e-01,  7.4316314405105e-04, -8.1274587173304e-03, -2.1677394757439e-01, -2.3076973675530e-02, -1.4792808167900e+00, -1.0929181685481e-01, -2.4222370285361e+00,  1.4146141090000e+00,  9.0595600000000e-01,               500000
  2.4027443320270e+00,  1.1298098808088e+00,  1.1281991042891e+00, -5.5777175573087e-01,  2.6618750243311e-01,  7.2964032568534e-04, -7.3002929427845e-03, -3.0288177796460e-01,  6.6353045398985e-02, -1.8840831049774e+00, -2.1641779775018e-02, -2.1464970148515e+00,  1.3915843580000e+00,  9.0845000000000e-01,               500000
  2.4065507755222e+00,  1.1310833961764e+00,  1.1296971946122e+00, -5.6114187101040e-01,  2.3166631059216e-01,  6.8068540544390e-04,  7.6557099438009e-03, -1.9080703786901e-01,  1.7398352715073e-01, -1.5027995359635e+00,  1.6478306492847e-01, -1.6594497608182e+00,  1.4889700880000e+00,  9.0630400000000e-01,               500000
  2.4084063085118e+00,  1.1296367380908e+00,  1.1290263718617e+00, -5.5115464251664e-01,  2.6793780650528e-01,  7.3203525393970e-04,  1.5253328635290e-02, -2.5924371333421e-01,  1.0331325376716e-01, -1.9422461178193e+00,  3.9286864910177e-02, -2.2421028544819e+00,  1.4836701130000e+00,  9.0885400000000e-01,               500000
  2.4069311052829e+00,  1.1268008642455e+00,  1.1279512193551e+00, -5.5970161436089e-01,  2.6859732801505e-01,  7.3293564248855e-04,  6.4898904874702e-03, -2.1464611850277e-01, -8.4304143427708e-03, -1.7249929655544e+00,  1.0295149539195e-02, -2.0740461192287e+00,  1.4677947340000e+00,  9.0550600000000e-01,               500000
  2.4042742600908e+00,  1.1243848400215e+00,  1.1268680868733e+00, -5.5275472837953e-01,  3.0066135463474e-01,  7.7545000436487e-04, -1.9372428832254e-02, -2.9731868677166e-01, -2.1445530339144e-01, -2.4735929047705e+00, -1.1410692257301e-01, -2.3812739567433e+00,  1.4044267070000e+00,  9.0777000000000e-01,               500000
  2.4059414820438e+00,  1.1254441308981e+00,  1.1273173377551e+00, -5.5855421689612e-01,  3.1333019740471e-01,  7.9161884440015e-04, -6.1715312855052e-03, -2.9902203171053e-01, -1.3049605747887e-01, -2.5889228716069e+00, -4.1782604244331e-02, -2.6399915280652e+00,  1.4924575940000e+00,  9.0343800000000e-01,               500000
  2.4087570459905e+00,  1.1283735806444e+00,  1.1282554195384e+00, -5.5974475587830e-01,  2.7474729110161e-01,  7.4127901778158e-04,  1.2181056227077e-02, -2.6746355343656e-01,  5.2206973552384e-02, -1.9426337688011e+00,  3.8929828883059e-02, -2.3630965879582e+00,  1.4046309870000e+00,  9.0727400000000e-01,               500000
  2.4087871749940e+00,  1.1302440691481e+00,  1.1286330931480e+00, -5.6229279535415e-01,  2.4339153856668e-01,  6.9769841416859e-04,  1.2607738342752e-02, -1.9116822480407e-01,  1.5870072362253e-01, -1.3952921949661e+00,  5.9522123464326e-02, -2.0666267510575e+00,  1.4536542710000e+00,  9.0173000000000e-01,               500000
  2.4062140685295e+00,  1.1295562240430e+00,  1.1282480730380e+00, -5.6298611570638e-01,  2.4576091108768e-01,  7.0108617314519e-04,  1.2555315352104e-03, -1.9970598707676e-01,  1.0570070705438e-01, -1.5092420482608e+00,  6.2526261387701e-02, -1.9117109730171e+00,  1.6139009180000e+00,  9.0317200000000e-01,               500000
  2.4036550444583e+00,  1.1273604159746e+00,  1.1271368216893e+00, -5.5924954735839e-01,  2.7112292605496e-01,  7.3637344609234e-04,  1.1811516676899e-02, -2.2334956871328e-01, -2.4781561291113e-02, -2.0403377515335e+00, -2.7350919868356e-02, -2.1861791984065e+00,  1.4374023420000e+00,  9.0693200000000e-01,               500000
  2.3989173069107e+00,  1.1257698612321e+00,  1.1264890427930e+00, -5.5691562745389e-01,  2.7898240068169e-01,  7.4697041532003e-04, -6.1474438935288e-03, -2.4575091153743e-01, -8.3721877732647e-02, -1.8586806576288e+00, -8.8101718757044e-02, -2.2475171097448e+00,  1.3989606590000e+00,  9.0110000000000e-01,               500000
  2.3959554609224e+00,  1.1256111844614e+00,  1.1270155327561e+00, -5.6194885142562e-01,  2.5514584220734e-01,  7.1434703360110e-04, -3.6687956798440e-03, -2.1988079661300e-01, -8.4376596351477e-02, -1.6830495175530e+00,  4.2659002780222e-02, -1.7330209735933e+00,  1.4306787810000e+00,  9.0488000000000e-01,               500000
  2.3940747215784e+00,  1.1267520177620e+00,  1.1269693798202e+00, -5.5631106541943e-01,  2.9704226705683e-01,  7.7076879420074e-04, -9.7889328554357e-03, -2.9239857561559e-01, -1.0642624123622e-01, -2.2154676379680e+00, -8.1063139433305e-02, -2.4067543440752e+00,  1.4668913680000e+00,  9.0578400000000e-01,               500000
  2.3944535291868e+00,  1.1294005577301e+00,  1.1279534817019e+00, -5.5685896539630e-01,  2.6681176623046e-01,  7.3049540208061e-04, -6.7951535397244e-03, -2.9650533315414e-01,  5.7302623843839e-02, -1.7428166089660e+00, -1.9702305182521e-02, -2.5830720466872e+00,  1.5168875880000e+00,  9.0678000000000e-01,               500000
  2.3962440256472e+00,  1.1309351693519e+00,  1.1291022818733e+00, -5.5329517719318e-01,  2.7487901514446e-01,  7.4145669481698e-04,  7.5940886763893e-04, -2.3806339900233e-01,  6.6162475725097e-02, -2.1847077244176e+00,  5.8686225620550e-02, -2.0122304474168e+00,  1.4644593770000e+00,  9.0031200000000e-01,               500000
  2.3977235722860e+00,  1.1313347514940e+00,  1.1294165503771e+00, -5.5479828768490e-01,  2.7239641705003e-01,  7.3810082922325e-04, -4.7971010553094e-03, -1.9179358366836e-01,  1.4836979619239e-01, -2.0262598075881e+00,  4.0350518436456e-02, -2.3252864162725e+00,  1.4543011670000e+00,  9.0488000000000e-01,               500000
  2.4000800457571e+00,  1.1294679018568e+00,  1.1292094507260e+00, -5.4960538803764e-01,  3.3167420063907e-01,  8.1446203182109e-04, -1.5491452843082e-02, -3.5445730670779e-01,  5.2250765932287e-03, -2.9890516347745e+00, -4.0312742439694e-02, -4.0732405230168e+00,  1.4003946800000e+00,  9.0565200000000e-01,               500000
  2.4054739436185e+00,  1.1277292943505e+00,  1.1295532720861e+00, -5.5289739703841e-01,  2.7267676036264e-01,  7.3848054864382e-04,  4.2070542410929e-03, -1.9245174569762e-01, -6.6504896936250e-02, -2.0142330794252e+00,  1.4064961960631e-01, -1.8589849651927e+00,  1.3869150130000e+00,  9.0618600000000e-01,               500000
  2.4094734572534e+00,  1.1271853339846e+00,  1.1281118473528e+00, -5.5435054069301e-01,  2.7065350226559e-01,  7.3573568931457e-04, -2.0474006786531e-03, -1.7206983643384e-01, -5.7928274233396e-02, -2.1401578984661e+00,  4.6154775204010e-02, -1.9195043050412e+00,  1.3729609920000e+00,  9.0803400000000e-01,               500000
  2.4135240625427e+00,  1.1275896076895e+00,  1.1262460485752e+00, -5.5051391448451e-01,  3.0727758425385e-01,  7.8393569156386e-04,  1.0906885536888e-02, -3.0507249643877e-01, -3.9018781376226e-02, -2.2982210651530e+00, -9.9128856165213e-02, -2.7893877881759e+00,  1.4382744240000e+00,  8.9811800000000e-01,               500000
  2.4149172068490e+00,  1.1285634416679e+00,  1.1258277014850e+00, -5.5291406233113e-01,  3.0130985541935e-01,  7.7628584351300e-04, -2.3552290881254e-03, -2.4345754037236e-01,  3.6822272882350e-02, -2.0894793388464e+00, -1.5297177823272e-01, -2.7708469976038e+00,  1.4412381960000e+00,  9.0998000000000e-01,               500000
  2.4166920164926e+00,  1.1288973167437e+00,  1.1273903250581e+00, -5.5828279548650e-01,  2.4761577699627e-01,  7.0372690299046e-04,  8.7481335233627e-03, -1.8862172169930e-01,  8.0539185555456e-02, -1.5393233101168e+00, -2.1476364140576e-03, -1.9392825330581e+00,  1.3495496700000e+00,  9.0030800000000e-01,               500000
  2.4164740414789e+00,  1.1279850391766e+00,  1.1288375662700e+00, -5.5326281001930e-01,  2.9835262288660e-01,  7.7246698685006e-04,  6.3821464586594e-03, -2.1892403220824e-01, -2.0983199633389e-02, -2.0505901042264e+00,  1.7372370932395e-03, -2.5229035558790e+00,  1.4294643830000e+00,  9.0183000000000e-01,               500000
  2.4149601051831e+00,  1.1274981016835e+00,  1.1301356351915e+00, -5.5242012920826e-01,  2.9573039494775e-01,  7.6906488015999e-04, -2.1258822848620e-03, -2.7284418660472e-01, -3.4859055238173e-02, -2.1452938565893e+00,  9.1425347339020e-02, -2.7313405345106e+00,  1.3842335140000e+00,  8.9790600000000e-01,               500000
  2.4140717522095e+00,  1.1276070220806e+00,  1.1301697516641e+00, -5.6151362940562e-01,  2.5612216352809e-01,  7.1571246115754e-04, -2.7131096188347e-03, -2.2487519612352e-01, -1.1419658515267e-02, -1.8561997275274e+00,  1.3093018886496e-01, -2.0183529360934e+00,  1.4591569660000e+00,  9.0484600000000e-01,               500000
  2.4138661948664e+00,  1.1278935868662e+00,  1.1285616594680e+00, -5.5751296342349e-01,  2.5447554366397e-01,  7.1340807910195e-04, -4.8281933858690e-03, -2.1670927279769e-01, -2.4787127661668e-02, -1.7220040657745e+00,  4.0526838150395e-02, -1.8746786404434e+00,  1.4982456320000e+00,  9.0606000000000e-01,               500000
  2.4147212999737e+00,  1.1285436216184e+00,  1.1266127904985e+00, -5.5458821736151e-01,  2.7695272732376e-01,  7.4424824799762e-04, -1.1517143787714e-02, -2.4614115786919e-01,  2.8787430483403e-02, -1.6434806676383e+00, -9.3432001535464e-02, -2.3803481021107e+00,  1.4060217360000e+00,  9.0661200000000e-01,               500000
  2.4179439983850e+00,  1.1287015983047e+00,  1.1260532124765e+00, -5.5806843746199e-01,  2.6535683102424e-01,  7.2850096914724e-04, -6.1370273321402e-03, -2.2869008521283e-01,  5.3292877504168e-02, -1.5231415028148e+00, -9.9079680244766e-02, -2.4123030639670e+00,  1.4472829630000e+00,  9.0685400000000e-01,               500000
  2.4221654316717e+00,  1.1280396341960e+00,  1.1268178456755e+00, -5.5521045082580e-01,  2.9605407570679e-01,  7.6948564081052e-04,  8.6913429122225e-03, -2.4522693327771e-01,  9.1102426712131e-03, -2.1103565008587e+00, -6.8900109956299e-02, -2.4372877909818e+00,  1.4663152550000e+00,  9.0705200000000e-01,               500000
  2.4241585214901e+00,  1.1273196942368e+00,  1.1283946904819e+00, -5.5587120090376e-01,  2.8507648311754e-01,  7.5508474109538e-04,  1.6017726712032e-03, -2.4840724734849e-01, -3.9854361012391e-02, -1.9521746745448e+00,  4.1234123046134e-02, -2.5749402463805e+00,  1.3820324930000e+00,  9.0697600000000e-01,               500000
  2.4256421912782e+00,  1.1272976014582e+00,  1.1293090036545e+00, -5.5843069528191e-01,  2.6510684756356e-01,  7.2815774055291e-04,  1.3455381879580e-02, -2.0507290991337e-01, -6.2358536013906e-02, -2.0648660098862e+00,  1.0321983822990e-01, -2.0064416664086e+00,  1.4098967090000e+00,  8.9676800000000e-01,               500000
  2.4241567508304e+00,  1.1282514356167e+00,  1.1288355748425e+00, -5.5562585773429e-01,  2.6144886136177e-01,  7.2311667296747e-04, -1.7931994796714e-03, -2.3322230619384e-01,  2.4622543321054e-02, -1.8545745312411e+00,  4.0839705048524e-02, -2.1661809373868e+00,  1.3448255830000e+00,  9.0248600000000e-01,               500000
  2.4232221698806e+00,  1.1287464743697e+00,  1.1279039763784e+00, -5.5770873886949e-01,  2.7709810185379e-01,  7.4444355307006e-04,  5.9630724803117e-03, -2.7142589899518e-01,  1.1108155006113e-01, -1.6204347301006e+00, -3.0085051140557e-02, -2.6466191588787e+00,  1.5846456210000e+00,  9.0605200000000e-01,               500000
  2.4211469855617e+00,  1.1274954211975e+00,  1.1274640219874e+00, -5.5468924593934e-01,  2.8979249978893e-01,  7.6130480070590e-04, -3.4690748124010e-03, -2.8890255383995e-01,  1.5188429420278e-02, -2.2749648026999e+00, -5.8502050723487e-02, -2.7480684761453e+00,  1.4749693990000e+00,  9.0516000000000e-01,               500000
  2.4200429284435e+00,  1.1261517001396e+00,  1.1278299313899e+00, -5.5211726626244e-01,  2.6411939399510e-01,  7.2680037698821e-04,  1.2468684385571e-03, -1.9213219124915e-01, -1.9025518937914e-02, -1.6449914225346e+00,  1.8153520254716e-03, -1.8666397024896e+00,  1.5018608770000e+00,  9.0558600000000e-01,               500000
  2.4188040312653e+00,  1.1252470910011e+00,  1.1281483915455e+00, -5.5363409775451e-01,  2.9465983686711e-01,  7.6767159237152e-04, -2.7002597297794e-03, -3.1849057310838e-01, -1.1745655228684e-01, -2.3628433031774e+00,  1.1527349954051e-02, -2.3403632730046e+00,  1.4254954160000e+00,  9.0429000000000e-01,               500000
  2.4182949996751e+00,  1.1262633225853e+00,  1.1283031734413e+00, -5.5524350876704e-01,  3.0976764890605e-01,  7.8710564590283e-04, -6.1766548117883e-03, -2.6322403826238e-01, -9.8178217091424e-02, -2.7812468649149e+00, -1.6037982272253e-02, -2.6701584633420e+00,  1.4048131970000e+00,  9.0393400000000e-01,               500000
  2.4191771222617e+00,  1.1287162486987e+00,  1.1286645867478e+00, -5.5666597821378e-01,  2.6290949686001e-01,  7.2513377643027e-04,  4.6681432353317e-03, -2.0281677533094e-01,  5.5698988627074e-02, -1.8315825933424e+00,  8.6538966743490e-02, -2.0904188605272e+00,  1.4020897380000e+00,  9.0175200000000e-01,               500000
  2.4190003375144e+00,  1.1300792573359e+00,  1.1278969160621e+00, -5.5781085702119e-01,  2.4027556585556e-01,  6.9321795397343e-04,  9.3249250858160e-03, -1.8871069900070e-01,  1.3541805486295e-01, -1.4949987415687e+00,  6.6012896277128e-02, -1.7719817292991e+00,  1.4169758150000e+00,  9.0472000000000e-01,               500000
  2.4168766769665e+00,  1.1292237857107e+00,  1.1263716335573e+00, -5.5457303904313e-01,  2.9462056495748e-01,  7.6762043349234e-04,  3.4691489704777e-03, -2.1686518086869e-01,  4.5757986209794e-02, -2.4389091685807e+00, -5.6935214186332e-02, -2.3056852594110e+00,  1.4188418260000e+00,  9.0330600000000e-01,               500000
  2.4142473492945e+00,  1.1277635330630e+00,  1.1257417797338e+00, -5.5922922377033e-01,  2.6407834224870e-01,  7.2674389195741e-04, -7.0267978937720e-04, -2.4564384551990e-01,  2.5825491788646e-02, -1.6132479892815e+00, -8.0604346851632e-02, -2.0511112418250e+00,  1.3942959100000e+00,  9.0529600000000e-01,               500000
  2.4120543058540e+00,  1.1260600656533e+00,  1.1262213872392e+00, -5.5935995010147e-01,  3.0206396785709e-01,  7.7725667299431e-04,  8.3440284082126e-03, -2.5083413635262e-01, -5.2649158730722e-02, -2.1616991699272e+00, -5.0929585433834e-02, -2.5110931706732e+00,  1.4834647380000e+00,  9.0492400000000e-01,               500000
  2.4083253891206e+00,  1.1253589628421e+00,  1.1273235614813e+00, -5.5919640772707e-01,  2.5941030525641e-01,  7.2029203141006e-04, -7.5638235262793e-04, -2.3228423091163e-01, -8.1951827088549e-02, -1.6887740624201e+00,  2.0132747945388e-02, -1.9396508384137e+00,  1.4756767020000e+00,  9.0628600000000e-01,               500000
  2.4051519413351e+00,  1.1260130641134e+00,  1.1280703159594e+00, -5.5775512523237e-01,  2.7464061623463e-01,  7.4113509731307e-04, -1.4126103802586e-02, -2.6179207460676e-01, -7.9968590160395e-02, -2.1021442828587e+00,  8.4188184186967e-03, -2.0877595572084e+00,  1.5310521810000e+00,  9.0324800000000e-01,               500000
  2.4053419586311e+00,  1.1278613875719e+00,  1.1286482557947e+00, -5.6085270378432e-01,  2.3312923985110e-01,  6.8283122343827e-04, -4.6600221989770e-03, -2.0565963922855e-01,  3.5697639116768e-02, -1.3973414424687e+00,  8.5261283015366e-02, -1.5488968368297e+00,  1.3895794750000e+00,  9.0593400000000e-01,               500000
  2.4065312041579e+00,  1.1289821873929e+00,  1.1280805601255e+00, -5.5491273444650e-01,  2.5691013773162e-01,  7.1681258043037e-04,  4.1679074376829e-03, -2.2789115284492e-01,  5.8720253780103e-02, -1.5506545675202e+00, -1.2074983676879e-02, -2.2317993352145e+00,  1.3609310120000e+00,  8.9547000000000e-01,               500000
  2.4067351915921e+00,  1.1290895055154e+00,  1.1277391637513e+00, -5.5318129229188e-01,  2.6550698411638e-01,  7.2870705241048e-04, -1.2060470172810e-02, -2.3265755480992e-01,  2.7019977379390e-02, -1.6711142799259e+00, -3.7943460505617e-02, -2.1509727769346e+00,  1.3298880780000e+00,  9.0524800000000e-01,               500000
  2.4095239431928e+00,  1.1287779588757e+00,  1.1279353248432e+00, -5.5033983608552e-01,  2.9302293047324e-01,  7.6553632242141e-04,  5.2475621664947e-03, -2.6089656414213e-01,  1.7724838176362e-02, -2.0967396162115e+00, -2.1718078371809e-02, -2.6304488422233e+00,  1.4265347260000e+00,  9.0410800000000e-01,               500000
  2.4109403428106e+00,  1.1282369515536e+00,  1.1284097781255e+00, -5.6118170992826e-01,  2.5698932726084e-01,  7.1692304644340e-04,  1.3968510328092e-02, -2.3577313294800e-01,  1.2512721394553e-02, -1.9900872059744e+00,  1.0340958930830e-01, -1.9472527917258e+00,  1.4198933700000e+00,  9.0676800000000e-01,               500000
  2.4092498553841e+00,  1.1275695100531e+00,  1.1275120478289e+00, -5.5805165468845e-01,  2.8729883255003e-01,  7.5802220620510e-04,  1.1377557764636e-02, -2.3117862303348e-01, -9.9401776650581e-03, -1.8541868229238e+00, -6.4199016065538e-02, -2.5621862372823e+00,  1.4205448420000e+00,  9.0453600000000e-01,               500000
  2.4053175357748e+00,  1.1271381390654e+00,  1.1275511668911e+00, -5.5730916071367e-01,  2.6450594650715e-01,  7.2733203766527e-04, -3.5993737143443e-04, -2.1741618778734e-01, -5.4243548411655e-04, -1.5211996227672e+00, -5.8749779251931e-02, -2.1242130524051e+00,  1.4418980620000e+00,  9.0656000000000e-01,               500000
  2.4018748465775e+00,  1.1267698701046e+00,  1.1283617066821e+00, -5.5941341601875e-01,  2.8001617736408e-01,  7.4835309495462e-04, -1.2220634098070e-03, -2.1765421153825e-01, -2.5000756504380e-02, -1.8774195149710e+00,  1.4073254695527e-03, -2.4804064458241e+00,  1.3226446880000e+00,  9.0578200000000e-01,               500000
  2.3990584774279e+00,  1.1268447774265e+00,  1.1290898557434e+00, -5.5806628439812e-01,  2.5796151187617e-01,  7.1827781794535e-04, -4.7424964877399e-03, -2.2810213129201e-01, -7.0980344117469e-03, -1.9171539734127e+00,  8.3999013623101e-02, -1.9408766776601e+00,  1.4138159810000e+00,  9.0895400000000e-01,               500000
  2.3975642994955e+00,  1.1270387376331e+00,  1.1286673343204e+00, -5.5748584912394e-01,  2.8745252662954e-01,  7.5822493579351e-04, -2.3078572671310e-03, -2.1938084911768e-01, -7.6564863419739e-02, -2.1419598905831e+00,  5.2140492314814e-02, -2.3440557163412e+00,  1.4391193260000e+00,  9.0572200000000e-01,               500000
  2.3967378069455e+00,  1.1284331825527e+00,  1.1276239301021e+00, -5.4848510969830e-01,  2.6317094708212e-01,  7.2549424130329e-04, -2.7995388333192e-03, -2.2335870375522e-01,  1.6561736781857e-03, -1.6431041830521e+00, -9.2337735271562e-03, -2.0292619984281e+00,  1.4416865800000e+00,  9.0157000000000e-01,               500000
  2.3966197000479e+00,  1.1296764812803e+00,  1.1268172113247e+00, -5.5634948961627e-01,  2.7972275506483e-01,  7.4796090147123e-04, -3.8891626935892e-03, -2.3377732317727e-01,  9.3190692650727e-02, -2.0881544472814e+00, -7.1451046942406e-02, -2.3890333084100e+00,  1.4556059190000e+00,  9.0833200000000e-01,               500000
  2.3973763088609e+00,  1.1293458498182e+00,  1.1270370437859e+00, -5.5756868013816e-01,  2.7315995185187e-01,  7.3913456400288e-04, -2.3465755290147e-03, -2.6349151747216e-01,  7.9086859879283e-02, -1.7614614921322e+00, -8.7959159266655e-02, -2.4674087591964e+00,  1.4390999370000e+00,  9.0548600000000e-01,               500000
  2.3985924677771e+00,  1.1278159585154e+00,  1.1283983003536e+00, -5.6347101306731e-01,  2.5556976460399e-01,  7.1494022771696e-04, -3.4850828743055e-03, -2.0924845347429e-01,  3.2575775863716e-02, -1.6302320095490e+00,  7.0627893173471e-02, -1.8462040831129e+00,  1.4072303050000e+00,  9.0325600000000e-01,               500000
  2.4004630786582e+00,  1.1259366559989e+00,  1.1287146686803e+00, -5.5707805209393e-01,  2.7307839274912e-01,  7.3902421171315e-04, -1.6849812349461e-03, -2.7434640014412e-01, -8.9727786113581e-02, -2.2033767667463e+00,  6.2030011158477e-02, -1.9263416681544e+00,  1.6335873650000e+00,  9.0813400000000e-01,               500000
  2.4025422857604e+00,  1.1256775790631e+00,  1.1282016788977e+00, -5.5169742561802e-01,  2.8996986958897e-01,  7.6153774639077e-04, -1.6995659107145e-02, -2.5923494140527e-01, -1.6677799565024e-01, -2.2612074055034e+00, -3.7747353346558e-02, -2.1687460381121e+00,  1.4240410490000e+00,  9.0261200000000e-01,               500000
  2.4081071923994e+00,  1.1280942061921e+00,  1.1282474835608e+00, -5.5519179004371e-01,  2.4387185441206e-01,  6.9838650389603e-04,  3.0413326074045e-03, -1.9002514092319e-01,  4.1739542270847e-04, -1.4831578317177e+00,  1.6194603166432e-02, -1.8026086873542e+00,  1.3737738520000e+00,  9.0555000000000e-01,               500000
  2.4124843184636e+00,  1.1302767447887e+00,  1.1280884634252e+00, -5.5475467592931e-01,  2.7886666517098e-01,  7.4681545936192e-04, -1.3491630520740e-02, -2.7008436966367e-01,  9.3662291239115e-02, -1.7551367917219e+00, -4.1044386225718e-02, -2.7638103408419e+00,  1.3445086290000e+00,  9.0336400000000e-01,               500000
  2.4193648702880e+00,  1.1307755118134e+00,  1.1285014278984e+00, -5.6237669389368e-01,  2.4404669884088e-01,  6.9863681386093e-04, -7.4232622516579e-03, -2.2940252344708e-01,  1.1634019574248e-01, -1.6002125061126e+00,  7.8205984598663e-02, -1.8016929190416e+00,  1.4009611200000e+00,  9.0394800000000e-01,               500000
  2.4271903474304e+00,  1.1293969393589e+00,  1.1278589730319e+00, -5.5533449409356e-01,  2.6373382088139e-01,  7.2626967564588e-04, -3.8545705074185e-03, -2.4899840962333e-01,  1.2116984428154e-01, -1.6934370510427e+00, -1.8332269968988e-02, -2.2876990955660e+00,  1.5189784100000e+00,  9.0676000000000e-01,               500000
  2.4351009891229e+00,  1.1262513814424e+00,  1.1275359893279e+00, -5.5459430052205e-01,  3.2314724345344e-01,  8.0392442860438e-04,  1.0249372481496e-02, -2.8812713623179e-01, -8.5115968593817e-02, -2.4255284942621e+00,  1.6845776118503e-03, -3.2446893020562e+00,  1.4715537180000e+00,  9.0116400000000e-01,               500000
  2.4400359249066e+00,  1.1247854827702e+00,  1.1272441593452e+00, -5.6521599211886e-01,  2.7549521570787e-01,  7.4228729708634e-04,  1.3882348326101e-02, -2.0509617271562e-01, -6.6900011759612e-02, -1.9786343838660e+00,  7.9284955916844e-02, -2.0727893199402e+00,  1.4109841520000e+00,  9.0464400000000e-01,               500000
  2.4414950953510e+00,  1.1245412260268e+00,  1.1259511629514e+00, -5.5885177662299e-01,  2.8903755264044e-01,  7.6031250501414e-04,  3.2789082391761e-03, -2.0850356604207e-01, -7.8672913647368e-02, -1.9174793151651e+00, -5.5282065948109e-02, -2.2918629290477e+00,  1.3555339050000e+00,  9.0220600000000e-01,               500000
  2.4421224102197e+00,  1.1255846727885e+00,  1.1255298845394e+00, -5.5708390300884e-01,  3.0205118940696e-01,  7.7724023236958e-04,  1.1711556690519e-03, -2.4104410631568e-01, -1.1866252927529e-01, -2.0959120923440e+00, -8.5698531344334e-02, -2.4723237072222e+00,  1.4527706410000e+00,  9.0577200000000e-01,               500000
  2.4424599103831e+00,  1.1284244795357e+00,  1.1262970320265e+00, -5.5672864579101e-01,  2.6374458551744e-01,  7.2628449731141e-04,  5.1771129743628e-03, -2.4532187773724e-01,  5.3713666101766e-02, -1.7904000795687e+00, -4.0454228266551e-02, -2.0692338573788e+00,  1.4182866320000e+00,  9.0300400000000e-01,               500000
  2.4416674698544e+00,  1.1301435768094e+00,  1.1275360009872e+00, -5.5071790226529e-01,  2.8944042996999e-01,  7.6084220436302e-04, -2.7018837848859e-03, -2.7544617922251e-01,  8.7875626760255e-02, -1.7863262022858e+00, -4.9778281321315e-02, -3.1749939073010e+00,  1.4034684280000e+00,  9.0372200000000e-01,               500000
  2.4415701688036e+00,  1.1303087812868e+00,  1.1293311388185e+00, -5.5943347162894e-01,  2.4524823702133e-01,  7.0035453453423e-04, -1.8987885587219e-04, -1.9002874176386e-01,  1.2755183298079e-01, -1.9623794265127e+00,  1.2036680993926e-01, -1.9190898431977e+00,  1.5143349590000e+00,  9.0713400000000e-01,               500000
  2.4415444359895e+00,  1.1284440307897e+00,  1.1293685529159e+00, -5.5856789722844e-01,  2.4511451666863e-01,  7.0016357612865e-04,  7.2235727711629e-03, -2.1946064622373e-01,  3.8338722642228e-02, -1.5407167330844e+00,  9.7332995136025e-02, -1.9281083055697e+00,  1.4593692830000e+00,  9.0476600000000e-01,               500000
  2.4399736546381e+00,  1.1261657290632e+00,  1.1281266200469e+00, -5.5496987371243e-01,  3.2174605776235e-01,  8.0217960303457e-04, -4.4947344339862e-03, -3.2041028708176e-01, -1.3144397395262e-01, -2.7408124839806e+00, -5.4596609701511e-03, -3.0726267946342e+00,  1.3942827540000e+00,  9.0596000000000e-01,               500000
  2.4395722543301e+00,  1.1262303119567e+00,  1.1271003486664e+00, -5.5439121975256e-01,  2.7722175066258e-01,  7.4460963015876e-04,  1.5056720504591e-02, -2.4434788704623e-01, -8.4118133609932e-03, -1.7868721675030e+00, -2.7679318928295e-02, -2.3815710822819e+00,  1.5468118960000e+00,  9.0082600000000e-01,               500000
  2.4377670051979e+00,  1.1263336035401e+00,  1.1268295218116e+00, -5.5117568363465e-01,  2.5247239113709e-01,  7.1059466805921e-04,  8.4289121123150e-03, -2.3006697904700e-01, -4.6208329699032e-02, -1.6356836335010e+00, -2.9101032386099e-02, -1.8589674606420e+00,  1.4200916410000e+00,  9.0416800000000e-01,               500000
  2.4352364642601e+00,  1.1268020098005e+00,  1.1267849222403e+00, -5.5866124893905e-01,  2.7767180623658e-01,  7.4521380319554e-04, -5.1739804892341e-03, -2.4347455680654e-01, -5.0900573382642e-03, -1.7513254847525e+00, -1.9611945823705e-02, -2.3220439253317e+00,  1.3993205820000e+00,  9.0687400000000e-01,               500000
  2.4335339304195e+00,  1.1272717107849e+00,  1.1268828256875e+00, -5.5726905363471e-01,  2.8252606717799e-01,  7.5169949737643e-04, -8.4491971102839e-03, -2.7627860613637e-01, -2.9716004931491e-02, -1.9860172836220e+00, -9.6572107110666e-02, -2.3889857825521e+00,  1.4332315870000e+00,  9.0929800000000e-01,               500000
  2.4329368996774e+00,  1.1279405337278e+00,  1.1276214310097e+00, -5.6232650036806e-01,  2.4002225727595e-01,  6.9285244789342e-04,  2.0111756655784e-02, -1.9051693079012e-01,  9.0972438953219e-02, -1.3130232413809e+00,  7.6102489614196e-02, -1.7834025987645e+00,  1.3967604610000e+00,  9.0506400000000e-01,               500000
  2.4302239467068e+00,  1.1278199447965e+00,  1.1277859662223e+00, -5.5992586424935e-01,  2.4573273824753e-01,  7.0104598743240e-04,  6.0406220977697e-03, -1.8924176253599e-01,  3.0237229785810e-02, -1.5393347234281e+00,  5.7333869402877e-02, -1.7293795894378e+00,  1.4281706570000e+00,  9.0316000000000e-01,               500000
  2.4271331562200e+00,  1.1274751628884e+00,  1.1275577931255e+00, -5.5878060105804e-01,  2.7242242034888e-01,  7.3813605839151e-04, -1.1756306104549e-02, -2.5742896980037e-01, -4.1794123267025e-02, -2.0213226575998e+00,  1.7083101724306e-03, -2.1345371770903e+00,  1.3896345990000e+00,  9.0895600000000e-01,               500000
  2.4256451237205e+00,  1.1275079059079e+00,  1.1273479334614e+00, -5.5140150434110e-01,  2.7768647231483e-01,  7.4523348329879e-04,  2.5835816968875e-04, -2.2056139825597e-01, -1.4817934653050e-02, -1.8852471589403e+00, -2.2764643272513e-02, -2.1339811492121e+00,  1.3190647040000e+00,  9.0214400000000e-01,               500000
  2.4242882880083e+00,  1.1276639692606e+00,  1.1273180555761e+00, -5.6170462395392e-01,  2.4344371403915e-01,  6.9777319243312e-04, -6.4338288234865e-03, -2.0218362508566e-01,  2.6459394405162e-02, -1.3939246811017e+00, -1.4374351103487e-02, -1.7972442842625e+00,  1.3871047510000e+00,  9.0577600000000e-01,               500000
  2.4237787442242e+00,  1.1275974743544e+00,  1.1273932741289e+00, -5.5487998179908e-01,  2.7882811009629e-01,  7.4676383160446e-04,  1.3659494902499e-03, -2.1107131382285e-01, -1.2031730667056e-02, -2.0296804646951e+00, -4.8381967541742e-02, -2.2522418271202e+00,  1.4245905600000e+00,  9.0918000000000e-01,               500000
  2.4231820832768e+00,  1.1276425583191e+00,  1.1277924631162e+00, -5.5743692872596e-01,  2.5300275394665e-01,  7.1134064124954e-04,  9.9259642559872e-03, -1.9784123376258e-01,  2.1832049851968e-02, -1.5876452831304e+00,  1.5485395112662e-02, -1.8353129163641e+00,  1.3761438930000e+00,  9.0340600000000e-01,               500000
  2.4215720011200e+00,  1.1275136864604e+00,  1.1280544972517e+00, -5.6256827305133e-01,  2.7133396602565e-01,  7.3665998401658e-04,  3.2300318456894e-03, -2.4962762899003e-01,  7.0644991282171e-02, -1.9209984441501e+00,  8.6181411156562e-02, -2.4705426825034e+00,  1.4382318680000e+00,  9.0379800000000e-01,               500000
  2.4197820807606e+00,  1.1268357079424e+00,  1.1277207620170e+00, -5.5798741558071e-01,  2.8587406088487e-01,  7.5614027916104e-04,  4.5482013969800e-04, -2.2275664818268e-01, -1.9267850625199e-02, -1.8265692211451e+00, -2.8812023933488e-02, -2.3938586890599e+00,  1.4575315120000e+00,  9.0796400000000e-01,               500000
  2.4181318155307e+00,  1.1263877743388e+00,  1.1276215778074e+00, -5.6076578208512e-01,  2.7248204945688e-01,  7.3821683732746e-04,  6.0705958777487e-03, -2.1903933505826e-01, -3.3440623301530e-02, -1.8737416011159e+00,  2.5969123561052e-02, -2.2625198095603e+00,  1.4993487770000e+00,  9.0432800000000e-01,               500000
  2.4159926663614e+00,  1.1262620004219e+00,  1.1273652615014e+00, -5.5472482694848e-01,  2.6104633984330e-01,  7.2255981045627e-04, -9.4494705005153e-03, -2.1199988558012e-01, -4.0868979515174e-02, -1.6685284627283e+00, -5.1468660519932e-02, -1.9822739061856e+00,  1.4021932900000e+00,  9.0446200000000e-01,               500000
  2.4151134570900e+00,  1.1264860105167e+00,  1.1274873226688e+00, -5.5753568431891e-01,  2.8473567966240e-01,  7.5463326147526e-04, -6.9831389504365e-03, -2.2541241087108e-01, -4.8922259818259e-02, -2.1747494944660e+00, -2.3976394518608e-02, -2.1690790473178e+00,  1.3697050340000e+00,  9.0594400000000e-01,               500000
  2.4150993987837e+00,  1.1270927191794e+00,  1.1277660990177e+00, -5.5675927074528e-01,  2.5460729690955e-01,  7.1359273666364e-04,  1.6501895747237e-03, -2.1258664014530e-01, -1.8350595328050e-02, -1.7014470855309e+00,  2.1543060724764e-02, -1.8496547756055e+00,  1.4504095980000e+00,  9.0422000000000e-01,               500000
  2.4149173291694e+00,  1.1277949722177e+00,  1.1278782392566e+00, -5.5687480096587e-01,  2.8410572017059e-01,  7.5379801030594e-04, -3.3098026592517e-03, -2.5779889989876e-01,  3.5820201650238e-02, -2.0713451612970e+00, -3.0036011567765e-02, -2.5142958451172e+00,  1.4112349260000e+00,  9.0620000000000e-01,               500000
  2.4151309881228e+00,  1.1281454265214e+00,  1.1281905039325e+00, -5.6417914674503e-01,  2.7992185991290e-01,  7.4822705098506e-04,  1.2305595644889e-02, -2.0201003726603e-01,  9.3303245897626e-02, -1.7655041723727e+00,  7.5741477622053e-02, -2.1964429022692e+00,  1.4563672780000e+00,  9.0929600000000e-01,               500000
  2.4139829991151e+00,  1.1277106762965e+00,  1.1279674903260e+00, -5.5337354641647e-01,  2.7325090772104e-01,  7.3925761101397e-04, -6.8399038581073e-03, -2.3664042801008e-01, -3.9480902347898e-02, -1.9574980655702e+00,  3.1568816755983e-02, -2.1646748525694e+00,  1.4502988620000e+00,  9.0526000000000e-01,               500000
  2.4137137457883e+00,  1.1276478367326e+00,  1.1275603751075e+00, -5.5044422159366e-01,  3.3994359730965e-01,  8.2455272397785e-04,  1.9771629839916e-03, -4.4807837076914e-01, -7.6430880297454e-02, -2.4764802668357e+00, -8.2686868895627e-02, -4.8329034122538e+00,  1.4904020890000e+00,  9.0399800000000e-01,               500000
  2.4132783071756e+00,  1.1282229907983e+00,  1.1277697347113e+00, -5.6125480748279e-01,  2.7993884431170e-01,  7.4824975016595e-04, -2.3258529257727e-03, -2.5705614538741e-01,  7.1229363398915e-02, -1.7056530561376e+00, -4.4557736375735e-02, -2.8676454243692e+00,  1.4168593210000e+00,  9.0139400000000e-01,               500000
  2.4131562835403e+00,  1.1281681446761e+00,  1.1282699887461e+00, -5.5848873181234e-01,  2.6400592953456e-01,  7.2664424519095e-04,  4.2806201027850e-04, -2.2190808872332e-01,  3.4976769109384e-02, -1.9381106196750e+00,  4.7784405256873e-02, -2.0845871098424e+00,  1.4798031520000e+00,  9.0453400000000e-01,               500000
  2.4130113861324e+00,  1.1278415949488e+00,  1.1284036275194e+00, -5.5570762408773e-01,  2.9441903508124e-01,  7.6735785013414e-04, -2.5557657389827e-03, -2.2444958126187e-01,  6.6738631240736e-02, -1.6184234082804e+00, -1.5329194461129e-02, -3.4361203005416e+00,  1.3804322250000e+00,  9.0647400000000e-01,               500000
  2.4131752607710e+00,  1.1270096932275e+00,  1.1286397841014e+00, -5.5326471020193e-01,  3.4333178248238e-01,  8.2865165477706e-04, -1.6277354159195e-02, -2.7171365972391e-01, -1.1903270882600e-01, -3.0124507227498e+00, -4.0708867442767e-02, -3.4593603167961e+00,  1.4203647640000e+00,  8.9914400000000e-01,               500000
  2.4151316466859e+00,  1.1272442447492e+00,  1.1291409991868e+00, -5.5113563105441e-01,  2.5069800393368e-01,  7.0809321975807e-04, -1.1043145565261e-02, -2.3115981105515e-01, -3.3975843850088e-02, -1.7056757950611e+00,  4.0454344142841e-02, -1.8974407503395e+00,  1.4180436900000e+00,  9.0965800000000e-01,               500000
  2.4181224173000e+00,  1.1277400412777e+00,  1.1293237584462e+00, -5.5975891569587e-01,  2.5392238913683e-01,  7.1263228826209e-04,  6.6177997177236e-03, -2.0371528788829e-01,  2.6411465460333e-02, -1.6543545576126e+00,  8.4368740176172e-02, -1.9962383419709e+00,  1.4418965180000e+00,  9.0075400000000e-01,               500000
  2.4200973172153e+00,  1.1279775309739e+00,  1.1289206408446e+00, -5.6052463954552e-01,  2.6202439240857e-01,  7.2391213887953e-04,  1.3285797982666e-02, -2.1750179340714e-01,  5.5957023147702e-02, -1.7134381237182e+00,  9.8808511588058e-02, -2.1317496551656e+00,  1.3533288400000e+00,  9.0981000000000e-01,               500000
  2.4204211274600e+00,  1.1277405142142e+00,  1.1278914307814e+00, -5.5391505824962e-01,  3.0943946756445e-01,  7.8668858840643e-04,  1.1441964948358e-02, -2.3838004023604e-01,  6.0380968299307e-05, -2.1776699503844e+00, -2.1496465619301e-02, -2.8479332120986e+00,  1.4373323240000e+00,  9.0449600000000e-01,               500000
  2.4194640814741e+00,  1.1275353963537e+00,  1.1271205327940e+00, -5.5272826533713e-01,  3.0177184650574e-01,  7.7688074568204e-04,  7.0231815764828e-03, -2.3959213266244e-01, -2.0874316065488e-02, -2.6826794842227e+00, -2.3336624360135e-02, -2.5218479303312e+00,  1.3794075270000e+00,  9.0055200000000e-01,               500000
  2.4178404624507e+00,  1.1275328022886e+00,  1.1265939824466e+00, -5.5138450970856e-01,  3.0609246997976e-01,  7.8242248175748e-04, -3.6535057832065e-03, -2.6963633749813e-01,  2.7091127615111e-04, -1.9900004346613e+00, -1.1536562948018e-01, -2.8100666910205e+00,  1.4569992960000e+00,  9.0050600000000e-01,               500000
  2.4167962042649e+00,  1.1275364102378e+00,  1.1269177749888e+00, -5.5702178751366e-01,  2.7214513436476e-01,  7.3776030574267e-04,  3.5659005644832e-05, -1.9911001950593e-01, -2.4921277533525e-02, -1.9808935866598e+00, -2.8269761230438e-02, -1.9847509271584e+00,  1.4051686200000e+00,  9.0349400000000e-01,               500000
  2.4158624307878e+00,  1.1277526291218e+00,  1.1274096724167e+00, -5.5467026564176e-01,  2.8780606279932e-01,  7.5869106070826e-04,  5.1493752094732e-03, -2.3228527608453e-01,  2.1282552591342e-02, -2.0040116924029e+00, -5.4764762697691e-02, -2.6311227109718e+00,  1.4179450910000e+00,  9.0625200000000e-01,               500000
  2.4144643649142e+00,  1.1277805696820e+00,  1.1282368216918e+00, -5.5406688295689e-01,  2.6558940263650e-01,  7.2882014603947e-04, -3.4778205215740e-04, -2.0120448446931e-01,  2.5543103843812e-02, -1.4747988014501e+00,  2.9678558959944e-03, -2.5398117030239e+00,  1.3684968700000e+00,  9.0173000000000e-01,               500000
  2.4132544332860e+00,  1.1276014383040e+00,  1.1289704113739e+00, -5.5715618147625e-01,  2.4897631560495e-01,  7.0565758779305e-04, -9.3952764422805e-04, -2.6288419802056e-01, -1.2081688098193e-03, -1.8533390177263e+00,  1.2167873813741e-01, -1.9043864355115e+00,  1.3852560020000e+00,  9.0059000000000e-01,               500000
  2.4122831035400e+00,  1.1274576498413e+00,  1.1288029779002e+00, -5.5508048114725e-01,  2.8118840195453e-01,  7.4991786477524e-04, -1.5924559152853e-02, -2.6834755208562e-01, -5.6117336220050e-02, -1.9634966861616e+00,  2.2504621153365e-02, -2.3923495948751e+00,  1.3673687020000e+00,  9.0839400000000e-01,               500000
  2.4131886605758e+00,  1.1277993312445e+00,  1.1285058220470e+00, -5.5275883352486e-01,  2.7193607354712e-01,  7.3747687902350e-04,  8.2735319954894e-04, -2.3558993463581e-01, -3.4759040230495e-02, -2.0540597369759e+00,  5.3198012087390e-02, -1.9937117551663e+00,  1.4177383940000e+00,  9.0291200000000e-01,               500000
  2.4139258456394e+00,  1.1284027739167e+00,  1.1278793487355e+00, -5.5442850099551e-01,  2.7615107467178e-01,  7.4317033669514e-04,  2.8855067500909e-05, -2.0973949031244e-01,  3.2070479336007e-03, -2.0663487625440e+00,  7.7696267794552e-03, -2.0303558916839e+00,  1.3915916640000e+00,  9.0878200000000e-01,               500000
  2.4145984550608e+00,  1.1289284723496e+00,  1.1272684527226e+00, -5.5525462746731e-01,  2.7787899741754e-01,  7.4549178052819e-04,  8.6307474368104e-03, -2.4360609781751e-01,  9.3239133457937e-02, -1.5670012270355e+00, -7.2207805356622e-02, -2.5174805140926e+00,  1.5174438480000e+00,  9.0844000000000e-01,               500000
  2.4142591267490e+00,  1.1286368411477e+00,  1.1272240690525e+00, -5.6380952166651e-01,  2.5318213531967e-01,  7.1159277022700e-04, -6.9352137212521e-04, -2.0262373944190e-01,  6.2818261002910e-02, -1.5536993544178e+00,  1.7760232097994e-02, -1.8985342066224e+00,  1.4068480950000e+00,  9.0534000000000e-01,               500000
  2.4140417716175e+00,  1.1278602943607e+00,  1.1270681951687e+00, -5.6065111776508e-01,  2.7030196429441e-01,  7.3525772936353e-04, -5.6082171511038e-03, -2.5585326424809e-01, -7.0813656207204e-03, -1.8677083904871e+00, -6.9025470967316e-03, -2.0990872302089e+00,  1.4310310990000e+00,  9.0454800000000e-01,               500000
  2.4144841918386e+00,  1.1272271189893e+00,  1.1269826361680e+00, -5.4959368134561e-01,  4.0020777298259e-01,  8.9465945809855e-04, -2.1040027147290e-03, -2.9222410058318e-01, -1.1777978187982e-01, -4.9647094703480e+00, -8.0921481809496e-02, -5.0813110195703e+00,  1.4487867910000e+00,  9.0490000000000e-01,               500000
  2.4151333722381e+00,  1.1276545279324e+00,  1.1274820040989e+00, -5.5944407486672e-01,  2.6338875480933e-01,  7.2579439899924e-04, -7.0852116294242e-04, -2.3650794206364e-01,  2.2149521625720e-03, -1.8004496549812e+00,  1.7951610658391e-04, -2.1884310003601e+00,  1.4167769100000e+00,  9.0605800000000e-01,               500000
  2.4158104243005e+00,  1.1280286862051e+00,  1.1279382342192e+00, -5.5732984647287e-01,  2.8987468677880e-01,  7.6141274848639e-04, -9.1200237661736e-03, -3.2663413787019e-01, -2.0303856729307e-02, -2.1840628549611e+00,  1.0929975094683e-02, -2.6736016167689e+00,  1.3970861750000e+00,  9.0909600000000e-01,               500000
  2.4174552993585e+00,  1.1285436112463e+00,  1.1282828779758e+00, -5.5582038890391e-01,  2.4084991315289e-01,  6.9404598284680e-04, -3.9108581087413e-03, -2.1825132021339e-01,  5.3687556932947e-02, -1.4347155817180e+00,  3.8704900037241e-02, -1.8279502626688e+00,  1.4189204150000e+00,  9.0727000000000e-01,               500000
  2.4193857878572e+00,  1.1285667973521e+00,  1.1283315507781e+00, -5.5516500220629e-01,  2.4926165057905e-01,  7.0606182530859e-04, -2.2754185977494e-03, -2.2305357411252e-01,  4.0370786932140e-02, -1.6982506836405e+00,  4.8062026639512e-02, -1.9873671318876e+00,  1.4367101110000e+00,  9.0667800000000e-01,               500000
  2.4213916909147e+00,  1.1282585709320e+00,  1.1280489851204e+00, -5.5306919331987e-01,  3.0568822666678e-01,  7.8190565500804e-04,  8.1571363232995e-03, -2.7443776210034e-01,  2.6582853022765e-02, -2.0606693033305e+00, -5.5802281743495e-02, -3.5297311088287e+00,  1.3635306310000e+00,  9.0302600000000e-01,               500000
  2.4223013239974e+00,  1.1277678793042e+00,  1.1281940352153e+00, -5.5490963416832e-01,  2.6366961076853e-01,  7.2618125942293e-04, -2.9478182099753e-03, -2.1973057401953e-01,  1.3738494749848e-02, -1.8120149308985e+00,  2.2582038782981e-02, -2.0894519788347e+00,  1.4463247000000e+00,  9.0295800000000e-01,               500000
  2.4234629615239e+00,  1.1272187136195e+00,  1.1281750605173e+00, -5.6341766446231e-01,  2.5755342355289e-01,  7.1770944476562e-04,  5.1532928828759e-03, -2.4763092667605e-01,  5.0076005784279e-02, -1.6589843969781e+00,  7.6191644408441e-02, -2.1830765937515e+00,  1.4801400280000e+00,  9.0409000000000e-01,               500000
  2.4239460124333e+00,  1.1263126725159e+00,  1.1276356728174e+00, -5.5330047809516e-01,  3.0344361983149e-01,  7.7902967829408e-04, -8.7324342968011e-03, -3.1286249233828e-01, -6.0683100911867e-02, -2.5075719678639e+00, -3.8092504470885e-02, -2.7238277242605e+00,  1.3903294890000e+00,  9.0326800000000e-01,               500000
  2.4253768521031e+00,  1.1260143016587e+00,  1.1274244053139e+00, -5.6369304583431e-01,  2.5903487957906e-01,  7.1977062954675e-04,  1.6906401041330e-02, -2.2801317315611e-01, -3.9703722273527e-03, -1.8031802144756e+00,  5.1260829058693e-02, -2.1963406464707e+00,  1.5252329950000e+00,  9.0568600000000e-01,               500000
  2.4247839365316e+00,  1.1257862577386e+00,  1.1268845314351e+00, -5.5543764637249e-01,  2.6158965021632e-01,  7.2331134405084e-04, -1.3767176499186e-03, -2.1853870651980e-01, -8.9143145680946e-02, -1.8733825027961e+00, -3.9782847976766e-02, -1.9623322648410e+00,  1.4517691610000e+00,  9.0529800000000e-01,               500000
  2.4244162082125e+00,  1.1263352125862e+00,  1.1266825014604e+00, -5.6286835667601e-01,  2.7597392848112e-01,  7.4293193292672e-04, -3.0191446858206e-03, -2.3040971708197e-01, -6.1454579973808e-02, -1.8518544136269e+00, -4.0939309366619e-02, -2.2272988471982e+00,  1.3594432960000e+00,  9.0515600000000e-01,               500000
  2.4244363478479e+00,  1.1273525244951e+00,  1.1267941138668e+00, -5.4677335480066e-01,  3.1012896064335e-01,  7.8756455055234e-04, -5.3836218330831e-03, -2.3790652371585e-01, -7.2130454282827e-02, -2.0976905824951e+00, -1.0801256677609e-01, -2.8408106800774e+00,  1.4673228700000e+00,  9.0430800000000e-01,               500000
  2.4250719067082e+00,  1.1288826504731e+00,  1.1276592045000e+00, -5.5221524681334e-01,  2.6899703622537e-01,  7.3348079214846e-04,  2.4279606675867e-03, -2.6249504519988e-01,  4.3149143226532e-02, -1.7776829173216e+00,  1.2293157644259e-02, -2.3168671734274e+00,  1.3574675460000e+00,  9.0713000000000e-01,               500000
  2.4253865197776e+00,  1.1299062697175e+00,  1.1283607192245e+00, -5.5365667472216e-01,  2.6525156580050e-01,  7.2835645916062e-04, -2.2306884158263e-03, -2.4108684382312e-01,  7.7025627163600e-02, -1.7724209895252e+00, -7.8283344476789e-03, -2.5162061277940e+00,  1.4378206210000e+00,  9.0955000000000e-01,               500000
  2.4259343005455e+00,  1.1301884825587e+00,  1.1290563545371e+00, -5.5229954436632e-01,  2.8277361515201e-01,  7.5202874300390e-04, -6.8326797635400e-03, -2.8289874013259e-01,  5.9235653801178e-02, -2.3574043212645e+00,  5.6016984126581e-02, -2.6358623174439e+00,  1.4166375090000e+00,  9.0672200000000e-01,               500000
  2.4272122048648e+00,  1.1299544509026e+00,  1.1292996959280e+00, -5.5710076042363e-01,  2.2823335116579e-01,  6.7562319552513e-04,  8.8687924050083e-03, -2.2468905239860e-01,  1.2153591199601e-01, -1.4516177812223e+00,  1.4569734587432e-01, -1.6416110033169e+00,  1.3922886510000e+00,  9.0162200000000e-01,               500000
  2.4273772818695e+00,  1.1287274016442e+00,  1.1285031543529e+00, -5.5413133150813e-01,  2.4525837292550e-01,  7.0036900691778e-04, -1.0762031019099e-03, -2.0459785755296e-01,  5.1131870048552e-02, -1.4397717316862e+00,  1.1594563938229e-02, -2.0411371658657e+00,  1.4458401220000e+00,  8.9994600000000e-01,               500000
  2.4276587737093e+00,  1.1271975492120e+00,  1.1277113217317e+00, -5.5932082251285e-01,  2.8742791876114e-01,  7.5819248052343e-04,  2.2107208115618e-03, -2.4221263337618e-01, -6.6921592474034e-02, -2.1813710764067e+00,  3.2059649183349e-02, -2.1741260480320e+00,  1.3995933210000e+00,  9.0689200000000e-01,               500000
  2.4276767183833e+00,  1.1263927198918e+00,  1.1267803855583e+00, -5.5153526269118e-01,  2.9111636818194e-01,  7.6304176580570e-04,  1.2929204252063e-02, -2.2050240550122e-01, -3.8792583486540e-02, -1.9037108223494e+00, -3.3942721727602e-02, -2.4261375688926e+00,  1.4191159330000e+00,  9.1003000000000e-01,               500000
  2.4262477397638e+00,  1.1260029408512e+00,  1.1261889100530e+00, -5.5164064816523e-01,  3.3114522651296e-01,  8.1381229594172e-04, -1.3520320668124e-02, -3.5028766136133e-01, -7.1472038798724e-02, -1.9316844246942e+00, -1.8765038465043e-01, -4.1223428449735e+00,  1.4768749710000e+00,  9.0441600000000e-01,               500000
  2.4265054543056e+00,  1.1262633937932e+00,  1.1269904415927e+00, -5.5806302186033e-01,  2.9444120106534e-01,  7.6738673570155e-04,  5.9937110434959e-03, -2.3172103251376e-01, -2.5178014677760e-02, -1.8206675225805e+00, -4.5411434203530e-02, -3.0277642479156e+00,  1.4264803920000e+00,  9.0067200000000e-01,               500000
  2.4260748074922e+00,  1.1267184982239e+00,  1.1280427434912e+00, -5.5361528862570e-01,  2.7012223871797e-01,  7.3501324983700e-04,  7.2006546898656e-03, -2.1869191872330e-01,  4.1403049904625e-03, -1.9838278278530e+00,  5.6524008768325e-02, -1.9348781135141e+00,  1.4479354530000e+00,  9.0015000000000e-01,               500000
  2.4248869145147e+00,  1.1271018818197e+00,  1.1285993624556e+00, -5.5853217592375e-01,  2.4415994226364e-01,  6.9879888703924e-04, -9.2383831330789e-03, -2.4613328119007e-01, -4.1576137789914e-02, -1.7087405264445e+00,  5.5993472953523e-02, -1.7352111602545e+00,  1.3936946920000e+00,  9.0488000000000e-01,               500000
  2.4248740094123e+00,  1.1278065264126e+00,  1.1287121232838e+00, -5.5215508412265e-01,  3.2629370164366e-01,  8.0782882053522e-04, -1.4146246611264e-02, -3.7006401355855e-01, -6.8443002724571e-02, -3.9145031632867e+00, -2.0929940557817e-02, -2.3648204793417e+00,  1.4335083500000e+00,  9.0061800000000e-01,               500000
  2.4264786801571e+00,  1.1290377874026e+00,  1.1289697715747e+00, -5.5376985400041e-01,  2.8939548028284e-01,  7.6078312321297e-04,  2.1169290317128e-03, -2.1985295912624e-01,  8.2062944155913e-02, -1.5421518351226e+00,  8.9157696578531e-03, -3.4901696403811e+00,  1.3699043070000e+00,  9.0289800000000e-01,               500000
  2.4276977473192e+00,  1.1294573504186e+00,  1.1291512333842e+00, -5.6055567889880e-01,  2.5404523966505e-01,  7.1280465720287e-04, -3.3778440981108e-03, -2.2023727070273e-01,  1.0286854654539e-01, -1.7318914779523e+00,  9.3081684503700e-02, -1.9815959343223e+00,  1.4026270690000e+00,  9.0516200000000e-01,               500000
  2.4291900517902e+00,  1.1289697004684e+00,  1.1286635732061e+00, -5.5391258151966e-01,  2.6674401504997e-01,  7.3040264929690e-04,  4.4127124251368e-03, -1.8063815169593e-01,  4.4849465664811e-02, -1.7884779061776e+00,  1.0351769503814e-02, -2.1373263188073e+00,  1.7925622940000e+00,  9.0470400000000e-01,               500000
  2.4300454540410e+00,  1.1281571100201e+00,  1.1281585290110e+00, -5.5615559757480e-01,  2.6448648289588e-01,  7.2730527688981e-04, -1.9869714303550e-03, -1.8509360442685e-01,  3.2269927713374e-02, -1.5737274152764e+00,  2.5127152917061e-03, -2.1709125343398e+00,  1.4841763570000e+00,  9.0094400000000e-01,               500000
  2.4310514938564e+00,  1.1271574271108e+00,  1.1276934111168e+00, -5.5291488373802e-01,  2.9362517119673e-01,  7.6632260986706e-04, -5.1443216826087e-03, -2.3109737204178e-01, -3.1752649193057e-02, -1.9000647934937e+00, -7.7802860769384e-02, -2.7903023606753e+00,  1.4196325390000e+00,  9.0499000000000e-01,               500000
  2.4325535721784e+00,  1.1265351099268e+00,  1.1278360138943e+00, -5.5811335455131e-01,  2.7819505570308e-01,  7.4591561949469e-04,  5.2970842487699e-04, -2.5093985327318e-01, -2.9378873335178e-02, -2.0974216991348e+00,  2.1443274307060e-02, -2.3699874522385e+00,  1.3975465310000e+00,  9.0293800000000e-01,               500000
  2.4338609796172e+00,  1.1262336441132e+00,  1.1278207001184e+00, -5.6019806872421e-01,  2.7806862137894e-01,  7.4574609805072e-04,  1.2135527533869e-03, -2.5145474163830e-01, -4.4801437796994e-02, -2.0156553731756e+00,  2.5123528850811e-02, -2.3243909156905e+00,  1.5044336790000e+00,  9.0005800000000e-01,               500000
  2.4349153404636e+00,  1.1263526175260e+00,  1.1276366642084e+00, -5.4912314371557e-01,  2.9136520365076e-01,  7.6336780604209e-04, -1.1798263850917e-02, -2.7869961341447e-01, -1.4174055752040e-01, -2.1141368962672e+00, -5.1147893061693e-02, -2.2527261372088e+00,  1.4672490720000e+00,  9.0623800000000e-01,               500000
  2.4372190979140e+00,  1.1276771726052e+00,  1.1278426199577e+00, -5.5387441717259e-01,  2.6245567853872e-01,  7.2450766529930e-04,  3.4041346187175e-03, -2.2997535785977e-01,  1.4368641154848e-02, -1.7741930888725e+00,  3.0671427800027e-02, -2.0967315112702e+00,  1.5111693300000e+00,  9.0530200000000e-01,               500000
  2.4389207190162e+00,  1.1287554207133e+00,  1.1278172940284e+00, -5.5898397265959e-01,  2.2691230131432e-01,  6.7366505225419e-04,  8.4474308266040e-03, -2.0261611528533e-01,  7.3124978398713e-02, -1.6107945050340e+00,  4.5902439080612e-02, -1.6630699515873e+00,  1.4861661190000e+00,  9.0556200000000e-01,               500000
  2.4395042063051e+00,  1.1291089051176e+00,  1.1274733388826e+00, -5.5453136966502e-01,  2.6538504618084e-01,  7.2853969854887e-04, -5.8932119607521e-03, -3.0181237373476e-01,  8.7573398239925e-02, -1.6813571773875e+00, -1.7900137290586e-02, -2.5470568636226e+00,  1.4624383860000e+00,  9.0486400000000e-01,               500000
  2.4407171909139e+00,  1.1286859711469e+00,  1.1273002217472e+00, -5.6064321324988e-01,  2.6339695727656e-01,  7.2580570027599e-04,  3.1693556142182e-03, -2.2616893020165e-01,  1.0437869958914e-01, -1.5656983612775e+00, -5.3314326268395e-02, -2.2084614041832e+00,  1.4717393950000e+00,  9.0484200000000e-01,               500000
  2.4414619479021e+00,  1.1274192845009e+00,  1.1275327644333e+00, -5.6118994125807e-01,  2.7359762779704e-01,  7.3972647349819e-04,  1.3555263167199e-02, -2.2127431022084e-01,  1.6233030399557e-02, -1.9336289551853e+00,  7.7435482242232e-02, -2.3568350352330e+00,  1.3713773120000e+00,  9.0423800000000e-01,               500000
  2.4406020045761e+00,  1.1261474467005e+00,  1.1271973814646e+00, -5.5744453683579e-01,  2.7184976359496e-01,  7.3735983562296e-04,  8.0265997111270e-03, -2.0562946237727e-01, -3.8604601891628e-02, -1.7000225872455e+00,  1.0898325462293e-03, -2.0924229150546e+00,  1.3965534740000e+00,  9.0208200000000e-01,               500000
  2.4389255800082e+00,  1.1253397506201e+00,  1.1268949182441e+00, -5.5444297612179e-01,  2.9206107684120e-01,  7.6427884550235e-04,  1.0882719217110e-02, -2.3369558530518e-01, -1.1990297574541e-01, -2.4573264586923e+00,  6.6654351110744e-03, -2.2203443870426e+00,  1.4225099550000e+00,  9.0458600000000e-01,               500000
  2.4361910293637e+00,  1.1256507422976e+00,  1.1265826534419e+00, -5.4596059565393e-01,  3.1044457875542e-01,  7.8796520069788e-04, -1.0415857627398e-02, -2.7721054877277e-01, -8.9793749900965e-02, -2.4333979861326e+00, -1.3368045192788e-01, -2.7911423566169e+00,  1.4155619910000e+00,  9.0392800000000e-01,               500000
  2.4349314774941e+00,  1.1267112866774e+00,  1.1272689486138e+00, -5.5348794416957e-01,  2.8315497351034e-01,  7.5253567823770e-04,  1.3893820372184e-03, -2.8541755260975e-01, -2.7152815949227e-02, -1.9319050796632e+00, -9.4492924658697e-03, -2.5309314827759e+00,  1.4604587320000e+00,  9.0317600000000e-01,               500000
  2.4336546595766e+00,  1.1279080803569e+00,  1.1279640564530e+00, -5.5034661858520e-01,  2.7066275762758e-01,  7.3574826894472e-04, -7.2394494517186e-03, -2.7450561395807e-01, -4.9139156142563e-02, -1.9555775831367e+00, -2.4079839046720e-02, -2.2727070806717e+00,  1.4539386100000e+00,  9.0006200000000e-01,               500000
  2.4333461046167e+00,  1.1294167455429e+00,  1.1287712388241e+00, -5.5469170555555e-01,  2.4455410161643e-01,  6.9936271221224e-04,  4.6154946947243e-05, -2.2276281638826e-01,  1.0243783495382e-01, -1.4821658442649e+00,  1.1840082198441e-02, -2.0113584894395e+00,  1.3548344260000e+00,  8.9990200000000e-01,               500000
  2.4330755703087e+00,  1.1299010444323e+00,  1.1294206020494e+00, -5.5765266272017e-01,  2.3031758500056e-01,  6.7870109031968e-04,  1.3226725207942e-02, -1.9755569587910e-01,  1.2126848696210e-01, -1.4135105404933e+00,  1.3010384232147e-01, -1.6844864242701e+00,  1.3614138460000e+00,  9.0202800000000e-01,               500000
  2.4313342719067e+00,  1.1293003569881e+00,  1.1290762846649e+00, -5.5330557096312e-01,  2.4192486082426e-01,  6.9559307188076e-04,  1.5326334979949e-02, -2.1136741492327e-01,  1.0940243466724e-01, -1.4713112955426e+00,  7.7225087679957e-02, -1.9089359894646e+00,  1.4071530370000e+00,  9.0500400000000e-01,               500000
  2.4280334874311e+00,  1.1278246718249e+00,  1.1282175402774e+00, -5.6623597286654e-01,  2.4024978414223e-01,  6.9318076162316e-04,  1.1154568560023e-02, -2.2613349068696e-01,  9.5254007575580e-02, -1.5397797465154e+00,  9.2307086855063e-02, -1.8124063877246e+00,  1.4599035270000e+00,  9.0438800000000e-01,               500000
  2.4238041619811e+00,  1.1256824940125e+00,  1.1267861916896e+00, -5.5477685760462e-01,  2.7265910889675e-01,  7.3845664584558e-04,  2.0312397247103e-03, -2.2618991811758e-01, -4.9090965895999e-02, -1.9981342942633e+00,  4.8155621509634e-04, -2.1156498662000e+00,  1.3534520030000e+00,  9.0912400000000e-01,               500000
  2.4197751862598e+00,  1.1241843663115e+00,  1.1255008338078e+00, -5.5268068720274e-01,  3.1577384199163e-01,  7.9469974454712e-04, -1.5727299710464e-03, -2.5867492729967e-01, -2.4153137600603e-01, -2.2980734512439e+00, -1.1895101474441e-01, -2.3065109524992e+00,  1.4448550910000e+00,  9.0419400000000e-01,               500000
  2.4163399554895e+00,  1.1249254833579e+00,  1.1252092557365e+00, -5.5442630387153e-01,  3.9736625178050e-01,  8.9147770783178e-04, -8.2782615842237e-03, -3.2616802567811e-01, -1.2068026704611e-01, -4.3386666583545e+00, -1.3996577292509e-01, -3.3807811520834e+00,  1.4571586200000e+00,  9.0128000000000e-01,               500000
  2.4142115264283e+00,  1.1266494658750e+00,  1.1259683085357e+00, -5.5852001846850e-01,  3.0238369739503e-01,  7.7766792063841e-04, -4.8578300478816e-03, -2.8897372419599e-01, -7.8604797556684e-02, -2.1158420817210e+00, -2.9036072150778e-02, -2.5149879780398e+00,  1.4102922730000e+00,  9.0210200000000e-01,               500000
  2.4128664549135e+00,  1.1288878997869e+00,  1.1268707965744e+00, -5.6370048512799e-01,  2.6241516912350e-01,  7.2445175011660e-04,  7.6344563413578e-03, -1.7935530536353e-01,  1.1434260147839e-01, -1.6470498790869e+00, -1.0922516415100e-02, -2.4127421583744e+00,  1.4206762800000e+00,  9.0571600000000e-01,               500000
  2.4107920286862e+00,  1.1299256869723e+00,  1.1277714864080e+00, -5.5756476107905e-01,  2.4249747352059e-01,  6.9641578603674e-04,  7.8684159535872e-03, -1.7597688883728e-01,  1.1867432219700e-01, -1.5724291595193e+00,  4.5146434446819e-02, -1.8452623701121e+00,  1.3841628570000e+00,  9.0333400000000e-01,               500000
  2.4080334970092e+00,  1.1298444553977e+00,  1.1282630159964e+00, -5.5490183752032e-01,  2.8388749914105e-01,  7.5350845933016e-04, -9.5153530776222e-03, -2.5688318807538e-01,  1.0552196698965e-01, -1.5820591896020e+00, -3.7785583738716e-02, -3.2661073115140e+00,  1.4885358630000e+00,  9.0269000000000e-01,               500000
  2.4066544429067e+00,  1.1288686655883e+00,  1.1289911787408e+00, -5.5098036553754e-01,  2.7524644065373e-01,  7.4195207480500e-04, -2.0710039390626e-02, -2.8308916943294e-01,  1.1507906404039e-02, -1.7859824021691e+00, -1.9786207516375e-02, -2.4047835033552e+00,  1.3730737730000e+00,  9.0272200000000e-01,               500000
  2.4077976884589e+00,  1.1278980039790e+00,  1.1297992645329e+00, -5.5429888840651e-01,  2.5031907865144e-01,  7.0755788265193e-04,  4.3099923879466e-03, -1.2397983298516e-01,  2.8023570049414e-02, -1.4716503141221e+00,  1.4331192518565e-01, -2.1940076701086e+00,  1.3582016740000e+00,  9.0033000000000e-01,               500000
  2.4083419736371e+00,  1.1267879215894e+00,  1.1294958828253e+00, -5.5772668140808e-01,  2.6737947934339e-01,  7.3127215090333e-04,  7.2161721649629e-03, -2.3103803135374e-01, -3.9185937330647e-02, -1.9142725936179e+00,  1.3492861750843e-01, -2.0854615916656e+00,  1.4517250680000e+00,  9.0101200000000e-01,               500000
  2.4080201046537e+00,  1.1261349060520e+00,  1.1282518316362e+00, -5.6789495154495e-01,  2.5289938973356e-01,  7.1119531738273e-04, -3.3602352366850e-03, -1.9116951638217e-01, -6.8925200518345e-02, -1.6787855199159e+00,  9.1289881735753e-02, -1.6664414270807e+00,  1.3729120810000e+00,  9.0437400000000e-01,               500000
  2.4081257137442e+00,  1.1261502168178e+00,  1.1264749400869e+00, -5.5505369427664e-01,  3.1301429221977e-01,  7.9121968152943e-04, -2.0028215482539e-02, -3.2914361438867e-01, -1.3282687121140e-01, -2.6965258403780e+00, -8.8179403292779e-02, -2.8562730970217e+00,  1.4034243870000e+00,  9.0623600000000e-01,               500000
  2.4105262513492e+00,  1.1273247918884e+00,  1.1255253245470e+00, -5.5207059780377e-01,  3.3319088095333e-01,  8.1632209446189e-04, -1.4770082720138e-02, -2.9367366534801e-01, -1.0091769130671e-02, -2.3121449779589e+00, -2.2864644027017e-01, -3.4013289065908e+00,  1.4860322550000e+00,  9.0832800000000e-01,               500000
  2.4143867437763e+00,  1.1284803591953e+00,  1.1263428542208e+00, -5.4991427895934e-01,  3.0049586297992e-01,  7.7523656128941e-04, -6.8170844447633e-03, -2.8828171418159e-01, -8.6782625316803e-03, -2.2260932026191e+00, -1.3940501677103e-01, -2.9381900671232e+00,  1.4382853280000e+00,  9.0532400000000e-01,               500000
  2.4186579075341e+00,  1.1296062735466e+00,  1.1281014614508e+00, -5.5735667310860e-01,  2.4850643499953e-01,  7.0499139710997e-04,  2.9693200473964e-03, -2.2867655378602e-01,  8.6792105892529e-02, -1.4839209693254e+00,  5.0623940425928e-02, -1.9662125289692e+00,  1.4206304140000e+00,  9.0134600000000e-01,               500000
  2.4221792961401e+00,  1.1298738463683e+00,  1.1293249831208e+00, -5.5584890885575e-01,  2.3292509738482e-01,  6.8253219321116e-04, -7.1708297442935e-06, -2.2770122280959e-01,  1.4003518062154e-01, -1.3496539138415e+00,  1.4551535664174e-01, -1.8932435151050e+00,  1.4361147560000e+00,  9.0481600000000e-01,               500000
  2.4253655293346e+00,  1.1289057908118e+00,  1.1293758051178e+00, -5.5685320298180e-01,  2.8159050651001e-01,  7.5045387134721e-04,  7.1895847503415e-04, -1.9503171262965e-01,  3.3206579706983e-02, -2.1235830317594e+00,  7.9254857731165e-02, -2.4845015677138e+00,  1.4365425620000e+00,  9.0284200000000e-01,               500000
  2.4281648228392e+00,  1.1277546173114e+00,  1.1288541704137e+00, -5.6117951189997e-01,  2.6915219692689e-01,  7.3369230189077e-04,  1.2842732273826e-02, -1.9754896028769e-01,  5.7864497840046e-02, -1.8810229361518e+00,  7.3314949426210e-02, -2.1719061945464e+00,  1.3678853180000e+00,  9.0017000000000e-01,               500000
  2.4292247840148e+00,  1.1262230300525e+00,  1.1278585444732e+00, -5.6082939694988e-01,  2.4971087281066e-01,  7.0669777530520e-04,  7.5777258044818e-03, -2.1262607648537e-01,  9.7015255035393e-06, -1.5546546583974e+00,  4.8785835724617e-02, -2.0738366469827e+00,  1.4234229000000e+00,  9.0161400000000e-01,               500000
  2.4293237239949e+00,  1.1248499161833e+00,  1.1266137710393e+00, -5.5558554309344e-01,  2.9699056970671e-01,  7.7070171883383e-04,  4.1518172851169e-03, -2.1624557457991e-01, -1.6834331198804e-01, -2.1653203742986e+00, -5.0530933969431e-02, -2.1334490053616e+00,  1.4409077770000e+00,  9.0295800000000e-01,               500000
  2.4289494214702e+00,  1.1250877803105e+00,  1.1258687407940e+00, -5.4957941435122e-01,  3.0272146935608e-01,  7.7810213899729e-04,  2.7925286479734e-03, -2.6913296759059e-01, -1.3815127073810e-01, -2.0794918360450e+00, -1.2776443536444e-01, -2.5864193747418e+00,  1.4603963670000e+00,  9.0529800000000e-01,               500000
  2.4283073403304e+00,  1.1265122385413e+00,  1.1261394721531e+00, -5.5715758753743e-01,  2.8192451469560e-01,  7.5089881434931e-04,  8.0350670441170e-03, -2.3132358114491e-01, -7.2806044405297e-03, -1.8274034137766e+00, -4.8037910272157e-02, -2.2760884186191e+00,  1.4454150890000e+00,  9.0520200000000e-01,               500000
  2.4268203373717e+00,  1.1278668358972e+00,  1.1267424401761e+00, -5.4521615349455e-01,  3.5345329046830e-01,  8.4077736704588e-04, -8.9960902831972e-03, -3.2143896810731e-01, -3.3082201566988e-02, -2.7944335786099e+00, -1.9959444175333e-01, -4.8200170251183e+00,  1.3421784020000e+00,  9.0642600000000e-01,               500000
  2.4265328225059e+00,  1.1293875013635e+00,  1.1287593968724e+00, -5.5705134148608e-01,  2.5037957759628e-01,  7.0764338136703e-04,  1.4298101101927e-03, -2.4204962871651e-01,  8.1423245636383e-02, -1.4479976415492e+00,  6.0385346955607e-02, -2.2579607239168e+00,  1.6430039510000e+00,  9.0448800000000e-01,               500000
  2.4261234180400e+00,  1.1300534677341e+00,  1.1301433239660e+00, -5.5942407369700e-01,  2.3122205649513e-01,  6.8003243524869e-04,  7.7763401478897e-03, -1.7525616070083e-01,  8.6729159903039e-02, -1.3054525809177e+00,  1.3424213699654e-01, -1.8251184166557e+00,  1.4802780650000e+00,  9.0534800000000e-01,               500000
  2.4248708423508e+00,  1.1299023106384e+00,  1.1304149054175e+00, -5.5370274452401e-01,  2.7531054185452e-01,  7.4203846511421e-04,  1.8440522490983e-03, -2.4308773632561e-01,  6.1340560409503e-02, -2.3475898042787e+00,  8.6324655606896e-02, -2.3664915527734e+00,  1.4185242120000e+00,  9.0158800000000e-01,               500000
  2.4235442279893e+00,  1.1292408592091e+00,  1.1300367975806e+00, -5.5698956318058e-01,  2.4914405425003e-01,  7.0589525320693e-04, -9.4658022633181e-04, -2.2377917176151e-01,  3.6639817848548e-02, -1.8193097099805e+00,  1.4714293223959e-01, -1.9017733087515e+00,  1.4737438380000e+00,  9.0733400000000e-01,               500000
  2.4224710365605e+00,  1.1283327679427e+00,  1.1286269031017e+00, -5.6329689001146e-01,  2.9934805052673e-01,  7.7375454832489e-04,  6.9918483690701e-03, -2.5505282925893e-01,  3.1526239530145e-02, -2.5771210832445e+00,  1.5483623813017e-01, -2.6698589657181e+00,  1.4208606870000e+00,  9.0416200000000e-01,               500000
  2.4207134546820e+00,  1.1272502334506e+00,  1.1262345655793e+00, -5.5703975691302e-01,  2.8558011072406e-01,  7.5575142834673e-04, -7.0145576653834e-04, -2.6226430907719e-01, -1.0778328875417e-02, -2.0193228483497e+00, -1.0273969074636e-01, -2.3094688434043e+00,  1.3949661490000e+00,  9.0320000000000e-01,               500000
  2.4192261441852e+00,  1.1263782142330e+00,  1.1248408146373e+00, -5.6184236777170e-01,  3.1149731189071e-01,  7.8930008474687e-04,  5.0951268867911e-03, -2.8363745774056e-01,  6.0875838944695e-03, -1.8768174136209e+00, -1.4888291275646e-01, -2.9628699752272e+00,  1.3894664390000e+00,  9.0609400000000e-01,               500000
  2.4173146421638e+00,  1.1255475029497e+00,  1.1246873228082e+00, -5.5401308927470e-01,  3.0269065515358e-01,  7.7806253624446e-04,  1.2202462379893e-03, -2.6318514059780e-01, -9.0563572413093e-02, -1.8238731887892e+00, -2.1214252442887e-01, -2.6626743702851e+00,  1.4274723070000e+00,  9.0406000000000e-01,               500000
  2.4154668135833e+00,  1.1256015853899e+00,  1.1261117233051e+00, -5.5504122030330e-01,  2.8852224175264e-01,  7.5963444070505e-04, -3.0318892094083e-04, -2.1788882767138e-01, -1.2946773442525e-01, -2.0422631418755e+00, -1.0414229752181e-01, -2.0837757712337e+00,  1.4770396670000e+00,  9.0341400000000e-01,               500000
  2.4138498223082e+00,  1.1267947101089e+00,  1.1281647949391e+00, -5.5029688049676e-01,  2.9336503392308e-01,  7.6598307281960e-04,  2.4698902187769e-03, -2.2128757274561e-01, -8.6629690853647e-02, -2.4928804559543e+00,  7.9668655314938e-03, -2.1361587705311e+00,  1.4202219920000e+00,  9.0412400000000e-01,               500000
  2.4121200076190e+00,  1.1286403478195e+00,  1.1299637848822e+00, -5.6232762370963e-01,  2.3348776136454e-01,  6.8335607316324e-04,  1.5698487711668e-02, -1.9796337337611e-01,  8.2104220656201e-02, -1.4650017142507e+00,  1.7770305347560e-01, -1.6430806025470e+00,  1.3350192630000e+00,  9.0610800000000e-01,               500000
  2.4087605026117e+00,  1.1295879472650e+00,  1.1302861677797e+00, -5.5541998978522e-01,  2.5699162341933e-01,  7.1692624923256e-04, -6.6032097565152e-04, -2.7176408988584e-01,  3.6986141655053e-02, -1.8828666035163e+00,  1.5741747805134e-01, -2.2691863805164e+00,  1.4461159950000e+00,  9.0296000000000e-01,               500000
  2.4058262028708e+00,  1.1301247493721e+00,  1.1294305844373e+00, -5.5420493561095e-01,  2.4016527788145e-01,  6.9305884004384e-04,  1.8588472413438e-03, -1.8502123098379e-01,  1.0038755632227e-01, -1.5378992711505e+00,  1.1215231743904e-01, -1.9125110226136e+00,  1.4481180480000e+00,  9.1070000000000e-01,               500000
  2.4029781389620e+00,  1.1297320811717e+00,  1.1278444506829e+00, -5.5282537695874e-01,  2.5983134035637e-01,  7.2087632830655e-04,  3.4119393486346e-03, -2.2680863775219e-01,  5.0897029851359e-02, -1.9371627533530e+00,  1.9715094884601e-02, -2.0597607777787e+00,  1.4292528350000e+00,  9.0725400000000e-01,               500000
  2.4000300316556e+00,  1.1289389425933e+00,  1.1262783630763e+00, -5.5930986685881e-01,  2.8728781353699e-01,  7.5800766953507e-04,  3.1793087920814e-03, -2.7747831285359e-01,  6.7303684584718e-02, -1.7672901167104e+00, -2.6951845738542e-02, -2.5304497244558e+00,  1.4621349740000e+00,  9.1042000000000e-01,               500000
  2.3970213783238e+00,  1.1276395494743e+00,  1.1250749342874e+00, -5.5991829486834e-01,  3.2233404795630e-01,  8.0291225916198e-04, -1.0451030434229e-02, -3.2097731478910e-01, -1.8010485352215e-02, -2.5392274560981e+00, -1.6167760842519e-01, -3.0080392860466e+00,  1.4185410660000e+00,  9.0410600000000e-01,               500000
  2.3955454642801e+00,  1.1266389631377e+00,  1.1251911561557e+00, -5.4564681862738e-01,  3.7146866501934e-01,  8.6193812425179e-04, -1.6463674815340e-02, -4.2563748837117e-01, -1.2400944904806e-01, -3.2207148372964e+00, -2.1489323271056e-01, -3.8343369449026e+00,  1.3768932950000e+00,  9.0375000000000e-01,               500000
  2.3961523861046e+00,  1.1268459900080e+00,  1.1268882942069e+00, -5.5478211463356e-01,  3.0441187731477e-01,  7.8027159030016e-04,  1.1008543782891e-03, -2.7349166695698e-01, -6.4243199740241e-02, -2.5389406169627e+00, -4.5574609302392e-02, -2.4519260033566e+00,  1.4748412530000e+00,  9.0835800000000e-01,               500000
  2.3965872554565e+00,  1.1276106001282e+00,  1.1287611706044e+00, -5.5579928655443e-01,  2.7869069559991e-01,  7.4657979560113e-04, -5.6020038946190e-03, -2.5709667876793e-01, -5.1454471785521e-02, -1.8703682126885e+00,  6.1906692943141e-02, -2.3283774331243e+00,  1.4116456610000e+00,  9.0708400000000e-01,               500000
  2.3976444005159e+00,  1.1287620440057e+00,  1.1300012153395e+00, -5.5778252346014e-01,  2.8261915981281e-01,  7.5182333006208e-04, -3.6260781096838e-03, -3.6517003552501e-01,  2.8348193459343e-02, -2.7884462213753e+00,  1.1316717490732e-01, -3.0028907720991e+00,  1.4044536950000e+00,  9.0908400000000e-01,               500000
  2.3990393104398e+00,  1.1295610215128e+00,  1.1302957393891e+00, -5.5404250004439e-01,  2.5109442084220e-01,  7.0865283579790e-04, -1.4813312896594e-03, -2.2556533073713e-01,  6.2166768137759e-02, -1.5637638460896e+00,  1.0321364759060e-01, -2.2368754707518e+00,  1.3575002660000e+00,  9.0326000000000e-01,               500000
  2.4004813709633e+00,  1.1297375657281e+00,  1.1298088451956e+00, -5.5345287113030e-01,  2.5602713844933e-01,  7.1557967893077e-04, -7.4118859230004e-03, -2.6411505223202e-01,  8.4665396975225e-02, -1.5365490648433e+00,  6.2468699899434e-02, -2.1242136254673e+00,  1.4123655320000e+00,  9.0713200000000e-01,               500000
  2.4026579377186e+00,  1.1291538173380e+00,  1.1289175156358e+00, -5.5910866341186e-01,  2.3497700610031e-01,  6.8553191916980e-04,  4.8174129262525e-03, -1.9300468908676e-01,  8.3484917669266e-02, -1.4697704614410e+00,  1.0602290533316e-01, -1.6107454340103e+00,  1.3393210150000e+00,  9.0218200000000e-01,               500000
  2.4040684520915e+00,  1.1278950662799e+00,  1.1273386042884e+00, -5.5667297078104e-01,  3.0527232064811e-01,  7.8137356065855e-04,  2.5845943695868e-03, -2.1065203718907e-01, -3.6215469666365e-02, -2.2702151541193e+00, -6.1455445835158e-02, -2.6091393378489e+00,  1.4452902080000e+00,  9.0056000000000e-01,               500000
  2.4050500095716e+00,  1.1270923444814e+00,  1.1263797991060e+00, -5.4818605750682e-01,  3.1563071852441e-01,  7.9451962659762e-04, -9.0675818622592e-03, -2.4816639467015e-01, -6.8224697475460e-02, -2.4191994382526e+00, -1.8055648502892e-01, -3.0505903395126e+00,  1.3713781340000e+00,  9.0558400000000e-01,               500000
  2.4070055807382e+00,  1.1269854548519e+00,  1.1268612213245e+00, -5.5769553273201e-01,  2.9622371893569e-01,  7.6970607238827e-04,  1.5191561831643e-03, -2.2061816524127e-01, -2.2151755729614e-02, -1.9464327247272e+00, -3.5363324167217e-02, -2.4845204638256e+00,  1.4212542720000e+00,  9.0216800000000e-01,               500000
  2.4086027997423e+00,  1.1270945424611e+00,  1.1275653860024e+00, -5.6078260795225e-01,  2.4761713199357e-01,  7.0372882844682e-04,  3.4423819860533e-03, -1.9888618263634e-01,  1.4901578944149e-02, -1.4655418688279e+00,  3.6492691104144e-02, -2.0181105578251e+00,  1.3940704390000e+00,  9.0502200000000e-01,               500000
  2.4096509778310e+00,  1.1270668585776e+00,  1.1279372776460e+00, -5.5775147083488e-01,  2.8819760846024e-01,  7.5920696580082e-04,  7.7086745892955e-03, -2.1015805431140e-01, -6.4230862453493e-02, -2.3955452676479e+00,  6.6390167580810e-02, -2.1242960162758e+00,  1.4307609680000e+00,  9.0405600000000e-01,               500000
  2.4097060163791e+00,  1.1276240002026e+00,  1.1277886909131e+00, -5.5567356477726e-01,  2.4671023001975e-01,  7.0243893687601e-04,  4.4430070657408e-03, -1.8337949089635e-01,  2.6708579856047e-02, -1.4752283123080e+00,  2.4525397290941e-02, -1.8202009095251e+00,  1.4230777180000e+00,  9.0334600000000e-01,               500000
  2.4092465672753e+00,  1.1278946311485e+00,  1.1274798710825e+00, -5.5524873368890e-01,  2.5975656656454e-01,  7.2077259460185e-04,  1.1989347241708e-03, -2.3714499871099e-01,  5.1616828466502e-02, -1.5266611812491e+00, -3.6941594839404e-02, -2.2082331620771e+00,  1.4543218980000e+00,  9.0340800000000e-01,               500000
  2.4087061692147e+00,  1.1276851959917e+00,  1.1274838181599e+00, -5.6096345952649e-01,  2.9151098241802e-01,  7.6355875008806e-04, -1.3179066810039e-02, -2.7350958099683e-01, -4.4449128247378e-03, -2.2305635738921e+00, -2.2785023164517e-02, -2.3166283985483e+00,  1.3762222340000e+00,  9.0807800000000e-01,               500000
  2.4097784218364e+00,  1.1275461240397e+00,  1.1276650980215e+00, -5.5891895249361e-01,  2.8039879897216e-01,  7.4886420527644e-04,  3.9033799023328e-03, -2.4356867011527e-01, -8.0189106840299e-03, -1.8008761913062e+00, -1.5553590621932e-02, -2.3087646489280e+00,  1.3923101450000e+00,  9.0956600000000e-01,               500000
  2.4103013249959e+00,  1.1275004808808e+00,  1.1279525398315e+00, -5.5511610658063e-01,  2.8525293539270e-01,  7.5531839033972e-04,  8.6616231342330e-03, -2.2967258957727e-01, -4.8239647707694e-02, -2.2426715923028e+00, -7.2020415854497e-03, -2.3364218970436e+00,  1.3355651560000e+00,  9.0505600000000e-01,               500000
  2.4097706886599e+00,  1.1279004794656e+00,  1.1282737316804e+00, -5.5745790270963e-01,  2.4900403121018e-01,  7.0569686298039e-04,  1.7818238003071e-02, -2.3148958301726e-01,  5.1408122631855e-02, -1.5249955087148e+00,  6.5402987101543e-02, -1.8458678184667e+00,  1.4622876720000e+00,  9.0262000000000e-01,               500000
  2.4072232004957e+00,  1.1278078095777e+00,  1.1280831244469e+00, -5.5327341523556e-01,  2.5995397835839e-01,  7.2104643173431e-04, -5.4443357275444e-03, -2.5264260509884e-01, -2.2877901984401e-02, -1.7523498697662e+00,  1.2153142771852e-02, -1.9714625038120e+00,  1.4339320290000e+00,  9.0361200000000e-01,               500000
  2.4055809382897e+00,  1.1279369790173e+00,  1.1278282190281e+00, -5.5726171824267e-01,  2.7751667150233e-01,  7.4500559931094e-04, -5.9579760731334e-03, -2.2836816945208e-01, -1.9547534590338e-02, -2.1631464389273e+00, -3.8065722497719e-04, -2.0445577827084e+00,  1.4173609450000e+00,  9.0507600000000e-01,               500000
  2.4048131788081e+00,  1.1282381861531e+00,  1.1276090474371e+00, -5.5746810176263e-01,  2.5171552178256e-01,  7.0952874752551e-04,  3.4647418728486e-04, -2.3851392373639e-01,  4.8981724256146e-02, -1.5579743849402e+00,  1.5778824138690e-04, -2.0954213811602e+00,  1.4277616570000e+00,  9.0160800000000e-01,               500000
  2.4040948991827e+00,  1.1280772189868e+00,  1.1274182478402e+00, -5.6173158765015e-01,  2.6415989671794e-01,  7.2685610228977e-04, -8.1998191009962e-04, -2.0351296075230e-01,  2.2203524750111e-02, -1.6272046275611e+00,  2.3735299708194e-04, -2.0945292065920e+00,  1.4409336960000e+00,  9.0586000000000e-01,               500000
  2.4035560049722e+00,  1.1277402119515e+00,  1.1272524160097e+00, -5.5538741775697e-01,  2.7161845659905e-01,  7.3704607264275e-04, -1.2613733182914e-02, -2.6702881677206e-01, -2.0326583110652e-02, -1.6935854248250e+00, -4.4081416345655e-02, -2.4817022884003e+00,  1.3963320040000e+00,  9.0655200000000e-01,               500000
  2.4045664925590e+00,  1.1276268589468e+00,  1.1274419449629e+00, -5.5764281463327e-01,  2.5990895335640e-01,  7.2098398505986e-04,  2.1085431321090e-04, -2.4307092016562e-01,  6.9743301209567e-04, -1.5102444791601e+00, -3.0070858721476e-02, -2.2334799435528e+00,  1.3890286480000e+00,  9.0424200000000e-01,               500000
  2.4054663067398e+00,  1.1275252632699e+00,  1.1278461040095e+00, -5.5495231493099e-01,  2.8032516585555e-01,  7.4876587242682e-04, -5.7374850013045e-03, -2.9741239536961e-01, -5.1721160561068e-02, -1.9725982634469e+00, -4.2046534678067e-02, -2.5857134423966e+00,  1.3915791460000e+00,  9.0620800000000e-01,               500000
  2.4069682512206e+00,  1.1279081430895e+00,  1.1285348335409e+00, -5.5543186457792e-01,  2.7121764438600e-01,  7.3650206297879e-04,  1.0371631522681e-02, -2.5712149180216e-01,  7.9266978169312e-03, -1.7270486491090e+00,  3.9598871710978e-02, -2.4160462511600e+00,  1.3881896540000e+00,  9.0757200000000e-01,               500000
  2.4071165349721e+00,  1.1281894287125e+00,  1.1288673938216e+00, -5.5800071078900e-01,  2.6226058330653e-01,  7.2423833550362e-04,  1.5756758923830e-02, -2.1211823229599e-01,  4.4437983087077e-02, -1.6521608149513e+00,  8.8877116813967e-02, -2.2007787499562e+00,  1.4403638120000e+00,  9.0551600000000e-01,               500000
  2.4054129078869e+00,  1.1280495697599e+00,  1.1285083084094e+00, -5.6030130855530e-01,  2.3014263512743e-01,  6.7844326973953e-04, -5.4859734026968e-03, -2.0078695690576e-01,  2.5500919670930e-02, -1.4328207904506e+00,  8.3788365088337e-02, -1.5510958662666e+00,  1.4138536890000e+00,  9.0192000000000e-01,               500000
  2.4045347190470e+00,  1.1276999046089e+00,  1.1275616092045e+00, -5.5496016187349e-01,  2.8365054023866e-01,  7.5319391957006e-04,  4.6108290111329e-04, -2.3469569058966e-01, -1.9189647538258e-02, -2.0182676628659e+00, -3.1237886753832e-03, -2.0297638414252e+00,  1.3327180200000e+00,  9.0147800000000e-01,               500000
  2.4037031932216e+00,  1.1275673749155e+00,  1.1267398798226e+00, -5.4543859862098e-01,  3.0579531089425e-01,  7.8204259589137e-04,  1.1231965156658e-03, -2.4815397442273e-01, -5.8129048453823e-02, -2.2491549548654e+00, -6.9283057740171e-02, -2.8751373748112e+00,  1.3673413640000e+00,  9.0666600000000e-01,               500000
  2.4028365516702e+00,  1.1279836690723e+00,  1.1265316619604e+00, -5.5902271487624e-01,  2.6373549629514e-01,  7.2627198251776e-04,  3.9106825753829e-03, -2.3978757254142e-01,  1.0370146741961e-02, -1.8312739590218e+00, -3.3777452279989e-02, -1.8894270042558e+00,  1.4139150790000e+00,  9.0323000000000e-01,               500000
  2.4016094960953e+00,  1.1282731348163e+00,  1.1266054877493e+00, -5.5942304468238e-01,  2.8408637431034e-01,  7.5377234535414e-04, -4.4594186885137e-03, -2.2601299958346e-01,  4.0798926264623e-02, -1.7042828797724e+00, -8.9688569270412e-02, -2.7889989420335e+00,  1.3893594680000e+00,  9.0774200000000e-01,               500000
  2.4010432010803e+00,  1.1281721023310e+00,  1.1273581055269e+00, -5.6101408749775e-01,  2.8013933188287e-01,  7.4851764425813e-04, -5.6582809128521e-03, -2.5776296861010e-01,  9.6494912897442e-03, -1.7018235226018e+00, -1.6442150836339e-02, -2.4837278411359e+00,  1.4508393570000e+00,  9.0124800000000e-01,               500000
  2.4012157192589e+00,  1.1280013291910e+00,  1.1281694297646e+00, -5.5417723344775e-01,  2.6154743038444e-01,  7.2325297148984e-04, -2.8512386889398e-03, -2.1852781405715e-01,  7.0732029048416e-06, -1.6813245427413e+00,  2.7738217555713e-02, -1.9614025324663e+00,  1.3395543300000e+00,  9.0143000000000e-01,               500000
  2.4017205755569e+00,  1.1278550524021e+00,  1.1286983529776e+00, -5.5242475421861e-01,  2.7648900881539e-01,  7.4362491730091e-04, -2.0618534881811e-03, -2.5445662859556e-01, -5.3067489118925e-02, -2.1391164505538e+00,  2.9817818113204e-02, -2.0709498335543e+00,  1.4102197790000e+00,  8.9987000000000e-01,               500000
  2.4024339846380e+00,  1.1282148998699e+00,  1.1289574011487e+00, -5.5622222537296e-01,  2.8816263864173e-01,  7.5916090342130e-04,  4.4169733257942e-04, -2.7680627590503e-01, -3.7348119934592e-02, -2.3252441420359e+00,  8.6305999859117e-02, -2.1902810216986e+00,  1.4175150420000e+00,  9.0547000000000e-01,               500000
  2.4030407885712e+00,  1.1288890489435e+00,  1.1285465946614e+00, -5.5038020727650e-01,  2.7279799610351e-01,  7.3864469957282e-04, -9.7787116480580e-04, -2.4234246344292e-01,  1.7498932802564e-02, -1.7581005152520e+00, -1.3966986993584e-03, -2.3312823950115e+00,  1.3857697260000e+00,  9.0408600000000e-01,               500000
  2.4037175078043e+00,  1.1293451538326e+00,  1.1281959091154e+00, -5.5964953964638e-01,  2.2661984785829e-01,  6.7323078934090e-04, -3.5251536257814e-03, -1.9923133191371e-01,  1.2134016942763e-01, -1.2892768350757e+00,  3.3889458454098e-02, -1.8102443484675e+00,  1.3674439370000e+00,  9.0767600000000e-01,               500000
  2.4047564619381e+00,  1.1286575421050e+00,  1.1276302206754e+00, -5.5942299855690e-01,  2.8353982811270e-01,  7.5304691502283e-04,  3.2152674768509e-03, -2.9661796769252e-01,  4.8671543155297e-02, -1.8609356291441e+00, -1.6959002055740e-02, -2.5897609161654e+00,  1.4022679490000e+00,  9.0807600000000e-01,               500000
  2.4053286874609e+00,  1.1276034345464e+00,  1.1272589931955e+00, -5.5417437517048e-01,  2.8528355632319e-01,  7.5535892967938e-04, -8.1344401897493e-05, -2.6877270663708e-01,  6.2463639254971e-03, -1.9666412251246e+00, -6.1650923982270e-02, -2.2986448796993e+00,  1.3920037520000e+00,  9.0722600000000e-01,               500000
  2.4058697740097e+00,  1.1266058797246e+00,  1.1274010225337e+00, -5.5886046589478e-01,  2.7432536780049e-01,  7.4070961624714e-04,  7.2830085436999e-04, -2.3839375489735e-01, -1.6086718666180e-02, -1.6443967539044e+00, -2.5175907734144e-02, -2.3073332797430e+00,  1.4330434030000e+00,  9.0552200000000e-01,               500000
  2.4062848521004e+00,  1.1258615185718e+00,  1.1277288827658e+00, -5.5745162221539e-01,  2.9995693591888e-01,  7.7454107175654e-04, -4.0927107486691e-03, -2.4867520337224e-01, -1.0457032378560e-01, -2.2270068073891e+00, -4.4092091961057e-02, -2.3283277774475e+00,  1.3987113230000e+00,  9.0425800000000e-01,               500000
  2.4071600363865e+00,  1.1261558857247e+00,  1.1283681337544e+00, -5.5484003187387e-01,  3.5557985222513e-01,  8.4330285452515e-04, -1.0157123837397e-02, -4.2711356403928e-01, -1.1209697827765e-01, -4.7846042131919e+00,  9.4764719786229e-04, -4.2059297609898e+00,  1.3648806310000e+00,  9.0275400000000e-01,               500000
  2.4091806164909e+00,  1.1274660940185e+00,  1.1289527843058e+00, -5.5935773863739e-01,  2.5613738208499e-01,  7.1573372434865e-04,  1.4867723373108e-02, -2.2032746013611e-01,  1.8699555527817e-02, -1.5061404473164e+00,  2.1700888756361e-02, -2.0643663974003e+00,  1.3470822530000e+00,  9.0396600000000e-01,               500000
  2.4092446626065e+00,  1.1284823733241e+00,  1.1293220912021e+00, -5.5600718099389e-01,  2.7868714003977e-01,  7.4657503312095e-04, -1.4425897364704e-03, -2.8447878811086e-01,  2.6877204999311e-03, -1.9652743008025e+00,  5.2649893223169e-02, -2.3445608082650e+00,  1.4330104570000e+00,  9.0796800000000e-01,               500000
  2.4094907667629e+00,  1.1293822814579e+00,  1.1292624923408e+00, -5.6186226258678e-01,  2.4278863047968e-01,  6.9683373982562e-04,  2.2106503563348e-03, -2.1794006022004e-01,  7.3696819732780e-02, -1.5711650926795e+00,  9.7734147986576e-02, -1.8473266461996e+00,  1.4309358420000e+00,  9.0420600000000e-01,               500000
  2.4094623798497e+00,  1.1295254375081e+00,  1.1284706877206e+00, -5.5932524480897e-01,  2.3643540560526e-01,  6.8765602681175e-04,  2.1968008589498e-03, -1.6310183495143e-01,  1.0627531569486e-01, -1.3870209263089e+00,  3.7640139864146e-02, -1.8080381145587e+00,  1.4138088770000e+00,  9.0320200000000e-01,               500000
  2.4091848911826e+00,  1.1286876562456e+00,  1.1274770918668e+00, -5.5221345996091e-01,  2.5753334990424e-01,  7.1768147517439e-04, -4.6000454132772e-03, -2.7176654197999e-01,  4.2234231568027e-02, -1.5816260092886e+00, -2.8263613014812e-02, -2.1037392170296e+00,  1.3683161600000e+00,  8.9901400000000e-01,               500000
  2.4094994136494e+00,  1.1275532560156e+00,  1.1268059664559e+00, -5.5988542073005e-01,  2.5880596165703e-01,  7.1945251637204e-04,  1.9150502179587e-03, -1.9020311657671e-01, -5.0297246663796e-03, -1.6804416569983e+00, -5.0056538597428e-04, -1.9818137727758e+00,  1.3852185130000e+00,  9.0632000000000e-01,               500000
  2.4095656346457e+00,  1.1265851882965e+00,  1.1262127956392e+00, -5.5369827463659e-01,  2.9326747744187e-01,  7.6585570108457e-04, -7.2402407059870e-03, -2.5033875610025e-01, -6.9496231448771e-02, -2.0063844105437e+00, -1.0710097556465e-01, -2.2842414224075e+00,  1.4816535280000e+00,  9.0640400000000e-01,               500000
  2.4105043026909e+00,  1.1263603854796e+00,  1.1265066347486e+00, -5.5586558965771e-01,  2.8293929154784e-01,  7.5224901667977e-04,  7.0808473695816e-03, -2.6584366746227e-01, -9.0491900357407e-02, -2.1818456069111e+00, -7.4739113977160e-02, -2.2888905498540e+00,  1.4200346630000e+00,  9.0235600000000e-01,               500000
  2.4105198964256e+00,  1.1269989415664e+00,  1.1273521506765e+00, -5.5585171076449e-01,  2.5004960924597e-01,  7.0717693577487e-04, -4.5902610440879e-03, -2.0319285976316e-01, -2.4989743022488e-02, -1.5711100568413e+00,  1.1319511862993e-02, -1.7363859250819e+00,  1.3539136570000e+00,  9.0059200000000e-01,               500000
  2.4110946059800e+00,  1.1278110540767e+00,  1.1280337407393e+00, -5.6008166915814e-01,  2.4668188305307e-01,  7.0239858065499e-04,  1.7680696318818e-03, -2.0196462418203e-01,  9.2874721874708e-03, -1.3890664434351e+00,  1.5396392647541e-02, -1.9524338859530e+00,  1.4349603780000e+00,  9.0737200000000e-01,               500000
  2.4114129186424e+00,  1.1284635787798e+00,  1.1285371489601e+00, -5.5259455462634e-01,  2.7201102072283e-01,  7.3757849849738e-04, -5.9432246601132e-03, -2.1656868824472e-01, -5.6296488756119e-03, -1.9939427736379e+00,  2.3366410164039e-02, -2.3066647076730e+00,  1.4796594410000e+00,  9.0562400000000e-01,               500000
  2.4124238118905e+00,  1.1291124096168e+00,  1.1288201245877e+00, -5.5309417009469e-01,  2.8073446897392e-01,  7.4931231002022e-04, -1.2116976175875e-03, -1.7336255000830e-01,  5.0827209064271e-02, -1.9528593326127e+00,  2.2363384291599e-02, -2.7130123431457e+00,  1.3942035920000e+00,  9.0403600000000e-01,               500000
  2.4134899723130e+00,  1.1292374369323e+00,  1.1289136433168e+00, -5.5170934571441e-01,  2.8047746018561e-01,  7.4896923860145e-04, -1.0750924314410e-02, -3.1284976265668e-01,  4.2711017749393e-02, -1.8251606383411e+00, -3.9105116102020e-03, -2.8965973686295e+00,  1.4055785240000e+00,  8.9519000000000e-01,               500000
  2.4157558861628e+00,  1.1289645512787e+00,  1.1290390960830e+00, -5.5794104182755e-01,  2.4974152119764e-01,  7.0674114242436e-04,  1.5943499928101e-03, -2.1678675813926e-01,  6.1681653119301e-02, -1.7870869765088e+00,  8.9273412545130e-02, -1.8132899237067e+00,  1.3807217500000e+00,  9.0620000000000e-01,               500000
  2.4176189059812e+00,  1.1281577159881e+00,  1.1284721103205e+00, -5.5405839206360e-01,  2.8159343533220e-01,  7.5045777407154e-04, -2.9827107223324e-03, -2.8846890821567e-01,  2.2272285820158e-02, -1.9363332268126e+00,  1.0884853023600e-02, -2.5148894137958e+00,  1.4047211550000e+00,  9.0658400000000e-01,               500000
  2.4196722181430e+00,  1.1272341042353e+00,  1.1278872055960e+00, -5.6116476688019e-01,  2.7568922825182e-01,  7.4254862231617e-04, -1.3986656951785e-03, -2.2182050925949e-01, -1.0582219718353e-02, -2.2076233994347e+00,  4.8549386531894e-02, -1.9338063039032e+00,  1.4194734960000e+00,  9.0674000000000e-01,               500000
  2.4217031548761e+00,  1.1265101487038e+00,  1.1269935655610e+00, -5.6098712590830e-01,  2.7272732776435e-01,  7.3854902039655e-04, -3.6484982062353e-03, -2.7408378891070e-01, -6.4617336095756e-02, -2.0793047012929e+00,  6.1117810489531e-03, -1.9066843550892e+00,  1.3698841410000e+00,  9.0894200000000e-01,               500000
  2.4239874390492e+00,  1.1264656516406e+00,  1.1261487510938e+00, -5.6023512665786e-01,  2.8717256976048e-01,  7.5785561917886e-04,  7.2077793606402e-03, -2.3186454680003e-01, -2.1620629226277e-02, -2.0120455411365e+00, -6.5101688174551e-02, -2.2381734865488e+00,  1.4120055040000e+00,  9.0321400000000e-01,               500000
  2.4251915189438e+00,  1.1266351186597e+00,  1.1258991498787e+00, -5.4773260170672e-01,  3.1060474775890e-01,  7.8816844361964e-04,  2.6347946657622e-03, -2.6562260496304e-01, -9.9654422814584e-02, -2.4201587609364e+00, -1.5216790591277e-01, -2.6464121263469e+00,  1.4281132520000e+00,  9.0342800000000e-01,               500000
  2.4259750073907e+00,  1.1277222062405e+00,  1.1268597557704e+00, -5.6539944427174e-01,  2.3837453721866e-01,  6.9047018359761e-04,  4.9570645794787e-03, -2.2014580020145e-01,  5.6297964003331e-02, -1.5072481319247e+00,  3.1189229414469e-02, -1.7043803462513e+00,  1.4576242380000e+00,  9.0656200000000e-01,               500000
  2.4260968856424e+00,  1.1281863222137e+00,  1.1274905943611e+00, -5.5581725055387e-01,  2.4903270797860e-01,  7.0573749791066e-04, -4.4047194593275e-03, -2.2257770574397e-01,  1.6486357858857e-02, -1.4795895896991e+00, -1.5374032744669e-02, -1.9620658886421e+00,  1.4053623620000e+00,  9.0368800000000e-01,               500000
  2.4267509652985e+00,  1.1284582698184e+00,  1.1281853853285e+00, -5.5298824400238e-01,  2.7699046926093e-01,  7.4429895775949e-04, -3.5612766839503e-05, -2.3506402469334e-01, -3.8688483535753e-04, -1.9413837749608e+00, -2.3733407907226e-02, -2.3536925016078e+00,  1.4811266490000e+00,  9.0486200000000e-01,               500000
  2.4273586511203e+00,  1.1287158571422e+00,  1.1290041317969e+00, -5.5649117034397e-01,  2.4986207980529e-01,  7.0691170566810e-04,  6.9062167845603e-03, -2.1995319432658e-01,  8.3531223593272e-02, -1.7567260630284e+00,  8.9076477615569e-02, -1.7177781556300e+00,  1.4249737500000e+00,  9.0412200000000e-01,               500000
  2.4270855355187e+00,  1.1281796269230e+00,  1.1290579851613e+00, -5.5462899994247e-01,  3.2993317490131e-01,  8.1232158028863e-04, -4.2300188123637e-03, -3.1717990636521e-01, -1.3728215245421e-02, -2.3914162407511e+00,  4.2854366063067e-03, -4.6731712963921e+00,  1.3600129560000e+00,  9.0366000000000e-01,               500000
  2.4273696569207e+00,  1.1278354148962e+00,  1.1290913844062e+00, -5.5519114980078e-01,  2.6065246181585e-01,  7.2201448990425e-04, -2.3217920323636e-04, -2.2480252125945e-01, -3.5883109848179e-03, -1.7053316370560e+00,  5.5439767197567e-02, -2.3213210656455e+00,  1.4013588420000e+00,  9.0182400000000e-01,               500000
  2.4276672601039e+00,  1.1275666916278e+00,  1.1287001998559e+00, -5.6066271925278e-01,  2.5637410471681e-01,  7.1606438916736e-04,  8.3294585919930e-03, -2.3799752248177e-01, -7.8867000594508e-03, -1.9548637779567e+00,  1.2969969815797e-01, -1.7649633775715e+00,  1.4660156000000e+00,  9.0466800000000e-01,               500000
  2.4269421943768e+00,  1.1274072304081e+00,  1.1273479200761e+00, -5.5718612867886e-01,  2.5394675626855e-01,  7.1266648057636e-04,  1.4461603319283e-03, -2.4415171508479e-01, -2.0309988959325e-02, -1.6884095959543e+00,  2.3540816127835e-02, -1.8213867164320e+00,  1.3681161630000e+00,  9.0714200000000e-01,               500000
  2.4261287673598e+00,  1.1274609100060e+00,  1.1259539298924e+00, -5.5524636355648e-01,  2.8863694504832e-01,  7.5978542371951e-04, -2.8334078736451e-03, -2.6539177049045e-01, -2.7581410092010e-02, -2.1720837032033e+00, -1.0873101337667e-01, -2.5197226637918e+00,  1.3836794470000e+00,  9.0009600000000e-01,               500000
  2.4257554228896e+00,  1.1277769006871e+00,  1.1255538441220e+00, -5.5440842688836e-01,  2.6921104196556e-01,  7.3377250148199e-04, -5.5056608583010e-03, -2.1869130979362e-01, -1.6631729566061e-02, -1.6542494977015e+00, -1.3820808815725e-01, -2.1895135877575e+00,  1.4355547600000e+00,  9.0538000000000e-01,               500000
  2.4260999071515e+00,  1.1282246871402e+00,  1.1262769277206e+00, -5.5917065259468e-01,  2.6831068870502e-01,  7.3254445422107e-04,  5.1584367358500e-03, -2.3788369996073e-01,  4.1085358886318e-02, -1.6019127821211e+00, -8.1547013978438e-02, -2.1911286037996e+00,  1.3867999860000e+00,  9.0555800000000e-01,               500000
  2.4257987947221e+00,  1.1282512883991e+00,  1.1275712108896e+00, -5.5645602690497e-01,  2.9172703087154e-01,  7.6384164703365e-04, -1.3780763446418e-02, -2.6255482280865e-01, -8.1050187257155e-04, -1.8192753894956e+00, -1.6593605667109e-02, -2.9077568779590e+00,  1.4274591460000e+00,  9.0559000000000e-01,               500000
  2.4272144660498e+00,  1.1282913526592e+00,  1.1288776713267e+00, -5.6524264317612e-01,  2.4921824665955e-01,  7.0600034937604e-04,  4.7764088360707e-03, -2.0529689963068e-01,  6.6158020921935e-02, -1.5687806027216e+00,  1.1721550224159e-01, -1.9701614159133e+00,  1.3775395430000e+00,  9.0079000000000e-01,               500000
  2.4279225097204e+00,  1.1277150829542e+00,  1.1291483587791e+00, -5.5404600031925e-01,  2.6042552650324e-01,  7.2170011293228e-04,  2.8817728285510e-03, -2.5732804758769e-01, -4.8909826208054e-03, -1.7559872465900e+00,  9.3540723196096e-02, -2.3830052005536e+00,  1.4140723140000e+00,  9.0505000000000e-01,               500000
  2.4282260215003e+00,  1.1272500571975e+00,  1.1286721299808e+00, -5.6021297231554e-01,  2.3494747100581e-01,  6.8548883434496e-04,  8.8420104266455e-04, -2.0576079627835e-01,  4.8597752784196e-02, -1.4071490811531e+00,  1.2064788079548e-01, -1.7460099827114e+00,  1.4009304630000e+00,  9.0759600000000e-01,               500000
  2.4284044799955e+00,  1.1263818196570e+00,  1.1273091608206e+00, -5.5747417509850e-01,  3.1894103128831e-01,  7.9867519216301e-04,  1.6600916042770e-03, -1.7476853635636e-01, -9.8772034989341e-02, -3.0825763769237e+00, -2.3048514247675e-02, -2.2351426336944e+00,  1.4980249210000e+00,  9.0560800000000e-01,               500000
  2.4283739456854e+00,  1.1265416934193e+00,  1.1262700543202e+00, -5.5331369243313e-01,  2.9194128268545e-01,  7.6412208800093e-04,  5.1770423098441e-03, -2.3628084589316e-01, -4.8724519122134e-02, -1.6778935645779e+00, -1.5534646265319e-01, -2.8165021219099e+00,  1.4108447000000e+00,  9.0446000000000e-01,               500000
  2.4277307076863e+00,  1.1271512836143e+00,  1.1265585699633e+00, -5.5812390350265e-01,  2.5968733146685e-01,  7.2067653141593e-04,  8.1432940790200e-03, -2.3596273863772e-01,  3.1374817946284e-02, -1.7038751122230e+00, -3.0690065971547e-03, -1.9891306505908e+00,  1.4662231300000e+00,  9.0405000000000e-01,               500000
  2.4261744545820e+00,  1.1274134119307e+00,  1.1268502207709e+00, -5.5308048038185e-01,  3.0157775236816e-01,  7.7663086774626e-04, -1.5623564451170e-03, -2.6454367905770e-01, -3.9096619445732e-02, -1.7811878133321e+00, -4.4292758500962e-02, -2.8594366823695e+00,  1.4322981190000e+00,  9.0333800000000e-01,               500000
  2.4249791091270e+00,  1.1280257859551e+00,  1.1274704879326e+00, -5.6359220455225e-01,  2.8042934153966e-01,  7.4890498935400e-04,  9.2496251970497e-04, -2.4649626834049e-01,  4.0518953453610e-02, -1.8898483309933e+00,  2.9401404447816e-02, -2.6657315067971e+00,  1.4656077650000e+00,  9.0910600000000e-01,               500000
  2.4238045450942e+00,  1.1282046929322e+00,  1.1278095203577e+00, -5.4830242061296e-01,  2.7834464414706e-01,  7.4611613592934e-04, -3.7111984673876e-03, -2.4079026338911e-01, -2.6205681452057e-02, -1.8366799159021e+00, -1.3285095338532e-02, -2.4919188447386e+00,  1.3954029000000e+00,  9.0433600000000e-01,               500000
  2.4232143310007e+00,  1.1286215061143e+00,  1.1282287610565e+00, -5.5545859584234e-01,  2.5479954840216e-01,  7.1386209929112e-04, -1.0452536720200e-04, -2.4047900256204e-01,  5.0583034992356e-02, -1.6209459075371e+00,  5.3277712482272e-02, -2.0029792820649e+00,  1.4589937580000e+00,  9.0504400000000e-01,               500000
  2.4227101208865e+00,  1.1285274334821e+00,  1.1281965119421e+00, -5.5638835678226e-01,  2.8158073860712e-01,  7.5044085524060e-04, -2.8546140066799e-03, -2.4722686122855e-01, -4.2397645961381e-03, -2.1547393012634e+00,  4.2982994270188e-03, -2.1821779697225e+00,  1.4086055630000e+00,  9.0776200000000e-01,               500000
  2.4226201306981e+00,  1.1284928925804e+00,  1.1281422929694e+00, -5.5650865690222e-01,  2.5700688418256e-01,  7.1694753529468e-04,  3.4917672346513e-03, -2.2633673605939e-01,  3.1013640542025e-02, -1.7659435158827e+00,  3.1152356321357e-02, -2.0228264494789e+00,  1.3806285050000e+00,  9.0249000000000e-01,               500000
  2.4221256135537e+00,  1.1281770640048e+00,  1.1278567167498e+00, -5.5977694739956e-01,  2.6258088380073e-01,  7.2468045896205e-04,  1.4188481943845e-03, -2.1118877683166e-01,  4.1045959335102e-03, -1.7004737163068e+00, -6.8066001284681e-03, -2.1422624096321e+00,  1.4285491850000e+00,  9.0735400000000e-01,               500000
  2.4215193009053e+00,  1.1278617835614e+00,  1.1276613973335e+00, -5.5996109068773e-01,  2.7188557882958e-01,  7.3740840628458e-04, -1.4062072887490e-02, -2.1881832234900e-01,  9.8288564038641e-03, -2.2862258687300e+00,  2.5772167973876e-02, -2.1276552331582e+00,  1.4590439200000e+00,  9.0901800000000e-01,               500000
  2.4227084193587e+00,  1.1274955553377e+00,  1.1272910438642e+00, -5.5701811512192e-01,  2.7947265638554e-01,  7.4762645269619e-04,  1.3855004273625e-03, -2.1053507739824e-01,  2.4045212379630e-02, -1.7103304132348e+00, -3.8830575710920e-02, -2.5370737606606e+00,  1.4322308160000e+00,  9.0301600000000e-01,               500000
  2.4236227549157e+00,  1.1269459479393e+00,  1.1272732213146e+00, -5.5399431426256e-01,  2.8345004330165e-01,  7.5292767687428e-04, -1.0610345079713e-02, -2.9379188586514e-01, -5.8514065317681e-02, -2.1257578411645e+00, -3.4071716026630e-02, -2.2939777051862e+00,  1.4265366220000e+00,  9.0600000000000e-01,               500000
  2.4257631086446e+00,  1.1270158155930e+00,  1.1275347470899e+00, -5.5966038205712e-01,  2.4485908076245e-01,  6.9979865784731e-04,  4.6772609435533e-03, -2.1888675263469e-01,  1.8154750102220e-02, -1.4193932499004e+00,  3.3545589951415e-02, -1.8270443985960e+00,  1.4280524300000e+00,  9.1006800000000e-01,               500000
  2.4271309460391e+00,  1.1269132041933e+00,  1.1275129086404e+00, -5.5187886752276e-01,  2.7064209414750e-01,  7.3572018342234e-04,  1.0816465368320e-02, -2.0867722087457e-01, -5.8268205140944e-02, -1.7863014018763e+00, -2.2509650857031e-02, -2.1130057292557e+00,  1.4128320540000e+00,  9.0185200000000e-01,               500000
  2.4270490586617e+00,  1.1273826106244e+00,  1.1276792981440e+00, -5.5933981317735e-01,  2.6531946943618e-01,  7.2844968177106e-04,  7.8924133303390e-03, -2.6545400584837e-01,  6.2269563073184e-03, -1.7187164475715e+00,  4.9396031037421e-02, -2.1295415130079e+00,  1.3722707100000e+00,  9.0410800000000e-01,               500000
  2.4260239837146e+00,  1.1277544352907e+00,  1.1274472718104e+00, -5.5968912107395e-01,  2.5556902178446e-01,  7.1493918872091e-04,  5.1014510941020e-03, -2.2603073510761e-01,  2.9485042113730e-02, -1.6886365176640e+00,  6.2887949521248e-02, -2.0993892564293e+00,  1.4324068090000e+00,  9.0494800000000e-01,               500000
  2.4244887835675e+00,  1.1278169024663e+00,  1.1267492932480e+00, -5.5559921394645e-01,  2.7895596487910e-01,  7.4693502378601e-04,  1.6683010286569e-02, -2.0009501481906e-01,  3.5162569652949e-02, -1.8283150403688e+00, -1.3905624324041e-02, -2.4860918832695e+00,  1.3438261730000e+00,  9.0462400000000e-01,               500000
  2.4210776429451e+00,  1.1275470921188e+00,  1.1262404530650e+00, -5.5417165844668e-01,  2.8552792569813e-01,  7.5568237467620e-04,  2.3878762717161e-03, -2.6479442070911e-01,  9.6139665145153e-03, -2.1665262647884e+00, -8.5793840811317e-02, -2.1901854143681e+00,  1.3754649930000e+00,  9.0319000000000e-01,               500000
  2.4177284675329e+00,  1.1272227541827e+00,  1.1264703375622e+00, -5.5598251079877e-01,  2.6907397784792e-01,  7.3358568394962e-04, -1.1842165558784e-02, -2.0157266365063e-01, -8.0980128715310e-04, -1.6503669079221e+00, -7.7767128263544e-02, -2.1790874671668e+00,  1.4370241840000e+00,  9.0925200000000e-01,               500000
  2.4161790331421e+00,  1.1269461839625e+00,  1.1273023035691e+00, -5.5664755903834e-01,  3.0041999810807e-01,  7.7513869482574e-04, -6.0826862208466e-03, -2.7442496915529e-01, -6.3328690174931e-02, -2.0162498604030e+00, -3.1981461076894e-02, -2.7850380668168e+00,  1.4949995180000e+00,  9.0583200000000e-01,               500000
  2.4155465490341e+00,  1.1273111572560e+00,  1.1283164214966e+00, -5.5989058686291e-01,  2.7247718767971e-01,  7.3821025145918e-04,  1.6858623045318e-04, -2.2410417097741e-01,  1.7561890004924e-02, -1.7688453837485e+00,  1.4691005888534e-02, -2.2774600552184e+00,  1.3447517420000e+00,  9.0510600000000e-01,               500000
  2.4149698668565e+00,  1.1274806055545e+00,  1.1291223477875e+00, -5.5463171101037e-01,  2.6109652835452e-01,  7.2262926643546e-04,  6.2841397389883e-03, -2.2079921614359e-01,  4.1951560907398e-03, -1.8035665216282e+00,  7.4604684368577e-02, -1.8313859667384e+00,  1.4963557520000e+00,  9.0827600000000e-01,               500000
  2.4136923331557e+00,  1.1276017559677e+00,  1.1292627866491e+00, -5.5868203375393e-01,  2.7123997952463e-01,  7.3653238832332e-04,  1.5477022470276e-02, -2.2987916536315e-01, -8.4767094202569e-04, -1.9825614777811e+00,  9.9655072933938e-02, -1.9973359339730e+00,  1.4349027730000e+00,  9.0262200000000e-01,               500000
  2.4106593012523e+00,  1.1277284866159e+00,  1.1286050822296e+00, -5.5327987734833e-01,  3.1936962563437e-01,  7.9921164360184e-04,  2.5230004968344e-03, -2.3172688365619e-01, -4.9350417925381e-02, -3.0164536537549e+00,  4.1135942930391e-02, -2.8399190740520e+00,  1.4215059840000e+00,  9.0366600000000e-01,               500000
  2.4076317365973e+00,  1.1283297014866e+00,  1.1276967116633e+00, -5.5337290821870e-01,  3.1826387589947e-01,  7.9782689337910e-04, -1.6873292777150e-03, -3.1028891849849e-01, -2.3647212356258e-02, -2.5768593783130e+00, -2.9889114770487e-02, -2.7455479045523e+00,  1.4058487740000e+00,  9.0447800000000e-01,               500000
  2.4051309984881e+00,  1.1291102699405e+00,  1.1271273839292e+00, -5.5422482353892e-01,  2.6787468248840e-01,  7.3194901801751e-04, -1.2639574558252e-02, -2.5409673708619e-01,  4.7620443788604e-02, -1.7324988234769e+00, -9.0030721787305e-02, -2.2720562797698e+00,  1.3409868710000e+00,  9.0762400000000e-01,               500000
  2.4044494973253e+00,  1.1293648319568e+00,  1.1273409723625e+00, -5.5611966930412e-01,  2.7071021615499e-01,  7.3581276987423e-04,  4.1044770637722e-03, -2.3174810499641e-01,  5.7254976005101e-02, -2.2701467397694e+00, -2.4231171892855e-02, -1.8946980927557e+00,  1.4588472430000e+00,  9.0604200000000e-01,               500000
  2.4033454318678e+00,  1.1290553804201e+00,  1.1277341273244e+00, -5.5634784331071e-01,  2.6059905061733e-01,  7.2194051086960e-04,  5.1459496546057e-03, -2.3635976087861e-01,  7.2294303684786e-02, -1.5622707300696e+00,  8.8320009452295e-03, -2.3020826442771e+00,  1.3870201510000e+00,  9.0545000000000e-01,               500000
  2.4017327122482e+00,  1.1280897866792e+00,  1.1280269818130e+00, -5.5600566643942e-01,  2.6010714595177e-01,  7.2125882448920e-04, -2.3970916524021e-03, -2.0579412894185e-01,  6.9839705609794e-03, -1.6043885262417e+00, -3.1294600978608e-03, -1.9868389694915e+00,  1.4653377230000e+00,  9.0442800000000e-01,               500000
  2.4005878016889e+00,  1.1271605534627e+00,  1.1283237157517e+00, -5.5808028958728e-01,  2.7038272200425e-01,  7.3536755708184e-04, -2.9715499392547e-03, -2.4869274248292e-01, -3.8310214136475e-02, -1.7942284220706e+00,  1.8504781302493e-02, -2.0678146964100e+00,  1.4205397690000e+00,  9.0793400000000e-01,               500000
  2.3999379607877e+00,  1.1267008102745e+00,  1.1284513383191e+00, -5.5695502249774e-01,  2.9101895105338e-01,  7.6291408566545e-04,  3.7307248492997e-03, -2.4035585919971e-01, -1.1895197965415e-01, -2.4441379410133e+00,  8.6899570893865e-02, -2.1100678327871e+00,  1.3871929590000e+00,  9.0189400000000e-01,               500000
  2.3989075001739e+00,  1.1274434089519e+00,  1.1278795596861e+00, -5.5255412513977e-01,  2.7690328118052e-01,  7.4418180733006e-04, -1.1403992406579e-02, -2.2480196174826e-01, -7.6496016394945e-02, -1.7587645422462e+00, -3.0676174474657e-02, -2.2481320074037e+00,  1.4645866540000e+00,  9.0404600000000e-01,               500000
  2.3993998410821e+00,  1.1288571267672e+00,  1.1276191232914e+00, -5.5810250808924e-01,  2.4902142763917e-01,  7.0572151396875e-04, -1.1375168559793e-02, -2.3000783136200e-01,  4.1473764426389e-02, -1.4744513099227e+00, -6.8755642588945e-02, -2.0191215997849e+00,  1.4301448290000e+00,  9.0165200000000e-01,               500000
  2.4012587689835e+00,  1.1297379470333e+00,  1.1279435159433e+00, -5.5921724514639e-01,  2.5738576375132e-01,  7.1747580272971e-04,  4.3881952264881e-04, -2.4335883786010e-01,  1.0005164698397e-01, -1.6166889901749e+00,  2.5151597486157e-02, -2.2060829019444e+00,  1.4231588150000e+00,  9.0379000000000e-01,               500000
  2.4028941628062e+00,  1.1295743148176e+00,  1.1280428804928e+00, -5.5246606225920e-01,  2.6176703555357e-01,  7.2355654313063e-04, -2.0193655204383e-03, -2.0487698113262e-01,  8.9785536244275e-02, -1.6588902822678e+00, -1.5473525930046e-02, -2.2096649800003e+00,  1.4239078360000e+00,  9.0323400000000e-01,               500000
  2.4046291780495e+00,  1.1285690811021e+00,  1.1282654406708e+00, -5.5787775472144e-01,  2.6029127529456e-01,  7.2151406818517e-04, -6.5877681775486e-03, -2.3988852091359e-01,  3.4108210534912e-02, -1.8514658389723e+00,  4.2574774464381e-02, -1.9222710907547e+00,  1.3892344970000e+00,  9.0718800000000e-01,               500000
  2.4070198879087e+00,  1.1273433497874e+00,  1.1281316538590e+00, -5.6015283272444e-01,  2.6139976720560e-01,  7.2304877733884e-04,  4.6201222091961e-04, -2.6906186311121e-01, -1.7505621246876e-03, -1.7232325845114e+00,  3.4351824370651e-02, -2.2393025370354e+00,  1.4948388400000e+00,  9.0217400000000e-01,               500000
  2.4091329377516e+00,  1.1262644560320e+00,  1.1277439884003e+00, -5.5848652087406e-01,  2.6520740664891e-01,  7.2829582814802e-04, -3.5789031347438e-03, -2.1952236946087e-01, -8.0539360619362e-02, -1.9830957618292e+00,  2.7122872939567e-02, -1.8143231282939e+00,  1.4374286050000e+00,  9.0210800000000e-01,               500000
  2.4114924425416e+00,  1.1260809810692e+00,  1.1271838610689e+00, -5.5709390485353e-01,  3.0974537571922e-01,  7.8707734781179e-04, -3.7865444670883e-04, -2.6976382511311e-01, -8.4408822345173e-02, -3.0720412236622e+00, -9.0998748013286e-03, -2.2160683242659e+00,  1.4311490530000e+00,  9.0325000000000e-01,               500000
  2.4136814412884e+00,  1.1267468872442e+00,  1.1267615096108e+00, -5.5405069777489e-01,  3.1811625353053e-01,  7.9764184134301e-04, -7.7962980528689e-03, -3.2860375839053e-01, -9.0360419216271e-02, -2.3052638038347e+00, -8.6729185693619e-02, -2.8754371754992e+00,  1.4344720410000e+00,  8.9758800000000e-01,               500000
  2.4166381590527e+00,  1.1282318134133e+00,  1.1270915966929e+00, -5.5617205086401e-01,  2.9486996046074e-01,  7.6794525906570e-04, -2.2169065359230e-03, -2.9747391581520e-01,  1.2744756056794e-02, -2.0814276553721e+00, -4.7880343950608e-02, -3.5362385982741e+00,  1.3402465110000e+00,  9.0782600000000e-01,               500000
  2.4195946525612e+00,  1.1294560799345e+00,  1.1277892803133e+00, -5.5646120271958e-01,  3.1929280093098e-01,  7.9911551221457e-04,  2.4295918370498e-03, -2.9632248181302e-01,  4.7693503970941e-02, -2.6475801815497e+00, -6.4409847628919e-02, -3.2816061434577e+00,  1.3865875340000e+00,  9.0042600000000e-01,               500000
  2.4219746724540e+00,  1.1301094213857e+00,  1.1289506686989e+00, -5.5027077565639e-01,  2.4820914506004e-01,  7.0456957791270e-04,  1.2144566648133e-03, -1.8826310559113e-01,  1.1368717924960e-01, -1.5046343227677e+00,  4.4913332374698e-02, -1.9737456649952e+00,  1.4739028770000e+00,  9.0429400000000e-01,               500000
  2.4239794342867e+00,  1.1296029447012e+00,  1.1296419921857e+00, -5.5774136283535e-01,  2.5759436753916e-01,  7.1776649063488e-04, -9.2199469091804e-03, -2.1149502160731e-01,  1.1828207912249e-01, -1.6156736959014e+00,  6.5408015211360e-02, -2.2816011494916e+00,  1.5116623820000e+00,  8.9938000000000e-01,               500000
  2.4269420473349e+00,  1.1280082768404e+00,  1.1297452097423e+00, -5.6038377234511e-01,  2.6773421032871e-01,  7.3175707762715e-04,  4.7181169833903e-03, -2.4084273207868e-01,  5.7328493486562e-03, -1.8786165300476e+00,  1.4570186866466e-01, -1.8385643955806e+00,  1.4474120470000e+00,  9.0333800000000e-01,               500000
  2.4290388881969e+00,  1.1265253138690e+00,  1.1286678188756e+00, -5.6320899958852e-01,  2.7200986793998e-01,  7.3757693556669e-04,  1.0689798680146e-02, -2.2978736889596e-01, -1.7360123797724e-02, -1.7639750254652e+00,  7.5981035844561e-02, -2.3884734346059e+00,  1.3745533380000e+00,  9.0027800000000e-01,               500000
  2.4296118476967e+00,  1.1253666453032e+00,  1.1270926017114e+00, -5.5968423982325e-01,  2.9250244987007e-01,  7.6485613009254e-04,  1.2431010504036e-02, -2.6189696062790e-01, -9.3848829321847e-02, -2.3146667272764e+00, -1.0371578349083e-03, -2.2352072641746e+00,  1.4384307310000e+00,  9.0410000000000e-01,               500000
  2.4285995586308e+00,  1.1252463599271e+00,  1.1256911123224e+00, -5.5434095178175e-01,  3.0144159418342e-01,  7.7645552890480e-04, -1.9878346074378e-03, -2.4819267820139e-01, -1.4781089004130e-01, -2.4830665750077e+00, -1.0931747943950e-01, -2.1555254649429e+00,  1.3769460270000e+00,  9.0490800000000e-01,               500000
  2.4279502697482e+00,  1.1265856634489e+00,  1.1253233315789e+00, -5.5344089886290e-01,  3.1317682589884e-01,  7.9142507655347e-04, -9.3604060869544e-03, -2.9448239569285e-01, -9.4130354329429e-02, -2.2659346090206e+00, -1.9991270409651e-01, -2.9330038773082e+00,  1.4310350630000e+00,  9.0435200000000e-01,               500000
  2.4285478481909e+00,  1.1287170295694e+00,  1.1266225161288e+00, -5.6272868019954e-01,  2.5828933588623e-01,  7.1873407583922e-04,  9.1789350893839e-03, -2.2960244809187e-01,  1.1074284057301e-01, -1.4932930163132e+00, -1.6443440290903e-03, -1.9863882456553e+00,  1.3253240730000e+00,  9.0645400000000e-01,               500000
  2.4279587179921e+00,  1.1295668050205e+00,  1.1278141680585e+00, -5.5911239997098e-01,  2.5848005261616e-01,  7.1899937776908e-04,  9.3731208412965e-03, -2.3067349338162e-01,  1.3743594670514e-01, -1.7082586153110e+00,  6.4400128397588e-02, -2.1047653232332e+00,  1.4399030170000e+00,  9.0445400000000e-01,               500000
  2.4262771615076e+00,  1.1290044122060e+00,  1.1283738695056e+00, -5.5806769471970e-01,  2.5311350935490e-01,  7.1149632375003e-04,  8.5194502341137e-04, -2.6650014993321e-01,  9.1807810580798e-02, -1.4665047071049e+00, -1.4806197971217e-02, -2.5055069867472e+00,  1.4090303550000e+00,  9.0731400000000e-01,               500000
  2.4246729983934e+00,  1.1276127234576e+00,  1.1290083367607e+00, -5.5336984361563e-01,  2.8892108126463e-01,  7.6015930075824e-04,  1.5182198147914e-02, -2.7391024716630e-01,  3.9890896625503e-03, -2.0421275886983e+00,  6.9140561851872e-02, -3.0276542698317e+00,  1.4565396100000e+00,  9.0387400000000e-01,               500000
  2.4213602298455e+00,  1.1263302384158e+00,  1.1290306494886e+00, -5.5365163237740e-01,  2.7994128764229e-01,  7.4825301555328e-04, -1.8494804612318e-03, -2.1649877174724e-01, -7.8877422407120e-02, -2.1944919526580e+00,  1.9013328009845e-02, -2.4266213426278e+00,  1.3695123440000e+00,  9.0454400000000e-01,               500000
  2.4186198543822e+00,  1.1259538935107e+00,  1.1289060935164e+00, -5.5979021307555e-01,  2.7026964424486e-01,  7.3521377060670e-04, -2.8600371514235e-04, -2.4144130642398e-01, -2.3536554810988e-02, -1.8625318844624e+00,  9.7656295190273e-02, -2.1188184487322e+00,  1.3982695570000e+00,  9.0279200000000e-01,               500000
  2.4162020327912e+00,  1.1258532786082e+00,  1.1280085118474e+00, -5.5798284245617e-01,  3.2411029260348e-01,  8.0512147233008e-04, -4.8335863908981e-03, -3.2577023197656e-01, -1.2029611968250e-01, -3.3541916310819e+00, -6.6950336831227e-03, -3.3848846476830e+00,  1.4534663440000e+00,  9.0289400000000e-01,               500000
  2.4146472506008e+00,  1.1269511466630e+00,  1.1272682464908e+00, -5.5938881933637e-01,  2.7542226539596e-01,  7.4218901284775e-04, -5.0389438967555e-03, -2.5086283876260e-01, -5.7380703894181e-02, -1.8669197216963e+00, -8.9521487787828e-03, -2.1785250766160e+00,  1.3998508560000e+00,  8.9680800000000e-01,               500000
  2.4138910669441e+00,  1.1285084740693e+00,  1.1266832196771e+00, -5.5632520431468e-01,  2.5838226219452e-01,  7.1886335585355e-04,  4.3608211861512e-03, -1.9522591913221e-01,  4.0681540992807e-02, -1.4219327517271e+00, -6.0587187748971e-02, -2.2609565029884e+00,  1.4300757650000e+00,  9.0227200000000e-01,               500000
  2.4126780079887e+00,  1.1295211445477e+00,  1.1266593678771e+00, -5.5413861483511e-01,  3.3976117854079e-01,  8.2433146068895e-04, -6.6047133131604e-03, -3.3444990230942e-01,  9.0725877146281e-02, -1.9351337897184e+00, -1.5253865885071e-01, -4.3040171480114e+00,  1.4184447790000e+00,  9.0482800000000e-01,               500000
  2.4124312172509e+00,  1.1295567302160e+00,  1.1278987510096e+00, -5.5944665879841e-01,  2.3294081758759e-01,  6.8255522500027e-04,  5.1397170117573e-04, -1.7505870874643e-01,  7.6121358257075e-02, -1.5732133288716e+00,  7.4555740892307e-02, -1.6314042406259e+00,  1.4175440450000e+00,  9.0236400000000e-01,               500000
  2.4121556265635e+00,  1.1288529429792e+00,  1.1284134991054e+00, -5.6210129214473e-01,  2.6449890050896e-01,  7.2732235014326e-04,  5.7095075119424e-03, -2.7627079909528e-01,  1.0156283455926e-01, -1.6614195252051e+00,  3.0041797362382e-02, -2.5388068538232e+00,  1.3581097490000e+00,  9.0416000000000e-01,               500000
  2.4112108467060e+00,  1.1272351016084e+00,  1.1286422896862e+00, -5.6445945327089e-01,  2.5714730870424e-01,  7.1714337297954e-04,  5.3719971583894e-03, -2.2620648542280e-01, -8.8650466635903e-03, -2.2185085620764e+00,  8.7480529369328e-02, -1.8153421505167e+00,  1.8649219990000e+00,  9.0343600000000e-01,               500000
  2.4097020724602e+00,  1.1258753339190e+00,  1.1281412127199e+00, -5.5862273317461e-01,  2.5919659343713e-01,  7.1999526864713e-04,  5.3421448486822e-05, -2.5755095154652e-01, -4.3957352053290e-02, -1.8518565689593e+00,  9.4176662277639e-02, -1.9134705057743e+00,  1.6015422810000e+00,  9.0811400000000e-01,               500000
  2.4083524392287e+00,  1.1250898672981e+00,  1.1269281841511e+00, -5.5009809619746e-01,  2.9632158640701e-01,  7.6983321103601e-04, -8.8434094342121e-03, -2.2838606155053e-01, -1.3297038760763e-01, -2.2306264050178e+00, -9.2255340131862e-02, -2.2979672969536e+00,  1.6853192650000e+00,  9.0290600000000e-01,               500000
  2.4082594085053e+00,  1.1256951241047e+00,  1.1265996023770e+00, -5.5070106135278e-01,  3.1748013232527e-01,  7.9684393995973e-04, -1.2069818421435e-02, -3.4466907706900e-01, -1.1561875646073e-01, -2.5790985794130e+00, -1.1977417216329e-01, -3.0573099213281e+00,  1.7231453380000e+00,  9.0644600000000e-01,               500000
  2.4097082494248e+00,  1.1273841141332e+00,  1.1272959512762e+00, -5.5907185657187e-01,  2.8097941047761e-01,  7.4963912715067e-04, -2.2157530137619e-03, -2.0500689536336e-01, -2.3360058556486e-02, -2.1564095298906e+00,  1.0181139867796e-02, -2.0730468869066e+00,  1.7929907880000e+00,  9.0244200000000e-01,               500000
  2.4113037159054e+00,  1.1291448424891e+00,  1.1278483428229e+00, -5.5797295079027e-01,  2.8083320748946e-01,  7.4944407061429e-04,  2.1357209064394e-03, -2.6698450011245e-01,  3.2372657765617e-02, -2.0925706463168e+00, -7.4635817481736e-03, -2.6855555788024e+00,  1.3908673740000e+00,  9.0642200000000e-01,               500000
  2.4124897616689e+00,  1.1304236855875e+00,  1.1284180748371e+00, -5.5280032996759e-01,  2.6187637492098e-01,  7.2370764113830e-04,  1.2134712658554e-03, -2.3479068574167e-01,  8.2592690961528e-02, -1.7075660702566e+00,  3.0780091057382e-02, -2.1420461611861e+00,  1.4369338720000e+00,  9.0531600000000e-01,               500000
  2.4134205557262e+00,  1.1307735305804e+00,  1.1286876412620e+00, -5.5803079961561e-01,  2.4763383430573e-01,  7.0375256206387e-04,  8.3805343329789e-03, -2.0795941647072e-01,  1.7557077358690e-01, -1.5240053994822e+00,  4.2187043717375e-02, -2.0964741911770e+00,  1.4610766180000e+00,  9.0304600000000e-01,               500000
  2.4132195349596e+00,  1.1293749212763e+00,  1.1285928341376e+00, -5.6015133233778e-01,  2.4976235739503e-01,  7.0677062388731e-04, -8.9641340887952e-03, -2.5846486688602e-01,  6.9985391758733e-02, -1.5221958624943e+00,  3.4005829565699e-02, -2.1455234554516e+00,  1.4261334200000e+00,  9.1111600000000e-01,               500000
  2.4141802458339e+00,  1.1274365596413e+00,  1.1282369476974e+00, -5.5417299244837e-01,  2.8978604769135e-01,  7.6129632560698e-04, -1.4815041991087e-02, -2.4508195189896e-01, -3.1071489290971e-02, -1.8175760626817e+00, -6.0664547862628e-02, -2.6873513982674e+00,  1.4147495060000e+00,  9.0407600000000e-01,               500000
  2.4169173382520e+00,  1.1260044993854e+00,  1.1284260791929e+00, -5.5573524641491e-01,  2.7715865106064e-01,  7.4452488348025e-04, -2.7642377933872e-03, -2.4058234261879e-01, -1.4873030357496e-01, -2.2033917732665e+00,  8.1759225490499e-02, -1.9405930595860e+00,  1.4173932100000e+00,  9.0388600000000e-01,               500000
  2.4197447008200e+00,  1.1261861007651e+00,  1.1279319726101e+00, -5.4342789897703e-01,  3.2416666580187e-01,  8.0519148753805e-04, -7.7324039116882e-03, -3.0008633211061e-01, -1.5603558308601e-01, -2.9393383874883e+00, -4.5815679702895e-02, -2.6121052162854e+00,  1.4154315640000e+00,  9.0418200000000e-01,               500000
  2.4232798016316e+00,  1.1278940855978e+00,  1.1278747741006e+00, -5.5855493240646e-01,  2.5583939682934e-01,  7.1531726783203e-04,  8.9271046924885e-03, -2.1167993912415e-01,  2.0273841595115e-02, -1.7796610467582e+00,  4.9717831859377e-02, -2.0347403414204e+00,  1.3852123100000e+00,  9.0546400000000e-01,               500000
  2.4253542424902e+00,  1.1292423044243e+00,  1.1274221121367e+00, -5.6241654404981e-01,  2.5661213343736e-01,  7.1639672450028e-04,  4.9292254537876e-03, -2.0537097416437e-01,  1.3294368303374e-01, -1.4632227567101e+00,  2.0135608759484e-02, -2.2229750689544e+00,  1.4596247180000e+00,  9.0725800000000e-01,               500000
  2.4266159690964e+00,  1.1291580491543e+00,  1.1268575402741e+00, -5.5482927351616e-01,  3.1208817174616e-01,  7.9004831718846e-04, -2.9240854950729e-03, -3.5796033070481e-01,  8.0843968722241e-02, -1.8211914337753e+00, -7.2791427718925e-02, -3.6807955159753e+00,  1.4157096870000e+00,  9.0212600000000e-01,               500000
  2.4281426246786e+00,  1.1282972819412e+00,  1.1269647521982e+00, -5.6055860619810e-01,  3.4168058480271e-01,  8.2665662134010e-04, -2.2180004420294e-03, -3.5224945581090e-01, -3.7314912818814e-02, -6.1967560320016e+00,  3.2641651695888e-02, -1.4428063369536e+00,  1.3706780820000e+00,  9.0546400000000e-01,               500000
  2.4298190355777e+00,  1.1279191355941e+00,  1.1267977889324e+00, -5.5668690639871e-01,  2.5113669208568e-01,  7.0871248343129e-04,  4.6957693050186e-03, -2.1008034067902e-01,  7.4923462909273e-02, -1.3486270634714e+00, -3.6550034880796e-02, -1.9810974178398e+00,  1.4050576260000e+00,  9.0697000000000e-01,               500000
  2.4307506599298e+00,  1.1268485590263e+00,  1.1269575841014e+00, -5.5598518825259e-01,  3.1455553755743e-01,  7.9316522560867e-04, -1.7457476878258e-03, -2.7113825011672e-01, -9.3701027668553e-02, -2.8589561400533e+00, -7.1488881267286e-02, -2.8502907993145e+00,  1.3391780660000e+00,  8.9974800000000e-01,               500000
  2.4318269404192e+00,  1.1268203984074e+00,  1.1277043474151e+00, -5.5631253279250e-01,  2.6194738452115e-01,  7.2380575366759e-04, -9.8327681823236e-03, -2.3834629557384e-01, -5.5970357383759e-02, -1.8150086062782e+00,  1.3266872994384e-02, -1.8477705960222e+00,  1.3494137730000e+00,  9.0270000000000e-01,               500000
  2.4340499624391e+00,  1.1273548783522e+00,  1.1282748654057e+00, -5.5506248228665e-01,  2.5786069074599e-01,  7.1813743913820e-04, -8.0180999961962e-03, -2.0605725746617e-01, -3.0061496972436e-02, -1.8941140618413e+00,  4.1464113060815e-02, -2.0502974293433e+00,  1.4400289720000e+00,  9.0310200000000e-01,               500000
  2.4370751442721e+00,  1.1281417537184e+00,  1.1284538403132e+00, -5.5161050883381e-01,  2.6079612700050e-01,  7.2221344075073e-04,  6.3037410715053e-03, -2.2540748456321e-01,  4.3392022731657e-02, -1.7251136501892e+00,  3.7350072802134e-02, -2.1909569259225e+00,  1.3933738120000e+00,  9.0407800000000e-01,               500000
  2.4390182588473e+00,  1.1284312124275e+00,  1.1283145616853e+00, -5.5281027092956e-01,  2.5471260811508e-01,  7.1374030027045e-04,  1.3072992664369e-02, -1.9755305604526e-01,  8.5918574889790e-02, -1.5679297010859e+00,  6.8927718484214e-02, -2.0704098174457e+00,  1.3608999640000e+00,  9.0262400000000e-01,               500000
  2.4391303730093e+00,  1.1278521800965e+00,  1.1276260374948e+00, -5.5365522193965e-01,  2.7403575935852e-01,  7.4031852517484e-04,  6.1719183532934e-03, -2.5593660088845e-01, -1.0044521474317e-02, -1.8119998365698e+00, -5.8425950487447e-03, -2.2185180392563e+00,  1.4346854620000e+00,  9.0396200000000e-01,               500000
  2.4384689763649e+00,  1.1274387052595e+00,  1.1270635462384e+00, -5.6455623973177e-01,  2.7891649846663e-01,  7.4688218410486e-04, -3.9378036814792e-03, -2.8746785409977e-01, -1.5375795815096e-03, -1.9144851700597e+00, -2.9219160837342e-02, -2.5977986478464e+00,  1.4537450250000e+00,  9.0997200000000e-01,               500000
  2.4383884871492e+00,  1.1270909094477e+00,  1.1268104241484e+00, -5.5438680330787e-01,  2.7499327116334e-01,  7.4161077549256e-04,  1.5516738901152e-02, -2.0757747096971e-01, -1.2461417435778e-02, -1.9039756442890e+00, -2.8993238856559e-02, -2.2739390461687e+00,  1.3835256020000e+00,  9.0442000000000e-01,               500000
  2.4363729936070e+00,  1.1269102597241e+00,  1.1268329430413e+00, -5.5549698545886e-01,  2.9969162070317e-01,  7.7419845091963e-04,  1.2018082769301e-02, -2.3421425150220e-01, -2.3017227766811e-02, -2.2043211231107e+00, -9.0134236483906e-02, -2.3811624052508e+00,  1.5142670400000e+00,  9.0651600000000e-01,               500000
  2.4330599077091e+00,  1.1269862252056e+00,  1.1276129379512e+00, -5.6094269622315e-01,  2.5591901120722e-01,  7.1542855856783e-04,  2.3546263335440e-03, -2.0705130973090e-01, -4.8877820538569e-02, -1.8927561109307e+00, -1.9177106632565e-03, -2.0363303752024e+00,  1.3960304600000e+00,  9.0716400000000e-01,               500000
  2.4297918093074e+00,  1.1275480516324e+00,  1.1283399722617e+00, -5.5328750827927e-01,  2.3935455841977e-01,  6.9188808115153e-04, -8.8838777479297e-03, -2.1363760685275e-01,  4.2868897061862e-04, -1.4253807114926e+00,  2.1584554562787e-02, -1.8320383291211e+00,  1.4075273810000e+00,  9.0541000000000e-01,               500000
  2.4279842125521e+00,  1.1280569387671e+00,  1.1288226199557e+00, -5.5623116960419e-01,  2.2281889413433e-01,  6.6756107456072e-04,  1.1922845167205e-02, -1.9007979363545e-01,  3.1557294258773e-02, -1.3587388704408e+00,  1.1441867502761e-01, -1.4925741592078e+00,  1.4501297280000e+00,  9.0804000000000e-01,               500000
  2.4248664751383e+00,  1.1282090152326e+00,  1.1283096066121e+00, -5.5783513957241e-01,  2.4732778361216e-01,  7.0331754366311e-04,  9.9095024652881e-03, -2.1913906911731e-01,  6.7764770486445e-02, -1.4625284777734e+00,  4.4459821265335e-02, -2.0601491399449e+00,  1.4124403530000e+00,  9.0443600000000e-01,               500000
  2.4208246641075e+00,  1.1276806401470e+00,  1.1274852334031e+00, -5.5401214384948e-01,  2.6999024554216e-01,  7.3483364857926e-04, -4.5933254619220e-03, -2.5665068860003e-01, -7.4335949502637e-03, -1.7607233938849e+00, -2.2505043491017e-02, -2.1792638931751e+00,  1.4000051220000e+00,  9.0460400000000e-01,               500000
  2.4177804565458e+00,  1.1272872900714e+00,  1.1269396814539e+00, -5.5123743920632e-01,  2.6984429142434e-01,  7.3463499974387e-04, -1.5784219837967e-03, -1.9319964646343e-01,  4.1564307415602e-03, -1.7379799140966e+00, -8.8767805327772e-02, -2.3750689400823e+00,  1.3656998110000e+00,  9.0995200000000e-01,               500000
  2.4152499562172e+00,  1.1269002921748e+00,  1.1271998769305e+00, -5.4777398818513e-01,  2.7973515875407e-01,  7.4797748462648e-04, -6.0213399784022e-03, -3.0013004766530e-01, -6.2807777970775e-02, -1.8801158106660e+00, -8.0917536493293e-02, -2.5512256869787e+00,  1.4329691830000e+00,  9.0404400000000e-01,               500000
  2.4137511090282e+00,  1.1271859563705e+00,  1.1281212101287e+00, -5.5344369300787e-01,  2.8978677601333e-01,  7.6129728229297e-04,  5.8517177756508e-03, -2.7988996613218e-01, -4.7308194815999e-02, -2.9444965517213e+00,  5.1770020022891e-02, -2.0107824584093e+00,  1.4637914860000e+00,  9.0492200000000e-01,               500000
  2.4116792799896e+00,  1.1279288672193e+00,  1.1285263913253e+00, -5.5617917243809e-01,  2.3700636790727e-01,  6.8848582833239e-04, -5.3422830768202e-03, -2.1554146800932e-01,  2.3827555069534e-02, -1.3955809185523e+00,  5.7430342920371e-02, -1.8098874417896e+00,  1.4625904430000e+00,  9.0146800000000e-01,               500000
  2.4110911220662e+00,  1.1281482226350e+00,  1.1284722709635e+00, -5.6191286073402e-01,  2.5546690085544e-01,  7.1479633582642e-04,  7.3795860991553e-03, -2.1763403856066e-01,  5.1900688352206e-02, -1.5603723079056e+00,  2.5601153570608e-02, -2.2324483469590e+00,  1.4314320720000e+00,  9.0310000000000e-01,               500000
  2.4101015265013e+00,  1.1280909324364e+00,  1.1283209584540e+00, -5.5765788319390e-01,  2.8203987421856e-01,  7.5105242722271e-04,  3.9615778427129e-03, -2.5164398829853e-01,  1.6256674085693e-02, -2.3248753654506e+00,  3.7413949514328e-02, -2.2235906117142e+00,  1.4353561120000e+00,  9.0251400000000e-01,               500000
  2.4089673773363e+00,  1.1279640173712e+00,  1.1280324837376e+00, -5.5788153953907e-01,  2.6681423170801e-01,  7.3049877714889e-04,  3.7972220308376e-03, -2.3425289486306e-01, -7.2175412085941e-03, -1.9141942957209e+00,  4.4259137016901e-02, -2.1009277680910e+00,  1.4504059310000e+00,  9.0273800000000e-01,               500000
  2.4077127146883e+00,  1.1278905187597e+00,  1.1275913777160e+00, -5.5609207169073e-01,  3.2069883785071e-01,  8.0087307090538e-04, -2.9186792397134e-03, -3.6419852133149e-01, -7.0106695937011e-03, -2.4597641349378e+00, -7.1375017451503e-02, -3.1575453644456e+00,  1.3934578380000e+00,  9.0323000000000e-01,               500000
  2.4067792919452e+00,  1.1278654988898e+00,  1.1275003961564e+00, -5.5161972684146e-01,  2.5562336606945e-01,  7.1501519713842e-04, -1.1521760451511e-02, -2.2140939291032e-01,  1.9527795807369e-02, -1.4378809601449e+00, -7.4998631997219e-02, -2.1224558641297e+00,  1.3902236180000e+00,  9.0604200000000e-01,               500000
  2.4066768937501e+00,  1.1277488832040e+00,  1.1277379673810e+00, -5.5402256278931e-01,  2.5719410028834e-01,  7.1720861719355e-04, -6.6478446576452e-03, -2.2563873355695e-01, -2.2422719296464e-02, -1.6539547867789e+00,  8.9154073618471e-03, -2.0083674668183e+00,  1.4435642660000e+00,  9.0162600000000e-01,               500000
  2.4070134570367e+00,  1.1277602300623e+00,  1.1279186999654e+00, -5.5522497873931e-01,  2.9096451214382e-01,  7.6284272578798e-04, -1.7343871033495e-03, -2.4307597728235e-01,  3.8155076410440e-03, -2.0907534519820e+00, -1.7193597154197e-02, -2.7188742669194e+00,  1.4243176660000e+00,  9.0612000000000e-01,               500000
  2.4074344076325e+00,  1.1277565721206e+00,  1.1281595593444e+00, -5.5929462626385e-01,  2.6873387606121e-01,  7.3312192173091e-04,  2.6801382755146e-03, -2.3052101872748e-01,  2.5108692103798e-02, -1.8235164848787e+00,  4.3996056481290e-02, -2.3604850138839e+00,  1.5843836720000e+00,  9.0521400000000e-01,               500000
  2.4076506353458e+00,  1.1276319499782e+00,  1.1281962047244e+00, -5.5894668714496e-01,  2.4201608952567e-01,  6.9572421191974e-04,  2.7724692205003e-03, -2.1730210732455e-01, -1.5063832330165e-02, -1.5518675181300e+00,  9.4787156381939e-02, -1.7341379442426e+00,  1.4989384520000e+00,  9.0439600000000e-01,               500000
  2.4076760511901e+00,  1.1275991862007e+00,  1.1278335117519e+00, -5.5832580217486e-01,  2.9254984816159e-01,  7.6491809778771e-04, -4.3286328022068e-03, -2.6629427826175e-01, -1.7614111965651e-02, -2.1258339673545e+00,  1.0523140918579e-02, -2.6498393196033e+00,  1.4426873500000e+00,  9.0106200000000e-01,               500000
  2.4079827668417e+00,  1.1276634782708e+00,  1.1274680307635e+00, -5.5080272062467e-01,  2.7503566428567e-01,  7.4166793686348e-04, -1.2295107884307e-02, -2.5111990024053e-01, -2.5324765681428e-02, -1.7621896046107e+00, -1.6064616972535e-02, -2.3069273294132e+00,  1.4433378880000e+00,  9.0357600000000e-01,               500000
  2.4090483912516e+00,  1.1278531091608e+00,  1.1272114874315e+00, -5.6316924809793e-01,  2.6565970771264e-01,  7.2891660388914e-04,  1.5967162933910e-03, -2.3760770133743e-01,  3.9720114717926e-02, -1.5798912890070e+00,  1.7126449013209e-02, -2.3766190918314e+00,  1.3339932810000e+00,  9.0142200000000e-01,               500000
  2.4099141933870e+00,  1.1278280785928e+00,  1.1269130921520e+00, -5.5932037327973e-01,  2.6828493013779e-01,  7.3250929023159e-04, -5.7229896063182e-03, -2.5520149956214e-01,  8.4554470229451e-03, -1.7687084494695e+00, -3.5596535877580e-02, -2.0852674601430e+00,  1.4370249350000e+00,  9.0395400000000e-01,               500000
  2.4110663265114e+00,  1.1277674163754e+00,  1.1267991941149e+00, -5.4941964005274e-01,  2.7838503741892e-01,  7.4617027201427e-04, -9.1247514543890e-03, -2.3936695223917e-01, -3.7516930323854e-02, -1.7127395265456e+00, -1.1264685776408e-01, -2.3933497836283e+00,  1.3589026200000e+00,  9.0680400000000e-01,               500000
  2.4126919677867e+00,  1.1279061118012e+00,  1.1271780146584e+00, -5.5842199698925e-01,  2.7354848476157e-01,  7.3966003645131e-04, -2.6373999349147e-03, -2.3917446022956e-01,  2.7395297319944e-03, -2.0216167207665e+00, -7.6393453701446e-02, -2.1032353951741e+00,  1.3322928290000e+00,  9.0391800000000e-01,               500000
  2.4143318513030e+00,  1.1280223249463e+00,  1.1278468181617e+00, -5.5836167523194e-01,  2.4728157333776e-01,  7.0325183730689e-04,  3.9398053841161e-04, -2.0199778387229e-01,  3.0483889529952e-02, -1.5094697083087e+00,  2.9964289346360e-02, -1.8457872578042e+00,  1.4627105630000e+00,  9.0815400000000e-01,               500000
  2.4157902916717e+00,  1.1279769744637e+00,  1.1283262556858e+00, -5.5539535822760e-01,  2.5071999782534e-01,  7.0812427980594e-04, -5.9122615136783e-03, -2.3862180219775e-01, -1.0636965123926e-02, -1.6966340451233e+00,  4.3588665409758e-02, -1.8658018316154e+00,  1.4148845210000e+00,  9.1074400000000e-01,               500000
  2.4174884323049e+00,  1.1279941322724e+00,  1.1285773261957e+00, -5.5717583292546e-01,  2.5965728671197e-01,  7.2063484055653e-04, -2.1756875141151e-03, -2.4008184012295e-01,  4.6748865386060e-02, -1.8758394959494e+00,  2.1194957428377e-02, -2.3771719488553e+00,  1.4666803240000e+00,  9.0435400000000e-01,               500000
  2.4191645642282e+00,  1.1277780486556e+00,  1.1287186285296e+00, -5.5948561493104e-01,  2.5385050482471e-01,  7.1253140958797e-04, -1.3787870082747e-03, -2.2072461050614e-01,  3.7091994920592e-02, -1.7623131959833e+00,  6.1895031651571e-02, -1.9093994365331e+00,  1.4950307490000e+00,  9.0200000000000e-01,               500000
  2.4207694822142e+00,  1.1274002699969e+00,  1.1285872654359e+00, -5.5106220960234e-01,  3.2335051043811e-01,  8.0417723225432e-04, -1.1795634669396e-02, -2.8187070100040e-01, -1.3016267161475e-01, -3.7477680797268e+00,  2.7687001147070e-03, -2.3641262244484e+00,  1.3857755690000e+00,  8.9896600000000e-01,               500000
  2.4229758831248e+00,  1.1277280749769e+00,  1.1284622012046e+00, -5.5242739499984e-01,  2.9212299244986e-01,  7.6435985301409e-04,  2.4068210414274e-03, -2.4522355135573e-01, -4.9233226827107e-03, -2.0453099275035e+00, -4.8029777710469e-03, -2.6512162516174e+00,  1.4185200600000e+00,  9.0469000000000e-01,               500000
  2.4248171646217e+00,  1.1280534405233e+00,  1.1283756021442e+00, -5.5918377646646e-01,  2.9488746244950e-01,  7.6796804939985e-04, -3.4939549817238e-03, -2.2682295904714e-01,  8.4651158515214e-03, -2.2529696978161e+00,  2.5146292890558e-02, -2.5748894095562e+00,  1.4214817880000e+00,  9.0388800000000e-01,               500000
  2.4267063089488e+00,  1.1283093358209e+00,  1.1281960956258e+00, -5.5458143397358e-01,  2.6721967680125e-01,  7.3105359147091e-04, -6.7192434811827e-03, -2.9020769991665e-01,  5.4010995078031e-02, -1.7322372736041e+00, -9.7355245397398e-03, -2.4206891476520e+00,  1.4245861090000e+00,  9.0769600000000e-01,               500000
  2.4288466230657e+00,  1.1282703930394e+00,  1.1280810125513e+00, -5.5677160465816e-01,  2.7795709730727e-01,  7.4559653608003e-04,  4.5196473610043e-03, -2.7549600113773e-01,  2.3845355340916e-02, -2.0970897058333e+00,  7.3727012406594e-02, -2.2350137363388e+00,  1.4915878810000e+00,  9.1019400000000e-01,               500000
  2.4304935216805e+00,  1.1281196612620e+00,  1.1276680165437e+00, -5.5418504313211e-01,  2.8328284163538e-01,  7.5270557542160e-04, -5.8869181778407e-04, -3.2367366677871e-01, -3.0087460039503e-02, -2.7938937895710e+00, -1.0153317181933e-02, -2.3599035270620e+00,  1.5003338750000e+00,  9.0180400000000e-01,               500000
  2.4320250633280e+00,  1.1281437513347e+00,  1.1273443394732e+00, -5.5526505054880e-01,  2.8010460993293e-01,  7.4847125520347e-04,  1.7195117584798e-02, -2.1279548562546e-01, -1.1040244801651e-02, -2.2538386348282e+00,  4.7780065111141e-04, -2.3675183413291e+00,  1.4880185440000e+00,  9.0606400000000e-01,               500000
  2.4323075329070e+00,  1.1282272764759e+00,  1.1270558014297e+00, -5.5343908153623e-01,  2.7185403927380e-01,  7.3736563423284e-04,  3.6330366587236e-03, -2.4523185987816e-01,  3.3773942609133e-02, -1.5938476546117e+00, -5.0492589108900e-02, -2.4491811703244e+00,  1.4377097530000e+00,  9.0679800000000e-01,               500000
  2.4323371341925e+00,  1.1281348085118e+00,  1.1270167969107e+00, -5.6131935223016e-01,  2.6766820522835e-01,  7.3166687123082e-04,  1.1401331635737e-02, -2.5165914613194e-01,  8.9848806232192e-02, -1.7444736467838e+00,  1.8751450428684e-02, -2.3485720386494e+00,  1.4166913110000e+00,  9.0563800000000e-01,               500000
  2.4316418931890e+00,  1.1275989030199e+00,  1.1269065363846e+00, -5.5733161358515e-01,  2.8585032278789e-01,  7.5610888473538e-04,  1.6247606610729e-02, -2.3841654652585e-01,  2.5720613066110e-02, -1.9296160810601e+00,  7.5676053389969e-03, -2.5719034551671e+00,  1.4074546670000e+00,  9.0388200000000e-01,               500000
  2.4299859758853e+00,  1.1269901649085e+00,  1.1267803489462e+00, -5.5406886853423e-01,  2.7399887467950e-01,  7.4026870078303e-04,  1.0419772594355e-02, -2.3238769790663e-01, -6.2644371199318e-02, -1.9943152380505e+00, -2.6494769315193e-02, -2.0739233901118e+00,  1.5518949210000e+00,  9.0412600000000e-01,               500000
  2.4278371365141e+00,  1.1267661865795e+00,  1.1267845561110e+00, -5.5397271428430e-01,  2.7257790168934e-01,  7.3834666883428e-04, -4.6667146830901e-03, -2.5828619673929e-01, -5.9577456785805e-02, -2.0384841851989e+00, -6.1083490678425e-02, -2.0687010858169e+00,  1.4570282950000e+00,  9.0104000000000e-01,               500000
  2.4262087328355e+00,  1.1268733783200e+00,  1.1270544583676e+00, -5.6050086343706e-01,  2.7799493090072e-01,  7.4564727706968e-04, -4.3500245673051e-03, -2.6790298743311e-01, -2.3141562336184e-02, -2.1243150667717e+00, -3.9066331926180e-02, -2.2648396119928e+00,  1.4304744750000e+00,  9.0485200000000e-01,               500000
  2.4250292167920e+00,  1.1270934063284e+00,  1.1274698987707e+00, -5.5737854538201e-01,  2.8212108015086e-01,  7.5116054229554e-04,  1.7757425343560e-04, -2.4999876524462e-01, -3.8118368471600e-02, -1.9766632071849e+00, -4.3896346229422e-02, -2.2818928980707e+00,  1.3750659530000e+00,  9.0320000000000e-01,               500000
  2.4239634086981e+00,  1.1274912347419e+00,  1.1280373054346e+00, -5.5256252863593e-01,  3.2283182715880e-01,  8.0353198711539e-04,  5.9181183301351e-03, -1.9235122469016e-01, -2.8737854306837e-02, -2.8511597855888e+00,  5.2429565962407e-03, -2.9069071093414e+00,  1.6482480850000e+00,  9.0591200000000e-01,               500000
  2.4226305268513e+00,  1.1280036741027e+00,  1.1285321200142e+00, -5.5781563048531e-01,  2.7239763069824e-01,  7.3810247350655e-04,  1.6919938893913e-03, -2.9015573226901e-01,  2.2231488341240e-02, -1.9995531220393e+00,  7.2740409623806e-02, -2.2697496105427e+00,  1.4700872820000e+00,  9.0777600000000e-01,               500000
  2.4213307436545e+00,  1.1283566704284e+00,  1.1286700644339e+00, -5.5741912055045e-01,  2.6634263769795e-01,  7.2985291353526e-04,  2.4777291291202e-03, -2.5729712486116e-01,  4.8839190736710e-02, -1.8379375233801e+00,  7.1529633949937e-02, -2.2758200904322e+00,  1.4571308010000e+00,  9.0050200000000e-01,               500000
  2.4200092343149e+00,  1.1284293793303e+00,  1.1284916506426e+00, -5.4409988560564e-01,  2.7959098500062e-01,  7.4778470832268e-04, -3.6966304231906e-03, -2.6297597766701e-01, -2.5172300047065e-02, -1.8086514712913e+00, -2.8943526131578e-02, -2.3468024746937e+00,  1.4690416920000e+00,  9.0439000000000e-01,               500000
  2.4190649625269e+00,  1.1286284083510e+00,  1.1284605384039e+00, -5.5951748745777e-01,  2.8481765676591e-01,  7.5474188536998e-04, -4.6461920105829e-03, -2.6819744080351e-01, -6.3104768245132e-03, -2.5995348935230e+00,  6.1396566239735e-02, -2.5329718310474e+00,  1.3845804510000e+00,  9.0294600000000e-01,               500000
  2.4185218597047e+00,  1.1288466855385e+00,  1.1281736153179e+00, -5.4602311105804e-01,  3.0420996916256e-01,  7.8001278087293e-04, -4.5526083069949e-03, -3.1738321426225e-01,  1.4962884306909e-02, -2.1833773216805e+00, -9.4660920503947e-02, -3.4561471015039e+00,  1.3767617480000e+00,  9.0377000000000e-01,               500000
  2.4183357873843e+00,  1.1289721434628e+00,  1.1283304800846e+00, -5.5443501878022e-01,  2.3796014344234e-01,  6.8986976081336e-04, -5.4846702531252e-04, -2.0133786654510e-01,  4.2706018344132e-02, -1.5192303438675e+00,  4.6117984007311e-02, -1.8242860435278e+00,  1.3330579750000e+00,  9.0621200000000e-01,               500000
  2.4182099714825e+00,  1.1288698217461e+00,  1.1282768858163e+00, -5.5868552935066e-01,  2.5094612727724e-01,  7.0844354366067e-04,  3.4417388579418e-03, -2.0577631558427e-01,  5.3348898962125e-02, -1.7807767042324e+00,  8.4722076171830e-02, -1.8235385224367e+00,  1.3462413430000e+00,  9.0742400000000e-01,               500000
  2.4178815715915e+00,  1.1285082153169e+00,  1.1278671305685e+00, -5.4725008852662e-01,  2.9644972820700e-01,  7.6999964702200e-04, -6.4809373569447e-03, -2.9329828142347e-01, -2.9448521790927e-02, -2.0693872464484e+00, -6.9483079961299e-02, -3.0346139127328e+00,  1.4378442830000e+00,  9.0142000000000e-01,               500000
  2.4180130080966e+00,  1.1283392180416e+00,  1.1278045536617e+00, -5.6090851021204e-01,  2.6425752220177e-01,  7.2699040186480e-04,  7.1540546336724e-03, -2.4406787276393e-01,  6.7185506068967e-02, -1.9716246817810e+00,  2.8030110855915e-02, -2.0113537330744e+00,  1.3897350720000e+00,  9.0128600000000e-01,               500000
  2.4176779807950e+00,  1.1278465377401e+00,  1.1276314620860e+00, -5.6133749760880e-01,  2.5028952282732e-01,  7.0751610981987e-04,  5.7024872272070e-03, -2.0808820085279e-01,  7.6281376933300e-02, -1.5175919634001e+00,  4.7544522971450e-02, -2.1336236607806e+00,  1.4255101420000e+00,  9.0653000000000e-01,               500000
  2.4170151537123e+00,  1.1270142605401e+00,  1.1272746645833e+00, -5.5744851292214e-01,  2.7020894471619e-01,  7.3513120559012e-04, -6.8151153032543e-03, -2.4348765682665e-01, -3.3350101378327e-02, -1.7351998328756e+00, -3.6853156320863e-02, -2.2364288490433e+00,  1.3822115450000e+00,  9.0173000000000e-01,               500000
  2.4168660248549e+00,  1.1264408648804e+00,  1.1271175590447e+00, -5.5863075093836e-01,  3.0106948867462e-01,  7.7597614483258e-04,  1.8947851136272e-03, -2.8938657038424e-01, -1.0646647500455e-01, -2.6732780864220e+00, -2.7801591012141e-03, -2.2011892337534e+00,  1.4215444150000e+00,  9.0420800000000e-01,               500000
  2.4166186753514e+00,  1.1264799925775e+00,  1.1269928495919e+00, -5.5736455898766e-01,  2.7363533993740e-01,  7.3977745293757e-04, -1.2408594206026e-03, -2.4063545520672e-01, -8.3583454107222e-02, -1.8640132572068e+00, -4.5846805644291e-02, -2.1420705273227e+00,  1.4163628160000e+00,  9.0339800000000e-01,               500000
  2.4164838626282e+00,  1.1269507280860e+00,  1.1270838011472e+00, -5.5469095029190e-01,  2.7916508793646e-01,  7.4721494623229e-04, -5.2813532987228e-03, -2.5274723400742e-01, -6.3529927208719e-02, -1.9455570370395e+00, -5.2204184362601e-02, -2.3591416091728e+00,  1.4329147600000e+00,  9.0660800000000e-01,               500000
  2.4167121899007e+00,  1.1277072135461e+00,  1.1273971641214e+00, -5.5139858790323e-01,  2.8517790953056e-01,  7.5521905369312e-04, -5.0769586159797e-03, -2.5070912371925e-01, -4.0959466831450e-02, -2.0196349207084e+00, -5.7424103910414e-02, -2.2157836351111e+00,  1.4059055410000e+00,  9.0605200000000e-01,               500000
  2.4172544410122e+00,  1.1286050884212e+00,  1.1279333255183e+00, -5.5403079466554e-01,  2.6762172431370e-01,  7.3160334104445e-04,  9.3924349152468e-04, -2.3292975846949e-01,  1.4283632533841e-02, -1.7325360226905e+00, -1.3715508828776e-02, -2.2830985447834e+00,  1.4147144270000e+00,  9.0322000000000e-01,               500000
  2.4176895779180e+00,  1.1293445418494e+00,  1.1284807701073e+00, -5.5743345268868e-01,  2.5636706439468e-01,  7.1605455713190e-04,  8.2841710740517e-03, -2.3232524746085e-01,  1.3204027430728e-01, -1.4219428306468e+00,  3.7866475631736e-02, -2.2857922963550e+00,  1.4322736580000e+00,  9.0533800000000e-01,               500000
  2.4175521960434e+00,  1.1293318863904e+00,  1.1288142695649e+00, -5.5883960029755e-01,  2.3203479178793e-01,  6.8122652882566e-04,  7.3401526757971e-03, -2.0664473473258e-01,  7.5797228304278e-02, -1.4350644843301e+00,  8.0563886824230e-02, -1.8214644030228e+00,  1.4588644460000e+00,  9.0576000000000e-01,               500000
  2.4169595642044e+00,  1.1289326518498e+00,  1.1287682733461e+00, -5.5936440291606e-01,  2.7699957674749e-01,  7.4431119398742e-04,  9.9835965073014e-03, -2.3366002306170e-01,  6.6658196421204e-02, -1.6434474736367e+00,  5.8860101189402e-02, -2.6108743997341e+00,  1.4060826130000e+00,  9.0542400000000e-01,               500000
  2.4157868768481e+00,  1.1282328486730e+00,  1.1284764416686e+00, -5.5324302855899e-01,  2.5188265211454e-01,  7.0976425961659e-04, -3.1728104344785e-04, -2.1273618085254e-01,  3.0920169719289e-02, -1.4903816656985e+00, -9.9207059476332e-03, -2.1975685682168e+00,  1.4865338240000e+00,  9.0121200000000e-01,               500000
  2.4147580743390e+00,  1.1274464619266e+00,  1.1282615626182e+00, -5.5512336654060e-01,  2.9578841114939e-01,  7.6914031379117e-04, -5.0404423255452e-03, -2.8629748907768e-01, -5.6224709707613e-02, -2.7465891026861e+00,  4.2414648211594e-02, -2.4441739416628e+00,  1.3986055520000e+00,  9.0496200000000e-01,               500000
  2.4141679663023e+00,  1.1270363878580e+00,  1.1278885290860e+00, -5.5560873835331e-01,  2.9215827537168e-01,  7.6440601171325e-04, -7.2629393007608e-03, -2.9176957765777e-01, -5.0123317276896e-02, -2.0761796433735e+00, -2.9708011274005e-02, -2.7794203807673e+00,  1.4332341090000e+00,  9.0314000000000e-01,               500000
  2.4141175911669e+00,  1.1269320555879e+00,  1.1276881532026e+00, -5.5866676884014e-01,  2.5540000095934e-01,  7.1470273675052e-04, -4.0674428352107e-03, -2.2403611102328e-01, -4.3970942281907e-02, -1.7685937158759e+00, -8.9247930114380e-04, -1.8911114370260e+00,  1.4307928290000e+00,  9.0485200000000e-01,               500000
  2.4143436865261e+00,  1.1270705724147e+00,  1.1275156904270e+00, -5.4985104311331e-01,  2.9107255980882e-01,  7.6298435083404e-04, -4.8023188796441e-03, -2.9929119542426e-01, -8.3178326901776e-02, -2.0544156304823e+00, -7.6604555578195e-02, -2.4577478129754e+00,  1.3583760170000e+00,  9.0262800000000e-01,               500000
  2.4148691239683e+00,  1.1276319023434e+00,  1.1277002798365e+00, -5.6097215989744e-01,  2.5623520821636e-01,  7.1587039080599e-04,  5.6204873095351e-03, -2.3312662180250e-01,  5.1571060473319e-02, -1.5584892386069e+00,  4.2890177290485e-02, -1.9829551522288e+00,  1.4278323180000e+00,  8.9852400000000e-01,               500000
  2.4149843782355e+00,  1.1278739007067e+00,  1.1276834282958e+00, -5.5207848756472e-01,  2.9379080176063e-01,  7.6653871625721e-04, -8.4342151209674e-03, -2.8156729207053e-01, -7.3355911376265e-02, -2.3089197521611e+00, -6.1686250251350e-02, -2.3243449249039e+00,  1.4160974660000e+00,  9.0733400000000e-01,               500000
  2.4156458130533e+00,  1.1284786021832e+00,  1.1279430911831e+00, -5.5073608521839e-01,  2.8948385994513e-01,  7.6089928367048e-04,  1.1757110845990e-03, -2.7440565163349e-01,  2.3204586451294e-02, -2.1567608295249e+00, -4.8950284795546e-02, -2.7353194337933e+00,  1.3939962680000e+00,  9.0379600000000e-01,               500000
  2.4161739860613e+00,  1.1289083094512e+00,  1.1283971527021e+00, -5.5039870745567e-01,  2.7794211313774e-01,  7.4557643892191e-04,  5.5756011309639e-03, -2.2248439142531e-01,  3.1548531691265e-02, -1.9655558704424e+00,  3.0242365310600e-02, -2.2289157282033e+00,  1.5006016920000e+00,  9.0069000000000e-01,               500000
  2.4162937392646e+00,  1.1291364232536e+00,  1.1286785581621e+00, -5.5743732687966e-01,  2.9603355042937e-01,  7.6945896632552e-04,  8.0634284609364e-04, -3.2293359694650e-01,  2.8107657300032e-02, -2.5127686890322e+00,  1.2202654468349e-02, -3.1598258338978e+00,  1.3887685590000e+00,  9.0140000000000e-01,               500000
  2.4163595730309e+00,  1.1292021725792e+00,  1.1288854666735e+00, -5.6275130049865e-01,  2.2916326391417e-01,  6.7699817416914e-04,  5.8889797591774e-03, -2.1828280046536e-01,  1.0147217638747e-01, -1.6032365151798e+00,  1.3283740813797e-01, -1.5806003091595e+00,  1.4157572490000e+00,  9.0830600000000e-01,               500000
  2.4160419485357e+00,  1.1287374320100e+00,  1.1284928667269e+00, -5.5936502233557e-01,  2.5379697155984e-01,  7.1245627453176e-04,  5.4145928134382e-03, -2.2411181494389e-01,  6.6816485560281e-02, -1.5126135679335e+00,  5.0632107187113e-02, -2.1417333274913e+00,  1.3722507140000e+00,  9.0684200000000e-01,               500000
  2.4154099518775e+00,  1.1279749328108e+00,  1.1279218656084e+00, -5.5832802738653e-01,  2.7189093227245e-01,  7.3741566605605e-04,  2.5752093434274e-03, -2.8438259555096e-01,  2.2154036472343e-02, -1.7890843246460e+00, -1.2224151604203e-02, -2.5772575558233e+00,  1.4998821090000e+00,  9.0598000000000e-01,               500000
  2.4146818580359e+00,  1.1271773547040e+00,  1.1274668770336e+00, -5.5138888993989e-01,  2.8126985989177e-01,  7.5002647938826e-04,  4.4693740693359e-03, -1.7968056780284e-01, -5.1918136183549e-02, -2.1401889674408e+00, -5.9288039354555e-03, -2.1505542871043e+00,  1.3755806620000e+00,  9.0296800000000e-01,               500000
  2.4137400056656e+00,  1.1267353904266e+00,  1.1270878316029e+00, -5.5946524887549e-01,  2.7239878985702e-01,  7.3810404396267e-04, -6.4538795884357e-03, -2.6889813141609e-01, -3.0564011459707e-02, -1.9049615841843e+00, -1.5299509733557e-02, -2.1430131124569e+00,  1.4466615160000e+00,  9.0427400000000e-01,               500000
  2.4133226294158e+00,  1.1265017990754e+00,  1.1268184064025e+00, -5.5448409839543e-01,  2.6850454370555e-01,  7.3280903884376e-04, -1.8675070504075e-02, -2.4628951118448e-01, -7.8729515545681e-02, -1.8884208008713e+00, -4.8731786020774e-02, -1.9522021262964e+00,  1.4241915610000e+00,  9.0327200000000e-01,               500000
  2.4141737857368e+00,  1.1267074528748e+00,  1.1267944844456e+00, -5.5211597247230e-01,  2.9809271119516e-01,  7.7213044389553e-04, -1.3626809467041e-02, -2.8333920121789e-01, -9.7336027392891e-02, -2.2021152258062e+00, -1.1988208972715e-01, -2.5430478957084e+00,  1.4897386150000e+00,  9.0331200000000e-01,               500000
  2.4158363182864e+00,  1.1274066684847e+00,  1.1273061857944e+00, -5.5721628708746e-01,  2.9553138170471e-01,  7.6880606358784e-04,  9.9808861384704e-04, -2.7144387140716e-01, -1.2264723217849e-02, -2.1845212764197e+00, -4.0340560675500e-02, -2.5569807853504e+00,  1.4536144360000e+00,  9.0455600000000e-01,               500000
  2.4172775568091e+00,  1.1281062742587e+00,  1.1279503696954e+00, -5.5462304279629e-01,  3.0040945309849e-01,  7.7512509067697e-04, -1.6825465074515e-02, -3.1215290632246e-01, -2.3646867195337e-03, -2.4488693959789e+00, -7.7698150058243e-02, -2.9961064034970e+00,  1.4717614480000e+00,  9.0868800000000e-01,               500000
  2.4196779387928e+00,  1.1287551997354e+00,  1.1288794741548e+00, -5.5387993274742e-01,  2.8298069224457e-01,  7.5230405056010e-04,  2.7364293334061e-03, -2.3248348144062e-01,  4.8523733921588e-02, -2.0180496532898e+00,  3.8942086419257e-02, -2.4733580324358e+00,  1.4004211270000e+00,  9.0691800000000e-01,               500000
  2.4216691906677e+00,  1.1290909213861e+00,  1.1295500013124e+00, -5.5602243229706e-01,  2.4731500974054e-01,  7.0329938111808e-04,  5.5871615148394e-06, -2.1725981649584e-01,  8.0965010566670e-02, -1.6316530110429e+00,  8.3772887978310e-02, -1.7717293252884e+00,  1.4668262500000e+00,  9.0427000000000e-01,               500000
  2.4234694765586e+00,  1.1289734932850e+00,  1.1297880452941e+00, -5.5076817687505e-01,  2.6480433984457e-01,  7.2774217940775e-04, -2.4454348476990e-03, -2.2119791959616e-01,  5.0701440012731e-02, -1.8484979180588e+00,  8.9775877878543e-02, -2.0478186656388e+00,  1.4880400680000e+00,  9.0069600000000e-01,               500000
  2.4252577222464e+00,  1.1286069005293e+00,  1.1296105689738e+00, -5.5498490904673e-01,  2.6300016468898e-01,  7.2525880165494e-04,  1.0457134074132e-02, -2.2320996435217e-01,  3.7537932265280e-02, -1.7684588623443e+00,  1.0542297255250e-01, -2.0369380224448e+00,  1.4440941200000e+00,  9.0628000000000e-01,               500000
  2.4261919812958e+00,  1.1280845185101e+00,  1.1289896901798e+00, -5.5685901894377e-01,  2.6408318841070e-01,  7.2675056024843e-04, -1.0544135448131e-02, -2.5324071566478e-01, -1.7683323717745e-02, -2.0543614168956e+00,  4.9834204074719e-02, -1.9827203392411e+00,  1.3768243600000e+00,  9.0532000000000e-01,               500000
  2.4277286830506e+00,  1.1277121996371e+00,  1.1282146424506e+00, -5.5867612980230e-01,  2.5988902000007e-01,  7.2095633709687e-04,  7.1162712522010e-03, -2.4538936819981e-01,  2.0847906637542e-02, -1.6255725567334e+00,  6.0464240242693e-02, -2.1707361472852e+00,  1.4123884610000e+00,  9.0674000000000e-01,               500000
  2.4286558856018e+00,  1.1272716249907e+00,  1.1272540394093e+00, -5.5868429036897e-01,  2.7142583093028e-01,  7.3678467808482e-04,  7.5853554346972e-03, -2.2293716805753e-01, -1.2827696413953e-02, -1.7873766066572e+00, -2.4431053100210e-02, -2.1844408346872e+00,  1.4291393990000e+00,  9.0606800000000e-01,               500000
  2.4290027881449e+00,  1.1269469173082e+00,  1.1265017888786e+00, -5.5790437587225e-01,  2.5826595783600e-01,  7.1870154839962e-04, -7.5766999186769e-03, -2.2928759441106e-01,  3.5313904658817e-03, -1.7303025024975e+00, -5.7297805642641e-02, -1.9939678033059e+00,  1.5195863100000e+00,  9.0139600000000e-01,               500000
  2.4298172668870e+00,  1.1266404207346e+00,  1.1260824899271e+00, -5.5602585415142e-01,  3.2596886078969e-01,  8.0742660445354e-04, -3.1287670026283e-03, -3.3857327949494e-01, -7.4380118146003e-02, -2.3402735691573e+00, -1.1438530180248e-01, -3.0477328675437e+00,  1.4066169560000e+00,  9.0668800000000e-01,               500000
  2.4307663010187e+00,  1.1267620612753e+00,  1.1262184956335e+00, -5.5530173703819e-01,  2.8273289247041e-01,  7.5197459062180e-04, -6.9323314329471e-03, -2.9706594650167e-01, -4.1802210644607e-02, -1.9604387440054e+00, -8.7493285414851e-02, -2.3942695627719e+00,  1.4283070400000e+00,  9.0369800000000e-01,               500000
  2.4320835526926e+00,  1.1270969335091e+00,  1.1267340450617e+00, -5.5774222002616e-01,  2.8948626133444e-01,  7.6090243965234e-04,  9.2080955412427e-03, -2.5946312085400e-01, -4.1980870549107e-03, -1.8899328194144e+00, -2.6531782195989e-02, -2.7472591453015e+00,  1.3884866760000e+00,  9.0622200000000e-01,               500000
  2.4326757551386e+00,  1.1274256672946e+00,  1.1273221707368e+00, -5.5137502551998e-01,  2.7094106187917e-01,  7.3612643191122e-04, -1.9781660305904e-03, -2.2723525052613e-01, -5.9782635528500e-03, -1.8882243459350e+00,  1.8227337140601e-02, -2.3034791528147e+00,  1.4036979160000e+00,  9.0251800000000e-01,               500000
  2.4333459787269e+00,  1.1277582791490e+00,  1.1277761020578e+00, -5.4830497818540e-01,  2.4870586336743e-01,  7.0527422094874e-04,  1.2266423614832e-02, -1.6787110074955e-01,  2.2458315291549e-02, -1.5713470547899e+00,  2.2773617556384e-02, -1.7239336721479e+00,  1.3538235560000e+00,  9.0478000000000e-01,               500000
  2.4331523486268e+00,  1.1279434486263e+00,  1.1280876169978e+00, -5.5228097605604e-01,  2.5884388150746e-01,  7.1950522097822e-04, -6.7871621248628e-03, -2.2373757634487e-01, -2.2054911452836e-02, -1.7935449852943e+00,  4.1384749972237e-03, -1.8617545159723e+00,  1.3819278610000e+00,  9.0414000000000e-01,               500000
  2.4334292682446e+00,  1.1282314867499e+00,  1.1283539431323e+00, -5.5463533332029e-01,  2.9345538002766e-01,  7.6610101165272e-04,  8.4908319548625e-03, -3.2716736319026e-01, -1.8200866703797e-02, -2.2247765821098e+00,  4.3005326800038e-02, -2.4759389998817e+00,  1.4256769800000e+00,  9.0555400000000e-01,               500000
  2.4331337687930e+00,  1.1285930367259e+00,  1.1284079780398e+00, -5.5594327571906e-01,  2.6415931147700e-01,  7.2685529712179e-04, -3.5398598331078e-03, -2.6395917314633e-01,  2.9915066224295e-02, -2.0385006187074e+00,  4.2124854264781e-02, -1.9900976850450e+00,  1.4555612570000e+00,  9.0543000000000e-01,               500000
  2.4331080163179e+00,  1.1287657811500e+00,  1.1282735152048e+00, -5.5558528703774e-01,  2.4729866995426e-01,  7.0327614768917e-04, -3.1194767088683e-03, -2.0296902191022e-01,  2.5438766635979e-02, -1.8787497546416e+00,  7.7640772835036e-02, -1.6742101489732e+00,  1.4173766840000e+00,  9.0117600000000e-01,               500000
  2.4332958324871e+00,  1.1287916388619e+00,  1.1278102733591e+00, -5.4882237394342e-01,  2.9083347675474e-01,  7.6267093396136e-04, -2.3629633968747e-03, -3.2194068003223e-01,  1.9791136359886e-02, -1.9705658135708e+00, -6.8985395481921e-02, -2.9576892899129e+00,  1.3739119130000e+00,  9.0035600000000e-01,               500000
  2.4336304611653e+00,  1.1287152695642e+00,  1.1277072102027e+00, -5.5491211304032e-01,  2.6544884712167e-01,  7.2862726701884e-04, -4.9983771158070e-04, -2.3325554252595e-01,  4.6150248214468e-02, -1.7317888101479e+00,  1.9681867502590e-02, -2.5061296688992e+00,  1.4251417040000e+00,  9.0576600000000e-01,               500000
  2.4339723131384e+00,  1.1284063489105e+00,  1.1275321679959e+00, -5.6250627996903e-01,  2.4451120192542e-01,  6.9930136840339e-04,  1.5066634090330e-02, -1.9972315214114e-01,  8.3817614828407e-02, -1.5513930827892e+00,  7.5530631768899e-02, -1.8138516263962e+00,  1.3371743160000e+00,  8.9993200000000e-01,               500000
  2.4332987669690e+00,  1.1276876637905e+00,  1.1270414465077e+00, -5.6267538291116e-01,  2.5496218798165e-01,  7.1408989347511e-04,  3.6251853198482e-03, -1.8781300478129e-01,  2.6325674224040e-02, -1.6666052255763e+00,  1.2299727112955e-02, -1.8600408958506e+00,  1.4476154410000e+00,  9.0154600000000e-01,               500000
  2.4324605768992e+00,  1.1269050151843e+00,  1.1265486579783e+00, -5.6074732580637e-01,  2.4601728368089e-01,  7.0145175697391e-04,  4.3709888100993e-03, -2.3490597653819e-01,  2.1657561004232e-02, -1.4479971105813e+00, -5.5905034877867e-03, -1.8373799790258e+00,  1.4551078920000e+00,  9.0537200000000e-01,               500000
  2.4314265998875e+00,  1.1260888653569e+00,  1.1261338974337e+00, -5.5438427375749e-01,  3.3266125450056e-01,  8.1567304050159e-04,  5.1412047244711e-03, -2.5946534236790e-01, -9.2457280391446e-02, -2.3559203800251e+00, -9.7078999274074e-02, -3.1890206989774e+00,  1.4216968370000e+00,  9.0618800000000e-01,               500000
  2.4301664341590e+00,  1.1258517642507e+00,  1.1262017808012e+00, -5.6452332249760e-01,  2.9139216068076e-01,  7.6340311851703e-04,  6.3174144425721e-03, -2.4281582423723e-01, -7.3355636027622e-02, -2.1650626404117e+00,  1.0939720658722e-02, -2.1538688979228e+00,  1.3848738090000e+00,  9.0751400000000e-01,               500000
  2.4286247520626e+00,  1.1260340796258e+00,  1.1262187780078e+00, -5.5074295592067e-01,  3.0533207183689e-01,  7.8145002634447e-04,  6.9138924444251e-03, -2.6031814089649e-01, -8.6685514108875e-02, -2.1304170268582e+00, -1.0254627747411e-01, -2.5743196265417e+00,  1.3444586630000e+00,  9.0512600000000e-01,               500000
  2.4267909016475e+00,  1.1266649789834e+00,  1.1266990065009e+00, -5.5672714637142e-01,  2.6276843420541e-01,  7.2493921704569e-04, -1.0576773375500e-02, -2.2175474171635e-01, -8.2903515481447e-02, -1.7719460371768e+00, -4.9472671429880e-02, -1.9330886921488e+00,  1.4462662700000e+00,  9.0498600000000e-01,               500000
  2.4258429768836e+00,  1.1276788706025e+00,  1.1273575126661e+00, -5.5288956098204e-01,  2.7400563879754e-01,  7.4027783810883e-04, -1.3347387480709e-03, -2.9060903405266e-01,  1.1155337270609e-03, -1.9752021608767e+00, -3.8884142642855e-02, -2.1849416627636e+00,  1.3994637320000e+00,  9.0875400000000e-01,               500000
  2.4250865017488e+00,  1.1285914146105e+00,  1.1281298523133e+00, -5.5777092208504e-01,  2.5966450770974e-01,  7.2064486081528e-04,  3.9226507725818e-03, -2.0850668945772e-01,  6.5968027142022e-02, -1.6589077544077e+00,  5.6034989150533e-02, -2.0569654203690e+00,  1.4359826690000e+00,  9.1302200000000e-01,               500000
